merchant_abn,merchant_name,final_rank,current_selected,diagnostic_balanced_final_rank,diagnostic_value_focused_final_rank,diagnostic_growth_focused_final_rank,diagnostic_balanced_selected,diagnostic_value_focused_selected,diagnostic_growth_focused_selected,scenario_selection_count,consistently_selected,selection_sensitive,near_baseline_cutoff,final_scenario_best_rank,final_scenario_worst_rank,final_scenario_rank_range,knn_confidence_score,knn_out_of_distribution,low_sample_growth_estimate,ood_and_selection_sensitive
38090089066,Interdum Feugiat Sed Inc.,1,True,1,2,4,True,True,True,3,True,False,False,1,4,3,0.918032786885246,False,False,False
90568944804,Diam Eu Dolor LLC,2,True,2,21,1,True,True,True,3,True,False,False,1,21,20,0.3278688524590164,False,False,False
84703983173,Amet Consulting,3,True,3,6,3,True,True,True,3,True,False,False,3,6,3,0.4590163934426229,False,False,False
86578477987,Leo In Consulting,4,True,4,1,15,True,True,True,3,True,False,False,1,15,14,0.639344262295082,False,False,False
27326652377,Tellus Aenean Corporation,5,True,5,29,2,True,True,True,3,True,False,False,2,29,27,0.2459016393442623,False,False,False
40515428545,Elit Sed Consequat Associates,6,True,6,7,26,True,True,True,3,True,False,False,6,26,20,0.5573770491803278,False,False,False
17488304283,Posuere Cubilia Curae Corporation,7,True,7,3,6,True,True,True,3,True,False,False,3,7,4,0.3770491803278688,False,False,False
49212265466,Auctor Company,8,True,8,4,10,True,True,True,3,True,False,False,4,10,6,0.8852459016393442,False,False,False
86772484982,Posuere Cubilia Curae LLC,9,True,9,33,9,True,True,True,3,True,False,False,9,33,24,0.0655737704918032,False,False,False
96680767841,Ornare Limited,10,True,10,5,8,True,True,True,3,True,False,False,5,10,5,0.9672131147540984,False,False,False
63123845164,Odio Phasellus Institute,11,True,11,30,18,True,True,True,3,True,False,False,11,30,19,0.4918032786885246,False,False,False
48534649627,Dignissim Maecenas Foundation,12,True,12,9,22,True,True,True,3,True,False,False,9,22,13,0.7868852459016393,False,False,False
76314317957,Semper Corp.,13,True,13,12,13,True,True,True,3,True,False,False,12,13,1,0.6229508196721312,False,False,False
94472466107,Eu Dolor Egestas PC,14,True,14,39,16,True,True,True,3,True,False,False,14,39,25,0.2131147540983606,False,False,False
57900494384,Porttitor Tellus Corporation,15,True,15,24,28,True,True,True,3,True,False,False,15,28,13,0.1967213114754098,False,False,False
22227727512,Malesuada Integer Id Foundation,16,True,16,37,33,True,True,True,3,True,False,False,16,37,21,0.360655737704918,False,False,False
94493496784,Dictum Phasellus In Institute,17,True,17,8,40,True,True,True,3,True,False,False,8,40,32,0.7213114754098361,False,False,False
49322182190,Gravida Mauris Incorporated,18,True,18,18,42,True,True,True,3,True,False,False,18,42,24,0.7868852459016393,False,False,False
68559320474,Aliquam Auctor Associates,19,True,19,13,20,True,True,True,3,True,False,False,13,20,7,0.8688524590163934,False,False,False
49891706470,Non Vestibulum Industries,20,True,20,10,45,True,True,True,3,True,False,False,10,45,35,0.4754098360655737,False,False,False
78760357380,Nibh Aliquam Corp.,21,True,21,28,12,True,True,True,3,True,False,False,12,28,16,0.639344262295082,False,False,False
63290521567,Vehicula Pellentesque Corporation,22,True,22,20,34,True,True,True,3,True,False,False,20,34,14,0.360655737704918,False,False,False
68216911708,Placerat Eget Venenatis Limited,23,True,23,15,43,True,True,True,3,True,False,False,15,43,28,0.5573770491803278,False,False,False
98973094975,Ornare Fusce Inc.,24,True,24,14,50,True,True,True,3,True,False,False,14,50,36,0.7213114754098361,False,False,False
31385641294,Semper Auctor PC,25,True,25,62,5,True,True,True,3,True,False,False,5,62,57,0.2459016393442623,False,False,False
30942453214,Justo Nec Associates,26,True,26,65,7,True,True,True,3,True,False,False,7,65,58,0.0327868852459016,True,False,False
35223308778,Euismod In Corp.,27,True,27,11,32,True,True,True,3,True,False,False,11,32,21,0.7540983606557377,False,False,False
94690988633,Eu Placerat LLC,28,True,28,16,44,True,True,True,3,True,False,False,16,44,28,0.7213114754098361,False,False,False
35909341340,Arcu Sed Eu Incorporated,29,True,29,17,63,True,True,True,3,True,False,False,17,63,46,0.918032786885246,False,False,False
64203420245,Pede Nonummy Corp.,30,True,30,27,58,True,True,True,3,True,False,False,27,58,31,0.4918032786885246,False,False,False
75454398468,Tempus Non Lacinia Corporation,31,True,31,50,11,True,True,True,3,True,False,False,11,50,39,0.2459016393442623,False,False,False
60956456424,Ultricies Dignissim LLP,32,True,32,25,60,True,True,True,3,True,False,False,25,60,35,0.7540983606557377,False,False,False
37379915451,Tempor Est Ac Corporation,33,True,33,55,37,True,True,True,3,True,False,False,33,55,22,0.6557377049180328,False,False,False
98314397036,Lobortis Augue Industries,34,True,34,85,24,True,True,True,3,True,False,False,24,85,61,0.0983606557377049,False,False,False
76767266140,Phasellus At Limited,35,True,35,31,75,True,True,True,3,True,False,False,31,75,44,0.9016393442622952,False,False,False
89726005175,Est Nunc Consulting,36,True,36,19,69,True,True,True,3,True,False,False,19,69,50,0.639344262295082,False,False,False
79633007926,Auctor Vitae Inc.,37,True,37,59,27,True,True,True,3,True,False,False,27,59,32,0.2459016393442623,False,False,False
45629217853,Lacus Consulting,38,True,38,23,72,True,True,True,3,True,False,False,23,72,49,0.6229508196721312,False,False,False
46804135891,Suspendisse Dui Corporation,39,True,39,35,64,True,True,True,3,True,False,False,35,64,29,0.4754098360655737,False,False,False
50315283629,Iaculis Aliquet Diam LLC,40,True,40,44,55,True,True,True,3,True,False,False,40,55,15,0.9836065573770492,False,False,False
43186523025,Lorem Ipsum Sodales Industries,41,True,41,26,70,True,True,True,3,True,False,False,26,70,44,0.6557377049180328,False,False,False
79417999332,Phasellus At Company,42,True,42,36,78,True,True,True,3,True,False,False,36,78,42,0.7868852459016393,False,False,False
21772962346,Purus Gravida Sagittis Ltd,43,True,43,42,111,True,True,False,2,False,True,False,42,111,69,0.639344262295082,False,False,False
64403598239,Lobortis Ultrices Company,44,True,44,22,95,True,True,True,3,True,False,False,22,95,73,0.7540983606557377,False,False,False
24852446429,Erat Vitae LLP,45,True,45,34,86,True,True,True,3,True,False,False,34,86,52,0.5901639344262295,False,False,False
45433476494,Adipiscing Elit Foundation,46,True,46,45,47,True,True,True,3,True,False,False,45,47,2,0.639344262295082,False,False,False
34096466752,Nullam Enim Ltd,47,True,47,52,119,True,True,False,2,False,True,False,47,119,72,0.8688524590163934,False,False,False
21439773999,Mauris Non Institute,48,True,48,40,101,True,True,False,2,False,True,False,40,101,61,0.6885245901639344,False,False,False
92065881715,Quam Elementum Corp.,49,True,49,67,25,True,True,True,3,True,False,False,25,67,42,0.0983606557377049,False,False,False
82368304209,Nec Incorporated,50,True,50,57,14,True,True,True,3,True,False,False,14,57,43,0.2295081967213115,False,False,False
11439466003,Blandit At LLC,51,True,51,47,114,True,True,False,2,False,True,False,47,114,67,0.6229508196721312,False,False,False
93558142492,Dolor Quisque Inc.,52,True,52,32,120,True,True,False,2,False,True,False,32,120,88,0.8852459016393442,False,False,False
57699602880,Tellus Id Institute,53,True,53,110,19,True,False,True,2,False,True,False,19,110,91,0.0327868852459016,True,False,True
66079287213,Hendrerit Corporation,54,True,54,81,46,True,True,True,3,True,False,False,46,81,35,0.1311475409836066,False,False,False
68004106739,Nec Ante Ltd,55,True,55,71,71,True,True,True,3,True,False,False,55,71,16,0.2131147540983606,False,False,False
12870663624,Vestibulum Ut Eros Corporation,56,True,56,64,23,True,True,True,3,True,False,False,23,64,41,0.0655737704918032,False,False,False
74063123996,Nec Eleifend Non Ltd,57,True,57,99,35,True,True,True,3,True,False,False,35,99,64,0.0327868852459016,True,False,False
86710922099,Ac Urna Consulting,58,True,58,88,51,True,True,True,3,True,False,False,51,88,37,0.180327868852459,False,False,False
32361057556,Orci In Consequat Corporation,59,True,59,38,122,True,True,False,2,False,True,False,38,122,84,0.8524590163934427,False,False,False
71528203369,Ipsum Primis Associates,60,True,60,58,104,True,True,False,2,False,True,False,58,104,46,0.2459016393442623,False,False,False
90543168331,Phasellus Dapibus Incorporated,61,True,61,53,102,True,True,False,2,False,True,False,53,102,49,0.9836065573770492,False,False,False
58454491168,Diam At Foundation,62,True,62,49,137,True,True,False,2,False,True,False,49,137,88,0.7540983606557377,False,False,False
21359184622,Sit Amet PC,63,True,63,60,77,True,True,True,3,True,False,False,60,77,17,0.6721311475409837,False,False,False
67978471888,Magna Malesuada Corp.,64,True,64,41,80,True,True,True,3,True,False,False,41,80,39,0.5573770491803278,False,False,False
52959528548,Libero Et Limited,65,True,65,61,88,True,True,True,3,True,False,False,61,88,27,0.7540983606557377,False,False,False
80551528183,Ac Ipsum LLC,66,True,66,48,66,True,True,True,3,True,False,False,48,66,18,0.3114754098360656,False,False,False
72472909171,Nullam Consulting,67,True,67,43,141,True,True,False,2,False,True,False,43,141,98,0.6557377049180328,False,False,False
41663117354,Litora Torquent Industries,68,True,68,135,56,True,False,True,2,False,True,False,56,135,79,0.0655737704918032,False,False,False
62224020443,Hendrerit A Corporation,69,True,69,66,138,True,True,False,2,False,True,False,66,138,72,0.3770491803278688,False,False,False
75034515922,Ac Eleifend Corp.,70,True,70,69,54,True,True,True,3,True,False,False,54,70,16,0.2131147540983606,False,False,False
80518954462,Neque Sed Dictum Incorporated,71,True,71,56,123,True,True,False,2,False,True,False,56,123,67,0.9344262295081968,False,False,False
80324045558,Ipsum Dolor Sit Corporation,72,True,72,54,135,True,True,False,2,False,True,False,54,135,81,0.5573770491803278,False,False,False
98269572896,Eget Laoreet Posuere PC,73,True,73,63,129,True,True,False,2,False,True,False,63,129,66,0.4426229508196722,False,False,False
53126107676,Sed Neque Corporation,74,True,74,98,17,True,True,True,3,True,False,False,17,98,81,0.0655737704918032,False,False,False
49505931725,Suspendisse Ac Associates,75,True,75,46,153,True,True,False,2,False,True,False,46,153,107,0.7213114754098361,False,False,False
64732735902,Imperdiet Non Vestibulum Institute,76,True,76,112,59,True,False,True,2,False,True,False,59,112,53,0.0327868852459016,True,False,True
45380641195,Nisl Arcu Iaculis Incorporated,77,True,77,131,68,True,False,True,2,False,True,False,68,131,63,0.0327868852459016,True,False,True
46298404088,Feugiat Sed Nec Institute,78,True,78,51,121,True,True,False,2,False,True,False,51,121,70,0.3114754098360656,False,False,False
70033549200,Mus Proin LLP,79,True,79,72,62,True,True,True,3,True,False,False,62,79,17,0.2459016393442623,False,False,False
11237511112,Magna Institute,80,True,80,93,106,True,True,False,2,False,True,True,80,106,26,0.4590163934426229,False,False,False
98416475066,Lacinia Orci PC,81,True,81,120,48,True,False,True,2,False,True,True,48,120,72,0.0327868852459016,True,False,True
79645157255,Consectetuer Mauris Corp.,82,True,82,89,83,True,True,True,3,True,False,True,82,89,7,0.0327868852459016,True,False,False
29639699851,Sodales Elit Erat Corporation,83,True,83,73,110,True,True,False,2,False,True,True,73,110,37,0.0983606557377049,False,False,False
63817709749,A Felis Ullamcorper Industries,84,True,84,82,53,True,True,True,3,True,False,True,53,84,31,0.0983606557377049,False,False,False
10323485998,Nunc Inc.,85,True,85,86,125,True,True,False,2,False,True,True,85,125,40,0.0327868852459016,True,False,True
46012371285,A Ultricies Inc.,86,True,86,104,65,True,False,True,2,False,True,True,65,104,39,0.2131147540983606,False,False,False
45056974934,Vel Pede Blandit Incorporated,87,True,87,100,41,True,True,True,3,True,False,True,41,100,59,0.0327868852459016,True,False,False
85362139954,In Consequat Associates,88,True,88,141,39,True,False,True,2,False,True,True,39,141,102,0.0327868852459016,True,False,True
21025433654,Lorem Foundation,89,True,89,91,91,True,True,True,3,True,False,True,89,91,2,0.1475409836065574,False,False,False
30214222203,Et Malesuada Fames Limited,90,True,90,78,113,True,True,False,2,False,True,True,78,113,35,0.0983606557377049,False,False,False
77590625261,Sed Diam Foundation,91,True,91,68,162,True,True,False,2,False,True,True,68,162,94,0.819672131147541,False,False,False
35733444320,Arcu Ac Limited,92,True,92,165,76,True,False,True,2,False,True,True,76,165,89,0.2131147540983606,False,False,False
82065156333,Nascetur Ridiculus PC,93,True,93,83,152,True,True,False,2,False,True,True,83,152,69,0.180327868852459,False,False,False
35014882568,Faucibus Corporation,94,True,94,90,133,True,True,False,2,False,True,True,90,133,43,0.0655737704918032,False,False,False
94729574738,Scelerisque Corporation,95,True,95,142,21,True,False,True,2,False,True,True,21,142,121,0.0327868852459016,True,False,True
41271931352,Ac Sem Ut Company,96,True,96,134,30,True,False,True,2,False,True,True,30,134,104,0.0983606557377049,False,False,False
74046727484,Vestibulum Accumsan Neque Ltd,97,True,97,133,94,True,False,True,2,False,True,True,94,133,39,0.2131147540983606,False,False,False
27093785141,Placerat Orci Institute,98,True,98,84,168,True,True,False,2,False,True,True,84,168,84,0.9508196721311476,False,False,False
60111071436,Imperdiet Non LLC,99,True,99,153,61,True,False,True,2,False,True,True,61,153,92,0.0327868852459016,True,False,True
83690644458,Id Erat Etiam Consulting,100,True,100,75,159,True,True,False,2,False,True,True,75,159,84,0.3770491803278688,False,False,False
16570599421,Non Magna Nam PC,101,False,101,157,81,False,False,True,1,False,True,True,81,157,76,0.0327868852459016,True,False,True
39649557865,Arcu Morbi Institute,102,False,102,77,155,False,True,False,1,False,True,True,77,155,78,0.8688524590163934,False,False,False
23338656015,Iaculis LLC,103,False,103,74,156,False,True,False,1,False,True,True,74,156,82,0.6557377049180328,False,False,False
13285958344,Purus Gravida Sagittis Inc.,104,False,104,172,38,False,False,True,1,False,True,True,38,172,134,0.0655737704918032,False,False,False
35556933338,Semper Cursus Integer Limited,105,False,105,92,124,False,True,False,1,False,True,True,92,124,32,0.2295081967213115,False,False,False
31101120643,Commodo Hendrerit Donec Corp.,106,False,106,139,67,False,False,True,1,False,True,True,67,139,72,0.0327868852459016,True,False,True
76626119831,Tristique Pellentesque Inc.,107,False,107,101,150,False,False,False,0,False,False,True,101,150,49,0.4426229508196722,False,False,False
52594457116,Vel Turpis Aliquam Company,108,False,108,116,149,False,False,False,0,False,False,True,108,149,41,0.1967213114754098,False,False,False
29616684420,Tellus Id LLC,109,False,109,95,148,False,True,False,1,False,True,True,95,148,53,0.4426229508196722,False,False,False
75850458091,Dictum Sapien Incorporated,110,False,110,114,84,False,False,True,1,False,True,True,84,114,30,0.0327868852459016,True,False,True
81219314324,Faucibus Leo Ltd,111,False,111,70,167,False,True,False,1,False,True,True,70,167,97,0.4754098360655737,False,False,False
37459245212,Aliquet Phasellus Consulting,112,False,112,117,109,False,False,False,0,False,False,True,109,117,8,0.2131147540983606,False,False,False
76646764782,Tempor Diam Inc.,113,False,113,130,100,False,False,True,1,False,True,True,100,130,30,0.0327868852459016,True,False,True
90692244747,Dictum Mi Limited,114,False,114,87,142,False,True,False,1,False,True,True,87,142,55,0.0655737704918032,False,False,False
60650953328,Integer LLC,115,False,115,166,93,False,False,True,1,False,True,True,93,166,73,0.0327868852459016,True,False,True
81761494572,Nulla Facilisis Institute,116,False,116,79,170,False,True,False,1,False,True,True,79,170,91,0.3770491803278688,False,False,False
41974958954,Sed Libero Proin Incorporated,117,False,117,146,163,False,False,False,0,False,False,True,117,163,46,0.180327868852459,False,False,False
87084550311,Vulputate Inc.,118,False,118,111,57,False,False,True,1,False,True,True,57,118,61,0.1311475409836066,False,False,False
10648956813,Proin Nisl Institute,119,False,119,80,189,False,True,False,1,False,True,True,80,189,109,0.2131147540983606,False,False,False
32605756719,In Ornare Industries,120,False,120,105,87,False,False,True,1,False,True,True,87,120,33,0.0327868852459016,True,False,True
82076270246,Lorem Ipsum Foundation,121,False,121,143,118,False,False,False,0,False,False,False,118,143,25,0.1639344262295081,False,False,False
41705715409,Augue Eu LLP,122,False,122,127,145,False,False,False,0,False,False,False,122,145,23,0.0655737704918032,False,False,False
15061716544,Tempus Scelerisque Lorem Incorporated,123,False,123,154,151,False,False,False,0,False,False,False,123,154,31,0.0655737704918032,False,False,False
13839274306,Sit Amet Consectetuer PC,124,False,124,163,136,False,False,False,0,False,False,False,124,163,39,0.0655737704918032,False,False,False
75944642726,Et PC,125,False,125,103,183,False,False,False,0,False,False,False,103,183,80,0.1967213114754098,False,False,False
26148653604,Volutpat Nulla Incorporated,126,False,126,125,116,False,False,False,0,False,False,False,116,126,10,0.0655737704918032,False,False,False
32560075533,Malesuada Vel Convallis Consulting,127,False,127,124,154,False,False,False,0,False,False,False,124,154,30,0.2131147540983606,False,False,False
91720867026,Eget Mollis LLC,128,False,128,97,175,False,True,False,1,False,True,False,97,175,78,0.2459016393442623,False,False,False
24471518053,Enim Suspendisse Aliquet LLP,129,False,129,170,99,False,False,True,1,False,True,False,99,170,71,0.0327868852459016,True,False,True
22033359776,Suspendisse Non Leo PC,130,False,130,76,194,False,True,False,1,False,True,False,76,194,118,0.9508196721311476,False,False,False
98072939449,Mattis Velit Justo Ltd,131,False,131,118,202,False,False,False,0,False,False,False,118,202,84,0.0983606557377049,False,False,False
56796971172,Enim Non Nisi Corporation,132,False,132,197,73,False,False,True,1,False,True,False,73,197,124,0.0327868852459016,True,False,True
58729395250,Aliquam LLC,133,False,133,159,103,False,False,False,0,False,False,False,103,159,56,0.0655737704918032,False,False,False
11566786699,Euismod Et Institute,134,False,134,211,90,False,False,True,1,False,True,False,90,211,121,0.2131147540983606,False,False,False
45759576746,Auctor Velit PC,135,False,135,202,112,False,False,False,0,False,False,False,112,202,90,0.0491803278688525,True,False,False
91873181182,Sem LLC,136,False,136,108,216,False,False,False,0,False,False,False,108,216,108,0.2131147540983606,False,False,False
24938000144,Consequat Nec Corporation,137,False,137,171,98,False,False,True,1,False,True,False,98,171,73,0.0983606557377049,False,False,False
60462729568,Mattis Limited,138,False,138,181,85,False,False,True,1,False,True,False,85,181,96,0.0327868852459016,True,False,True
15560455575,Morbi Accumsan Laoreet Industries,139,False,139,106,220,False,False,False,0,False,False,False,106,220,114,0.3114754098360656,False,False,False
29521780474,At Sem Corp.,140,False,140,128,241,False,False,False,0,False,False,False,128,241,113,0.2131147540983606,False,False,False
24015173965,Lectus Limited,141,False,141,136,126,False,False,False,0,False,False,False,126,141,15,0.0327868852459016,True,False,False
48465277903,Metus Aenean Industries,142,False,142,107,117,False,False,False,0,False,False,False,107,142,35,0.0983606557377049,False,False,False
96161947306,Imperdiet Dictum Magna Associates,143,False,143,155,128,False,False,False,0,False,False,False,128,155,27,0.0655737704918032,False,False,False
22027671078,Mauris Magna Industries,144,False,144,192,89,False,False,True,1,False,True,False,89,192,103,0.0327868852459016,True,False,True
13514558491,Magna Praesent PC,145,False,145,102,250,False,False,False,0,False,False,False,102,250,148,0.5737704918032787,False,False,False
73343245974,Convallis Erat Incorporated,146,False,146,161,161,False,False,False,0,False,False,False,146,161,15,0.0491803278688525,True,False,False
91923722701,Euismod Urna Institute,147,False,147,168,164,False,False,False,0,False,False,False,147,168,21,0.0983606557377049,False,False,False
49549583265,Luctus Et Incorporated,148,False,148,132,195,False,False,False,0,False,False,False,132,195,63,0.3114754098360656,False,False,False
20364924160,Sed Congue Limited,149,False,149,177,52,False,False,True,1,False,True,False,52,177,125,0.0327868852459016,True,False,True
17158952809,Arcu Vestibulum Corp.,150,False,150,144,130,False,False,False,0,False,False,False,130,150,20,0.1639344262295081,False,False,False
57757792876,Pretium Et LLC,151,False,151,129,197,False,False,False,0,False,False,False,129,197,68,0.3114754098360656,False,False,False
16644129035,Magna Associates,152,False,152,225,131,False,False,False,0,False,False,False,131,225,94,0.0491803278688525,True,False,False
67400260923,Eleifend PC,153,False,153,94,254,False,True,False,1,False,True,False,94,254,160,0.639344262295082,False,False,False
25732256442,Malesuada Vel Associates,154,False,154,109,270,False,False,False,0,False,False,False,109,270,161,0.2459016393442623,False,False,False
71989214810,Semper Et Lacinia Associates,155,False,155,175,132,False,False,False,0,False,False,False,132,175,43,0.0327868852459016,True,False,False
96152467973,Rhoncus Donec Associates,156,False,156,160,219,False,False,False,0,False,False,False,156,219,63,0.1967213114754098,False,False,False
42543374304,Morbi Metus Vivamus Inc.,157,False,157,205,79,False,False,True,1,False,True,False,79,205,126,0.0327868852459016,True,False,True
62580273150,Non Feugiat Nec LLC,158,False,158,249,49,False,False,True,1,False,True,False,49,249,200,0.0327868852459016,True,False,True
89502033586,Adipiscing Enim LLC,159,False,159,138,201,False,False,False,0,False,False,False,138,201,63,0.1967213114754098,False,False,False
18158387243,Nec Tellus Ltd,160,False,160,140,212,False,False,False,0,False,False,False,140,212,72,0.7049180327868853,False,False,False
55069630872,A Nunc Corp.,161,False,161,264,82,False,False,True,1,False,True,False,82,264,182,0.0327868852459016,True,False,True
15299889494,Porttitor Eros Ltd,162,False,162,150,249,False,False,False,0,False,False,False,150,249,99,0.0983606557377049,False,False,False
26169574842,Dolor Dolor Industries,163,False,163,126,165,False,False,False,0,False,False,False,126,165,39,0.180327868852459,False,False,False
99291944648,Rutrum Magna Cras LLC,164,False,164,96,290,False,True,False,1,False,True,False,96,290,194,0.639344262295082,False,False,False
38012560280,In Tempus Associates,165,False,165,145,227,False,False,False,0,False,False,False,145,227,82,0.0655737704918032,False,False,False
38337815814,Eget Venenatis Limited,166,False,166,266,29,False,False,True,1,False,True,False,29,266,237,0.0327868852459016,True,False,True
99976658299,Sociosqu Corp.,167,False,167,122,278,False,False,False,0,False,False,False,122,278,156,0.3770491803278688,False,False,False
15441635442,Lectus A Corp.,168,False,168,182,107,False,False,False,0,False,False,False,107,182,75,0.0327868852459016,True,False,False
55501929396,Mauris Sagittis Corp.,169,False,169,222,74,False,False,True,1,False,True,False,74,222,148,0.0327868852459016,True,False,True
96161808980,Velit Aliquam Corporation,170,False,170,148,172,False,False,False,0,False,False,False,148,172,24,0.0655737704918032,False,False,False
24070342853,Ligula Tortor PC,171,False,171,191,143,False,False,False,0,False,False,False,143,191,48,0.0327868852459016,True,False,False
58476363584,Mauris Blandit Foundation,172,False,172,137,239,False,False,False,0,False,False,False,137,239,102,0.1147540983606557,False,False,False
26218617714,Ultrices Vivamus Industries,173,False,173,304,31,False,False,True,1,False,True,False,31,304,273,0.0327868852459016,True,False,True
39088614710,Ut Eros Institute,174,False,174,280,108,False,False,False,0,False,False,False,108,280,172,0.0327868852459016,True,False,False
28057731482,Dignissim Lacus PC,175,False,175,115,258,False,False,False,0,False,False,False,115,258,143,0.6229508196721312,False,False,False
72738688428,Donec Tempor Corp.,176,False,176,195,182,False,False,False,0,False,False,False,176,195,19,0.0327868852459016,True,False,False
89932674734,Nulla Vulputate Company,177,False,177,123,255,False,False,False,0,False,False,False,123,255,132,0.6885245901639344,False,False,False
42355028515,Eu Inc.,178,False,178,113,303,False,False,False,0,False,False,False,113,303,190,0.639344262295082,False,False,False
63952221889,Non Limited,179,False,179,257,144,False,False,False,0,False,False,False,144,257,113,0.0983606557377049,False,False,False
25083422701,Pretium Et Rutrum Limited,180,False,180,283,36,False,False,True,1,False,True,False,36,283,247,0.0327868852459016,True,False,True
90578415511,A Scelerisque Foundation,181,False,181,149,257,False,False,False,0,False,False,False,149,257,108,0.1639344262295081,False,False,False
70501974849,Facilisis Lorem Tristique Company,182,False,182,263,115,False,False,False,0,False,False,False,115,263,148,0.0655737704918032,False,False,False
75723980434,Velit Eget Foundation,183,False,183,216,140,False,False,False,0,False,False,False,140,216,76,0.0327868852459016,True,False,False
90087872851,Elit Pellentesque PC,184,False,184,121,265,False,False,False,0,False,False,False,121,265,144,0.180327868852459,False,False,False
15269431008,Nisi Limited,185,False,185,164,248,False,False,False,0,False,False,False,164,248,84,0.0655737704918032,False,False,False
45244796758,Vitae Dolor LLP,186,False,186,186,210,False,False,False,0,False,False,False,186,210,24,0.0655737704918032,False,False,False
88950371391,Erat Etiam Vestibulum PC,187,False,187,272,92,False,False,True,1,False,True,False,92,272,180,0.0327868852459016,True,False,True
38212167834,Magna Suspendisse Industries,188,False,188,152,224,False,False,False,0,False,False,False,152,224,72,0.1475409836065574,False,False,False
90173050473,Lobortis Class Industries,189,False,189,119,297,False,False,False,0,False,False,False,119,297,178,0.6885245901639344,False,False,False
54272781746,Non Massa Institute,190,False,190,194,207,False,False,False,0,False,False,False,190,207,17,0.0655737704918032,False,False,False
54550134954,Tempor Diam Dictum Company,191,False,191,210,204,False,False,False,0,False,False,False,191,210,19,0.1967213114754098,False,False,False
67142049268,Aliquet Sem Ut PC,192,False,192,185,192,False,False,False,0,False,False,False,185,192,7,0.0327868852459016,True,False,False
25938405651,Elementum Dui Quis Ltd,193,False,193,180,198,False,False,False,0,False,False,False,180,198,18,0.0327868852459016,True,False,False
36607451384,Feugiat Lorem Incorporated,194,False,194,318,96,False,False,True,1,False,True,False,96,318,222,0.0327868852459016,True,False,True
38700038932,Etiam Bibendum Industries,195,False,195,156,211,False,False,False,0,False,False,False,156,211,55,0.2786885245901639,False,False,False
36196225600,Leo Elementum Sem Associates,196,False,196,212,179,False,False,False,0,False,False,False,179,212,33,0.0655737704918032,False,False,False
11121775571,Egestas Nunc Associates,197,False,197,190,282,False,False,False,0,False,False,False,190,282,92,0.0983606557377049,False,False,False
66842618444,Ultrices Inc.,198,False,198,184,293,False,False,False,0,False,False,False,184,293,109,0.0327868852459016,True,False,False
77338620996,Fames Ac Turpis LLC,199,False,199,147,289,False,False,False,0,False,False,False,147,289,142,0.3770491803278688,False,False,False
81410315303,Sed Dictum PC,200,False,200,176,261,False,False,False,0,False,False,False,176,261,85,0.1475409836065574,False,False,False
62694031334,Vel Est Tempor LLP,201,False,201,158,314,False,False,False,0,False,False,False,158,314,156,0.180327868852459,False,False,False
35424691626,Eu Sem Pellentesque Limited,202,False,202,285,193,False,False,False,0,False,False,False,193,285,92,0.0983606557377049,False,False,False
40279146273,Pellentesque Habitant Morbi Corp.,203,False,203,188,222,False,False,False,0,False,False,False,188,222,34,0.0983606557377049,False,False,False
93260930990,Pede Cras Vulputate Ltd,204,False,204,187,187,False,False,False,0,False,False,False,187,204,17,0.1967213114754098,False,False,False
45783766755,Purus Duis Corp.,205,False,205,267,174,False,False,False,0,False,False,False,174,267,93,0.0327868852459016,True,False,False
31585975447,Dolor Dapibus Gravida Associates,206,False,206,243,235,False,False,False,0,False,False,False,206,243,37,0.180327868852459,False,False,False
70620117107,Ante Vivamus Consulting,207,False,207,204,295,False,False,False,0,False,False,False,204,295,91,0.0327868852459016,True,False,False
52065114842,Gravida Non PC,208,False,208,193,246,False,False,False,0,False,False,False,193,246,53,0.2131147540983606,False,False,False
30458474292,Euismod Est Foundation,209,False,209,255,230,False,False,False,0,False,False,False,209,255,46,0.0327868852459016,True,False,False
95574756848,At Pede Inc.,210,False,210,151,395,False,False,False,0,False,False,False,151,395,244,0.2459016393442623,False,False,False
98548263806,Nam Ligula Elit Corporation,211,False,211,288,191,False,False,False,0,False,False,False,191,288,97,0.0327868852459016,True,False,False
58314972637,Nunc Ullamcorper Velit Inc.,212,False,212,183,242,False,False,False,0,False,False,False,183,242,59,0.0327868852459016,True,False,False
62204398944,Vel Institute,213,False,213,169,253,False,False,False,0,False,False,False,169,253,84,0.0327868852459016,True,False,False
25884436429,Lorem Auctor Ltd,214,False,214,207,196,False,False,False,0,False,False,False,196,214,18,0.0327868852459016,True,False,False
65668855732,In Nec Industries,215,False,215,214,343,False,False,False,0,False,False,False,214,343,129,0.0327868852459016,True,False,False
68645868338,Felis Purus Foundation,216,False,216,196,260,False,False,False,0,False,False,False,196,260,64,0.0327868852459016,True,False,False
46380096952,Non Enim Mauris PC,217,False,217,279,236,False,False,False,0,False,False,False,217,279,62,0.0327868852459016,True,False,False
55842128301,A Ultricies Adipiscing LLC,218,False,218,241,160,False,False,False,0,False,False,False,160,241,81,0.0327868852459016,True,False,False
56144254367,Erat Etiam Vestibulum LLP,219,False,219,327,139,False,False,False,0,False,False,False,139,327,188,0.0327868852459016,True,False,False
19854089605,Aenean Massa Industries,220,False,220,262,279,False,False,False,0,False,False,False,220,279,59,0.0655737704918032,False,False,False
50866797623,Cum Sociis Natoque Incorporated,221,False,221,278,267,False,False,False,0,False,False,False,221,278,57,0.0983606557377049,False,False,False
87667432396,Pharetra Nibh Aliquam PC,222,False,222,189,323,False,False,False,0,False,False,False,189,323,134,0.0983606557377049,False,False,False
58377425534,At Corp.,223,False,223,281,166,False,False,False,0,False,False,False,166,281,115,0.0327868852459016,True,False,False
71674475255,Lacinia Mattis LLC,224,False,224,206,281,False,False,False,0,False,False,False,206,281,75,0.2131147540983606,False,False,False
23661821077,Suspendisse Eleifend Corp.,225,False,225,293,200,False,False,False,0,False,False,False,200,293,93,0.0983606557377049,False,False,False
34179569263,Sodales At LLC,226,False,226,162,364,False,False,False,0,False,False,False,162,364,202,0.8688524590163934,False,False,False
63465140133,Vitae Odio Limited,227,False,227,234,280,False,False,False,0,False,False,False,227,280,53,0.2131147540983606,False,False,False
17324645993,Eget Metus In Corporation,228,False,228,224,344,False,False,False,0,False,False,False,224,344,120,0.0655737704918032,False,False,False
70172340121,Justo Eu Incorporated,229,False,229,242,243,False,False,False,0,False,False,False,229,243,14,0.0655737704918032,False,False,False
88547577701,Enim Etiam Industries,230,False,230,203,256,False,False,False,0,False,False,False,203,256,53,0.1147540983606557,False,False,False
60978195146,Lobortis Tellus Corp.,231,False,231,353,157,False,False,False,0,False,False,False,157,353,196,0.2131147540983606,False,False,False
74589998324,Nec Inc.,232,False,232,291,208,False,False,False,0,False,False,False,208,291,83,0.0327868852459016,True,False,False
98166254020,Magna Sed Industries,233,False,233,199,234,False,False,False,0,False,False,False,199,234,35,0.2459016393442623,False,False,False
88699453206,Sed Nec Inc.,234,False,234,173,411,False,False,False,0,False,False,False,173,411,238,0.3770491803278688,False,False,False
88402174457,Duis Dignissim LLC,235,False,235,253,214,False,False,False,0,False,False,False,214,253,39,0.0327868852459016,True,False,False
22059270846,Montes Nascetur Ridiculus Limited,236,False,236,213,288,False,False,False,0,False,False,False,213,288,75,0.0983606557377049,False,False,False
20269486864,Mi Eleifend Egestas Corp.,237,False,237,235,146,False,False,False,0,False,False,False,146,237,91,0.2459016393442623,False,False,False
79827781481,Amet Risus Inc.,238,False,238,179,406,False,False,False,0,False,False,False,179,406,227,0.2131147540983606,False,False,False
94455880010,Nunc Sit LLC,239,False,239,174,417,False,False,False,0,False,False,False,174,417,243,0.3114754098360656,False,False,False
89640578182,Magnis Foundation,240,False,240,302,263,False,False,False,0,False,False,False,240,302,62,0.0327868852459016,True,False,False
13565102775,Malesuada LLP,241,False,241,356,176,False,False,False,0,False,False,False,176,356,180,0.0655737704918032,False,False,False
59162205130,Ante Dictum LLC,242,False,242,337,231,False,False,False,0,False,False,False,231,337,106,0.0655737704918032,False,False,False
61619924340,In Mi Institute,243,False,243,363,97,False,False,True,1,False,True,False,97,363,266,0.0327868852459016,True,False,True
90994364089,Rhoncus Proin Inc.,244,False,244,306,169,False,False,False,0,False,False,False,169,306,137,0.0327868852459016,True,False,False
56945597985,Sem LLP,245,False,245,246,225,False,False,False,0,False,False,False,225,246,21,0.0327868852459016,True,False,False
86662713230,Vestibulum Accumsan Associates,246,False,246,208,368,False,False,False,0,False,False,False,208,368,160,0.1639344262295081,False,False,False
38523562929,Sed Dictum Corp.,247,False,247,294,274,False,False,False,0,False,False,False,247,294,47,0.0327868852459016,True,False,False
76819856970,Egestas Blandit Ltd,248,False,248,167,419,False,False,False,0,False,False,False,167,419,252,0.639344262295082,False,False,False
35016722348,Lacus PC,249,False,249,244,259,False,False,False,0,False,False,False,244,259,15,0.0327868852459016,True,False,False
17739089622,Auctor Quis Corp.,250,False,250,237,277,False,False,False,0,False,False,False,237,277,40,0.0983606557377049,False,False,False
70009327857,Torquent Per Inc.,251,False,251,198,345,False,False,False,0,False,False,False,198,345,147,0.2459016393442623,False,False,False
88393306198,Mauris LLC,252,False,252,305,245,False,False,False,0,False,False,False,245,305,60,0.0327868852459016,True,False,False
86388904574,Nullam Suscipit LLC,253,False,253,289,206,False,False,False,0,False,False,False,206,289,83,0.0327868852459016,True,False,False
81002603831,Vitae LLP,254,False,254,297,177,False,False,False,0,False,False,False,177,297,120,0.0327868852459016,True,False,False
20985347699,Semper Tellus PC,255,False,255,223,372,False,False,False,0,False,False,False,223,372,149,0.0655737704918032,False,False,False
38435278995,Sed Consequat Corp.,256,False,256,200,326,False,False,False,0,False,False,False,200,326,126,0.0655737704918032,False,False,False
28230498046,Nisi Foundation,257,False,257,388,188,False,False,False,0,False,False,False,188,388,200,0.0327868852459016,True,False,False
20885454195,Pharetra Ut Industries,258,False,258,287,310,False,False,False,0,False,False,False,258,310,52,0.0327868852459016,True,False,False
73972053940,Quis Tristique Ac Associates,259,False,259,268,304,False,False,False,0,False,False,False,259,304,45,0.1475409836065574,False,False,False
71247553576,Et Magnis Dis Corp.,260,False,260,248,226,False,False,False,0,False,False,False,226,260,34,0.0327868852459016,True,False,False
92343252737,Ornare Libero At Institute,261,False,261,233,273,False,False,False,0,False,False,False,233,273,40,0.0327868852459016,True,False,False
68501926042,Dolor Corp.,262,False,262,254,215,False,False,False,0,False,False,False,215,262,47,0.0327868852459016,True,False,False
63728747020,Lobortis Ultrices Ltd,263,False,263,316,251,False,False,False,0,False,False,False,251,316,65,0.0327868852459016,True,False,False
47663262928,Eget Lacus LLP,264,False,264,217,324,False,False,False,0,False,False,False,217,324,107,0.0327868852459016,True,False,False
17060583346,Dolor Sit Limited,265,False,265,409,105,False,False,False,0,False,False,False,105,409,304,0.0327868852459016,True,False,False
14583462783,Elit Elit Institute,266,False,266,317,203,False,False,False,0,False,False,False,203,317,114,0.0327868852459016,True,False,False
99803748393,Risus Odio Auctor Foundation,267,False,267,252,217,False,False,False,0,False,False,False,217,267,50,0.0327868852459016,True,False,False
15069598461,Parturient Institute,268,False,268,227,401,False,False,False,0,False,False,False,227,401,174,0.1639344262295081,False,False,False
31637210281,Lorem Luctus Incorporated,269,False,269,201,337,False,False,False,0,False,False,False,201,337,136,0.0655737704918032,False,False,False
22718657980,Ultricies Ornare Associates,270,False,270,299,190,False,False,False,0,False,False,False,190,299,109,0.0327868852459016,True,False,False
22795471441,Etiam Gravida Molestie LLP,271,False,271,259,266,False,False,False,0,False,False,False,259,271,12,0.0983606557377049,False,False,False
45572698303,Libero Proin Corp.,272,False,272,321,185,False,False,False,0,False,False,False,185,321,136,0.0327868852459016,True,False,False
22549192713,Tincidunt Congue Associates,273,False,273,336,171,False,False,False,0,False,False,False,171,336,165,0.0327868852459016,True,False,False
32709545238,Tempor Est Foundation,274,False,274,178,403,False,False,False,0,False,False,False,178,403,225,0.639344262295082,False,False,False
84088835754,Congue Turpis In LLC,275,False,275,357,221,False,False,False,0,False,False,False,221,357,136,0.0327868852459016,True,False,False
20240471832,Eu Metus In LLP,276,False,276,238,447,False,False,False,0,False,False,False,238,447,209,0.0327868852459016,True,False,False
99022808555,Turpis In LLC,277,False,277,372,213,False,False,False,0,False,False,False,213,372,159,0.0327868852459016,True,False,False
76078244980,Nec Quam PC,278,False,278,298,186,False,False,False,0,False,False,False,186,298,112,0.0327868852459016,True,False,False
32176774610,Cubilia Curae Donec Inc.,279,False,279,284,349,False,False,False,0,False,False,False,279,349,70,0.0327868852459016,True,False,False
52342208808,Nisl Arcu Incorporated,280,False,280,265,389,False,False,False,0,False,False,False,265,389,124,0.0655737704918032,False,False,False
12771097467,At Pretium Corp.,281,False,281,256,158,False,False,False,0,False,False,False,158,281,123,0.2131147540983606,False,False,False
39469311070,Lorem Donec Foundation,282,False,282,396,180,False,False,False,0,False,False,False,180,396,216,0.0327868852459016,True,False,False
38971488186,Primis In LLP,283,False,283,385,147,False,False,False,0,False,False,False,147,385,238,0.0327868852459016,True,False,False
85574524327,Est Tempor Inc.,284,False,284,245,370,False,False,False,0,False,False,False,245,370,125,0.0327868852459016,True,False,False
64644843223,Dictum Augue Consulting,285,False,285,239,269,False,False,False,0,False,False,False,239,285,46,0.0327868852459016,True,False,False
26671932360,Mi Fringilla Ltd,286,False,286,333,276,False,False,False,0,False,False,False,276,333,57,0.0327868852459016,True,False,False
50075408315,Aliquam Gravida Mauris Company,287,False,287,215,386,False,False,False,0,False,False,False,215,386,171,0.0327868852459016,True,False,False
93532380797,Quisque Libero Lacus Incorporated,288,False,288,303,320,False,False,False,0,False,False,False,288,320,32,0.0327868852459016,True,False,False
28941011848,Commodo LLC,289,False,289,347,218,False,False,False,0,False,False,False,218,347,129,0.0327868852459016,True,False,False
40555823280,Nibh Donec Incorporated,290,False,290,232,307,False,False,False,0,False,False,False,232,307,75,0.0983606557377049,False,False,False
80779820715,Euismod Enim LLC,291,False,291,231,391,False,False,False,0,False,False,False,231,391,160,0.2131147540983606,False,False,False
56946407125,Quisque Fringilla Limited,292,False,292,236,377,False,False,False,0,False,False,False,236,377,141,0.1311475409836066,False,False,False
57471217202,A Ultricies Institute,293,False,293,310,350,False,False,False,0,False,False,False,293,350,57,0.0327868852459016,True,False,False
92836597532,A Magna Lorem Ltd,294,False,294,391,127,False,False,False,0,False,False,False,127,391,264,0.0327868852459016,True,False,False
21094505909,Venenatis Corp.,295,False,295,247,375,False,False,False,0,False,False,False,247,375,128,0.0327868852459016,True,False,False
78073971498,Venenatis A Industries,296,False,296,226,431,False,False,False,0,False,False,False,226,431,205,0.0327868852459016,True,False,False
60836029312,Montes Nascetur Institute,297,False,297,273,373,False,False,False,0,False,False,False,273,373,100,0.0327868852459016,True,False,False
82448693380,Vulputate Dui Nec Corp.,298,False,298,219,399,False,False,False,0,False,False,False,219,399,180,0.0327868852459016,True,False,False
20325086904,Vivamus Rhoncus Ltd,299,False,299,209,415,False,False,False,0,False,False,False,209,415,206,0.0327868852459016,True,False,False
51550230865,Mauris Corp.,300,False,300,229,436,False,False,False,0,False,False,False,229,436,207,0.1639344262295081,False,False,False
85529538986,Sed Neque Associates,301,False,301,221,347,False,False,False,0,False,False,False,221,347,126,0.2131147540983606,False,False,False
88358066529,Pede Cras Vulputate Consulting,302,False,302,220,301,False,False,False,0,False,False,False,220,302,82,0.0327868852459016,True,False,False
30122382323,Ipsum Company,303,False,303,338,291,False,False,False,0,False,False,False,291,338,47,0.0655737704918032,False,False,False
43127814599,Nam Ligula Elit Foundation,304,False,304,230,402,False,False,False,0,False,False,False,230,402,172,0.1967213114754098,False,False,False
87719724258,Suspendisse Eleifend LLC,305,False,305,308,205,False,False,False,0,False,False,False,205,308,103,0.0327868852459016,True,False,False
74019238521,Ac Limited,306,False,306,375,232,False,False,False,0,False,False,False,232,375,143,0.0655737704918032,False,False,False
60121698774,Nec Tempus Inc.,307,False,307,345,275,False,False,False,0,False,False,False,275,345,70,0.0327868852459016,True,False,False
46953117138,Eu Accumsan Foundation,308,False,308,413,199,False,False,False,0,False,False,False,199,413,214,0.0327868852459016,True,False,False
38736067045,Cras Lorem Institute,309,False,309,258,457,False,False,False,0,False,False,False,258,457,199,0.0327868852459016,True,False,False
70038202360,Varius Orci Institute,310,False,310,383,285,False,False,False,0,False,False,False,285,383,98,0.0327868852459016,True,False,False
28049322288,Donec Elementum Foundation,311,False,311,329,396,False,False,False,0,False,False,False,311,396,85,0.0327868852459016,True,False,False
83620670827,Curabitur Massa Corp.,312,False,312,355,264,False,False,False,0,False,False,False,264,355,91,0.0327868852459016,True,False,False
88553358884,Sed Consequat Limited,313,False,313,290,423,False,False,False,0,False,False,False,290,423,133,0.0327868852459016,True,False,False
78798828265,Diam LLC,314,False,314,367,333,False,False,False,0,False,False,False,314,367,53,0.0327868852459016,True,False,False
69703285964,Suspendisse Incorporated,315,False,315,261,475,False,False,False,0,False,False,False,261,475,214,0.1639344262295081,False,False,False
22407003576,In Lorem Corporation,316,False,316,365,309,False,False,False,0,False,False,False,309,365,56,0.0327868852459016,True,False,False
34172909925,Nec Ante Foundation,317,False,317,240,292,False,False,False,0,False,False,False,240,317,77,0.0327868852459016,True,False,False
89107518982,Adipiscing Lobortis Risus Corporation,318,False,318,309,351,False,False,False,0,False,False,False,309,351,42,0.0655737704918032,False,False,False
41944909975,Et Nunc Consulting,319,False,319,458,228,False,False,False,0,False,False,False,228,458,230,0.9508196721311476,False,False,False
28690231799,Mollis Phasellus Ltd,320,False,320,292,352,False,False,False,0,False,False,False,292,352,60,0.0327868852459016,True,False,False
78982081666,Lectus Corp.,321,False,321,331,381,False,False,False,0,False,False,False,321,381,60,0.0327868852459016,True,False,False
69236417931,Vitae Velit Institute,322,False,322,459,134,False,False,False,0,False,False,False,134,459,325,0.0327868852459016,True,False,False
31940875883,Amet Associates,323,False,323,342,316,False,False,False,0,False,False,False,316,342,26,0.0327868852459016,True,False,False
16288327194,A Neque LLC,324,False,324,271,466,False,False,False,0,False,False,False,271,466,195,0.0327868852459016,True,False,False
54874856789,Euismod Urna Incorporated,325,False,325,260,495,False,False,False,0,False,False,False,260,495,235,0.0327868852459016,True,False,False
97159474697,Sodales Limited,326,False,326,250,491,False,False,False,0,False,False,False,250,491,241,0.0327868852459016,True,False,False
71538439295,Morbi Metus Limited,327,False,327,352,334,False,False,False,0,False,False,False,327,352,25,0.081967213114754,False,False,False
99467302626,Ac Ipsum Foundation,328,False,328,340,272,False,False,False,0,False,False,False,272,340,68,0.0327868852459016,True,False,False
95431176007,Mi Enim Corporation,329,False,329,323,311,False,False,False,0,False,False,False,311,329,18,0.0327868852459016,True,False,False
66667026714,Sit Amet Risus Foundation,330,False,330,438,296,False,False,False,0,False,False,False,296,438,142,0.0655737704918032,False,False,False
76251945060,Tempor Arcu Corp.,331,False,331,428,181,False,False,False,0,False,False,False,181,428,247,0.0327868852459016,True,False,False
46817474676,Nec Orci Company,332,False,332,270,374,False,False,False,0,False,False,False,270,374,104,0.0655737704918032,False,False,False
37967061831,Nullam Foundation,333,False,333,282,454,False,False,False,0,False,False,False,282,454,172,0.0327868852459016,True,False,False
46451548968,Tempus Eu Ligula Limited,334,False,334,314,463,False,False,False,0,False,False,False,314,463,149,0.0327868852459016,True,False,False
92284330384,Id Risus Quis Consulting,335,False,335,431,223,False,False,False,0,False,False,False,223,431,208,0.0327868852459016,True,False,False
28687004922,Eget Company,336,False,336,315,424,False,False,False,0,False,False,False,315,424,109,0.0983606557377049,False,False,False
34459028045,Tellus Eu Inc.,337,False,337,376,238,False,False,False,0,False,False,False,238,376,138,0.0327868852459016,True,False,False
67797658023,Enim Mi Ltd,338,False,338,392,369,False,False,False,0,False,False,False,338,392,54,0.0655737704918032,False,False,False
17934773261,Fringilla LLP,339,False,339,362,380,False,False,False,0,False,False,False,339,380,41,0.0327868852459016,True,False,False
96244711717,Cras Sed Leo Corp.,340,False,340,528,178,False,False,False,0,False,False,False,178,528,350,0.0327868852459016,True,False,False
67690172512,Purus Accumsan Associates,341,False,341,474,184,False,False,False,0,False,False,False,184,474,290,0.0327868852459016,True,False,False
24989367414,Hendrerit A Arcu Foundation,342,False,342,269,271,False,False,False,0,False,False,False,269,342,73,0.0327868852459016,True,False,False
71759376949,Pharetra Corp.,343,False,343,228,473,False,False,False,0,False,False,False,228,473,245,0.2131147540983606,False,False,False
33233265647,Felis Corporation,344,False,344,311,325,False,False,False,0,False,False,False,311,344,33,0.0327868852459016,True,False,False
51016899219,Dolor Fusce Industries,345,False,345,277,476,False,False,False,0,False,False,False,277,476,199,0.0327868852459016,True,False,False
72673996108,Donec Sollicitudin LLC,346,False,346,351,404,False,False,False,0,False,False,False,346,404,58,0.0327868852459016,True,False,False
47459279421,Aliquam Gravida PC,347,False,347,295,397,False,False,False,0,False,False,False,295,397,102,0.0327868852459016,True,False,False
23255291705,Interdum Nunc Sollicitudin Foundation,348,False,348,359,367,False,False,False,0,False,False,False,348,367,19,0.0327868852459016,True,False,False
58321530622,Consequat Associates,349,False,349,398,237,False,False,False,0,False,False,False,237,398,161,0.0327868852459016,True,False,False
16492082804,Et Malesuada Institute,350,False,350,402,341,False,False,False,0,False,False,False,341,402,61,0.0327868852459016,True,False,False
71961434094,Amet Diam Corporation,351,False,351,401,338,False,False,False,0,False,False,False,338,401,63,0.0655737704918032,False,False,False
88816810320,Libero Company,352,False,352,393,286,False,False,False,0,False,False,False,286,393,107,0.0327868852459016,True,False,False
80682333501,Orci Corp.,353,False,353,447,355,False,False,False,0,False,False,False,353,447,94,0.0327868852459016,True,False,False
73489866331,Eu Dui Cum Company,354,False,354,307,507,False,False,False,0,False,False,False,307,507,200,0.0327868852459016,True,False,False
27288001271,Pede Cum Institute,355,False,355,366,244,False,False,False,0,False,False,False,244,366,122,0.0327868852459016,True,False,False
62191208634,Cursus Non Egestas Foundation,356,False,356,386,441,False,False,False,0,False,False,False,356,441,85,0.1311475409836066,False,False,False
23692710924,Integer Urna Corporation,357,False,357,344,268,False,False,False,0,False,False,False,268,357,89,0.0327868852459016,True,False,False
46987545043,Lobortis Nisi Nibh PC,358,False,358,368,426,False,False,False,0,False,False,False,358,426,68,0.0655737704918032,False,False,False
72857570096,Neque Incorporated,359,False,359,397,229,False,False,False,0,False,False,False,229,397,168,0.0327868852459016,True,False,False
15359085759,Ac Urna Ut PC,360,False,360,387,306,False,False,False,0,False,False,False,306,387,81,0.0327868852459016,True,False,False
29362189014,Vestibulum Limited,361,False,361,332,410,False,False,False,0,False,False,False,332,410,78,0.0327868852459016,True,False,False
29641342749,Et Associates,362,False,362,276,478,False,False,False,0,False,False,False,276,478,202,0.0327868852459016,True,False,False
44454840859,Erat Eget Ipsum PC,363,False,363,286,502,False,False,False,0,False,False,False,286,502,216,0.0655737704918032,False,False,False
83177825742,Sed Facilisis Corp.,364,False,364,312,437,False,False,False,0,False,False,False,312,437,125,0.0327868852459016,True,False,False
25819356184,Nunc Est Foundation,365,False,365,341,240,False,False,False,0,False,False,False,240,365,125,0.0327868852459016,True,False,False
96880556465,At Lacus Quisque Institute,366,False,366,384,363,False,False,False,0,False,False,False,363,384,21,0.0327868852459016,True,False,False
89022158521,Sollicitudin Adipiscing Ltd,367,False,367,218,518,False,False,False,0,False,False,False,218,518,300,0.2459016393442623,False,False,False
67794222692,Nunc Ut Inc.,368,False,368,492,332,False,False,False,0,False,False,False,332,492,160,0.1311475409836066,False,False,False
12173100693,Quam Quis Diam Foundation,369,False,369,324,510,False,False,False,0,False,False,False,324,510,186,0.0327868852459016,True,False,False
59658193201,Id Ante Institute,370,False,370,296,570,False,False,False,0,False,False,False,296,570,274,0.0655737704918032,False,False,False
32656335530,Enim Etiam Gravida PC,371,False,371,377,450,False,False,False,0,False,False,False,371,450,79,0.0327868852459016,True,False,False
78213188724,Sem Industries,372,False,372,539,209,False,False,False,0,False,False,False,209,539,330,0.0327868852459016,True,False,False
45559085309,A Auctor Non Corporation,373,False,373,346,493,False,False,False,0,False,False,False,346,493,147,0.0327868852459016,True,False,False
29730124424,Egestas A LLP,374,False,374,473,173,False,False,False,0,False,False,False,173,473,300,0.0327868852459016,True,False,False
99938978285,Elit Dictum Eu Ltd,375,False,375,434,361,False,False,False,0,False,False,False,361,434,73,0.0327868852459016,True,False,False
43711175854,Amet Consectetuer Consulting,376,False,376,479,252,False,False,False,0,False,False,False,252,479,227,0.0327868852459016,True,False,False
31397959824,Blandit Congue In Corp.,377,False,377,251,568,False,False,False,0,False,False,False,251,568,317,0.0327868852459016,True,False,False
38646383513,Leo Elementum Foundation,378,False,378,405,385,False,False,False,0,False,False,False,378,405,27,0.0327868852459016,True,False,False
69069584766,Cras Eget Foundation,379,False,379,300,499,False,False,False,0,False,False,False,300,499,199,0.0327868852459016,True,False,False
98518649381,Nullam Scelerisque Neque Corp.,380,False,380,325,517,False,False,False,0,False,False,False,325,517,192,0.0655737704918032,False,False,False
19933438190,Dui Nec Corporation,381,False,381,448,418,False,False,False,0,False,False,False,381,448,67,0.0983606557377049,False,False,False
62583219931,Mi Lacinia Mattis Corporation,382,False,382,301,509,False,False,False,0,False,False,False,301,509,208,0.0327868852459016,True,False,False
65674339048,Aliquet Company,383,False,383,435,435,False,False,False,0,False,False,False,383,435,52,0.0655737704918032,False,False,False
37687523474,Nunc In Industries,384,False,384,381,458,False,False,False,0,False,False,False,381,458,77,0.0983606557377049,False,False,False
61845622676,Turpis In Incorporated,385,False,385,427,409,False,False,False,0,False,False,False,385,427,42,0.0983606557377049,False,False,False
28896046710,Nec Orci Ltd,386,False,386,430,328,False,False,False,0,False,False,False,328,430,102,0.0327868852459016,True,False,False
41251795489,Ultricies Sem Limited,387,False,387,369,498,False,False,False,0,False,False,False,369,498,129,0.180327868852459,False,False,False
78091331382,Turpis Foundation,388,False,388,364,376,False,False,False,0,False,False,False,364,388,24,0.0327868852459016,True,False,False
31969420866,Sed Leo Cras Incorporated,389,False,389,611,233,False,False,False,0,False,False,False,233,611,378,0.0327868852459016,True,False,False
34695415993,Ultrices Vivamus Rhoncus Associates,390,False,390,416,422,False,False,False,0,False,False,False,390,422,32,0.0327868852459016,True,False,False
70610974780,Elit Aliquam PC,391,False,391,371,567,False,False,False,0,False,False,False,371,567,196,0.0327868852459016,True,False,False
52535771754,Vel Pede Blandit Corp.,392,False,392,322,392,False,False,False,0,False,False,False,322,392,70,0.0327868852459016,True,False,False
66571984047,Volutpat Company,393,False,393,380,357,False,False,False,0,False,False,False,357,393,36,0.0327868852459016,True,False,False
29023134283,Mollis Lectus Industries,394,False,394,451,382,False,False,False,0,False,False,False,382,451,69,0.0327868852459016,True,False,False
62607401721,Tellus Phasellus Industries,395,False,395,274,469,False,False,False,0,False,False,False,274,469,195,0.0327868852459016,True,False,False
27975606844,Tempor Diam Dictum Industries,396,False,396,509,284,False,False,False,0,False,False,False,284,509,225,0.0327868852459016,True,False,False
30623214058,Mauris Eu PC,397,False,397,517,298,False,False,False,0,False,False,False,298,517,219,0.0327868852459016,True,False,False
40201093869,Justo Praesent Corporation,398,False,398,562,247,False,False,False,0,False,False,False,247,562,315,0.0327868852459016,True,False,False
51279178333,Neque LLC,399,False,399,549,318,False,False,False,0,False,False,False,318,549,231,0.0655737704918032,False,False,False
92207241352,Sem Egestas Blandit Corporation,400,False,400,379,527,False,False,False,0,False,False,False,379,527,148,0.0327868852459016,True,False,False
44160392990,Sociis Natoque Incorporated,401,False,401,476,308,False,False,False,0,False,False,False,308,476,168,0.0327868852459016,True,False,False
30389290864,Lobortis Industries,402,False,402,389,516,False,False,False,0,False,False,False,389,516,127,0.0491803278688525,True,False,False
44403753948,Urna LLC,403,False,403,334,487,False,False,False,0,False,False,False,334,487,153,0.0327868852459016,True,False,False
13118172970,Placerat Cras Incorporated,404,False,404,360,515,False,False,False,0,False,False,False,360,515,155,0.0327868852459016,True,False,False
86871438193,Nunc Interdum Inc.,405,False,405,328,455,False,False,False,0,False,False,False,328,455,127,0.0327868852459016,True,False,False
41747634618,Dolor Fusce Mi Incorporated,406,False,406,477,329,False,False,False,0,False,False,False,329,477,148,0.0327868852459016,True,False,False
86174823628,Eget Ipsum Suspendisse Industries,407,False,407,486,299,False,False,False,0,False,False,False,299,486,187,0.0327868852459016,True,False,False
88795682549,Elit Sed Consequat LLC,408,False,408,475,305,False,False,False,0,False,False,False,305,475,170,0.0327868852459016,True,False,False
73256306726,Id LLP,409,False,409,358,582,False,False,False,0,False,False,False,358,582,224,0.0327868852459016,True,False,False
67174003021,Eget Mollis Incorporated,410,False,410,515,287,False,False,False,0,False,False,False,287,515,228,0.0327868852459016,True,False,False
40996886558,Ut Pharetra Sed Limited,411,False,411,496,262,False,False,False,0,False,False,False,262,496,234,0.0327868852459016,True,False,False
17431888602,Metus Inc.,412,False,412,395,362,False,False,False,0,False,False,False,362,412,50,0.0327868852459016,True,False,False
62773208456,Ac Institute,413,False,413,437,462,False,False,False,0,False,False,False,413,462,49,0.0655737704918032,False,False,False
23527526869,Tellus Phasellus Corporation,414,False,414,320,534,False,False,False,0,False,False,False,320,534,214,0.0327868852459016,True,False,False
87964227397,Vestibulum Lorem Incorporated,415,False,415,466,360,False,False,False,0,False,False,False,360,466,106,0.0327868852459016,True,False,False
23109950638,Etiam Bibendum Fermentum LLC,416,False,416,373,592,False,False,False,0,False,False,False,373,592,219,0.0327868852459016,True,False,False
70052129860,Donec Tempus Lorem Company,417,False,417,493,444,False,False,False,0,False,False,False,417,493,76,0.0327868852459016,True,False,False
18645942609,Pellentesque A LLP,418,False,418,510,340,False,False,False,0,False,False,False,340,510,170,0.0327868852459016,True,False,False
36066395091,Tristique LLC,419,False,419,350,387,False,False,False,0,False,False,False,350,419,69,0.0327868852459016,True,False,False
74391255526,Vitae Semper Egestas Foundation,420,False,420,465,416,False,False,False,0,False,False,False,416,465,49,0.0327868852459016,True,False,False
93260450766,Condimentum Limited,421,False,421,313,513,False,False,False,0,False,False,False,313,513,200,0.0327868852459016,True,False,False
22206721435,Suspendisse Aliquet LLC,422,False,422,406,577,False,False,False,0,False,False,False,406,577,171,0.0327868852459016,True,False,False
29122719261,Risus Quisque Corp.,423,False,423,501,321,False,False,False,0,False,False,False,321,501,180,0.0327868852459016,True,False,False
78905182348,Urna Incorporated,424,False,424,348,521,False,False,False,0,False,False,False,348,521,173,0.0327868852459016,True,False,False
40272107679,Lobortis Augue Incorporated,425,False,425,374,488,False,False,False,0,False,False,False,374,488,114,0.0327868852459016,True,False,False
61080648284,Lobortis Ultrices LLC,426,False,426,275,563,False,False,False,0,False,False,False,275,563,288,0.0327868852459016,True,False,False
45946543693,Egestas Hendrerit LLP,427,False,427,354,379,False,False,False,0,False,False,False,354,427,73,0.0327868852459016,True,False,False
25674631453,Venenatis Lacus Etiam Incorporated,428,False,428,450,388,False,False,False,0,False,False,False,388,450,62,0.0327868852459016,True,False,False
14430838529,Magna A Neque LLC,429,False,429,446,474,False,False,False,0,False,False,False,429,474,45,0.1967213114754098,False,False,False
86182863634,Luctus Vulputate Nisi Institute,430,False,430,400,486,False,False,False,0,False,False,False,400,486,86,0.0327868852459016,True,False,False
89536028092,Mauris Rhoncus LLC,431,False,431,590,342,False,False,False,0,False,False,False,342,590,248,0.0327868852459016,True,False,False
18935690984,Semper Et Consulting,432,False,432,349,439,False,False,False,0,False,False,False,349,439,90,0.0327868852459016,True,False,False
87457891433,Magna Sed Incorporated,433,False,433,597,283,False,False,False,0,False,False,False,283,597,314,0.0327868852459016,True,False,False
19237425345,A Scelerisque Associates,434,False,434,506,456,False,False,False,0,False,False,False,434,506,72,0.0327868852459016,True,False,False
12543580354,Ut Aliquam Corp.,435,False,435,394,393,False,False,False,0,False,False,False,393,435,42,0.0327868852459016,True,False,False
13812221471,Eget Massa Associates,436,False,436,326,619,False,False,False,0,False,False,False,326,619,293,0.0327868852459016,True,False,False
97861055416,Morbi Neque Inc.,437,False,437,498,520,False,False,False,0,False,False,False,437,520,83,0.0327868852459016,True,False,False
47374330858,Aliquam Ultrices Iaculis Corporation,438,False,438,454,479,False,False,False,0,False,False,False,438,479,41,0.0327868852459016,True,False,False
33138327540,Fermentum Convallis Ltd,439,False,439,589,317,False,False,False,0,False,False,False,317,589,272,0.0327868852459016,True,False,False
68209747287,Purus Duis Institute,440,False,440,433,585,False,False,False,0,False,False,False,433,585,152,0.0327868852459016,True,False,False
27179144904,Risus Donec LLC,441,False,441,487,451,False,False,False,0,False,False,False,441,487,46,0.0327868852459016,True,False,False
28681229636,Elementum At LLP,442,False,442,443,467,False,False,False,0,False,False,False,442,467,25,0.0327868852459016,True,False,False
21807339153,Praesent Eu LLP,443,False,443,529,494,False,False,False,0,False,False,False,443,529,86,0.0327868852459016,True,False,False
49125619545,Adipiscing Elit Curabitur PC,444,False,444,319,654,False,False,False,0,False,False,False,319,654,335,0.0327868852459016,True,False,False
64974914166,Consectetuer Adipiscing Elit LLC,445,False,445,525,421,False,False,False,0,False,False,False,421,525,104,0.0327868852459016,True,False,False
43356103768,Odio Limited,446,False,446,339,593,False,False,False,0,False,False,False,339,593,254,0.0327868852459016,True,False,False
41383736952,Lacus Vestibulum Institute,447,False,447,533,496,False,False,False,0,False,False,False,447,533,86,0.0327868852459016,True,False,False
44780100984,Quam Quis Consulting,448,False,448,390,584,False,False,False,0,False,False,False,390,584,194,0.0327868852459016,True,False,False
42150648766,Nec Mollis Corp.,449,False,449,343,489,False,False,False,0,False,False,False,343,489,146,0.0327868852459016,True,False,False
71350572766,Dictum Placerat Augue Foundation,450,False,450,536,485,False,False,False,0,False,False,False,450,536,86,0.0983606557377049,False,False,False
61447419161,Mollis Dui In LLP,451,False,451,460,492,False,False,False,0,False,False,False,451,492,41,0.0983606557377049,False,False,False
11700214701,Vitae Aliquam Incorporated,452,False,452,556,336,False,False,False,0,False,False,False,336,556,220,0.0327868852459016,True,False,False
27500085887,Vitae Posuere Industries,453,False,453,418,597,False,False,False,0,False,False,False,418,597,179,0.0327868852459016,True,False,False
43671774465,Condimentum Donec At Ltd,454,False,454,565,366,False,False,False,0,False,False,False,366,565,199,0.0327868852459016,True,False,False
90599617648,Mollis Integer Company,455,False,455,494,413,False,False,False,0,False,False,False,413,494,81,0.0327868852459016,True,False,False
80109801322,In Faucibus LLP,456,False,456,399,564,False,False,False,0,False,False,False,399,564,165,0.0983606557377049,False,False,False
69666829657,Sem Ut Institute,457,False,457,518,482,False,False,False,0,False,False,False,457,518,61,0.0327868852459016,True,False,False
77690613296,Cursus Et Eros Corp.,458,False,458,429,440,False,False,False,0,False,False,False,429,458,29,0.0327868852459016,True,False,False
83815730799,Feugiat Metus Sit Industries,459,False,459,335,604,False,False,False,0,False,False,False,335,604,269,0.0327868852459016,True,False,False
17678252870,Faucibus Morbi Foundation,460,False,460,578,356,False,False,False,0,False,False,False,356,578,222,0.0327868852459016,True,False,False
27251742541,Malesuada Institute,461,False,461,419,560,False,False,False,0,False,False,False,419,560,141,0.0327868852459016,True,False,False
92980848589,Maecenas Industries,462,False,462,514,300,False,False,False,0,False,False,False,300,514,214,0.0327868852459016,True,False,False
61997656782,Mauris Erat Ltd,463,False,463,453,483,False,False,False,0,False,False,False,453,483,30,0.0327868852459016,True,False,False
33163130598,Id Ante Associates,464,False,464,441,348,False,False,False,0,False,False,False,348,464,116,0.0327868852459016,True,False,False
89260537373,Feugiat Incorporated,465,False,465,432,432,False,False,False,0,False,False,False,432,465,33,0.0327868852459016,True,False,False
11199348915,Orci Luctus PC,466,False,466,552,398,False,False,False,0,False,False,False,398,552,154,0.0327868852459016,True,False,False
15912561882,Nullam Nisl Institute,467,False,467,404,618,False,False,False,0,False,False,False,404,618,214,0.0327868852459016,True,False,False
55430629945,Metus Facilisis Associates,468,False,468,609,434,False,False,False,0,False,False,False,434,609,175,0.0327868852459016,True,False,False
52160665475,Mauris Associates,469,False,469,330,666,False,False,False,0,False,False,False,330,666,336,0.0655737704918032,False,False,False
57021295485,Enim Etiam Imperdiet Limited,470,False,470,659,302,False,False,False,0,False,False,False,302,659,357,0.0327868852459016,True,False,False
43650058736,Malesuada Consulting,471,False,471,603,327,False,False,False,0,False,False,False,327,603,276,0.0327868852459016,True,False,False
46877655150,Vivamus Molestie Foundation,472,False,472,467,420,False,False,False,0,False,False,False,420,472,52,0.0327868852459016,True,False,False
93644338786,Consectetuer Cursus Inc.,473,False,473,378,688,False,False,False,0,False,False,False,378,688,310,0.0327868852459016,True,False,False
45899477665,At Incorporated,474,False,474,370,543,False,False,False,0,False,False,False,370,543,173,0.0327868852459016,True,False,False
45466221547,Eu LLC,475,False,475,464,549,False,False,False,0,False,False,False,464,549,85,0.0655737704918032,False,False,False
74142277711,Et Magnis Associates,476,False,476,403,384,False,False,False,0,False,False,False,384,476,92,0.0327868852459016,True,False,False
35809331583,Euismod In LLC,477,False,477,414,354,False,False,False,0,False,False,False,354,477,123,0.0655737704918032,False,False,False
75559137486,Velit Dui Inc.,478,False,478,424,596,False,False,False,0,False,False,False,424,596,172,0.0327868852459016,True,False,False
98472033309,Semper Associates,479,False,479,461,541,False,False,False,0,False,False,False,461,541,80,0.0327868852459016,True,False,False
46607130088,Vivamus Sit Consulting,480,False,480,457,598,False,False,False,0,False,False,False,457,598,141,0.0327868852459016,True,False,False
58392414752,Mattis Ornare Lectus Inc.,481,False,481,440,617,False,False,False,0,False,False,False,440,617,177,0.2459016393442623,False,False,False
30417042223,Mauris Morbi Ltd,482,False,482,415,425,False,False,False,0,False,False,False,415,482,67,0.0327868852459016,True,False,False
49278214714,Augue Malesuada LLP,483,False,483,468,538,False,False,False,0,False,False,False,468,538,70,0.0327868852459016,True,False,False
66818634899,In Scelerisque Inc.,484,False,484,436,429,False,False,False,0,False,False,False,429,484,55,0.0491803278688525,True,False,False
99275601275,Proin Velit Sed Foundation,485,False,485,485,531,False,False,False,0,False,False,False,485,531,46,0.1639344262295081,False,False,False
17950989709,A Dui Institute,486,False,486,426,700,False,False,False,0,False,False,False,426,700,274,0.0327868852459016,True,False,False
90348927972,Sed Auctor Industries,487,False,487,444,365,False,False,False,0,False,False,False,365,487,122,0.0327868852459016,True,False,False
52242018594,Aliquet Diam Sed Limited,488,False,488,541,445,False,False,False,0,False,False,False,445,541,96,0.0327868852459016,True,False,False
57289898526,Mi Felis Adipiscing LLC,489,False,489,502,581,False,False,False,0,False,False,False,489,581,92,0.0327868852459016,True,False,False
22526511302,Semper Et Incorporated,490,False,490,410,586,False,False,False,0,False,False,False,410,586,176,0.0327868852459016,True,False,False
99053443481,Nunc Ac Incorporated,491,False,491,587,353,False,False,False,0,False,False,False,353,587,234,0.0327868852459016,True,False,False
48997695741,Lorem Tristique Institute,492,False,492,471,589,False,False,False,0,False,False,False,471,589,118,0.0327868852459016,True,False,False
71178069190,Auctor Velit Eget LLC,493,False,493,512,408,False,False,False,0,False,False,False,408,512,104,0.0327868852459016,True,False,False
28556213345,Eu Augue Ltd,494,False,494,625,330,False,False,False,0,False,False,False,330,625,295,0.0327868852459016,True,False,False
57566534349,Class Aptent PC,495,False,495,499,626,False,False,False,0,False,False,False,495,626,131,0.0327868852459016,True,False,False
15582655078,Eu Odio Phasellus Corp.,496,False,496,495,511,False,False,False,0,False,False,False,495,511,16,0.0327868852459016,True,False,False
60706491699,Gravida Praesent Corp.,497,False,497,470,641,False,False,False,0,False,False,False,470,641,171,0.0327868852459016,True,False,False
27504885147,Enim Ltd,498,False,498,484,461,False,False,False,0,False,False,False,461,498,37,0.0327868852459016,True,False,False
34726792617,Purus Mauris Associates,499,False,499,532,554,False,False,False,0,False,False,False,499,554,55,0.0327868852459016,True,False,False
25235376304,Pellentesque Tellus Associates,500,False,500,591,508,False,False,False,0,False,False,False,500,591,91,0.0327868852459016,True,False,False
99514198047,Ultricies Dignissim Lacus Corp.,501,False,501,675,313,False,False,False,0,False,False,False,313,675,362,0.0327868852459016,True,False,False
81877438808,Tempor Arcu Vestibulum Limited,502,False,502,586,490,False,False,False,0,False,False,False,490,586,96,0.0327868852459016,True,False,False
71236652596,Risus Nulla Eget Consulting,503,False,503,421,650,False,False,False,0,False,False,False,421,650,229,0.0327868852459016,True,False,False
98861937890,Metus Institute,504,False,504,572,452,False,False,False,0,False,False,False,452,572,120,0.0327868852459016,True,False,False
79269463423,Egestas Fusce Aliquet Company,505,False,505,420,633,False,False,False,0,False,False,False,420,633,213,0.0327868852459016,True,False,False
83412691377,Suspendisse Sagittis Nullam Associates,506,False,506,607,506,False,False,False,0,False,False,False,506,607,101,0.0327868852459016,True,False,False
15903176024,Adipiscing Elit PC,507,False,507,489,512,False,False,False,0,False,False,False,489,512,23,0.0327868852459016,True,False,False
75372814642,Nec LLC,508,False,508,500,378,False,False,False,0,False,False,False,378,508,130,0.0327868852459016,True,False,False
22997201471,A Malesuada Id Institute,509,False,509,635,414,False,False,False,0,False,False,False,414,635,221,0.0327868852459016,True,False,False
24715277505,Auctor Limited,510,False,510,463,565,False,False,False,0,False,False,False,463,565,102,0.0327868852459016,True,False,False
18653260078,Maecenas Mi LLC,511,False,511,382,663,False,False,False,0,False,False,False,382,663,281,0.0327868852459016,True,False,False
13255205539,In Aliquet Inc.,512,False,512,574,319,False,False,False,0,False,False,False,319,574,255,0.0327868852459016,True,False,False
94072762560,Natoque Consulting,513,False,513,503,576,False,False,False,0,False,False,False,503,576,73,0.0327868852459016,True,False,False
60813622669,Auctor Velit Consulting,514,False,514,442,453,False,False,False,0,False,False,False,442,514,72,0.0327868852459016,True,False,False
11944993446,Tincidunt Dui Corp.,515,False,515,408,601,False,False,False,0,False,False,False,408,601,193,0.0327868852459016,True,False,False
44473011453,Magnis Inc.,516,False,516,575,315,False,False,False,0,False,False,False,315,575,260,0.0327868852459016,True,False,False
33651513345,Amet Lorem Ltd,517,False,517,469,504,False,False,False,0,False,False,False,469,517,48,0.0327868852459016,True,False,False
54705111450,Eleifend Non Inc.,518,False,518,608,561,False,False,False,0,False,False,False,518,608,90,0.0327868852459016,True,False,False
40252040480,Luctus Felis Purus Corp.,519,False,519,550,460,False,False,False,0,False,False,False,460,550,90,0.0327868852459016,True,False,False
11017796471,Sodales Mauris Consulting,520,False,520,662,433,False,False,False,0,False,False,False,433,662,229,0.0327868852459016,True,False,False
20520680348,Blandit Mattis Company,521,False,521,417,559,False,False,False,0,False,False,False,417,559,142,0.0327868852459016,True,False,False
14058755389,Vel Mauris Integer Limited,522,False,522,361,697,False,False,False,0,False,False,False,361,697,336,0.0327868852459016,True,False,False
14492521225,Praesent Eu Associates,523,False,523,534,613,False,False,False,0,False,False,False,523,613,90,0.0983606557377049,False,False,False
48256546416,Consequat Incorporated,524,False,524,573,428,False,False,False,0,False,False,False,428,573,145,0.0327868852459016,True,False,False
71381535323,Faucibus Leo In Corp.,525,False,525,449,630,False,False,False,0,False,False,False,449,630,181,0.0327868852459016,True,False,False
84057522285,Egestas Ligula Industries,526,False,526,439,718,False,False,False,0,False,False,False,439,718,279,0.0327868852459016,True,False,False
71041015148,Orci Ltd,527,False,527,522,600,False,False,False,0,False,False,False,522,600,78,0.0655737704918032,False,False,False
19573722372,Faucibus Orci Incorporated,528,False,528,520,628,False,False,False,0,False,False,False,520,628,108,0.0327868852459016,True,False,False
88249446460,Pellentesque Habitant Morbi Institute,529,False,529,497,544,False,False,False,0,False,False,False,497,544,47,0.0327868852459016,True,False,False
38488456221,In Cursus Consulting,530,False,530,544,537,False,False,False,0,False,False,False,530,544,14,0.0327868852459016,True,False,False
83414869405,Hendrerit Donec Corporation,531,False,531,462,679,False,False,False,0,False,False,False,462,679,217,0.0327868852459016,True,False,False
32451620193,Malesuada Augue PC,532,False,532,538,394,False,False,False,0,False,False,False,394,538,144,0.0327868852459016,True,False,False
16256895427,Tempus Non Foundation,533,False,533,423,765,False,False,False,0,False,False,False,423,765,342,0.0327868852459016,True,False,False
57554365043,Et Consulting,534,False,534,582,574,False,False,False,0,False,False,False,534,582,48,0.0327868852459016,True,False,False
50755717212,Iaculis Odio LLP,535,False,535,523,603,False,False,False,0,False,False,False,523,603,80,0.0327868852459016,True,False,False
88563451053,Nisi PC,536,False,536,412,667,False,False,False,0,False,False,False,412,667,255,0.0327868852459016,True,False,False
46674437504,Mi Enim Foundation,537,False,537,488,638,False,False,False,0,False,False,False,488,638,150,0.0327868852459016,True,False,False
75566438995,Vivamus Nisi Mauris Inc.,538,False,538,535,656,False,False,False,0,False,False,False,535,656,121,0.0327868852459016,True,False,False
92990617267,Malesuada Malesuada Integer Inc.,539,False,539,422,723,False,False,False,0,False,False,False,422,723,301,0.0327868852459016,True,False,False
60050955776,Libero Integer Industries,540,False,540,638,405,False,False,False,0,False,False,False,405,638,233,0.0327868852459016,True,False,False
11841065357,Eu Tellus Industries,541,False,541,531,477,False,False,False,0,False,False,False,477,541,64,0.0327868852459016,True,False,False
58715026442,Eget Incorporated,542,False,542,554,553,False,False,False,0,False,False,False,542,554,12,0.0327868852459016,True,False,False
52606147371,Mi Ac Foundation,543,False,543,490,519,False,False,False,0,False,False,False,490,543,53,0.0327868852459016,True,False,False
65204103269,Est Ac Mattis Ltd,544,False,544,482,642,False,False,False,0,False,False,False,482,642,160,0.0327868852459016,True,False,False
26445720989,Donec Limited,545,False,545,511,566,False,False,False,0,False,False,False,511,566,55,0.0327868852459016,True,False,False
97886307095,Ullamcorper Institute,546,False,546,579,390,False,False,False,0,False,False,False,390,579,189,0.0327868852459016,True,False,False
26844395593,Arcu Ac Inc.,547,False,547,480,690,False,False,False,0,False,False,False,480,690,210,0.0327868852459016,True,False,False
69425596520,Mus Donec Corp.,548,False,548,526,523,False,False,False,0,False,False,False,523,548,25,0.0327868852459016,True,False,False
53062283717,Mi Felis Adipiscing Company,549,False,549,452,704,False,False,False,0,False,False,False,452,704,252,0.0327868852459016,True,False,False
10714068705,Sollicitudin Commodo Ipsum Industries,550,False,550,762,312,False,False,False,0,False,False,False,312,762,450,0.0327868852459016,True,False,False
47086412084,Eros Limited,551,False,551,584,605,False,False,False,0,False,False,False,551,605,54,0.0491803278688525,True,False,False
14639489823,Auctor Mauris Incorporated,552,False,552,491,501,False,False,False,0,False,False,False,491,552,61,0.0327868852459016,True,False,False
31823794994,Dolor Dapibus LLC,553,False,553,670,294,False,False,False,0,False,False,False,294,670,376,0.0491803278688525,True,False,False
85978665515,Euismod LLC,554,False,554,616,471,False,False,False,0,False,False,False,471,616,145,0.0327868852459016,True,False,False
22469567189,Quam Dignissim Pharetra Consulting,555,False,555,504,468,False,False,False,0,False,False,False,468,555,87,0.0327868852459016,True,False,False
65122248893,Egestas Hendrerit Neque Institute,556,False,556,516,681,False,False,False,0,False,False,False,516,681,165,0.1639344262295081,False,False,False
25228131129,Quisque Nonummy Ltd,557,False,557,654,484,False,False,False,0,False,False,False,484,654,170,0.0327868852459016,True,False,False
32530636640,Hendrerit Foundation,558,False,558,745,449,False,False,False,0,False,False,False,449,745,296,0.0327868852459016,True,False,False
11285988014,Tincidunt Pede Company,559,False,559,481,649,False,False,False,0,False,False,False,481,649,168,0.0327868852459016,True,False,False
98722839745,Interdum Ligula Eu Corp.,560,False,560,530,643,False,False,False,0,False,False,False,530,643,113,0.0327868852459016,True,False,False
38591231051,Lectus Sit Inc.,561,False,561,706,383,False,False,False,0,False,False,False,383,706,323,0.0327868852459016,True,False,False
32894483068,Non Egestas LLP,562,False,562,629,412,False,False,False,0,False,False,False,412,629,217,0.0327868852459016,True,False,False
98268965514,Vulputate LLC,563,False,563,588,524,False,False,False,0,False,False,False,524,588,64,0.0327868852459016,True,False,False
61085944703,Vestibulum Mauris Institute,564,False,564,658,335,False,False,False,0,False,False,False,335,658,323,0.0655737704918032,False,False,False
27022400550,Id Mollis Nec Corp.,565,False,565,472,631,False,False,False,0,False,False,False,472,631,159,0.0327868852459016,True,False,False
97264771172,Lobortis Foundation,566,False,566,571,591,False,False,False,0,False,False,False,566,591,25,0.0327868852459016,True,False,False
31334588839,Lacus Aliquam Corporation,567,False,567,407,548,False,False,False,0,False,False,False,407,567,160,0.180327868852459,False,False,False
72897360319,Sapien Imperdiet Ornare Consulting,568,False,568,610,400,False,False,False,0,False,False,False,400,610,210,0.0327868852459016,True,False,False
50589958690,Nibh Quisque Corp.,569,False,569,483,774,False,False,False,0,False,False,False,483,774,291,0.0327868852459016,True,False,False
42807026185,Nunc Laoreet Incorporated,570,False,570,619,443,False,False,False,0,False,False,False,443,619,176,0.0327868852459016,True,False,False
64127544910,Nulla In Associates,571,False,571,679,529,False,False,False,0,False,False,False,529,679,150,0.0327868852459016,True,False,False
63978837398,In Tincidunt PC,572,False,572,411,710,False,False,False,0,False,False,False,411,710,299,0.0327868852459016,True,False,False
87717092177,Lacinia Mattis Corp.,573,False,573,478,782,False,False,False,0,False,False,False,478,782,304,0.0327868852459016,True,False,False
46116141083,Nisi LLP,574,False,574,605,556,False,False,False,0,False,False,False,556,605,49,0.0327868852459016,True,False,False
46654841462,Iaculis Enim Corp.,575,False,575,647,339,False,False,False,0,False,False,False,339,647,308,0.0327868852459016,True,False,False
66567150019,Cursus In Foundation,576,False,576,545,703,False,False,False,0,False,False,False,545,703,158,0.0327868852459016,True,False,False
43159973833,Nulla Tincidunt Corporation,577,False,577,508,569,False,False,False,0,False,False,False,508,577,69,0.0327868852459016,True,False,False
83323591742,Eget Dictum Limited,578,False,578,643,550,False,False,False,0,False,False,False,550,643,93,0.0327868852459016,True,False,False
55417076134,Posuere Enim Nisl PC,579,False,579,425,808,False,False,False,0,False,False,False,425,808,383,0.0327868852459016,True,False,False
92895607850,Risus PC,580,False,580,724,346,False,False,False,0,False,False,False,346,724,378,0.2131147540983606,False,False,False
80995075637,Facilisis Suspendisse Inc.,581,False,581,636,640,False,False,False,0,False,False,False,581,640,59,0.0327868852459016,True,False,False
29936037423,Sodales Incorporated,582,False,582,747,535,False,False,False,0,False,False,False,535,747,212,0.0327868852459016,True,False,False
73527950332,Orci Ut Ltd,583,False,583,577,557,False,False,False,0,False,False,False,557,583,26,0.0327868852459016,True,False,False
74553285516,Eros LLP,584,False,584,455,657,False,False,False,0,False,False,False,455,657,202,0.0327868852459016,True,False,False
27109170541,Leo Vivamus Associates,585,False,585,580,662,False,False,False,0,False,False,False,580,662,82,0.0327868852459016,True,False,False
80508375382,Pharetra Nibh Institute,586,False,586,644,481,False,False,False,0,False,False,False,481,644,163,0.0327868852459016,True,False,False
79928754880,Habitant Morbi Company,587,False,587,782,358,False,False,False,0,False,False,False,358,782,424,0.1639344262295081,False,False,False
23540152063,Nulla Cras Limited,588,False,588,695,359,False,False,False,0,False,False,False,359,695,336,0.0327868852459016,True,False,False
66678764219,Vulputate Posuere Vulputate Foundation,589,False,589,445,784,False,False,False,0,False,False,False,445,784,339,0.0327868852459016,True,False,False
16452078130,In Sodales PC,590,False,590,595,522,False,False,False,0,False,False,False,522,595,73,0.0327868852459016,True,False,False
79198689842,Donec Luctus Industries,591,False,591,692,532,False,False,False,0,False,False,False,532,692,160,0.0327868852459016,True,False,False
31736633670,Vel Pede Blandit Corporation,592,False,592,641,580,False,False,False,0,False,False,False,580,641,61,0.0327868852459016,True,False,False
16286338734,Vitae PC,593,False,593,566,725,False,False,False,0,False,False,False,566,725,159,0.0327868852459016,True,False,False
99904689266,Dictum Eu Ltd,594,False,594,561,607,False,False,False,0,False,False,False,561,607,46,0.0327868852459016,True,False,False
73918814753,Venenatis Lacus Etiam LLC,595,False,595,678,331,False,False,False,0,False,False,False,331,678,347,0.1639344262295081,False,False,False
90918180829,Pharetra Quisque Company,596,False,596,542,322,False,False,False,0,False,False,False,322,596,274,0.0983606557377049,False,False,False
66030670083,Convallis Erat Eget Foundation,597,False,597,548,686,False,False,False,0,False,False,False,548,686,138,0.0327868852459016,True,False,False
92413760084,Mi Corp.,598,False,598,596,575,False,False,False,0,False,False,False,575,598,23,0.0327868852459016,True,False,False
25706310514,Nonummy Ltd,599,False,599,630,464,False,False,False,0,False,False,False,464,630,166,0.0327868852459016,True,False,False
52794670013,Semper Pretium Corp.,600,False,600,543,728,False,False,False,0,False,False,False,543,728,185,0.0327868852459016,True,False,False
95508140753,Ullamcorper Velit Ltd,601,False,601,546,695,False,False,False,0,False,False,False,546,695,149,0.0327868852459016,True,False,False
55958301764,Eget Magna Ltd,602,False,602,599,438,False,False,False,0,False,False,False,438,602,164,0.0327868852459016,True,False,False
75089928159,Porttitor Vulputate Limited,603,False,603,618,722,False,False,False,0,False,False,False,603,722,119,0.0983606557377049,False,False,False
14961279222,Lacinia At Inc.,604,False,604,593,637,False,False,False,0,False,False,False,593,637,44,0.0327868852459016,True,False,False
57480173036,Dolor Sit Incorporated,605,False,605,652,407,False,False,False,0,False,False,False,407,652,245,0.0327868852459016,True,False,False
87639550697,Mauris Consulting,606,False,606,563,668,False,False,False,0,False,False,False,563,668,105,0.0655737704918032,False,False,False
60023412760,Eleifend Vitae Erat Corporation,607,False,607,507,821,False,False,False,0,False,False,False,507,821,314,0.0327868852459016,True,False,False
19618998054,Morbi Accumsan Industries,608,False,608,686,587,False,False,False,0,False,False,False,587,686,99,0.0983606557377049,False,False,False
87998844202,A Corp.,609,False,609,620,673,False,False,False,0,False,False,False,609,673,64,0.0327868852459016,True,False,False
18303734841,Sollicitudin Orci Ltd,610,False,610,513,720,False,False,False,0,False,False,False,513,720,207,0.0327868852459016,True,False,False
92636306985,Ornare Incorporated,611,False,611,637,540,False,False,False,0,False,False,False,540,637,97,0.0327868852459016,True,False,False
10264435225,Ipsum Primis Ltd,612,False,612,734,459,False,False,False,0,False,False,False,459,734,275,0.0327868852459016,True,False,False
38603393734,Amet Inc.,613,False,613,653,505,False,False,False,0,False,False,False,505,653,148,0.0327868852459016,True,False,False
39211701585,Diam Eu Dolor PC,614,False,614,583,664,False,False,False,0,False,False,False,583,664,81,0.0327868852459016,True,False,False
48624093501,Mi Consulting,615,False,615,719,427,False,False,False,0,False,False,False,427,719,292,0.0327868852459016,True,False,False
18582096775,Quis Tristique Ltd,616,False,616,642,579,False,False,False,0,False,False,False,579,642,63,0.0327868852459016,True,False,False
82179892802,Lacus Mauris Limited,617,False,617,559,547,False,False,False,0,False,False,False,547,617,70,0.0327868852459016,True,False,False
41170595493,Et Ultrices Company,618,False,618,592,752,False,False,False,0,False,False,False,592,752,160,0.0327868852459016,True,False,False
15790540567,Integer Foundation,619,False,619,613,702,False,False,False,0,False,False,False,613,702,89,0.0327868852459016,True,False,False
51959118092,Elementum Lorem Industries,620,False,620,524,694,False,False,False,0,False,False,False,524,694,170,0.0327868852459016,True,False,False
60061691817,Enim Mi Institute,621,False,621,456,777,False,False,False,0,False,False,False,456,777,321,0.0327868852459016,True,False,False
85490345732,Mauris Blandit Consulting,622,False,622,784,545,False,False,False,0,False,False,False,545,784,239,0.0327868852459016,True,False,False
23026499747,Metus Aenean Inc.,623,False,623,765,442,False,False,False,0,False,False,False,442,765,323,0.0327868852459016,True,False,False
71518311042,Aliquam Adipiscing Company,624,False,624,581,766,False,False,False,0,False,False,False,581,766,185,0.0327868852459016,True,False,False
88539253623,Purus Mauris Company,625,False,625,648,446,False,False,False,0,False,False,False,446,648,202,0.0983606557377049,False,False,False
19054547079,Tincidunt Adipiscing Corp.,626,False,626,568,743,False,False,False,0,False,False,False,568,743,175,0.0327868852459016,True,False,False
96566672398,Odio Tristique Pharetra Incorporated,627,False,627,684,573,False,False,False,0,False,False,False,573,684,111,0.0327868852459016,True,False,False
63105795563,Aliquet Consulting,628,False,628,600,726,False,False,False,0,False,False,False,600,726,126,0.0327868852459016,True,False,False
81246943924,Sit Amet Diam Institute,629,False,629,640,660,False,False,False,0,False,False,False,629,660,31,0.0327868852459016,True,False,False
49758515423,Ac Turpis Egestas PC,630,False,630,685,620,False,False,False,0,False,False,False,620,685,65,0.0327868852459016,True,False,False
49536733338,Duis A Ltd,631,False,631,519,745,False,False,False,0,False,False,False,519,745,226,0.0327868852459016,True,False,False
20717993088,Lacus Vestibulum Lorem Institute,632,False,632,646,465,False,False,False,0,False,False,False,465,646,181,0.0327868852459016,True,False,False
30372130473,Semper Egestas LLP,633,False,633,757,371,False,False,False,0,False,False,False,371,757,386,0.0983606557377049,False,False,False
78327477486,Auctor Inc.,634,False,634,749,533,False,False,False,0,False,False,False,533,749,216,0.0327868852459016,True,False,False
29633331621,Augue Sed Inc.,635,False,635,774,602,False,False,False,0,False,False,False,602,774,172,0.0327868852459016,True,False,False
24015576448,Mi Eleifend Associates,636,False,636,551,790,False,False,False,0,False,False,False,551,790,239,0.1639344262295081,False,False,False
72553304202,Rhoncus Proin Nisl Limited,637,False,637,671,648,False,False,False,0,False,False,False,637,671,34,0.0327868852459016,True,False,False
39896913161,Accumsan Convallis Company,638,False,638,569,768,False,False,False,0,False,False,False,569,768,199,0.0327868852459016,True,False,False
43660707274,Nulla Integer Vulputate Ltd,639,False,639,717,610,False,False,False,0,False,False,False,610,717,107,0.0327868852459016,True,False,False
97603729191,Eu Company,640,False,640,521,879,False,False,False,0,False,False,False,521,879,358,0.0327868852459016,True,False,False
71761786483,Mauris Blandit PC,641,False,641,594,802,False,False,False,0,False,False,False,594,802,208,0.0327868852459016,True,False,False
28000487688,Sed Nunc Industries,642,False,642,634,645,False,False,False,0,False,False,False,634,645,11,0.0327868852459016,True,False,False
71094934182,Nonummy Ipsum Non LLC,643,False,643,738,614,False,False,False,0,False,False,False,614,738,124,0.0327868852459016,True,False,False
68435002949,Aliquam Eu Inc.,644,False,644,537,810,False,False,False,0,False,False,False,537,810,273,0.0327868852459016,True,False,False
21820852598,Et Tristique Consulting,645,False,645,729,503,False,False,False,0,False,False,False,503,729,226,0.0327868852459016,True,False,False
27888724678,Ut Ipsum LLC,646,False,646,547,857,False,False,False,0,False,False,False,547,857,310,0.0327868852459016,True,False,False
43321695302,Ante Limited,647,False,647,570,724,False,False,False,0,False,False,False,570,724,154,0.0327868852459016,True,False,False
66626020312,In Magna Incorporated,648,False,648,776,526,False,False,False,0,False,False,False,526,776,250,0.0327868852459016,True,False,False
49925232405,Aliquam Tincidunt Nunc PC,649,False,649,718,572,False,False,False,0,False,False,False,572,718,146,0.0327868852459016,True,False,False
73619221575,Mollis Duis Consulting,650,False,650,557,634,False,False,False,0,False,False,False,557,650,93,0.0327868852459016,True,False,False
44461622420,Tempor Arcu Associates,651,False,651,768,448,False,False,False,0,False,False,False,448,768,320,0.0327868852459016,True,False,False
47874674591,Ligula Tortor Dictum Associates,652,False,652,604,696,False,False,False,0,False,False,False,604,696,92,0.0327868852459016,True,False,False
90672655190,Nullam Vitae Foundation,653,False,653,740,599,False,False,False,0,False,False,False,599,740,141,0.0327868852459016,True,False,False
81369312244,Mauris Morbi Non Ltd,654,False,654,615,715,False,False,False,0,False,False,False,615,715,100,0.0327868852459016,True,False,False
50321300271,Augue Industries,655,False,655,693,562,False,False,False,0,False,False,False,562,693,131,0.0327868852459016,True,False,False
21232022824,Quis Massa Mauris Corporation,656,False,656,753,528,False,False,False,0,False,False,False,528,753,225,0.0327868852459016,True,False,False
46564887665,Suspendisse LLC,657,False,657,645,736,False,False,False,0,False,False,False,645,736,91,0.0327868852459016,True,False,False
79830510987,Fusce Corporation,658,False,658,576,788,False,False,False,0,False,False,False,576,788,212,0.0327868852459016,True,False,False
67019805160,Pharetra Nibh Aliquam Consulting,659,False,659,601,799,False,False,False,0,False,False,False,601,799,198,0.0327868852459016,True,False,False
46331355995,Duis Risus Corporation,660,False,660,681,672,False,False,False,0,False,False,False,660,681,21,0.0327868852459016,True,False,False
19111577631,Dictum Industries,661,False,661,558,818,False,False,False,0,False,False,False,558,818,260,0.0327868852459016,True,False,False
17055065679,Sit Amet Consectetuer Ltd,662,False,662,672,732,False,False,False,0,False,False,False,662,732,70,0.0327868852459016,True,False,False
44594244784,Dapibus Id Incorporated,663,False,663,649,760,False,False,False,0,False,False,False,649,760,111,0.0327868852459016,True,False,False
42752230305,Ut Molestie Foundation,664,False,664,766,472,False,False,False,0,False,False,False,472,766,294,0.2295081967213115,False,False,False
96781066746,Ante Vivamus Non Corporation,665,False,665,612,750,False,False,False,0,False,False,False,612,750,138,0.0327868852459016,True,False,False
39060546194,At Lacus Quisque Inc.,666,False,666,564,676,False,False,False,0,False,False,False,564,676,112,0.0327868852459016,True,False,False
46533246372,Ut Quam Inc.,667,False,667,606,781,False,False,False,0,False,False,False,606,781,175,0.0327868852459016,True,False,False
18305506006,Mollis Lectus Consulting,668,False,668,754,552,False,False,False,0,False,False,False,552,754,202,0.0327868852459016,True,False,False
10618089367,Enim Consequat Institute,669,False,669,555,848,False,False,False,0,False,False,False,555,848,293,0.0327868852459016,True,False,False
53772871046,Adipiscing Associates,670,False,670,621,571,False,False,False,0,False,False,False,571,670,99,0.0327868852459016,True,False,False
46965256386,Nonummy Fusce Corporation,671,False,671,560,789,False,False,False,0,False,False,False,560,789,229,0.0327868852459016,True,False,False
87404274320,Tincidunt Aliquam Associates,672,False,672,598,819,False,False,False,0,False,False,False,598,819,221,0.0327868852459016,True,False,False
40776514177,Sit Amet Dapibus LLC,673,False,673,657,470,False,False,False,0,False,False,False,470,673,203,0.0327868852459016,True,False,False
67810757628,Ligula Donec Limited,674,False,674,800,430,False,False,False,0,False,False,False,430,800,370,0.0491803278688525,True,False,False
11437621158,Nam Foundation,675,False,675,725,558,False,False,False,0,False,False,False,558,725,167,0.0327868852459016,True,False,False
19986358096,Hendrerit Donec Company,676,False,676,614,734,False,False,False,0,False,False,False,614,734,120,0.0327868852459016,True,False,False
80166805919,Eu Dui Foundation,677,False,677,761,665,False,False,False,0,False,False,False,665,761,96,0.0327868852459016,True,False,False
29216160692,Class Aptent LLC,678,False,678,622,675,False,False,False,0,False,False,False,622,678,56,0.0327868852459016,True,False,False
93606772530,At Arcu Vestibulum Company,679,False,679,803,480,False,False,False,0,False,False,False,480,803,323,0.0327868852459016,True,False,False
80982848464,Tempor Augue Limited,680,False,680,767,594,False,False,False,0,False,False,False,594,767,173,0.0327868852459016,True,False,False
70893725439,Luctus Curabitur Incorporated,681,False,681,567,793,False,False,False,0,False,False,False,567,793,226,0.0327868852459016,True,False,False
75090756544,Suspendisse Tristique Company,682,False,682,505,839,False,False,False,0,False,False,False,505,839,334,0.0327868852459016,True,False,False
22019664345,Molestie Sodales Foundation,683,False,683,731,497,False,False,False,0,False,False,False,497,731,234,0.0327868852459016,True,False,False
29625244690,Id Enim Inc.,684,False,684,553,908,False,False,False,0,False,False,False,553,908,355,0.0327868852459016,True,False,False
80701973278,Nunc PC,685,False,685,602,693,False,False,False,0,False,False,False,602,693,91,0.0327868852459016,True,False,False
27574779991,Pede Malesuada Company,686,False,686,710,546,False,False,False,0,False,False,False,546,710,164,0.0327868852459016,True,False,False
59450324455,Phasellus Dapibus Corporation,687,False,687,704,698,False,False,False,0,False,False,False,687,704,17,0.0327868852459016,True,False,False
48701447259,Adipiscing Lobortis Institute,688,False,688,627,807,False,False,False,0,False,False,False,627,807,180,0.0327868852459016,True,False,False
54097385985,Magna Nam Ltd,689,False,689,669,767,False,False,False,0,False,False,False,669,767,98,0.0327868852459016,True,False,False
15130143460,Integer LLP,690,False,690,665,691,False,False,False,0,False,False,False,665,691,26,0.0327868852459016,True,False,False
86223953880,Libero Et Inc.,691,False,691,624,684,False,False,False,0,False,False,False,624,691,67,0.0327868852459016,True,False,False
22953464223,Est Mauris Rhoncus Corporation,692,False,692,714,775,False,False,False,0,False,False,False,692,775,83,0.0327868852459016,True,False,False
26063968667,Dictum Eu Institute,693,False,693,752,542,False,False,False,0,False,False,False,542,752,210,0.0327868852459016,True,False,False
25370771356,Eu Tempor LLP,694,False,694,540,845,False,False,False,0,False,False,False,540,845,305,0.0327868852459016,True,False,False
40507108040,Lacinia At Institute,695,False,695,751,680,False,False,False,0,False,False,False,680,751,71,0.0327868852459016,True,False,False
91630014920,Accumsan Sed LLP,696,False,696,676,730,False,False,False,0,False,False,False,676,730,54,0.0327868852459016,True,False,False
10487253336,Laoreet Lectus Associates,697,False,697,651,625,False,False,False,0,False,False,False,625,697,72,0.0327868852459016,True,False,False
16629601490,Enim Non Foundation,698,False,698,631,583,False,False,False,0,False,False,False,583,698,115,0.0327868852459016,True,False,False
48390524826,Nec Ante Associates,699,False,699,743,661,False,False,False,0,False,False,False,661,743,82,0.0327868852459016,True,False,False
92681936901,Eget Volutpat Ornare Ltd,700,False,700,677,829,False,False,False,0,False,False,False,677,829,152,0.0327868852459016,True,False,False
28935822912,Conubia Nostra Limited,701,False,701,917,539,False,False,False,0,False,False,False,539,917,378,0.0327868852459016,True,False,False
79359610588,Eget Mollis Corp.,702,False,702,750,636,False,False,False,0,False,False,False,636,750,114,0.0327868852459016,True,False,False
92265887651,Felis Nulla PC,703,False,703,617,852,False,False,False,0,False,False,False,617,852,235,0.0327868852459016,True,False,False
18883136194,Velit Pellentesque Ultricies Foundation,704,False,704,688,621,False,False,False,0,False,False,False,621,704,83,0.0327868852459016,True,False,False
72177236569,Elit Pellentesque Inc.,705,False,705,527,903,False,False,False,0,False,False,False,527,903,376,0.0327868852459016,True,False,False
36125151647,Sed Nec Corp.,706,False,706,764,669,False,False,False,0,False,False,False,669,764,95,0.0327868852459016,True,False,False
48981211054,Nibh Phasellus Nulla PC,707,False,707,585,820,False,False,False,0,False,False,False,585,820,235,0.0327868852459016,True,False,False
14246432250,Mauris Elit Foundation,708,False,708,628,701,False,False,False,0,False,False,False,628,708,80,0.0327868852459016,True,False,False
88279777843,Ante Maecenas LLC,709,False,709,633,837,False,False,False,0,False,False,False,633,837,204,0.0327868852459016,True,False,False
60070647768,Lacinia Corp.,710,False,710,708,608,False,False,False,0,False,False,False,608,710,102,0.0327868852459016,True,False,False
71355732473,Dictum Mi Incorporated,711,False,711,792,514,False,False,False,0,False,False,False,514,792,278,0.0327868852459016,True,False,False
34398628767,Ut Pharetra Sed Inc.,712,False,712,694,785,False,False,False,0,False,False,False,694,785,91,0.0327868852459016,True,False,False
32825608803,Dapibus Quam Quis Associates,713,False,713,702,800,False,False,False,0,False,False,False,702,800,98,0.0327868852459016,True,False,False
15253672771,Nascetur Ridiculus LLC,714,False,714,715,705,False,False,False,0,False,False,False,705,715,10,0.0327868852459016,True,False,False
61481587663,Egestas Rhoncus Proin Inc.,715,False,715,899,536,False,False,False,0,False,False,False,536,899,363,0.0327868852459016,True,False,False
72539760068,Nunc Risus Varius Ltd,716,False,716,661,659,False,False,False,0,False,False,False,659,716,57,0.0327868852459016,True,False,False
82123916158,Egestas A Corp.,717,False,717,730,756,False,False,False,0,False,False,False,717,756,39,0.0327868852459016,True,False,False
16248082282,Phasellus Foundation,718,False,718,742,551,False,False,False,0,False,False,False,551,742,191,0.0327868852459016,True,False,False
68759076161,Erat Volutpat Corp.,719,False,719,758,629,False,False,False,0,False,False,False,629,758,129,0.1147540983606557,False,False,False
12034469787,Pede Suspendisse Corp.,720,False,720,723,717,False,False,False,0,False,False,False,717,723,6,0.0327868852459016,True,False,False
77505747217,Et Arcu LLC,721,False,721,697,670,False,False,False,0,False,False,False,670,721,51,0.0327868852459016,True,False,False
51321276923,Aenean Eget Limited,722,False,722,772,623,False,False,False,0,False,False,False,623,772,149,0.0327868852459016,True,False,False
92779316513,Nec Malesuada Industries,723,False,723,674,804,False,False,False,0,False,False,False,674,804,130,0.0327868852459016,True,False,False
89518629617,Vulputate Velit Eu Limited,724,False,724,795,738,False,False,False,0,False,False,False,724,795,71,0.0327868852459016,True,False,False
54291122944,Ipsum Primis In Inc.,725,False,725,689,838,False,False,False,0,False,False,False,689,838,149,0.0327868852459016,True,False,False
47644196714,Auctor Non Feugiat Inc.,726,False,726,707,635,False,False,False,0,False,False,False,635,726,91,0.0327868852459016,True,False,False
53123395285,Nisl Arcu Limited,727,False,727,667,905,False,False,False,0,False,False,False,667,905,238,0.0327868852459016,True,False,False
54327105512,Suscipit Nonummy Fusce Inc.,728,False,728,770,555,False,False,False,0,False,False,False,555,770,215,0.0327868852459016,True,False,False
69377909125,Urna Vivamus Institute,729,False,729,836,595,False,False,False,0,False,False,False,595,836,241,0.0327868852459016,True,False,False
77149983383,Egestas Aliquam Nec Ltd,730,False,730,705,761,False,False,False,0,False,False,False,705,761,56,0.0327868852459016,True,False,False
28208763477,Ut Molestie Ltd,731,False,731,720,721,False,False,False,0,False,False,False,720,731,11,0.0327868852459016,True,False,False
92428831060,Dapibus Gravida Ltd,732,False,732,837,653,False,False,False,0,False,False,False,653,837,184,0.0327868852459016,True,False,False
85139489422,Ut Institute,733,False,733,683,886,False,False,False,0,False,False,False,683,886,203,0.0327868852459016,True,False,False
32551640842,Erat Semper Ltd,734,False,734,623,682,False,False,False,0,False,False,False,623,734,111,0.0327868852459016,True,False,False
98533840054,Feugiat Placerat Ltd,735,False,735,783,525,False,False,False,0,False,False,False,525,783,258,0.0327868852459016,True,False,False
16058191622,Parturient Incorporated,736,False,736,660,851,False,False,False,0,False,False,False,660,851,191,0.0327868852459016,True,False,False
95896852636,Rhoncus Associates,737,False,737,696,816,False,False,False,0,False,False,False,696,816,120,0.0327868852459016,True,False,False
77679081913,Nascetur Ridiculus Foundation,738,False,738,886,611,False,False,False,0,False,False,False,611,886,275,0.0327868852459016,True,False,False
61991570212,A Ltd,739,False,739,773,759,False,False,False,0,False,False,False,739,773,34,0.0327868852459016,True,False,False
92598420603,Non Lobortis Quis LLP,740,False,740,771,646,False,False,False,0,False,False,False,646,771,125,0.0327868852459016,True,False,False
20527255332,Erat Volutpat Nulla PC,741,False,741,726,843,False,False,False,0,False,False,False,726,843,117,0.0327868852459016,True,False,False
69327757904,Ut Ipsum Ltd,742,False,742,735,795,False,False,False,0,False,False,False,735,795,60,0.0327868852459016,True,False,False
88124569339,Non Vestibulum Corp.,743,False,743,781,677,False,False,False,0,False,False,False,677,781,104,0.0327868852459016,True,False,False
12438697459,At Arcu Industries,744,False,744,664,812,False,False,False,0,False,False,False,664,812,148,0.0327868852459016,True,False,False
22155114860,Suscipit Nonummy Fusce PC,745,False,745,794,651,False,False,False,0,False,False,False,651,794,143,0.0327868852459016,True,False,False
95184414711,Ut Eros Incorporated,746,False,746,744,850,False,False,False,0,False,False,False,744,850,106,0.0327868852459016,True,False,False
72870379863,Et Eros Corp.,747,False,747,804,612,False,False,False,0,False,False,False,612,804,192,0.0327868852459016,True,False,False
17945458645,Curae Industries,748,False,748,727,754,False,False,False,0,False,False,False,727,754,27,0.0327868852459016,True,False,False
69320682085,Consequat Dolor Foundation,749,False,749,739,578,False,False,False,0,False,False,False,578,749,171,0.1639344262295081,False,False,False
80104662510,Mus Aenean Eget Limited,750,False,750,863,500,False,False,False,0,False,False,False,500,863,363,0.0655737704918032,False,False,False
23925773818,Per Conubia Nostra Ltd,751,False,751,650,714,False,False,False,0,False,False,False,650,751,101,0.0327868852459016,True,False,False
62787106107,Posuere At Velit Incorporated,752,False,752,841,647,False,False,False,0,False,False,False,647,841,194,0.0655737704918032,False,False,False
78522984877,Viverra Maecenas Iaculis Associates,753,False,753,809,590,False,False,False,0,False,False,False,590,809,219,0.0327868852459016,True,False,False
66161087361,Morbi LLC,754,False,754,690,792,False,False,False,0,False,False,False,690,792,102,0.0327868852459016,True,False,False
94732687919,Dui In Sodales Foundation,755,False,755,812,748,False,False,False,0,False,False,False,748,812,64,0.0327868852459016,True,False,False
54611298155,Tortor Dictum Corp.,756,False,756,626,972,False,False,False,0,False,False,False,626,972,346,0.0327868852459016,True,False,False
43725628716,Proin Velit Sed Limited,757,False,757,722,825,False,False,False,0,False,False,False,722,825,103,0.0327868852459016,True,False,False
59965794726,Dictum Corp.,758,False,758,737,831,False,False,False,0,False,False,False,737,831,94,0.0327868852459016,True,False,False
79941801716,Malesuada Ltd,759,False,759,778,671,False,False,False,0,False,False,False,671,778,107,0.0327868852459016,True,False,False
17107204463,Ultricies Ornare Elit Limited,760,False,760,691,859,False,False,False,0,False,False,False,691,859,168,0.0327868852459016,True,False,False
11215815177,Scelerisque Scelerisque Ltd,761,False,761,655,772,False,False,False,0,False,False,False,655,772,117,0.0327868852459016,True,False,False
43719937438,Class Aptent Taciti Industries,762,False,762,825,639,False,False,False,0,False,False,False,639,825,186,0.0327868852459016,True,False,False
14965232967,Augue Ac Ipsum Associates,763,False,763,699,861,False,False,False,0,False,False,False,699,861,162,0.0327868852459016,True,False,False
51357574333,Varius Nam Porttitor Consulting,764,False,764,843,779,False,False,False,0,False,False,False,764,843,79,0.0327868852459016,True,False,False
24043105437,Enim Nec Tempus Institute,765,False,765,709,995,False,False,False,0,False,False,False,709,995,286,0.0327868852459016,True,False,False
33064796871,Curabitur Massa Consulting,766,False,766,777,833,False,False,False,0,False,False,False,766,833,67,0.0327868852459016,True,False,False
34900312172,Arcu Sed Et Limited,767,False,767,839,588,False,False,False,0,False,False,False,588,839,251,0.1639344262295081,False,False,False
34822634769,Dolor Egestas Rhoncus PC,768,False,768,823,824,False,False,False,0,False,False,False,768,824,56,0.0655737704918032,False,False,False
26510188921,Et Nunc Institute,769,False,769,801,869,False,False,False,0,False,False,False,769,869,100,0.0327868852459016,True,False,False
43073797016,Molestie Arcu Corporation,770,False,770,712,946,False,False,False,0,False,False,False,712,946,234,0.0327868852459016,True,False,False
96644705620,Eget Odio Aliquam Institute,771,False,771,732,751,False,False,False,0,False,False,False,732,771,39,0.0327868852459016,True,False,False
85502310765,Magnis Dis Parturient Industries,772,False,772,889,746,False,False,False,0,False,False,False,746,889,143,0.0327868852459016,True,False,False
41881349154,Adipiscing Enim LLP,773,False,773,775,900,False,False,False,0,False,False,False,773,900,127,0.0327868852459016,True,False,False
89297547843,Ut Aliquam Limited,774,False,774,852,685,False,False,False,0,False,False,False,685,852,167,0.0327868852459016,True,False,False
45895438985,Luctus Ipsum PC,775,False,775,733,870,False,False,False,0,False,False,False,733,870,137,0.0327868852459016,True,False,False
57405729081,Augue Corporation,776,False,776,755,849,False,False,False,0,False,False,False,755,849,94,0.0327868852459016,True,False,False
74369182597,Ridiculus Mus Donec LLP,777,False,777,746,827,False,False,False,0,False,False,False,746,827,81,0.0327868852459016,True,False,False
10959028715,Ante Maecenas Ltd,778,False,778,656,993,False,False,False,0,False,False,False,656,993,337,0.0327868852459016,True,False,False
76158785234,Et Eros LLC,779,False,779,828,744,False,False,False,0,False,False,False,744,828,84,0.0327868852459016,True,False,False
32946666313,Ligula Donec LLC,780,False,780,663,1038,False,False,False,0,False,False,False,663,1038,375,0.0327868852459016,True,False,False
79710547245,Aliquam Arcu Limited,781,False,781,687,969,False,False,False,0,False,False,False,687,969,282,0.0327868852459016,True,False,False
96442520325,Nullam Lobortis Quam Company,782,False,782,856,791,False,False,False,0,False,False,False,782,856,74,0.0327868852459016,True,False,False
75902032169,Accumsan Neque Consulting,783,False,783,682,937,False,False,False,0,False,False,False,682,937,255,0.0327868852459016,True,False,False
48248269920,Etiam Bibendum Fermentum Institute,784,False,784,893,711,False,False,False,0,False,False,False,711,893,182,0.0327868852459016,True,False,False
34558201737,Suspendisse Non LLC,785,False,785,942,727,False,False,False,0,False,False,False,727,942,215,0.0327868852459016,True,False,False
25273270711,Lacus Vestibulum Foundation,786,False,786,700,918,False,False,False,0,False,False,False,700,918,218,0.0327868852459016,True,False,False
37621714049,Ut Sem Company,787,False,787,859,606,False,False,False,0,False,False,False,606,859,253,0.0655737704918032,False,False,False
95279812400,Eu Dui Cum Ltd,788,False,788,976,699,False,False,False,0,False,False,False,699,976,277,0.0327868852459016,True,False,False
19492220327,Commodo Ipsum Industries,789,False,789,632,769,False,False,False,0,False,False,False,632,789,157,0.0655737704918032,False,False,False
24351356445,At Pede Cras Corp.,790,False,790,834,683,False,False,False,0,False,False,False,683,834,151,0.0655737704918032,False,False,False
65426342453,Nisl Nulla Eu LLC,791,False,791,760,868,False,False,False,0,False,False,False,760,868,108,0.0327868852459016,True,False,False
19197006880,Libero At LLC,792,False,792,799,832,False,False,False,0,False,False,False,792,832,40,0.0327868852459016,True,False,False
11974270529,Dui Fusce Corp.,793,False,793,780,609,False,False,False,0,False,False,False,609,793,184,0.0655737704918032,False,False,False
44653528319,Turpis Vitae Industries,794,False,794,943,692,False,False,False,0,False,False,False,692,943,251,0.0983606557377049,False,False,False
51659779274,Luctus Lobortis Industries,795,False,795,668,984,False,False,False,0,False,False,False,668,984,316,0.0327868852459016,True,False,False
56779111060,Elit Curabitur Institute,796,False,796,864,530,False,False,False,0,False,False,False,530,864,334,0.0983606557377049,False,False,False
35664226523,Erat Eget PC,797,False,797,814,706,False,False,False,0,False,False,False,706,814,108,0.0327868852459016,True,False,False
71357650211,Euismod Ac Fermentum Ltd,798,False,798,802,753,False,False,False,0,False,False,False,753,802,49,0.0327868852459016,True,False,False
45446645240,Vivamus Rhoncus Limited,799,False,799,785,687,False,False,False,0,False,False,False,687,799,112,0.0327868852459016,True,False,False
34082818630,Egestas Sed Inc.,800,False,800,895,708,False,False,False,0,False,False,False,708,895,187,0.0327868852459016,True,False,False
42217736449,Egestas Ligula Nullam Corporation,801,False,801,711,865,False,False,False,0,False,False,False,711,865,154,0.0327868852459016,True,False,False
62818707868,Sollicitudin A Industries,802,False,802,813,798,False,False,False,0,False,False,False,798,813,15,0.0655737704918032,False,False,False
45322831450,Non Sapien Molestie Corporation,803,False,803,858,731,False,False,False,0,False,False,False,731,858,127,0.1147540983606557,False,False,False
81583941068,Aliquam Vulputate Ullamcorper Foundation,804,False,804,703,945,False,False,False,0,False,False,False,703,945,242,0.0327868852459016,True,False,False
96893283227,Curabitur Vel Corporation,805,False,805,830,796,False,False,False,0,False,False,False,796,830,34,0.0327868852459016,True,False,False
61634218640,Nam Interdum Enim Corporation,806,False,806,861,678,False,False,False,0,False,False,False,678,861,183,0.0327868852459016,True,False,False
49609375026,Convallis LLC,807,False,807,769,940,False,False,False,0,False,False,False,769,940,171,0.0327868852459016,True,False,False
32329455050,Massa Lobortis Consulting,808,False,808,844,874,False,False,False,0,False,False,False,808,874,66,0.0327868852459016,True,False,False
35391497890,Donec Corporation,809,False,809,829,713,False,False,False,0,False,False,False,713,829,116,0.0327868852459016,True,False,False
53237353758,Ut Molestie Company,810,False,810,673,957,False,False,False,0,False,False,False,673,957,284,0.0327868852459016,True,False,False
55559667703,Quis Incorporated,811,False,811,639,1080,False,False,False,0,False,False,False,639,1080,441,0.0327868852459016,True,False,False
41980722395,Aliquet Nec PC,812,False,812,793,803,False,False,False,0,False,False,False,793,812,19,0.0327868852459016,True,False,False
63032122101,Luctus Aliquet Corporation,813,False,813,878,780,False,False,False,0,False,False,False,780,878,98,0.0327868852459016,True,False,False
43349891433,Urna Inc.,814,False,814,779,976,False,False,False,0,False,False,False,779,976,197,0.0327868852459016,True,False,False
11355018654,Interdum Inc.,815,False,815,791,932,False,False,False,0,False,False,False,791,932,141,0.0327868852459016,True,False,False
16165222459,Vehicula Pellentesque LLP,816,False,816,808,770,False,False,False,0,False,False,False,770,816,46,0.0327868852459016,True,False,False
70088042348,Rutrum Fusce Dolor Inc.,817,False,817,736,925,False,False,False,0,False,False,False,736,925,189,0.0327868852459016,True,False,False
77368674747,Quisque Purus Inc.,818,False,818,797,883,False,False,False,0,False,False,False,797,883,86,0.0327868852459016,True,False,False
35927874515,Ac Orci Ut Industries,819,False,819,701,1076,False,False,False,0,False,False,False,701,1076,375,0.0327868852459016,True,False,False
83935353706,Curabitur Egestas Nunc Corp.,820,False,820,820,878,False,False,False,0,False,False,False,820,878,58,0.0327868852459016,True,False,False
85556646149,Proin Nisl Inc.,821,False,821,884,719,False,False,False,0,False,False,False,719,884,165,0.0327868852459016,True,False,False
75244502629,Egestas Company,822,False,822,922,749,False,False,False,0,False,False,False,749,922,173,0.0327868852459016,True,False,False
26008308191,Nulla Aliquet LLP,823,False,823,798,882,False,False,False,0,False,False,False,798,882,84,0.0327868852459016,True,False,False
66370248931,Morbi Non PC,824,False,824,821,996,False,False,False,0,False,False,False,821,996,175,0.0327868852459016,True,False,False
76275088055,Vitae Risus Industries,825,False,825,963,739,False,False,False,0,False,False,False,739,963,224,0.0327868852459016,True,False,False
75238031489,Tincidunt Foundation,826,False,826,842,655,False,False,False,0,False,False,False,655,842,187,0.0327868852459016,True,False,False
41502716433,Mi Associates,827,False,827,698,971,False,False,False,0,False,False,False,698,971,273,0.0327868852459016,True,False,False
62170730910,Volutpat Nunc Sit Institute,828,False,828,816,892,False,False,False,0,False,False,False,816,892,76,0.0327868852459016,True,False,False
74449830326,Ac Corp.,829,False,829,748,909,False,False,False,0,False,False,False,748,909,161,0.0327868852459016,True,False,False
67609108741,Metus Sit Amet Incorporated,830,False,830,983,817,False,False,False,0,False,False,False,817,983,166,0.1147540983606557,False,False,False
81333423763,Molestie Dapibus Ligula Company,831,False,831,968,836,False,False,False,0,False,False,False,831,968,137,0.0327868852459016,True,False,False
37662781564,Vitae Velit Egestas Incorporated,832,False,832,788,916,False,False,False,0,False,False,False,788,916,128,0.0327868852459016,True,False,False
82912636758,Eu Dolor Egestas LLC,833,False,833,866,860,False,False,False,0,False,False,False,833,866,33,0.0327868852459016,True,False,False
88435572170,Et LLP,834,False,834,883,881,False,False,False,0,False,False,False,834,883,49,0.0327868852459016,True,False,False
54923508125,Ullamcorper Duis Corporation,835,False,835,845,615,False,False,False,0,False,False,False,615,845,230,0.0983606557377049,False,False,False
48534842833,Dictum Eu Inc.,836,False,836,977,729,False,False,False,0,False,False,False,729,977,248,0.0327868852459016,True,False,False
87630626808,Eget Industries,837,False,837,945,814,False,False,False,0,False,False,False,814,945,131,0.0327868852459016,True,False,False
61310985405,Ipsum Primis In Corporation,838,False,838,929,644,False,False,False,0,False,False,False,644,929,285,0.0655737704918032,False,False,False
20740910820,Ultrices Posuere Cubilia Incorporated,839,False,839,1002,622,False,False,False,0,False,False,False,622,1002,380,0.0983606557377049,False,False,False
93894215354,At Velit Cras Associates,840,False,840,824,924,False,False,False,0,False,False,False,824,924,100,0.0327868852459016,True,False,False
30801495844,Nunc Ullamcorper Company,841,False,841,913,901,False,False,False,0,False,False,False,841,913,72,0.0327868852459016,True,False,False
86591172660,Pretium Neque Morbi Ltd,842,False,842,946,742,False,False,False,0,False,False,False,742,946,204,0.0327868852459016,True,False,False
51515623602,Eget Laoreet Associates,843,False,843,815,1029,False,False,False,0,False,False,False,815,1029,214,0.0327868852459016,True,False,False
59737558413,Sem Foundation,844,False,844,713,912,False,False,False,0,False,False,False,713,912,199,0.0327868852459016,True,False,False
16919425848,Aliquam LLP,845,False,845,900,763,False,False,False,0,False,False,False,763,900,137,0.0983606557377049,False,False,False
25069678029,Elit Dictum Eu Corp.,846,False,846,881,907,False,False,False,0,False,False,False,846,907,61,0.0327868852459016,True,False,False
54197321846,Parturient Montes Corporation,847,False,847,787,965,False,False,False,0,False,False,False,787,965,178,0.0327868852459016,True,False,False
75131910841,Taciti Associates,848,False,848,914,846,False,False,False,0,False,False,False,846,914,68,0.0327868852459016,True,False,False
72611840049,Lobortis Tellus Limited,849,False,849,985,652,False,False,False,0,False,False,False,652,985,333,0.2459016393442623,False,False,False
55294337974,Tristique Senectus Et Ltd,850,False,850,865,997,False,False,False,0,False,False,False,850,997,147,0.0327868852459016,True,False,False
43006743995,Vestibulum Mauris Magna Institute,851,False,851,1033,632,False,False,False,0,False,False,False,632,1033,401,0.0327868852459016,True,False,False
17034043771,Imperdiet Ullamcorper Inc.,852,False,852,851,973,False,False,False,0,False,False,False,851,973,122,0.0327868852459016,True,False,False
82298341051,Eros Institute,853,False,853,728,1039,False,False,False,0,False,False,False,728,1039,311,0.0327868852459016,True,False,False
80753862231,Praesent LLC,854,False,854,1058,627,False,False,False,0,False,False,False,627,1058,431,0.2622950819672131,False,False,False
61412665910,Tempor Inc.,855,False,855,806,986,False,False,False,0,False,False,False,806,986,180,0.0327868852459016,True,False,False
55090181035,Dictum Ultricies Ltd,856,False,856,666,1077,False,False,False,0,False,False,False,666,1077,411,0.0327868852459016,True,False,False
16096277862,Arcu Vivamus Incorporated,857,False,857,892,778,False,False,False,0,False,False,False,778,892,114,0.2459016393442623,False,False,False
39190083890,Rutrum Urna Corp.,858,False,858,819,956,False,False,False,0,False,False,False,819,956,137,0.0327868852459016,True,False,False
43930439013,Dignissim Institute,859,False,859,962,658,False,False,False,0,False,False,False,658,962,304,0.1639344262295081,False,False,False
93442141629,Vitae Aliquam Eros Inc.,860,False,860,926,815,False,False,False,0,False,False,False,815,926,111,0.1147540983606557,False,False,False
85276983280,Lacus Varius Corp.,861,False,861,805,921,False,False,False,0,False,False,False,805,921,116,0.0327868852459016,True,False,False
84445217729,Eu Tellus Foundation,862,False,862,849,942,False,False,False,0,False,False,False,849,942,93,0.0327868852459016,True,False,False
86525942285,Neque Sed Dictum LLP,863,False,863,827,936,False,False,False,0,False,False,False,827,936,109,0.0327868852459016,True,False,False
11802512399,At Egestas A Corp.,864,False,864,790,806,False,False,False,0,False,False,False,790,864,74,0.0655737704918032,False,False,False
45030176527,Non Enim Incorporated,865,False,865,897,823,False,False,False,0,False,False,False,823,897,74,0.1475409836065574,False,False,False
51401317633,Proin Inc.,866,False,866,721,866,False,False,False,0,False,False,False,721,866,145,0.0327868852459016,True,False,False
40590483301,Donec Tempus Corporation,867,False,867,1000,787,False,False,False,0,False,False,False,787,1000,213,0.0327868852459016,True,False,False
36555094223,Nunc Quis LLC,868,False,868,786,822,False,False,False,0,False,False,False,786,868,82,0.0327868852459016,True,False,False
56762458844,In Inc.,869,False,869,890,854,False,False,False,0,False,False,False,854,890,36,0.0327868852459016,True,False,False
82417485604,Aenean Massa Corporation,870,False,870,756,875,False,False,False,0,False,False,False,756,875,119,0.0327868852459016,True,False,False
55123279982,Luctus Lobortis Class Institute,871,False,871,1046,716,False,False,False,0,False,False,False,716,1046,330,0.0983606557377049,False,False,False
77990807356,Natoque Penatibus Corp.,872,False,872,902,773,False,False,False,0,False,False,False,773,902,129,0.0327868852459016,True,False,False
57824995706,Nulla LLP,873,False,873,987,910,False,False,False,0,False,False,False,873,987,114,0.0327868852459016,True,False,False
71946255432,Diam Institute,874,False,874,840,983,False,False,False,0,False,False,False,840,983,143,0.0327868852459016,True,False,False
33412969398,Mi LLC,875,False,875,978,616,False,False,False,0,False,False,False,616,978,362,0.0655737704918032,False,False,False
38638753805,Volutpat Ltd,876,False,876,972,953,False,False,False,0,False,False,False,876,972,96,0.0327868852459016,True,False,False
43061683632,A Facilisis PC,877,False,877,925,950,False,False,False,0,False,False,False,877,950,73,0.0327868852459016,True,False,False
70309831462,Proin Nisl Sem Company,878,False,878,1057,740,False,False,False,0,False,False,False,740,1057,317,0.0655737704918032,False,False,False
57772891398,Risus Industries,879,False,879,822,1031,False,False,False,0,False,False,False,822,1031,209,0.0327868852459016,True,False,False
20435488659,Diam Lorem Industries,880,False,880,818,917,False,False,False,0,False,False,False,818,917,99,0.0327868852459016,True,False,False
82545351270,Vel Inc.,881,False,881,810,707,False,False,False,0,False,False,False,707,881,174,0.0327868852459016,True,False,False
89022505272,Luctus LLC,882,False,882,857,1041,False,False,False,0,False,False,False,857,1041,184,0.0327868852459016,True,False,False
60150317439,In Institute,883,False,883,950,762,False,False,False,0,False,False,False,762,950,188,0.0327868852459016,True,False,False
32709729094,Odio Auctor Corp.,884,False,884,949,1018,False,False,False,0,False,False,False,884,1018,134,0.0327868852459016,True,False,False
14639241847,Aliquet Molestie Tellus Company,885,False,885,912,1000,False,False,False,0,False,False,False,885,1000,115,0.0327868852459016,True,False,False
43301018611,Dui Nec Corp.,886,False,886,855,895,False,False,False,0,False,False,False,855,895,40,0.0327868852459016,True,False,False
46970913786,Lectus Ltd,887,False,887,763,1055,False,False,False,0,False,False,False,763,1055,292,0.0327868852459016,True,False,False
40307304965,Interdum Ltd,888,False,888,789,1086,False,False,False,0,False,False,False,789,1086,297,0.0327868852459016,True,False,False
33337260688,Suspendisse Ac Company,889,False,889,1006,755,False,False,False,0,False,False,False,755,1006,251,0.0655737704918032,False,False,False
22658353530,Libero Corporation,890,False,890,885,828,False,False,False,0,False,False,False,828,890,62,0.0327868852459016,True,False,False
87771712045,Vivamus Sit LLC,891,False,891,741,1101,False,False,False,0,False,False,False,741,1101,360,0.0327868852459016,True,False,False
50894040234,Auctor Nunc Nulla Industries,892,False,892,1092,674,False,False,False,0,False,False,False,674,1092,418,0.3770491803278688,False,False,False
25078409316,Vel LLP,893,False,893,833,1153,False,False,False,0,False,False,False,833,1153,320,0.0327868852459016,True,False,False
31630375469,Ante Bibendum Corporation,894,False,894,995,709,False,False,False,0,False,False,False,709,995,286,0.0327868852459016,True,False,False
40215552134,Ultrices Iaculis Odio Corp.,895,False,895,937,689,False,False,False,0,False,False,False,689,937,248,0.2459016393442623,False,False,False
16119907679,Proin Non Inc.,896,False,896,835,1129,False,False,False,0,False,False,False,835,1129,294,0.0327868852459016,True,False,False
97593245639,Vestibulum Ante Foundation,897,False,897,1043,737,False,False,False,0,False,False,False,737,1043,306,0.1639344262295081,False,False,False
57867831267,Mi Lorem Inc.,898,False,898,848,1140,False,False,False,0,False,False,False,848,1140,292,0.0327868852459016,True,False,False
73980410353,Suspendisse Sed Dolor Institute,899,False,899,838,963,False,False,False,0,False,False,False,838,963,125,0.0327868852459016,True,False,False
49640494725,Magna Praesent Interdum Ltd,900,False,900,938,962,False,False,False,0,False,False,False,900,962,62,0.0327868852459016,True,False,False
40099570304,Nulla LLC,901,False,901,817,1060,False,False,False,0,False,False,False,817,1060,243,0.0327868852459016,True,False,False
81776569986,Ante Nunc Consulting,902,False,902,826,890,False,False,False,0,False,False,False,826,902,76,0.0327868852459016,True,False,False
20334248803,Facilisis Lorem Foundation,903,False,903,1088,624,False,False,False,0,False,False,False,624,1088,464,0.1475409836065574,False,False,False
90984790127,Lorem PC,904,False,904,876,1020,False,False,False,0,False,False,False,876,1020,144,0.0327868852459016,True,False,False
29156207537,Nunc Interdum Corporation,905,False,905,1013,862,False,False,False,0,False,False,False,862,1013,151,0.0327868852459016,True,False,False
97292256063,Amet Ante Vivamus Corporation,906,False,906,716,1120,False,False,False,0,False,False,False,716,1120,404,0.0327868852459016,True,False,False
62363832078,Euismod Ac Corp.,907,False,907,872,797,False,False,False,0,False,False,False,797,907,110,0.0491803278688525,True,False,False
60602272553,Sagittis Duis Gravida Incorporated,908,False,908,909,1013,False,False,False,0,False,False,False,908,1013,105,0.0327868852459016,True,False,False
72231375027,Sed Auctor LLC,909,False,909,680,1211,False,False,False,0,False,False,False,680,1211,531,0.0327868852459016,True,False,False
59615752944,Mauris Corporation,910,False,910,887,948,False,False,False,0,False,False,False,887,948,61,0.0327868852459016,True,False,False
75646866762,Facilisis Limited,911,False,911,891,809,False,False,False,0,False,False,False,809,911,102,0.0983606557377049,False,False,False
67713855705,Nulla Industries,912,False,912,862,783,False,False,False,0,False,False,False,783,912,129,0.2131147540983606,False,False,False
71787414647,Aliquam Arcu Industries,913,False,913,905,1058,False,False,False,0,False,False,False,905,1058,153,0.0327868852459016,True,False,False
33607911449,Nulla Semper LLC,914,False,914,1051,873,False,False,False,0,False,False,False,873,1051,178,0.0327868852459016,True,False,False
59128133246,Ut Tincidunt Foundation,915,False,915,947,1030,False,False,False,0,False,False,False,915,1030,115,0.0327868852459016,True,False,False
74155418313,Egestas Ligula Corp.,916,False,916,915,894,False,False,False,0,False,False,False,894,916,22,0.0327868852459016,True,False,False
46622394552,Laoreet Libero Et Ltd,917,False,917,831,1023,False,False,False,0,False,False,False,831,1023,192,0.0327868852459016,True,False,False
83329078822,Rutrum Incorporated,918,False,918,966,757,False,False,False,0,False,False,False,757,966,209,0.0983606557377049,False,False,False
56626211479,Dignissim Maecenas Ornare Associates,919,False,919,1026,794,False,False,False,0,False,False,False,794,1026,232,0.0327868852459016,True,False,False
45567605014,Vel Arcu Industries,920,False,920,906,994,False,False,False,0,False,False,False,906,994,88,0.0327868852459016,True,False,False
27440079026,Risus Varius Orci Associates,921,False,921,982,771,False,False,False,0,False,False,False,771,982,211,0.0655737704918032,False,False,False
39010056512,Cursus Et Eros Industries,922,False,922,928,906,False,False,False,0,False,False,False,906,928,22,0.0655737704918032,False,False,False
32623092639,Penatibus Et Industries,923,False,923,930,1143,False,False,False,0,False,False,False,923,1143,220,0.0327868852459016,True,False,False
39368471973,In Lorem Industries,924,False,924,986,876,False,False,False,0,False,False,False,876,986,110,0.0327868852459016,True,False,False
74916784885,Cursus Purus Associates,925,False,925,1065,786,False,False,False,0,False,False,False,786,1065,279,0.2459016393442623,False,False,False
68189578822,Euismod Ac Associates,926,False,926,1014,758,False,False,False,0,False,False,False,758,1014,256,0.2459016393442623,False,False,False
91633005350,Vel LLC,927,False,927,1010,830,False,False,False,0,False,False,False,830,1010,180,0.2459016393442623,False,False,False
42368556376,At Iaculis Corp.,928,False,928,1062,840,False,False,False,0,False,False,False,840,1062,222,0.0327868852459016,True,False,False
63300242141,Lacus Varius Et Consulting,929,False,929,964,1079,False,False,False,0,False,False,False,929,1079,150,0.0327868852459016,True,False,False
88923351769,Malesuada Augue Ut Associates,930,False,930,981,735,False,False,False,0,False,False,False,735,981,246,0.4426229508196722,False,False,False
39869100896,Vivamus Nisi Mauris Corp.,931,False,931,992,1074,False,False,False,0,False,False,False,931,1074,143,0.0327868852459016,True,False,False
26599529197,Neque Company,932,False,932,1008,1005,False,False,False,0,False,False,False,932,1008,76,0.0327868852459016,True,False,False
68950900599,Augue Company,933,False,933,923,1141,False,False,False,0,False,False,False,923,1141,218,0.0327868852459016,True,False,False
65134002757,Elit Etiam Laoreet Foundation,934,False,934,1066,853,False,False,False,0,False,False,False,853,1066,213,0.0327868852459016,True,False,False
55955609006,Nec Enim Nunc LLP,935,False,935,993,805,False,False,False,0,False,False,False,805,993,188,0.0327868852459016,True,False,False
12959550150,Nunc Risus Company,936,False,936,1098,764,False,False,False,0,False,False,False,764,1098,334,0.0983606557377049,False,False,False
59067200778,Dolor Nulla Ltd,937,False,937,1022,935,False,False,False,0,False,False,False,935,1022,87,0.0327868852459016,True,False,False
38710494876,Morbi Non Corp.,938,False,938,1034,776,False,False,False,0,False,False,False,776,1034,258,0.0327868852459016,True,False,False
71169969325,Enim Mi Tempor Associates,939,False,939,811,1177,False,False,False,0,False,False,False,811,1177,366,0.0327868852459016,True,False,False
92368600426,Mattis Company,940,False,940,759,1252,False,False,False,0,False,False,False,759,1252,493,0.0327868852459016,True,False,False
20939962818,Semper Cursus Institute,941,False,941,888,987,False,False,False,0,False,False,False,888,987,99,0.0327868852459016,True,False,False
26505333735,Varius Ultrices LLC,942,False,942,921,989,False,False,False,0,False,False,False,921,989,68,0.0327868852459016,True,False,False
40049033270,Iaculis Aliquet Limited,943,False,943,807,1139,False,False,False,0,False,False,False,807,1139,332,0.0327868852459016,True,False,False
20549656225,Sed Inc.,944,False,944,1004,834,False,False,False,0,False,False,False,834,1004,170,0.2131147540983606,False,False,False
75881121130,In Hendrerit Ltd,945,False,945,956,998,False,False,False,0,False,False,False,945,998,53,0.0327868852459016,True,False,False
31471844679,Suspendisse Industries,946,False,946,1015,835,False,False,False,0,False,False,False,835,1015,180,0.2131147540983606,False,False,False
73546158413,Nec Ante Corp.,947,False,947,1049,992,False,False,False,0,False,False,False,947,1049,102,0.0327868852459016,True,False,False
44631836704,Auctor Incorporated,948,False,948,894,1152,False,False,False,0,False,False,False,894,1152,258,0.0327868852459016,True,False,False
91016242612,Est Associates,949,False,949,904,1138,False,False,False,0,False,False,False,904,1138,234,0.0327868852459016,True,False,False
82426950076,Ipsum Non Arcu Incorporated,950,False,950,988,966,False,False,False,0,False,False,False,950,988,38,0.0327868852459016,True,False,False
73895811023,Libero Mauris Aliquam Associates,951,False,951,924,941,False,False,False,0,False,False,False,924,951,27,0.0327868852459016,True,False,False
10206519221,Fusce Company,952,False,952,873,1150,False,False,False,0,False,False,False,873,1150,277,0.0327868852459016,True,False,False
98253764162,Malesuada Augue Incorporated,953,False,953,1017,712,False,False,False,0,False,False,False,712,1017,305,0.3114754098360656,False,False,False
42464370262,Dolor Ltd,954,False,954,867,1189,False,False,False,0,False,False,False,867,1189,322,0.0327868852459016,True,False,False
69123307057,Quisque Associates,955,False,955,1107,801,False,False,False,0,False,False,False,801,1107,306,0.1147540983606557,False,False,False
78850452637,Nullam Lobortis PC,956,False,956,1001,1006,False,False,False,0,False,False,False,956,1006,50,0.2131147540983606,False,False,False
67874735704,Ultricies Adipiscing Enim Industries,957,False,957,931,1035,False,False,False,0,False,False,False,931,1035,104,0.0327868852459016,True,False,False
11588046517,Dolor Industries,958,False,958,969,1010,False,False,False,0,False,False,False,958,1010,52,0.0491803278688525,True,False,False
23787788327,Ad Corporation,959,False,959,941,1052,False,False,False,0,False,False,False,941,1052,111,0.0327868852459016,True,False,False
24094430920,Ac Fermentum LLP,960,False,960,927,934,False,False,False,0,False,False,False,927,960,33,0.0327868852459016,True,False,False
49167531725,Felis Institute,961,False,961,1119,877,False,False,False,0,False,False,False,877,1119,242,0.0327868852459016,True,False,False
92308095254,Non Lorem LLC,962,False,962,1070,889,False,False,False,0,False,False,False,889,1070,181,0.0327868852459016,True,False,False
40938677569,Elit Pretium Et Foundation,963,False,963,1106,922,False,False,False,0,False,False,False,922,1106,184,0.0655737704918032,False,False,False
27585113425,Dolor Dolor Limited,964,False,964,903,1158,False,False,False,0,False,False,False,903,1158,255,0.0327868852459016,True,False,False
74753274268,Duis A Mi LLP,965,False,965,1059,871,False,False,False,0,False,False,False,871,1059,188,0.1639344262295081,False,False,False
64938910147,Cras Interdum Incorporated,966,False,966,910,1108,False,False,False,0,False,False,False,910,1108,198,0.0655737704918032,False,False,False
25083358415,Interdum Libero Dui Foundation,967,False,967,1064,841,False,False,False,0,False,False,False,841,1064,223,0.0983606557377049,False,False,False
74319969182,Morbi Tristique Corp.,968,False,968,901,1232,False,False,False,0,False,False,False,901,1232,331,0.0327868852459016,True,False,False
78119440529,Pede Praesent Limited,969,False,969,1134,813,False,False,False,0,False,False,False,813,1134,321,0.3114754098360656,False,False,False
12741443840,Tincidunt Aliquam Limited,970,False,970,919,927,False,False,False,0,False,False,False,919,970,51,0.0655737704918032,False,False,False
91960562098,Amet Faucibus Corporation,971,False,971,955,1128,False,False,False,0,False,False,False,955,1128,173,0.0327868852459016,True,False,False
74093231988,Mi Eleifend Company,972,False,972,796,1169,False,False,False,0,False,False,False,796,1169,373,0.0327868852459016,True,False,False
90796680287,Dolor Vitae PC,973,False,973,882,1137,False,False,False,0,False,False,False,882,1137,255,0.0327868852459016,True,False,False
27086915609,At Velit Pellentesque Limited,974,False,974,877,1065,False,False,False,0,False,False,False,877,1065,188,0.0327868852459016,True,False,False
26556866679,Vel Est Tempor Associates,975,False,975,961,1186,False,False,False,0,False,False,False,961,1186,225,0.0327868852459016,True,False,False
88230622213,Eu Tellus Ltd,976,False,976,908,1111,False,False,False,0,False,False,False,908,1111,203,0.0327868852459016,True,False,False
59589609053,Adipiscing Non LLP,977,False,977,1093,931,False,False,False,0,False,False,False,931,1093,162,0.0327868852459016,True,False,False
65150917863,Aliquam Iaculis Lacus LLC,978,False,978,1080,902,False,False,False,0,False,False,False,902,1080,178,0.0327868852459016,True,False,False
52838486584,Interdum PC,979,False,979,871,899,False,False,False,0,False,False,False,871,979,108,0.2295081967213115,False,False,False
25365595519,Quis Associates,980,False,980,898,915,False,False,False,0,False,False,False,898,980,82,0.0491803278688525,True,False,False
66257020651,Sit Amet Foundation,981,False,981,1031,1042,False,False,False,0,False,False,False,981,1042,61,0.0327868852459016,True,False,False
43698901053,Pede Praesent Ltd,982,False,982,1100,930,False,False,False,0,False,False,False,930,1100,170,0.2459016393442623,False,False,False
81249812970,Sapien Foundation,983,False,983,1048,990,False,False,False,0,False,False,False,983,1048,65,0.0655737704918032,False,False,False
67691683330,Integer Mollis Integer Institute,984,False,984,998,1147,False,False,False,0,False,False,False,984,1147,163,0.0327868852459016,True,False,False
67165527084,Lacinia Vitae Sodales Inc.,985,False,985,832,1144,False,False,False,0,False,False,False,832,1144,312,0.0327868852459016,True,False,False
40453061481,Interdum Sed Limited,986,False,986,870,1084,False,False,False,0,False,False,False,870,1084,214,0.0327868852459016,True,False,False
73761689784,Odio Sagittis Incorporated,987,False,987,880,1309,False,False,False,0,False,False,False,880,1309,429,0.0327868852459016,True,False,False
46352584904,Vitae Aliquet Associates,988,False,988,1079,1127,False,False,False,0,False,False,False,988,1127,139,0.0327868852459016,True,False,False
82812059627,Fermentum Institute,989,False,989,853,1253,False,False,False,0,False,False,False,853,1253,400,0.0327868852459016,True,False,False
77990903737,Semper Et Lacinia LLP,990,False,990,918,968,False,False,False,0,False,False,False,918,990,72,0.0491803278688525,True,False,False
42032686423,At Consulting,991,False,991,1061,826,False,False,False,0,False,False,False,826,1061,235,0.1639344262295081,False,False,False
87853468402,Taciti Sociosqu Ad Limited,992,False,992,1220,741,False,False,False,0,False,False,False,741,1220,479,0.5737704918032787,False,False,False
90320801414,Venenatis A Ltd,993,False,993,1047,856,False,False,False,0,False,False,False,856,1047,191,0.0655737704918032,False,False,False
14480530534,Eu Augue Corporation,994,False,994,854,1117,False,False,False,0,False,False,False,854,1117,263,0.0327868852459016,True,False,False
57253456204,A Malesuada Associates,995,False,995,860,1259,False,False,False,0,False,False,False,860,1259,399,0.0327868852459016,True,False,False
77090965820,A Arcu Industries,996,False,996,869,1176,False,False,False,0,False,False,False,869,1176,307,0.0327868852459016,True,False,False
65202518558,Purus Nullam Incorporated,997,False,997,1060,1056,False,False,False,0,False,False,False,997,1060,63,0.1475409836065574,False,False,False
28341499489,Malesuada Vel Ltd,998,False,998,1216,733,False,False,False,0,False,False,False,733,1216,483,0.3770491803278688,False,False,False
96965554802,Semper Et Lacinia Institute,999,False,999,1035,1100,False,False,False,0,False,False,False,999,1100,101,0.0983606557377049,False,False,False
46145508777,Fringilla Est Industries,1000,False,1000,1029,999,False,False,False,0,False,False,False,999,1029,30,0.2131147540983606,False,False,False
34920839316,Nunc Est LLP,1001,False,1001,1144,1083,False,False,False,0,False,False,False,1001,1144,143,0.0983606557377049,False,False,False
89048727914,At Augue Corporation,1002,False,1002,1099,842,False,False,False,0,False,False,False,842,1099,257,0.180327868852459,False,False,False
36800720158,A Felis Ullamcorper Corporation,1003,False,1003,940,914,False,False,False,0,False,False,False,914,1003,89,0.0983606557377049,False,False,False
32844138686,At Augue Id Associates,1004,False,1004,907,1225,False,False,False,0,False,False,False,907,1225,318,0.0327868852459016,True,False,False
92019681129,Blandit Industries,1005,False,1005,1076,863,False,False,False,0,False,False,False,863,1076,213,0.0327868852459016,True,False,False
74780446526,Ad Litora Institute,1006,False,1006,996,1203,False,False,False,0,False,False,False,996,1203,207,0.0327868852459016,True,False,False
14040735315,Morbi Tristique Senectus Limited,1007,False,1007,989,1098,False,False,False,0,False,False,False,989,1098,109,0.0327868852459016,True,False,False
44659323510,Aliquam Ornare Institute,1008,False,1008,959,1183,False,False,False,0,False,False,False,959,1183,224,0.0327868852459016,True,False,False
96513857365,Tellus Aenean Consulting,1009,False,1009,879,1228,False,False,False,0,False,False,False,879,1228,349,0.0327868852459016,True,False,False
78637548196,Luctus Et Institute,1010,False,1010,1141,872,False,False,False,0,False,False,False,872,1141,269,0.0983606557377049,False,False,False
74220937512,Sodales Nisi Magna Institute,1011,False,1011,1171,888,False,False,False,0,False,False,False,888,1171,283,0.0983606557377049,False,False,False
16587082018,Laoreet Ipsum Ltd,1012,False,1012,1053,1097,False,False,False,0,False,False,False,1012,1097,85,0.0327868852459016,True,False,False
52509095251,Justo Proin Associates,1013,False,1013,846,1286,False,False,False,0,False,False,False,846,1286,440,0.0327868852459016,True,False,False
82027679475,Dolor Associates,1014,False,1014,951,1204,False,False,False,0,False,False,False,951,1204,253,0.0327868852459016,True,False,False
12483082042,Sed PC,1015,False,1015,979,1133,False,False,False,0,False,False,False,979,1133,154,0.0327868852459016,True,False,False
13830448327,Neque Sed PC,1016,False,1016,1025,1016,False,False,False,0,False,False,False,1016,1025,9,0.0327868852459016,True,False,False
97785987616,Sodales Nisi Ltd,1017,False,1017,1175,811,False,False,False,0,False,False,False,811,1175,364,0.0983606557377049,False,False,False
28449116125,Est Industries,1018,False,1018,1164,747,False,False,False,0,False,False,False,747,1164,417,0.5573770491803278,False,False,False
19465180165,Euismod Urna Corp.,1019,False,1019,971,1106,False,False,False,0,False,False,False,971,1106,135,0.0327868852459016,True,False,False
67283489810,Hendrerit Consectetuer Institute,1020,False,1020,1147,1036,False,False,False,0,False,False,False,1020,1147,127,0.0327868852459016,True,False,False
67465447214,Adipiscing Mauris Molestie LLC,1021,False,1021,868,1216,False,False,False,0,False,False,False,868,1216,348,0.0327868852459016,True,False,False
66941458060,Elementum Sem Vitae Corporation,1022,False,1022,953,1290,False,False,False,0,False,False,False,953,1290,337,0.0327868852459016,True,False,False
12434006854,Feugiat Non Associates,1023,False,1023,1003,1196,False,False,False,0,False,False,False,1003,1196,193,0.0655737704918032,False,False,False
28827474922,Libero Limited,1024,False,1024,975,1164,False,False,False,0,False,False,False,975,1164,189,0.0327868852459016,True,False,False
22474703869,Consectetuer Inc.,1025,False,1025,1120,1043,False,False,False,0,False,False,False,1025,1120,95,0.0327868852459016,True,False,False
34904300711,Convallis Convallis Dolor Foundation,1026,False,1026,952,1109,False,False,False,0,False,False,False,952,1109,157,0.0327868852459016,True,False,False
49514072231,Eget LLC,1027,False,1027,939,1249,False,False,False,0,False,False,False,939,1249,310,0.0327868852459016,True,False,False
69983142241,Tempus Scelerisque LLC,1028,False,1028,1124,1102,False,False,False,0,False,False,False,1028,1124,96,0.0327868852459016,True,False,False
31580243600,Sed Corp.,1029,False,1029,944,1048,False,False,False,0,False,False,False,944,1048,104,0.0983606557377049,False,False,False
93077671049,Erat In Industries,1030,False,1030,1161,920,False,False,False,0,False,False,False,920,1161,241,0.2622950819672131,False,False,False
92773401740,Massa Limited,1031,False,1031,997,1218,False,False,False,0,False,False,False,997,1218,221,0.0327868852459016,True,False,False
39917000142,Justo Sit LLC,1032,False,1032,1157,919,False,False,False,0,False,False,False,919,1157,238,0.0655737704918032,False,False,False
82081024598,Placerat Orci Associates,1033,False,1033,1197,951,False,False,False,0,False,False,False,951,1197,246,0.0327868852459016,True,False,False
67212086728,Venenatis Lacus Etiam Corporation,1034,False,1034,1250,844,False,False,False,0,False,False,False,844,1250,406,0.2622950819672131,False,False,False
93498928547,Natoque Penatibus Ltd,1035,False,1035,1102,1040,False,False,False,0,False,False,False,1035,1102,67,0.0655737704918032,False,False,False
25627894706,Ut Company,1036,False,1036,1160,939,False,False,False,0,False,False,False,939,1160,221,0.3934426229508196,False,False,False
16174402479,Neque Sed Dictum Company,1037,False,1037,1135,1095,False,False,False,0,False,False,False,1037,1135,98,0.2131147540983606,False,False,False
77929547081,Elementum At Egestas Ltd,1038,False,1038,991,1264,False,False,False,0,False,False,False,991,1264,273,0.0327868852459016,True,False,False
18525353549,Pede Ultrices Corp.,1039,False,1039,1021,1090,False,False,False,0,False,False,False,1021,1090,69,0.2131147540983606,False,False,False
77037096829,Nam Consulting,1040,False,1040,1012,1160,False,False,False,0,False,False,False,1012,1160,148,0.0327868852459016,True,False,False
34190774918,Eget Ipsum Corp.,1041,False,1041,1068,904,False,False,False,0,False,False,False,904,1068,164,0.0655737704918032,False,False,False
83000061755,Eros Industries,1042,False,1042,1136,1044,False,False,False,0,False,False,False,1042,1136,94,0.0327868852459016,True,False,False
81909596183,Sagittis Duis Corporation,1043,False,1043,911,1316,False,False,False,0,False,False,False,911,1316,405,0.0327868852459016,True,False,False
91772719127,Dictum Cursus Incorporated,1044,False,1044,1114,1019,False,False,False,0,False,False,False,1019,1114,95,0.0327868852459016,True,False,False
54278310951,Nullam Institute,1045,False,1045,1019,1170,False,False,False,0,False,False,False,1019,1170,151,0.0327868852459016,True,False,False
92696023351,Odio Aliquam Vulputate Limited,1046,False,1046,999,1209,False,False,False,0,False,False,False,999,1209,210,0.0327868852459016,True,False,False
73114530701,Vestibulum LLP,1047,False,1047,1221,949,False,False,False,0,False,False,False,949,1221,272,0.0327868852459016,True,False,False
95274025676,Ipsum Cursus Vestibulum PC,1048,False,1048,1087,1131,False,False,False,0,False,False,False,1048,1131,83,0.0327868852459016,True,False,False
75104340635,Nisl Elementum Ltd,1049,False,1049,932,1307,False,False,False,0,False,False,False,932,1307,375,0.0327868852459016,True,False,False
89153112408,Sagittis Limited,1050,False,1050,1211,864,False,False,False,0,False,False,False,864,1211,347,0.5573770491803278,False,False,False
66118124566,Interdum LLC,1051,False,1051,994,1124,False,False,False,0,False,False,False,994,1124,130,0.0655737704918032,False,False,False
80989415297,Pede Foundation,1052,False,1052,1133,1054,False,False,False,0,False,False,False,1052,1133,81,0.1147540983606557,False,False,False
44126901587,Tempus Non Associates,1053,False,1053,1063,1063,False,False,False,0,False,False,False,1053,1063,10,0.0327868852459016,True,False,False
35040817462,Dolor Vitae Limited,1054,False,1054,1055,1132,False,False,False,0,False,False,False,1054,1132,78,0.0655737704918032,False,False,False
33495932835,Vel Arcu Foundation,1055,False,1055,984,1107,False,False,False,0,False,False,False,984,1107,123,0.0327868852459016,True,False,False
26643842396,Risus Foundation,1056,False,1056,1028,1053,False,False,False,0,False,False,False,1028,1056,28,0.0327868852459016,True,False,False
56729951690,Quam Corporation,1057,False,1057,970,1287,False,False,False,0,False,False,False,970,1287,317,0.0327868852459016,True,False,False
75664480997,Molestie Sodales PC,1058,False,1058,875,1303,False,False,False,0,False,False,False,875,1303,428,0.0327868852459016,True,False,False
50913027463,Quis Corporation,1059,False,1059,1020,1215,False,False,False,0,False,False,False,1020,1215,195,0.0327868852459016,True,False,False
25467145329,Hendrerit Consectetuer LLP,1060,False,1060,973,1319,False,False,False,0,False,False,False,973,1319,346,0.0327868852459016,True,False,False
31472801314,Urna Justo Industries,1061,False,1061,1054,1242,False,False,False,0,False,False,False,1054,1242,188,0.0327868852459016,True,False,False
69696627033,Erat Semper Limited,1062,False,1062,1045,1250,False,False,False,0,False,False,False,1045,1250,205,0.0327868852459016,True,False,False
83559154052,At Libero Morbi Incorporated,1063,False,1063,1071,1115,False,False,False,0,False,False,False,1063,1115,52,0.1639344262295081,False,False,False
30209373786,Laoreet Inc.,1064,False,1064,850,1325,False,False,False,0,False,False,False,850,1325,475,0.0327868852459016,True,False,False
46600268436,Accumsan Inc.,1065,False,1065,933,1237,False,False,False,0,False,False,False,933,1237,304,0.0327868852459016,True,False,False
86885252971,Adipiscing Elit Associates,1066,False,1066,1205,847,False,False,False,0,False,False,False,847,1205,358,0.0655737704918032,False,False,False
22470136913,Adipiscing Elit Incorporated,1067,False,1067,967,1296,False,False,False,0,False,False,False,967,1296,329,0.0327868852459016,True,False,False
78042516048,Est Ac Institute,1068,False,1068,1192,1114,False,False,False,0,False,False,False,1068,1192,124,0.0327868852459016,True,False,False
57626266756,Urna Justo Inc.,1069,False,1069,960,967,False,False,False,0,False,False,False,960,1069,109,0.0327868852459016,True,False,False
41450604292,Turpis Nulla Corp.,1070,False,1070,957,1300,False,False,False,0,False,False,False,957,1300,343,0.0327868852459016,True,False,False
43908105892,Nisi Cum Corp.,1071,False,1071,948,1257,False,False,False,0,False,False,False,948,1257,309,0.0327868852459016,True,False,False
68645891034,Fusce Industries,1072,False,1072,1078,1175,False,False,False,0,False,False,False,1072,1175,103,0.0491803278688525,True,False,False
93349773784,Facilisis Vitae LLC,1073,False,1073,1009,975,False,False,False,0,False,False,False,975,1073,98,0.0983606557377049,False,False,False
73499119023,Nisi Dictum Company,1074,False,1074,1204,1014,False,False,False,0,False,False,False,1014,1204,190,0.0327868852459016,True,False,False
21532935983,Eleifend Nec Incorporated,1075,False,1075,1085,1213,False,False,False,0,False,False,False,1075,1213,138,0.0327868852459016,True,False,False
16765088338,Duis Elementum Corp.,1076,False,1076,1278,887,False,False,False,0,False,False,False,887,1278,391,0.2295081967213115,False,False,False
36139372130,Nec Mollis Vitae LLP,1077,False,1077,1052,858,False,False,False,0,False,False,False,858,1077,219,0.1475409836065574,False,False,False
73204383732,Et Ultrices Inc.,1078,False,1078,1122,961,False,False,False,0,False,False,False,961,1122,161,0.1967213114754098,False,False,False
28748147493,Neque Institute,1079,False,1079,1173,1149,False,False,False,0,False,False,False,1079,1173,94,0.0327868852459016,True,False,False
10530696903,Ut Semper Industries,1080,False,1080,1166,893,False,False,False,0,False,False,False,893,1166,273,0.3770491803278688,False,False,False
11422053652,Aptent Taciti Consulting,1081,False,1081,1217,944,False,False,False,0,False,False,False,944,1217,273,0.3114754098360656,False,False,False
55597122840,Cursus Nunc Mauris Ltd,1082,False,1082,1126,960,False,False,False,0,False,False,False,960,1126,166,0.0327868852459016,True,False,False
62403837535,Morbi Limited,1083,False,1083,1142,1069,False,False,False,0,False,False,False,1069,1142,73,0.0327868852459016,True,False,False
28663538418,Ipsum Dolor Limited,1084,False,1084,1105,952,False,False,False,0,False,False,False,952,1105,153,0.0655737704918032,False,False,False
63214122543,Arcu Ac Orci Ltd,1085,False,1085,1018,1068,False,False,False,0,False,False,False,1018,1085,67,0.2131147540983606,False,False,False
58727332026,Scelerisque LLP,1086,False,1086,920,1288,False,False,False,0,False,False,False,920,1288,368,0.0327868852459016,True,False,False
64384611134,Eget Dictum Placerat Ltd,1087,False,1087,1286,929,False,False,False,0,False,False,False,929,1286,357,0.0655737704918032,False,False,False
12014115545,In Lobortis Company,1088,False,1088,1044,1226,False,False,False,0,False,False,False,1044,1226,182,0.0327868852459016,True,False,False
70223714517,In Consectetuer Company,1089,False,1089,935,1352,False,False,False,0,False,False,False,935,1352,417,0.0327868852459016,True,False,False
99229845016,Phasellus Corp.,1090,False,1090,1121,1119,False,False,False,0,False,False,False,1090,1121,31,0.2459016393442623,False,False,False
45151159881,Ac Urna PC,1091,False,1091,1127,1194,False,False,False,0,False,False,False,1091,1194,103,0.0327868852459016,True,False,False
54056521797,Aenean Egestas Hendrerit Ltd,1092,False,1092,1108,1277,False,False,False,0,False,False,False,1092,1277,185,0.1475409836065574,False,False,False
69934752604,Fermentum Arcu Vestibulum Corp.,1093,False,1093,1169,1172,False,False,False,0,False,False,False,1093,1172,79,0.0327868852459016,True,False,False
25176526221,Nec Cursus Corporation,1094,False,1094,1113,1001,False,False,False,0,False,False,False,1001,1113,112,0.2459016393442623,False,False,False
56624752594,Tincidunt Vehicula Corp.,1095,False,1095,1040,1155,False,False,False,0,False,False,False,1040,1155,115,0.0983606557377049,False,False,False
17208085375,Volutpat Ornare Facilisis Associates,1096,False,1096,1156,1125,False,False,False,0,False,False,False,1096,1156,60,0.180327868852459,False,False,False
50138044308,Nullam Feugiat Placerat Industries,1097,False,1097,1196,958,False,False,False,0,False,False,False,958,1196,238,0.2459016393442623,False,False,False
55306842177,Aliquam Iaculis Lacus Foundation,1098,False,1098,1030,1197,False,False,False,0,False,False,False,1030,1197,167,0.0655737704918032,False,False,False
60829135130,Tellus Imperdiet Non Inc.,1099,False,1099,954,1247,False,False,False,0,False,False,False,954,1247,293,0.0655737704918032,False,False,False
23710434768,Adipiscing Institute,1100,False,1100,974,1365,False,False,False,0,False,False,False,974,1365,391,0.0327868852459016,True,False,False
39192981624,Eu Eros LLC,1101,False,1101,1074,898,False,False,False,0,False,False,False,898,1101,203,0.0655737704918032,False,False,False
97860823526,Aliquet Metus Urna Associates,1102,False,1102,896,1376,False,False,False,0,False,False,False,896,1376,480,0.0327868852459016,True,False,False
40242962373,Vel Incorporated,1103,False,1103,1228,911,False,False,False,0,False,False,False,911,1228,317,0.4754098360655737,False,False,False
96420684134,Litora Torquent Associates,1104,False,1104,1158,1184,False,False,False,0,False,False,False,1104,1184,80,0.0327868852459016,True,False,False
91157839617,Blandit Nam Limited,1105,False,1105,1016,1323,False,False,False,0,False,False,False,1016,1323,307,0.0327868852459016,True,False,False
48646476949,Quam Vel Sapien LLC,1106,False,1106,1253,988,False,False,False,0,False,False,False,988,1253,265,0.2622950819672131,False,False,False
97903083009,Praesent Eu Dui LLP,1107,False,1107,1027,1123,False,False,False,0,False,False,False,1027,1123,96,0.180327868852459,False,False,False
65527917790,Nulla Cras Corporation,1108,False,1108,1038,1362,False,False,False,0,False,False,False,1038,1362,324,0.1147540983606557,False,False,False
97129028344,Pede Ultrices A Inc.,1109,False,1109,1137,885,False,False,False,0,False,False,False,885,1137,252,0.360655737704918,False,False,False
49285644021,Dolor Sit Industries,1110,False,1110,1210,896,False,False,False,0,False,False,False,896,1210,314,0.1967213114754098,False,False,False
58741105428,Non Lobortis Corporation,1111,False,1111,1356,884,False,False,False,0,False,False,False,884,1356,472,0.0327868852459016,True,False,False
97069390689,Etiam Bibendum Fermentum PC,1112,False,1112,1172,928,False,False,False,0,False,False,False,928,1172,244,0.3114754098360656,False,False,False
80953929257,Nunc Risus Consulting,1113,False,1113,1117,982,False,False,False,0,False,False,False,982,1117,135,0.0655737704918032,False,False,False
50644203172,Ut LLC,1114,False,1114,1056,1321,False,False,False,0,False,False,False,1056,1321,265,0.0327868852459016,True,False,False
21046714053,Nibh Phasellus Nulla Foundation,1115,False,1115,1011,1238,False,False,False,0,False,False,False,1011,1238,227,0.0327868852459016,True,False,False
39434518372,Tempus Limited,1116,False,1116,1227,1008,False,False,False,0,False,False,False,1008,1227,219,0.2131147540983606,False,False,False
31169432936,Enim Condimentum Inc.,1117,False,1117,1037,1308,False,False,False,0,False,False,False,1037,1308,271,0.0327868852459016,True,False,False
60573599765,Arcu Limited,1118,False,1118,847,1429,False,False,False,0,False,False,False,847,1429,582,0.0327868852459016,True,False,False
19892730735,Nunc Sit Incorporated,1119,False,1119,1231,947,False,False,False,0,False,False,False,947,1231,284,0.360655737704918,False,False,False
86131077097,Eu Nulla At Inc.,1120,False,1120,1162,978,False,False,False,0,False,False,False,978,1162,184,0.3114754098360656,False,False,False
30385986557,Nulla Eu Neque Limited,1121,False,1121,1208,1171,False,False,False,0,False,False,False,1121,1208,87,0.0327868852459016,True,False,False
44210076869,Volutpat Nulla Facilisis LLP,1122,False,1122,1097,1049,False,False,False,0,False,False,False,1049,1122,73,0.0327868852459016,True,False,False
55778594682,Auctor Nunc Consulting,1123,False,1123,1151,1151,False,False,False,0,False,False,False,1123,1151,28,0.0327868852459016,True,False,False
37578923779,Cras Incorporated,1124,False,1124,1261,880,False,False,False,0,False,False,False,880,1261,381,0.0655737704918032,False,False,False
97088280855,Odio Vel Est Associates,1125,False,1125,1292,855,False,False,False,0,False,False,False,855,1292,437,0.180327868852459,False,False,False
12042198256,Donec Nibh LLP,1126,False,1126,1090,1162,False,False,False,0,False,False,False,1090,1162,72,0.0655737704918032,False,False,False
75874457161,Aliquet Libero Industries,1127,False,1127,1007,1430,False,False,False,0,False,False,False,1007,1430,423,0.0327868852459016,True,False,False
42500153308,Vestibulum Accumsan Corp.,1128,False,1128,1193,1231,False,False,False,0,False,False,False,1128,1231,103,0.0327868852459016,True,False,False
61242800720,Turpis Inc.,1129,False,1129,1222,1071,False,False,False,0,False,False,False,1071,1222,151,0.0327868852459016,True,False,False
80785565526,Tristique Senectus Ltd,1130,False,1130,1083,1369,False,False,False,0,False,False,False,1083,1369,286,0.0327868852459016,True,False,False
90025866810,Donec Feugiat Metus LLC,1131,False,1131,1184,1167,False,False,False,0,False,False,False,1131,1184,53,0.0655737704918032,False,False,False
66432686430,Lorem Eu Corp.,1132,False,1132,874,1399,False,False,False,0,False,False,False,874,1399,525,0.0327868852459016,True,False,False
94701884796,Ante Nunc Ltd,1133,False,1133,1042,1260,False,False,False,0,False,False,False,1042,1260,218,0.0327868852459016,True,False,False
87340243269,Sapien Cursus Industries,1134,False,1134,1115,1335,False,False,False,0,False,False,False,1115,1335,220,0.0327868852459016,True,False,False
69108448846,Laoreet Industries,1135,False,1135,1168,1192,False,False,False,0,False,False,False,1135,1192,57,0.2622950819672131,False,False,False
44915049915,Nulla Foundation,1136,False,1136,1039,1282,False,False,False,0,False,False,False,1039,1282,243,0.0327868852459016,True,False,False
45073039817,Praesent Interdum Ligula LLC,1137,False,1137,936,1503,False,False,False,0,False,False,False,936,1503,567,0.0327868852459016,True,False,False
96323146873,A Facilisis Limited,1138,False,1138,934,1371,False,False,False,0,False,False,False,934,1371,437,0.0491803278688525,True,False,False
76519958668,Ut Incorporated,1139,False,1139,1247,1026,False,False,False,0,False,False,False,1026,1247,221,0.180327868852459,False,False,False
79283124876,Pellentesque Massa Associates,1140,False,1140,1005,1348,False,False,False,0,False,False,False,1005,1348,343,0.0327868852459016,True,False,False
28068880408,Felis Orci Company,1141,False,1141,1315,959,False,False,False,0,False,False,False,959,1315,356,0.2459016393442623,False,False,False
36747959917,Sed Facilisis Inc.,1142,False,1142,1067,1200,False,False,False,0,False,False,False,1067,1200,133,0.0327868852459016,True,False,False
87632767975,Aliquam Foundation,1143,False,1143,1050,1254,False,False,False,0,False,False,False,1050,1254,204,0.0327868852459016,True,False,False
27406636146,Feugiat Sed Inc.,1144,False,1144,1287,1062,False,False,False,0,False,False,False,1062,1287,225,0.2459016393442623,False,False,False
88652114856,Eros PC,1145,False,1145,1167,1045,False,False,False,0,False,False,False,1045,1167,122,0.0983606557377049,False,False,False
17758483290,Orci PC,1146,False,1146,1082,1345,False,False,False,0,False,False,False,1082,1345,263,0.0655737704918032,False,False,False
35367341543,Rhoncus Id Company,1147,False,1147,1072,1313,False,False,False,0,False,False,False,1072,1313,241,0.0327868852459016,True,False,False
26539386750,Senectus Et Corp.,1148,False,1148,1318,891,False,False,False,0,False,False,False,891,1318,427,0.4426229508196722,False,False,False
10342410215,Facilisis Facilisis Corp.,1149,False,1149,1177,1165,False,False,False,0,False,False,False,1149,1177,28,0.3114754098360656,False,False,False
35071907475,A Auctor Non Institute,1150,False,1150,980,1251,False,False,False,0,False,False,False,980,1251,271,0.0327868852459016,True,False,False
58019702129,Sapien Cras Institute,1151,False,1151,1101,1281,False,False,False,0,False,False,False,1101,1281,180,0.0327868852459016,True,False,False
53003062892,At Pretium PC,1152,False,1152,1140,1333,False,False,False,0,False,False,False,1140,1333,193,0.0327868852459016,True,False,False
92075595936,Lacus Mauris Corp.,1153,False,1153,1139,1094,False,False,False,0,False,False,False,1094,1153,59,0.0983606557377049,False,False,False
96133248275,Semper Dui PC,1154,False,1154,990,1449,False,False,False,0,False,False,False,990,1449,459,0.0327868852459016,True,False,False
85765359302,Vestibulum Lorem Sit Limited,1155,False,1155,1258,1099,False,False,False,0,False,False,False,1099,1258,159,0.0327868852459016,True,False,False
45480771376,Facilisis Eget Limited,1156,False,1156,1036,1241,False,False,False,0,False,False,False,1036,1241,205,0.1147540983606557,False,False,False
90188095187,Egestas Inc.,1157,False,1157,1213,1017,False,False,False,0,False,False,False,1017,1213,196,0.360655737704918,False,False,False
25824799381,Elit Institute,1158,False,1158,1131,1405,False,False,False,0,False,False,False,1131,1405,274,0.0327868852459016,True,False,False
12888399565,In Molestie Limited,1159,False,1159,1149,913,False,False,False,0,False,False,False,913,1159,246,0.2459016393442623,False,False,False
49482116099,Dignissim Ltd,1160,False,1160,1311,991,False,False,False,0,False,False,False,991,1311,320,0.5737704918032787,False,False,False
77343745836,Nunc Ullamcorper Velit LLC,1161,False,1161,1146,1024,False,False,False,0,False,False,False,1024,1161,137,0.2459016393442623,False,False,False
72058040180,Mi Corporation,1162,False,1162,1200,867,False,False,False,0,False,False,False,867,1200,333,0.8524590163934427,False,False,False
73731446835,Dictum Eu Incorporated,1163,False,1163,1112,1356,False,False,False,0,False,False,False,1112,1356,244,0.0327868852459016,True,False,False
91847992723,Sed Molestie Foundation,1164,False,1164,1263,1066,False,False,False,0,False,False,False,1066,1263,197,0.1639344262295081,False,False,False
98545158925,Dictum Eleifend Industries,1165,False,1165,1269,1110,False,False,False,0,False,False,False,1110,1269,159,0.0327868852459016,True,False,False
54429225092,Ridiculus Mus Aenean LLP,1166,False,1166,1153,1207,False,False,False,0,False,False,False,1153,1207,54,0.0327868852459016,True,False,False
29102388616,Sed Consequat Auctor Associates,1167,False,1167,1218,1223,False,False,False,0,False,False,False,1167,1223,56,0.0327868852459016,True,False,False
90522979771,Curabitur Consequat Consulting,1168,False,1168,1073,954,False,False,False,0,False,False,False,954,1168,214,0.1475409836065574,False,False,False
57573802697,Tellus Id Nunc Incorporated,1169,False,1169,1094,1403,False,False,False,0,False,False,False,1094,1403,309,0.0327868852459016,True,False,False
57961198956,Cursus Institute,1170,False,1170,1150,1318,False,False,False,0,False,False,False,1150,1318,168,0.0983606557377049,False,False,False
50506553485,Dictum Cursus Nunc Ltd,1171,False,1171,1110,1230,False,False,False,0,False,False,False,1110,1230,120,0.2131147540983606,False,False,False
79070278461,Dapibus Id Inc.,1172,False,1172,1343,1012,False,False,False,0,False,False,False,1012,1343,331,0.0327868852459016,True,False,False
20797699905,Tincidunt Nunc Ac Ltd,1173,False,1173,1361,933,False,False,False,0,False,False,False,933,1361,428,0.4426229508196722,False,False,False
16394504716,Enim Nec Tempus Corporation,1174,False,1174,1128,1199,False,False,False,0,False,False,False,1128,1199,71,0.0983606557377049,False,False,False
20692490685,Aliquet Molestie Limited,1175,False,1175,1212,1156,False,False,False,0,False,False,False,1156,1212,56,0.0327868852459016,True,False,False
23092329041,Cum Sociis Associates,1176,False,1176,1023,1450,False,False,False,0,False,False,False,1023,1450,427,0.0327868852459016,True,False,False
84131378699,Hendrerit Corp.,1177,False,1177,1280,980,False,False,False,0,False,False,False,980,1280,300,0.4098360655737705,False,False,False
76323008415,At Augue Limited,1178,False,1178,1111,1082,False,False,False,0,False,False,False,1082,1178,96,0.2131147540983606,False,False,False
47529937246,Nisi Dictum Augue Inc.,1179,False,1179,1075,1285,False,False,False,0,False,False,False,1075,1285,210,0.0327868852459016,True,False,False
88215945141,Semper Nam Tempor LLC,1180,False,1180,1187,979,False,False,False,0,False,False,False,979,1187,208,0.2459016393442623,False,False,False
73310644622,Vestibulum Ante Consulting,1181,False,1181,1313,970,False,False,False,0,False,False,False,970,1313,343,0.4426229508196722,False,False,False
68699353442,Ac Consulting,1182,False,1182,1176,974,False,False,False,0,False,False,False,974,1182,208,0.1147540983606557,False,False,False
23709946765,Faucibus Leo Corp.,1183,False,1183,1123,923,False,False,False,0,False,False,False,923,1183,260,0.4098360655737705,False,False,False
74175386039,Accumsan Institute,1184,False,1184,1309,1003,False,False,False,0,False,False,False,1003,1309,306,0.0983606557377049,False,False,False
66464469789,Mauris Erat Associates,1185,False,1185,1130,1220,False,False,False,0,False,False,False,1130,1220,90,0.1639344262295081,False,False,False
48091635916,Lorem Ipsum Limited,1186,False,1186,965,1440,False,False,False,0,False,False,False,965,1440,475,0.0327868852459016,True,False,False
66858882701,Elit Elit Fermentum Limited,1187,False,1187,1084,1145,False,False,False,0,False,False,False,1084,1187,103,0.2131147540983606,False,False,False
76369909295,Eget Metus Industries,1188,False,1188,1366,1004,False,False,False,0,False,False,False,1004,1366,362,0.180327868852459,False,False,False
61213731974,Dis Parturient Montes Corporation,1189,False,1189,1024,1388,False,False,False,0,False,False,False,1024,1388,364,0.0327868852459016,True,False,False
98627514823,Aliquam Gravida Mauris Corp.,1190,False,1190,1032,1386,False,False,False,0,False,False,False,1032,1386,354,0.0655737704918032,False,False,False
64573039027,Magna Sed Eu Associates,1191,False,1191,1081,1214,False,False,False,0,False,False,False,1081,1214,133,0.0327868852459016,True,False,False
49318926537,Ut Nisi Associates,1192,False,1192,1240,1272,False,False,False,0,False,False,False,1192,1272,80,0.0327868852459016,True,False,False
59335427001,Suspendisse Tristique Associates,1193,False,1193,1239,1217,False,False,False,0,False,False,False,1193,1239,46,0.2459016393442623,False,False,False
96906278264,Ipsum Cursus Vestibulum LLC,1194,False,1194,1129,1159,False,False,False,0,False,False,False,1129,1194,65,0.0327868852459016,True,False,False
24164521701,Libero Industries,1195,False,1195,1304,943,False,False,False,0,False,False,False,943,1304,361,0.3770491803278688,False,False,False
97434297484,A Enim Institute,1196,False,1196,916,1560,False,False,False,0,False,False,False,916,1560,644,0.0327868852459016,True,False,False
86101203168,Viverra Donec LLC,1197,False,1197,958,1472,False,False,False,0,False,False,False,958,1472,514,0.0327868852459016,True,False,False
79139132553,Nec Diam Limited,1198,False,1198,1116,1326,False,False,False,0,False,False,False,1116,1326,210,0.0655737704918032,False,False,False
54966031548,Donec Nibh Corporation,1199,False,1199,1323,1073,False,False,False,0,False,False,False,1073,1323,250,0.360655737704918,False,False,False
65022194603,Ultricies Ltd,1200,False,1200,1189,1057,False,False,False,0,False,False,False,1057,1200,143,0.3114754098360656,False,False,False
13447011295,Magna Nec Institute,1201,False,1201,1215,1179,False,False,False,0,False,False,False,1179,1215,36,0.1639344262295081,False,False,False
87076215407,Lacus Limited,1202,False,1202,1201,1190,False,False,False,0,False,False,False,1190,1202,12,0.0983606557377049,False,False,False
72136613350,Rhoncus Proin Nisl Associates,1203,False,1203,1308,985,False,False,False,0,False,False,False,985,1308,323,0.4426229508196722,False,False,False
60876328805,Consequat Dolor PC,1204,False,1204,1338,977,False,False,False,0,False,False,False,977,1338,361,0.0983606557377049,False,False,False
28464012306,Amet Corporation,1205,False,1205,1283,1093,False,False,False,0,False,False,False,1093,1283,190,0.3770491803278688,False,False,False
30779952495,Nam Consequat Institute,1206,False,1206,1183,1210,False,False,False,0,False,False,False,1183,1210,27,0.0655737704918032,False,False,False
72397853535,Convallis Ante Lectus Ltd,1207,False,1207,1242,1067,False,False,False,0,False,False,False,1067,1242,175,0.2786885245901639,False,False,False
28622174594,Parturient Montes Foundation,1208,False,1208,1086,1340,False,False,False,0,False,False,False,1086,1340,254,0.0327868852459016,True,False,False
20594162542,Litora Torquent Per LLP,1209,False,1209,1091,1480,False,False,False,0,False,False,False,1091,1480,389,0.0327868852459016,True,False,False
61050921768,Mauris Rhoncus LLP,1210,False,1210,1326,1022,False,False,False,0,False,False,False,1022,1326,304,0.2131147540983606,False,False,False
14804580099,Sem Consequat Consulting,1211,False,1211,1152,1305,False,False,False,0,False,False,False,1152,1305,153,0.2295081967213115,False,False,False
47276015798,Donec Nibh Enim Foundation,1212,False,1212,1389,1027,False,False,False,0,False,False,False,1027,1389,362,0.4426229508196722,False,False,False
88389375042,Dapibus Inc.,1213,False,1213,1470,897,False,False,False,0,False,False,False,897,1470,573,0.2131147540983606,False,False,False
68550848674,Egestas Incorporated,1214,False,1214,1421,1034,False,False,False,0,False,False,False,1034,1421,387,0.3770491803278688,False,False,False
95733974200,Montes Ltd,1215,False,1215,1209,1032,False,False,False,0,False,False,False,1032,1215,183,0.3770491803278688,False,False,False
77313075219,Sed Sem Limited,1216,False,1216,1374,1092,False,False,False,0,False,False,False,1092,1374,282,0.2131147540983606,False,False,False
41315101616,Malesuada Fames Foundation,1217,False,1217,1194,1485,False,False,False,0,False,False,False,1194,1485,291,0.0327868852459016,True,False,False
33087124172,Sapien Aenean Inc.,1218,False,1218,1450,964,False,False,False,0,False,False,False,964,1450,486,0.1475409836065574,False,False,False
32749065279,Auctor LLC,1219,False,1219,1148,1398,False,False,False,0,False,False,False,1148,1398,250,0.0327868852459016,True,False,False
62981771325,Eu Neque Pellentesque Ltd,1220,False,1220,1182,1428,False,False,False,0,False,False,False,1182,1428,246,0.0327868852459016,True,False,False
43188424684,Est Mollis Non Inc.,1221,False,1221,1294,1028,False,False,False,0,False,False,False,1028,1294,266,0.0327868852459016,True,False,False
70969465360,Purus Maecenas PC,1222,False,1222,1104,1379,False,False,False,0,False,False,False,1104,1379,275,0.0983606557377049,False,False,False
55325186693,Aliquam Nisl Corporation,1223,False,1223,1251,1263,False,False,False,0,False,False,False,1223,1263,40,0.0327868852459016,True,False,False
26942003693,Mauris Institute,1224,False,1224,1435,938,False,False,False,0,False,False,False,938,1435,497,0.2459016393442623,False,False,False
86130660254,Nam Interdum Enim Ltd,1225,False,1225,1355,1118,False,False,False,0,False,False,False,1118,1355,237,0.360655737704918,False,False,False
27801334668,Eu Neque Foundation,1226,False,1226,1399,1002,False,False,False,0,False,False,False,1002,1399,397,0.3114754098360656,False,False,False
63685007785,Augue Eu Tempor Associates,1227,False,1227,1249,1343,False,False,False,0,False,False,False,1227,1343,116,0.0327868852459016,True,False,False
53620352987,Scelerisque Mollis Phasellus PC,1228,False,1228,1230,1178,False,False,False,0,False,False,False,1178,1230,52,0.0655737704918032,False,False,False
27047988248,Purus Accumsan LLP,1229,False,1229,1143,1490,False,False,False,0,False,False,False,1143,1490,347,0.0327868852459016,True,False,False
10945019164,Nam Associates,1230,False,1230,1285,1050,False,False,False,0,False,False,False,1050,1285,235,0.3114754098360656,False,False,False
44313899037,Sem Pellentesque Industries,1231,False,1231,1163,1075,False,False,False,0,False,False,False,1075,1231,156,0.180327868852459,False,False,False
24123600795,Et Eros Inc.,1232,False,1232,1207,1122,False,False,False,0,False,False,False,1122,1232,110,0.2459016393442623,False,False,False
39260384047,Quis Pede Corporation,1233,False,1233,1438,1025,False,False,False,0,False,False,False,1025,1438,413,0.4918032786885246,False,False,False
51808433866,Arcu Vel Institute,1234,False,1234,1096,1555,False,False,False,0,False,False,False,1096,1555,459,0.0327868852459016,True,False,False
41827752591,Fusce Aliquam Consulting,1235,False,1235,1233,1205,False,False,False,0,False,False,False,1205,1235,30,0.0327868852459016,True,False,False
11895748930,Gravida Inc.,1236,False,1236,1077,1394,False,False,False,0,False,False,False,1077,1394,317,0.0327868852459016,True,False,False
30415756696,Nec Mollis PC,1237,False,1237,1089,1477,False,False,False,0,False,False,False,1089,1477,388,0.0327868852459016,True,False,False
20569508100,Euismod Est Corp.,1238,False,1238,1178,1329,False,False,False,0,False,False,False,1178,1329,151,0.0327868852459016,True,False,False
70920423684,Erat Neque Inc.,1239,False,1239,1181,1404,False,False,False,0,False,False,False,1181,1404,223,0.0327868852459016,True,False,False
20606594082,Nunc Nulla Vulputate LLC,1240,False,1240,1225,1452,False,False,False,0,False,False,False,1225,1452,227,0.0327868852459016,True,False,False
65907027247,Fringilla Porttitor Limited,1241,False,1241,1224,981,False,False,False,0,False,False,False,981,1241,260,0.4754098360655737,False,False,False
80287080694,Vulputate Risus Ltd,1242,False,1242,1336,1051,False,False,False,0,False,False,False,1051,1336,285,0.2131147540983606,False,False,False
66917621463,Vulputate Velit Inc.,1243,False,1243,1138,1341,False,False,False,0,False,False,False,1138,1341,203,0.0655737704918032,False,False,False
62135501337,Pede Corp.,1244,False,1244,1132,1206,False,False,False,0,False,False,False,1132,1244,112,0.2622950819672131,False,False,False
75919025716,Rutrum Eu Ultrices Corp.,1245,False,1245,1310,1037,False,False,False,0,False,False,False,1037,1310,273,0.4098360655737705,False,False,False
82798125443,Donec Non Incorporated,1246,False,1246,1346,1046,False,False,False,0,False,False,False,1046,1346,300,0.0983606557377049,False,False,False
46292420800,Aliquam Consulting,1247,False,1247,1234,1007,False,False,False,0,False,False,False,1007,1247,240,0.1147540983606557,False,False,False
27581734019,Magna Et Institute,1248,False,1248,1380,1121,False,False,False,0,False,False,False,1121,1380,259,0.4590163934426229,False,False,False
40646162173,Mauris Inc.,1249,False,1249,1254,1408,False,False,False,0,False,False,False,1249,1408,159,0.0327868852459016,True,False,False
18709053174,Massa Rutrum Industries,1250,False,1250,1317,1275,False,False,False,0,False,False,False,1250,1317,67,0.0327868852459016,True,False,False
56559128138,Nec Tempus Mauris LLC,1251,False,1251,1118,1544,False,False,False,0,False,False,False,1118,1544,426,0.0327868852459016,True,False,False
90179131356,Lacus Mauris LLC,1252,False,1252,1095,1274,False,False,False,0,False,False,False,1095,1274,179,0.0655737704918032,False,False,False
19575005485,Nulla Integer Vulputate Institute,1253,False,1253,1398,1148,False,False,False,0,False,False,False,1148,1398,250,0.0983606557377049,False,False,False
73463200282,Proin Vel LLC,1254,False,1254,1226,1009,False,False,False,0,False,False,False,1009,1254,245,0.3114754098360656,False,False,False
12899341959,Consectetuer Euismod Inc.,1255,False,1255,1198,1166,False,False,False,0,False,False,False,1166,1255,89,0.2459016393442623,False,False,False
38672941140,Consequat Nec Mollis Institute,1256,False,1256,1103,1514,False,False,False,0,False,False,False,1103,1514,411,0.0327868852459016,True,False,False
96491286698,Commodo Auctor Velit Foundation,1257,False,1257,1275,1089,False,False,False,0,False,False,False,1089,1275,186,0.3770491803278688,False,False,False
29063380341,Arcu Imperdiet Ullamcorper LLC,1258,False,1258,1041,1553,False,False,False,0,False,False,False,1041,1553,512,0.0327868852459016,True,False,False
34744764368,Odio Corporation,1259,False,1259,1282,1130,False,False,False,0,False,False,False,1130,1282,152,0.2131147540983606,False,False,False
50476338980,Vitae Odio Sagittis Associates,1260,False,1260,1351,1085,False,False,False,0,False,False,False,1085,1351,266,0.360655737704918,False,False,False
70338831249,Semper Industries,1261,False,1261,1384,1059,False,False,False,0,False,False,False,1059,1384,325,0.4426229508196722,False,False,False
33437657911,Dui Foundation,1262,False,1262,1350,1208,False,False,False,0,False,False,False,1208,1350,142,0.0327868852459016,True,False,False
36866208934,Tellus Corp.,1263,False,1263,1436,1113,False,False,False,0,False,False,False,1113,1436,323,0.3770491803278688,False,False,False
74874670528,Aliquet Odio PC,1264,False,1264,1252,1268,False,False,False,0,False,False,False,1252,1268,16,0.0983606557377049,False,False,False
51043338345,A Malesuada Corporation,1265,False,1265,1273,1091,False,False,False,0,False,False,False,1091,1273,182,0.2622950819672131,False,False,False
15625166573,Velit Quisque Industries,1266,False,1266,1243,1501,False,False,False,0,False,False,False,1243,1501,258,0.0327868852459016,True,False,False
67915848101,Aliquet Molestie Company,1267,False,1267,1170,1532,False,False,False,0,False,False,False,1170,1532,362,0.0327868852459016,True,False,False
37106509177,Nullam Scelerisque Ltd,1268,False,1268,1179,1493,False,False,False,0,False,False,False,1179,1493,314,0.0655737704918032,False,False,False
86010199872,Orci In Foundation,1269,False,1269,1185,1488,False,False,False,0,False,False,False,1185,1488,303,0.0327868852459016,True,False,False
31337247877,Lorem Ac Risus Company,1270,False,1270,1434,926,False,False,False,0,False,False,False,926,1434,508,0.0655737704918032,False,False,False
91212040913,Libero Est Ltd,1271,False,1271,1410,1070,False,False,False,0,False,False,False,1070,1410,340,0.2459016393442623,False,False,False
77925217758,Diam Pellentesque LLC,1272,False,1272,1154,1459,False,False,False,0,False,False,False,1154,1459,305,0.0327868852459016,True,False,False
77013874702,Pretium Neque Inc.,1273,False,1273,1385,1173,False,False,False,0,False,False,False,1173,1385,212,0.0327868852459016,True,False,False
52569909432,Dis Parturient Montes LLC,1274,False,1274,1190,1359,False,False,False,0,False,False,False,1190,1359,169,0.0327868852459016,True,False,False
63789206880,Mauris Molestie Industries,1275,False,1275,1371,1227,False,False,False,0,False,False,False,1227,1371,144,0.2622950819672131,False,False,False
59274084898,Sodales Elit PC,1276,False,1276,1297,1078,False,False,False,0,False,False,False,1078,1297,219,0.0655737704918032,False,False,False
11563852275,Proin Vel Incorporated,1277,False,1277,1303,1292,False,False,False,0,False,False,False,1277,1303,26,0.0655737704918032,False,False,False
77595119441,Donec Tempor PC,1278,False,1278,1202,1454,False,False,False,0,False,False,False,1202,1454,252,0.0327868852459016,True,False,False
68289707002,Ac Metus Industries,1279,False,1279,1259,1317,False,False,False,0,False,False,False,1259,1317,58,0.0327868852459016,True,False,False
29351616009,Urna Industries,1280,False,1280,1357,1243,False,False,False,0,False,False,False,1243,1357,114,0.0327868852459016,True,False,False
88052624284,Lobortis Mauris Suspendisse Associates,1281,False,1281,1513,1015,False,False,False,0,False,False,False,1015,1513,498,0.4590163934426229,False,False,False
39618687681,Lorem Industries,1282,False,1282,1125,1575,False,False,False,0,False,False,False,1125,1575,450,0.0327868852459016,True,False,False
49152510995,Sit Ltd,1283,False,1283,1386,1033,False,False,False,0,False,False,False,1033,1386,353,0.2459016393442623,False,False,False
95532818035,Ultrices Vivamus Rhoncus Incorporated,1284,False,1284,1284,1293,False,False,False,0,False,False,False,1284,1293,9,0.0655737704918032,False,False,False
41481009028,Laoreet Libero Inc.,1285,False,1285,1404,1103,False,False,False,0,False,False,False,1103,1404,301,0.3770491803278688,False,False,False
89598973352,Ipsum LLC,1286,False,1286,1302,955,False,False,False,0,False,False,False,955,1302,347,0.4426229508196722,False,False,False
61060163427,Aliquam Nec Enim PC,1287,False,1287,1430,1011,False,False,False,0,False,False,False,1011,1430,419,0.3770491803278688,False,False,False
26267439458,Aliquam Fringilla Foundation,1288,False,1288,1264,1433,False,False,False,0,False,False,False,1264,1433,169,0.0327868852459016,True,False,False
14314268730,Nec Ltd,1289,False,1289,1241,1377,False,False,False,0,False,False,False,1241,1377,136,0.0655737704918032,False,False,False
72064213561,Turpis Egestas Aliquam Corporation,1290,False,1290,1237,1185,False,False,False,0,False,False,False,1185,1290,105,0.2131147540983606,False,False,False
74719827885,Cubilia Curae Corp.,1291,False,1291,1419,1135,False,False,False,0,False,False,False,1135,1419,284,0.4426229508196722,False,False,False
68112267199,Vel Convallis Corporation,1292,False,1292,1499,1087,False,False,False,0,False,False,False,1087,1499,412,0.4918032786885246,False,False,False
99478391356,Orci Quis Foundation,1293,False,1293,1255,1202,False,False,False,0,False,False,False,1202,1293,91,0.0327868852459016,True,False,False
58688453868,Pharetra Sed LLC,1294,False,1294,1236,1382,False,False,False,0,False,False,False,1236,1382,146,0.0327868852459016,True,False,False
96146457679,Sodales Corporation,1295,False,1295,1340,1366,False,False,False,0,False,False,False,1295,1366,71,0.0327868852459016,True,False,False
97661757443,Nulla Cras Eu Corp.,1296,False,1296,1159,1613,False,False,False,0,False,False,False,1159,1613,454,0.0983606557377049,False,False,False
79446222046,Ridiculus Mus PC,1297,False,1297,1471,1064,False,False,False,0,False,False,False,1064,1471,407,0.2459016393442623,False,False,False
24378910810,Curabitur Ut Industries,1298,False,1298,1395,1306,False,False,False,0,False,False,False,1298,1395,97,0.0983606557377049,False,False,False
15549624934,Commodo Associates,1299,False,1299,1378,1334,False,False,False,0,False,False,False,1299,1378,79,0.0983606557377049,False,False,False
19585107705,Amet Consectetuer Adipiscing Associates,1300,False,1300,1229,1540,False,False,False,0,False,False,False,1229,1540,311,0.0327868852459016,True,False,False
32812230887,Id Nunc Interdum Corporation,1301,False,1301,1461,1229,False,False,False,0,False,False,False,1229,1461,232,0.3770491803278688,False,False,False
28829519760,In Faucibus Orci LLC,1302,False,1302,1414,1354,False,False,False,0,False,False,False,1302,1414,112,0.2459016393442623,False,False,False
29253286472,Fusce Incorporated,1303,False,1303,1232,1096,False,False,False,0,False,False,False,1096,1303,207,0.3770491803278688,False,False,False
71668072331,Sapien Gravida Foundation,1304,False,1304,1279,1438,False,False,False,0,False,False,False,1279,1438,159,0.3114754098360656,False,False,False
24627889739,Et Euismod Et Limited,1305,False,1305,1465,1088,False,False,False,0,False,False,False,1088,1465,377,0.4262295081967213,False,False,False
20717777781,Convallis Dolor Quisque Associates,1306,False,1306,1392,1154,False,False,False,0,False,False,False,1154,1392,238,0.2459016393442623,False,False,False
47218919992,Nonummy Ac Industries,1307,False,1307,1296,1491,False,False,False,0,False,False,False,1296,1491,195,0.1147540983606557,False,False,False
18064155652,Lectus Justo Ltd,1308,False,1308,1199,1294,False,False,False,0,False,False,False,1199,1308,109,0.2459016393442623,False,False,False
94827960324,Et Magna Praesent Ltd,1309,False,1309,1400,1381,False,False,False,0,False,False,False,1309,1400,91,0.0327868852459016,True,False,False
99845294286,Risus Nunc Ac Institute,1310,False,1310,1069,1634,False,False,False,0,False,False,False,1069,1634,565,0.0327868852459016,True,False,False
88642718732,Primis Corporation,1311,False,1311,1473,1081,False,False,False,0,False,False,False,1081,1473,392,0.3114754098360656,False,False,False
20734004951,Enim Consequat Inc.,1312,False,1312,1276,1346,False,False,False,0,False,False,False,1276,1346,70,0.3114754098360656,False,False,False
85071946566,Est Mauris Associates,1313,False,1313,1411,1380,False,False,False,0,False,False,False,1313,1411,98,0.0983606557377049,False,False,False
17124978176,Enim Etiam PC,1314,False,1314,1260,1559,False,False,False,0,False,False,False,1260,1559,299,0.2131147540983606,False,False,False
65038094136,Praesent Interdum Associates,1315,False,1315,1203,1524,False,False,False,0,False,False,False,1203,1524,321,0.0983606557377049,False,False,False
27610959380,Nibh Phasellus Ltd,1316,False,1316,1372,1105,False,False,False,0,False,False,False,1105,1372,267,0.4098360655737705,False,False,False
57093429717,Ac Turpis Associates,1317,False,1317,1383,1136,False,False,False,0,False,False,False,1136,1383,247,0.3770491803278688,False,False,False
54702673300,Maecenas Mi Industries,1318,False,1318,1289,1134,False,False,False,0,False,False,False,1134,1318,184,0.1639344262295081,False,False,False
91803984881,Purus LLC,1319,False,1319,1277,1453,False,False,False,0,False,False,False,1277,1453,176,0.0983606557377049,False,False,False
49535617047,Rhoncus Ltd,1320,False,1320,1305,1521,False,False,False,0,False,False,False,1305,1521,216,0.0983606557377049,False,False,False
41216931608,Nec Enim Institute,1321,False,1321,1363,1464,False,False,False,0,False,False,False,1321,1464,143,0.0655737704918032,False,False,False
97283139514,Vitae Aliquam Eros Ltd,1322,False,1322,1557,1021,False,False,False,0,False,False,False,1021,1557,536,0.3770491803278688,False,False,False
62483383956,Nec PC,1323,False,1323,1109,1682,False,False,False,0,False,False,False,1109,1682,573,0.0327868852459016,True,False,False
13041890826,Sit Amet Ltd,1324,False,1324,1408,1289,False,False,False,0,False,False,False,1289,1408,119,0.2131147540983606,False,False,False
52037285370,In Felis Nulla LLC,1325,False,1325,1180,1590,False,False,False,0,False,False,False,1180,1590,410,0.1639344262295081,False,False,False
63360290524,Nunc Mauris LLC,1326,False,1326,1581,1072,False,False,False,0,False,False,False,1072,1581,509,0.4426229508196722,False,False,False
66186109508,Sagittis Placerat LLP,1327,False,1327,1364,1276,False,False,False,0,False,False,False,1276,1364,88,0.2459016393442623,False,False,False
35620324777,Porttitor Inc.,1328,False,1328,1329,1146,False,False,False,0,False,False,False,1146,1329,183,0.0655737704918032,False,False,False
52544138714,Pede Sagittis LLP,1329,False,1329,1424,1234,False,False,False,0,False,False,False,1234,1424,190,0.2950819672131147,False,False,False
52323926070,Lorem Ac Risus Institute,1330,False,1330,1381,1353,False,False,False,0,False,False,False,1330,1381,51,0.0327868852459016,True,False,False
53546629749,Integer Industries,1331,False,1331,1510,1061,False,False,False,0,False,False,False,1061,1510,449,0.4754098360655737,False,False,False
11173270682,Feugiat Tellus LLP,1332,False,1332,1238,1586,False,False,False,0,False,False,False,1238,1586,348,0.0327868852459016,True,False,False
48723861274,Metus Eu LLP,1333,False,1333,1347,1385,False,False,False,0,False,False,False,1333,1385,52,0.1147540983606557,False,False,False
50450845980,Malesuada Vel Limited,1334,False,1334,1382,1233,False,False,False,0,False,False,False,1233,1382,149,0.3770491803278688,False,False,False
89933762267,Eget Venenatis Incorporated,1335,False,1335,1268,1504,False,False,False,0,False,False,False,1268,1504,236,0.0327868852459016,True,False,False
20422223827,Ut Nisi Limited,1336,False,1336,1555,1182,False,False,False,0,False,False,False,1182,1555,373,0.1639344262295081,False,False,False
60539272146,Ipsum Cursus LLP,1337,False,1337,1335,1465,False,False,False,0,False,False,False,1335,1465,130,0.0327868852459016,True,False,False
56723208962,Risus Donec Associates,1338,False,1338,1316,1535,False,False,False,0,False,False,False,1316,1535,219,0.0327868852459016,True,False,False
10142254217,Arcu Ac Orci Corporation,1339,False,1339,1415,1481,False,False,False,0,False,False,False,1339,1481,142,0.0327868852459016,True,False,False
97716113207,Quisque Ac Foundation,1340,False,1340,1460,1187,False,False,False,0,False,False,False,1187,1460,273,0.0655737704918032,False,False,False
37762125537,Pharetra Incorporated,1341,False,1341,1262,1601,False,False,False,0,False,False,False,1262,1601,339,0.2459016393442623,False,False,False
37351213839,Lacus Quisque Purus Institute,1342,False,1342,1246,1142,False,False,False,0,False,False,False,1142,1342,200,0.1147540983606557,False,False,False
22487474791,Non Arcu Vivamus Foundation,1343,False,1343,1223,1539,False,False,False,0,False,False,False,1223,1539,316,0.0327868852459016,True,False,False
96554417129,Odio A Industries,1344,False,1344,1306,1467,False,False,False,0,False,False,False,1306,1467,161,0.0327868852459016,True,False,False
29286506036,Metus Aenean Sed Associates,1345,False,1345,1165,1587,False,False,False,0,False,False,False,1165,1587,422,0.0327868852459016,True,False,False
83953428830,Fringilla Est Ltd,1346,False,1346,1288,1401,False,False,False,0,False,False,False,1288,1401,113,0.1147540983606557,False,False,False
56341925306,Dolor Sit Company,1347,False,1347,1369,1566,False,False,False,0,False,False,False,1347,1566,219,0.2459016393442623,False,False,False
13555086357,Ipsum LLP,1348,False,1348,1235,1645,False,False,False,0,False,False,False,1235,1645,410,0.0655737704918032,False,False,False
41305045812,Ligula Tortor Incorporated,1349,False,1349,1145,1424,False,False,False,0,False,False,False,1145,1424,279,0.0655737704918032,False,False,False
27851049264,Turpis Nulla Foundation,1350,False,1350,1314,1545,False,False,False,0,False,False,False,1314,1545,231,0.0655737704918032,False,False,False
76697587331,Interdum Enim Non Ltd,1351,False,1351,1558,1116,False,False,False,0,False,False,False,1116,1558,442,0.4590163934426229,False,False,False
83199298021,Ligula Elit Pretium Foundation,1352,False,1352,1155,1244,False,False,False,0,False,False,False,1155,1352,197,0.2950819672131147,False,False,False
35813492759,Orci Institute,1353,False,1353,1256,1563,False,False,False,0,False,False,False,1256,1563,307,0.0327868852459016,True,False,False
34095207240,Mauris Morbi Associates,1354,False,1354,1333,1505,False,False,False,0,False,False,False,1333,1505,172,0.0655737704918032,False,False,False
74321541375,Id Institute,1355,False,1355,1362,1283,False,False,False,0,False,False,False,1283,1362,79,0.2459016393442623,False,False,False
23540388582,Sociis Natoque Company,1356,False,1356,1319,1304,False,False,False,0,False,False,False,1304,1356,52,0.3770491803278688,False,False,False
34059083860,Tempor LLC,1357,False,1357,1307,1487,False,False,False,0,False,False,False,1307,1487,180,0.0327868852459016,True,False,False
65925117805,Semper Erat In PC,1358,False,1358,1422,1387,False,False,False,0,False,False,False,1358,1422,64,0.2459016393442623,False,False,False
63071746690,Mollis Vitae LLC,1359,False,1359,1516,1191,False,False,False,0,False,False,False,1191,1516,325,0.4918032786885246,False,False,False
58825694998,Mauris Id Ltd,1360,False,1360,1574,1112,False,False,False,0,False,False,False,1112,1574,462,0.639344262295082,False,False,False
50667745027,Et Malesuada Fames Ltd,1361,False,1361,1272,1349,False,False,False,0,False,False,False,1272,1361,89,0.2459016393442623,False,False,False
74337408103,Donec At Inc.,1362,False,1362,1206,1583,False,False,False,0,False,False,False,1206,1583,377,0.0327868852459016,True,False,False
18949610555,Metus In LLP,1363,False,1363,1432,1416,False,False,False,0,False,False,False,1363,1432,69,0.2786885245901639,False,False,False
78963299452,Egestas Foundation,1364,False,1364,1486,1279,False,False,False,0,False,False,False,1279,1486,207,0.2131147540983606,False,False,False
68828285855,Mi Pede Nonummy Limited,1365,False,1365,1244,1520,False,False,False,0,False,False,False,1244,1520,276,0.1639344262295081,False,False,False
79479365013,Facilisis Non Inc.,1366,False,1366,1267,1509,False,False,False,0,False,False,False,1267,1509,242,0.2131147540983606,False,False,False
49839448838,Enim Gravida Sit Incorporated,1367,False,1367,1325,1492,False,False,False,0,False,False,False,1325,1492,167,0.0327868852459016,True,False,False
15367144876,Id Nunc Corporation,1368,False,1368,1291,1568,False,False,False,0,False,False,False,1291,1568,277,0.0327868852459016,True,False,False
77924688488,Elit Curabitur Sed PC,1369,False,1369,1337,1163,False,False,False,0,False,False,False,1163,1369,206,0.0655737704918032,False,False,False
73096931114,Nulla Ante Iaculis Ltd,1370,False,1370,1377,1483,False,False,False,0,False,False,False,1370,1483,113,0.2459016393442623,False,False,False
84048044848,Molestie Arcu Sed Corporation,1371,False,1371,1265,1547,False,False,False,0,False,False,False,1265,1547,282,0.0983606557377049,False,False,False
43162178066,Nascetur Ridiculus LLP,1372,False,1372,1413,1528,False,False,False,0,False,False,False,1372,1528,156,0.0983606557377049,False,False,False
97217894162,Varius Corporation,1373,False,1373,1298,1255,False,False,False,0,False,False,False,1255,1373,118,0.5081967213114754,False,False,False
95720895543,Amet Dapibus Corp.,1374,False,1374,1493,1104,False,False,False,0,False,False,False,1104,1493,389,0.0655737704918032,False,False,False
29550468444,Ligula PC,1375,False,1375,1358,1451,False,False,False,0,False,False,False,1358,1451,93,0.2459016393442623,False,False,False
32873803804,Sed Pharetra Ltd,1376,False,1376,1540,1047,False,False,False,0,False,False,False,1047,1540,493,0.2459016393442623,False,False,False
67425187185,Nullam Limited,1377,False,1377,1440,1441,False,False,False,0,False,False,False,1377,1441,64,0.2459016393442623,False,False,False
41108543298,Et Foundation,1378,False,1378,1492,1370,False,False,False,0,False,False,False,1370,1492,122,0.5737704918032787,False,False,False
74764807084,Amet Ornare Limited,1379,False,1379,1518,1320,False,False,False,0,False,False,False,1320,1518,198,0.5737704918032787,False,False,False
45663905997,Lacus Mauris Associates,1380,False,1380,1494,1415,False,False,False,0,False,False,False,1380,1494,114,0.0327868852459016,True,False,False
39218053314,Quam Company,1381,False,1381,1616,1161,False,False,False,0,False,False,False,1161,1616,455,0.5573770491803278,False,False,False
67882460777,Ipsum PC,1382,False,1382,1174,1678,False,False,False,0,False,False,False,1174,1678,504,0.0327868852459016,True,False,False
83421619944,Dui LLP,1383,False,1383,1391,1437,False,False,False,0,False,False,False,1383,1437,54,0.4426229508196722,False,False,False
11093673306,Ac Mi Corp.,1384,False,1384,1349,1410,False,False,False,0,False,False,False,1349,1410,61,0.2459016393442623,False,False,False
48290289285,Sed Dolor Corporation,1385,False,1385,1295,1221,False,False,False,0,False,False,False,1221,1385,164,0.0327868852459016,True,False,False
81861692234,Fringilla Industries,1386,False,1386,1375,1588,False,False,False,0,False,False,False,1375,1588,213,0.2131147540983606,False,False,False
53339073841,Facilisis Vitae Corporation,1387,False,1387,1332,1269,False,False,False,0,False,False,False,1269,1387,118,0.3770491803278688,False,False,False
73674297591,Euismod Mauris Company,1388,False,1388,1396,1442,False,False,False,0,False,False,False,1388,1442,54,0.0327868852459016,True,False,False
66835892718,Iaculis Nec Industries,1389,False,1389,1348,1374,False,False,False,0,False,False,False,1348,1389,41,0.0983606557377049,False,False,False
21783961149,Eu Corporation,1390,False,1390,1191,1591,False,False,False,0,False,False,False,1191,1591,400,0.0983606557377049,False,False,False
10279061213,Pede Ultrices Industries,1391,False,1391,1468,1409,False,False,False,0,False,False,False,1391,1468,77,0.4754098360655737,False,False,False
13093581573,Dis Parturient Corporation,1392,False,1392,1507,1420,False,False,False,0,False,False,False,1392,1507,115,0.0327868852459016,True,False,False
94378706737,Eget Lacus Limited,1393,False,1393,1578,1302,False,False,False,0,False,False,False,1302,1578,276,0.3770491803278688,False,False,False
10385250025,Id Ltd,1394,False,1394,1353,1507,False,False,False,0,False,False,False,1353,1507,154,0.3114754098360656,False,False,False
69418675752,Donec PC,1395,False,1395,1266,1679,False,False,False,0,False,False,False,1266,1679,413,0.0983606557377049,False,False,False
33032934489,Adipiscing Elit Etiam Incorporated,1396,False,1396,1403,1562,False,False,False,0,False,False,False,1396,1562,166,0.0983606557377049,False,False,False
21645141747,Ipsum Ltd,1397,False,1397,1274,1697,False,False,False,0,False,False,False,1274,1697,423,0.1147540983606557,False,False,False
37069107801,Pellentesque Tincidunt Ltd,1398,False,1398,1522,1201,False,False,False,0,False,False,False,1201,1522,321,0.1147540983606557,False,False,False
29202486033,Vel Foundation,1399,False,1399,1299,1615,False,False,False,0,False,False,False,1299,1615,316,0.2459016393442623,False,False,False
30035541512,Gravida Aliquam Tincidunt Industries,1400,False,1400,1538,1261,False,False,False,0,False,False,False,1261,1538,277,0.3114754098360656,False,False,False
27099208477,Cras Dictum Ltd,1401,False,1401,1367,1592,False,False,False,0,False,False,False,1367,1592,225,0.2459016393442623,False,False,False
93096883450,Donec Dignissim Incorporated,1402,False,1402,1485,1342,False,False,False,0,False,False,False,1342,1485,143,0.0655737704918032,False,False,False
63286055458,Maecenas Libero Est Inc.,1403,False,1403,1271,1747,False,False,False,0,False,False,False,1271,1747,476,0.0655737704918032,False,False,False
41237771126,Euismod Est Arcu PC,1404,False,1404,1428,1256,False,False,False,0,False,False,False,1256,1428,172,0.5737704918032787,False,False,False
34564250941,Lorem LLP,1405,False,1405,1214,1806,False,False,False,0,False,False,False,1214,1806,592,0.0655737704918032,False,False,False
48421784228,Rutrum Foundation,1406,False,1406,1532,1126,False,False,False,0,False,False,False,1126,1532,406,0.0983606557377049,False,False,False
21881994118,Varius Ultrices LLP,1407,False,1407,1270,1494,False,False,False,0,False,False,False,1270,1494,224,0.2459016393442623,False,False,False
88630093420,Sem Ut Dolor Inc.,1408,False,1408,1423,1324,False,False,False,0,False,False,False,1324,1423,99,0.5573770491803278,False,False,False
63461436707,Felis Ullamcorper Viverra LLP,1409,False,1409,1521,1301,False,False,False,0,False,False,False,1301,1521,220,0.4590163934426229,False,False,False
21615741041,Nulla Facilisi Sed LLP,1410,False,1410,1321,1561,False,False,False,0,False,False,False,1321,1561,240,0.0327868852459016,True,False,False
56530958295,Pede Et LLC,1411,False,1411,1327,1198,False,False,False,0,False,False,False,1198,1411,213,0.0983606557377049,False,False,False
15135045968,Eu Dui Ltd,1412,False,1412,1281,1763,False,False,False,0,False,False,False,1281,1763,482,0.2459016393442623,False,False,False
48086705406,Nullam Lobortis Corporation,1413,False,1413,1324,1690,False,False,False,0,False,False,False,1324,1690,366,0.2131147540983606,False,False,False
46898641989,Netus Et LLP,1414,False,1414,1452,1157,False,False,False,0,False,False,False,1157,1452,295,0.2622950819672131,False,False,False
65189626072,Sollicitudin Orci Incorporated,1415,False,1415,1186,1771,False,False,False,0,False,False,False,1186,1771,585,0.0327868852459016,True,False,False
18313275661,Lectus Ante Incorporated,1416,False,1416,1345,1523,False,False,False,0,False,False,False,1345,1523,178,0.2622950819672131,False,False,False
64941032224,Tincidunt Aliquam Industries,1417,False,1417,1491,1271,False,False,False,0,False,False,False,1271,1491,220,0.4426229508196722,False,False,False
48294164165,Mauris Sit Amet Corp.,1418,False,1418,1354,1622,False,False,False,0,False,False,False,1354,1622,268,0.2459016393442623,False,False,False
72724420494,Nunc Ullamcorper Corp.,1419,False,1419,1457,1484,False,False,False,0,False,False,False,1419,1484,65,0.0655737704918032,False,False,False
42226247639,Elit Fermentum Inc.,1420,False,1420,1551,1350,False,False,False,0,False,False,False,1350,1551,201,0.4590163934426229,False,False,False
71361928741,Ut Odio Inc.,1421,False,1421,1219,1604,False,False,False,0,False,False,False,1219,1604,385,0.0327868852459016,True,False,False
46372571372,Aliquet Vel Company,1422,False,1422,1512,1248,False,False,False,0,False,False,False,1248,1512,264,0.3770491803278688,False,False,False
57011992135,Nam Ac Ltd,1423,False,1423,1441,1397,False,False,False,0,False,False,False,1397,1441,44,0.2131147540983606,False,False,False
99672926179,Molestie Ltd,1424,False,1424,1425,1630,False,False,False,0,False,False,False,1424,1630,206,0.0491803278688525,True,False,False
51001050159,Eleifend Egestas Corporation,1425,False,1425,1397,1273,False,False,False,0,False,False,False,1273,1425,152,0.2295081967213115,False,False,False
90011689258,Nisi Institute,1426,False,1426,1519,1174,False,False,False,0,False,False,False,1174,1519,345,0.5737704918032787,False,False,False
76149814641,Id Sapien Ltd,1427,False,1427,1483,1181,False,False,False,0,False,False,False,1181,1483,302,0.360655737704918,False,False,False
66206584458,Eros Proin Ultrices Ltd,1428,False,1428,1500,1235,False,False,False,0,False,False,False,1235,1500,265,0.3770491803278688,False,False,False
47484801038,Risus A Corporation,1429,False,1429,1416,1700,False,False,False,0,False,False,False,1416,1700,284,0.360655737704918,False,False,False
95682671933,Arcu Vestibulum Ut Inc.,1430,False,1430,1290,1606,False,False,False,0,False,False,False,1290,1606,316,0.2459016393442623,False,False,False
54687916328,Ligula Nullam PC,1431,False,1431,1444,1351,False,False,False,0,False,False,False,1351,1444,93,0.2786885245901639,False,False,False
99241925348,Posuere At Velit PC,1432,False,1432,1300,1546,False,False,False,0,False,False,False,1300,1546,246,0.1639344262295081,False,False,False
80699593918,Aenean Gravida Nunc Institute,1433,False,1433,1661,1239,False,False,False,0,False,False,False,1239,1661,422,0.4918032786885246,False,False,False
52536215795,Non Cursus Foundation,1434,False,1434,1312,1675,False,False,False,0,False,False,False,1312,1675,363,0.2459016393442623,False,False,False
24598653065,Et Rutrum Foundation,1435,False,1435,1453,1740,False,False,False,0,False,False,False,1435,1740,305,0.0327868852459016,True,False,False
83781478969,Nisi Aenean Company,1436,False,1436,1585,1332,False,False,False,0,False,False,False,1332,1585,253,0.2131147540983606,False,False,False
21793603759,In Tincidunt Congue PC,1437,False,1437,1550,1389,False,False,False,0,False,False,False,1389,1550,161,0.0655737704918032,False,False,False
17559476022,Id Incorporated,1438,False,1438,1472,1295,False,False,False,0,False,False,False,1295,1472,177,0.4918032786885246,False,False,False
53035587173,Iaculis Lacus Ltd,1439,False,1439,1195,1796,False,False,False,0,False,False,False,1195,1796,601,0.0655737704918032,False,False,False
37176176705,Eu Industries,1440,False,1440,1464,1267,False,False,False,0,False,False,False,1267,1464,197,0.4918032786885246,False,False,False
68100435968,Turpis In Condimentum Corporation,1441,False,1441,1667,1265,False,False,False,0,False,False,False,1265,1667,402,0.3114754098360656,False,False,False
54900312378,Non Ante Bibendum PC,1442,False,1442,1560,1236,False,False,False,0,False,False,False,1236,1560,324,0.3114754098360656,False,False,False
16388802220,Iaculis Aliquet Institute,1443,False,1443,1373,1663,False,False,False,0,False,False,False,1373,1663,290,0.0327868852459016,True,False,False
25846871943,Feugiat Placerat Corporation,1444,False,1444,1331,1595,False,False,False,0,False,False,False,1331,1595,264,0.0983606557377049,False,False,False
32196789327,Vestibulum Accumsan Neque Industries,1445,False,1445,1615,1188,False,False,False,0,False,False,False,1188,1615,427,0.0655737704918032,False,False,False
81836621910,Et Institute,1446,False,1446,1328,1462,False,False,False,0,False,False,False,1328,1462,134,0.0983606557377049,False,False,False
23144747020,Nam Ac Corp.,1447,False,1447,1556,1446,False,False,False,0,False,False,False,1446,1556,110,0.0655737704918032,False,False,False
68319415555,Aliquam Incorporated,1448,False,1448,1571,1468,False,False,False,0,False,False,False,1448,1571,123,0.2459016393442623,False,False,False
88878493736,At Fringilla Company,1449,False,1449,1547,1262,False,False,False,0,False,False,False,1262,1547,285,0.2622950819672131,False,False,False
74798553636,Scelerisque Industries,1450,False,1450,1653,1195,False,False,False,0,False,False,False,1195,1653,458,0.6229508196721312,False,False,False
25176815949,Eu Enim Consulting,1451,False,1451,1481,1665,False,False,False,0,False,False,False,1451,1665,214,0.0327868852459016,True,False,False
22840936261,Eu Nulla Inc.,1452,False,1452,1439,1522,False,False,False,0,False,False,False,1439,1522,83,0.0327868852459016,True,False,False
65629452396,Interdum Curabitur LLP,1453,False,1453,1617,1280,False,False,False,0,False,False,False,1280,1617,337,0.3114754098360656,False,False,False
76968105359,Nec Limited,1454,False,1454,1487,1434,False,False,False,0,False,False,False,1434,1487,53,0.2786885245901639,False,False,False
45648966421,Morbi Tristique Senectus Foundation,1455,False,1455,1447,1482,False,False,False,0,False,False,False,1447,1482,35,0.3114754098360656,False,False,False
95834237054,Porttitor Tellus PC,1456,False,1456,1570,1258,False,False,False,0,False,False,False,1258,1570,312,0.2459016393442623,False,False,False
65337745105,Nunc LLP,1457,False,1457,1427,1785,False,False,False,0,False,False,False,1427,1785,358,0.1147540983606557,False,False,False
17684250719,Ac Risus Associates,1458,False,1458,1650,1246,False,False,False,0,False,False,False,1246,1650,404,0.5737704918032787,False,False,False
71825376355,Donec Porttitor Incorporated,1459,False,1459,1685,1224,False,False,False,0,False,False,False,1224,1685,461,0.5245901639344263,False,False,False
82044452251,Malesuada Integer Id Company,1460,False,1460,1390,1421,False,False,False,0,False,False,False,1390,1460,70,0.0327868852459016,True,False,False
56945094143,Rutrum Justo Foundation,1461,False,1461,1344,1270,False,False,False,0,False,False,False,1270,1461,191,0.2459016393442623,False,False,False
50050487900,Nec Urna Corporation,1462,False,1462,1582,1373,False,False,False,0,False,False,False,1373,1582,209,0.2459016393442623,False,False,False
31754766736,Hendrerit Id Ante LLC,1463,False,1463,1647,1315,False,False,False,0,False,False,False,1315,1647,332,0.2459016393442623,False,False,False
47874406074,Et Malesuada Fames PC,1464,False,1464,1563,1567,False,False,False,0,False,False,False,1464,1567,103,0.2786885245901639,False,False,False
36235884040,Curabitur Massa PC,1465,False,1465,1467,1310,False,False,False,0,False,False,False,1310,1467,157,0.4426229508196722,False,False,False
95488505807,Mauris Sit Amet Consulting,1466,False,1466,1370,1722,False,False,False,0,False,False,False,1370,1722,352,0.0327868852459016,True,False,False
56489374516,Aliquam Tincidunt Institute,1467,False,1467,1322,1632,False,False,False,0,False,False,False,1322,1632,310,0.2295081967213115,False,False,False
43083074133,Faucibus Leo In LLC,1468,False,1468,1459,1327,False,False,False,0,False,False,False,1327,1468,141,0.3770491803278688,False,False,False
43833568675,Eu Odio Corp.,1469,False,1469,1334,1787,False,False,False,0,False,False,False,1334,1787,453,0.0983606557377049,False,False,False
95499028329,Nonummy Ultricies Ltd,1470,False,1470,1458,1500,False,False,False,0,False,False,False,1458,1500,42,0.2459016393442623,False,False,False
34973148717,Montes Nascetur Ridiculus Ltd,1471,False,1471,1417,1417,False,False,False,0,False,False,False,1417,1471,54,0.4754098360655737,False,False,False
81561729667,Gravida Molestie Associates,1472,False,1472,1407,1328,False,False,False,0,False,False,False,1328,1472,144,0.3114754098360656,False,False,False
74350755562,Nulla Facilisis Inc.,1473,False,1473,1503,1384,False,False,False,0,False,False,False,1384,1503,119,0.360655737704918,False,False,False
47740919232,In Scelerisque Company,1474,False,1474,1188,1830,False,False,False,0,False,False,False,1188,1830,642,0.1147540983606557,False,False,False
15582356843,Consectetuer Cursus Company,1475,False,1475,1619,1168,False,False,False,0,False,False,False,1168,1619,451,0.3114754098360656,False,False,False
25219450983,Sed Nunc Limited,1476,False,1476,1293,1712,False,False,False,0,False,False,False,1293,1712,419,0.0327868852459016,True,False,False
15043504837,Odio Incorporated,1477,False,1477,1248,1852,False,False,False,0,False,False,False,1248,1852,604,0.3114754098360656,False,False,False
73227776133,A Odio Semper Incorporated,1478,False,1478,1474,1576,False,False,False,0,False,False,False,1474,1576,102,0.4426229508196722,False,False,False
58459771721,Vestibulum Mauris Corp.,1479,False,1479,1454,1711,False,False,False,0,False,False,False,1454,1711,257,0.0655737704918032,False,False,False
91404276865,Vivamus Nibh Corp.,1480,False,1480,1393,1338,False,False,False,0,False,False,False,1338,1480,142,0.2131147540983606,False,False,False
25714080598,Mi Aliquam Incorporated,1481,False,1481,1548,1278,False,False,False,0,False,False,False,1278,1548,270,0.4426229508196722,False,False,False
37327984417,Purus Duis Consulting,1482,False,1482,1462,1510,False,False,False,0,False,False,False,1462,1510,48,0.3114754098360656,False,False,False
67979471799,Laoreet Ipsum Corp.,1483,False,1483,1559,1617,False,False,False,0,False,False,False,1483,1617,134,0.0327868852459016,True,False,False
13120157976,Sem Egestas Blandit Limited,1484,False,1484,1580,1363,False,False,False,0,False,False,False,1363,1580,217,0.639344262295082,False,False,False
40561597210,Sed Nec Foundation,1485,False,1485,1636,1193,False,False,False,0,False,False,False,1193,1636,443,0.2131147540983606,False,False,False
28159278322,Ullamcorper Nisl Corporation,1486,False,1486,1536,1322,False,False,False,0,False,False,False,1322,1536,214,0.2131147540983606,False,False,False
39135845322,Quis Pede Praesent Inc.,1487,False,1487,1320,1774,False,False,False,0,False,False,False,1320,1774,454,0.0655737704918032,False,False,False
36961482719,In Cursus Corp.,1488,False,1488,1478,1222,False,False,False,0,False,False,False,1222,1488,266,0.1147540983606557,False,False,False
77032515735,Congue Turpis Consulting,1489,False,1489,1420,1657,False,False,False,0,False,False,False,1420,1657,237,0.0655737704918032,False,False,False
35318110910,Tellus Lorem Incorporated,1490,False,1490,1412,1750,False,False,False,0,False,False,False,1412,1750,338,0.2459016393442623,False,False,False
35344855546,Quis Tristique Ac Inc.,1491,False,1491,1595,1392,False,False,False,0,False,False,False,1392,1595,203,0.2459016393442623,False,False,False
76745031694,Tristique LLP,1492,False,1492,1433,1466,False,False,False,0,False,False,False,1433,1492,59,0.3114754098360656,False,False,False
69913521743,Purus Gravida Inc.,1493,False,1493,1387,1800,False,False,False,0,False,False,False,1387,1800,413,0.1639344262295081,False,False,False
47879799074,Proin Incorporated,1494,False,1494,1445,1598,False,False,False,0,False,False,False,1445,1598,153,0.2459016393442623,False,False,False
47721432444,Ultrices Posuere Cubilia Foundation,1495,False,1495,1482,1699,False,False,False,0,False,False,False,1482,1699,217,0.2459016393442623,False,False,False
39112692726,Mus Proin LLC,1496,False,1496,1565,1460,False,False,False,0,False,False,False,1460,1565,105,0.4262295081967213,False,False,False
74690260858,Malesuada Ut Incorporated,1497,False,1497,1629,1427,False,False,False,0,False,False,False,1427,1629,202,0.0327868852459016,True,False,False
10023283211,Felis Limited,1498,False,1498,1675,1358,False,False,False,0,False,False,False,1358,1675,317,0.0327868852459016,True,False,False
80132164373,Integer Sem Corporation,1499,False,1499,1301,1694,False,False,False,0,False,False,False,1301,1694,393,0.0655737704918032,False,False,False
56429066925,Porta LLP,1500,False,1500,1330,1543,False,False,False,0,False,False,False,1330,1543,213,0.1967213114754098,False,False,False
73508037595,Felis Ullamcorper Associates,1501,False,1501,1495,1609,False,False,False,0,False,False,False,1495,1609,114,0.0327868852459016,True,False,False
46308102995,Dictum Eleifend PC,1502,False,1502,1539,1425,False,False,False,0,False,False,False,1425,1539,114,0.4590163934426229,False,False,False
71612636096,Lorem Luctus Associates,1503,False,1503,1502,1298,False,False,False,0,False,False,False,1298,1503,205,0.3114754098360656,False,False,False
67216839360,Sodales Elit Incorporated,1504,False,1504,1641,1245,False,False,False,0,False,False,False,1245,1641,396,0.360655737704918,False,False,False
40210282064,Est Inc.,1505,False,1505,1569,1508,False,False,False,0,False,False,False,1505,1569,64,0.4426229508196722,False,False,False
29693559566,Sed Diam Associates,1506,False,1506,1469,1687,False,False,False,0,False,False,False,1469,1687,218,0.0983606557377049,False,False,False
38243146530,Suspendisse Aliquet Incorporated,1507,False,1507,1379,1779,False,False,False,0,False,False,False,1379,1779,400,0.3114754098360656,False,False,False
88141903797,Nec Cursus A Corporation,1508,False,1508,1757,1360,False,False,False,0,False,False,False,1360,1757,397,0.5573770491803278,False,False,False
16980639748,Sodales Elit Erat LLC,1509,False,1509,1442,1579,False,False,False,0,False,False,False,1442,1579,137,0.0327868852459016,True,False,False
42483854662,Magna Sed Corp.,1510,False,1510,1359,1809,False,False,False,0,False,False,False,1359,1809,450,0.0327868852459016,True,False,False
71274812967,Lectus Company,1511,False,1511,1673,1393,False,False,False,0,False,False,False,1393,1673,280,0.4426229508196722,False,False,False
20445424481,Amet Industries,1512,False,1512,1426,1554,False,False,False,0,False,False,False,1426,1554,128,0.2459016393442623,False,False,False
93726438981,Justo Praesent Luctus Inc.,1513,False,1513,1544,1671,False,False,False,0,False,False,False,1513,1671,158,0.2622950819672131,False,False,False
41957730940,Arcu Et Inc.,1514,False,1514,1409,1571,False,False,False,0,False,False,False,1409,1571,162,0.0983606557377049,False,False,False
19811355860,Senectus Et PC,1515,False,1515,1648,1180,False,False,False,0,False,False,False,1180,1648,468,0.0655737704918032,False,False,False
78535319267,Et Inc.,1516,False,1516,1599,1337,False,False,False,0,False,False,False,1337,1599,262,0.1147540983606557,False,False,False
81950463278,Vulputate Posuere Foundation,1517,False,1517,1596,1419,False,False,False,0,False,False,False,1419,1596,177,0.2786885245901639,False,False,False
10596295795,Egestas A Associates,1518,False,1518,1342,1299,False,False,False,0,False,False,False,1299,1518,219,0.8688524590163934,False,False,False
71982729179,Erat Eget LLC,1519,False,1519,1598,1291,False,False,False,0,False,False,False,1291,1598,307,0.3770491803278688,False,False,False
24302923489,Ipsum Corporation,1520,False,1520,1517,1378,False,False,False,0,False,False,False,1378,1520,142,0.3114754098360656,False,False,False
51094717964,Tempor Diam Dictum Corporation,1521,False,1521,1406,1565,False,False,False,0,False,False,False,1406,1565,159,0.4426229508196722,False,False,False
92382466112,A Neque Nullam Corp.,1522,False,1522,1443,1762,False,False,False,0,False,False,False,1443,1762,319,0.2459016393442623,False,False,False
78187460332,Molestie Sed Limited,1523,False,1523,1676,1314,False,False,False,0,False,False,False,1314,1676,362,0.5573770491803278,False,False,False
83575543026,Ipsum Nunc Id LLC,1524,False,1524,1490,1734,False,False,False,0,False,False,False,1490,1734,244,0.0327868852459016,True,False,False
99786288465,Non Enim Commodo Industries,1525,False,1525,1496,1802,False,False,False,0,False,False,False,1496,1802,306,0.2459016393442623,False,False,False
12513701055,Et Lacinia Industries,1526,False,1526,1651,1498,False,False,False,0,False,False,False,1498,1651,153,0.6229508196721312,False,False,False
63734543365,Odio Etiam Company,1527,False,1527,1677,1375,False,False,False,0,False,False,False,1375,1677,302,0.4426229508196722,False,False,False
26077736972,Fermentum Convallis Incorporated,1528,False,1528,1535,1458,False,False,False,0,False,False,False,1458,1535,77,0.2131147540983606,False,False,False
10192359162,Enim Condimentum PC,1529,False,1529,1623,1469,False,False,False,0,False,False,False,1469,1623,154,0.3770491803278688,False,False,False
57223200264,Massa Suspendisse Corp.,1530,False,1530,1645,1537,False,False,False,0,False,False,False,1530,1645,115,0.0655737704918032,False,False,False
73555246475,Lobortis PC,1531,False,1531,1429,1751,False,False,False,0,False,False,False,1429,1751,322,0.180327868852459,False,False,False
85528480784,Convallis Institute,1532,False,1532,1533,1752,False,False,False,0,False,False,False,1532,1752,220,0.0655737704918032,False,False,False
89430765327,Sodales Mauris Corporation,1533,False,1533,1449,1827,False,False,False,0,False,False,False,1449,1827,378,0.3770491803278688,False,False,False
93712553837,Odio Tristique Pharetra Associates,1534,False,1534,1668,1361,False,False,False,0,False,False,False,1361,1668,307,0.3770491803278688,False,False,False
55094723224,Nulla Facilisi Associates,1535,False,1535,1475,1773,False,False,False,0,False,False,False,1475,1773,298,0.0327868852459016,True,False,False
55402538421,Orci Ut Semper Incorporated,1536,False,1536,1341,1894,False,False,False,0,False,False,False,1341,1894,553,0.180327868852459,False,False,False
55446764764,Turpis Nulla Incorporated,1537,False,1537,1402,1748,False,False,False,0,False,False,False,1402,1748,346,0.0655737704918032,False,False,False
77397924030,Lacinia Mattis Corporation,1538,False,1538,1437,1815,False,False,False,0,False,False,False,1437,1815,378,0.2950819672131147,False,False,False
71476669593,Non Luctus Sit Industries,1539,False,1539,1466,1832,False,False,False,0,False,False,False,1466,1832,366,0.2459016393442623,False,False,False
24683655751,Ipsum Suspendisse Foundation,1540,False,1540,1567,1618,False,False,False,0,False,False,False,1540,1618,78,0.360655737704918,False,False,False
50423424106,Aliquam Adipiscing Institute,1541,False,1541,1626,1435,False,False,False,0,False,False,False,1435,1626,191,0.0983606557377049,False,False,False
72652670028,At Augue PC,1542,False,1542,1687,1530,False,False,False,0,False,False,False,1530,1687,157,0.5245901639344263,False,False,False
96884218881,Lobortis Corporation,1543,False,1543,1749,1266,False,False,False,0,False,False,False,1266,1749,483,0.1147540983606557,False,False,False
63470567616,Risus Nunc Ac Corporation,1544,False,1544,1692,1330,False,False,False,0,False,False,False,1330,1692,362,0.4426229508196722,False,False,False
60470122582,Consequat Purus Industries,1545,False,1545,1725,1240,False,False,False,0,False,False,False,1240,1725,485,0.0655737704918032,False,False,False
11134994590,Quis Massa Mauris Ltd,1546,False,1546,1666,1212,False,False,False,0,False,False,False,1212,1666,454,0.360655737704918,False,False,False
56829863713,Nascetur Ridiculus Corp.,1547,False,1547,1504,1783,False,False,False,0,False,False,False,1504,1783,279,0.4590163934426229,False,False,False
91455531890,Pede Nunc Sed Industries,1548,False,1548,1527,1765,False,False,False,0,False,False,False,1527,1765,238,0.4426229508196722,False,False,False
83271526845,Adipiscing Ligula Corp.,1549,False,1549,1498,1805,False,False,False,0,False,False,False,1498,1805,307,0.0655737704918032,False,False,False
60240099150,Adipiscing Industries,1550,False,1550,1477,1731,False,False,False,0,False,False,False,1477,1731,254,0.3770491803278688,False,False,False
55562579755,Enim Curabitur Massa Foundation,1551,False,1551,1360,1887,False,False,False,0,False,False,False,1360,1887,527,0.1967213114754098,False,False,False
38734016504,Nisi Magna Consulting,1552,False,1552,1505,1550,False,False,False,0,False,False,False,1505,1552,47,0.2459016393442623,False,False,False
79248381674,Tellus Non LLC,1553,False,1553,1526,1479,False,False,False,0,False,False,False,1479,1553,74,0.3770491803278688,False,False,False
14148282104,Dictum Magna Ltd,1554,False,1554,1257,1923,False,False,False,0,False,False,False,1257,1923,666,0.1147540983606557,False,False,False
93439438419,Parturient Montes Inc.,1555,False,1555,1561,1721,False,False,False,0,False,False,False,1555,1721,166,0.4918032786885246,False,False,False
23335369654,Rhoncus Proin Foundation,1556,False,1556,1736,1336,False,False,False,0,False,False,False,1336,1736,400,0.3114754098360656,False,False,False
34984654037,A Ultricies Foundation,1557,False,1557,1659,1402,False,False,False,0,False,False,False,1402,1659,257,0.2786885245901639,False,False,False
82636765812,Porttitor Eros Nec Consulting,1558,False,1558,1746,1347,False,False,False,0,False,False,False,1347,1746,399,0.4426229508196722,False,False,False
13902377680,Mollis Nec Cursus LLP,1559,False,1559,1564,1372,False,False,False,0,False,False,False,1372,1564,192,0.5245901639344263,False,False,False
46916077029,Mauris Aliquam LLC,1560,False,1560,1394,1312,False,False,False,0,False,False,False,1312,1560,248,0.8852459016393442,False,False,False
63469048699,Eget Massa Ltd,1561,False,1561,1858,1284,False,False,False,0,False,False,False,1284,1858,574,0.4754098360655737,False,False,False
27639240514,Placerat Eget LLP,1562,False,1562,1511,1855,False,False,False,0,False,False,False,1511,1855,344,0.0327868852459016,True,False,False
79100970961,Nunc Quisque Ornare Institute,1563,False,1563,1455,1331,False,False,False,0,False,False,False,1331,1563,232,0.819672131147541,False,False,False
46887242827,Sollicitudin PC,1564,False,1564,1476,1871,False,False,False,0,False,False,False,1476,1871,395,0.1639344262295081,False,False,False
74309678848,Integer Vitae Nibh LLP,1565,False,1565,1662,1406,False,False,False,0,False,False,False,1406,1662,256,0.3442622950819672,False,False,False
26603390734,Phasellus In LLP,1566,False,1566,1479,1870,False,False,False,0,False,False,False,1479,1870,391,0.3114754098360656,False,False,False
55132869928,Curae Institute,1567,False,1567,1501,1817,False,False,False,0,False,False,False,1501,1817,316,0.1639344262295081,False,False,False
50185854379,Adipiscing Lacus Limited,1568,False,1568,1584,1439,False,False,False,0,False,False,False,1439,1584,145,0.1967213114754098,False,False,False
55828706874,Eget Venenatis A Incorporated,1569,False,1569,1405,1674,False,False,False,0,False,False,False,1405,1674,269,0.3770491803278688,False,False,False
71467727041,Arcu Et Pede Industries,1570,False,1570,1602,1447,False,False,False,0,False,False,False,1447,1602,155,0.3770491803278688,False,False,False
62692834922,Cum Sociis Company,1571,False,1571,1245,1965,False,False,False,0,False,False,False,1245,1965,720,0.0655737704918032,False,False,False
66672864977,Tempus Inc.,1572,False,1572,1688,1432,False,False,False,0,False,False,False,1432,1688,256,0.5901639344262295,False,False,False
14809247463,Id Mollis PC,1573,False,1573,1610,1577,False,False,False,0,False,False,False,1573,1610,37,0.2295081967213115,False,False,False
78508476745,Sapien LLP,1574,False,1574,1531,1572,False,False,False,0,False,False,False,1531,1574,43,0.4426229508196722,False,False,False
48214071373,Ridiculus LLC,1575,False,1575,1568,1422,False,False,False,0,False,False,False,1422,1575,153,0.4918032786885246,False,False,False
96911331900,Lacus Nulla Foundation,1576,False,1576,1368,1693,False,False,False,0,False,False,False,1368,1693,325,0.2459016393442623,False,False,False
25856363362,Cubilia Curae Phasellus Corporation,1577,False,1577,1431,1901,False,False,False,0,False,False,False,1431,1901,470,0.1967213114754098,False,False,False
30166624802,Feugiat Institute,1578,False,1578,1529,1718,False,False,False,0,False,False,False,1529,1718,189,0.2131147540983606,False,False,False
23600565711,Ut Nulla Ltd,1579,False,1579,1352,1845,False,False,False,0,False,False,False,1352,1845,493,0.2459016393442623,False,False,False
46630037650,Nam Interdum Ltd,1580,False,1580,1594,1368,False,False,False,0,False,False,False,1368,1594,226,0.5901639344262295,False,False,False
90477374366,Montes Limited,1581,False,1581,1401,1899,False,False,False,0,False,False,False,1401,1899,498,0.180327868852459,False,False,False
40490618895,Nulla Vulputate Inc.,1582,False,1582,1627,1407,False,False,False,0,False,False,False,1407,1627,220,0.639344262295082,False,False,False
90404167929,Enim Suspendisse Aliquet Corp.,1583,False,1583,1587,1826,False,False,False,0,False,False,False,1583,1826,243,0.0327868852459016,True,False,False
37243721612,Convallis Inc.,1584,False,1584,1609,1594,False,False,False,0,False,False,False,1584,1609,25,0.1639344262295081,False,False,False
79789227737,Ligula Elit Pretium Limited,1585,False,1585,1611,1395,False,False,False,0,False,False,False,1395,1611,216,0.4426229508196722,False,False,False
96834893748,Quam A Felis Incorporated,1586,False,1586,1732,1646,False,False,False,0,False,False,False,1586,1732,146,0.0983606557377049,False,False,False
42757999502,In Lobortis Tellus Foundation,1587,False,1587,1456,1932,False,False,False,0,False,False,False,1456,1932,476,0.0327868852459016,True,False,False
42876620841,Non Ltd,1588,False,1588,1740,1525,False,False,False,0,False,False,False,1525,1740,215,0.4754098360655737,False,False,False
46079095809,Vivamus Euismod LLP,1589,False,1589,1543,1499,False,False,False,0,False,False,False,1499,1589,90,0.2459016393442623,False,False,False
94609427687,Nunc Est Limited,1590,False,1590,1883,1383,False,False,False,0,False,False,False,1383,1883,500,0.6721311475409837,False,False,False
42735118354,Imperdiet LLC,1591,False,1591,1800,1411,False,False,False,0,False,False,False,1411,1800,389,0.5737704918032787,False,False,False
63523606379,Parturient Montes Nascetur Limited,1592,False,1592,1607,1648,False,False,False,0,False,False,False,1592,1648,56,0.3114754098360656,False,False,False
62009586337,Aliquet Magna A Ltd,1593,False,1593,1593,1541,False,False,False,0,False,False,False,1541,1593,52,0.3770491803278688,False,False,False
35911782646,Semper Nam Tempor Limited,1594,False,1594,1376,2032,False,False,False,0,False,False,False,1376,2032,656,0.0327868852459016,True,False,False
25624067782,Amet Corp.,1595,False,1595,1339,1931,False,False,False,0,False,False,False,1339,1931,592,0.1311475409836066,False,False,False
74084069481,Aenean LLP,1596,False,1596,1634,1355,False,False,False,0,False,False,False,1355,1634,279,0.0983606557377049,False,False,False
31202988152,Justo Eu Corporation,1597,False,1597,1523,1367,False,False,False,0,False,False,False,1367,1597,230,0.2131147540983606,False,False,False
57540672941,Ante Vivamus Industries,1598,False,1598,1418,1822,False,False,False,0,False,False,False,1418,1822,404,0.2459016393442623,False,False,False
96111981432,Integer In Magna Corporation,1599,False,1599,1889,1495,False,False,False,0,False,False,False,1495,1889,394,0.0327868852459016,True,False,False
48854820141,Quam Dignissim Pharetra Foundation,1600,False,1600,1770,1768,False,False,False,0,False,False,False,1600,1770,170,0.0327868852459016,True,False,False
50028551673,Vel Faucibus Institute,1601,False,1601,1537,1775,False,False,False,0,False,False,False,1537,1775,238,0.3770491803278688,False,False,False
11848576000,Aenean Eget Corporation,1602,False,1602,1892,1219,False,False,False,0,False,False,False,1219,1892,673,0.2459016393442623,False,False,False
43698886228,Nec Quam Corp.,1603,False,1603,1508,1843,False,False,False,0,False,False,False,1508,1843,335,0.3770491803278688,False,False,False
18306927906,Sed Tortor Limited,1604,False,1604,1823,1344,False,False,False,0,False,False,False,1344,1823,479,0.5737704918032787,False,False,False
92616389691,Maecenas Iaculis Aliquet Limited,1605,False,1605,1484,1456,False,False,False,0,False,False,False,1456,1605,149,0.0655737704918032,False,False,False
58895707108,Lobortis Risus LLP,1606,False,1606,1601,1893,False,False,False,0,False,False,False,1601,1893,292,0.3770491803278688,False,False,False
44828910341,Ac Orci Ut Corporation,1607,False,1607,1682,1431,False,False,False,0,False,False,False,1431,1682,251,0.3770491803278688,False,False,False
32173481131,Non PC,1608,False,1608,1562,1758,False,False,False,0,False,False,False,1562,1758,196,0.0983606557377049,False,False,False
25902222415,Eu Odio Inc.,1609,False,1609,1754,1625,False,False,False,0,False,False,False,1609,1754,145,0.4426229508196722,False,False,False
23931302979,Suscipit Incorporated,1610,False,1610,1717,1673,False,False,False,0,False,False,False,1610,1717,107,0.3770491803278688,False,False,False
52689558435,Eget Nisi Dictum Consulting,1611,False,1611,1520,1620,False,False,False,0,False,False,False,1520,1620,100,0.4590163934426229,False,False,False
50378976033,Tellus Industries,1612,False,1612,1664,1837,False,False,False,0,False,False,False,1612,1837,225,0.4918032786885246,False,False,False
82539239304,Vitae Ltd,1613,False,1613,1693,1780,False,False,False,0,False,False,False,1613,1780,167,0.0983606557377049,False,False,False
90612658132,Suspendisse Eleifend Cras Foundation,1614,False,1614,1591,1876,False,False,False,0,False,False,False,1591,1876,285,0.2459016393442623,False,False,False
22335198868,Elementum Sem Limited,1615,False,1615,1748,1390,False,False,False,0,False,False,False,1390,1748,358,0.6229508196721312,False,False,False
11422618712,Praesent Luctus Inc.,1616,False,1616,1722,1489,False,False,False,0,False,False,False,1489,1722,233,0.2622950819672131,False,False,False
83679168109,Quis Lectus Ltd,1617,False,1617,1819,1448,False,False,False,0,False,False,False,1448,1819,371,0.5737704918032787,False,False,False
93631003539,In Company,1618,False,1618,1805,1596,False,False,False,0,False,False,False,1596,1805,209,0.4754098360655737,False,False,False
36688095621,Aliquam Nisl Nulla Corporation,1619,False,1619,1463,1951,False,False,False,0,False,False,False,1463,1951,488,0.0655737704918032,False,False,False
97802179094,Ut Molestie In Ltd,1620,False,1620,1530,1418,False,False,False,0,False,False,False,1418,1620,202,0.3114754098360656,False,False,False
16676754730,Risus Donec Limited,1621,False,1621,1738,1608,False,False,False,0,False,False,False,1608,1738,130,0.4918032786885246,False,False,False
81276848014,Malesuada Fames Consulting,1622,False,1622,1515,1798,False,False,False,0,False,False,False,1515,1798,283,0.2459016393442623,False,False,False
80191930269,Dolor Quisque Tincidunt Foundation,1623,False,1623,1633,1502,False,False,False,0,False,False,False,1502,1633,131,0.6065573770491803,False,False,False
85148942307,Scelerisque Incorporated,1624,False,1624,1621,1515,False,False,False,0,False,False,False,1515,1624,109,0.6229508196721312,False,False,False
99272161508,Mauris Molestie Inc.,1625,False,1625,1791,1364,False,False,False,0,False,False,False,1364,1791,427,0.0655737704918032,False,False,False
44488833452,Aliquet Diam Inc.,1626,False,1626,1638,1512,False,False,False,0,False,False,False,1512,1638,126,0.4426229508196722,False,False,False
90909466474,Lacus Etiam LLC,1627,False,1627,1768,1423,False,False,False,0,False,False,False,1423,1768,345,0.4426229508196722,False,False,False
78774961599,Nulla Integer Limited,1628,False,1628,1984,1311,False,False,False,0,False,False,False,1311,1984,673,0.639344262295082,False,False,False
45827935127,Lorem Auctor Quis Foundation,1629,False,1629,1769,1475,False,False,False,0,False,False,False,1475,1769,294,0.4918032786885246,False,False,False
58776930712,Semper Limited,1630,False,1630,1700,1413,False,False,False,0,False,False,False,1413,1700,287,0.6557377049180328,False,False,False
21702179125,At Auctor Ullamcorper Incorporated,1631,False,1631,1691,1526,False,False,False,0,False,False,False,1526,1691,165,0.2459016393442623,False,False,False
83051195337,Porttitor Eros Institute,1632,False,1632,1625,1942,False,False,False,0,False,False,False,1625,1942,317,0.2459016393442623,False,False,False
56139017231,Nec Mollis Vitae PC,1633,False,1633,1552,1533,False,False,False,0,False,False,False,1533,1633,100,0.3114754098360656,False,False,False
28124275236,Vehicula Risus Institute,1634,False,1634,1877,1426,False,False,False,0,False,False,False,1426,1877,451,0.5901639344262295,False,False,False
90571530554,Lacus Ut Ltd,1635,False,1635,1553,1724,False,False,False,0,False,False,False,1553,1724,171,0.4426229508196722,False,False,False
13086571368,Enim Diam Vel Industries,1636,False,1636,1797,1713,False,False,False,0,False,False,False,1636,1797,161,0.6065573770491803,False,False,False
38807802363,Ac Mattis Ltd,1637,False,1637,1546,1848,False,False,False,0,False,False,False,1546,1848,302,0.2459016393442623,False,False,False
42515892480,Quisque Purus LLC,1638,False,1638,1767,1600,False,False,False,0,False,False,False,1600,1767,167,0.3770491803278688,False,False,False
53132768930,Id Magna Industries,1639,False,1639,1545,1937,False,False,False,0,False,False,False,1545,1937,392,0.0983606557377049,False,False,False
18904790666,Nunc Risus Corporation,1640,False,1640,1789,1436,False,False,False,0,False,False,False,1436,1789,353,0.3770491803278688,False,False,False
92064565896,Justo Praesent Luctus PC,1641,False,1641,1388,1991,False,False,False,0,False,False,False,1388,1991,603,0.1475409836065574,False,False,False
82786382916,Eu Tempor Ltd,1642,False,1642,1739,1818,False,False,False,0,False,False,False,1642,1818,176,0.0327868852459016,True,False,False
22644977942,At Risus Nunc Foundation,1643,False,1643,1631,1391,False,False,False,0,False,False,False,1391,1643,252,0.2459016393442623,False,False,False
90459292204,Adipiscing Ligula Limited,1644,False,1644,1733,1400,False,False,False,0,False,False,False,1400,1733,333,0.639344262295082,False,False,False
81464461997,Suspendisse Eleifend Cras PC,1645,False,1645,1592,1476,False,False,False,0,False,False,False,1476,1645,169,0.4918032786885246,False,False,False
19836429553,Ac Feugiat LLP,1646,False,1646,1448,2042,False,False,False,0,False,False,False,1448,2042,594,0.0327868852459016,True,False,False
23661853559,Ipsum Dolor Corp.,1647,False,1647,1573,1631,False,False,False,0,False,False,False,1573,1647,74,0.5901639344262295,False,False,False
16993524298,Posuere Cubilia Curae LLP,1648,False,1648,1699,1612,False,False,False,0,False,False,False,1612,1699,87,0.2459016393442623,False,False,False
37304535258,Tempus Non Institute,1649,False,1649,1542,1744,False,False,False,0,False,False,False,1542,1744,202,0.4590163934426229,False,False,False
36413911362,Suspendisse Sed Institute,1650,False,1650,1654,1720,False,False,False,0,False,False,False,1650,1720,70,0.2786885245901639,False,False,False
11961681734,Dui Cras Pellentesque Company,1651,False,1651,1639,1759,False,False,False,0,False,False,False,1639,1759,120,0.4426229508196722,False,False,False
13571059405,Dapibus Institute,1652,False,1652,1875,1339,False,False,False,0,False,False,False,1339,1875,536,0.0655737704918032,False,False,False
38990495653,Ut Molestie In Corporation,1653,False,1653,1446,1998,False,False,False,0,False,False,False,1446,1998,552,0.1967213114754098,False,False,False
62464569593,Est Ac LLC,1654,False,1654,1695,1834,False,False,False,0,False,False,False,1654,1834,180,0.0327868852459016,True,False,False
72167534195,Quisque Libero Corporation,1655,False,1655,1726,1538,False,False,False,0,False,False,False,1538,1726,188,0.4918032786885246,False,False,False
33226000026,Quis Turpis Corp.,1656,False,1656,1642,1930,False,False,False,0,False,False,False,1642,1930,288,0.0327868852459016,True,False,False
31867263249,Risus Donec Industries,1657,False,1657,1912,1396,False,False,False,0,False,False,False,1396,1912,516,0.639344262295082,False,False,False
67288548470,Ligula Elit LLC,1658,False,1658,1489,1906,False,False,False,0,False,False,False,1489,1906,417,0.3114754098360656,False,False,False
67988680834,Dolor Vitae Foundation,1659,False,1659,1794,1463,False,False,False,0,False,False,False,1463,1794,331,0.3114754098360656,False,False,False
20510478676,Curabitur Sed LLC,1660,False,1660,1815,1564,False,False,False,0,False,False,False,1564,1815,251,0.3770491803278688,False,False,False
14278929774,Etiam LLP,1661,False,1661,1524,1688,False,False,False,0,False,False,False,1524,1688,164,0.4590163934426229,False,False,False
45339304653,Phasellus Libero Institute,1662,False,1662,1674,1776,False,False,False,0,False,False,False,1662,1776,114,0.3770491803278688,False,False,False
46389689213,Enim Diam Vel Foundation,1663,False,1663,1575,1652,False,False,False,0,False,False,False,1575,1663,88,0.0983606557377049,False,False,False
42298598169,Velit Egestas PC,1664,False,1664,1488,2090,False,False,False,0,False,False,False,1488,2090,602,0.2131147540983606,False,False,False
10462560289,Ut Consulting,1665,False,1665,1782,1651,False,False,False,0,False,False,False,1651,1782,131,0.2459016393442623,False,False,False
68514534266,Semper Egestas Ltd,1666,False,1666,1763,1616,False,False,False,0,False,False,False,1616,1763,147,0.3770491803278688,False,False,False
75900778714,Laoreet Posuere Foundation,1667,False,1667,1658,1529,False,False,False,0,False,False,False,1529,1667,138,0.4098360655737705,False,False,False
25628686447,Magna Lorem Institute,1668,False,1668,1566,1443,False,False,False,0,False,False,False,1443,1668,225,0.0983606557377049,False,False,False
87811059143,Rhoncus Id PC,1669,False,1669,1614,1719,False,False,False,0,False,False,False,1614,1719,105,0.2786885245901639,False,False,False
23754348523,Vel Faucibus Id Company,1670,False,1670,1597,1746,False,False,False,0,False,False,False,1597,1746,149,0.0327868852459016,True,False,False
21263722044,Lacus Quisque Industries,1671,False,1671,1854,1297,False,False,False,0,False,False,False,1297,1854,557,0.0983606557377049,False,False,False
31330885977,Dis Parturient Ltd,1672,False,1672,1705,1857,False,False,False,0,False,False,False,1672,1857,185,0.3770491803278688,False,False,False
83373791025,Venenatis Foundation,1673,False,1673,1704,1473,False,False,False,0,False,False,False,1473,1704,231,0.2459016393442623,False,False,False
57426521062,Nascetur Ridiculus Institute,1674,False,1674,1637,1950,False,False,False,0,False,False,False,1637,1950,313,0.2131147540983606,False,False,False
42309113034,Nisi Incorporated,1675,False,1675,1624,1457,False,False,False,0,False,False,False,1457,1675,218,0.0655737704918032,False,False,False
32246751900,Massa Non LLC,1676,False,1676,1904,1414,False,False,False,0,False,False,False,1414,1904,490,0.3114754098360656,False,False,False
80381533940,Aliquet Incorporated,1677,False,1677,1365,2036,False,False,False,0,False,False,False,1365,2036,671,0.0327868852459016,True,False,False
55307299248,Praesent Luctus Curabitur Industries,1678,False,1678,1723,1862,False,False,False,0,False,False,False,1678,1862,184,0.2459016393442623,False,False,False
99410502449,Dignissim LLP,1679,False,1679,1813,1582,False,False,False,0,False,False,False,1582,1813,231,0.6557377049180328,False,False,False
55348614885,Tortor Nunc LLC,1680,False,1680,1702,1807,False,False,False,0,False,False,False,1680,1807,127,0.4426229508196722,False,False,False
18416401655,Pellentesque Incorporated,1681,False,1681,1683,1647,False,False,False,0,False,False,False,1647,1683,36,0.3114754098360656,False,False,False
24131662787,Libero Est LLP,1682,False,1682,1837,1412,False,False,False,0,False,False,False,1412,1837,425,0.2459016393442623,False,False,False
15686458582,Sed Orci Lobortis Corp.,1683,False,1683,1622,1941,False,False,False,0,False,False,False,1622,1941,319,0.360655737704918,False,False,False
64278053738,Magna Malesuada Foundation,1684,False,1684,1644,1961,False,False,False,0,False,False,False,1644,1961,317,0.5245901639344263,False,False,False
59248738261,Ullamcorper Ltd,1685,False,1685,1605,1881,False,False,False,0,False,False,False,1605,1881,276,0.2459016393442623,False,False,False
62739118502,Vel Venenatis Vel Consulting,1686,False,1686,1514,1614,False,False,False,0,False,False,False,1514,1686,172,0.180327868852459,False,False,False
35144409275,Dictum Mi LLC,1687,False,1687,1694,1703,False,False,False,0,False,False,False,1687,1703,16,0.5737704918032787,False,False,False
15531408565,Aliquam Eu LLP,1688,False,1688,1506,1938,False,False,False,0,False,False,False,1506,1938,432,0.2459016393442623,False,False,False
19839532017,Pellentesque Habitant LLC,1689,False,1689,1670,1916,False,False,False,0,False,False,False,1670,1916,246,0.6229508196721312,False,False,False
80117428556,Arcu Consulting,1690,False,1690,1525,2047,False,False,False,0,False,False,False,1525,2047,522,0.0655737704918032,False,False,False
24746574507,Commodo Auctor PC,1691,False,1691,1876,1585,False,False,False,0,False,False,False,1585,1876,291,0.5573770491803278,False,False,False
63937753588,Ac Metus Vitae Company,1692,False,1692,1451,1819,False,False,False,0,False,False,False,1451,1819,368,0.2459016393442623,False,False,False
76414358676,Eget Volutpat LLP,1693,False,1693,1711,1581,False,False,False,0,False,False,False,1581,1711,130,0.3114754098360656,False,False,False
17009186054,Et Ltd,1694,False,1694,1618,1552,False,False,False,0,False,False,False,1552,1694,142,0.4590163934426229,False,False,False
92899421466,Molestie Pharetra Inc.,1695,False,1695,2023,1445,False,False,False,0,False,False,False,1445,2023,578,0.639344262295082,False,False,False
11791943985,Nulla Magna Incorporated,1696,False,1696,1612,1902,False,False,False,0,False,False,False,1612,1902,290,0.2459016393442623,False,False,False
92532402483,Non LLC,1697,False,1697,1712,1497,False,False,False,0,False,False,False,1497,1712,215,0.3770491803278688,False,False,False
10848766800,Ut Dolor Dapibus LLP,1698,False,1698,1741,1974,False,False,False,0,False,False,False,1698,1974,276,0.1639344262295081,False,False,False
26569358936,Dictum Limited,1699,False,1699,1480,1970,False,False,False,0,False,False,False,1480,1970,490,0.3114754098360656,False,False,False
60090918663,Blandit Congue Ltd,1700,False,1700,1745,1551,False,False,False,0,False,False,False,1551,1745,194,0.639344262295082,False,False,False
73055550807,Nunc Interdum Incorporated,1701,False,1701,1655,1908,False,False,False,0,False,False,False,1655,1908,253,0.0655737704918032,False,False,False
67200153151,Tempus Mauris Erat Foundation,1702,False,1702,1771,1864,False,False,False,0,False,False,False,1702,1864,162,0.4426229508196722,False,False,False
82307164889,Mi Pede LLP,1703,False,1703,1709,1486,False,False,False,0,False,False,False,1486,1709,223,0.4590163934426229,False,False,False
34516414355,Laoreet Institute,1704,False,1704,1721,1766,False,False,False,0,False,False,False,1704,1766,62,0.4426229508196722,False,False,False
23046605325,Adipiscing Ligula Foundation,1705,False,1705,1703,1656,False,False,False,0,False,False,False,1656,1705,49,0.5573770491803278,False,False,False
19127906616,Metus Corp.,1706,False,1706,1713,1478,False,False,False,0,False,False,False,1478,1713,235,0.4098360655737705,False,False,False
94384861814,Sed Hendrerit A Limited,1707,False,1707,1916,1444,False,False,False,0,False,False,False,1444,1916,472,0.4590163934426229,False,False,False
93561083066,Sed Eu Foundation,1708,False,1708,1724,1959,False,False,False,0,False,False,False,1708,1959,251,0.2622950819672131,False,False,False
23942094477,Vivamus Industries,1709,False,1709,1795,1496,False,False,False,0,False,False,False,1496,1795,299,0.4426229508196722,False,False,False
33344911835,Aliquam Arcu Ltd,1710,False,1710,1577,1761,False,False,False,0,False,False,False,1577,1761,184,0.3770491803278688,False,False,False
49837617638,Adipiscing Elit Inc.,1711,False,1711,1943,1357,False,False,False,0,False,False,False,1357,1943,586,0.0655737704918032,False,False,False
23765687737,A Neque Incorporated,1712,False,1712,1778,1570,False,False,False,0,False,False,False,1570,1778,208,0.3770491803278688,False,False,False
19257772092,Dignissim Lacus Corp.,1713,False,1713,2013,1455,False,False,False,0,False,False,False,1455,2013,558,0.639344262295082,False,False,False
39685893174,Nec Eleifend Non Limited,1714,False,1714,1663,1934,False,False,False,0,False,False,False,1663,1934,271,0.0327868852459016,True,False,False
68483735536,At Velit Cras Foundation,1715,False,1715,1718,1836,False,False,False,0,False,False,False,1715,1836,121,0.2622950819672131,False,False,False
68092012436,Ante Associates,1716,False,1716,1803,1859,False,False,False,0,False,False,False,1716,1859,143,0.5245901639344263,False,False,False
86406618443,Tincidunt Pede Ac Associates,1717,False,1717,1689,1867,False,False,False,0,False,False,False,1689,1867,178,0.2459016393442623,False,False,False
29680923658,Suscipit Nonummy Institute,1718,False,1718,1808,1708,False,False,False,0,False,False,False,1708,1808,100,0.6557377049180328,False,False,False
76070803743,Massa Corp.,1719,False,1719,1799,1769,False,False,False,0,False,False,False,1719,1799,80,0.639344262295082,False,False,False
49418428210,Aliquet Magna A LLP,1720,False,1720,1690,2035,False,False,False,0,False,False,False,1690,2035,345,0.0983606557377049,False,False,False
92822969335,Quam Curabitur Vel Consulting,1721,False,1721,1913,1513,False,False,False,0,False,False,False,1513,1913,400,0.3114754098360656,False,False,False
26045642664,In Scelerisque Corp.,1722,False,1722,1849,1461,False,False,False,0,False,False,False,1461,1849,388,0.0983606557377049,False,False,False
52529569808,Aliquam Erat Corp.,1723,False,1723,1798,1905,False,False,False,0,False,False,False,1723,1905,182,0.4754098360655737,False,False,False
28510201393,Quam Curabitur Corporation,1724,False,1724,1589,1957,False,False,False,0,False,False,False,1589,1957,368,0.1967213114754098,False,False,False
70401028896,Suspendisse Company,1725,False,1725,1586,1653,False,False,False,0,False,False,False,1586,1725,139,0.1967213114754098,False,False,False
46083747689,Nam Interdum Enim Institute,1726,False,1726,1509,2093,False,False,False,0,False,False,False,1509,2093,584,0.2459016393442623,False,False,False
26358864089,Leo Elementum Sem LLC,1727,False,1727,1752,1516,False,False,False,0,False,False,False,1516,1752,236,0.3114754098360656,False,False,False
45888399278,Nulla Vulputate LLC,1728,False,1728,1847,1681,False,False,False,0,False,False,False,1681,1847,166,0.4754098360655737,False,False,False
59329605791,Donec Fringilla Associates,1729,False,1729,1812,1730,False,False,False,0,False,False,False,1729,1812,83,0.3114754098360656,False,False,False
44440245427,In Felis Inc.,1730,False,1730,1628,1926,False,False,False,0,False,False,False,1628,1926,298,0.2786885245901639,False,False,False
73792600690,Odio Semper Associates,1731,False,1731,1588,1858,False,False,False,0,False,False,False,1588,1858,270,0.3114754098360656,False,False,False
62074083335,Aliquet Libero Corporation,1732,False,1732,1590,2128,False,False,False,0,False,False,False,1590,2128,538,0.3770491803278688,False,False,False
66601385949,Faucibus Leo In PC,1733,False,1733,1937,1474,False,False,False,0,False,False,False,1474,1937,463,0.2131147540983606,False,False,False
75419006735,Mollis LLC,1734,False,1734,1734,1527,False,False,False,0,False,False,False,1527,1734,207,0.2459016393442623,False,False,False
78820544491,Tincidunt Aliquam LLP,1735,False,1735,1554,2001,False,False,False,0,False,False,False,1554,2001,447,0.2131147540983606,False,False,False
82852293268,Nullam Inc.,1736,False,1736,1970,1549,False,False,False,0,False,False,False,1549,1970,421,0.639344262295082,False,False,False
53778690950,Nisl Maecenas Malesuada Corporation,1737,False,1737,1698,2048,False,False,False,0,False,False,False,1698,2048,350,0.3114754098360656,False,False,False
29921604246,Tellus Justo Sit Company,1738,False,1738,1534,1921,False,False,False,0,False,False,False,1534,1921,387,0.180327868852459,False,False,False
57082085511,Euismod Est Ltd,1739,False,1739,1608,1695,False,False,False,0,False,False,False,1608,1739,131,0.1147540983606557,False,False,False
75975626029,Augue Eu Tempor Limited,1740,False,1740,2065,1470,False,False,False,0,False,False,False,1470,2065,595,0.5901639344262295,False,False,False
26001500989,Massa Suspendisse Inc.,1741,False,1741,1750,1704,False,False,False,0,False,False,False,1704,1750,46,0.4754098360655737,False,False,False
74024744735,Eu LLP,1742,False,1742,1672,2019,False,False,False,0,False,False,False,1672,2019,347,0.4426229508196722,False,False,False
69786030824,Non Quam Associates,1743,False,1743,1719,1988,False,False,False,0,False,False,False,1719,1988,269,0.4754098360655737,False,False,False
87817449611,Vestibulum Associates,1744,False,1744,1988,1574,False,False,False,0,False,False,False,1574,1988,414,0.639344262295082,False,False,False
66416089484,Lacinia Mattis Integer Associates,1745,False,1745,1802,1511,False,False,False,0,False,False,False,1511,1802,291,0.5737704918032787,False,False,False
24179472533,Est Congue Institute,1746,False,1746,1541,2075,False,False,False,0,False,False,False,1541,2075,534,0.2786885245901639,False,False,False
43753915542,Integer Aliquam Associates,1747,False,1747,1760,1666,False,False,False,0,False,False,False,1666,1760,94,0.5573770491803278,False,False,False
60922283533,Feugiat Non PC,1748,False,1748,1887,1680,False,False,False,0,False,False,False,1680,1887,207,0.3770491803278688,False,False,False
17073441842,Duis Corp.,1749,False,1749,1604,2057,False,False,False,0,False,False,False,1604,2057,453,0.2131147540983606,False,False,False
43696313879,Imperdiet Ullamcorper Corp.,1750,False,1750,1632,2098,False,False,False,0,False,False,False,1632,2098,466,0.0327868852459016,True,False,False
21587176464,Dictum Eu LLP,1751,False,1751,1728,2105,False,False,False,0,False,False,False,1728,2105,377,0.2459016393442623,False,False,False
50420515690,Curabitur Limited,1752,False,1752,1907,1650,False,False,False,0,False,False,False,1650,1907,257,0.4426229508196722,False,False,False
48734393022,Dis Parturient Institute,1753,False,1753,1793,2084,False,False,False,0,False,False,False,1753,2084,331,0.1967213114754098,False,False,False
89973342551,In Faucibus Corp.,1754,False,1754,1753,1661,False,False,False,0,False,False,False,1661,1754,93,0.4426229508196722,False,False,False
48302663667,Eget Tincidunt LLP,1755,False,1755,1579,2073,False,False,False,0,False,False,False,1579,2073,494,0.2459016393442623,False,False,False
57083783235,Dignissim Magna A LLC,1756,False,1756,1869,1793,False,False,False,0,False,False,False,1756,1869,113,0.0655737704918032,False,False,False
32258116290,Id Foundation,1757,False,1757,1974,1627,False,False,False,0,False,False,False,1627,1974,347,0.4590163934426229,False,False,False
67853562563,Non Nisi Foundation,1758,False,1758,1836,1847,False,False,False,0,False,False,False,1758,1847,89,0.5245901639344263,False,False,False
70713877189,Praesent Eu Incorporated,1759,False,1759,1697,1850,False,False,False,0,False,False,False,1697,1850,153,0.2459016393442623,False,False,False
70879262618,Donec Egestas Institute,1760,False,1760,1613,1956,False,False,False,0,False,False,False,1613,1956,343,0.4918032786885246,False,False,False
64040663159,Nec Metus LLP,1761,False,1761,1915,1644,False,False,False,0,False,False,False,1644,1915,271,0.2131147540983606,False,False,False
45362042297,Cursus Integer Foundation,1762,False,1762,1714,1996,False,False,False,0,False,False,False,1714,1996,282,0.2131147540983606,False,False,False
20642885273,Eu Limited,1763,False,1763,1684,2091,False,False,False,0,False,False,False,1684,2091,407,0.4754098360655737,False,False,False
39841504967,Felis Adipiscing Fringilla Limited,1764,False,1764,1776,2087,False,False,False,0,False,False,False,1764,2087,323,0.2459016393442623,False,False,False
29737773005,Tellus Imperdiet Industries,1765,False,1765,1891,1683,False,False,False,0,False,False,False,1683,1891,208,0.3770491803278688,False,False,False
16218917521,In At Pede LLC,1766,False,1766,1928,1602,False,False,False,0,False,False,False,1602,1928,326,0.2459016393442623,False,False,False
58881822825,Orci Luctus Et Industries,1767,False,1767,1652,1997,False,False,False,0,False,False,False,1652,1997,345,0.3770491803278688,False,False,False
69233153226,A Purus LLC,1768,False,1768,1756,1691,False,False,False,0,False,False,False,1691,1768,77,0.3114754098360656,False,False,False
80389596712,Lacinia LLC,1769,False,1769,1737,1716,False,False,False,0,False,False,False,1716,1769,53,0.5573770491803278,False,False,False
38194917037,Vel Nisl LLP,1770,False,1770,1755,2125,False,False,False,0,False,False,False,1755,2125,370,0.3770491803278688,False,False,False
58139231665,Dolor Nonummy Limited,1771,False,1771,1583,1976,False,False,False,0,False,False,False,1583,1976,393,0.1967213114754098,False,False,False
13942467372,Amet Massa Corporation,1772,False,1772,1860,1884,False,False,False,0,False,False,False,1772,1884,112,0.4918032786885246,False,False,False
87982653381,Eu Sem Pellentesque PC,1773,False,1773,2053,1556,False,False,False,0,False,False,False,1556,2053,497,0.6721311475409837,False,False,False
15896837295,Quam Quis Foundation,1774,False,1774,1801,1605,False,False,False,0,False,False,False,1605,1801,196,0.4590163934426229,False,False,False
30074252567,Lobortis Ultrices Vivamus Foundation,1775,False,1775,2090,1557,False,False,False,0,False,False,False,1557,2090,533,0.360655737704918,False,False,False
26062881399,Amet Risus Associates,1776,False,1776,1716,2083,False,False,False,0,False,False,False,1716,2083,367,0.2459016393442623,False,False,False
30288006732,Sem Pellentesque Ut Incorporated,1777,False,1777,1669,1989,False,False,False,0,False,False,False,1669,1989,320,0.3770491803278688,False,False,False
86143428477,Donec Consectetuer Mauris Foundation,1778,False,1778,1952,1599,False,False,False,0,False,False,False,1599,1952,353,0.2459016393442623,False,False,False
73804469952,Egestas Duis LLP,1779,False,1779,1806,1963,False,False,False,0,False,False,False,1779,1963,184,0.0983606557377049,False,False,False
97104028372,Vel Arcu LLP,1780,False,1780,1832,1558,False,False,False,0,False,False,False,1558,1832,274,0.0655737704918032,False,False,False
42590000698,Est Tempor Institute,1781,False,1781,1852,1729,False,False,False,0,False,False,False,1729,1852,123,0.5737704918032787,False,False,False
20833247272,Tincidunt Pede Institute,1782,False,1782,1810,1949,False,False,False,0,False,False,False,1782,1949,167,0.2786885245901639,False,False,False
79377496749,Non Cursus LLP,1783,False,1783,1620,2143,False,False,False,0,False,False,False,1620,2143,523,0.1639344262295081,False,False,False
24264927934,Non Inc.,1784,False,1784,1730,2065,False,False,False,0,False,False,False,1730,2065,335,0.0983606557377049,False,False,False
18737319630,Ut Industries,1785,False,1785,2029,1536,False,False,False,0,False,False,False,1536,2029,493,0.2622950819672131,False,False,False
10545955006,Lacus Vestibulum Inc.,1786,False,1786,1720,2067,False,False,False,0,False,False,False,1720,2067,347,0.4426229508196722,False,False,False
62100554322,Tempor Limited,1787,False,1787,1576,2026,False,False,False,0,False,False,False,1576,2026,450,0.4426229508196722,False,False,False
80499846916,Tempus Ltd,1788,False,1788,1678,2157,False,False,False,0,False,False,False,1678,2157,479,0.2622950819672131,False,False,False
52989681376,Tempor Bibendum PC,1789,False,1789,1922,1739,False,False,False,0,False,False,False,1739,1922,183,0.4754098360655737,False,False,False
69392492576,Nulla Dignissim Limited,1790,False,1790,2006,1603,False,False,False,0,False,False,False,1603,2006,403,0.4754098360655737,False,False,False
29748559436,Nunc Ullamcorper Velit Limited,1791,False,1791,1941,1636,False,False,False,0,False,False,False,1636,1941,305,0.6229508196721312,False,False,False
84357911995,Nullam Vitae Inc.,1792,False,1792,1727,1735,False,False,False,0,False,False,False,1727,1792,65,0.4426229508196722,False,False,False
54785263912,Eget Tincidunt Dui LLC,1793,False,1793,1497,2002,False,False,False,0,False,False,False,1497,2002,505,0.360655737704918,False,False,False
34940973001,Sem Molestie Sodales Corporation,1794,False,1794,1845,2003,False,False,False,0,False,False,False,1794,2003,209,0.3770491803278688,False,False,False
63307448428,Aliquam Rutrum Industries,1795,False,1795,2001,1531,False,False,False,0,False,False,False,1531,2001,470,0.3114754098360656,False,False,False
19249968599,Nunc Pulvinar Industries,1796,False,1796,1931,1626,False,False,False,0,False,False,False,1626,1931,305,0.3114754098360656,False,False,False
24993385051,Ac Foundation,1797,False,1797,1980,1534,False,False,False,0,False,False,False,1534,1980,446,0.2131147540983606,False,False,False
94833823558,Tempor Augue Industries,1798,False,1798,1751,1860,False,False,False,0,False,False,False,1751,1860,109,0.4754098360655737,False,False,False
17308640834,Et Rutrum Limited,1799,False,1799,1701,2156,False,False,False,0,False,False,False,1701,2156,455,0.2131147540983606,False,False,False
86416078719,Quisque Porttitor Associates,1800,False,1800,1671,2074,False,False,False,0,False,False,False,1671,2074,403,0.3770491803278688,False,False,False
32413511882,Morbi Vehicula Limited,1801,False,1801,1772,1670,False,False,False,0,False,False,False,1670,1801,131,0.4754098360655737,False,False,False
78105320756,Aliquet Odio LLP,1802,False,1802,1944,1569,False,False,False,0,False,False,False,1569,1944,375,0.4426229508196722,False,False,False
35679080538,Odio Etiam Limited,1803,False,1803,1786,2139,False,False,False,0,False,False,False,1786,2139,353,0.3770491803278688,False,False,False
73221370757,Sed Turpis Corporation,1804,False,1804,1976,1757,False,False,False,0,False,False,False,1757,1976,219,0.5901639344262295,False,False,False
19633197919,Molestie Sodales Mauris Industries,1805,False,1805,1600,2165,False,False,False,0,False,False,False,1600,2165,565,0.0655737704918032,False,False,False
15115332331,In Consectetuer Ltd,1806,False,1806,1603,2147,False,False,False,0,False,False,False,1603,2147,544,0.3770491803278688,False,False,False
77292581216,Vitae Sodales LLP,1807,False,1807,2014,1628,False,False,False,0,False,False,False,1628,2014,386,0.4426229508196722,False,False,False
65161304947,Malesuada Inc.,1808,False,1808,1994,1624,False,False,False,0,False,False,False,1624,1994,370,0.3770491803278688,False,False,False
14336275166,Euismod Est Associates,1809,False,1809,1735,2095,False,False,False,0,False,False,False,1735,2095,360,0.0655737704918032,False,False,False
40575200651,Sed Institute,1810,False,1810,1906,1879,False,False,False,0,False,False,False,1810,1906,96,0.360655737704918,False,False,False
62285108846,Dignissim Lacus Corporation,1811,False,1811,1967,2014,False,False,False,0,False,False,False,1811,2014,203,0.0327868852459016,True,False,False
69078612783,Gravida Mauris LLP,1812,False,1812,1649,2227,False,False,False,0,False,False,False,1649,2227,578,0.2459016393442623,False,False,False
10702078694,Fermentum Risus Foundation,1813,False,1813,1957,1580,False,False,False,0,False,False,False,1580,1957,377,0.5737704918032787,False,False,False
48758923477,Semper Dui LLC,1814,False,1814,1686,2008,False,False,False,0,False,False,False,1686,2008,322,0.0983606557377049,False,False,False
57860746842,Dui Augue PC,1815,False,1815,1606,2200,False,False,False,0,False,False,False,1606,2200,594,0.7377049180327868,False,False,False
28451419105,Rutrum Fusce LLC,1816,False,1816,1826,1548,False,False,False,0,False,False,False,1548,1826,278,0.1639344262295081,False,False,False
58835628923,Torquent Per Ltd,1817,False,1817,1863,1992,False,False,False,0,False,False,False,1817,1992,175,0.4426229508196722,False,False,False
70651441723,Convallis In Consulting,1818,False,1818,1640,2193,False,False,False,0,False,False,False,1640,2193,553,0.4590163934426229,False,False,False
35286003506,Velit Foundation,1819,False,1819,1902,1589,False,False,False,0,False,False,False,1589,1902,313,0.0655737704918032,False,False,False
10901349044,Per Inceptos Company,1820,False,1820,1665,2104,False,False,False,0,False,False,False,1665,2104,439,0.2459016393442623,False,False,False
26895812037,Sem Ut Inc.,1821,False,1821,1936,1705,False,False,False,0,False,False,False,1705,1936,231,0.3770491803278688,False,False,False
15073534664,Dignissim Tempor Arcu Ltd,1822,False,1822,1765,2029,False,False,False,0,False,False,False,1765,2029,264,0.3770491803278688,False,False,False
98202651678,Enim Commodo Associates,1823,False,1823,1764,2086,False,False,False,0,False,False,False,1764,2086,322,0.2459016393442623,False,False,False
73376110977,Fusce LLC,1824,False,1824,2037,1506,False,False,False,0,False,False,False,1506,2037,531,0.1147540983606557,False,False,False
34922750917,Magna Lorem Ipsum Inc.,1825,False,1825,1947,1882,False,False,False,0,False,False,False,1825,1947,122,0.3770491803278688,False,False,False
23490868997,Odio Auctor LLC,1826,False,1826,1816,1784,False,False,False,0,False,False,False,1784,1826,42,0.2459016393442623,False,False,False
59581212604,Magna Phasellus Foundation,1827,False,1827,1680,2099,False,False,False,0,False,False,False,1680,2099,419,0.2459016393442623,False,False,False
49439795725,Ut Molestie LLP,1828,False,1828,2118,1519,False,False,False,0,False,False,False,1519,2118,599,0.4098360655737705,False,False,False
37228343237,Odio A Purus Associates,1829,False,1829,2100,1723,False,False,False,0,False,False,False,1723,2100,377,0.0983606557377049,False,False,False
30378250411,Congue Turpis Ltd,1830,False,1830,1978,1728,False,False,False,0,False,False,False,1728,1978,250,0.0983606557377049,False,False,False
82487226263,Id Magna Foundation,1831,False,1831,1831,1584,False,False,False,0,False,False,False,1584,1831,247,0.0655737704918032,False,False,False
86744504251,Suspendisse Dui LLC,1832,False,1832,1856,1517,False,False,False,0,False,False,False,1517,1856,339,0.1639344262295081,False,False,False
62015733331,Arcu Vivamus Ltd,1833,False,1833,1839,2017,False,False,False,0,False,False,False,1833,2017,184,0.6065573770491803,False,False,False
36628336616,Sagittis Augue Incorporated,1834,False,1834,1707,2245,False,False,False,0,False,False,False,1707,2245,538,0.180327868852459,False,False,False
73843758222,Sed Malesuada Augue LLC,1835,False,1835,1790,2132,False,False,False,0,False,False,False,1790,2132,342,0.6065573770491803,False,False,False
66778711798,Nunc Corp.,1836,False,1836,1940,1662,False,False,False,0,False,False,False,1662,1940,278,0.6065573770491803,False,False,False
48625977738,Sit LLP,1837,False,1837,1899,1910,False,False,False,0,False,False,False,1837,1910,73,0.360655737704918,False,False,False
76385491690,Sed Dui Fusce Inc.,1838,False,1838,1820,1725,False,False,False,0,False,False,False,1725,1838,113,0.639344262295082,False,False,False
31562649946,Est Arcu Ac Incorporated,1839,False,1839,1804,1782,False,False,False,0,False,False,False,1782,1839,57,0.639344262295082,False,False,False
18905299698,Massa LLP,1840,False,1840,1528,2257,False,False,False,0,False,False,False,1528,2257,729,0.0655737704918032,False,False,False
88047242149,Quam Vel LLC,1841,False,1841,1920,1811,False,False,False,0,False,False,False,1811,1920,109,0.5245901639344263,False,False,False
51479541036,Leo Cras Vehicula LLC,1842,False,1842,1963,1623,False,False,False,0,False,False,False,1623,1963,340,0.2459016393442623,False,False,False
21162389643,Sit Amet Associates,1843,False,1843,1572,2222,False,False,False,0,False,False,False,1572,2222,650,0.2459016393442623,False,False,False
68103126714,Odio Ltd,1844,False,1844,1932,1698,False,False,False,0,False,False,False,1698,1932,234,0.2131147540983606,False,False,False
24976666868,Duis Dignissim Institute,1845,False,1845,1935,1689,False,False,False,0,False,False,False,1689,1935,246,0.0327868852459016,True,False,False
93110588804,Aenean Sed Pede Company,1846,False,1846,1986,1471,False,False,False,0,False,False,False,1471,1986,515,0.2786885245901639,False,False,False
20497101151,Arcu Vestibulum Ante LLC,1847,False,1847,1743,2184,False,False,False,0,False,False,False,1743,2184,441,0.2131147540983606,False,False,False
85813310401,Aliquet Nec Foundation,1848,False,1848,1866,1658,False,False,False,0,False,False,False,1658,1866,208,0.3770491803278688,False,False,False
97590358496,Tristique Inc.,1849,False,1849,1681,1607,False,False,False,0,False,False,False,1607,1849,242,0.4098360655737705,False,False,False
66066213362,Nunc Sed LLP,1850,False,1850,1742,2253,False,False,False,0,False,False,False,1742,2253,511,0.4426229508196722,False,False,False
45785438987,Sit Amet Limited,1851,False,1851,1549,2292,False,False,False,0,False,False,False,1549,2292,743,0.2131147540983606,False,False,False
85590755551,Cras Industries,1852,False,1852,1817,1684,False,False,False,0,False,False,False,1684,1852,168,0.4754098360655737,False,False,False
51458444343,Aenean Eget Inc.,1853,False,1853,1780,1977,False,False,False,0,False,False,False,1780,1977,197,0.4098360655737705,False,False,False
88492245451,At Arcu LLC,1854,False,1854,1923,1936,False,False,False,0,False,False,False,1854,1936,82,0.4590163934426229,False,False,False
33388024878,Semper Institute,1855,False,1855,1999,1654,False,False,False,0,False,False,False,1654,1999,345,0.3770491803278688,False,False,False
82079072750,Diam Eu Dolor Foundation,1856,False,1856,2036,1637,False,False,False,0,False,False,False,1637,2036,399,0.5573770491803278,False,False,False
71910092040,Convallis Erat LLC,1857,False,1857,1909,1733,False,False,False,0,False,False,False,1733,1909,176,0.4590163934426229,False,False,False
23541969839,Amet Nulla Ltd,1858,False,1858,2067,1578,False,False,False,0,False,False,False,1578,2067,489,0.6229508196721312,False,False,False
81021509523,Mauris Industries,1859,False,1859,1969,1597,False,False,False,0,False,False,False,1597,1969,372,0.4590163934426229,False,False,False
28339332365,Libero Mauris Limited,1860,False,1860,1646,2136,False,False,False,0,False,False,False,1646,2136,490,0.4098360655737705,False,False,False
14443753481,Purus Ac Incorporated,1861,False,1861,1841,1975,False,False,False,0,False,False,False,1841,1975,134,0.1639344262295081,False,False,False
21614701484,Et Netus Et Corp.,1862,False,1862,1783,1935,False,False,False,0,False,False,False,1783,1935,152,0.3770491803278688,False,False,False
45940422862,Interdum Curabitur Institute,1863,False,1863,2073,1619,False,False,False,0,False,False,False,1619,2073,454,0.4590163934426229,False,False,False
32772607667,Nunc Sed Institute,1864,False,1864,1897,1829,False,False,False,0,False,False,False,1829,1897,68,0.639344262295082,False,False,False
62464051354,Rhoncus Id Institute,1865,False,1865,1878,1610,False,False,False,0,False,False,False,1610,1878,268,0.4754098360655737,False,False,False
49069349536,Sapien Nunc Inc.,1866,False,1866,1842,2191,False,False,False,0,False,False,False,1842,2191,349,0.1147540983606557,False,False,False
76910557723,Leo LLP,1867,False,1867,1744,2130,False,False,False,0,False,False,False,1744,2130,386,0.2459016393442623,False,False,False
13823979247,Egestas Limited,1868,False,1868,1785,1875,False,False,False,0,False,False,False,1785,1875,90,0.2459016393442623,False,False,False
94801884806,Turpis Aliquam Associates,1869,False,1869,1914,1686,False,False,False,0,False,False,False,1686,1914,228,0.6229508196721312,False,False,False
48298955262,A Arcu Sed Company,1870,False,1870,1872,2124,False,False,False,0,False,False,False,1870,2124,254,0.2459016393442623,False,False,False
17186910612,Semper Tellus LLP,1871,False,1871,1660,2317,False,False,False,0,False,False,False,1660,2317,657,0.1639344262295081,False,False,False
33296649772,Nullam Lobortis Ltd,1872,False,1872,1821,2046,False,False,False,0,False,False,False,1821,2046,225,0.081967213114754,False,False,False
90684382197,In Sodales Limited,1873,False,1873,1656,2341,False,False,False,0,False,False,False,1656,2341,685,0.3770491803278688,False,False,False
76351454594,Et Eros Proin Consulting,1874,False,1874,1903,1944,False,False,False,0,False,False,False,1874,1944,70,0.2459016393442623,False,False,False
41302588137,Magnis Dis Limited,1875,False,1875,1781,2052,False,False,False,0,False,False,False,1781,2052,271,0.2459016393442623,False,False,False
97211373669,Nam Porttitor Inc.,1876,False,1876,2142,1756,False,False,False,0,False,False,False,1756,2142,386,0.1967213114754098,False,False,False
31456306765,Phasellus Ltd,1877,False,1877,1788,1823,False,False,False,0,False,False,False,1788,1877,89,0.4262295081967213,False,False,False
91178385997,Pede Nonummy Limited,1878,False,1878,1917,1707,False,False,False,0,False,False,False,1707,1917,210,0.6557377049180328,False,False,False
66983698186,Tristique Aliquet Phasellus Incorporated,1879,False,1879,1848,1878,False,False,False,0,False,False,False,1848,1879,31,0.4426229508196722,False,False,False
69135584329,Sed Eu LLC,1880,False,1880,2130,1642,False,False,False,0,False,False,False,1642,2130,488,0.4098360655737705,False,False,False
81103556310,In Nec Institute,1881,False,1881,1861,1643,False,False,False,0,False,False,False,1643,1881,238,0.0655737704918032,False,False,False
86340649164,Est Corp.,1882,False,1882,1834,2129,False,False,False,0,False,False,False,1834,2129,295,0.0983606557377049,False,False,False
88712190602,Aliquet Phasellus Fermentum Corporation,1883,False,1883,1925,1840,False,False,False,0,False,False,False,1840,1925,85,0.0655737704918032,False,False,False
20544804614,Malesuada Malesuada Corporation,1884,False,1884,1777,1928,False,False,False,0,False,False,False,1777,1928,151,0.4754098360655737,False,False,False
10995883576,Non Feugiat Incorporated,1885,False,1885,2127,1639,False,False,False,0,False,False,False,1639,2127,488,0.5737704918032787,False,False,False
18310531307,Nunc Corporation,1886,False,1886,2076,1794,False,False,False,0,False,False,False,1794,2076,282,0.5737704918032787,False,False,False
57680172958,Ullamcorper Viverra Incorporated,1887,False,1887,2259,1518,False,False,False,0,False,False,False,1518,2259,741,0.4098360655737705,False,False,False
22578135006,A Aliquet Ltd,1888,False,1888,1696,2263,False,False,False,0,False,False,False,1696,2263,567,0.2459016393442623,False,False,False
31238575689,Ipsum Leo LLP,1889,False,1889,2069,1635,False,False,False,0,False,False,False,1635,2069,434,0.1147540983606557,False,False,False
37829861545,Cursus Vestibulum Mauris Foundation,1890,False,1890,1843,2271,False,False,False,0,False,False,False,1843,2271,428,0.4426229508196722,False,False,False
49811126264,Blandit Nam LLC,1891,False,1891,2012,1814,False,False,False,0,False,False,False,1814,2012,198,0.3114754098360656,False,False,False
78822658788,Mi Aliquam Ltd,1892,False,1892,1896,1825,False,False,False,0,False,False,False,1825,1896,71,0.5573770491803278,False,False,False
15613631617,Ante Industries,1893,False,1893,1929,2265,False,False,False,0,False,False,False,1893,2265,372,0.0327868852459016,True,False,False
20349182689,Nunc Interdum Feugiat Limited,1894,False,1894,1758,2401,False,False,False,0,False,False,False,1758,2401,643,0.3770491803278688,False,False,False
31905921746,Ut LLP,1895,False,1895,2140,1672,False,False,False,0,False,False,False,1672,2140,468,0.3770491803278688,False,False,False
56236492160,Arcu Ac Industries,1896,False,1896,1895,2103,False,False,False,0,False,False,False,1895,2103,208,0.360655737704918,False,False,False
86305947527,Cursus Integer Corporation,1897,False,1897,1884,2107,False,False,False,0,False,False,False,1884,2107,223,0.4754098360655737,False,False,False
36291259608,Ac LLC,1898,False,1898,1879,2004,False,False,False,0,False,False,False,1879,2004,125,0.4754098360655737,False,False,False
82843310256,Ipsum Leo Industries,1899,False,1899,1824,2148,False,False,False,0,False,False,False,1824,2148,324,0.2459016393442623,False,False,False
55661978105,Lectus Convallis Est LLC,1900,False,1900,1630,2168,False,False,False,0,False,False,False,1630,2168,538,0.0655737704918032,False,False,False
70751543592,Orci Ut Incorporated,1901,False,1901,2173,1676,False,False,False,0,False,False,False,1676,2173,497,0.4426229508196722,False,False,False
65276790047,Bibendum Fermentum LLP,1902,False,1902,2030,1593,False,False,False,0,False,False,False,1593,2030,437,0.2459016393442623,False,False,False
33268824520,Arcu Nunc Incorporated,1903,False,1903,1657,2368,False,False,False,0,False,False,False,1657,2368,711,0.0983606557377049,False,False,False
25971755977,Dui Cras Pellentesque Incorporated,1904,False,1904,1985,1892,False,False,False,0,False,False,False,1892,1985,93,0.4426229508196722,False,False,False
28517327395,Pede Blandit LLP,1905,False,1905,2005,1877,False,False,False,0,False,False,False,1877,2005,128,0.2459016393442623,False,False,False
87984437233,At Fringilla Associates,1906,False,1906,1888,1702,False,False,False,0,False,False,False,1702,1906,204,0.4262295081967213,False,False,False
80136098531,At Auctor LLC,1907,False,1907,1807,2264,False,False,False,0,False,False,False,1807,2264,457,0.1967213114754098,False,False,False
33357097824,Sem Ut Incorporated,1908,False,1908,1715,2318,False,False,False,0,False,False,False,1715,2318,603,0.2459016393442623,False,False,False
34020997841,Molestie Tellus Foundation,1909,False,1909,1862,2243,False,False,False,0,False,False,False,1862,2243,381,0.3770491803278688,False,False,False
45432243315,Fringilla Euismod PC,1910,False,1910,1840,1696,False,False,False,0,False,False,False,1696,1910,214,0.2131147540983606,False,False,False
41847933261,Mollis Duis Industries,1911,False,1911,2138,1633,False,False,False,0,False,False,False,1633,2138,505,0.4754098360655737,False,False,False
24092849628,Duis Ac Foundation,1912,False,1912,1635,2371,False,False,False,0,False,False,False,1635,2371,736,0.0983606557377049,False,False,False
37442271968,Magna Tellus Faucibus LLP,1913,False,1913,1945,1745,False,False,False,0,False,False,False,1745,1945,200,0.6065573770491803,False,False,False
92731708815,Nunc Sed Consulting,1914,False,1914,1857,2301,False,False,False,0,False,False,False,1857,2301,444,0.5245901639344263,False,False,False
54024111976,Elit Elit Associates,1915,False,1915,1859,2171,False,False,False,0,False,False,False,1859,2171,312,0.2459016393442623,False,False,False
73500416211,Posuere Vulputate Lacus Industries,1916,False,1916,1885,2150,False,False,False,0,False,False,False,1885,2150,265,0.5737704918032787,False,False,False
24769745549,Ac Metus Corporation,1917,False,1917,1731,2350,False,False,False,0,False,False,False,1731,2350,619,0.1967213114754098,False,False,False
19734745008,Etiam Imperdiet Corporation,1918,False,1918,1882,1869,False,False,False,0,False,False,False,1869,1918,49,0.4426229508196722,False,False,False
17523010120,Urna Convallis Foundation,1919,False,1919,2035,2000,False,False,False,0,False,False,False,1919,2035,116,0.0327868852459016,True,False,False
15612785317,Congue Corporation,1920,False,1920,1773,2027,False,False,False,0,False,False,False,1773,2027,254,0.5737704918032787,False,False,False
79178157512,Mollis Duis Institute,1921,False,1921,1972,1999,False,False,False,0,False,False,False,1921,1999,78,0.5573770491803278,False,False,False
93429143824,Fames Ac Associates,1922,False,1922,2011,1964,False,False,False,0,False,False,False,1922,2011,89,0.3114754098360656,False,False,False
37935728745,Laoreet Lectus Quis LLP,1923,False,1923,2119,1542,False,False,False,0,False,False,False,1542,2119,577,0.2131147540983606,False,False,False
11024352823,Aliquet Metus Urna LLP,1924,False,1924,1966,1701,False,False,False,0,False,False,False,1701,1966,265,0.540983606557377,False,False,False
45636462354,Amet Consectetuer Limited,1925,False,1925,2102,1573,False,False,False,0,False,False,False,1573,2102,529,0.0327868852459016,True,False,False
38598071783,Etiam Imperdiet Dictum LLC,1926,False,1926,1853,2207,False,False,False,0,False,False,False,1853,2207,354,0.2459016393442623,False,False,False
41485392864,Donec Luctus Corp.,1927,False,1927,1747,2307,False,False,False,0,False,False,False,1747,2307,560,0.4590163934426229,False,False,False
55646417663,Nisi Cum LLC,1928,False,1928,2040,1791,False,False,False,0,False,False,False,1791,2040,249,0.2622950819672131,False,False,False
42724910979,Vitae Nibh Donec Institute,1929,False,1929,2052,1714,False,False,False,0,False,False,False,1714,2052,338,0.2459016393442623,False,False,False
83930795096,Elit Pede Industries,1930,False,1930,1880,2145,False,False,False,0,False,False,False,1880,2145,265,0.6229508196721312,False,False,False
94380689142,Aliquet Ltd,1931,False,1931,2066,1638,False,False,False,0,False,False,False,1638,2066,428,0.2786885245901639,False,False,False
96730987906,Mattis Ornare Lectus Limited,1932,False,1932,1867,1685,False,False,False,0,False,False,False,1685,1932,247,0.3114754098360656,False,False,False
71029007948,Est Ac Inc.,1933,False,1933,2097,1659,False,False,False,0,False,False,False,1659,2097,438,0.0655737704918032,False,False,False
54654230431,Malesuada Vel Venenatis Limited,1934,False,1934,2111,1667,False,False,False,0,False,False,False,1667,2111,444,0.5573770491803278,False,False,False
64297965205,Quisque Ac Libero LLP,1935,False,1935,2115,1710,False,False,False,0,False,False,False,1710,2115,405,0.2459016393442623,False,False,False
70805280228,Odio Auctor Foundation,1936,False,1936,1759,1863,False,False,False,0,False,False,False,1759,1936,177,0.3114754098360656,False,False,False
39542524740,Urna Ut Tincidunt Inc.,1937,False,1937,2042,1955,False,False,False,0,False,False,False,1937,2042,105,0.5737704918032787,False,False,False
16143938351,Enim Institute,1938,False,1938,1838,1655,False,False,False,0,False,False,False,1655,1938,283,0.1967213114754098,False,False,False
53560474586,Erat Inc.,1939,False,1939,1835,2034,False,False,False,0,False,False,False,1835,2034,199,0.3114754098360656,False,False,False
87178039859,Ac Corporation,1940,False,1940,2039,1799,False,False,False,0,False,False,False,1799,2039,240,0.5737704918032787,False,False,False
83577754480,Donec Porttitor Foundation,1941,False,1941,1908,1874,False,False,False,0,False,False,False,1874,1941,67,0.5245901639344263,False,False,False
52451319982,Aenean Euismod Industries,1942,False,1942,2045,1770,False,False,False,0,False,False,False,1770,2045,275,0.0983606557377049,False,False,False
98006646106,Eget Magna Suspendisse Inc.,1943,False,1943,1900,1664,False,False,False,0,False,False,False,1664,1943,279,0.0983606557377049,False,False,False
28024035242,Et Magnis Corp.,1944,False,1944,2192,1641,False,False,False,0,False,False,False,1641,2192,551,0.2459016393442623,False,False,False
83891433615,Lacus Etiam Ltd,1945,False,1945,1844,2045,False,False,False,0,False,False,False,1844,2045,201,0.2622950819672131,False,False,False
10553813474,Commodo Hendrerit Donec Corporation,1946,False,1946,1710,2345,False,False,False,0,False,False,False,1710,2345,635,0.4426229508196722,False,False,False
69983246412,Quam Quis Company,1947,False,1947,1729,2310,False,False,False,0,False,False,False,1729,2310,581,0.0655737704918032,False,False,False
67244956961,Vehicula Industries,1948,False,1948,1865,2174,False,False,False,0,False,False,False,1865,2174,309,0.5901639344262295,False,False,False
64953561005,Orci Phasellus Dapibus Inc.,1949,False,1949,1766,2303,False,False,False,0,False,False,False,1766,2303,537,0.4754098360655737,False,False,False
10930486968,Metus Vitae Velit LLP,1950,False,1950,1981,1812,False,False,False,0,False,False,False,1812,1981,169,0.6557377049180328,False,False,False
67520251416,At PC,1951,False,1951,2203,1660,False,False,False,0,False,False,False,1660,2203,543,0.2622950819672131,False,False,False
74444459322,Tincidunt Adipiscing Inc.,1952,False,1952,1950,1856,False,False,False,0,False,False,False,1856,1952,96,0.4590163934426229,False,False,False
25762836422,Quis Pede Institute,1953,False,1953,2024,2102,False,False,False,0,False,False,False,1953,2102,149,0.6229508196721312,False,False,False
67920961191,Ut Pharetra Company,1954,False,1954,1679,2391,False,False,False,0,False,False,False,1679,2391,712,0.0655737704918032,False,False,False
89129047209,Suspendisse Tristique Neque LLC,1955,False,1955,1708,2250,False,False,False,0,False,False,False,1708,2250,542,0.4426229508196722,False,False,False
43801715289,Mollis Duis Sit Foundation,1956,False,1956,1643,2440,False,False,False,0,False,False,False,1643,2440,797,0.1147540983606557,False,False,False
81099631357,Ipsum Leo Limited,1957,False,1957,2210,1668,False,False,False,0,False,False,False,1668,2210,542,0.2459016393442623,False,False,False
73130631030,Risus In Mi Corporation,1958,False,1958,2077,1872,False,False,False,0,False,False,False,1872,2077,205,0.3770491803278688,False,False,False
13663374533,Ac Mattis Limited,1959,False,1959,1962,2336,False,False,False,0,False,False,False,1959,2336,377,0.6885245901639344,False,False,False
67692278478,Nullam LLP,1960,False,1960,1855,2361,False,False,False,0,False,False,False,1855,2361,506,0.4590163934426229,False,False,False
77334889816,Massa Ltd,1961,False,1961,2092,1611,False,False,False,0,False,False,False,1611,2092,481,0.3770491803278688,False,False,False
52034043972,Non Dapibus Rutrum Limited,1962,False,1962,1822,2365,False,False,False,0,False,False,False,1822,2365,543,0.1639344262295081,False,False,False
93977601095,Primis LLC,1963,False,1963,2143,1629,False,False,False,0,False,False,False,1629,2143,514,0.1639344262295081,False,False,False
32803063236,Non Justo Proin Limited,1964,False,1964,2157,1741,False,False,False,0,False,False,False,1741,2157,416,0.2622950819672131,False,False,False
65735508037,Vestibulum Ante Ipsum LLP,1965,False,1965,1921,2355,False,False,False,0,False,False,False,1921,2355,434,0.5573770491803278,False,False,False
29956692423,Vel Venenatis Vel Limited,1966,False,1966,1829,1786,False,False,False,0,False,False,False,1786,1966,180,0.0655737704918032,False,False,False
22811128657,Viverra Inc.,1967,False,1967,1905,2405,False,False,False,0,False,False,False,1905,2405,500,0.3114754098360656,False,False,False
76482197253,Enim Nisl Elementum Corp.,1968,False,1968,1927,2362,False,False,False,0,False,False,False,1927,2362,435,0.1639344262295081,False,False,False
90967931475,Donec LLC,1969,False,1969,2200,1640,False,False,False,0,False,False,False,1640,2200,560,0.1311475409836066,False,False,False
46007761675,Est Nunc Ullamcorper Institute,1970,False,1970,1814,2215,False,False,False,0,False,False,False,1814,2215,401,0.4754098360655737,False,False,False
58825561585,Enim PC,1971,False,1971,2046,2244,False,False,False,0,False,False,False,1971,2244,273,0.2786885245901639,False,False,False
34568005237,Non Bibendum Foundation,1972,False,1972,1933,2049,False,False,False,0,False,False,False,1933,2049,116,0.5737704918032787,False,False,False
72758063852,Vestibulum Ante Ipsum Corporation,1973,False,1973,2021,1804,False,False,False,0,False,False,False,1804,2021,217,0.2295081967213115,False,False,False
74489671755,Lorem Ac Consulting,1974,False,1974,2135,1846,False,False,False,0,False,False,False,1846,2135,289,0.4426229508196722,False,False,False
96505481738,Neque Et Ltd,1975,False,1975,1825,2328,False,False,False,0,False,False,False,1825,2328,503,0.5573770491803278,False,False,False
68874243493,Nullam Suscipit Consulting,1976,False,1976,1706,2217,False,False,False,0,False,False,False,1706,2217,511,0.2131147540983606,False,False,False
18440845368,Ac Turpis Egestas Corp.,1977,False,1977,2249,1677,False,False,False,0,False,False,False,1677,2249,572,0.3770491803278688,False,False,False
55179323922,Aliquet Phasellus Fermentum Associates,1978,False,1978,1919,2224,False,False,False,0,False,False,False,1919,2224,305,0.2459016393442623,False,False,False
14420598156,Bibendum Sed Est Foundation,1979,False,1979,2258,1778,False,False,False,0,False,False,False,1778,2258,480,0.4590163934426229,False,False,False
90290879666,Vulputate Dui Nec Company,1980,False,1980,1809,2298,False,False,False,0,False,False,False,1809,2298,489,0.4918032786885246,False,False,False
50967757909,Eu Dui Cum Incorporated,1981,False,1981,1973,2210,False,False,False,0,False,False,False,1973,2210,237,0.2622950819672131,False,False,False
24701944105,Nulla Integer Vulputate PC,1982,False,1982,1942,1824,False,False,False,0,False,False,False,1824,1982,158,0.2786885245901639,False,False,False
61376261291,Fusce Diam Limited,1983,False,1983,1901,2266,False,False,False,0,False,False,False,1901,2266,365,0.2131147540983606,False,False,False
51304261149,Donec Est Mauris Corp.,1984,False,1984,1873,2213,False,False,False,0,False,False,False,1873,2213,340,0.6065573770491803,False,False,False
17614133590,Nec Enim LLP,1985,False,1985,2025,1743,False,False,False,0,False,False,False,1743,2025,282,0.3114754098360656,False,False,False
22084888224,Parturient Montes LLC,1986,False,1986,1959,2037,False,False,False,0,False,False,False,1959,2037,78,0.4426229508196722,False,False,False
88717811993,Donec Tempus Foundation,1987,False,1987,1910,2388,False,False,False,0,False,False,False,1910,2388,478,0.4590163934426229,False,False,False
84160298882,Egestas A Scelerisque LLC,1988,False,1988,1890,2277,False,False,False,0,False,False,False,1890,2277,387,0.2950819672131147,False,False,False
83045786081,Ac Turpis Egestas Associates,1989,False,1989,2003,1738,False,False,False,0,False,False,False,1738,2003,265,0.3770491803278688,False,False,False
84923186920,Penatibus Et LLC,1990,False,1990,1983,1753,False,False,False,0,False,False,False,1753,1990,237,0.1475409836065574,False,False,False
64423487782,A LLC,1991,False,1991,1918,2385,False,False,False,0,False,False,False,1918,2385,467,0.5573770491803278,False,False,False
71868219093,Arcu Sed Et Inc.,1992,False,1992,2043,1755,False,False,False,0,False,False,False,1755,2043,288,0.4426229508196722,False,False,False
15422452671,Euismod Corporation,1993,False,1993,1953,2122,False,False,False,0,False,False,False,1953,2122,169,0.639344262295082,False,False,False
12426913844,Diam Proin Industries,1994,False,1994,2058,2197,False,False,False,0,False,False,False,1994,2197,203,0.4590163934426229,False,False,False
44387175188,Dolor Vitae Industries,1995,False,1995,2086,1795,False,False,False,0,False,False,False,1795,2086,291,0.5245901639344263,False,False,False
29317230624,Ligula Elit Corp.,1996,False,1996,1775,2234,False,False,False,0,False,False,False,1775,2234,459,0.4426229508196722,False,False,False
52827561456,Nec Urna Limited,1997,False,1997,1911,2319,False,False,False,0,False,False,False,1911,2319,408,0.1967213114754098,False,False,False
37097551567,Quis Pede Associates,1998,False,1998,2008,2322,False,False,False,0,False,False,False,1998,2322,324,0.5901639344262295,False,False,False
43065012749,Nibh Donec Est Inc.,1999,False,1999,1998,2016,False,False,False,0,False,False,False,1998,2016,18,0.0655737704918032,False,False,False
74505118182,Velit Quisque Varius Corporation,2000,False,2000,2296,1717,False,False,False,0,False,False,False,1717,2296,579,0.4590163934426229,False,False,False
86889657711,Accumsan Corporation,2001,False,2001,1818,2404,False,False,False,0,False,False,False,1818,2404,586,0.8032786885245902,False,False,False
24830778398,Fames Ac Turpis Ltd,2002,False,2002,2235,1810,False,False,False,0,False,False,False,1810,2235,425,0.4754098360655737,False,False,False
18716225872,Amet Ante Vivamus Associates,2003,False,2003,1762,2462,False,False,False,0,False,False,False,1762,2462,700,0.4754098360655737,False,False,False
47313663897,Ante Ipsum Primis Inc.,2004,False,2004,1946,2369,False,False,False,0,False,False,False,1946,2369,423,0.4918032786885246,False,False,False
97738870301,Pellentesque LLC,2005,False,2005,1868,2338,False,False,False,0,False,False,False,1868,2338,470,0.2459016393442623,False,False,False
40305723628,Quis Turpis Industries,2006,False,2006,1830,2289,False,False,False,0,False,False,False,1830,2289,459,0.639344262295082,False,False,False
10255988167,Aliquam Enim Incorporated,2007,False,2007,1784,2393,False,False,False,0,False,False,False,1784,2393,609,0.2459016393442623,False,False,False
81227400064,Et Corporation,2008,False,2008,2063,1820,False,False,False,0,False,False,False,1820,2063,243,0.639344262295082,False,False,False
73416415122,Habitant Morbi Ltd,2009,False,2009,1997,2198,False,False,False,0,False,False,False,1997,2198,201,0.4918032786885246,False,False,False
21073645356,Egestas A Consulting,2010,False,2010,2124,1669,False,False,False,0,False,False,False,1669,2124,455,0.0983606557377049,False,False,False
39980443411,Integer Urna Limited,2011,False,2011,2291,1986,False,False,False,0,False,False,False,1986,2291,305,0.2459016393442623,False,False,False
37568109751,Mollis Incorporated,2012,False,2012,1871,2272,False,False,False,0,False,False,False,1871,2272,401,0.4754098360655737,False,False,False
45907060380,Nec Euismod LLC,2013,False,2013,1881,2419,False,False,False,0,False,False,False,1881,2419,538,0.2622950819672131,False,False,False
82218291560,Vitae Mauris Sit PC,2014,False,2014,2177,1736,False,False,False,0,False,False,False,1736,2177,441,0.2459016393442623,False,False,False
30169909013,Congue A Incorporated,2015,False,2015,2155,1789,False,False,False,0,False,False,False,1789,2155,366,0.1639344262295081,False,False,False
38675657098,Amet LLP,2016,False,2016,2055,1772,False,False,False,0,False,False,False,1772,2055,283,0.360655737704918,False,False,False
21024150335,Libero Inc.,2017,False,2017,2303,1851,False,False,False,0,False,False,False,1851,2303,452,0.6557377049180328,False,False,False
42191818419,Sit PC,2018,False,2018,1761,2457,False,False,False,0,False,False,False,1761,2457,696,0.4918032786885246,False,False,False
48431515375,Non Hendrerit Id LLP,2019,False,2019,2234,1853,False,False,False,0,False,False,False,1853,2234,381,0.4426229508196722,False,False,False
25939878512,Elit Etiam Corp.,2020,False,2020,1995,2425,False,False,False,0,False,False,False,1995,2425,430,0.6721311475409837,False,False,False
73836969394,Nunc Laoreet Lectus Industries,2021,False,2021,2081,2187,False,False,False,0,False,False,False,2021,2187,166,0.360655737704918,False,False,False
10955677986,Arcu Iaculis Corporation,2022,False,2022,1827,2279,False,False,False,0,False,False,False,1827,2279,452,0.4426229508196722,False,False,False
22606727520,Laoreet Ipsum Industries,2023,False,2023,1948,2199,False,False,False,0,False,False,False,1948,2199,251,0.5901639344262295,False,False,False
16254418652,Urna LLP,2024,False,2024,1961,2076,False,False,False,0,False,False,False,1961,2076,115,0.639344262295082,False,False,False
36105696102,Velit Eget Institute,2025,False,2025,2084,1760,False,False,False,0,False,False,False,1760,2084,324,0.5737704918032787,False,False,False
99378147610,A Neque Nullam PC,2026,False,2026,1979,1813,False,False,False,0,False,False,False,1813,2026,213,0.0327868852459016,True,False,False
90976587185,Risus Donec Corp.,2027,False,2027,2148,1797,False,False,False,0,False,False,False,1797,2148,351,0.0327868852459016,True,False,False
41563576600,Ut Quam Vel Corporation,2028,False,2028,1938,2302,False,False,False,0,False,False,False,1938,2302,364,0.5573770491803278,False,False,False
66149479735,Eu Dui Institute,2029,False,2029,2246,2053,False,False,False,0,False,False,False,2029,2246,217,0.5573770491803278,False,False,False
44069268193,Sem Mollis LLP,2030,False,2030,2236,1968,False,False,False,0,False,False,False,1968,2236,268,0.6885245901639344,False,False,False
24724058205,Congue A Aliquet LLC,2031,False,2031,2304,1726,False,False,False,0,False,False,False,1726,2304,578,0.2131147540983606,False,False,False
58870269317,Vel Turpis Company,2032,False,2032,2017,2420,False,False,False,0,False,False,False,2017,2420,403,0.3770491803278688,False,False,False
32082195327,Luctus PC,2033,False,2033,2176,2229,False,False,False,0,False,False,False,2033,2229,196,0.1639344262295081,False,False,False
52069051820,A Nunc In LLP,2034,False,2034,2132,1924,False,False,False,0,False,False,False,1924,2132,208,0.3114754098360656,False,False,False
60616659469,Tortor At Ltd,2035,False,2035,1792,2524,False,False,False,0,False,False,False,1792,2524,732,0.3770491803278688,False,False,False
96812798687,Nisl Nulla LLP,2036,False,2036,1886,2342,False,False,False,0,False,False,False,1886,2342,456,0.3114754098360656,False,False,False
42598866237,Ultrices Posuere LLC,2037,False,2037,1960,1947,False,False,False,0,False,False,False,1947,2037,90,0.3770491803278688,False,False,False
27110349542,Felis Nulla Tempor Institute,2038,False,2038,1864,2406,False,False,False,0,False,False,False,1864,2406,542,0.4098360655737705,False,False,False
64112855512,Sed Auctor Associates,2039,False,2039,2278,1861,False,False,False,0,False,False,False,1861,2278,417,0.4754098360655737,False,False,False
89687562876,Mattis Cras Eget Company,2040,False,2040,2261,1692,False,False,False,0,False,False,False,1692,2261,569,0.0327868852459016,True,False,False
80421506936,Scelerisque Mollis Consulting,2041,False,2041,2034,2137,False,False,False,0,False,False,False,2034,2137,103,0.6557377049180328,False,False,False
68699143999,Tincidunt Neque Vitae Corporation,2042,False,2042,1850,2416,False,False,False,0,False,False,False,1850,2416,566,0.2786885245901639,False,False,False
33587480673,Egestas Blandit Nam LLP,2043,False,2043,2241,1715,False,False,False,0,False,False,False,1715,2241,526,0.2459016393442623,False,False,False
72647107998,Eu Sem Associates,2044,False,2044,2335,1742,False,False,False,0,False,False,False,1742,2335,593,0.4098360655737705,False,False,False
31420388495,Nonummy Associates,2045,False,2045,1930,2306,False,False,False,0,False,False,False,1930,2306,376,0.4426229508196722,False,False,False
77259097820,Hymenaeos Mauris LLC,2046,False,2046,2103,2323,False,False,False,0,False,False,False,2046,2323,277,0.639344262295082,False,False,False
52129026374,Non Feugiat Nec Industries,2047,False,2047,1924,2458,False,False,False,0,False,False,False,1924,2458,534,0.4426229508196722,False,False,False
98626476096,At Company,2048,False,2048,2218,2054,False,False,False,0,False,False,False,2048,2218,170,0.4918032786885246,False,False,False
54094693762,Pulvinar Arcu Incorporated,2049,False,2049,2190,2038,False,False,False,0,False,False,False,2038,2190,152,0.2295081967213115,False,False,False
49412216510,Nec Quam Curabitur Incorporated,2050,False,2050,1851,2142,False,False,False,0,False,False,False,1851,2142,291,0.1639344262295081,False,False,False
79707467977,Pede Suspendisse Dui Incorporated,2051,False,2051,2385,1754,False,False,False,0,False,False,False,1754,2385,631,0.3114754098360656,False,False,False
59331766724,Semper Auctor Mauris Corp.,2052,False,2052,2082,2013,False,False,False,0,False,False,False,2013,2082,69,0.2459016393442623,False,False,False
72366568659,Ullamcorper Velit In Industries,2053,False,2053,1893,2509,False,False,False,0,False,False,False,1893,2509,616,0.4426229508196722,False,False,False
40038882257,Elit Pellentesque Ltd,2054,False,2054,2004,2349,False,False,False,0,False,False,False,2004,2349,345,0.5901639344262295,False,False,False
58420836090,Duis Limited,2055,False,2055,1833,2134,False,False,False,0,False,False,False,1833,2134,301,0.2131147540983606,False,False,False
83887431107,Tristique Associates,2056,False,2056,2032,2394,False,False,False,0,False,False,False,2032,2394,362,0.3114754098360656,False,False,False
13248824465,Convallis Erat Limited,2057,False,2057,1811,2248,False,False,False,0,False,False,False,1811,2248,437,0.2459016393442623,False,False,False
47630053533,Risus Odio Auctor Inc.,2058,False,2058,1977,2311,False,False,False,0,False,False,False,1977,2311,334,0.1639344262295081,False,False,False
36874828466,Ut Quam Vel LLP,2059,False,2059,2193,1962,False,False,False,0,False,False,False,1962,2193,231,0.0983606557377049,False,False,False
45578529693,Vulputate Company,2060,False,2060,2280,1792,False,False,False,0,False,False,False,1792,2280,488,0.360655737704918,False,False,False
78577106740,Donec Consulting,2061,False,2061,2318,1621,False,False,False,0,False,False,False,1621,2318,697,0.0327868852459016,True,True,False
38918664617,Faucibus Foundation,2062,False,2062,2075,1706,False,False,False,0,False,False,False,1706,2075,369,0.0327868852459016,True,False,False
19988273819,Nascetur Ridiculus Industries,2063,False,2063,2002,2295,False,False,False,0,False,False,False,2002,2295,293,0.3770491803278688,False,False,False
15446964877,Pede Industries,2064,False,2064,2099,2309,False,False,False,0,False,False,False,2064,2309,245,0.6721311475409837,False,False,False
17663034743,Semper Incorporated,2065,False,2065,2007,2520,False,False,False,0,False,False,False,2007,2520,513,0.3114754098360656,False,False,False
17465489150,Quam A Company,2066,False,2066,2316,1828,False,False,False,0,False,False,False,1828,2316,488,0.4590163934426229,False,False,False
39288194590,Tempor Bibendum Donec Corp.,2067,False,2067,2182,2031,False,False,False,0,False,False,False,2031,2182,151,0.4590163934426229,False,False,False
72361927236,Congue Associates,2068,False,2068,1787,2584,False,False,False,0,False,False,False,1787,2584,797,0.0655737704918032,False,False,False
98659140422,Eget Lacus Ltd,2069,False,2069,2208,2063,False,False,False,0,False,False,False,2063,2208,145,0.639344262295082,False,False,False
89596715410,Neque PC,2070,False,2070,2277,1801,False,False,False,0,False,False,False,1801,2277,476,0.0983606557377049,False,False,False
84787662573,Varius Orci Inc.,2071,False,2071,2310,1649,False,False,False,0,False,False,False,1649,2310,661,0.0327868852459016,True,True,False
93700243350,Penatibus Et Magnis Institute,2072,False,2072,2419,1737,False,False,False,0,False,False,False,1737,2419,682,0.2131147540983606,False,False,False
91154394323,Quis Corp.,2073,False,2073,2150,2043,False,False,False,0,False,False,False,2043,2150,107,0.360655737704918,False,False,False
51423645458,Feugiat Nec Inc.,2074,False,2074,2088,1839,False,False,False,0,False,False,False,1839,2088,249,0.1311475409836066,False,False,False
36679017165,Iaculis Institute,2075,False,2075,2041,1984,False,False,False,0,False,False,False,1984,2075,91,0.3114754098360656,False,False,False
11149063370,Et Arcu Limited,2076,False,2076,1828,2590,False,False,False,0,False,False,False,1828,2590,762,0.8360655737704918,False,False,False
72399160347,Dui Cum Sociis LLP,2077,False,2077,2033,1880,False,False,False,0,False,False,False,1880,2077,197,0.2295081967213115,False,False,False
72886104064,Sit Amet LLC,2078,False,2078,2240,1790,False,False,False,0,False,False,False,1790,2240,450,0.180327868852459,False,False,False
95935115082,Et Magnis Inc.,2079,False,2079,2166,1890,False,False,False,0,False,False,False,1890,2166,276,0.639344262295082,False,False,False
54331336835,Aliquet Metus Ltd,2080,False,2080,2113,1903,False,False,False,0,False,False,False,1903,2113,210,0.4918032786885246,False,False,False
29613837166,Id Risus Ltd,2081,False,2081,2056,2446,False,False,False,0,False,False,False,2056,2446,390,0.2131147540983606,False,False,False
64652625932,Vulputate Lacus Cras Ltd,2082,False,2082,2089,1888,False,False,False,0,False,False,False,1888,2089,201,0.4918032786885246,False,False,False
49460691968,Nisl Sem Associates,2083,False,2083,2168,2094,False,False,False,0,False,False,False,2083,2168,85,0.3114754098360656,False,False,False
22705725824,Dignissim Lacus Incorporated,2084,False,2084,2152,1909,False,False,False,0,False,False,False,1909,2152,243,0.3114754098360656,False,False,False
22248828825,Taciti PC,2085,False,2085,2009,2390,False,False,False,0,False,False,False,2009,2390,381,0.2459016393442623,False,False,False
44997402413,Sapien Cursus In Limited,2086,False,2086,2194,1946,False,False,False,0,False,False,False,1946,2194,248,0.4426229508196722,False,False,False
73225085327,Gravida Sit Industries,2087,False,2087,2026,2429,False,False,False,0,False,False,False,2026,2429,403,0.4590163934426229,False,False,False
62735494616,Cras Lorem Lorem Limited,2088,False,2088,1870,2551,False,False,False,0,False,False,False,1870,2551,681,0.3770491803278688,False,False,False
37505212069,Convallis In Cursus Limited,2089,False,2089,2185,1953,False,False,False,0,False,False,False,1953,2185,232,0.2459016393442623,False,False,False
80089686333,Tincidunt Nibh LLP,2090,False,2090,2094,2384,False,False,False,0,False,False,False,2090,2384,294,0.3934426229508196,False,False,False
32842076466,Pellentesque Inc.,2091,False,2091,1964,2415,False,False,False,0,False,False,False,1964,2415,451,0.360655737704918,False,False,False
47830349274,Enim Corp.,2092,False,2092,2091,2481,False,False,False,0,False,False,False,2091,2481,390,0.639344262295082,False,False,False
41956465747,Pede Cras LLP,2093,False,2093,2195,2021,False,False,False,0,False,False,False,2021,2195,174,0.4426229508196722,False,False,False
31607615186,Fusce Mollis Duis Corp.,2094,False,2094,2022,2192,False,False,False,0,False,False,False,2022,2192,170,0.639344262295082,False,False,False
97952361004,Nulla In Institute,2095,False,2095,2146,2374,False,False,False,0,False,False,False,2095,2374,279,0.3770491803278688,False,False,False
86844861009,Luctus Sit Ltd,2096,False,2096,2116,1885,False,False,False,0,False,False,False,1885,2116,231,0.639344262295082,False,False,False
78663389603,Nullam Scelerisque Neque Industries,2097,False,2097,2051,2249,False,False,False,0,False,False,False,2051,2249,198,0.4590163934426229,False,False,False
38049816588,Commodo Tincidunt Limited,2098,False,2098,2268,1803,False,False,False,0,False,False,False,1803,2268,465,0.0983606557377049,False,False,False
96435855846,Id PC,2099,False,2099,1898,2469,False,False,False,0,False,False,False,1898,2469,571,0.4098360655737705,False,False,False
31686734877,Etiam Laoreet LLP,2100,False,2100,2256,1972,False,False,False,0,False,False,False,1972,2256,284,0.4918032786885246,False,False,False
84355195068,Sed Est Nunc Institute,2101,False,2101,2396,1709,False,False,False,0,False,False,False,1709,2396,687,0.0327868852459016,True,False,False
81579058108,Urna Justo Foundation,2102,False,2102,2015,2506,False,False,False,0,False,False,False,2015,2506,491,0.5737704918032787,False,False,False
42330360779,Risus In Consulting,2103,False,2103,2395,1767,False,False,False,0,False,False,False,1767,2395,628,0.0655737704918032,False,False,False
64638198267,Lectus Sit Corp.,2104,False,2104,2201,2025,False,False,False,0,False,False,False,2025,2201,176,0.3278688524590164,False,False,False
94040507060,Sed Est Nunc Corp.,2105,False,2105,2224,1939,False,False,False,0,False,False,False,1939,2224,285,0.639344262295082,False,False,False
38325541616,Vivamus Non Corporation,2106,False,2106,1975,2502,False,False,False,0,False,False,False,1975,2502,527,0.3114754098360656,False,False,False
29745128769,Justo Sit Incorporated,2107,False,2107,2339,1788,False,False,False,0,False,False,False,1788,2339,551,0.0327868852459016,True,False,False
27132352768,Imperdiet Corporation,2108,False,2108,2262,1854,False,False,False,0,False,False,False,1854,2262,408,0.2131147540983606,False,False,False
73528552702,Nec Urna Et Corp.,2109,False,2109,2112,2414,False,False,False,0,False,False,False,2109,2414,305,0.6229508196721312,False,False,False
43152535761,Nibh PC,2110,False,2110,2202,1958,False,False,False,0,False,False,False,1958,2202,244,0.639344262295082,False,False,False
90625095939,Eu Eleifend LLC,2111,False,2111,1982,2574,False,False,False,0,False,False,False,1982,2574,592,0.5573770491803278,False,False,False
70217388552,Quis Diam Company,2112,False,2112,1949,2535,False,False,False,0,False,False,False,1949,2535,586,0.4426229508196722,False,False,False
45577247100,Ante Consulting,2113,False,2113,2282,2058,False,False,False,0,False,False,False,2058,2282,224,0.5573770491803278,False,False,False
58966366292,Dictum Eu Corp.,2114,False,2114,1846,2591,False,False,False,0,False,False,False,1846,2591,745,0.0327868852459016,True,False,False
74959038046,Cras Company,2115,False,2115,2225,2151,False,False,False,0,False,False,False,2115,2225,110,0.6065573770491803,False,False,False
81299585288,Eu Dui Cum Inc.,2116,False,2116,2223,1889,False,False,False,0,False,False,False,1889,2223,334,0.6557377049180328,False,False,False
51080350356,Magna Phasellus Dolor Institute,2117,False,2117,2137,2041,False,False,False,0,False,False,False,2041,2137,96,0.4918032786885246,False,False,False
12171241826,Interdum Sed Foundation,2118,False,2118,2440,1777,False,False,False,0,False,False,False,1777,2440,663,0.2459016393442623,False,False,False
64960464534,Nibh Sit Amet Institute,2119,False,2119,2049,2383,False,False,False,0,False,False,False,2049,2383,334,0.1967213114754098,False,False,False
23290056758,Sed Incorporated,2120,False,2120,2074,2486,False,False,False,0,False,False,False,2074,2486,412,0.4754098360655737,False,False,False
58596147982,Rutrum Lorem Inc.,2121,False,2121,1971,2619,False,False,False,0,False,False,False,1971,2619,648,0.4426229508196722,False,False,False
67698554653,Dui Nec Tempus Inc.,2122,False,2122,2422,1849,False,False,False,0,False,False,False,1849,2422,573,0.5737704918032787,False,False,False
30822803386,Ut Inc.,2123,False,2123,2020,2354,False,False,False,0,False,False,False,2020,2354,334,0.5901639344262295,False,False,False
88771102187,Sed Foundation,2124,False,2124,2136,1898,False,False,False,0,False,False,False,1898,2136,238,0.4590163934426229,False,False,False
26763947687,Congue In Corp.,2125,False,2125,2287,1764,False,False,False,0,False,False,False,1764,2287,523,0.1967213114754098,False,False,False
64435268766,Id Enim Institute,2126,False,2126,2198,1995,False,False,False,0,False,False,False,1995,2198,203,0.1967213114754098,False,False,False
85449177396,In Lorem Corp.,2127,False,2127,2247,1833,False,False,False,0,False,False,False,1833,2247,414,0.0491803278688525,True,False,False
35253328405,Mauris Eu Turpis Limited,2128,False,2128,2332,1842,False,False,False,0,False,False,False,1842,2332,490,0.4098360655737705,False,False,False
18814588565,Dolor Inc.,2129,False,2129,2401,1732,False,False,False,0,False,False,False,1732,2401,669,0.0655737704918032,False,False,False
55407818029,Imperdiet LLP,2130,False,2130,1965,1960,False,False,False,0,False,False,False,1960,2130,170,0.2459016393442623,False,False,False
88587718979,Arcu Vestibulum Institute,2131,False,2131,1956,2389,False,False,False,0,False,False,False,1956,2389,433,0.2459016393442623,False,False,False
64431686132,Aliquam Enim Ltd,2132,False,2132,1894,2568,False,False,False,0,False,False,False,1894,2568,674,0.5573770491803278,False,False,False
33998551054,Eu Nibh Vulputate Incorporated,2133,False,2133,2215,2285,False,False,False,0,False,False,False,2133,2285,152,0.6065573770491803,False,False,False
30403523748,Ac Feugiat LLC,2134,False,2134,2180,1933,False,False,False,0,False,False,False,1933,2180,247,0.2622950819672131,False,False,False
75720304166,Mauris Aliquam Eu Ltd,2135,False,2135,2080,2497,False,False,False,0,False,False,False,2080,2497,417,0.639344262295082,False,False,False
25867961009,Lorem Ipsum LLP,2136,False,2136,2376,1907,False,False,False,0,False,False,False,1907,2376,469,0.5737704918032787,False,False,False
91584444262,Etiam Gravida Limited,2137,False,2137,2283,1844,False,False,False,0,False,False,False,1844,2283,439,0.0655737704918032,False,False,False
73841664453,Lacinia At LLP,2138,False,2138,2068,2572,False,False,False,0,False,False,False,2068,2572,504,0.4754098360655737,False,False,False
70737217173,Elit Pharetra LLP,2139,False,2139,2204,2464,False,False,False,0,False,False,False,2139,2464,325,0.5737704918032787,False,False,False
73823772191,At Lacus Quisque Limited,2140,False,2140,2359,1927,False,False,False,0,False,False,False,1927,2359,432,0.1967213114754098,False,False,False
81454203401,Nam Porttitor Scelerisque LLC,2141,False,2141,2302,2064,False,False,False,0,False,False,False,2064,2302,238,0.6229508196721312,False,False,False
62422038748,Tempus Scelerisque Lorem PC,2142,False,2142,2120,2375,False,False,False,0,False,False,False,2120,2375,255,0.0655737704918032,False,False,False
38086864545,Fringilla Euismod Industries,2143,False,2143,2186,2409,False,False,False,0,False,False,False,2143,2409,266,0.639344262295082,False,False,False
57391651605,Dictum Mi Associates,2144,False,2144,2070,2353,False,False,False,0,False,False,False,2070,2353,283,0.3770491803278688,False,False,False
70754621933,Sociis Natoque Ltd,2145,False,2145,2174,2007,False,False,False,0,False,False,False,2007,2174,167,0.1147540983606557,False,False,False
55279811979,Natoque Penatibus Et Corporation,2146,False,2146,1874,2493,False,False,False,0,False,False,False,1874,2493,619,0.3770491803278688,False,False,False
65452312369,Mi Fringilla LLC,2147,False,2147,2096,2597,False,False,False,0,False,False,False,2096,2597,501,0.3114754098360656,False,False,False
79517819732,Elit Corp.,2148,False,2148,2164,2068,False,False,False,0,False,False,False,2068,2164,96,0.5901639344262295,False,False,False
78142743559,Sed LLP,2149,False,2149,2248,1904,False,False,False,0,False,False,False,1904,2248,344,0.5737704918032787,False,False,False
56490929085,Ipsum Nunc LLP,2150,False,2150,2358,1914,False,False,False,0,False,False,False,1914,2358,444,0.4426229508196722,False,False,False
72434058183,Ipsum Primis Corporation,2151,False,2151,1958,2505,False,False,False,0,False,False,False,1958,2505,547,0.5737704918032787,False,False,False
23617533061,Torquent Ltd,2152,False,2152,2252,2018,False,False,False,0,False,False,False,2018,2252,234,0.6557377049180328,False,False,False
32493270774,Libero LLP,2153,False,2153,1939,2580,False,False,False,0,False,False,False,1939,2580,641,0.4426229508196722,False,False,False
97212769356,Tempor Foundation,2154,False,2154,2105,2527,False,False,False,0,False,False,False,2105,2527,422,0.3770491803278688,False,False,False
53496117655,Amet Consectetuer Company,2155,False,2155,1992,2537,False,False,False,0,False,False,False,1992,2537,545,0.639344262295082,False,False,False
13290952071,Eget Foundation,2156,False,2156,2244,2360,False,False,False,0,False,False,False,2156,2360,204,0.5901639344262295,False,False,False
31092671220,Porttitor Eros Nec Ltd,2157,False,2157,2165,2022,False,False,False,0,False,False,False,2022,2165,143,0.6229508196721312,False,False,False
12983555508,Nibh Lacinia Foundation,2158,False,2158,2418,1727,False,False,False,0,False,False,False,1727,2418,691,0.1967213114754098,False,True,False
14145464079,Arcu Sed Inc.,2159,False,2159,2079,1981,False,False,False,0,False,False,False,1981,2159,178,0.2622950819672131,False,False,False
16178821827,Odio Tristique Institute,2160,False,2160,2028,2115,False,False,False,0,False,False,False,2028,2160,132,0.1475409836065574,False,False,False
37850439589,Mollis Vitae Associates,2161,False,2161,2390,1868,False,False,False,0,False,False,False,1868,2390,522,0.2459016393442623,False,False,False
34621449599,Vivamus Nibh Company,2162,False,2162,1779,2649,False,False,False,0,False,False,False,1779,2649,870,0.2459016393442623,False,False,False
80621802588,Nonummy Consulting,2163,False,2163,2060,2545,False,False,False,0,False,False,False,2060,2545,485,0.2459016393442623,False,False,False
54994826109,Augue Ut Industries,2164,False,2164,2445,2051,False,False,False,0,False,False,False,2051,2445,394,0.639344262295082,False,False,False
35225211178,Placerat Cras Foundation,2165,False,2165,2098,2141,False,False,False,0,False,False,False,2098,2165,67,0.1639344262295081,False,False,False
40908151498,Diam Dictum Company,2166,False,2166,1926,2588,False,False,False,0,False,False,False,1926,2588,662,0.4426229508196722,False,False,False
99420575685,Facilisi Consulting,2167,False,2167,2441,1749,False,False,False,0,False,False,False,1749,2441,692,0.0491803278688525,True,False,False
47087026221,Mauris Sit LLC,2168,False,2168,2357,1841,False,False,False,0,False,False,False,1841,2357,516,0.0327868852459016,True,False,False
91426391836,Varius Limited,2169,False,2169,2391,1821,False,False,False,0,False,False,False,1821,2391,570,0.0327868852459016,True,False,False
87070475031,Ac Arcu Nunc LLC,2170,False,2170,2467,1873,False,False,False,0,False,False,False,1873,2467,594,0.1967213114754098,False,False,False
36461610866,Phasellus Fermentum Corporation,2171,False,2171,1996,2480,False,False,False,0,False,False,False,1996,2480,484,0.0327868852459016,True,False,False
99217762645,Non Ante Inc.,2172,False,2172,2281,2040,False,False,False,0,False,False,False,2040,2281,241,0.6229508196721312,False,False,False
52310302169,Natoque Inc.,2173,False,2173,2048,2613,False,False,False,0,False,False,False,2048,2613,565,0.0655737704918032,False,False,False
48817595168,Elit Pede Malesuada Industries,2174,False,2174,2038,2039,False,False,False,0,False,False,False,2038,2174,136,0.0655737704918032,False,False,False
98508290651,Mauris Blandit Enim Corp.,2175,False,2175,2290,1929,False,False,False,0,False,False,False,1929,2290,361,0.2459016393442623,False,False,False
80893432676,Tincidunt Nibh Incorporated,2176,False,2176,2227,2485,False,False,False,0,False,False,False,2176,2485,309,0.4426229508196722,False,False,False
63433167613,Penatibus Industries,2177,False,2177,2010,2582,False,False,False,0,False,False,False,2010,2582,572,0.2459016393442623,False,False,False
69059526358,Eleifend Egestas Sed Corporation,2178,False,2178,2000,2663,False,False,False,0,False,False,False,2000,2663,663,0.1147540983606557,False,False,False
75204058478,Aliquam Auctor Velit LLP,2179,False,2179,2187,2382,False,False,False,0,False,False,False,2179,2382,203,0.3770491803278688,False,False,False
63453073175,Cras Vehicula Aliquet Consulting,2180,False,2180,2083,2560,False,False,False,0,False,False,False,2083,2560,477,0.6557377049180328,False,False,False
56204411255,Mauris Vel Turpis Corporation,2181,False,2181,1990,2233,False,False,False,0,False,False,False,1990,2233,243,0.0983606557377049,False,False,False
37470904997,Lorem Fringilla Industries,2182,False,2182,2389,1866,False,False,False,0,False,False,False,1866,2389,523,0.0327868852459016,True,False,False
16242364669,In Nec Limited,2183,False,2183,1993,2532,False,False,False,0,False,False,False,1993,2532,539,0.6229508196721312,False,False,False
32069730393,Eget Metus LLP,2184,False,2184,2307,2066,False,False,False,0,False,False,False,2066,2307,241,0.4426229508196722,False,False,False
82998885148,Sed Est Nunc Foundation,2185,False,2185,2184,2230,False,False,False,0,False,False,False,2184,2230,46,0.4426229508196722,False,False,False
28647642474,Convallis In Corporation,2186,False,2186,2108,2472,False,False,False,0,False,False,False,2108,2472,364,0.639344262295082,False,False,False
64145901913,A Inc.,2187,False,2187,2416,2135,False,False,False,0,False,False,False,2135,2416,281,0.639344262295082,False,False,False
25407570137,Quam Curabitur Consulting,2188,False,2188,2095,2060,False,False,False,0,False,False,False,2060,2188,128,0.3114754098360656,False,False,False
41489552788,Nonummy Ultricies LLC,2189,False,2189,2169,2513,False,False,False,0,False,False,False,2169,2513,344,0.639344262295082,False,False,False
29624063484,Morbi Sit Associates,2190,False,2190,2400,1883,False,False,False,0,False,False,False,1883,2400,517,0.0655737704918032,False,False,False
56796074347,Aliquam Institute,2191,False,2191,2436,1835,False,False,False,0,False,False,False,1835,2436,601,0.0327868852459016,True,False,False
56488744658,Imperdiet Ullamcorper LLC,2192,False,2192,1955,2166,False,False,False,0,False,False,False,1955,2192,237,0.3770491803278688,False,False,False
70027786217,Sed Sem Egestas LLC,2193,False,2193,2513,1919,False,False,False,0,False,False,False,1919,2513,594,0.2459016393442623,False,False,False
30434864008,Aliquet Magna LLC,2194,False,2194,2496,1943,False,False,False,0,False,False,False,1943,2496,553,0.2459016393442623,False,False,False
50859331573,In Tempus PC,2195,False,2195,2170,2006,False,False,False,0,False,False,False,2006,2195,189,0.4426229508196722,False,False,False
13917288638,Leo Vivamus Nibh Associates,2196,False,2196,2171,2050,False,False,False,0,False,False,False,2050,2196,146,0.2459016393442623,False,False,False
19841142617,Elementum Sem LLP,2197,False,2197,2434,2111,False,False,False,0,False,False,False,2111,2434,323,0.360655737704918,False,False,False
67275686106,Eu Institute,2198,False,2198,2019,2671,False,False,False,0,False,False,False,2019,2671,652,0.3770491803278688,False,False,False
59659309503,Lacus Vestibulum Associates,2199,False,2199,2031,2444,False,False,False,0,False,False,False,2031,2444,413,0.0655737704918032,False,False,False
13136513766,Pede Nec Incorporated,2200,False,2200,2254,2434,False,False,False,0,False,False,False,2200,2434,234,0.4426229508196722,False,False,False
20450624188,Nullam Nisl Maecenas PC,2201,False,2201,2565,2020,False,False,False,0,False,False,False,2020,2565,545,0.3770491803278688,False,False,False
95560742626,Urna Nec Institute,2202,False,2202,2110,2498,False,False,False,0,False,False,False,2110,2498,388,0.3114754098360656,False,False,False
40559163709,Maecenas Iaculis Inc.,2203,False,2203,2158,2604,False,False,False,0,False,False,False,2158,2604,446,0.4590163934426229,False,False,False
97453536197,Aliquet Molestie Institute,2204,False,2204,2016,2618,False,False,False,0,False,False,False,2016,2618,602,0.2131147540983606,False,False,False
56659127324,Mattis Cras Institute,2205,False,2205,2360,1920,False,False,False,0,False,False,False,1920,2360,440,0.3770491803278688,False,False,False
54988683231,Nibh Donec Ltd,2206,False,2206,2191,2448,False,False,False,0,False,False,False,2191,2448,257,0.639344262295082,False,False,False
76655671119,Erat LLC,2207,False,2207,2407,2085,False,False,False,0,False,False,False,2085,2407,322,0.5737704918032787,False,False,False
35769589414,Arcu Et Pede Limited,2208,False,2208,2018,2732,False,False,False,0,False,False,False,2018,2732,714,0.1475409836065574,False,False,False
93024682653,Pellentesque Industries,2209,False,2209,2314,2173,False,False,False,0,False,False,False,2173,2314,141,0.3770491803278688,False,False,False
93292821052,Purus Sapien Gravida Associates,2210,False,2210,2317,2333,False,False,False,0,False,False,False,2210,2333,123,0.4754098360655737,False,False,False
17611272180,Id Magna Limited,2211,False,2211,2373,1865,False,False,False,0,False,False,False,1865,2373,508,0.0655737704918032,False,False,False
54361802955,Varius Ultrices Mauris Inc.,2212,False,2212,2484,1940,False,False,False,0,False,False,False,1940,2484,544,0.2459016393442623,False,False,False
12516851436,Mollis Corp.,2213,False,2213,2430,1954,False,False,False,0,False,False,False,1954,2430,476,0.3114754098360656,False,False,False
45328073484,Metus Sit Amet Ltd,2214,False,2214,2443,2169,False,False,False,0,False,False,False,2169,2443,274,0.6229508196721312,False,False,False
14939466370,Nunc Ac LLP,2215,False,2215,2429,2121,False,False,False,0,False,False,False,2121,2429,308,0.3770491803278688,False,False,False
56879961531,Per LLP,2216,False,2216,2149,2055,False,False,False,0,False,False,False,2055,2216,161,0.4426229508196722,False,False,False
47485518426,Quam Curabitur Inc.,2217,False,2217,2404,2297,False,False,False,0,False,False,False,2217,2404,187,0.5901639344262295,False,False,False
33581972361,Ipsum Dolor PC,2218,False,2218,2447,1912,False,False,False,0,False,False,False,1912,2447,535,0.0327868852459016,True,False,False
45337626814,Ligula Associates,2219,False,2219,2446,2081,False,False,False,0,False,False,False,2081,2446,365,0.3770491803278688,False,False,False
93580972005,Mauris Eu Elit Corporation,2220,False,2220,2243,2221,False,False,False,0,False,False,False,2220,2243,23,0.5737704918032787,False,False,False
86081102504,Lorem Fringilla Limited,2221,False,2221,2159,1969,False,False,False,0,False,False,False,1969,2221,252,0.0327868852459016,True,False,False
13376463476,Sed Sem Egestas Institute,2222,False,2222,2221,2614,False,False,False,0,False,False,False,2221,2614,393,0.4262295081967213,False,False,False
51258621486,Dis Ltd,2223,False,2223,2326,2011,False,False,False,0,False,False,False,2011,2326,315,0.5737704918032787,False,False,False
79081516258,A Neque LLP,2224,False,2224,2522,1781,False,False,False,0,False,False,False,1781,2522,741,0.0327868852459016,True,True,False
78037042040,Duis Elementum Industries,2225,False,2225,2239,2077,False,False,False,0,False,False,False,2077,2239,162,0.3770491803278688,False,False,False
75393511037,Curabitur Dictum Phasellus LLC,2226,False,2226,2406,2433,False,False,False,0,False,False,False,2226,2433,207,0.0327868852459016,True,False,False
97418230683,Consectetuer LLC,2227,False,2227,2147,2610,False,False,False,0,False,False,False,2147,2610,463,0.2622950819672131,False,False,False
15965199256,Proin Nisl Sem Corp.,2228,False,2228,2214,2439,False,False,False,0,False,False,False,2214,2439,225,0.4426229508196722,False,False,False
45677220012,Dolor Fusce Associates,2229,False,2229,2559,1831,False,False,False,0,False,False,False,1831,2559,728,0.0327868852459016,True,False,False
71729809380,In Consectetuer Ipsum Foundation,2230,False,2230,2512,1891,False,False,False,0,False,False,False,1891,2512,621,0.0327868852459016,True,False,False
31869958432,In Consectetuer Industries,2231,False,2231,2498,1900,False,False,False,0,False,False,False,1900,2498,598,0.2459016393442623,False,False,False
96794593428,Nunc Id Enim Inc.,2232,False,2232,2212,2561,False,False,False,0,False,False,False,2212,2561,349,0.5737704918032787,False,False,False
18376556220,Sagittis Semper Nam Limited,2233,False,2233,2378,2108,False,False,False,0,False,False,False,2108,2378,270,0.0327868852459016,True,False,False
59468928008,Eu Corp.,2234,False,2234,2133,2280,False,False,False,0,False,False,False,2133,2280,147,0.3114754098360656,False,False,False
52922961938,Pharetra Nam Ac Inc.,2235,False,2235,2050,2624,False,False,False,0,False,False,False,2050,2624,574,0.5901639344262295,False,False,False
12240378188,Ut Ipsum Corp.,2236,False,2236,2346,1918,False,False,False,0,False,False,False,1918,2346,428,0.0327868852459016,True,False,False
49514806178,Hendrerit Id Ante Corp.,2237,False,2237,2510,1816,False,False,False,0,False,False,False,1816,2510,694,0.2459016393442623,False,False,False
50467815381,Justo Eu Inc.,2238,False,2238,2476,1983,False,False,False,0,False,False,False,1983,2476,493,0.5737704918032787,False,False,False
88568633938,Vulputate Dui Foundation,2239,False,2239,2323,2367,False,False,False,0,False,False,False,2239,2367,128,0.360655737704918,False,False,False
29524720064,Urna Justo Associates,2240,False,2240,2134,2070,False,False,False,0,False,False,False,2070,2240,170,0.2459016393442623,False,False,False
12161076724,Eu Ultrices Ltd,2241,False,2241,2450,1897,False,False,False,0,False,False,False,1897,2450,553,0.0655737704918032,False,False,False
93765834526,Aliquet Metus LLC,2242,False,2242,2222,1948,False,False,False,0,False,False,False,1948,2242,294,0.2131147540983606,False,False,False
19995295153,Risus Nulla Institute,2243,False,2243,2657,1911,False,False,False,0,False,False,False,1911,2657,746,0.5901639344262295,False,False,False
30689045280,Dolor Egestas Institute,2244,False,2244,2500,2023,False,False,False,0,False,False,False,2023,2500,477,0.4098360655737705,False,False,False
21782713770,Odio A Ltd,2245,False,2245,1954,2674,False,False,False,0,False,False,False,1954,2674,720,0.1639344262295081,False,False,False
52448445000,Feugiat Placerat Industries,2246,False,2246,2543,1808,False,False,False,0,False,False,False,1808,2543,735,0.0327868852459016,True,True,False
62368259299,Et Rutrum Associates,2247,False,2247,2276,2431,False,False,False,0,False,False,False,2247,2431,184,0.4590163934426229,False,False,False
15302620892,Facilisis Suspendisse PC,2248,False,2248,2590,1838,False,False,False,0,False,False,False,1838,2590,752,0.0327868852459016,True,False,False
66760882355,Nonummy Ac Incorporated,2249,False,2249,2181,2413,False,False,False,0,False,False,False,2181,2413,232,0.5573770491803278,False,False,False
26465868807,Volutpat Ornare LLC,2250,False,2250,2549,1886,False,False,False,0,False,False,False,1886,2549,663,0.0327868852459016,True,False,False
58154486337,Malesuada Fringilla Est Institute,2251,False,2251,2238,2430,False,False,False,0,False,False,False,2238,2430,192,0.1639344262295081,False,False,False
69936752900,Neque Morbi Quis Industries,2252,False,2252,2475,1915,False,False,False,0,False,False,False,1915,2475,560,0.0327868852459016,True,False,False
26749181046,Neque Tellus Incorporated,2253,False,2253,2439,2251,False,False,False,0,False,False,False,2251,2439,188,0.4918032786885246,False,False,False
97598804219,Dolor Egestas Rhoncus Foundation,2254,False,2254,2501,1895,False,False,False,0,False,False,False,1895,2501,606,0.0655737704918032,False,False,False
41188281214,At Augue Inc.,2255,False,2255,2264,2611,False,False,False,0,False,False,False,2255,2611,356,0.3278688524590164,False,False,False
28803237812,Aenean Sed Corporation,2256,False,2256,2383,2377,False,False,False,0,False,False,False,2256,2383,127,0.6065573770491803,False,False,False
93679380088,Quam Dignissim Corporation,2257,False,2257,2537,1982,False,False,False,0,False,False,False,1982,2537,555,0.360655737704918,False,False,False
18600250054,Est Vitae Ltd,2258,False,2258,2471,1952,False,False,False,0,False,False,False,1952,2471,519,0.0983606557377049,False,False,False
45644137007,Eu Euismod Corporation,2259,False,2259,2530,1922,False,False,False,0,False,False,False,1922,2530,608,0.0655737704918032,False,False,False
23915266871,Pellentesque PC,2260,False,2260,2178,2617,False,False,False,0,False,False,False,2178,2617,439,0.360655737704918,False,False,False
47148752699,Nunc Ut Erat Limited,2261,False,2261,2061,2417,False,False,False,0,False,False,False,2061,2417,356,0.0983606557377049,False,False,False
58495294020,Diam Nunc Associates,2262,False,2262,1796,2706,False,False,False,0,False,False,False,1796,2706,910,0.8852459016393442,False,False,False
35661290048,Eget Institute,2263,False,2263,2093,2720,False,False,False,0,False,False,False,2093,2720,627,0.4590163934426229,False,False,False
84391677958,Tortor Nunc Foundation,2264,False,2264,2141,2645,False,False,False,0,False,False,False,2141,2645,504,0.2622950819672131,False,False,False
90651237279,Dui Nec Incorporated,2265,False,2265,2139,2679,False,False,False,0,False,False,False,2139,2679,540,0.2786885245901639,False,False,False
22614311069,Vivamus Limited,2266,False,2266,2047,2602,False,False,False,0,False,False,False,2047,2602,555,0.0983606557377049,False,False,False
73252278568,Vivamus Non Lorem LLP,2267,False,2267,2160,2595,False,False,False,0,False,False,False,2160,2595,435,0.6229508196721312,False,False,False
75242363611,Posuere Cubilia Incorporated,2268,False,2268,2229,2689,False,False,False,0,False,False,False,2229,2689,460,0.6721311475409837,False,False,False
62381947723,Sagittis PC,2269,False,2269,2508,1966,False,False,False,0,False,False,False,1966,2508,542,0.1639344262295081,False,False,False
97259357542,Feugiat Tellus Lorem Corporation,2270,False,2270,2121,2636,False,False,False,0,False,False,False,2121,2636,515,0.639344262295082,False,False,False
62241198510,Imperdiet Ltd,2271,False,2271,2531,1990,False,False,False,0,False,False,False,1990,2531,541,0.1475409836065574,False,False,False
83878213821,Convallis Convallis Dolor Limited,2272,False,2272,2216,2015,False,False,False,0,False,False,False,2015,2272,257,0.3114754098360656,False,False,False
46969224554,Accumsan Interdum Foundation,2273,False,2273,2059,2630,False,False,False,0,False,False,False,2059,2630,571,0.5245901639344263,False,False,False
31759308958,Rhoncus Donec Est Industries,2274,False,2274,2279,2267,False,False,False,0,False,False,False,2267,2279,12,0.0655737704918032,False,False,False
44345785419,Phasellus Nulla LLC,2275,False,2275,1774,2804,False,False,False,0,False,False,False,1774,2804,1030,0.8032786885245902,False,False,False
41528904756,Molestie Dapibus Corporation,2276,False,2276,2544,1925,False,False,False,0,False,False,False,1925,2544,619,0.0327868852459016,True,False,False
83314865468,Dapibus Ligula Institute,2277,False,2277,2485,2163,False,False,False,0,False,False,False,2163,2485,322,0.3770491803278688,False,False,False
38721857169,Dictum Magna Inc.,2278,False,2278,2151,2484,False,False,False,0,False,False,False,2151,2484,333,0.5573770491803278,False,False,False
63549963476,Proin Velit LLP,2279,False,2279,2062,2606,False,False,False,0,False,False,False,2062,2606,544,0.639344262295082,False,False,False
94547309480,Lorem Ac Institute,2280,False,2280,2228,2660,False,False,False,0,False,False,False,2228,2660,432,0.6229508196721312,False,False,False
25035618251,Cursus Diam Associates,2281,False,2281,1991,2680,False,False,False,0,False,False,False,1991,2680,689,0.0655737704918032,False,False,False
66034737896,Luctus Ut LLC,2282,False,2282,2470,2194,False,False,False,0,False,False,False,2194,2470,276,0.6229508196721312,False,False,False
83808438024,Quis LLP,2283,False,2283,2601,1917,False,False,False,0,False,False,False,1917,2601,684,0.0983606557377049,False,False,False
76586641794,Augue Porttitor Industries,2284,False,2284,2313,2088,False,False,False,0,False,False,False,2088,2313,225,0.3770491803278688,False,False,False
60821630269,Malesuada Vel Venenatis Foundation,2285,False,2285,2293,2096,False,False,False,0,False,False,False,2096,2293,197,0.6229508196721312,False,False,False
32566134208,Dapibus Rutrum Foundation,2286,False,2286,2338,2164,False,False,False,0,False,False,False,2164,2338,174,0.2131147540983606,False,False,False
55641364241,Duis Volutpat PC,2287,False,2287,2325,2059,False,False,False,0,False,False,False,2059,2325,266,0.1967213114754098,False,False,False
32934378210,Nibh Consulting,2288,False,2288,2260,1979,False,False,False,0,False,False,False,1979,2288,309,0.1967213114754098,False,False,False
17429613585,Vel Convallis Company,2289,False,2289,2654,2123,False,False,False,0,False,False,False,2123,2654,531,0.4426229508196722,False,False,False
82843556649,Tristique Pellentesque Tellus Ltd,2290,False,2290,2370,2503,False,False,False,0,False,False,False,2290,2503,213,0.4426229508196722,False,False,False
77071952077,Ac Industries,2291,False,2291,2196,2293,False,False,False,0,False,False,False,2196,2293,97,0.4590163934426229,False,False,False
29780390141,Arcu Corporation,2292,False,2292,2126,2155,False,False,False,0,False,False,False,2126,2292,166,0.0655737704918032,False,False,False
24848244496,Odio Phasellus Industries,2293,False,2293,2072,2508,False,False,False,0,False,False,False,2072,2508,436,0.4918032786885246,False,False,False
35790530993,Venenatis Vel LLC,2294,False,2294,2433,2118,False,False,False,0,False,False,False,2118,2433,315,0.5573770491803278,False,False,False
81572403264,Interdum Curabitur Company,2295,False,2295,2635,2133,False,False,False,0,False,False,False,2133,2635,502,0.4426229508196722,False,False,False
92437353435,Elit Fermentum Risus Incorporated,2296,False,2296,2064,2593,False,False,False,0,False,False,False,2064,2593,529,0.2622950819672131,False,False,False
13945345356,Nibh Donec Est Associates,2297,False,2297,2123,2695,False,False,False,0,False,False,False,2123,2695,572,0.1967213114754098,False,False,False
63419471661,Eget Magna Corp.,2298,False,2298,2128,2110,False,False,False,0,False,False,False,2110,2298,188,0.2459016393442623,False,False,False
88475230162,Urna Nullam Lobortis Institute,2299,False,2299,2463,2113,False,False,False,0,False,False,False,2113,2463,350,0.2459016393442623,False,False,False
31245723081,Enim Commodo Inc.,2300,False,2300,2172,2343,False,False,False,0,False,False,False,2172,2343,171,0.6229508196721312,False,False,False
54474048212,Leo Morbi Limited,2301,False,2301,2518,2101,False,False,False,0,False,False,False,2101,2518,417,0.3770491803278688,False,False,False
70417126663,Fermentum Fermentum Arcu Industries,2302,False,2302,2538,1967,False,False,False,0,False,False,False,1967,2538,571,0.0327868852459016,True,False,False
81080057116,Phasellus Libero LLP,2303,False,2303,2449,1985,False,False,False,0,False,False,False,1985,2449,464,0.1639344262295081,False,False,False
11304124014,Nostra Per Inceptos Ltd,2304,False,2304,2472,2144,False,False,False,0,False,False,False,2144,2472,328,0.2459016393442623,False,False,False
27332799149,Parturient Montes Nascetur Incorporated,2305,False,2305,2465,1987,False,False,False,0,False,False,False,1987,2465,478,0.5573770491803278,False,False,False
79469416437,Vel Quam Industries,2306,False,2306,2298,2500,False,False,False,0,False,False,False,2298,2500,202,0.5737704918032787,False,False,False
89271971543,Duis Cursus PC,2307,False,2307,2273,2396,False,False,False,0,False,False,False,2273,2396,123,0.6229508196721312,False,False,False
96885194635,Sociis Ltd,2308,False,2308,2230,1993,False,False,False,0,False,False,False,1993,2308,315,0.1639344262295081,False,False,False
48294754935,Placerat Eget Institute,2309,False,2309,2620,2205,False,False,False,0,False,False,False,2205,2620,415,0.3114754098360656,False,False,False
37023533442,Ipsum Nunc Foundation,2310,False,2310,2459,2078,False,False,False,0,False,False,False,2078,2459,381,0.5573770491803278,False,False,False
66979924731,Quam Curabitur Foundation,2311,False,2311,2275,2686,False,False,False,0,False,False,False,2275,2686,411,0.6721311475409837,False,False,False
25349409223,Penatibus Et Ltd,2312,False,2312,2573,2247,False,False,False,0,False,False,False,2247,2573,326,0.4590163934426229,False,False,False
74044580274,Morbi Tristique Corporation,2313,False,2313,2366,2082,False,False,False,0,False,False,False,2082,2366,284,0.3770491803278688,False,False,False
80121625734,Nunc Company,2314,False,2314,2145,2760,False,False,False,0,False,False,False,2145,2760,615,0.1967213114754098,False,False,False
63830011067,Amet Lorem Consulting,2315,False,2315,2311,2268,False,False,False,0,False,False,False,2268,2315,47,0.6229508196721312,False,False,False
54893491429,Rutrum Eu Incorporated,2316,False,2316,2104,2331,False,False,False,0,False,False,False,2104,2331,227,0.1475409836065574,False,False,False
31322181845,Magna Sed Institute,2317,False,2317,2329,2628,False,False,False,0,False,False,False,2317,2628,311,0.0327868852459016,True,False,False
47420343703,Ullamcorper Duis Cursus Institute,2318,False,2318,2506,2024,False,False,False,0,False,False,False,2024,2506,482,0.360655737704918,False,False,False
97382279968,Sed Pharetra Associates,2319,False,2319,2265,2418,False,False,False,0,False,False,False,2265,2418,153,0.2786885245901639,False,False,False
51221851716,Ac Turpis Inc.,2320,False,2320,2479,2494,False,False,False,0,False,False,False,2320,2494,174,0.4262295081967213,False,False,False
31552582037,Velit Inc.,2321,False,2321,2614,1896,False,False,False,0,False,False,False,1896,2614,718,0.0983606557377049,False,False,False
96178360210,Mauris Ut Quam LLC,2322,False,2322,2205,2651,False,False,False,0,False,False,False,2205,2651,446,0.2459016393442623,False,False,False
53501895098,Cursus Corp.,2323,False,2323,2372,2327,False,False,False,0,False,False,False,2323,2372,49,0.3770491803278688,False,False,False
63549078265,Tempus Institute,2324,False,2324,2101,2400,False,False,False,0,False,False,False,2101,2400,299,0.1639344262295081,False,False,False
46062822745,Ligula Donec Luctus LLP,2325,False,2325,2375,2646,False,False,False,0,False,False,False,2325,2646,321,0.5573770491803278,False,False,False
21635402842,Aliquet Phasellus Limited,2326,False,2326,2659,1980,False,False,False,0,False,False,False,1980,2659,679,0.2622950819672131,False,False,False
85085859341,Id Nunc LLP,2327,False,2327,2219,2109,False,False,False,0,False,False,False,2109,2327,218,0.0327868852459016,True,False,False
86850237223,Sociis Limited,2328,False,2328,2107,2507,False,False,False,0,False,False,False,2107,2507,400,0.2131147540983606,False,False,False
87203239896,Mauris Ltd,2329,False,2329,2679,2056,False,False,False,0,False,False,False,2056,2679,623,0.5573770491803278,False,False,False
23399930700,Elementum LLC,2330,False,2330,2600,2159,False,False,False,0,False,False,False,2159,2600,441,0.3770491803278688,False,False,False
11788487195,Id Magna LLP,2331,False,2331,2153,2466,False,False,False,0,False,False,False,2153,2466,313,0.2131147540983606,False,False,False
66228393506,Sed Hendrerit Foundation,2332,False,2332,2044,2730,False,False,False,0,False,False,False,2044,2730,686,0.7213114754098361,False,False,False
23956501449,Eu Arcu Morbi Corporation,2333,False,2333,2087,2737,False,False,False,0,False,False,False,2087,2737,650,0.4426229508196722,False,False,False
45281821904,Mollis Nec Cursus Corp.,2334,False,2334,2533,2206,False,False,False,0,False,False,False,2206,2533,327,0.4098360655737705,False,False,False
67419861441,Vel Limited,2335,False,2335,2333,2195,False,False,False,0,False,False,False,2195,2335,140,0.2459016393442623,False,False,False
58389062507,Nam Ltd,2336,False,2336,2226,2608,False,False,False,0,False,False,False,2226,2608,382,0.3770491803278688,False,False,False
61112604295,Vel Lectus Cum LLC,2337,False,2337,2420,2455,False,False,False,0,False,False,False,2337,2455,118,0.2622950819672131,False,False,False
95692868757,Placerat Cras Ltd,2338,False,2338,2348,2656,False,False,False,0,False,False,False,2338,2656,318,0.639344262295082,False,False,False
65265226392,Et Commodo LLP,2339,False,2339,2341,2170,False,False,False,0,False,False,False,2170,2341,171,0.639344262295082,False,False,False
73752456534,Mus Limited,2340,False,2340,2368,2131,False,False,False,0,False,False,False,2131,2368,237,0.4754098360655737,False,False,False
82388404800,Nec Leo LLP,2341,False,2341,2300,2080,False,False,False,0,False,False,False,2080,2341,261,0.1967213114754098,False,False,False
76020856062,Nunc Pulvinar Arcu Corporation,2342,False,2342,2057,2770,False,False,False,0,False,False,False,2057,2770,713,0.4754098360655737,False,False,False
79143633916,Tellus Phasellus Elit Associates,2343,False,2343,2245,2009,False,False,False,0,False,False,False,2009,2343,334,0.1639344262295081,False,False,False
38664088375,Lacinia At Foundation,2344,False,2344,2167,2577,False,False,False,0,False,False,False,2167,2577,410,0.6229508196721312,False,False,False
40385667489,Quisque Ornare Industries,2345,False,2345,2286,2228,False,False,False,0,False,False,False,2228,2345,117,0.3770491803278688,False,False,False
86904466480,Lacus Quisque Foundation,2346,False,2346,2428,2071,False,False,False,0,False,False,False,2071,2428,357,0.4754098360655737,False,False,False
21552853184,Senectus Et Netus Corporation,2347,False,2347,2398,2106,False,False,False,0,False,False,False,2106,2398,292,0.4426229508196722,False,False,False
37835781615,Quis Lectus PC,2348,False,2348,2444,2209,False,False,False,0,False,False,False,2209,2444,235,0.2459016393442623,False,False,False
11208869091,Cursus Et Eros LLP,2349,False,2349,2242,2120,False,False,False,0,False,False,False,2120,2349,229,0.0327868852459016,True,False,False
93880241546,Arcu Eu Odio LLC,2350,False,2350,2539,2201,False,False,False,0,False,False,False,2201,2539,338,0.360655737704918,False,False,False
48196513465,Sagittis Augue Corporation,2351,False,2351,2054,2700,False,False,False,0,False,False,False,2054,2700,646,0.3770491803278688,False,False,False
85726387922,Vivamus Sit Associates,2352,False,2352,2197,2753,False,False,False,0,False,False,False,2197,2753,556,0.3770491803278688,False,False,False
32423905315,Hendrerit Consulting,2353,False,2353,1989,2771,False,False,False,0,False,False,False,1989,2771,782,0.2131147540983606,False,False,False
11243046390,Ornare Placerat Foundation,2354,False,2354,2295,2324,False,False,False,0,False,False,False,2295,2354,59,0.5901639344262295,False,False,False
32446633720,Dolor Nonummy Corporation,2355,False,2355,2027,2799,False,False,False,0,False,False,False,2027,2799,772,0.4098360655737705,False,False,False
37358528402,Enim Mauris Inc.,2356,False,2356,2488,1973,False,False,False,0,False,False,False,1973,2488,515,0.0655737704918032,False,False,False
35883675055,Tellus Justo Institute,2357,False,2357,2702,2183,False,False,False,0,False,False,False,2183,2702,519,0.5737704918032787,False,False,False
98527912956,Erat Eget Ipsum Company,2358,False,2358,2324,2061,False,False,False,0,False,False,False,2061,2358,297,0.2459016393442623,False,False,False
22147354496,Augue Ut LLP,2359,False,2359,2114,2704,False,False,False,0,False,False,False,2114,2704,590,0.5573770491803278,False,False,False
28324185214,Ultricies Ornare LLP,2360,False,2360,2602,2033,False,False,False,0,False,False,False,2033,2602,569,0.0327868852459016,True,False,False
97089682451,Mus Aenean Eget LLC,2361,False,2361,2188,2650,False,False,False,0,False,False,False,2188,2650,462,0.1475409836065574,False,False,False
99987905597,Commodo Hendrerit LLC,2362,False,2362,2297,2138,False,False,False,0,False,False,False,2138,2362,224,0.2459016393442623,False,False,False
13106608471,Sem Vitae PC,2363,False,2363,2580,2005,False,False,False,0,False,False,False,2005,2580,575,0.0327868852459016,True,False,False
70329431753,Ornare Elit Elit Consulting,2364,False,2364,2263,2523,False,False,False,0,False,False,False,2263,2523,260,0.3770491803278688,False,False,False
33654290585,Lacus Pede Corporation,2365,False,2365,2610,1945,False,False,False,0,False,False,False,1945,2610,665,0.0327868852459016,True,False,False
71253802438,Quam PC,2366,False,2366,1968,2831,False,False,False,0,False,False,False,1968,2831,863,0.1147540983606557,False,False,False
30864611742,Nisl Sem Limited,2367,False,2367,2342,2226,False,False,False,0,False,False,False,2226,2367,141,0.4426229508196722,False,False,False
26974881830,Tellus Id Nunc Associates,2368,False,2368,2345,2745,False,False,False,0,False,False,False,2345,2745,400,0.5901639344262295,False,False,False
51149146502,Sed Malesuada Ltd,2369,False,2369,2408,2364,False,False,False,0,False,False,False,2364,2408,44,0.4590163934426229,False,False,False
39656540901,Magna A Neque Limited,2370,False,2370,2569,2185,False,False,False,0,False,False,False,2185,2569,384,0.0327868852459016,True,False,False
71363265090,In Tincidunt Congue Company,2371,False,2371,2438,2028,False,False,False,0,False,False,False,2028,2438,410,0.2459016393442623,False,False,False
35381098677,Egestas Corp.,2372,False,2372,2658,1978,False,False,False,0,False,False,False,1978,2658,680,0.0327868852459016,True,False,False
67842910518,Tincidunt Corporation,2373,False,2373,2350,2062,False,False,False,0,False,False,False,2062,2373,311,0.0327868852459016,True,False,False
14081759429,Velit Pellentesque Associates,2374,False,2374,2206,2379,False,False,False,0,False,False,False,2206,2379,173,0.2622950819672131,False,False,False
60876187134,Fusce Mollis Duis Incorporated,2375,False,2375,2381,2219,False,False,False,0,False,False,False,2219,2381,162,0.2459016393442623,False,False,False
72436557937,Dui Cras Consulting,2376,False,2376,2624,2186,False,False,False,0,False,False,False,2186,2624,438,0.6065573770491803,False,False,False
73440621827,Vehicula Pellentesque Inc.,2377,False,2377,2402,2539,False,False,False,0,False,False,False,2377,2539,162,0.2786885245901639,False,False,False
41643701801,Nostra Per LLP,2378,False,2378,2289,2786,False,False,False,0,False,False,False,2289,2786,497,0.5901639344262295,False,False,False
37629693091,Duis A LLP,2379,False,2379,2412,2320,False,False,False,0,False,False,False,2320,2412,92,0.639344262295082,False,False,False
95566253960,Fermentum Metus Inc.,2380,False,2380,2667,2069,False,False,False,0,False,False,False,2069,2667,598,0.2131147540983606,False,False,False
84674182559,Molestie Orci LLC,2381,False,2381,2125,2735,False,False,False,0,False,False,False,2125,2735,610,0.3114754098360656,False,False,False
98487769763,Morbi Accumsan Consulting,2382,False,2382,2486,2403,False,False,False,0,False,False,False,2382,2486,104,0.4098360655737705,False,False,False
35990744747,Massa Lobortis Incorporated,2383,False,2383,2337,2716,False,False,False,0,False,False,False,2337,2716,379,0.3770491803278688,False,False,False
99554974333,Magna Sed PC,2384,False,2384,2386,2387,False,False,False,0,False,False,False,2384,2387,3,0.4426229508196722,False,False,False
61941120453,Fringilla Mi Lacinia Incorporated,2385,False,2385,2692,1913,False,False,False,0,False,False,False,1913,2692,779,0.0327868852459016,True,False,False
46532597002,Egestas Nunc Industries,2386,False,2386,2403,2744,False,False,False,0,False,False,False,2386,2744,358,0.5573770491803278,False,False,False
11452293720,Sed Neque Sed Inc.,2387,False,2387,2387,2286,False,False,False,0,False,False,False,2286,2387,101,0.4918032786885246,False,False,False
44771894352,Ante Vivamus Inc.,2388,False,2388,2301,2114,False,False,False,0,False,False,False,2114,2388,274,0.2459016393442623,False,False,False
45601456298,Libero Morbi Accumsan Industries,2389,False,2389,2604,2030,False,False,False,0,False,False,False,2030,2604,574,0.0327868852459016,True,False,False
14878918457,Ultrices Limited,2390,False,2390,2353,2742,False,False,False,0,False,False,False,2353,2742,389,0.639344262295082,False,False,False
60421951083,Risus At Corp.,2391,False,2391,2561,2255,False,False,False,0,False,False,False,2255,2561,306,0.1147540983606557,False,False,False
43590095676,Fermentum Fermentum Corporation,2392,False,2392,2217,2204,False,False,False,0,False,False,False,2204,2392,188,0.2459016393442623,False,False,False
53300696557,Velit Cras Lorem Industries,2393,False,2393,2299,2182,False,False,False,0,False,False,False,2182,2393,211,0.0983606557377049,False,False,False
15700338102,Aliquam Ornare Inc.,2394,False,2394,2410,2152,False,False,False,0,False,False,False,2152,2410,258,0.3114754098360656,False,False,False
18293836021,Orci Adipiscing Non Corporation,2395,False,2395,2748,2044,False,False,False,0,False,False,False,2044,2748,704,0.3770491803278688,False,False,False
13272374672,Leo In Incorporated,2396,False,2396,2352,2741,False,False,False,0,False,False,False,2352,2741,389,0.6065573770491803,False,False,False
11590404675,Arcu Sed PC,2397,False,2397,2131,2829,False,False,False,0,False,False,False,2131,2829,698,0.6557377049180328,False,False,False
38737299876,Sit Amet Institute,2398,False,2398,2255,2358,False,False,False,0,False,False,False,2255,2398,143,0.0655737704918032,False,False,False
46050001394,Donec Associates,2399,False,2399,2267,2149,False,False,False,0,False,False,False,2149,2399,250,0.0655737704918032,False,False,False
92201452594,Duis Mi Enim Foundation,2400,False,2400,2524,2158,False,False,False,0,False,False,False,2158,2524,366,0.2131147540983606,False,False,False
99009287608,Nunc Risus LLP,2401,False,2401,2405,2232,False,False,False,0,False,False,False,2232,2405,173,0.4426229508196722,False,False,False
83415851389,Curabitur Egestas Nunc PC,2402,False,2402,2710,2116,False,False,False,0,False,False,False,2116,2710,594,0.2459016393442623,False,False,False
93669046600,At Libero Morbi PC,2403,False,2403,2462,2291,False,False,False,0,False,False,False,2291,2462,171,0.6229508196721312,False,False,False
63740885149,Nullam Lobortis Quam PC,2404,False,2404,2308,2808,False,False,False,0,False,False,False,2308,2808,500,0.4426229508196722,False,False,False
17291470169,Nullam Lobortis Limited,2405,False,2405,2305,2825,False,False,False,0,False,False,False,2305,2825,520,0.3278688524590164,False,False,False
50885695263,Euismod Institute,2406,False,2406,2490,2442,False,False,False,0,False,False,False,2406,2490,84,0.4590163934426229,False,False,False
56709391097,Aliquam Enim Foundation,2407,False,2407,2129,2750,False,False,False,0,False,False,False,2129,2750,621,0.360655737704918,False,False,False
57984259689,Enim Non Inc.,2408,False,2408,2213,2736,False,False,False,0,False,False,False,2213,2736,523,0.3114754098360656,False,False,False
14530561097,Duis At Inc.,2409,False,2409,1987,2862,False,False,False,0,False,False,False,1987,2862,875,0.360655737704918,False,False,False
97884414539,Ut Corporation,2410,False,2410,1934,2772,False,False,False,0,False,False,False,1934,2772,838,0.6065573770491803,False,False,False
55193751157,Rhoncus Proin PC,2411,False,2411,2319,2638,False,False,False,0,False,False,False,2319,2638,319,0.0983606557377049,False,False,False
56259793520,Ligula Aliquam Inc.,2412,False,2412,2454,2241,False,False,False,0,False,False,False,2241,2454,213,0.3770491803278688,False,False,False
30429611528,Proin Sed Foundation,2413,False,2413,2271,2211,False,False,False,0,False,False,False,2211,2413,202,0.2459016393442623,False,False,False
20847737557,Tempor LLP,2414,False,2414,2425,2140,False,False,False,0,False,False,False,2140,2425,285,0.3114754098360656,False,False,False
89389708676,Sit Incorporated,2415,False,2415,2711,1971,False,False,False,0,False,False,False,1971,2711,740,0.0327868852459016,True,False,False
33784872304,Augue Malesuada Corporation,2416,False,2416,2347,2254,False,False,False,0,False,False,False,2254,2416,162,0.3770491803278688,False,False,False
76290947803,Facilisis Non LLP,2417,False,2417,2379,2675,False,False,False,0,False,False,False,2379,2675,296,0.4426229508196722,False,False,False
13067850740,Felis Eget Industries,2418,False,2418,2625,2160,False,False,False,0,False,False,False,2160,2625,465,0.0655737704918032,False,False,False
64859340118,Arcu Imperdiet LLP,2419,False,2419,2393,2314,False,False,False,0,False,False,False,2314,2419,105,0.4426229508196722,False,False,False
21887123887,Nunc Interdum LLP,2420,False,2420,2639,2246,False,False,False,0,False,False,False,2246,2639,393,0.4426229508196722,False,False,False
82428360644,Erat Institute,2421,False,2421,2122,2842,False,False,False,0,False,False,False,2122,2842,720,0.6229508196721312,False,False,False
96215194743,Libero LLC,2422,False,2422,2660,2161,False,False,False,0,False,False,False,2161,2660,499,0.2459016393442623,False,False,False
41991231044,A Corporation,2423,False,2423,2594,2208,False,False,False,0,False,False,False,2208,2594,386,0.0327868852459016,True,False,False
78004123157,Nisl Nulla Corporation,2424,False,2424,2715,2326,False,False,False,0,False,False,False,2326,2715,389,0.3770491803278688,False,False,False
37351880405,Venenatis Incorporated,2425,False,2425,2655,2012,False,False,False,0,False,False,False,2012,2655,643,0.0327868852459016,True,False,False
26413484487,Fusce PC,2426,False,2426,2427,2239,False,False,False,0,False,False,False,2239,2427,188,0.4098360655737705,False,False,False
97412669819,Sagittis Duis Gravida Industries,2427,False,2427,2489,2698,False,False,False,0,False,False,False,2427,2698,271,0.639344262295082,False,False,False
21667858163,Cras Institute,2428,False,2428,2557,2432,False,False,False,0,False,False,False,2428,2557,129,0.3114754098360656,False,False,False
54907027470,Euismod Corp.,2429,False,2429,2411,2701,False,False,False,0,False,False,False,2411,2701,290,0.4098360655737705,False,False,False
66445536477,Praesent Foundation,2430,False,2430,2503,2175,False,False,False,0,False,False,False,2175,2503,328,0.2459016393442623,False,False,False
40751557554,Nisi Cum Industries,2431,False,2431,2695,2010,False,False,False,0,False,False,False,2010,2695,685,0.0327868852459016,True,False,False
79301733106,Non Egestas Incorporated,2432,False,2432,2380,2622,False,False,False,0,False,False,False,2380,2622,242,0.639344262295082,False,False,False
95080143009,Tincidunt Tempus Risus Incorporated,2433,False,2433,2231,2778,False,False,False,0,False,False,False,2231,2778,547,0.360655737704918,False,False,False
61238934884,Arcu Vel PC,2434,False,2434,2367,2833,False,False,False,0,False,False,False,2367,2833,466,0.6721311475409837,False,False,False
76191648069,Cras PC,2435,False,2435,2633,2179,False,False,False,0,False,False,False,2179,2633,454,0.1147540983606557,False,False,False
25499263184,Ac Mattis Institute,2436,False,2436,2634,2231,False,False,False,0,False,False,False,2231,2634,403,0.0983606557377049,False,False,False
91085233749,Vestibulum Lorem Industries,2437,False,2437,2292,2676,False,False,False,0,False,False,False,2292,2676,384,0.4426229508196722,False,False,False
71767386617,Nunc Mauris Sapien Consulting,2438,False,2438,2237,2766,False,False,False,0,False,False,False,2237,2766,529,0.5737704918032787,False,False,False
85482742429,Mi Eleifend Egestas LLP,2439,False,2439,2414,2490,False,False,False,0,False,False,False,2414,2490,76,0.540983606557377,False,False,False
10860706939,Vitae Aliquet Nec Associates,2440,False,2440,2582,2470,False,False,False,0,False,False,False,2440,2582,142,0.4426229508196722,False,False,False
75775044618,Mauris Sit Amet Ltd,2441,False,2441,2355,2727,False,False,False,0,False,False,False,2355,2727,372,0.6557377049180328,False,False,False
76351957431,Libero Est Congue Ltd,2442,False,2442,2700,2100,False,False,False,0,False,False,False,2100,2700,600,0.0327868852459016,True,False,False
26793253394,In Ltd,2443,False,2443,2384,2072,False,False,False,0,False,False,False,2072,2443,371,0.0327868852459016,True,False,False
73745079397,Dictum Incorporated,2444,False,2444,2680,2089,False,False,False,0,False,False,False,2089,2680,591,0.0327868852459016,True,False,False
44539609516,Dolor Limited,2445,False,2445,2772,1994,False,False,False,0,False,False,False,1994,2772,778,0.0327868852459016,True,False,False
98400051901,Vitae LLC,2446,False,2446,2270,2816,False,False,False,0,False,False,False,2270,2816,546,0.2459016393442623,False,False,False
83077046675,Fusce Aliquam LLP,2447,False,2447,2209,2459,False,False,False,0,False,False,False,2209,2459,250,0.2131147540983606,False,False,False
37927728172,Eu Accumsan LLP,2448,False,2448,2585,2262,False,False,False,0,False,False,False,2262,2585,323,0.0983606557377049,False,False,False
92834298371,Id Ante Dictum Limited,2449,False,2449,2437,2754,False,False,False,0,False,False,False,2437,2754,317,0.5573770491803278,False,False,False
72296826112,Vel Lectus Corporation,2450,False,2450,2371,2296,False,False,False,0,False,False,False,2296,2450,154,0.2459016393442623,False,False,False
55101569426,Suspendisse Ltd,2451,False,2451,2220,2734,False,False,False,0,False,False,False,2220,2734,514,0.6557377049180328,False,False,False
21291463935,Ultrices A LLP,2452,False,2452,2460,2782,False,False,False,0,False,False,False,2452,2782,330,0.2622950819672131,False,False,False
66678363248,Nulla Cras Eu Inc.,2453,False,2453,2189,2876,False,False,False,0,False,False,False,2189,2876,687,0.5901639344262295,False,False,False
98844249092,Aliquet Industries,2454,False,2454,2688,2335,False,False,False,0,False,False,False,2335,2688,353,0.3114754098360656,False,False,False
70580157002,Aliquet Libero Foundation,2455,False,2455,2312,2332,False,False,False,0,False,False,False,2312,2455,143,0.2459016393442623,False,False,False
82524209016,Nisi A Incorporated,2456,False,2456,2495,2340,False,False,False,0,False,False,False,2340,2495,155,0.2459016393442623,False,False,False
68252147715,Eget Laoreet Posuere Incorporated,2457,False,2457,2705,2378,False,False,False,0,False,False,False,2378,2705,327,0.6229508196721312,False,False,False
44837192214,Donec At PC,2458,False,2458,2589,2571,False,False,False,0,False,False,False,2458,2589,131,0.3770491803278688,False,False,False
88987269041,Commodo Tincidunt Corp.,2459,False,2459,2709,2188,False,False,False,0,False,False,False,2188,2709,521,0.2786885245901639,False,False,False
42672975886,Placerat Augue Incorporated,2460,False,2460,2343,2693,False,False,False,0,False,False,False,2343,2693,350,0.3770491803278688,False,False,False
41424526968,Elit Consulting,2461,False,2461,2469,2762,False,False,False,0,False,False,False,2461,2762,301,0.3770491803278688,False,False,False
87919999302,Consectetuer Rhoncus Associates,2462,False,2462,2456,2467,False,False,False,0,False,False,False,2456,2467,11,0.4918032786885246,False,False,False
51332765081,Tempus Associates,2463,False,2463,2693,2092,False,False,False,0,False,False,False,2092,2693,601,0.0327868852459016,True,False,False
25644665418,Cras Interdum LLC,2464,False,2464,2272,2835,False,False,False,0,False,False,False,2272,2835,563,0.3770491803278688,False,False,False
29234580033,Etiam Limited,2465,False,2465,2309,2126,False,False,False,0,False,False,False,2126,2465,339,0.1639344262295081,False,True,False
74837094867,Quisque Ornare Tortor LLC,2466,False,2466,2269,2352,False,False,False,0,False,False,False,2269,2466,197,0.2622950819672131,False,False,False
63408991537,Duis Cursus Inc.,2467,False,2467,2285,2715,False,False,False,0,False,False,False,2285,2715,430,0.2622950819672131,False,False,False
62854571289,Nibh Quisque Institute,2468,False,2468,2266,2814,False,False,False,0,False,False,False,2266,2814,548,0.5737704918032787,False,False,False
10385163239,Sed Et Company,2469,False,2469,2722,2167,False,False,False,0,False,False,False,2167,2722,555,0.0327868852459016,True,False,False
55023001789,Fermentum Inc.,2470,False,2470,2432,2748,False,False,False,0,False,False,False,2432,2748,316,0.6557377049180328,False,False,False
27674806739,Tortor Nibh Industries,2471,False,2471,2860,2079,False,False,False,0,False,False,False,2079,2860,781,0.2131147540983606,False,False,False
92077815673,Euismod Et Corporation,2472,False,2472,2494,2259,False,False,False,0,False,False,False,2259,2494,235,0.0983606557377049,False,False,False
79925938654,Turpis Vitae Ltd,2473,False,2473,2574,2421,False,False,False,0,False,False,False,2421,2574,153,0.4098360655737705,False,False,False
76183421494,Orci Sem Incorporated,2474,False,2474,2374,2218,False,False,False,0,False,False,False,2218,2474,256,0.1639344262295081,False,False,False
83992396729,Orci Sem Eget Corporation,2475,False,2475,2587,2240,False,False,False,0,False,False,False,2240,2587,347,0.4098360655737705,False,False,False
20836895545,Gravida Sit Amet Corporation,2476,False,2476,2727,2097,False,False,False,0,False,False,False,2097,2727,630,0.0327868852459016,True,False,False
50600353536,Aenean Eget Incorporated,2477,False,2477,2162,2827,False,False,False,0,False,False,False,2162,2827,665,0.639344262295082,False,False,False
84937597269,Enim Non LLC,2478,False,2478,2117,2873,False,False,False,0,False,False,False,2117,2873,756,0.3770491803278688,False,False,False
66858208767,Mollis Duis Sit Corporation,2479,False,2479,2599,2398,False,False,False,0,False,False,False,2398,2599,201,0.5573770491803278,False,False,False
85580030308,Condimentum Associates,2480,False,2480,2593,2471,False,False,False,0,False,False,False,2471,2593,122,0.3770491803278688,False,False,False
21901704733,Vehicula Risus Nulla Ltd,2481,False,2481,2648,2408,False,False,False,0,False,False,False,2408,2648,240,0.1639344262295081,False,False,False
35575706403,Tempus Mauris Ltd,2482,False,2482,2071,2822,False,False,False,0,False,False,False,2071,2822,751,0.7704918032786885,False,False,False
54509096655,Ac LLP,2483,False,2483,2426,2803,False,False,False,0,False,False,False,2426,2803,377,0.639344262295082,False,False,False
33084912594,Sed Nulla Ante Foundation,2484,False,2484,2652,2451,False,False,False,0,False,False,False,2451,2652,201,0.360655737704918,False,False,False
70385277162,Varius Orci In LLC,2485,False,2485,2257,2554,False,False,False,0,False,False,False,2257,2554,297,0.2459016393442623,False,False,False
27915232337,Orci Ut Sagittis PC,2486,False,2486,2109,2878,False,False,False,0,False,False,False,2109,2878,769,0.2459016393442623,False,False,False
27274388856,Lectus Corporation,2487,False,2487,2354,2817,False,False,False,0,False,False,False,2354,2817,463,0.4590163934426229,False,False,False
45105237896,Sociis Natoque Limited,2488,False,2488,2461,2516,False,False,False,0,False,False,False,2461,2516,55,0.4426229508196722,False,False,False
56554875815,Ipsum Porta Elit Limited,2489,False,2489,2251,2886,False,False,False,0,False,False,False,2251,2886,635,0.2459016393442623,False,False,False
94446707800,Cursus Corporation,2490,False,2490,2681,2117,False,False,False,0,False,False,False,2117,2681,564,0.0327868852459016,True,False,False
68257308107,In Scelerisque Scelerisque PC,2491,False,2491,2327,2823,False,False,False,0,False,False,False,2327,2823,496,0.0655737704918032,False,False,False
18355044772,Sed Nunc LLC,2492,False,2492,2720,2112,False,False,False,0,False,False,False,2112,2720,608,0.0327868852459016,True,False,False
15870230869,Ullamcorper Eu Euismod Corp.,2493,False,2493,2382,2793,False,False,False,0,False,False,False,2382,2793,411,0.639344262295082,False,False,False
50463196502,Lorem Ipsum Dolor Consulting,2494,False,2494,2322,2821,False,False,False,0,False,False,False,2322,2821,499,0.1967213114754098,False,False,False
78747520227,Sed Orci Lobortis Inc.,2495,False,2495,2458,2380,False,False,False,0,False,False,False,2380,2495,115,0.360655737704918,False,False,False
56738316313,Sollicitudin A LLP,2496,False,2496,2377,2181,False,False,False,0,False,False,False,2181,2496,315,0.2459016393442623,False,False,False
16863641025,Aliquet Diam LLC,2497,False,2497,2603,2665,False,False,False,0,False,False,False,2497,2665,168,0.3934426229508196,False,False,False
68581310909,Et Rutrum LLP,2498,False,2498,2409,2287,False,False,False,0,False,False,False,2287,2498,211,0.180327868852459,False,False,False
10187291046,Ultricies Dignissim Lacus Foundation,2499,False,2499,2491,2558,False,False,False,0,False,False,False,2491,2558,67,0.5737704918032787,False,False,False
14820207872,Vehicula Pellentesque PC,2500,False,2500,2621,2282,False,False,False,0,False,False,False,2282,2621,339,0.5901639344262295,False,False,False
30137717102,Tempus Risus LLC,2501,False,2501,2233,2856,False,False,False,0,False,False,False,2233,2856,623,0.3770491803278688,False,False,False
14316652139,Sed Dolor Inc.,2502,False,2502,2356,2907,False,False,False,0,False,False,False,2356,2907,551,0.4754098360655737,False,False,False
77712035156,Ut Dolor Associates,2503,False,2503,2535,2260,False,False,False,0,False,False,False,2260,2535,275,0.3770491803278688,False,False,False
37419282352,Tristique Senectus Corp.,2504,False,2504,2744,2278,False,False,False,0,False,False,False,2278,2744,466,0.4754098360655737,False,False,False
38325909884,At Associates,2505,False,2505,2665,2376,False,False,False,0,False,False,False,2376,2665,289,0.1967213114754098,False,False,False
97197615043,Molestie Arcu PC,2506,False,2506,2078,2755,False,False,False,0,False,False,False,2078,2755,677,0.7540983606557377,False,False,False
78118727544,Cursus Et Inc.,2507,False,2507,1951,2933,False,False,False,0,False,False,False,1951,2933,982,0.6065573770491803,False,False,False
53402274399,Lorem Ltd,2508,False,2508,2250,2891,False,False,False,0,False,False,False,2250,2891,641,0.0655737704918032,False,False,False
50931818377,Lobortis Ltd,2509,False,2509,2775,2190,False,False,False,0,False,False,False,2190,2775,585,0.2459016393442623,False,False,False
75783319472,Non Leo Foundation,2510,False,2510,2583,2518,False,False,False,0,False,False,False,2510,2583,73,0.0983606557377049,False,False,False
86187992452,Amet Ltd,2511,False,2511,2320,2594,False,False,False,0,False,False,False,2320,2594,274,0.4918032786885246,False,False,False
47100336491,Faucibus Orci Luctus Industries,2512,False,2512,2554,2308,False,False,False,0,False,False,False,2308,2554,246,0.2622950819672131,False,False,False
29778062495,Scelerisque Neque Associates,2513,False,2513,2455,2273,False,False,False,0,False,False,False,2273,2513,240,0.0655737704918032,False,False,False
63861708370,Morbi Accumsan LLC,2514,False,2514,2622,2313,False,False,False,0,False,False,False,2313,2622,309,0.5245901639344263,False,False,False
42392117775,Ultrices Iaculis Odio Incorporated,2515,False,2515,2758,2176,False,False,False,0,False,False,False,2176,2758,582,0.0655737704918032,False,False,False
87769349119,Eget Metus Incorporated,2516,False,2516,2799,2220,False,False,False,0,False,False,False,2220,2799,579,0.1967213114754098,False,False,False
63907965541,Massa Mauris Corporation,2517,False,2517,2106,2939,False,False,False,0,False,False,False,2106,2939,833,0.1967213114754098,False,False,False
15937271532,Diam Proin Dolor Limited,2518,False,2518,2211,2846,False,False,False,0,False,False,False,2211,2846,635,0.3770491803278688,False,False,False
87211363921,Mauris Non PC,2519,False,2519,2712,2284,False,False,False,0,False,False,False,2284,2712,428,0.4754098360655737,False,False,False
95856918319,Scelerisque Scelerisque Dui Incorporated,2520,False,2520,2742,2119,False,False,False,0,False,False,False,2119,2742,623,0.0327868852459016,True,False,False
40457357336,Lobortis Quis Industries,2521,False,2521,2669,2533,False,False,False,0,False,False,False,2521,2669,148,0.4918032786885246,False,False,False
21204719156,Quis Diam Pellentesque Limited,2522,False,2522,2480,2826,False,False,False,0,False,False,False,2480,2826,346,0.4754098360655737,False,False,False
12374632228,Posuere Enim Incorporated,2523,False,2523,2417,2256,False,False,False,0,False,False,False,2256,2523,267,0.0983606557377049,False,False,False
80178350391,At Pede Company,2524,False,2524,2703,2300,False,False,False,0,False,False,False,2300,2703,403,0.2459016393442623,False,False,False
35195862809,Pede Cras Industries,2525,False,2525,2413,2828,False,False,False,0,False,False,False,2413,2828,415,0.5901639344262295,False,False,False
99861963809,Pretium Aliquet Limited,2526,False,2526,2701,2428,False,False,False,0,False,False,False,2428,2701,273,0.4590163934426229,False,False,False
60654402457,Lacus Quisque Imperdiet Institute,2527,False,2527,2859,2225,False,False,False,0,False,False,False,2225,2859,634,0.1967213114754098,False,False,False
22528859307,Cum Sociis Corp.,2528,False,2528,2631,2402,False,False,False,0,False,False,False,2402,2631,229,0.180327868852459,False,False,False
79390569536,Montes Nascetur Ridiculus Associates,2529,False,2529,2863,2153,False,False,False,0,False,False,False,2153,2863,710,0.2131147540983606,False,False,False
19455998870,Eget Metus Eu Institute,2530,False,2530,2435,2729,False,False,False,0,False,False,False,2435,2729,294,0.3770491803278688,False,False,False
21804816746,Nullam Ut Inc.,2531,False,2531,2464,2214,False,False,False,0,False,False,False,2214,2531,317,0.0327868852459016,True,False,False
73205504863,At Pretium Limited,2532,False,2532,2708,2339,False,False,False,0,False,False,False,2339,2708,369,0.5737704918032787,False,False,False
19925160030,Vestibulum Massa Rutrum Associates,2533,False,2533,2734,2548,False,False,False,0,False,False,False,2533,2734,201,0.6229508196721312,False,False,False
62981190818,Quis LLC,2534,False,2534,2526,2315,False,False,False,0,False,False,False,2315,2534,219,0.2459016393442623,False,False,False
97353800246,Enim Mi LLC,2535,False,2535,2548,2812,False,False,False,0,False,False,False,2535,2812,277,0.5737704918032787,False,False,False
48640772679,Dictum Cursus Consulting,2536,False,2536,2274,2895,False,False,False,0,False,False,False,2274,2895,621,0.639344262295082,False,False,False
38721422513,Sem Pellentesque Incorporated,2537,False,2537,2520,2202,False,False,False,0,False,False,False,2202,2537,335,0.0327868852459016,True,False,False
26025787253,Felis Donec Limited,2538,False,2538,2697,2386,False,False,False,0,False,False,False,2386,2697,311,0.0327868852459016,True,False,False
75047095190,Condimentum Eget Limited,2539,False,2539,2175,2919,False,False,False,0,False,False,False,2175,2919,744,0.2459016393442623,False,False,False
78949485914,Fermentum Metus Ltd,2540,False,2540,2336,2445,False,False,False,0,False,False,False,2336,2540,204,0.2131147540983606,False,False,False
22288600259,Ipsum Suspendisse LLP,2541,False,2541,2207,2880,False,False,False,0,False,False,False,2207,2880,673,0.540983606557377,False,False,False
75077143451,Consequat Auctor Nunc Ltd,2542,False,2542,2515,2819,False,False,False,0,False,False,False,2515,2819,304,0.4426229508196722,False,False,False
46017523620,Lorem Donec Elementum Corporation,2543,False,2543,2362,2869,False,False,False,0,False,False,False,2362,2869,507,0.360655737704918,False,False,False
85881115796,Lorem Inc.,2544,False,2544,2453,2305,False,False,False,0,False,False,False,2305,2544,239,0.0327868852459016,True,False,False
51890035872,Nulla In Tincidunt Ltd,2545,False,2545,2528,2510,False,False,False,0,False,False,False,2510,2545,35,0.5573770491803278,False,False,False
95013376739,Tristique Aliquet Phasellus Corporation,2546,False,2546,2183,2848,False,False,False,0,False,False,False,2183,2848,665,0.0655737704918032,False,False,False
66610548417,Nulla Inc.,2547,False,2547,2156,2936,False,False,False,0,False,False,False,2156,2936,780,0.2131147540983606,False,False,False
89109402284,Interdum Feugiat Sed Incorporated,2548,False,2548,2768,2162,False,False,False,0,False,False,False,2162,2768,606,0.0491803278688525,False,True,False
75517762890,Cursus Et Corporation,2549,False,2549,2607,2450,False,False,False,0,False,False,False,2450,2607,157,0.0983606557377049,False,False,False
81986777523,Quis Urna Nunc Institute,2550,False,2550,2791,2154,False,False,False,0,False,False,False,2154,2791,637,0.0655737704918032,False,False,False
54062916822,Lorem Eu Metus PC,2551,False,2551,2545,2344,False,False,False,0,False,False,False,2344,2551,207,0.3114754098360656,False,False,False
64498959678,Nunc Sed PC,2552,False,2552,2431,2514,False,False,False,0,False,False,False,2431,2552,121,0.2459016393442623,False,False,False
41329164057,Donec Ltd,2553,False,2553,2516,2356,False,False,False,0,False,False,False,2356,2553,197,0.2786885245901639,False,False,False
78864123417,A Sollicitudin Orci Foundation,2554,False,2554,2558,2492,False,False,False,0,False,False,False,2492,2558,66,0.0983606557377049,False,False,False
51906535389,Consectetuer Company,2555,False,2555,2847,2276,False,False,False,0,False,False,False,2276,2847,571,0.0655737704918032,False,False,False
85385819407,Vel Corp.,2556,False,2556,2523,2579,False,False,False,0,False,False,False,2523,2579,56,0.639344262295082,False,False,False
70529552669,Penatibus Et Limited,2557,False,2557,2605,2476,False,False,False,0,False,False,False,2476,2605,129,0.2622950819672131,False,False,False
27397535742,Porttitor Limited,2558,False,2558,2144,2975,False,False,False,0,False,False,False,2144,2975,831,0.0983606557377049,False,False,False
43437492698,In Limited,2559,False,2559,2864,2146,False,False,False,0,False,False,False,2146,2864,718,0.0327868852459016,True,False,False
23812847062,Pellentesque Eget Ltd,2560,False,2560,2232,2995,False,False,False,0,False,False,False,2232,2995,763,0.6721311475409837,False,False,False
58913632134,Sodales Mauris Company,2561,False,2561,2670,2795,False,False,False,0,False,False,False,2561,2795,234,0.2786885245901639,False,False,False
47594307487,Sed Dolor Industries,2562,False,2562,2662,2813,False,False,False,0,False,False,False,2562,2813,251,0.540983606557377,False,False,False
99018524323,Orci Consectetuer Associates,2563,False,2563,2651,2749,False,False,False,0,False,False,False,2563,2749,186,0.3770491803278688,False,False,False
21911286661,Arcu Vivamus LLC,2564,False,2564,2527,2549,False,False,False,0,False,False,False,2527,2564,37,0.6229508196721312,False,False,False
80525145658,Mi Ac PC,2565,False,2565,2493,2845,False,False,False,0,False,False,False,2493,2845,352,0.4754098360655737,False,False,False
11766327188,Ante Maecenas Mi Incorporated,2566,False,2566,2721,2721,False,False,False,0,False,False,False,2566,2721,155,0.4426229508196722,False,False,False
40593734741,Duis Foundation,2567,False,2567,2619,2703,False,False,False,0,False,False,False,2567,2703,136,0.3934426229508196,False,False,False
28771494032,Non Lacinia Associates,2568,False,2568,2473,2411,False,False,False,0,False,False,False,2411,2568,157,0.2131147540983606,False,False,False
53655334735,Magna LLC,2569,False,2569,2288,2952,False,False,False,0,False,False,False,2288,2952,664,0.4426229508196722,False,False,False
11981237946,Sed Molestie Sed Institute,2570,False,2570,2424,2756,False,False,False,0,False,False,False,2424,2756,332,0.5737704918032787,False,False,False
17649195875,Velit Eu Sem Consulting,2571,False,2571,2517,2252,False,False,False,0,False,False,False,2252,2571,319,0.0655737704918032,False,False,False
47694806294,Viverra PC,2572,False,2572,2835,2238,False,False,False,0,False,False,False,2238,2835,597,0.0327868852459016,True,False,False
67696830978,Ante Ipsum Primis Ltd,2573,False,2573,2759,2373,False,False,False,0,False,False,False,2373,2759,386,0.639344262295082,False,False,False
39929271871,Risus Donec Egestas Corp.,2574,False,2574,2671,2806,False,False,False,0,False,False,False,2574,2806,232,0.4754098360655737,False,False,False
92007575783,Aliquam Nisl Corp.,2575,False,2575,2154,2938,False,False,False,0,False,False,False,2154,2938,784,0.0655737704918032,False,False,False
20443361465,Semper Dui Foundation,2576,False,2576,2199,3008,False,False,False,0,False,False,False,2199,3008,809,0.2131147540983606,False,False,False
78526643558,Arcu Institute,2577,False,2577,2808,2203,False,False,False,0,False,False,False,2203,2808,605,0.0327868852459016,True,False,False
47864961615,Enim Mi Corp.,2578,False,2578,2901,2127,False,False,False,0,False,False,False,2127,2901,774,0.0327868852459016,True,False,False
67868675953,Nam Ac Foundation,2579,False,2579,2541,2928,False,False,False,0,False,False,False,2541,2928,387,0.6065573770491803,False,False,False
59288709135,Pede Suspendisse Institute,2580,False,2580,2306,2934,False,False,False,0,False,False,False,2306,2934,628,0.3770491803278688,False,False,False
67264251405,Elit Dictum Eu Foundation,2581,False,2581,2637,2586,False,False,False,0,False,False,False,2581,2637,56,0.0,True,True,False
99100250331,Odio LLC,2582,False,2582,2553,2913,False,False,False,0,False,False,False,2553,2913,360,0.5737704918032787,False,False,False
79306976993,Congue Elit Industries,2583,False,2583,2365,2971,False,False,False,0,False,False,False,2365,2971,606,0.2459016393442623,False,False,False
44527459864,Felis Nulla Tempor Industries,2584,False,2584,2361,2575,False,False,False,0,False,False,False,2361,2584,223,0.2459016393442623,False,False,False
99319455478,Senectus LLP,2585,False,2585,2606,2717,False,False,False,0,False,False,False,2585,2717,132,0.3770491803278688,False,False,False
75875494789,Ut Pharetra Incorporated,2586,False,2586,2794,2482,False,False,False,0,False,False,False,2482,2794,312,0.2131147540983606,False,False,False
57079678065,Hendrerit Donec Limited,2587,False,2587,2832,2562,False,False,False,0,False,False,False,2562,2832,270,0.4590163934426229,False,False,False
88745863985,Fringilla Ornare Placerat Institute,2588,False,2588,2900,2172,False,False,False,0,False,False,False,2172,2900,728,0.0327868852459016,True,True,False
61335088393,Et Magnis Company,2589,False,2589,2623,2564,False,False,False,0,False,False,False,2564,2623,59,0.5245901639344263,False,False,False
41657963012,Lacus Quisque LLC,2590,False,2590,2363,2875,False,False,False,0,False,False,False,2363,2875,512,0.4754098360655737,False,False,False
55883454313,Vitae Orci Phasellus Foundation,2591,False,2591,2836,2435,False,False,False,0,False,False,False,2435,2836,401,0.639344262295082,False,False,False
76006740240,Pharetra Quisque Ac Ltd,2592,False,2592,2845,2424,False,False,False,0,False,False,False,2424,2845,421,0.2786885245901639,False,False,False
95594775419,Dolor Fusce Mi Associates,2593,False,2593,2897,2180,False,False,False,0,False,False,False,2180,2897,717,0.0327868852459016,True,True,False
22926973508,Ipsum Non Industries,2594,False,2594,2474,2888,False,False,False,0,False,False,False,2474,2888,414,0.3770491803278688,False,False,False
29859203033,Id Limited,2595,False,2595,2477,2860,False,False,False,0,False,False,False,2477,2860,383,0.5737704918032787,False,False,False
99063901069,Pede Ultrices Institute,2596,False,2596,2880,2212,False,False,False,0,False,False,False,2212,2880,668,0.0327868852459016,True,False,False
42676690865,Luctus Lobortis Inc.,2597,False,2597,2452,2775,False,False,False,0,False,False,False,2452,2775,323,0.4098360655737705,False,False,False
55270512213,Mauris Molestie Corp.,2598,False,2598,2817,2501,False,False,False,0,False,False,False,2501,2817,316,0.3114754098360656,False,False,False
69418468754,Velit Justo Institute,2599,False,2599,2612,2629,False,False,False,0,False,False,False,2599,2629,30,0.2459016393442623,False,False,False
35079621278,Imperdiet Ullamcorper Industries,2600,False,2600,2529,2312,False,False,False,0,False,False,False,2312,2600,288,0.1147540983606557,False,False,False
97443126375,Bibendum Sed Associates,2601,False,2601,2397,2962,False,False,False,0,False,False,False,2397,2962,565,0.2131147540983606,False,False,False
13103397121,Litora Torquent Limited,2602,False,2602,2785,2436,False,False,False,0,False,False,False,2436,2785,349,0.360655737704918,False,False,False
47407563525,Aliquet Lobortis Nisi Corp.,2603,False,2603,2448,2441,False,False,False,0,False,False,False,2441,2603,162,0.0327868852459016,True,False,False
32380337852,Urna Convallis Inc.,2604,False,2604,2682,2275,False,False,False,0,False,False,False,2275,2682,407,0.0327868852459016,True,False,False
93121740143,Sed Libero Proin PC,2605,False,2605,2696,2596,False,False,False,0,False,False,False,2596,2696,100,0.2131147540983606,False,False,False
66482985683,Nonummy Ac Foundation,2606,False,2606,2483,2395,False,False,False,0,False,False,False,2395,2606,211,0.2459016393442623,False,False,False
82403922740,Risus Quisque Incorporated,2607,False,2607,2468,2974,False,False,False,0,False,False,False,2468,2974,506,0.1639344262295081,False,False,False
17386856164,Nulla Integer Corp.,2608,False,2608,2713,2495,False,False,False,0,False,False,False,2495,2713,218,0.3114754098360656,False,False,False
79825619910,Dui Quis LLP,2609,False,2609,2627,2600,False,False,False,0,False,False,False,2600,2627,27,0.081967213114754,False,False,False
84213521057,Semper Nam Corp.,2610,False,2610,2492,2898,False,False,False,0,False,False,False,2492,2898,406,0.2459016393442623,False,False,False
36307655284,Integer Id Incorporated,2611,False,2611,2179,3016,False,False,False,0,False,False,False,2179,3016,837,0.2622950819672131,False,False,False
82830773225,Eget Odio Inc.,2612,False,2612,2595,2329,False,False,False,0,False,False,False,2329,2612,283,0.0327868852459016,True,False,False
34437937876,Tellus Imperdiet LLP,2613,False,2613,2564,2927,False,False,False,0,False,False,False,2564,2927,363,0.6229508196721312,False,False,False
24451148103,Ligula Consectetuer Rhoncus Limited,2614,False,2614,2850,2423,False,False,False,0,False,False,False,2423,2850,427,0.0327868852459016,True,False,False
42061762079,Nunc Interdum LLC,2615,False,2615,2890,2283,False,False,False,0,False,False,False,2283,2890,607,0.0327868852459016,True,False,False
66532942314,Per Conubia LLC,2616,False,2616,2958,2235,False,False,False,0,False,False,False,2235,2958,723,0.0327868852459016,True,False,False
10364012396,Rutrum Justo Ltd,2617,False,2617,3005,2189,False,False,False,0,False,False,False,2189,3005,816,0.0327868852459016,True,False,False
18126169589,Elit A PC,2618,False,2618,3016,2290,False,False,False,0,False,False,False,2290,3016,726,0.3114754098360656,False,False,False
96946925998,Nisi Cum Corporation,2619,False,2619,2321,2850,False,False,False,0,False,False,False,2321,2850,529,0.1147540983606557,False,False,False
33043043175,Ipsum Leo Consulting,2620,False,2620,2825,2726,False,False,False,0,False,False,False,2620,2825,205,0.5737704918032787,False,False,False
93981536412,Pharetra Quisque Ac LLC,2621,False,2621,2649,2437,False,False,False,0,False,False,False,2437,2649,212,0.3770491803278688,False,False,False
73004400052,Erat Volutpat Institute,2622,False,2622,2576,2866,False,False,False,0,False,False,False,2576,2866,290,0.0655737704918032,False,False,False
77153404511,Purus Accumsan Ltd,2623,False,2623,2699,2885,False,False,False,0,False,False,False,2623,2885,262,0.4754098360655737,False,False,False
93723130289,Quam Quis Diam Company,2624,False,2624,2507,2337,False,False,False,0,False,False,False,2337,2624,287,0.2459016393442623,False,False,False
33099767595,Diam At PC,2625,False,2625,2642,2912,False,False,False,0,False,False,False,2625,2912,287,0.5737704918032787,False,False,False
37750618930,Consectetuer Ipsum PC,2626,False,2626,2163,2948,False,False,False,0,False,False,False,2163,2948,785,0.0655737704918032,False,False,False
57798993346,Malesuada LLC,2627,False,2627,2999,2178,False,False,False,0,False,False,False,2178,2999,821,0.0327868852459016,True,False,False
19844927419,Natoque Penatibus Et LLC,2628,False,2628,2519,2916,False,False,False,0,False,False,False,2519,2916,397,0.2459016393442623,False,False,False
78230317507,Dictum Cursus Nunc Industries,2629,False,2629,2592,2925,False,False,False,0,False,False,False,2592,2925,333,0.4754098360655737,False,False,False
79657127260,Consectetuer Ipsum Industries,2630,False,2630,2415,2984,False,False,False,0,False,False,False,2415,2984,569,0.3770491803278688,False,False,False
82451618238,Nunc Lectus Pede Institute,2631,False,2631,3006,2177,False,False,False,0,False,False,False,2177,3006,829,0.0327868852459016,True,False,False
82803045102,Lobortis Class Aptent Incorporated,2632,False,2632,2963,2261,False,False,False,0,False,False,False,2261,2963,702,0.0327868852459016,True,False,False
85715076054,Arcu Vestibulum Corporation,2633,False,2633,2760,2531,False,False,False,0,False,False,False,2531,2760,229,0.2459016393442623,False,False,False
53829845678,Ac Eleifend Vitae LLP,2634,False,2634,2949,2223,False,False,False,0,False,False,False,2223,2949,726,0.0327868852459016,True,True,False
83058563505,Mauris A Inc.,2635,False,2635,2351,2964,False,False,False,0,False,False,False,2351,2964,613,0.4918032786885246,False,False,False
77702973864,Non Consulting,2636,False,2636,2804,2559,False,False,False,0,False,False,False,2559,2804,245,0.0327868852459016,True,False,False
41334628518,Vitae Inc.,2637,False,2637,2979,2304,False,False,False,0,False,False,False,2304,2979,675,0.0655737704918032,False,False,False
60321593978,Sed Pharetra Felis PC,2638,False,2638,2761,2397,False,False,False,0,False,False,False,2397,2761,364,0.2131147540983606,False,False,False
82627733660,Vitae Velit Limited,2639,False,2639,2858,2347,False,False,False,0,False,False,False,2347,2858,511,0.0983606557377049,False,False,False
42270780873,Quisque Nonummy Corp.,2640,False,2640,2632,2612,False,False,False,0,False,False,False,2612,2640,28,0.3934426229508196,False,False,False
68275485458,Morbi Sit Inc.,2641,False,2641,2970,2196,False,False,False,0,False,False,False,2196,2970,774,0.0327868852459016,True,False,False
26341565445,Ultrices Duis PC,2642,False,2642,2552,2529,False,False,False,0,False,False,False,2529,2642,113,0.0983606557377049,False,False,False
80932809713,Non Leo Vivamus Incorporated,2643,False,2643,2421,2666,False,False,False,0,False,False,False,2421,2666,245,0.0655737704918032,False,False,False
63275985428,Cras Pellentesque Sed Corp.,2644,False,2644,2737,2372,False,False,False,0,False,False,False,2372,2737,365,0.0983606557377049,False,False,False
37718833659,Est LLC,2645,False,2645,2161,3026,False,False,False,0,False,False,False,2161,3026,865,0.3114754098360656,False,False,False
64295673283,Molestie Dapibus Industries,2646,False,2646,2521,2723,False,False,False,0,False,False,False,2521,2723,202,0.1639344262295081,False,False,False
54277261175,In Magna PC,2647,False,2647,2885,2274,False,False,False,0,False,False,False,2274,2885,611,0.0327868852459016,True,True,False
66340635807,Integer Mollis Integer Inc.,2648,False,2648,2551,2667,False,False,False,0,False,False,False,2551,2667,116,0.360655737704918,False,False,False
12219088747,Velit Corp.,2649,False,2649,2704,2664,False,False,False,0,False,False,False,2649,2704,55,0.4754098360655737,False,False,False
70106809650,Sollicitudin Industries,2650,False,2650,2330,2970,False,False,False,0,False,False,False,2330,2970,640,0.4918032786885246,False,False,False
23388327799,Id Enim Corp.,2651,False,2651,2618,2346,False,False,False,0,False,False,False,2346,2651,305,0.0327868852459016,True,False,False
40819329493,Cursus PC,2652,False,2652,2992,2294,False,False,False,0,False,False,False,2294,2992,698,0.0327868852459016,True,False,False
98395101740,Purus Duis Company,2653,False,2653,2839,2359,False,False,False,0,False,False,False,2359,2839,480,0.0327868852459016,True,False,False
67178153348,Lacus Etiam LLP,2654,False,2654,2481,3019,False,False,False,0,False,False,False,2481,3019,538,0.2459016393442623,False,False,False
11975295389,Tortor Corp.,2655,False,2655,2994,2237,False,False,False,0,False,False,False,2237,2994,757,0.0327868852459016,True,False,False
56923368251,Eget Lacus Mauris Institute,2656,False,2656,2647,2461,False,False,False,0,False,False,False,2461,2656,195,0.2459016393442623,False,False,False
26824240795,Ac Company,2657,False,2657,2707,2547,False,False,False,0,False,False,False,2547,2707,160,0.3770491803278688,False,False,False
36479085063,Lacinia Orci Consectetuer Company,2658,False,2658,2908,2473,False,False,False,0,False,False,False,2473,2908,435,0.3770491803278688,False,False,False
86253699836,Nascetur Ridiculus Mus Foundation,2659,False,2659,2626,2759,False,False,False,0,False,False,False,2626,2759,133,0.4918032786885246,False,False,False
63818670309,Auctor Corp.,2660,False,2660,2505,3035,False,False,False,0,False,False,False,2505,3035,530,0.639344262295082,False,False,False
87122475882,Lectus Sit Incorporated,2661,False,2661,2388,2904,False,False,False,0,False,False,False,2388,2904,516,0.1639344262295081,False,False,False
86907350198,Dolor Fusce Ltd,2662,False,2662,2555,2872,False,False,False,0,False,False,False,2555,2872,317,0.639344262295082,False,False,False
31416331470,Quis Turpis Corporation,2663,False,2663,2588,2334,False,False,False,0,False,False,False,2334,2663,329,0.0327868852459016,True,True,False
82317733329,Amet PC,2664,False,2664,2640,2687,False,False,False,0,False,False,False,2640,2687,47,0.3770491803278688,False,False,False
87092867947,Egestas Urna Limited,2665,False,2665,2870,2515,False,False,False,0,False,False,False,2515,2870,355,0.1967213114754098,False,False,False
38361767065,Penatibus Et PC,2666,False,2666,2756,2460,False,False,False,0,False,False,False,2460,2756,296,0.2459016393442623,False,False,False
48185232979,At Limited,2667,False,2667,3048,2269,False,False,False,0,False,False,False,2269,3048,779,0.0327868852459016,True,False,False
42878473215,Lobortis Inc.,2668,False,2668,2504,3023,False,False,False,0,False,False,False,2504,3023,519,0.3770491803278688,False,False,False
16156289887,Aliquet Sem Corp.,2669,False,2669,2959,2316,False,False,False,0,False,False,False,2316,2959,643,0.0327868852459016,True,True,False
94206932226,Interdum Feugiat Ltd,2670,False,2670,2284,2997,False,False,False,0,False,False,False,2284,2997,713,0.0655737704918032,False,False,False
17701272704,Neque In LLC,2671,False,2671,3039,2216,False,False,False,0,False,False,False,2216,3039,823,0.0327868852459016,True,False,False
60072023557,Tellus Faucibus Associates,2672,False,2672,2853,2475,False,False,False,0,False,False,False,2475,2853,378,0.1147540983606557,False,False,False
80821603856,Semper Erat Inc.,2673,False,2673,2996,2370,False,False,False,0,False,False,False,2370,2996,626,0.0327868852459016,True,False,False
12380299397,Neque Morbi Foundation,2674,False,2674,2328,3003,False,False,False,0,False,False,False,2328,3003,675,0.2786885245901639,False,False,False
12395011633,Luctus Sit Corporation,2675,False,2675,2617,2855,False,False,False,0,False,False,False,2617,2855,238,0.639344262295082,False,False,False
13447019122,Amet Risus Foundation,2676,False,2676,2487,2985,False,False,False,0,False,False,False,2487,2985,498,0.360655737704918,False,False,False
10430380319,Sit Amet Nulla Corp.,2677,False,2677,2566,2598,False,False,False,0,False,False,False,2566,2677,111,0.2459016393442623,False,False,False
20017721725,Pellentesque Sed Dictum Foundation,2678,False,2678,2919,2357,False,False,False,0,False,False,False,2357,2919,562,0.0327868852459016,True,False,False
78980774216,Laoreet Company,2679,False,2679,3068,2392,False,False,False,0,False,False,False,2392,3068,676,0.2459016393442623,False,False,False
78433042891,Dictum Mi Ac LLP,2680,False,2680,2851,2528,False,False,False,0,False,False,False,2528,2851,323,0.0327868852459016,True,False,False
56439821700,Ipsum Curabitur LLP,2681,False,2681,2514,2950,False,False,False,0,False,False,False,2514,2950,436,0.5737704918032787,False,False,False
12208064492,Nullam Ut Industries,2682,False,2682,2253,3037,False,False,False,0,False,False,False,2253,3037,784,0.0983606557377049,False,False,False
47773139983,Enim Inc.,2683,False,2683,2560,2931,False,False,False,0,False,False,False,2560,2931,371,0.6229508196721312,False,False,False
61910841091,Vitae Erat Vivamus LLP,2684,False,2684,2085,3091,False,False,False,0,False,False,False,2085,3091,1006,0.639344262295082,False,False,False
24674067743,Augue Ltd,2685,False,2685,2547,2412,False,False,False,0,False,False,False,2412,2685,273,0.1147540983606557,False,False,False
24462154202,Cursus Limited,2686,False,2686,2611,2488,False,False,False,0,False,False,False,2488,2686,198,0.0327868852459016,True,False,False
51087215585,Vitae Velit Egestas Foundation,2687,False,2687,2989,2270,False,False,False,0,False,False,False,2270,2989,719,0.0327868852459016,True,True,False
64208631487,Pharetra Nibh Aliquam Foundation,2688,False,2688,2586,2587,False,False,False,0,False,False,False,2586,2688,102,0.2459016393442623,False,False,False
93168879476,Nunc Id Ltd,2689,False,2689,2315,3059,False,False,False,0,False,False,False,2315,3059,744,0.2131147540983606,False,False,False
47103021057,Donec Vitae PC,2690,False,2690,3042,2281,False,False,False,0,False,False,False,2281,3042,761,0.0655737704918032,False,False,False
52684532353,Sed Hendrerit Corp.,2691,False,2691,2598,2776,False,False,False,0,False,False,False,2598,2776,178,0.639344262295082,False,False,False
45159852190,Turpis Egestas Aliquam Associates,2692,False,2692,2616,2951,False,False,False,0,False,False,False,2616,2951,335,0.6557377049180328,False,False,False
11800043583,Morbi Vehicula Inc.,2693,False,2693,2591,2407,False,False,False,0,False,False,False,2407,2693,286,0.2131147540983606,False,False,False
60429241521,Vitae Corp.,2694,False,2694,2644,2491,False,False,False,0,False,False,False,2491,2694,203,0.1967213114754098,False,False,False
53600852724,Laoreet Lectus LLC,2695,False,2695,3010,2325,False,False,False,0,False,False,False,2325,3010,685,0.0655737704918032,False,False,False
69853421807,Fusce Mollis Duis Industries,2696,False,2696,3040,2288,False,False,False,0,False,False,False,2288,3040,752,0.0327868852459016,True,True,False
55844327847,Ipsum Ac Mi Associates,2697,False,2697,2646,2957,False,False,False,0,False,False,False,2646,2957,311,0.6229508196721312,False,False,False
55096581107,Sagittis Associates,2698,False,2698,2684,2544,False,False,False,0,False,False,False,2544,2698,154,0.1147540983606557,False,False,False
29074473351,Nunc Nulla Corporation,2699,False,2699,2482,3025,False,False,False,0,False,False,False,2482,3025,543,0.639344262295082,False,False,False
45247456727,Convallis Ligula Corp.,2700,False,2700,2983,2366,False,False,False,0,False,False,False,2366,2983,617,0.0655737704918032,False,False,False
99115883676,Non Enim Corp.,2701,False,2701,2629,2882,False,False,False,0,False,False,False,2629,2882,253,0.639344262295082,False,False,False
93238141799,Integer Sem Corp.,2702,False,2702,2952,2452,False,False,False,0,False,False,False,2452,2952,500,0.0327868852459016,True,False,False
96334476428,Sed Est Ltd,2703,False,2703,2608,2969,False,False,False,0,False,False,False,2608,2969,361,0.4754098360655737,False,False,False
87915290368,Purus Mauris LLC,2704,False,2704,2442,2943,False,False,False,0,False,False,False,2442,2943,501,0.2459016393442623,False,False,False
84448198573,Est Tempor Bibendum Industries,2705,False,2705,2838,2483,False,False,False,0,False,False,False,2483,2838,355,0.0491803278688525,True,False,False
71640437036,Proin Ultrices Associates,2706,False,2706,2392,2897,False,False,False,0,False,False,False,2392,2897,505,0.0655737704918032,False,False,False
76899079409,Nec Diam PC,2707,False,2707,2638,2837,False,False,False,0,False,False,False,2638,2837,199,0.2622950819672131,False,False,False
41549774177,Vitae Nibh Industries,2708,False,2708,2661,2953,False,False,False,0,False,False,False,2661,2953,292,0.3770491803278688,False,False,False
49802393568,Non Enim Limited,2709,False,2709,2797,2839,False,False,False,0,False,False,False,2709,2839,130,0.2459016393442623,False,False,False
86938703369,Ante Vivamus Corporation,2710,False,2710,2349,3052,False,False,False,0,False,False,False,2349,3052,703,0.180327868852459,False,False,False
22503967537,Iaculis Quis LLC,2711,False,2711,3103,2242,False,False,False,0,False,False,False,2242,3103,861,0.0327868852459016,True,True,False
90967287254,Libero Integer PC,2712,False,2712,2778,2512,False,False,False,0,False,False,False,2512,2778,266,0.2459016393442623,False,False,False
58866359477,Eget Mollis Lectus Inc.,2713,False,2713,2687,2991,False,False,False,0,False,False,False,2687,2991,304,0.639344262295082,False,False,False
18112900644,Lacus Etiam Institute,2714,False,2714,2852,2449,False,False,False,0,False,False,False,2449,2852,403,0.2459016393442623,False,False,False
26788127465,Donec Tincidunt LLP,2715,False,2715,3115,2258,False,False,False,0,False,False,False,2258,3115,857,0.0327868852459016,True,False,False
28855451293,Purus Nullam Scelerisque Corporation,2716,False,2716,2941,2697,False,False,False,0,False,False,False,2697,2941,244,0.5737704918032787,False,False,False
93351929638,Est Mauris PC,2717,False,2717,2575,2688,False,False,False,0,False,False,False,2575,2717,142,0.1475409836065574,False,False,False
41197194464,Lacus Ut Associates,2718,False,2718,2546,2797,False,False,False,0,False,False,False,2546,2797,251,0.2459016393442623,False,False,False
25027599663,Pharetra Nam Ac Limited,2719,False,2719,2628,2976,False,False,False,0,False,False,False,2628,2976,348,0.4098360655737705,False,False,False
39247174689,Vulputate Ullamcorper Magna LLC,2720,False,2720,2975,2422,False,False,False,0,False,False,False,2422,2975,553,0.081967213114754,False,False,False
48890662808,Facilisis Facilisis Magna Foundation,2721,False,2721,2717,2894,False,False,False,0,False,False,False,2717,2894,177,0.2131147540983606,False,False,False
50027089877,Phasellus Fermentum PC,2722,False,2722,2730,2914,False,False,False,0,False,False,False,2722,2914,192,0.2459016393442623,False,False,False
95613237079,At Pretium LLP,2723,False,2723,2842,2635,False,False,False,0,False,False,False,2635,2842,207,0.0327868852459016,True,False,False
34268093162,Mi Felis Adipiscing Corp.,2724,False,2724,2831,2725,False,False,False,0,False,False,False,2724,2831,107,0.3770491803278688,False,False,False
89133730546,Adipiscing Fringilla Porttitor Ltd,2725,False,2725,3162,2236,False,False,False,0,False,False,False,2236,3162,926,0.0327868852459016,True,True,False
59962058395,Pellentesque Tincidunt Associates,2726,False,2726,2613,2884,False,False,False,0,False,False,False,2613,2884,271,0.5573770491803278,False,False,False
23455487331,Egestas PC,2727,False,2727,2846,2534,False,False,False,0,False,False,False,2534,2846,312,0.4426229508196722,False,False,False
52524795452,Cras Convallis Associates,2728,False,2728,3013,2351,False,False,False,0,False,False,False,2351,3013,662,0.0491803278688525,True,True,False
32165886699,Quisque Inc.,2729,False,2729,2724,2447,False,False,False,0,False,False,False,2447,2729,282,0.0327868852459016,True,False,False
65401793264,A Mi Fringilla PC,2730,False,2730,2723,2536,False,False,False,0,False,False,False,2536,2730,194,0.1311475409836066,False,False,False
38180882926,Mauris Quis Corp.,2731,False,2731,3087,2348,False,False,False,0,False,False,False,2348,3087,739,0.0327868852459016,True,False,False
51253553943,Aliquam Erat LLP,2732,False,2732,2928,2478,False,False,False,0,False,False,False,2478,2928,450,0.0327868852459016,True,False,False
81471697088,Torquent Per Incorporated,2733,False,2733,2745,2519,False,False,False,0,False,False,False,2519,2745,226,0.1147540983606557,False,False,False
83159206648,At Lacus LLC,2734,False,2734,3037,2454,False,False,False,0,False,False,False,2454,3037,583,0.2459016393442623,False,False,False
30299051123,Proin Eget Odio Institute,2735,False,2735,2596,2849,False,False,False,0,False,False,False,2596,2849,253,0.4590163934426229,False,False,False
85626017907,Commodo At Libero PC,2736,False,2736,2562,2517,False,False,False,0,False,False,False,2517,2736,219,0.2622950819672131,False,False,False
49715970676,Lobortis Quis Foundation,2737,False,2737,2294,3069,False,False,False,0,False,False,False,2294,3069,775,0.0983606557377049,False,False,False
36300724008,Ligula Aenean Associates,2738,False,2738,2497,2705,False,False,False,0,False,False,False,2497,2738,241,0.0983606557377049,False,False,False
91633658840,Aenean Sed LLP,2739,False,2739,2862,2522,False,False,False,0,False,False,False,2522,2862,340,0.2786885245901639,False,False,False
69576401798,Arcu Curabitur Institute,2740,False,2740,2577,3053,False,False,False,0,False,False,False,2577,3053,476,0.0655737704918032,False,False,False
39198539067,Suspendisse Aliquet Associates,2741,False,2741,2668,2684,False,False,False,0,False,False,False,2668,2741,73,0.0983606557377049,False,False,False
51493378591,Fusce Aliquet Magna LLC,2742,False,2742,2876,2541,False,False,False,0,False,False,False,2541,2876,335,0.4426229508196722,False,False,False
33969442512,Sit Amet Corp.,2743,False,2743,2947,2521,False,False,False,0,False,False,False,2521,2947,426,0.0491803278688525,True,False,False
70734215049,Nonummy Fusce Corp.,2744,False,2744,2934,2526,False,False,False,0,False,False,False,2526,2934,408,0.2131147540983606,False,False,False
95402237897,Turpis Company,2745,False,2745,2815,2917,False,False,False,0,False,False,False,2745,2917,172,0.4098360655737705,False,False,False
24526454463,Penatibus Limited,2746,False,2746,3069,2299,False,False,False,0,False,False,False,2299,3069,770,0.0327868852459016,True,True,False
72932341819,Malesuada Fringilla Est Inc.,2747,False,2747,3022,2426,False,False,False,0,False,False,False,2426,3022,596,0.0327868852459016,True,False,False
62499158977,Convallis Est Ltd,2748,False,2748,2981,2499,False,False,False,0,False,False,False,2499,2981,482,0.0327868852459016,True,False,False
56030772622,Sem Vitae Corp.,2749,False,2749,2750,2967,False,False,False,0,False,False,False,2749,2967,218,0.360655737704918,False,False,False
55997183965,Quam Elementum At LLP,2750,False,2750,2950,2479,False,False,False,0,False,False,False,2479,2950,471,0.0327868852459016,True,False,False
46471185478,Nunc Quis Limited,2751,False,2751,2690,2487,False,False,False,0,False,False,False,2487,2751,264,0.0327868852459016,True,False,False
17469082744,Condimentum LLP,2752,False,2752,2747,2930,False,False,False,0,False,False,False,2747,2930,183,0.6721311475409837,False,False,False
83147343261,Porttitor Scelerisque Neque Ltd,2753,False,2753,2805,3010,False,False,False,0,False,False,False,2753,3010,257,0.3770491803278688,False,False,False
55433932875,Nullam Vitae Diam PC,2754,False,2754,2728,2998,False,False,False,0,False,False,False,2728,2998,270,0.2622950819672131,False,False,False
46961494605,Gravida Associates,2755,False,2755,2650,3087,False,False,False,0,False,False,False,2650,3087,437,0.4590163934426229,False,False,False
99785979138,Elit Curabitur LLP,2756,False,2756,3116,2321,False,False,False,0,False,False,False,2321,3116,795,0.0327868852459016,True,True,False
59853422669,Tempus PC,2757,False,2757,2532,2901,False,False,False,0,False,False,False,2532,2901,369,0.3114754098360656,False,False,False
38612000811,Magna Inc.,2758,False,2758,2936,2637,False,False,False,0,False,False,False,2637,2936,299,0.2131147540983606,False,False,False
71118957552,Suscipit Nonummy Consulting,2759,False,2759,2790,2427,False,False,False,0,False,False,False,2427,2790,363,0.0327868852459016,True,False,False
73242832551,Gravida Mauris Ut Corporation,2760,False,2760,2556,3015,False,False,False,0,False,False,False,2556,3015,459,0.6229508196721312,False,False,False
93167982218,Arcu Et Pede PC,2761,False,2761,2666,3045,False,False,False,0,False,False,False,2666,3045,379,0.0983606557377049,False,False,False
69073210783,Phasellus Associates,2762,False,2762,2502,2980,False,False,False,0,False,False,False,2502,2980,478,0.2131147540983606,False,False,False
93903889529,Vulputate Foundation,2763,False,2763,2763,2552,False,False,False,0,False,False,False,2552,2763,211,0.3114754098360656,False,False,False
16199101110,Et Magnis Dis Corporation,2764,False,2764,2868,2565,False,False,False,0,False,False,False,2565,2868,303,0.2459016393442623,False,False,False
29782968433,Lectus Justo Eu Incorporated,2765,False,2765,2597,2809,False,False,False,0,False,False,False,2597,2809,212,0.2459016393442623,False,False,False
56680601741,Lectus Ante Corp.,2766,False,2766,2769,3007,False,False,False,0,False,False,False,2766,3007,241,0.5737704918032787,False,False,False
34322206505,Ac Mattis Semper Corporation,2767,False,2767,3137,2399,False,False,False,0,False,False,False,2399,3137,738,0.0327868852459016,True,False,False
59417171491,Ac Mi Eleifend Limited,2768,False,2768,2511,3065,False,False,False,0,False,False,False,2511,3065,554,0.1147540983606557,False,False,False
22900076341,In Consequat LLC,2769,False,2769,2910,2699,False,False,False,0,False,False,False,2699,2910,211,0.3114754098360656,False,False,False
68028409124,Tellus Nunc Lectus Associates,2770,False,2770,2509,3076,False,False,False,0,False,False,False,2509,3076,567,0.639344262295082,False,False,False
53635885278,Curabitur Massa LLC,2771,False,2771,2765,2609,False,False,False,0,False,False,False,2609,2771,162,0.3770491803278688,False,False,False
93658191062,Ridiculus Mus Industries,2772,False,2772,3109,2474,False,False,False,0,False,False,False,2474,3109,635,0.2459016393442623,False,False,False
34365441985,Erat Associates,2773,False,2773,2909,2546,False,False,False,0,False,False,False,2546,2909,363,0.2131147540983606,False,False,False
82063890289,Phasellus In Felis Associates,2774,False,2774,2869,2599,False,False,False,0,False,False,False,2599,2869,270,0.0327868852459016,True,False,False
11633090957,Cum Sociis Incorporated,2775,False,2775,2685,2851,False,False,False,0,False,False,False,2685,2851,166,0.5737704918032787,False,False,False
46456684596,Mi Aliquam LLC,2776,False,2776,2823,3014,False,False,False,0,False,False,False,2776,3014,238,0.360655737704918,False,False,False
86369183535,Neque Non Industries,2777,False,2777,3082,2550,False,False,False,0,False,False,False,2550,3082,532,0.2459016393442623,False,False,False
18120123446,Morbi Sit Corporation,2778,False,2778,2675,2832,False,False,False,0,False,False,False,2675,2832,157,0.5245901639344263,False,False,False
84810238439,Auctor Mauris Company,2779,False,2779,2738,2790,False,False,False,0,False,False,False,2738,2790,52,0.2459016393442623,False,False,False
81621391082,Faucibus Id Corp.,2780,False,2780,3033,2456,False,False,False,0,False,False,False,2456,3033,577,0.0327868852459016,True,False,False
33854504524,Felis Purus Limited,2781,False,2781,2810,2655,False,False,False,0,False,False,False,2655,2810,155,0.0327868852459016,True,False,False
70344541271,Dui Nec Ltd,2782,False,2782,2673,2965,False,False,False,0,False,False,False,2673,2965,292,0.0327868852459016,True,False,False
21817899740,In Tincidunt Congue LLP,2783,False,2783,2922,2557,False,False,False,0,False,False,False,2557,2922,365,0.2459016393442623,False,False,False
27470466523,Ornare Facilisis Eget Foundation,2784,False,2784,2807,2758,False,False,False,0,False,False,False,2758,2807,49,0.360655737704918,False,False,False
56806164521,Tempor Augue Ac Foundation,2785,False,2785,2536,2752,False,False,False,0,False,False,False,2536,2785,249,0.2459016393442623,False,False,False
55948741668,Orci Sem Eget Foundation,2786,False,2786,2937,2868,False,False,False,0,False,False,False,2786,2937,151,0.3770491803278688,False,False,False
99776743787,Non Luctus Sit Limited,2787,False,2787,3186,2330,False,False,False,0,False,False,False,2330,3186,856,0.0327868852459016,True,True,False
10746056613,Risus Associates,2788,False,2788,2798,3005,False,False,False,0,False,False,False,2788,3005,217,0.2786885245901639,False,False,False
35388105918,Orci Lobortis Limited,2789,False,2789,2542,3061,False,False,False,0,False,False,False,2542,3061,519,0.2459016393442623,False,False,False
26994239326,Morbi Associates,2790,False,2790,2645,2968,False,False,False,0,False,False,False,2645,2968,323,0.5737704918032787,False,False,False
54273147353,Fames Ac Limited,2791,False,2791,2572,2920,False,False,False,0,False,False,False,2572,2920,348,0.2622950819672131,False,False,False
31969118588,Auctor Foundation,2792,False,2792,2478,3081,False,False,False,0,False,False,False,2478,3081,603,0.6557377049180328,False,False,False
72286618594,Risus In LLP,2793,False,2793,2653,3078,False,False,False,0,False,False,False,2653,3078,425,0.0983606557377049,False,False,False
15457638036,Gravida Praesent LLP,2794,False,2794,3056,2438,False,False,False,0,False,False,False,2438,3056,618,0.0491803278688525,True,True,False
16796167828,Elit Pretium Limited,2795,False,2795,3063,2465,False,False,False,0,False,False,False,2465,3063,598,0.0327868852459016,True,False,False
78893833111,Mollis Non Corporation,2796,False,2796,2499,3071,False,False,False,0,False,False,False,2499,3071,572,0.360655737704918,False,False,False
58380745308,Auctor Quis Tristique Incorporated,2797,False,2797,3051,2570,False,False,False,0,False,False,False,2570,3051,481,0.0327868852459016,True,False,False
12296390138,Montes Nascetur Ridiculus Industries,2798,False,2798,2884,2542,False,False,False,0,False,False,False,2542,2884,342,0.2459016393442623,False,False,False
36502394145,Et Ultrices Posuere Corp.,2799,False,2799,2641,2634,False,False,False,0,False,False,False,2634,2799,165,0.3114754098360656,False,False,False
58408723909,Odio A Corporation,2800,False,2800,2331,3125,False,False,False,0,False,False,False,2331,3125,794,0.0655737704918032,False,False,False
56002073911,Sapien Cras Dolor LLC,2801,False,2801,3118,2556,False,False,False,0,False,False,False,2556,3118,562,0.0655737704918032,False,False,False
26925196872,Vehicula Pellentesque Limited,2802,False,2802,2780,2728,False,False,False,0,False,False,False,2728,2802,74,0.3114754098360656,False,False,False
34262348703,Mattis Semper Dui Foundation,2803,False,2803,3144,2615,False,False,False,0,False,False,False,2615,3144,529,0.2622950819672131,False,False,False
87459862096,Porttitor LLP,2804,False,2804,2636,2915,False,False,False,0,False,False,False,2636,2915,279,0.5737704918032787,False,False,False
14570580767,Lacus Etiam Inc.,2805,False,2805,2828,2543,False,False,False,0,False,False,False,2543,2828,285,0.0327868852459016,True,False,False
54136363643,Mi Lorem Industries,2806,False,2806,2740,2787,False,False,False,0,False,False,False,2740,2806,66,0.3114754098360656,False,False,False
68631449246,Sem Incorporated,2807,False,2807,2525,3063,False,False,False,0,False,False,False,2525,3063,538,0.4918032786885246,False,False,False
87622758183,Imperdiet Dictum Magna Limited,2808,False,2808,2423,3098,False,False,False,0,False,False,False,2423,3098,675,0.3770491803278688,False,False,False
60714620509,Suspendisse Sagittis Incorporated,2809,False,2809,2980,2691,False,False,False,0,False,False,False,2691,2980,289,0.0655737704918032,False,False,False
74509504696,Dolor Quisque Institute,2810,False,2810,2777,2811,False,False,False,0,False,False,False,2777,2811,34,0.3770491803278688,False,False,False
67501420176,Egestas LLC,2811,False,2811,2827,2988,False,False,False,0,False,False,False,2811,2988,177,0.360655737704918,False,False,False
83173175334,Enim Gravida Inc.,2812,False,2812,2451,2867,False,False,False,0,False,False,False,2451,2867,416,0.2459016393442623,False,False,False
76072100561,Auctor Velit Ltd,2813,False,2813,2570,3055,False,False,False,0,False,False,False,2570,3055,485,0.1311475409836066,False,False,False
90938232295,Lorem Sit Ltd,2814,False,2814,2749,2538,False,False,False,0,False,False,False,2538,2814,276,0.0327868852459016,True,False,False
59039508122,Augue Ut Lacus Foundation,2815,False,2815,2340,3141,False,False,False,0,False,False,False,2340,3141,801,0.8032786885245902,False,False,False
87285933135,Proin Vel Associates,2816,False,2816,2895,2625,False,False,False,0,False,False,False,2625,2895,270,0.540983606557377,False,False,False
24102148742,Amet Metus Aliquam Industries,2817,False,2817,3178,2381,False,False,False,0,False,False,False,2381,3178,797,0.0327868852459016,True,True,False
91374143276,Nunc Ullamcorper Associates,2818,False,2818,2887,2838,False,False,False,0,False,False,False,2818,2887,69,0.3770491803278688,False,False,False
52129470223,Imperdiet Corp.,2819,False,2819,2878,2530,False,False,False,0,False,False,False,2530,2878,348,0.0327868852459016,True,False,False
23078969912,Augue Id Ante Consulting,2820,False,2820,2344,3096,False,False,False,0,False,False,False,2344,3096,752,0.3114754098360656,False,False,False
93378757859,Sit Foundation,2821,False,2821,2643,3082,False,False,False,0,False,False,False,2643,3082,439,0.2622950819672131,False,False,False
95135981273,Nulla Ltd,2822,False,2822,3173,2453,False,False,False,0,False,False,False,2453,3173,720,0.2459016393442623,False,True,False
84647062762,Iaculis Corporation,2823,False,2823,2886,2585,False,False,False,0,False,False,False,2585,2886,301,0.2786885245901639,False,False,False
27518736748,Enim LLP,2824,False,2824,3239,2363,False,False,False,0,False,False,False,2363,3239,876,0.0,True,True,False
36595568885,Euismod Est Arcu Inc.,2825,False,2825,3155,2410,False,False,False,0,False,False,False,2410,3155,745,0.0327868852459016,True,False,False
27094414625,Vitae Aliquet Foundation,2826,False,2826,2755,3057,False,False,False,0,False,False,False,2755,3057,302,0.6229508196721312,False,False,False
91251207679,Mattis Incorporated,2827,False,2827,2578,3020,False,False,False,0,False,False,False,2578,3020,442,0.3114754098360656,False,False,False
33885350311,Vel Pede LLC,2828,False,2828,2854,2911,False,False,False,0,False,False,False,2828,2911,83,0.2786885245901639,False,False,False
50467745297,Eleifend Nec Consulting,2829,False,2829,2534,3130,False,False,False,0,False,False,False,2534,3130,596,0.6557377049180328,False,False,False
36861014911,Eu Euismod Industries,2830,False,2830,2883,3031,False,False,False,0,False,False,False,2830,3031,201,0.639344262295082,False,False,False
29491615873,Lacus Varius Et Incorporated,2831,False,2831,2837,2708,False,False,False,0,False,False,False,2708,2837,129,0.1475409836065574,False,False,False
35578320747,Morbi PC,2832,False,2832,2615,3154,False,False,False,0,False,False,False,2615,3154,539,0.3770491803278688,False,False,False
15795298692,Sollicitudin LLC,2833,False,2833,2691,3093,False,False,False,0,False,False,False,2691,3093,402,0.3114754098360656,False,False,False
10739268011,Libero Proin Mi Incorporated,2834,False,2834,2782,2496,False,False,False,0,False,False,False,2496,2834,338,0.0327868852459016,True,True,False
60403857139,Sed Nulla Ante PC,2835,False,2835,2889,2601,False,False,False,0,False,False,False,2601,2889,288,0.2622950819672131,False,False,False
53599011106,Sed Dictum Inc.,2836,False,2836,2924,2690,False,False,False,0,False,False,False,2690,2924,234,0.0327868852459016,True,False,False
57862801023,Nisi A Odio Associates,2837,False,2837,2956,2949,False,False,False,0,False,False,False,2837,2956,119,0.5245901639344263,False,False,False
35393810060,Arcu Eu Odio Limited,2838,False,2838,2879,2578,False,False,False,0,False,False,False,2578,2879,301,0.1639344262295081,False,False,False
55670302206,Nulla Donec Ltd,2839,False,2839,2951,3022,False,False,False,0,False,False,False,2839,3022,183,0.4426229508196722,False,False,False
71757256494,Pharetra Nibh Inc.,2840,False,2840,2743,3056,False,False,False,0,False,False,False,2743,3056,313,0.5245901639344263,False,False,False
27657048362,Elementum Purus Foundation,2841,False,2841,2911,3011,False,False,False,0,False,False,False,2841,3011,170,0.6229508196721312,False,False,False
19468125152,Ut Dolor Corporation,2842,False,2842,2718,3097,False,False,False,0,False,False,False,2718,3097,379,0.0327868852459016,True,False,False
39759375662,Elit Aliquam Auctor PC,2843,False,2843,2732,2714,False,False,False,0,False,False,False,2714,2843,129,0.0983606557377049,False,False,False
78207255639,Vitae Institute,2844,False,2844,3145,2623,False,False,False,0,False,False,False,2623,3145,522,0.0327868852459016,True,False,False
39660241973,Facilisis Foundation,2845,False,2845,2932,2662,False,False,False,0,False,False,False,2662,2932,270,0.3114754098360656,False,False,False
70268417986,Risus Donec Institute,2846,False,2846,2795,3043,False,False,False,0,False,False,False,2795,3043,248,0.3114754098360656,False,False,False
84507210939,Fermentum Convallis Ligula Foundation,2847,False,2847,2779,2956,False,False,False,0,False,False,False,2779,2956,177,0.5573770491803278,False,False,False
71865847877,Ut Nec Urna LLP,2848,False,2848,2394,3174,False,False,False,0,False,False,False,2394,3174,780,0.180327868852459,False,False,False
37481834976,Ut Dolor Dapibus Consulting,2849,False,2849,2751,2566,False,False,False,0,False,False,False,2566,2849,283,0.0655737704918032,False,False,False
39469369640,Mauris Sapien Corporation,2850,False,2850,3117,2540,False,False,False,0,False,False,False,2540,3117,577,0.0655737704918032,False,True,False
14559784311,Convallis Ligula Donec Inc.,2851,False,2851,2898,2978,False,False,False,0,False,False,False,2851,2978,127,0.4918032786885246,False,False,False
35235320738,Gravida Sit Incorporated,2852,False,2852,2714,2627,False,False,False,0,False,False,False,2627,2852,225,0.0327868852459016,True,True,False
17799557745,Sociosqu Company,2853,False,2853,3104,2583,False,False,False,0,False,False,False,2583,3104,521,0.0327868852459016,True,False,False
33754604709,Nullam Suscipit Ltd,2854,False,2854,3256,2443,False,False,False,0,False,False,False,2443,3256,813,0.0327868852459016,True,False,False
48220830699,Nec Diam Duis Corporation,2855,False,2855,2719,3111,False,False,False,0,False,False,False,2719,3111,392,0.2131147540983606,False,False,False
18651012250,Aliquet Sem Ut LLP,2856,False,2856,2814,2713,False,False,False,0,False,False,False,2713,2856,143,0.2459016393442623,False,False,False
44779505142,Mauris Integer Corp.,2857,False,2857,2935,3024,False,False,False,0,False,False,False,2857,3024,167,0.6229508196721312,False,False,False
48952879715,Mauris Sagittis Placerat Consulting,2858,False,2858,3163,2639,False,False,False,0,False,False,False,2639,3163,524,0.360655737704918,False,False,False
32827360566,Et Commodo At Incorporated,2859,False,2859,2752,3104,False,False,False,0,False,False,False,2752,3104,352,0.4426229508196722,False,False,False
58786009971,Tortor Integer Aliquam Incorporated,2860,False,2860,2786,2678,False,False,False,0,False,False,False,2678,2860,182,0.0327868852459016,True,False,False
95475413965,Nisl Quisque Fringilla LLP,2861,False,2861,2672,2757,False,False,False,0,False,False,False,2672,2861,189,0.0327868852459016,True,False,False
66759753333,Aliquet Molestie Corp.,2862,False,2862,2784,3030,False,False,False,0,False,False,False,2784,3030,246,0.3770491803278688,False,False,False
31003199153,Augue Sed Corporation,2863,False,2863,2873,2994,False,False,False,0,False,False,False,2863,2994,131,0.2459016393442623,False,False,False
74353814311,Accumsan Interdum Libero Associates,2864,False,2864,3187,2647,False,False,False,0,False,False,False,2647,3187,540,0.2786885245901639,False,False,False
42623634273,Lobortis Incorporated,2865,False,2865,2689,2945,False,False,False,0,False,False,False,2689,2945,256,0.3770491803278688,False,False,False
75079342466,Turpis Non Associates,2866,False,2866,3126,2672,False,False,False,0,False,False,False,2672,3126,454,0.2131147540983606,False,False,False
78585563847,Hendrerit Industries,2867,False,2867,3045,2569,False,False,False,0,False,False,False,2569,3045,476,0.1967213114754098,False,False,False
67220823151,Habitant Morbi Foundation,2868,False,2868,2978,2633,False,False,False,0,False,False,False,2633,2978,345,0.0655737704918032,False,False,False
15489539819,In Mi PC,2869,False,2869,3168,2511,False,False,False,0,False,False,False,2511,3168,657,0.0327868852459016,True,False,False
96806981644,In Corporation,2870,False,2870,2840,2644,False,False,False,0,False,False,False,2644,2870,226,0.0655737704918032,False,False,False
74684382790,Sem Ut Cursus LLP,2871,False,2871,2811,2802,False,False,False,0,False,False,False,2802,2871,69,0.3114754098360656,False,False,False
78080443264,Nullam Enim Sed Incorporated,2872,False,2872,2987,3017,False,False,False,0,False,False,False,2872,3017,145,0.2459016393442623,False,False,False
42665580539,Vitae Mauris Sit Corporation,2873,False,2873,2369,3204,False,False,False,0,False,False,False,2369,3204,835,0.2459016393442623,False,False,False
96336573256,Sit Industries,2874,False,2874,3273,2477,False,False,False,0,False,False,False,2477,3273,796,0.0327868852459016,True,False,False
63358217962,Nulla Facilisis Suspendisse LLP,2875,False,2875,2792,3086,False,False,False,0,False,False,False,2792,3086,294,0.2786885245901639,False,False,False
74752814665,Aliquam Erat Volutpat Associates,2876,False,2876,3105,2724,False,False,False,0,False,False,False,2724,3105,381,0.0655737704918032,False,False,False
15347709593,Eget Corp.,2877,False,2877,2964,2932,False,False,False,0,False,False,False,2877,2964,87,0.3114754098360656,False,False,False
51026003250,Sed Pharetra Felis LLP,2878,False,2878,2824,2887,False,False,False,0,False,False,False,2824,2887,63,0.1967213114754098,False,False,False
74207689493,Mauris Sagittis Industries,2879,False,2879,2960,2840,False,False,False,0,False,False,False,2840,2960,120,0.2459016393442623,False,False,False
49063322245,Fringilla Donec Associates,2880,False,2880,2584,3170,False,False,False,0,False,False,False,2584,3170,586,0.6229508196721312,False,False,False
66302484683,Accumsan PC,2881,False,2881,2819,2603,False,False,False,0,False,False,False,2603,2881,278,0.0655737704918032,False,False,False
30275989942,Arcu Vivamus Sit Limited,2882,False,2882,2664,3110,False,False,False,0,False,False,False,2664,3110,446,0.3442622950819672,False,False,False
86670100004,Ipsum Suspendisse Non Ltd,2883,False,2883,2914,2941,False,False,False,0,False,False,False,2883,2941,58,0.0327868852459016,True,False,False
64581529554,Tempus Eu Ligula Inc.,2884,False,2884,2991,3041,False,False,False,0,False,False,False,2884,3041,157,0.3114754098360656,False,False,False
43551786225,In Mi Consulting,2885,False,2885,2865,2621,False,False,False,0,False,False,False,2621,2885,264,0.0327868852459016,True,False,False
54400686779,Etiam Imperdiet Ltd,2886,False,2886,2698,2944,False,False,False,0,False,False,False,2698,2944,246,0.0327868852459016,True,False,False
12185659961,Aliquam Ornare Libero LLP,2887,False,2887,2788,2791,False,False,False,0,False,False,False,2788,2887,99,0.2131147540983606,False,False,False
80837517456,Sed Pede Institute,2888,False,2888,2674,2738,False,False,False,0,False,False,False,2674,2888,214,0.0655737704918032,False,False,False
93936767851,Orci Phasellus Corporation,2889,False,2889,3213,2525,False,False,False,0,False,False,False,2525,3213,688,0.0327868852459016,True,False,False
19378069235,Massa Vestibulum Incorporated,2890,False,2890,2927,2768,False,False,False,0,False,False,False,2768,2927,159,0.3770491803278688,False,False,False
32262357239,Nam Porttitor Scelerisque Corporation,2891,False,2891,2399,3213,False,False,False,0,False,False,False,2399,3213,814,0.0655737704918032,False,False,False
64196096120,Turpis Incorporated,2892,False,2892,3247,2669,False,False,False,0,False,False,False,2669,3247,578,0.2131147540983606,False,False,False
52441951858,Erat Eget Tincidunt Consulting,2893,False,2893,2939,2555,False,False,False,0,False,False,False,2555,2939,384,0.0327868852459016,True,False,False
56023220219,Nam Interdum Company,2894,False,2894,3286,2489,False,False,False,0,False,False,False,2489,3286,797,0.0327868852459016,True,False,False
71616292306,Ipsum Porta Incorporated,2895,False,2895,3259,2553,False,False,False,0,False,False,False,2553,3259,706,0.0327868852459016,True,False,False
80556041042,Dolor Sit LLP,2896,False,2896,2793,3108,False,False,False,0,False,False,False,2793,3108,315,0.4590163934426229,False,False,False
79931898050,Nascetur Ridiculus Company,2897,False,2897,2663,3178,False,False,False,0,False,False,False,2663,3178,515,0.6885245901639344,False,False,False
50131473008,Urna PC,2898,False,2898,2466,3169,False,False,False,0,False,False,False,2466,3169,703,0.2459016393442623,False,False,False
44576099269,Pretium Neque LLP,2899,False,2899,2948,2673,False,False,False,0,False,False,False,2673,2948,275,0.0983606557377049,False,False,False
43611981873,Suscipit LLC,2900,False,2900,3023,3032,False,False,False,0,False,False,False,2900,3032,132,0.5737704918032787,False,False,False
64521628277,Augue Sed Limited,2901,False,2901,2753,3001,False,False,False,0,False,False,False,2753,3001,248,0.3770491803278688,False,False,False
80269355438,Massa Non Ante Foundation,2902,False,2902,2656,3129,False,False,False,0,False,False,False,2656,3129,473,0.0983606557377049,False,False,False
30769373086,Massa Vestibulum Ltd,2903,False,2903,3285,2463,False,False,False,0,False,False,False,2463,3285,822,0.0327868852459016,True,True,False
42822345560,Erat Nonummy Ultricies Incorporated,2904,False,2904,2912,3051,False,False,False,0,False,False,False,2904,3051,147,0.4426229508196722,False,False,False
91363040650,Diam Lorem LLC,2905,False,2905,2918,2616,False,False,False,0,False,False,False,2616,2918,302,0.0655737704918032,False,False,False
24147681440,Turpis Nulla Institute,2906,False,2906,2913,2607,False,False,False,0,False,False,False,2607,2913,306,0.0655737704918032,False,False,False
93560646170,Vitae Purus Gravida LLP,2907,False,2907,2729,2906,False,False,False,0,False,False,False,2729,2907,178,0.0655737704918032,False,False,False
44674493330,Commodo Incorporated,2908,False,2908,2881,3012,False,False,False,0,False,False,False,2881,3012,131,0.0327868852459016,True,False,False
50551188214,Mauris Nulla Integer LLC,2909,False,2909,3024,2661,False,False,False,0,False,False,False,2661,3024,363,0.2459016393442623,False,False,False
12183270048,Risus Consulting,2910,False,2910,2923,3116,False,False,False,0,False,False,False,2910,3116,206,0.639344262295082,False,False,False
46358962964,Non Egestas A Ltd,2911,False,2911,2942,2640,False,False,False,0,False,False,False,2640,2942,302,0.0655737704918032,False,False,False
25545080719,Eget Dictum Placerat Incorporated,2912,False,2912,2967,2648,False,False,False,0,False,False,False,2648,2967,319,0.2131147540983606,False,False,False
67610254313,A Felis Ullamcorper LLP,2913,False,2913,3119,2642,False,False,False,0,False,False,False,2642,3119,477,0.2786885245901639,False,False,False
12578813079,Eros Corporation,2914,False,2914,2899,2694,False,False,False,0,False,False,False,2694,2914,220,0.2622950819672131,False,False,False
72826002518,Sociis Natoque PC,2915,False,2915,2905,2659,False,False,False,0,False,False,False,2659,2915,256,0.1311475409836066,False,False,False
19848020292,Sed Nulla Ante Consulting,2916,False,2916,2818,2733,False,False,False,0,False,False,False,2733,2916,183,0.081967213114754,False,False,False
21474173492,Donec Corp.,2917,False,2917,3091,2784,False,False,False,0,False,False,False,2784,3091,307,0.2459016393442623,False,False,False
97862445979,Pretium Neque Corporation,2918,False,2918,2568,3142,False,False,False,0,False,False,False,2568,3142,574,0.2131147540983606,False,False,False
52606993642,Congue Elit Sed Ltd,2919,False,2919,2920,3126,False,False,False,0,False,False,False,2919,3126,207,0.5245901639344263,False,False,False
46668174318,Risus Nunc PC,2920,False,2920,2907,2563,False,False,False,0,False,False,False,2563,2920,357,0.0327868852459016,True,False,False
22961647681,Vestibulum Ante Corporation,2921,False,2921,2803,3132,False,False,False,0,False,False,False,2803,3132,329,0.2459016393442623,False,False,False
10854978569,Dui Cras Pellentesque Limited,2922,False,2922,2894,2654,False,False,False,0,False,False,False,2654,2922,268,0.1147540983606557,False,False,False
45783462228,Pretium Neque Morbi Company,2923,False,2923,3057,2620,False,False,False,0,False,False,False,2620,3057,437,0.0327868852459016,True,False,False
53442247174,Sem Limited,2924,False,2924,2678,3157,False,False,False,0,False,False,False,2678,3157,479,0.5737704918032787,False,False,False
26482181417,A Purus Duis Consulting,2925,False,2925,3146,2711,False,False,False,0,False,False,False,2711,3146,435,0.0327868852459016,True,False,False
17228439250,Erat Foundation,2926,False,2926,2892,2567,False,False,False,0,False,False,False,2567,2926,359,0.0327868852459016,True,True,False
53367901558,Fringilla Mi Corporation,2927,False,2927,2841,2668,False,False,False,0,False,False,False,2668,2927,259,0.0655737704918032,False,False,False
92516609757,Consectetuer Ltd,2928,False,2928,2995,2764,False,False,False,0,False,False,False,2764,2995,231,0.4918032786885246,False,False,False
81578465750,Nec Cursus PC,2929,False,2929,2866,3054,False,False,False,0,False,False,False,2866,3054,188,0.3770491803278688,False,False,False
37534260149,Nulla Limited,2930,False,2930,3332,2468,False,False,False,0,False,False,False,2468,3332,864,0.0327868852459016,True,True,False
89590900097,Velit Eget Industries,2931,False,2931,2834,3102,False,False,False,0,False,False,False,2834,3102,268,0.2622950819672131,False,False,False
54860127682,Laoreet Posuere Enim Limited,2932,False,2932,2364,3159,False,False,False,0,False,False,False,2364,3159,795,0.4426229508196722,False,False,False
33846458525,Quisque Industries,2933,False,2933,2733,3152,False,False,False,0,False,False,False,2733,3152,419,0.3770491803278688,False,False,False
93693693468,Ipsum Dolor Corporation,2934,False,2934,2571,3085,False,False,False,0,False,False,False,2571,3085,514,0.0655737704918032,False,False,False
58869593769,Magna Duis Dignissim Corp.,2935,False,2935,2806,2658,False,False,False,0,False,False,False,2658,2935,277,0.180327868852459,False,False,False
41331227038,Consectetuer Adipiscing Institute,2936,False,2936,2736,3189,False,False,False,0,False,False,False,2736,3189,453,0.0327868852459016,True,False,False
53769121598,Nullam Corp.,2937,False,2937,3227,2641,False,False,False,0,False,False,False,2641,3227,586,0.2459016393442623,False,False,False
74061266589,Dolor Donec Corporation,2938,False,2938,2776,3163,False,False,False,0,False,False,False,2776,3163,387,0.2786885245901639,False,False,False
60123474601,Non Massa Non Institute,2939,False,2939,2550,3150,False,False,False,0,False,False,False,2550,3150,600,0.0655737704918032,False,False,False
74526386577,Imperdiet Nec Limited,2940,False,2940,2871,2830,False,False,False,0,False,False,False,2830,2940,110,0.180327868852459,False,False,False
94009500943,Dapibus Corp.,2941,False,2941,2874,2573,False,False,False,0,False,False,False,2573,2941,368,0.0327868852459016,True,True,False
90360585833,Mauris Rhoncus PC,2942,False,2942,3102,2780,False,False,False,0,False,False,False,2780,3102,322,0.0327868852459016,True,False,False
49647278647,Suspendisse Sagittis Institute,2943,False,2943,2826,3120,False,False,False,0,False,False,False,2826,3120,294,0.0327868852459016,True,False,False
35480690241,Felis Purus PC,2944,False,2944,2861,3147,False,False,False,0,False,False,False,2861,3147,286,0.2459016393442623,False,False,False
91338194166,Nec Urna Foundation,2945,False,2945,2902,3060,False,False,False,0,False,False,False,2902,3060,158,0.4262295081967213,False,False,False
77074922873,Egestas Ltd,2946,False,2946,2812,3177,False,False,False,0,False,False,False,2812,3177,365,0.2131147540983606,False,False,False
63442187477,Vestibulum Lorem Corp.,2947,False,2947,2579,3158,False,False,False,0,False,False,False,2579,3158,579,0.0655737704918032,False,False,False
99022662131,Auctor Vitae Aliquet Associates,2948,False,2948,2334,3230,False,False,False,0,False,False,False,2334,3230,896,0.7868852459016393,False,False,False
65731681830,Duis Gravida PC,2949,False,2949,2875,3117,False,False,False,0,False,False,False,2875,3117,242,0.5737704918032787,False,False,False
23055736061,Pede Inc.,2950,False,2950,3053,3103,False,False,False,0,False,False,False,2950,3103,153,0.639344262295082,False,False,False
30439702384,At Lacus Quisque Corporation,2951,False,2951,2984,2979,False,False,False,0,False,False,False,2951,2984,33,0.2459016393442623,False,False,False
86791380020,Integer Urna Institute,2952,False,2952,3215,2504,False,False,False,0,False,False,False,2504,3215,711,0.0327868852459016,True,True,False
74247444320,Enim Corporation,2953,False,2953,3242,2581,False,False,False,0,False,False,False,2581,3242,661,0.0327868852459016,True,False,False
54751110960,Nec Malesuada LLP,2954,False,2954,2933,3124,False,False,False,0,False,False,False,2933,3124,191,0.3770491803278688,False,False,False
39220770748,Orci In Consequat Associates,2955,False,2955,2855,3167,False,False,False,0,False,False,False,2855,3167,312,0.4754098360655737,False,False,False
97465686404,Ipsum Non Arcu Consulting,2956,False,2956,3287,2632,False,False,False,0,False,False,False,2632,3287,655,0.0327868852459016,True,False,False
80779713037,Felis Consulting,2957,False,2957,2457,3248,False,False,False,0,False,False,False,2457,3248,791,0.2459016393442623,False,False,False
21156812402,Enim Mi Limited,2958,False,2958,2843,2807,False,False,False,0,False,False,False,2807,2958,151,0.0655737704918032,False,False,False
72677672233,At Nisi Cum LLP,2959,False,2959,3210,2747,False,False,False,0,False,False,False,2747,3210,463,0.0327868852459016,True,False,False
15093767253,Arcu Curabitur Limited,2960,False,2960,3070,2903,False,False,False,0,False,False,False,2903,3070,167,0.4918032786885246,False,False,False
93024392300,Eget Ipsum Foundation,2961,False,2961,3025,3039,False,False,False,0,False,False,False,2961,3039,78,0.3770491803278688,False,False,False
35787272183,Blandit LLC,2962,False,2962,2916,2986,False,False,False,0,False,False,False,2916,2986,70,0.0327868852459016,True,False,False
18180785640,Varius Et Associates,2963,False,2963,2943,2710,False,False,False,0,False,False,False,2710,2963,253,0.2459016393442623,False,False,False
70214456178,Nullam Enim Sed Industries,2964,False,2964,2857,2763,False,False,False,0,False,False,False,2763,2964,201,0.0327868852459016,True,False,False
97296257023,Vel Turpis Limited,2965,False,2965,2774,2863,False,False,False,0,False,False,False,2774,2965,191,0.0327868852459016,True,False,False
85350608395,Cursus Et Magna PC,2966,False,2966,2746,3000,False,False,False,0,False,False,False,2746,3000,254,0.2459016393442623,False,False,False
98082781436,Augue Scelerisque Mollis LLP,2967,False,2967,3260,2589,False,False,False,0,False,False,False,2589,3260,671,0.0327868852459016,True,True,False
89249209432,Sem Pellentesque Ut Corp.,2968,False,2968,3277,2576,False,False,False,0,False,False,False,2576,3277,701,0.0327868852459016,True,False,False
75726900852,Erat Semper Rutrum Corporation,2969,False,2969,3084,2707,False,False,False,0,False,False,False,2707,3084,377,0.2622950819672131,False,False,False
33026294208,Convallis Est Industries,2970,False,2970,2882,3064,False,False,False,0,False,False,False,2882,3064,182,0.2786885245901639,False,False,False
59190126409,Malesuada PC,2971,False,2971,2676,3225,False,False,False,0,False,False,False,2676,3225,549,0.3114754098360656,False,False,False
63491526748,Neque Non Company,2972,False,2972,3214,2805,False,False,False,0,False,False,False,2805,3214,409,0.0327868852459016,True,False,False
51525959170,Augue Eu Inc.,2973,False,2973,2971,3058,False,False,False,0,False,False,False,2971,3058,87,0.0327868852459016,True,False,False
69911676985,Vestibulum Ut Incorporated,2974,False,2974,2677,3115,False,False,False,0,False,False,False,2677,3115,438,0.2622950819672131,False,False,False
76235641670,Neque Venenatis Incorporated,2975,False,2975,3171,2834,False,False,False,0,False,False,False,2834,3171,337,0.0655737704918032,False,False,False
29687247370,Eget Metus PC,2976,False,2976,2990,2631,False,False,False,0,False,False,False,2631,2990,359,0.0327868852459016,True,False,False
91134280199,Metus In Industries,2977,False,2977,3067,3079,False,False,False,0,False,False,False,2977,3079,102,0.4918032786885246,False,False,False
75453677512,In Magna Foundation,2978,False,2978,3133,2685,False,False,False,0,False,False,False,2685,3133,448,0.2131147540983606,False,False,False
93230533382,Sed Dictum Eleifend Ltd,2979,False,2979,3030,3034,False,False,False,0,False,False,False,2979,3034,55,0.3114754098360656,False,False,False
21548346742,Eu Consulting,2980,False,2980,2962,2859,False,False,False,0,False,False,False,2859,2980,121,0.2131147540983606,False,False,False
12353567572,Quam Curabitur Company,2981,False,2981,3334,2718,False,False,False,0,False,False,False,2718,3334,616,0.0327868852459016,True,False,False
43838212570,Ullamcorper Magna Sed Incorporated,2982,False,2982,2754,3221,False,False,False,0,False,False,False,2754,3221,467,0.5737704918032787,False,False,False
18146314043,Vel Consulting,2983,False,2983,2686,3238,False,False,False,0,False,False,False,2686,3238,552,0.3770491803278688,False,False,False
20233857661,Sed Eget Industries,2984,False,2984,3049,2788,False,False,False,0,False,False,False,2788,3049,261,0.0327868852459016,True,True,False
85414931149,Lorem Limited,2985,False,2985,3041,2854,False,False,False,0,False,False,False,2854,3041,187,0.3114754098360656,False,False,False
52969453577,Molestie Incorporated,2986,False,2986,3272,2652,False,False,False,0,False,False,False,2652,3272,620,0.0327868852459016,True,False,False
15971734188,Magna Nec Quam LLP,2987,False,2987,2716,3119,False,False,False,0,False,False,False,2716,3119,403,0.3770491803278688,False,False,False
61562383191,Quis Urna Consulting,2988,False,2988,2781,3202,False,False,False,0,False,False,False,2781,3202,421,0.2459016393442623,False,False,False
24952685426,Vulputate Posuere Industries,2989,False,2989,2955,3072,False,False,False,0,False,False,False,2955,3072,117,0.2459016393442623,False,False,False
82949994030,Mus Proin Inc.,2990,False,2990,3038,2746,False,False,False,0,False,False,False,2746,3038,292,0.0655737704918032,False,False,False
52618285087,Fusce Diam Incorporated,2991,False,2991,2872,3182,False,False,False,0,False,False,False,2872,3182,310,0.0491803278688525,True,False,False
25125950126,Etiam Bibendum Limited,2992,False,2992,2706,3260,False,False,False,0,False,False,False,2706,3260,554,0.639344262295082,False,False,False
44010826572,Eros Non LLP,2993,False,2993,3265,2722,False,False,False,0,False,False,False,2722,3265,543,0.0655737704918032,False,False,False
59358011432,Lacinia Orci Associates,2994,False,2994,3101,2864,False,False,False,0,False,False,False,2864,3101,237,0.4426229508196722,False,False,False
22575615382,Enim Non LLP,2995,False,2995,2945,3153,False,False,False,0,False,False,False,2945,3153,208,0.2786885245901639,False,False,False
45162888565,Risus Morbi LLC,2996,False,2996,3078,2702,False,False,False,0,False,False,False,2702,3078,376,0.0983606557377049,False,False,False
23398653749,Vivamus Molestie Associates,2997,False,2997,2770,3165,False,False,False,0,False,False,False,2770,3165,395,0.0983606557377049,False,False,False
10651113986,Sed Et Libero PC,2998,False,2998,2976,2731,False,False,False,0,False,False,False,2731,2998,267,0.0327868852459016,True,False,False
80116239104,Ut Semper Limited,2999,False,2999,2567,3270,False,False,False,0,False,False,False,2567,3270,703,0.180327868852459,False,False,False
93543412337,In Molestie Industries,3000,False,3000,3220,2712,False,False,False,0,False,False,False,2712,3220,508,0.0327868852459016,True,False,False
38447958250,Lobortis Quam Incorporated,3001,False,3001,3343,2605,False,False,False,0,False,False,False,2605,3343,738,0.0327868852459016,True,True,False
96545108198,Eget PC,3002,False,3002,3122,2653,False,False,False,0,False,False,False,2653,3122,469,0.0327868852459016,True,False,False
69655310165,Elit Pharetra Corporation,3003,False,3003,2820,3229,False,False,False,0,False,False,False,2820,3229,409,0.180327868852459,False,False,False
48807515867,Magna A Foundation,3004,False,3004,2974,2853,False,False,False,0,False,False,False,2853,3004,151,0.0655737704918032,False,False,False
67392173147,Mus Proin Consulting,3005,False,3005,2906,3123,False,False,False,0,False,False,False,2906,3123,217,0.4426229508196722,False,False,False
53074973777,Mus Donec Corporation,3006,False,3006,2764,3122,False,False,False,0,False,False,False,2764,3122,358,0.3278688524590164,False,False,False
48883076820,Enim Consequat Corporation,3007,False,3007,3264,2626,False,False,False,0,False,False,False,2626,3264,638,0.0327868852459016,True,False,False
98203593138,Suscipit Nonummy Limited,3008,False,3008,2731,3149,False,False,False,0,False,False,False,2731,3149,418,0.0655737704918032,False,False,False
45504841435,Donec Vitae Company,3009,False,3009,3314,2681,False,False,False,0,False,False,False,2681,3314,633,0.0327868852459016,True,False,False
12031655138,Tincidunt Aliquam Arcu Corp.,3010,False,3010,3072,3118,False,False,False,0,False,False,False,3010,3118,108,0.2622950819672131,False,False,False
26500650326,Ac Feugiat Non Consulting,3011,False,3011,2877,2857,False,False,False,0,False,False,False,2857,3011,154,0.0655737704918032,False,False,False
38363946876,Gravida LLC,3012,False,3012,2998,2990,False,False,False,0,False,False,False,2990,3012,22,0.5901639344262295,False,False,False
65741331791,Tellus Faucibus Inc.,3013,False,3013,3359,2677,False,False,False,0,False,False,False,2677,3359,682,0.0327868852459016,True,False,False
15157368385,Tempus Non Lacinia Inc.,3014,False,3014,2993,2779,False,False,False,0,False,False,False,2779,3014,235,0.0327868852459016,True,False,False
48549026640,Vulputate Risus A Corporation,3015,False,3015,2944,2682,False,False,False,0,False,False,False,2682,3015,333,0.0655737704918032,False,True,False
82736268897,Ligula Eu Inc.,3016,False,3016,3021,2670,False,False,False,0,False,False,False,2670,3021,351,0.0327868852459016,True,True,False
47047735645,Aenean Gravida Institute,3017,False,3017,3248,2893,False,False,False,0,False,False,False,2893,3248,355,0.0,True,True,False
62029309613,Cras Sed Leo Foundation,3018,False,3018,2739,3191,False,False,False,0,False,False,False,2739,3191,452,0.4426229508196722,False,False,False
62346852889,Phasellus Vitae Corporation,3019,False,3019,3421,2592,False,False,False,0,False,False,False,2592,3421,829,0.0327868852459016,True,True,False
29068447069,Phasellus LLP,3020,False,3020,3185,2922,False,False,False,0,False,False,False,2922,3185,263,0.0327868852459016,True,True,False
28175132063,Nec Urna Industries,3021,False,3021,3228,2908,False,False,False,0,False,False,False,2908,3228,320,0.0983606557377049,False,False,False
56347643455,Sem Magna Nec Associates,3022,False,3022,2540,3272,False,False,False,0,False,False,False,2540,3272,732,0.0655737704918032,False,False,False
35755909141,Tristique Neque Venenatis Associates,3023,False,3023,2985,3192,False,False,False,0,False,False,False,2985,3192,207,0.5245901639344263,False,False,False
83802687736,Molestie PC,3024,False,3024,2977,2924,False,False,False,0,False,False,False,2924,3024,100,0.3770491803278688,False,False,False
66770522370,Dictum Ultricies Institute,3025,False,3025,3055,3146,False,False,False,0,False,False,False,3025,3146,121,0.180327868852459,False,False,False
81692875319,Nullam Scelerisque Neque Foundation,3026,False,3026,2982,2739,False,False,False,0,False,False,False,2739,3026,287,0.0327868852459016,True,False,False
79008028287,Feugiat Nec Diam LLC,3027,False,3027,3075,3047,False,False,False,0,False,False,False,3027,3075,48,0.4098360655737705,False,False,False
79572520294,Viverra LLC,3028,False,3028,3190,2719,False,False,False,0,False,False,False,2719,3190,471,0.0327868852459016,True,False,False
34861537920,Hendrerit A Ltd,3029,False,3029,3301,2798,False,False,False,0,False,False,False,2798,3301,503,0.0327868852459016,True,False,False
51561881468,Tristique Pellentesque Tellus LLP,3030,False,3030,3160,2836,False,False,False,0,False,False,False,2836,3160,324,0.2459016393442623,False,False,False
61867784114,Pharetra Felis Limited,3031,False,3031,2725,3244,False,False,False,0,False,False,False,2725,3244,519,0.180327868852459,False,False,False
92908611937,Euismod Et Commodo Industries,3032,False,3032,2921,3215,False,False,False,0,False,False,False,2921,3215,294,0.3770491803278688,False,False,False
89023030428,Ac Eleifend Inc.,3033,False,3033,2931,3155,False,False,False,0,False,False,False,2931,3155,224,0.0327868852459016,True,False,False
68977708301,Amet Nulla Incorporated,3034,False,3034,3165,2765,False,False,False,0,False,False,False,2765,3165,400,0.2459016393442623,False,False,False
87711607508,Augue Malesuada Institute,3035,False,3035,2809,3218,False,False,False,0,False,False,False,2809,3218,409,0.3770491803278688,False,False,False
43308864284,Eleifend Incorporated,3036,False,3036,3071,3070,False,False,False,0,False,False,False,3036,3071,35,0.0327868852459016,True,False,False
64094501963,Dictum Mi Corporation,3037,False,3037,3003,2683,False,False,False,0,False,False,False,2683,3037,354,0.0327868852459016,True,True,False
51430012025,Aliquet Nec Inc.,3038,False,3038,2783,3190,False,False,False,0,False,False,False,2783,3190,407,0.4262295081967213,False,False,False
16423528990,Litora Torquent Corporation,3039,False,3039,2741,3277,False,False,False,0,False,False,False,2741,3277,536,0.3114754098360656,False,False,False
16019856141,Dignissim Magna Incorporated,3040,False,3040,3077,2709,False,False,False,0,False,False,False,2709,3077,368,0.0327868852459016,True,False,False
50100476535,Praesent Corp.,3041,False,3041,3127,3200,False,False,False,0,False,False,False,3041,3200,159,0.4426229508196722,False,False,False
61569154734,Blandit At Nisi PC,3042,False,3042,3404,2643,False,False,False,0,False,False,False,2643,3404,761,0.0327868852459016,True,False,False
56463450814,Lacus Varius LLC,3043,False,3043,2938,3273,False,False,False,0,False,False,False,2938,3273,335,0.3770491803278688,False,False,False
33223110337,Cras Lorem Lorem LLP,3044,False,3044,3370,2740,False,False,False,0,False,False,False,2740,3370,630,0.0327868852459016,True,False,False
93072925663,Consequat Dolor Corp.,3045,False,3045,3198,2769,False,False,False,0,False,False,False,2769,3198,429,0.0655737704918032,False,False,False
76844649719,Donec Est Nunc Corp.,3046,False,3046,2867,3262,False,False,False,0,False,False,False,2867,3262,395,0.0327868852459016,True,False,False
78403451584,Duis A Institute,3047,False,3047,2766,3173,False,False,False,0,False,False,False,2766,3173,407,0.2459016393442623,False,False,False
22184299297,Mus Inc.,3048,False,3048,3074,2810,False,False,False,0,False,False,False,2810,3074,264,0.2786885245901639,False,False,False
17965654828,Vitae Posuere Ltd,3049,False,3049,3000,3224,False,False,False,0,False,False,False,3000,3224,224,0.2622950819672131,False,False,False
62688594508,Lobortis Nisi Associates,3050,False,3050,3321,2899,False,False,False,0,False,False,False,2899,3321,422,0.0327868852459016,True,True,False
55092047467,Lectus Justo Incorporated,3051,False,3051,2957,3179,False,False,False,0,False,False,False,2957,3179,222,0.2459016393442623,False,False,False
75022145904,In Ornare Corporation,3052,False,3052,2849,3255,False,False,False,0,False,False,False,2849,3255,406,0.6065573770491803,False,False,False
25607153542,Diam Sed Inc.,3053,False,3053,3157,3171,False,False,False,0,False,False,False,3053,3171,118,0.5573770491803278,False,False,False
52746698475,Semper Et Lacinia PC,3054,False,3054,3143,2761,False,False,False,0,False,False,False,2761,3143,382,0.0327868852459016,True,False,False
63036541291,Donec Dignissim Associates,3055,False,3055,3131,3137,False,False,False,0,False,False,False,3055,3137,82,0.3770491803278688,False,False,False
13611382586,Quisque Tincidunt Pede Limited,3056,False,3056,3061,2774,False,False,False,0,False,False,False,2774,3061,287,0.0327868852459016,True,False,False
66069111675,Elementum At Ltd,3057,False,3057,2630,3313,False,False,False,0,False,False,False,2630,3313,683,0.0983606557377049,False,False,False
26492290179,Amet Orci Ut Associates,3058,False,3058,2683,3214,False,False,False,0,False,False,False,2683,3214,531,0.0983606557377049,False,False,False
29279482521,Class Aptent Corp.,3059,False,3059,3422,2657,False,False,False,0,False,False,False,2657,3422,765,0.0327868852459016,True,True,False
69381712591,Primis In LLC,3060,False,3060,3108,2789,False,False,False,0,False,False,False,2789,3108,319,0.0327868852459016,True,False,False
50585758076,Orci Luctus Et Corp.,3061,False,3061,3107,2785,False,False,False,0,False,False,False,2785,3107,322,0.0327868852459016,True,False,False
21986309398,Ut Dolor Consulting,3062,False,3062,2787,3331,False,False,False,0,False,False,False,2787,3331,544,0.4590163934426229,False,False,False
26945243832,Nisi Magna Inc.,3063,False,3063,3113,3194,False,False,False,0,False,False,False,3063,3194,131,0.3770491803278688,False,False,False
75602537182,Justo Faucibus PC,3064,False,3064,3047,3235,False,False,False,0,False,False,False,3047,3235,188,0.2459016393442623,False,False,False
98957925622,Quis Massa Mauris LLP,3065,False,3065,2726,3298,False,False,False,0,False,False,False,2726,3298,572,0.3114754098360656,False,False,False
65278963534,Sed Pede Cum Incorporated,3066,False,3066,3195,2794,False,False,False,0,False,False,False,2794,3195,401,0.081967213114754,False,False,False
26551094436,Convallis Foundation,3067,False,3067,2903,3240,False,False,False,0,False,False,False,2903,3240,337,0.4426229508196722,False,False,False
64931596817,Malesuada Fringilla Incorporated,3068,False,3068,3403,2818,False,False,False,0,False,False,False,2818,3403,585,0.0327868852459016,True,False,False
92680456497,Semper Pretium LLC,3069,False,3069,3029,3274,False,False,False,0,False,False,False,3029,3274,245,0.3770491803278688,False,False,False
63948652504,Curabitur Consequat Lectus LLP,3070,False,3070,3158,2743,False,False,False,0,False,False,False,2743,3158,415,0.0327868852459016,True,False,False
92426644718,Orci Quis LLC,3071,False,3071,3219,3021,False,False,False,0,False,False,False,3021,3219,198,0.0327868852459016,True,False,False
29505435279,Sed Dictum Ltd,3072,False,3072,2891,3287,False,False,False,0,False,False,False,2891,3287,396,0.3770491803278688,False,False,False
98596134379,Nostra Per Limited,3073,False,3073,3419,2777,False,False,False,0,False,False,False,2777,3419,642,0.0327868852459016,True,False,False
69994151040,Dolor Elit Pellentesque Corp.,3074,False,3074,3164,2946,False,False,False,0,False,False,False,2946,3164,218,0.0655737704918032,False,False,False
95331380653,Auctor Odio Associates,3075,False,3075,2735,3263,False,False,False,0,False,False,False,2735,3263,528,0.0655737704918032,False,False,False
86741096013,Parturient Consulting,3076,False,3076,3060,2940,False,False,False,0,False,False,False,2940,3076,136,0.2786885245901639,False,False,False
43168490529,Quis Diam PC,3077,False,3077,3479,2692,False,False,False,0,False,False,False,2692,3479,787,0.0327868852459016,True,False,False
96458464738,Non Luctus Sit Incorporated,3078,False,3078,3252,2824,False,False,False,0,False,False,False,2824,3252,428,0.2459016393442623,False,False,False
93282747446,Sem Elit Limited,3079,False,3079,3009,2781,False,False,False,0,False,False,False,2781,3079,298,0.0327868852459016,True,False,False
81271508783,Auctor Mauris PC,3080,False,3080,2844,3046,False,False,False,0,False,False,False,2844,3080,236,0.0491803278688525,True,False,False
96381568282,Quisque LLC,3081,False,3081,3274,2796,False,False,False,0,False,False,False,2796,3274,478,0.2459016393442623,False,False,False
49068909356,Euismod Est Inc.,3082,False,3082,3036,3243,False,False,False,0,False,False,False,3036,3243,207,0.2131147540983606,False,False,False
91760304024,Morbi Accumsan Corporation,3083,False,3083,3058,3112,False,False,False,0,False,False,False,3058,3112,54,0.6229508196721312,False,False,False
31068797937,Magna Praesent Industries,3084,False,3084,2930,3245,False,False,False,0,False,False,False,2930,3245,315,0.0983606557377049,False,False,False
95508089614,Euismod Est Incorporated,3085,False,3085,2773,3295,False,False,False,0,False,False,False,2773,3295,522,0.2131147540983606,False,False,False
93267734067,Curae Foundation,3086,False,3086,3347,2942,False,False,False,0,False,False,False,2942,3347,405,0.0,True,True,False
79287836711,Per Company,3087,False,3087,3335,2890,False,False,False,0,False,False,False,2890,3335,445,0.2459016393442623,False,False,False
20781273791,Eu Tellus Phasellus PC,3088,False,3088,3093,2773,False,False,False,0,False,False,False,2773,3093,320,0.0327868852459016,True,False,False
64928973842,Sed Company,3089,False,3089,3128,3145,False,False,False,0,False,False,False,3089,3145,56,0.5737704918032787,False,False,False
61675439608,Nulla At Sem Corp.,3090,False,3090,2802,3324,False,False,False,0,False,False,False,2802,3324,522,0.2459016393442623,False,False,False
78914491399,Laoreet Lectus Quis Corporation,3091,False,3091,3046,3062,False,False,False,0,False,False,False,3046,3091,45,0.360655737704918,False,False,False
45865544833,Sociosqu Ad Associates,3092,False,3092,3130,3027,False,False,False,0,False,False,False,3027,3130,103,0.4098360655737705,False,False,False
48080014857,Mauris Eu Incorporated,3093,False,3093,3196,2870,False,False,False,0,False,False,False,2870,3196,326,0.2131147540983606,False,False,False
94973496683,Porttitor Tellus Non Corporation,3094,False,3094,3136,3172,False,False,False,0,False,False,False,3094,3172,78,0.1147540983606557,False,False,False
45344861464,Convallis Est Vitae Industries,3095,False,3095,3204,2966,False,False,False,0,False,False,False,2966,3204,238,0.2131147540983606,False,False,False
69059526279,Aliquam Gravida Corp.,3096,False,3096,2988,3275,False,False,False,0,False,False,False,2988,3275,287,0.0327868852459016,True,False,False
98057649908,Phasellus Libero Mauris Foundation,3097,False,3097,2848,3227,False,False,False,0,False,False,False,2848,3227,379,0.2459016393442623,False,False,False
35979239098,Pede Nunc Sed Incorporated,3098,False,3098,3011,3268,False,False,False,0,False,False,False,3011,3268,257,0.0327868852459016,True,False,False
70258288982,Quam Pellentesque Incorporated,3099,False,3099,2830,3226,False,False,False,0,False,False,False,2830,3226,396,0.3770491803278688,False,False,False
70885562894,Erat Etiam Vestibulum Foundation,3100,False,3100,2762,3308,False,False,False,0,False,False,False,2762,3308,546,0.2459016393442623,False,False,False
99974311662,Mollis LLP,3101,False,3101,3150,3183,False,False,False,0,False,False,False,3101,3183,82,0.2459016393442623,False,False,False
91880575299,At Foundation,3102,False,3102,2581,3349,False,False,False,0,False,False,False,2581,3349,768,0.4262295081967213,False,False,False
94601812317,Ornare Lectus Ltd,3103,False,3103,3418,2881,False,False,False,0,False,False,False,2881,3418,537,0.0327868852459016,True,False,False
22812667768,Feugiat Tellus Lorem Ltd,3104,False,3104,3229,3220,False,False,False,0,False,False,False,3104,3229,125,0.4426229508196722,False,False,False
59366832940,Est Ac Ltd,3105,False,3105,3019,3302,False,False,False,0,False,False,False,3019,3302,283,0.2131147540983606,False,False,False
51291561948,Porttitor Interdum Associates,3106,False,3106,3015,3241,False,False,False,0,False,False,False,3015,3241,226,0.4590163934426229,False,False,False
31263348006,Blandit Nam Nulla Associates,3107,False,3107,3017,2879,False,False,False,0,False,False,False,2879,3107,228,0.0327868852459016,True,False,False
88079931689,Velit Eu Sem Inc.,3108,False,3108,2954,2954,False,False,False,0,False,False,False,2954,3108,154,0.0327868852459016,True,False,False
59140301134,Risus Donec Egestas Corporation,3109,False,3109,2813,3285,False,False,False,0,False,False,False,2813,3285,472,0.3770491803278688,False,False,False
35387407637,Sollicitudin Orci Sem Incorporated,3110,False,3110,3086,2877,False,False,False,0,False,False,False,2877,3110,233,0.0327868852459016,True,False,False
18547244547,Sem Nulla Interdum Corp.,3111,False,3111,3035,3203,False,False,False,0,False,False,False,3035,3203,168,0.4590163934426229,False,False,False
88040874613,Dapibus Id Ltd,3112,False,3112,2563,3372,False,False,False,0,False,False,False,2563,3372,809,0.5737704918032787,False,False,False
25963848680,Vitae Foundation,3113,False,3113,3363,2843,False,False,False,0,False,False,False,2843,3363,520,0.0327868852459016,True,False,False
14626521979,Dictum Proin PC,3114,False,3114,3519,2696,False,False,False,0,False,False,False,2696,3519,823,0.0327868852459016,True,True,False
47342527664,Ligula Aenean Euismod Foundation,3115,False,3115,3223,2923,False,False,False,0,False,False,False,2923,3223,300,0.1147540983606557,False,False,False
80731100978,Egestas Ligula Incorporated,3116,False,3116,2821,3319,False,False,False,0,False,False,False,2821,3319,498,0.360655737704918,False,False,False
92202115241,Fames Ac Turpis Limited,3117,False,3117,3014,3231,False,False,False,0,False,False,False,3014,3231,217,0.180327868852459,False,False,False
15544195408,Proin Company,3118,False,3118,3085,3310,False,False,False,0,False,False,False,3085,3310,225,0.1639344262295081,False,False,False
98003940525,Sapien LLC,3119,False,3119,3368,2961,False,False,False,0,False,False,False,2961,3368,407,0.0327868852459016,True,False,False
55622580330,Lacus LLP,3120,False,3120,3524,2751,False,False,False,0,False,False,False,2751,3524,773,0.0327868852459016,True,False,False
42633587085,Lorem Sit Amet Incorporated,3121,False,3121,3073,3299,False,False,False,0,False,False,False,3073,3299,226,0.2131147540983606,False,False,False
85363843407,Lectus Ante Corporation,3122,False,3122,3099,3251,False,False,False,0,False,False,False,3099,3251,152,0.3770491803278688,False,False,False
75683621690,Rutrum Magna LLC,3123,False,3123,3076,3306,False,False,False,0,False,False,False,3076,3306,230,0.3114754098360656,False,False,False
55586008544,Eleifend Egestas Ltd,3124,False,3124,2816,3286,False,False,False,0,False,False,False,2816,3286,470,0.2786885245901639,False,False,False
48770246749,Nisl Arcu Iaculis Foundation,3125,False,3125,3111,3269,False,False,False,0,False,False,False,3111,3269,158,0.3114754098360656,False,False,False
47393015569,Nonummy Ultricies Ornare Inc.,3126,False,3126,3471,2783,False,False,False,0,False,False,False,2783,3471,688,0.0327868852459016,True,False,False
47524805326,Gravida Nunc Inc.,3127,False,3127,3054,3233,False,False,False,0,False,False,False,3054,3233,179,0.5737704918032787,False,False,False
43980535151,Justo Corp.,3128,False,3128,3089,3073,False,False,False,0,False,False,False,3073,3128,55,0.1311475409836066,False,False,False
10404542215,Consequat Foundation,3129,False,3129,2969,3038,False,False,False,0,False,False,False,2969,3129,160,0.0327868852459016,True,True,False
18924241226,At Velit Pellentesque Ltd,3130,False,3130,3244,3237,False,False,False,0,False,False,False,3130,3244,114,0.639344262295082,False,False,False
13606543798,Odio Phasellus Associates,3131,False,3131,3400,2889,False,False,False,0,False,False,False,2889,3400,511,0.0327868852459016,True,False,False
76021079177,Pede Malesuada Vel LLP,3132,False,3132,2829,3352,False,False,False,0,False,False,False,2829,3352,523,0.0655737704918032,False,False,False
16104218122,Scelerisque Ltd,3133,False,3133,3153,2792,False,False,False,0,False,False,False,2792,3153,361,0.0327868852459016,True,True,False
86028994742,Turpis In Industries,3134,False,3134,3044,3265,False,False,False,0,False,False,False,3044,3265,221,0.2622950819672131,False,False,False
61333423388,Ligula Nullam LLP,3135,False,3135,3098,2861,False,False,False,0,False,False,False,2861,3135,274,0.0327868852459016,True,False,False
15297597516,Ornare Lectus Corp.,3136,False,3136,3176,3267,False,False,False,0,False,False,False,3136,3267,131,0.6557377049180328,False,False,False
42142667769,Laoreet Posuere Enim Inc.,3137,False,3137,3027,3312,False,False,False,0,False,False,False,3027,3312,285,0.0983606557377049,False,False,False
42105964394,Ut Erat PC,3138,False,3138,3114,3283,False,False,False,0,False,False,False,3114,3283,169,0.3770491803278688,False,False,False
62774554856,Dolor Foundation,3139,False,3139,2896,3205,False,False,False,0,False,False,False,2896,3205,309,0.1967213114754098,False,False,False
41566402880,Mus LLC,3140,False,3140,3031,3332,False,False,False,0,False,False,False,3031,3332,301,0.360655737704918,False,False,False
21319642626,At Risus Associates,3141,False,3141,2973,3337,False,False,False,0,False,False,False,2973,3337,364,0.2459016393442623,False,True,False
19458945909,Purus Industries,3142,False,3142,3166,2844,False,False,False,0,False,False,False,2844,3166,322,0.0327868852459016,True,False,False
82143547560,Aenean Ltd,3143,False,3143,2822,3346,False,False,False,0,False,False,False,2822,3346,524,0.3770491803278688,False,False,False
36105169298,Amet Diam Company,3144,False,3144,3172,2820,False,False,False,0,False,False,False,2820,3172,352,0.0327868852459016,True,False,False
17978936678,Congue A Aliquet Ltd,3145,False,3145,3112,2852,False,False,False,0,False,False,False,2852,3145,293,0.0327868852459016,True,True,False
56140067651,Nullam Ut Limited,3146,False,3146,3088,3259,False,False,False,0,False,False,False,3088,3259,171,0.0327868852459016,True,False,False
64272336774,Vehicula Et LLC,3147,False,3147,3209,2847,False,False,False,0,False,False,False,2847,3209,362,0.0327868852459016,True,False,False
10346855916,Odio Institute,3148,False,3148,3488,2801,False,False,False,0,False,False,False,2801,3488,687,0.0327868852459016,True,True,False
16550028284,In LLP,3149,False,3149,3132,3321,False,False,False,0,False,False,False,3132,3321,189,0.2131147540983606,False,False,False
25704682559,Odio Aliquam Corp.,3150,False,3150,3281,3144,False,False,False,0,False,False,False,3144,3281,137,0.0327868852459016,True,False,False
34402763739,Pharetra Nam Foundation,3151,False,3151,3154,3339,False,False,False,0,False,False,False,3151,3339,188,0.360655737704918,False,False,False
41001282470,Eu Ltd,3152,False,3152,2609,3378,False,False,False,0,False,False,False,2609,3378,769,0.2622950819672131,False,False,False
19946380099,Enim Gravida Ltd,3153,False,3153,2926,3296,False,False,False,0,False,False,False,2926,3296,370,0.3770491803278688,False,False,False
80597774208,Arcu Iaculis Enim Institute,3154,False,3154,3318,2918,False,False,False,0,False,False,False,2918,3318,400,0.2131147540983606,False,False,False
28651583807,Et Libero Associates,3155,False,3155,3179,3176,False,False,False,0,False,False,False,3155,3179,24,0.4262295081967213,False,False,False
58977869394,Diam Dictum Consulting,3156,False,3156,2856,3228,False,False,False,0,False,False,False,2856,3228,372,0.2131147540983606,False,False,False
51420872378,Facilisis Suspendisse Corporation,3157,False,3157,3375,2841,False,False,False,0,False,False,False,2841,3375,534,0.0327868852459016,True,False,False
66015997670,A Ultricies Ltd,3158,False,3158,3266,2871,False,False,False,0,False,False,False,2871,3266,395,0.0327868852459016,True,False,False
72760991600,Libero Incorporated,3159,False,3159,2767,3282,False,False,False,0,False,False,False,2767,3282,515,0.2459016393442623,False,False,False
87070619541,Enim Industries,3160,False,3160,3296,2800,False,False,False,0,False,False,False,2800,3296,496,0.0327868852459016,True,False,False
45875784130,Ultrices Posuere Cubilia Company,3161,False,3161,3062,3329,False,False,False,0,False,False,False,3062,3329,267,0.0327868852459016,True,False,False
94419910973,Felis Company,3162,False,3162,3152,3335,False,False,False,0,False,False,False,3152,3335,183,0.2459016393442623,False,False,False
83901679234,Mauris Quis Turpis Associates,3163,False,3163,3310,3131,False,False,False,0,False,False,False,3131,3310,179,0.0327868852459016,True,False,False
30775213097,Sed Et Associates,3164,False,3164,3167,3317,False,False,False,0,False,False,False,3164,3317,153,0.2786885245901639,False,False,False
14042321810,Ac PC,3165,False,3165,2968,3280,False,False,False,0,False,False,False,2968,3280,312,0.3770491803278688,False,False,False
15998215727,Ut Lacus Nulla Ltd,3166,False,3166,2940,3198,False,False,False,0,False,False,False,2940,3198,258,0.2459016393442623,False,False,False
17335347560,Et Eros Institute,3167,False,3167,3243,3250,False,False,False,0,False,False,False,3167,3250,83,0.3770491803278688,False,False,False
14666015798,Elementum Dui Associates,3168,False,3168,3083,3330,False,False,False,0,False,False,False,3083,3330,247,0.0327868852459016,True,False,False
93113531213,Non Enim Mauris Ltd,3169,False,3169,3574,2767,False,False,False,0,False,False,False,2767,3574,807,0.0327868852459016,True,True,False
35176289951,Risus Ltd,3170,False,3170,3245,2973,False,False,False,0,False,False,False,2973,3245,272,0.0983606557377049,False,False,False
24314208971,Metus Ltd,3171,False,3171,3474,2896,False,False,False,0,False,False,False,2896,3474,578,0.0327868852459016,True,False,False
78177627659,Tincidunt Limited,3172,False,3172,3142,3293,False,False,False,0,False,False,False,3142,3293,151,0.0655737704918032,False,False,False
22629400849,Auctor Non Incorporated,3173,False,3173,3232,2921,False,False,False,0,False,False,False,2921,3232,311,0.180327868852459,False,False,False
55902748589,Sociis Natoque Penatibus Associates,3174,False,3174,3123,2972,False,False,False,0,False,False,False,2972,3174,202,0.0327868852459016,True,False,False
86094613754,Arcu Imperdiet Ullamcorper LLP,3175,False,3175,3212,3327,False,False,False,0,False,False,False,3175,3327,152,0.1639344262295081,False,False,False
84228395458,Interdum Enim LLP,3176,False,3176,3020,3185,False,False,False,0,False,False,False,3020,3185,165,0.2131147540983606,False,False,False
94631077822,Eu Augue Company,3177,False,3177,2800,3381,False,False,False,0,False,False,False,2800,3381,581,0.1147540983606557,False,False,False
43270522454,Lacus Ut Institute,3178,False,3178,3151,3374,False,False,False,0,False,False,False,3151,3374,223,0.3114754098360656,False,False,False
73713369509,Sed Diam Incorporated,3179,False,3179,3205,3303,False,False,False,0,False,False,False,3179,3303,124,0.2622950819672131,False,False,False
43329313854,Rutrum Fusce Dolor LLP,3180,False,3180,3134,3222,False,False,False,0,False,False,False,3134,3222,88,0.3114754098360656,False,False,False
53415858879,Proin Foundation,3181,False,3181,2771,3362,False,False,False,0,False,False,False,2771,3362,591,0.0983606557377049,False,False,False
38986645707,Lectus Justo LLC,3182,False,3182,3293,2858,False,False,False,0,False,False,False,2858,3293,435,0.0327868852459016,True,False,False
12927607277,Amet Orci Industries,3183,False,3183,2915,3359,False,False,False,0,False,False,False,2915,3359,444,0.2459016393442623,False,False,False
64609388293,Vitae Erat Industries,3184,False,3184,3175,3338,False,False,False,0,False,False,False,3175,3338,163,0.0655737704918032,False,False,False
29413883988,Commodo Auctor Incorporated,3185,False,3185,3100,3353,False,False,False,0,False,False,False,3100,3353,253,0.081967213114754,False,False,False
99802335254,Ultrices Associates,3186,False,3186,3140,2982,False,False,False,0,False,False,False,2982,3186,204,0.0327868852459016,True,False,False
66690609706,Non Corp.,3187,False,3187,3364,2865,False,False,False,0,False,False,False,2865,3364,499,0.0327868852459016,True,False,False
88218638184,Gravida Sagittis Corporation,3188,False,3188,3007,3261,False,False,False,0,False,False,False,3007,3261,254,0.2459016393442623,False,False,False
15070005651,Vulputate Mauris Inc.,3189,False,3189,3235,3066,False,False,False,0,False,False,False,3066,3235,169,0.2131147540983606,False,False,False
84790489548,Odio Aliquam Foundation,3190,False,3190,3141,3195,False,False,False,0,False,False,False,3141,3195,54,0.2459016393442623,False,False,False
30140204602,Neque Associates,3191,False,3191,3121,3148,False,False,False,0,False,False,False,3121,3191,70,0.0327868852459016,True,False,False
95005191321,Augue Ac Ipsum Institute,3192,False,3192,3170,3309,False,False,False,0,False,False,False,3170,3309,139,0.0327868852459016,True,False,False
31363277682,Fermentum Metus Industries,3193,False,3193,3059,3366,False,False,False,0,False,False,False,3059,3366,307,0.3114754098360656,False,False,False
79989686193,Lorem Ipsum Dolor LLC,3194,False,3194,3373,3180,False,False,False,0,False,False,False,3180,3373,193,0.1967213114754098,False,False,False
83808082504,Ut Nisi A Corp.,3195,False,3195,3249,3139,False,False,False,0,False,False,False,3139,3249,110,0.0327868852459016,True,False,False
11089768124,Rutrum Corp.,3196,False,3196,3275,3361,False,False,False,0,False,False,False,3196,3361,165,0.4426229508196722,False,False,False
28555022437,Gravida Sit Foundation,3197,False,3197,3191,3187,False,False,False,0,False,False,False,3187,3197,10,0.0327868852459016,True,False,False
56191979620,Non Sollicitudin PC,3198,False,3198,2801,3377,False,False,False,0,False,False,False,2801,3377,576,0.2131147540983606,False,False,False
91104916025,Id Associates,3199,False,3199,3125,3345,False,False,False,0,False,False,False,3125,3345,220,0.2622950819672131,False,False,False
39354007155,Rutrum Lorem Institute,3200,False,3200,3180,3343,False,False,False,0,False,False,False,3180,3343,163,0.0655737704918032,False,False,False
58317155743,Ante Dictum Associates,3201,False,3201,3362,3232,False,False,False,0,False,False,False,3201,3362,161,0.2459016393442623,False,False,False
16528286991,Pellentesque Massa Limited,3202,False,3202,3377,2815,False,False,False,0,False,False,False,2815,3377,562,0.0327868852459016,True,True,False
68840051984,In Ornare Sagittis PC,3203,False,3203,3081,3407,False,False,False,0,False,False,False,3081,3407,326,0.0327868852459016,True,False,False
13770392625,Suspendisse Institute,3204,False,3204,3225,3326,False,False,False,0,False,False,False,3204,3326,122,0.0655737704918032,False,False,False
68233865253,Dis Parturient Montes Industries,3205,False,3205,2757,3434,False,False,False,0,False,False,False,2757,3434,677,0.3114754098360656,False,False,False
92293286189,Aliquam Nec Enim Ltd,3206,False,3206,3183,3254,False,False,False,0,False,False,False,3183,3254,71,0.0983606557377049,False,False,False
91218779711,Risus Donec LLP,3207,False,3207,3008,3247,False,False,False,0,False,False,False,3008,3247,239,0.0655737704918032,False,False,False
85151559066,Imperdiet Inc.,3208,False,3208,3262,3028,False,False,False,0,False,False,False,3028,3262,234,0.180327868852459,False,False,False
82225148007,Magna Nam Incorporated,3209,False,3209,3218,2937,False,False,False,0,False,False,False,2937,3218,281,0.0327868852459016,True,False,False
13461552885,Dapibus Id Blandit Institute,3210,False,3210,2946,3333,False,False,False,0,False,False,False,2946,3333,387,0.1967213114754098,False,False,False
36436872469,Dui Cras Pellentesque Corporation,3211,False,3211,3097,3351,False,False,False,0,False,False,False,3097,3351,254,0.0327868852459016,True,False,False
85618614233,Eget Limited,3212,False,3212,3149,3199,False,False,False,0,False,False,False,3149,3212,63,0.180327868852459,False,False,False
52034783403,Pede Praesent Corporation,3213,False,3213,3221,3216,False,False,False,0,False,False,False,3213,3221,8,0.0327868852459016,True,False,False
38074504441,Metus In Lorem Associates,3214,False,3214,3161,3358,False,False,False,0,False,False,False,3161,3358,197,0.5737704918032787,False,False,False
40084144447,Arcu Nunc Industries,3215,False,3215,3236,3256,False,False,False,0,False,False,False,3215,3256,41,0.0655737704918032,False,False,False
16404532871,Et Malesuada Ltd,3216,False,3216,2917,3390,False,False,False,0,False,False,False,2917,3390,473,0.2459016393442623,False,False,False
65175701530,Sed Leo Cras Industries,3217,False,3217,3292,2874,False,False,False,0,False,False,False,2874,3292,418,0.0327868852459016,True,False,False
39150153670,Aliquam Eu Institute,3218,False,3218,3012,3151,False,False,False,0,False,False,False,3012,3218,206,0.0327868852459016,True,True,False
84226109829,Eleifend Nunc LLP,3219,False,3219,3305,3307,False,False,False,0,False,False,False,3219,3307,88,0.2459016393442623,False,False,False
15577036924,Euismod Ac Corporation,3220,False,3220,3124,3278,False,False,False,0,False,False,False,3124,3278,154,0.3770491803278688,False,False,False
47124041214,Congue Turpis Institute,3221,False,3221,3188,3113,False,False,False,0,False,False,False,3113,3221,108,0.0327868852459016,True,False,False
76628269361,Odio Consulting,3222,False,3222,3352,3196,False,False,False,0,False,False,False,3196,3352,156,0.2459016393442623,False,False,False
43909512451,Libero Consulting,3223,False,3223,3355,3018,False,False,False,0,False,False,False,3018,3355,337,0.180327868852459,False,False,False
36002228596,Orci Consectetuer Corporation,3224,False,3224,3018,3334,False,False,False,0,False,False,False,3018,3334,316,0.1639344262295081,False,False,False
53258875124,Malesuada Company,3225,False,3225,3043,3418,False,False,False,0,False,False,False,3043,3418,375,0.6557377049180328,False,False,False
31468420954,Non Hendrerit Id LLC,3226,False,3226,3570,2929,False,False,False,0,False,False,False,2929,3570,641,0.0327868852459016,True,False,False
52813650988,Commodo Tincidunt Nibh Corp.,3227,False,3227,3304,3288,False,False,False,0,False,False,False,3227,3304,77,0.2131147540983606,False,False,False
46087176984,Aliquet Proin LLP,3228,False,3228,3208,3341,False,False,False,0,False,False,False,3208,3341,133,0.0327868852459016,True,False,False
93156930881,Tempus Corp.,3229,False,3229,3202,3384,False,False,False,0,False,False,False,3202,3384,182,0.0983606557377049,False,False,False
16315736437,Id Mollis Limited,3230,False,3230,3353,2960,False,False,False,0,False,False,False,2960,3353,393,0.2622950819672131,False,False,False
29917527785,Ullamcorper Corp.,3231,False,3231,3407,2900,False,False,False,0,False,False,False,2900,3407,507,0.0327868852459016,True,False,False
48791943923,Nunc Pulvinar LLC,3232,False,3232,2925,3406,False,False,False,0,False,False,False,2925,3406,481,0.3114754098360656,False,False,False
17476208631,Sit Institute,3233,False,3233,2789,3454,False,False,False,0,False,False,False,2789,3454,665,0.2131147540983606,False,False,False
92693781303,Sed Eu Institute,3234,False,3234,3120,3379,False,False,False,0,False,False,False,3120,3379,259,0.2459016393442623,False,False,False
35713332328,Nisi Magna Sed LLC,3235,False,3235,3389,3206,False,False,False,0,False,False,False,3206,3389,183,0.2131147540983606,False,False,False
70070001855,Nunc Sed Ltd,3236,False,3236,3079,3419,False,False,False,0,False,False,False,3079,3419,340,0.1639344262295081,False,False,False
25619276404,Blandit Mattis PC,3237,False,3237,3466,2909,False,False,False,0,False,False,False,2909,3466,557,0.0327868852459016,True,False,False
73973714129,Enim Etiam Institute,3238,False,3238,3365,2963,False,False,False,0,False,False,False,2963,3365,402,0.2459016393442623,False,False,False
20884516643,Faucibus Orci Industries,3239,False,3239,3614,2883,False,False,False,0,False,False,False,2883,3614,731,0.0327868852459016,True,True,False
32897338221,Vel Nisl Incorporated,3240,False,3240,3333,3342,False,False,False,0,False,False,False,3240,3342,102,0.2622950819672131,False,False,False
31681476434,Lorem Sit LLC,3241,False,3241,3234,3322,False,False,False,0,False,False,False,3234,3322,88,0.4590163934426229,False,False,False
94662990903,Elit Associates,3242,False,3242,3267,3121,False,False,False,0,False,False,False,3121,3267,146,0.2459016393442623,False,False,False
35632109137,Natoque Penatibus Industries,3243,False,3243,3340,3325,False,False,False,0,False,False,False,3243,3340,97,0.3770491803278688,False,False,False
87931914124,Felis Nulla Foundation,3244,False,3244,3380,2910,False,False,False,0,False,False,False,2910,3380,470,0.0327868852459016,True,False,False
58409055337,Commodo Auctor Velit Corporation,3245,False,3245,3341,3236,False,False,False,0,False,False,False,3236,3341,105,0.3770491803278688,False,False,False
25880142934,Sit Corp.,3246,False,3246,3197,3389,False,False,False,0,False,False,False,3197,3389,192,0.0327868852459016,True,False,False
39354019183,Ac Risus Morbi Industries,3247,False,3247,3420,2992,False,False,False,0,False,False,False,2992,3420,428,0.2131147540983606,False,False,False
66465228073,Ut Nisi Ltd,3248,False,3248,2904,3391,False,False,False,0,False,False,False,2904,3391,487,0.1967213114754098,False,False,False
53378405666,Amet Ultricies Sem Inc.,3249,False,3249,3270,3316,False,False,False,0,False,False,False,3249,3316,67,0.180327868852459,False,False,False
64464998822,Vitae Semper LLP,3250,False,3250,3376,2905,False,False,False,0,False,False,False,2905,3376,471,0.0327868852459016,True,False,False
13297955415,Adipiscing Mauris Associates,3251,False,3251,2953,3376,False,False,False,0,False,False,False,2953,3376,423,0.2459016393442623,False,False,False
92374002696,Lectus Cum Ltd,3252,False,3252,2972,3380,False,False,False,0,False,False,False,2972,3380,408,0.0983606557377049,False,False,False
33364563448,Lacinia Orci Incorporated,3253,False,3253,2694,3473,False,False,False,0,False,False,False,2694,3473,779,0.6229508196721312,False,False,False
59969380468,Non Corporation,3254,False,3254,3269,3365,False,False,False,0,False,False,False,3254,3365,111,0.1147540983606557,False,False,False
90415024734,Neque Tellus Imperdiet LLC,3255,False,3255,2929,3437,False,False,False,0,False,False,False,2929,3437,508,0.360655737704918,False,False,False
54071870652,Turpis In PC,3256,False,3256,3050,3294,False,False,False,0,False,False,False,3050,3294,244,0.2786885245901639,False,False,False
61547674285,Ipsum Suspendisse PC,3257,False,3257,3463,2955,False,False,False,0,False,False,False,2955,3463,508,0.0327868852459016,True,False,False
21158149109,Mauris Ipsum Porta LLC,3258,False,3258,3192,3400,False,False,False,0,False,False,False,3192,3400,208,0.2459016393442623,False,False,False
25707254891,Dui Associates,3259,False,3259,2796,3457,False,False,False,0,False,False,False,2796,3457,661,0.4918032786885246,False,False,False
91000228616,Fringilla Porttitor LLC,3260,False,3260,3298,3364,False,False,False,0,False,False,False,3260,3364,104,0.3114754098360656,False,False,False
68323652165,Sed Nec Institute,3261,False,3261,3169,3042,False,False,False,0,False,False,False,3042,3261,219,0.180327868852459,False,False,False
15332026424,Metus Urna Convallis Ltd,3262,False,3262,3096,3328,False,False,False,0,False,False,False,3096,3328,232,0.1967213114754098,False,False,False
52388886012,Consectetuer Euismod Est PC,3263,False,3263,3174,3424,False,False,False,0,False,False,False,3174,3424,250,0.2459016393442623,False,False,False
71305424518,Vivamus Molestie Corporation,3264,False,3264,3331,3398,False,False,False,0,False,False,False,3264,3398,134,0.5737704918032787,False,False,False
13401263605,Fames Inc.,3265,False,3265,3401,3311,False,False,False,0,False,False,False,3265,3401,136,0.3770491803278688,False,False,False
79355626551,Id Corp.,3266,False,3266,3309,3290,False,False,False,0,False,False,False,3266,3309,43,0.0655737704918032,False,False,False
42497793396,Nunc Id LLP,3267,False,3267,3382,3083,False,False,False,0,False,False,False,3083,3382,299,0.0655737704918032,False,False,False
88202878932,Tellus Id Limited,3268,False,3268,3182,3388,False,False,False,0,False,False,False,3182,3388,206,0.3114754098360656,False,False,False
87233538213,Posuere At Incorporated,3269,False,3269,3320,2947,False,False,False,0,False,False,False,2947,3320,373,0.0327868852459016,True,False,False
82825632196,Arcu Vestibulum PC,3270,False,3270,3052,3249,False,False,False,0,False,False,False,3052,3270,218,0.0327868852459016,True,False,False
30772059502,Egestas Sed Pharetra Corp.,3271,False,3271,3356,3382,False,False,False,0,False,False,False,3271,3382,111,0.1147540983606557,False,False,False
87380473696,Convallis Erat Company,3272,False,3272,3216,3405,False,False,False,0,False,False,False,3216,3405,189,0.4918032786885246,False,False,False
55039720870,Dignissim Magna PC,3273,False,3273,3207,3211,False,False,False,0,False,False,False,3207,3273,66,0.2459016393442623,False,False,False
66748498849,Eleifend Nec Institute,3274,False,3274,3469,2892,False,False,False,0,False,False,False,2892,3469,577,0.0327868852459016,True,False,False
84709480584,Erat Vivamus Inc.,3275,False,3275,3135,3438,False,False,False,0,False,False,False,3135,3438,303,0.0327868852459016,True,False,False
28275269638,Elit PC,3276,False,3276,3378,2902,False,False,False,0,False,False,False,2902,3378,476,0.0327868852459016,True,True,False
21166508693,Urna Ut Tincidunt Ltd,3277,False,3277,3257,3404,False,False,False,0,False,False,False,3257,3404,147,0.2459016393442623,False,False,False
48934946153,Euismod Et Ltd,3278,False,3278,3203,3387,False,False,False,0,False,False,False,3203,3387,184,0.0983606557377049,False,False,False
17028880379,Sem Mollis Inc.,3279,False,3279,3496,3040,False,False,False,0,False,False,False,3040,3496,456,0.0327868852459016,True,False,False
64523396248,Sapien Nunc Pulvinar Foundation,3280,False,3280,3360,2959,False,False,False,0,False,False,False,2959,3360,401,0.0327868852459016,True,False,False
37322527524,Nunc Nulla Incorporated,3281,False,3281,3497,3210,False,False,False,0,False,False,False,3210,3497,287,0.0983606557377049,False,False,False
75265429612,Consectetuer PC,3282,False,3282,3034,3450,False,False,False,0,False,False,False,3034,3450,416,0.2622950819672131,False,False,False
37706925794,Purus Nullam Associates,3283,False,3283,3346,2935,False,False,False,0,False,False,False,2935,3346,411,0.0327868852459016,True,True,False
28639309109,Vel Sapien Imperdiet Industries,3284,False,3284,3338,3399,False,False,False,0,False,False,False,3284,3399,115,0.2786885245901639,False,False,False
14315147591,Vitae Orci Institute,3285,False,3285,3206,3425,False,False,False,0,False,False,False,3206,3425,219,0.0327868852459016,True,False,False
85444000471,Phasellus Fermentum Limited,3286,False,3286,3201,3067,False,False,False,0,False,False,False,3067,3286,219,0.0327868852459016,True,True,False
84124629080,Aliquet Corp.,3287,False,3287,3472,3252,False,False,False,0,False,False,False,3252,3472,220,0.0327868852459016,True,False,False
13061606045,Risus Limited,3288,False,3288,3393,2983,False,False,False,0,False,False,False,2983,3393,410,0.0327868852459016,True,False,False
32021853619,Commodo Institute,3289,False,3289,3460,3127,False,False,False,0,False,False,False,3127,3460,333,0.2131147540983606,False,False,False
42940970845,Erat Eget Ipsum Industries,3290,False,3290,3461,2987,False,False,False,0,False,False,False,2987,3461,474,0.0327868852459016,True,False,False
93741030320,Massa Suspendisse Foundation,3291,False,3291,3254,3430,False,False,False,0,False,False,False,3254,3430,176,0.0983606557377049,False,False,False
33068332703,Suspendisse Dui Fusce LLC,3292,False,3292,3258,3369,False,False,False,0,False,False,False,3258,3369,111,0.0655737704918032,False,True,False
20415536115,Nibh Phasellus Nulla Industries,3293,False,3293,3538,3048,False,False,False,0,False,False,False,3048,3538,490,0.0327868852459016,True,False,False
96550897244,Donec Elementum Lorem Corporation,3294,False,3294,3326,3106,False,False,False,0,False,False,False,3106,3326,220,0.0491803278688525,True,False,False
85990355197,Non Justo Proin LLP,3295,False,3295,3284,3431,False,False,False,0,False,False,False,3284,3431,147,0.0327868852459016,True,False,False
56738437245,Fringilla Corp.,3296,False,3296,3433,3279,False,False,False,0,False,False,False,3279,3433,154,0.0327868852459016,True,False,False
36800144612,Imperdiet Non Limited,3297,False,3297,2965,3416,False,False,False,0,False,False,False,2965,3416,451,0.2459016393442623,False,False,False
11076688542,Amet Diam Industries,3298,False,3298,3535,3138,False,False,False,0,False,False,False,3138,3535,397,0.0327868852459016,True,False,False
17866919544,Orci Sem LLP,3299,False,3299,3470,3370,False,False,False,0,False,False,False,3299,3470,171,0.4426229508196722,False,False,False
32727297124,Sed Industries,3300,False,3300,3147,3386,False,False,False,0,False,False,False,3147,3386,239,0.2786885245901639,False,False,False
63265918828,Diam At Pretium Inc.,3301,False,3301,3417,3315,False,False,False,0,False,False,False,3301,3417,116,0.0983606557377049,False,False,False
27407519046,Nam Ac Nulla LLP,3302,False,3302,3357,3114,False,False,False,0,False,False,False,3114,3357,243,0.2459016393442623,False,False,False
31587341011,Velit Industries,3303,False,3303,3282,3442,False,False,False,0,False,False,False,3282,3442,160,0.1475409836065574,False,False,False
86621434137,Praesent Luctus LLC,3304,False,3304,3315,2981,False,False,False,0,False,False,False,2981,3315,334,0.0327868852459016,True,True,False
49784932478,A Facilisis Non Inc.,3305,False,3305,3329,3368,False,False,False,0,False,False,False,3305,3368,63,0.0327868852459016,True,True,False
42399949944,Interdum Ligula Institute,3306,False,3306,3476,2989,False,False,False,0,False,False,False,2989,3476,487,0.0327868852459016,True,False,False
24992522061,Est Ac Facilisis Company,3307,False,3307,3414,3320,False,False,False,0,False,False,False,3307,3414,107,0.0327868852459016,True,False,False
26080015717,Auctor Odio Incorporated,3308,False,3308,2888,3480,False,False,False,0,False,False,False,2888,3480,592,0.0655737704918032,False,False,False
20213430114,Dui Fusce Incorporated,3309,False,3309,2893,3446,False,False,False,0,False,False,False,2893,3446,553,0.0655737704918032,False,False,False
12404803031,Porttitor Scelerisque Neque Limited,3310,False,3310,3308,3357,False,False,False,0,False,False,False,3308,3357,49,0.0327868852459016,True,False,False
74275445911,Sodales At Velit Industries,3311,False,3311,3129,3453,False,False,False,0,False,False,False,3129,3453,324,0.0983606557377049,False,False,False
20131680113,Adipiscing Lacus Ut Corp.,3312,False,3312,3464,3323,False,False,False,0,False,False,False,3312,3464,152,0.0327868852459016,True,False,False
45367256033,Nunc Ac Inc.,3313,False,3313,3238,3212,False,False,False,0,False,False,False,3212,3313,101,0.2131147540983606,False,False,False
71063445046,Eget Laoreet Consulting,3314,False,3314,3323,3162,False,False,False,0,False,False,False,3162,3323,161,0.0655737704918032,False,False,False
17496459532,Nonummy Ultricies Ornare Institute,3315,False,3315,3406,3367,False,False,False,0,False,False,False,3315,3406,91,0.3114754098360656,False,False,False
43034165541,Sit Amet Lorem Institute,3316,False,3316,3384,3428,False,False,False,0,False,False,False,3316,3428,112,0.2131147540983606,False,False,False
36758807067,Pellentesque Ut Ipsum Institute,3317,False,3317,3361,3402,False,False,False,0,False,False,False,3317,3402,85,0.4426229508196722,False,False,False
92935086354,Odio Etiam Corporation,3318,False,3318,3294,3092,False,False,False,0,False,False,False,3092,3318,226,0.0327868852459016,True,False,False
66527348775,Sem Egestas Inc.,3319,False,3319,3586,2993,False,False,False,0,False,False,False,2993,3586,593,0.0327868852459016,True,False,False
60975088321,Dui Augue Consulting,3320,False,3320,3402,3289,False,False,False,0,False,False,False,3289,3402,113,0.0327868852459016,True,False,False
50766787885,Imperdiet Erat PC,3321,False,3321,3199,3413,False,False,False,0,False,False,False,3199,3413,214,0.2459016393442623,False,False,False
26259500279,Aliquet Vel Industries,3322,False,3322,3230,3304,False,False,False,0,False,False,False,3230,3322,92,0.2459016393442623,False,False,False
46185641901,Velit Limited,3323,False,3323,3337,3422,False,False,False,0,False,False,False,3323,3422,99,0.5901639344262295,False,False,False
30203637111,Orci Luctus LLP,3324,False,3324,3453,3340,False,False,False,0,False,False,False,3324,3453,129,0.0327868852459016,True,False,False
31840064969,Suspendisse Dui Institute,3325,False,3325,3410,3101,False,False,False,0,False,False,False,3101,3410,309,0.1967213114754098,False,False,False
22883189698,Quam Vel PC,3326,False,3326,3462,2926,False,False,False,0,False,False,False,2926,3462,536,0.0327868852459016,True,True,False
59614227972,Vitae Orci Phasellus LLP,3327,False,3327,2966,3486,False,False,False,0,False,False,False,2966,3486,520,0.0655737704918032,False,False,False
86379949294,Porta Elit Foundation,3328,False,3328,3237,3242,False,False,False,0,False,False,False,3237,3328,91,0.0327868852459016,True,False,False
89175693833,Justo Sit Associates,3329,False,3329,3246,3258,False,False,False,0,False,False,False,3246,3329,83,0.180327868852459,False,False,False
35475436187,Orci Lacus Vestibulum Institute,3330,False,3330,3618,3133,False,False,False,0,False,False,False,3133,3618,485,0.0327868852459016,True,False,False
50446282783,Volutpat Ornare Corp.,3331,False,3331,3520,3257,False,False,False,0,False,False,False,3257,3520,263,0.0327868852459016,True,False,False
14555045817,Commodo Auctor Ltd,3332,False,3332,3226,3314,False,False,False,0,False,False,False,3226,3332,106,0.2622950819672131,False,False,False
16432242544,Aliquam Eros Company,3333,False,3333,3138,3427,False,False,False,0,False,False,False,3138,3427,289,0.0655737704918032,False,False,False
30749472383,Pharetra Sed Foundation,3334,False,3334,3429,2999,False,False,False,0,False,False,False,2999,3429,430,0.0327868852459016,True,False,False
94785155422,Tempus Eu Ltd,3335,False,3335,3434,3009,False,False,False,0,False,False,False,3009,3434,425,0.0327868852459016,True,False,False
66943181420,Nisl Elementum Foundation,3336,False,3336,3379,3107,False,False,False,0,False,False,False,3107,3379,272,0.0327868852459016,True,False,False
70196084748,Gravida Incorporated,3337,False,3337,3336,3429,False,False,False,0,False,False,False,3336,3429,93,0.0327868852459016,True,False,False
52763133264,Dui Lectus LLP,3338,False,3338,3345,3209,False,False,False,0,False,False,False,3209,3345,136,0.0983606557377049,False,False,False
66522814831,Congue Turpis Limited,3339,False,3339,3028,3451,False,False,False,0,False,False,False,3028,3451,423,0.0327868852459016,True,False,False
85722411612,Ornare Placerat Industries,3340,False,3340,3467,3033,False,False,False,0,False,False,False,3033,3467,434,0.0327868852459016,True,False,False
77909777861,Ac Mattis Velit LLP,3341,False,3341,3255,3164,False,False,False,0,False,False,False,3164,3341,177,0.0327868852459016,True,False,False
94780037589,Elit Company,3342,False,3342,3278,3397,False,False,False,0,False,False,False,3278,3397,119,0.5573770491803278,False,False,False
28755901991,Dictum Proin Eget Corp.,3343,False,3343,3487,3410,False,False,False,0,False,False,False,3343,3487,144,0.3770491803278688,False,False,False
41072674090,Metus Aliquam Erat Institute,3344,False,3344,3231,3344,False,False,False,0,False,False,False,3231,3344,113,0.1639344262295081,False,False,False
33070920679,Aliquet Magna Incorporated,3345,False,3345,3351,3350,False,False,False,0,False,False,False,3345,3351,6,0.1147540983606557,False,False,False
58812213085,Fusce Aliquet Incorporated,3346,False,3346,3552,3305,False,False,False,0,False,False,False,3305,3552,247,0.1147540983606557,False,False,False
80067991455,Magna Duis Inc.,3347,False,3347,3193,3490,False,False,False,0,False,False,False,3193,3490,297,0.0983606557377049,False,False,False
33765505000,Ut Nulla Associates,3348,False,3348,3565,2977,False,False,False,0,False,False,False,2977,3565,588,0.0327868852459016,True,False,False
49368160590,Nulla In LLP,3349,False,3349,3263,3393,False,False,False,0,False,False,False,3263,3393,130,0.0327868852459016,True,False,False
17541067926,Tristique Institute,3350,False,3350,3303,3462,False,False,False,0,False,False,False,3303,3462,159,0.0327868852459016,True,False,False
60470829287,Phasellus Nulla Incorporated,3351,False,3351,3571,3207,False,False,False,0,False,False,False,3207,3571,364,0.0983606557377049,False,False,False
10385011947,Tellus Foundation,3352,False,3352,3450,3029,False,False,False,0,False,False,False,3029,3450,421,0.0327868852459016,True,False,False
62940816804,Non Foundation,3353,False,3353,3372,3006,False,False,False,0,False,False,False,3006,3372,366,0.0327868852459016,True,False,False
76818455401,Ullamcorper Nisl Foundation,3354,False,3354,3405,3002,False,False,False,0,False,False,False,3002,3405,403,0.0327868852459016,True,False,False
25019506172,Proin Vel Inc.,3355,False,3355,3502,2958,False,False,False,0,False,False,False,2958,3502,544,0.0327868852459016,True,False,False
24155164444,Elit LLC,3356,False,3356,3316,3371,False,False,False,0,False,False,False,3316,3371,55,0.0327868852459016,True,False,False
61745157507,Scelerisque Neque Nullam Ltd,3357,False,3357,3518,3300,False,False,False,0,False,False,False,3300,3518,218,0.0327868852459016,True,False,False
13159730941,Metus LLC,3358,False,3358,3279,3470,False,False,False,0,False,False,False,3279,3470,191,0.2459016393442623,False,False,False
10463252268,Id Mollis Corporation,3359,False,3359,3094,3392,False,False,False,0,False,False,False,3094,3392,298,0.0327868852459016,True,False,False
83261038949,Suscipit Est Ac LLP,3360,False,3360,3159,3444,False,False,False,0,False,False,False,3159,3444,285,0.1475409836065574,False,False,False
35260204943,Sed Dolor Limited,3361,False,3361,3065,3439,False,False,False,0,False,False,False,3065,3439,374,0.2131147540983606,False,False,False
10165489824,Nunc Sed Company,3362,False,3362,3300,3455,False,False,False,0,False,False,False,3300,3455,155,0.0655737704918032,False,True,False
71703054238,Faucibus Orci Consulting,3363,False,3363,3350,3184,False,False,False,0,False,False,False,3184,3363,179,0.0327868852459016,True,False,False
35188460630,Tortor Associates,3364,False,3364,3299,3363,False,False,False,0,False,False,False,3299,3364,65,0.0327868852459016,True,False,False
23812588784,Porttitor Vulputate Institute,3365,False,3365,3330,3435,False,False,False,0,False,False,False,3330,3435,105,0.5901639344262295,False,False,False
98437998830,Arcu Vivamus Sit Incorporated,3366,False,3366,3080,3466,False,False,False,0,False,False,False,3080,3466,386,0.2295081967213115,False,False,False
87898093521,Donec Felis Orci Corporation,3367,False,3367,3435,3348,False,False,False,0,False,False,False,3348,3435,87,0.0327868852459016,True,False,False
23305324752,Sit Amet Inc.,3368,False,3368,3224,3401,False,False,False,0,False,False,False,3224,3401,177,0.2622950819672131,False,False,False
61958699237,Lorem Ipsum Industries,3369,False,3369,3184,3409,False,False,False,0,False,False,False,3184,3409,225,0.2131147540983606,False,False,False
88718271716,Nunc Foundation,3370,False,3370,3090,3504,False,False,False,0,False,False,False,3090,3504,414,0.3770491803278688,False,False,False
87824427219,Phasellus Fermentum Consulting,3371,False,3371,3513,3318,False,False,False,0,False,False,False,3318,3513,195,0.0327868852459016,True,False,False
98162727883,Enim Diam Corporation,3372,False,3372,3349,3394,False,False,False,0,False,False,False,3349,3394,45,0.3770491803278688,False,False,False
13803154777,Lorem Auctor LLC,3373,False,3373,3438,3084,False,False,False,0,False,False,False,3084,3438,354,0.0327868852459016,True,False,False
75522897148,Vestibulum Lorem Inc.,3374,False,3374,3505,3050,False,False,False,0,False,False,False,3050,3505,455,0.0327868852459016,True,False,False
30780133873,Pede LLP,3375,False,3375,3475,3004,False,False,False,0,False,False,False,3004,3475,471,0.0327868852459016,True,False,False
17266923036,Volutpat Inc.,3376,False,3376,3290,3411,False,False,False,0,False,False,False,3290,3411,121,0.0491803278688525,True,False,False
81615080499,Ornare Company,3377,False,3377,2833,3546,False,False,False,0,False,False,False,2833,3546,713,0.3770491803278688,False,False,False
78734418649,Nulla In Tincidunt LLP,3378,False,3378,2997,3481,False,False,False,0,False,False,False,2997,3481,484,0.0327868852459016,True,False,False
28490495118,Mauris Eu Elit Associates,3379,False,3379,3004,3496,False,False,False,0,False,False,False,3004,3496,492,0.0983606557377049,False,False,False
80213126311,Elementum Purus Accumsan Inc.,3380,False,3380,3313,3420,False,False,False,0,False,False,False,3313,3420,107,0.360655737704918,False,False,False
49867386620,A Malesuada Id Ltd,3381,False,3381,3383,3088,False,False,False,0,False,False,False,3088,3383,295,0.0327868852459016,True,False,False
53331457650,Non Egestas Industries,3382,False,3382,3156,3499,False,False,False,0,False,False,False,3156,3499,343,0.2786885245901639,False,False,False
95938358124,Donec Dignissim Magna Foundation,3383,False,3383,2986,3539,False,False,False,0,False,False,False,2986,3539,553,0.0655737704918032,False,False,False
22267067774,Viverra Maecenas Iaculis Ltd,3384,False,3384,3295,3478,False,False,False,0,False,False,False,3295,3478,183,0.1147540983606557,False,False,False
80762852492,Nam Interdum Industries,3385,False,3385,3437,3013,False,False,False,0,False,False,False,3013,3437,424,0.0327868852459016,True,True,False
60963420870,In Felis LLP,3386,False,3386,3311,3246,False,False,False,0,False,False,False,3246,3386,140,0.0983606557377049,False,False,False
28537603098,Sodales Purus Incorporated,3387,False,3387,3443,3105,False,False,False,0,False,False,False,3105,3443,338,0.0655737704918032,False,False,False
37320515399,Quisque PC,3388,False,3388,3441,3469,False,False,False,0,False,False,False,3388,3469,81,0.2459016393442623,False,False,False
84056759251,Non Arcu Industries,3389,False,3389,3507,3336,False,False,False,0,False,False,False,3336,3507,171,0.0655737704918032,False,False,False
87214879575,Nulla At Sem Limited,3390,False,3390,3241,3494,False,False,False,0,False,False,False,3241,3494,253,0.6065573770491803,False,False,False
76241460849,Ullamcorper Duis Cursus Associates,3391,False,3391,3276,3356,False,False,False,0,False,False,False,3276,3391,115,0.1475409836065574,False,False,False
92068365770,Magnis Dis Parturient Foundation,3392,False,3392,3564,3036,False,False,False,0,False,False,False,3036,3564,528,0.0327868852459016,True,False,False
69058858940,Blandit PC,3393,False,3393,3181,3515,False,False,False,0,False,False,False,3181,3515,334,0.0327868852459016,True,False,False
28034382339,Elit Pretium Industries,3394,False,3394,3530,2996,False,False,False,0,False,False,False,2996,3530,534,0.0327868852459016,True,False,False
89073186125,Nec Tellus Corporation,3395,False,3395,3283,3471,False,False,False,0,False,False,False,3283,3471,188,0.3770491803278688,False,False,False
94269319521,Donec Nibh PC,3396,False,3396,3481,3044,False,False,False,0,False,False,False,3044,3481,437,0.0327868852459016,True,True,False
90058450104,Vel Turpis Consulting,3397,False,3397,3594,3354,False,False,False,0,False,False,False,3354,3594,240,0.180327868852459,False,False,False
27014190836,Arcu Industries,3398,False,3398,3428,3456,False,False,False,0,False,False,False,3398,3456,58,0.0655737704918032,False,False,False
83878211395,A Felis Company,3399,False,3399,3026,3536,False,False,False,0,False,False,False,3026,3536,510,0.0655737704918032,False,False,False
41331108470,Ante Ltd,3400,False,3400,3211,3464,False,False,False,0,False,False,False,3211,3464,253,0.3770491803278688,False,False,False
93018282444,Quis Pede Ltd,3401,False,3401,3431,3201,False,False,False,0,False,False,False,3201,3431,230,0.1147540983606557,False,False,False
48100934293,Natoque Penatibus Et Limited,3402,False,3402,3324,3448,False,False,False,0,False,False,False,3324,3448,124,0.3770491803278688,False,False,False
35906534450,Auctor Non Feugiat Corporation,3403,False,3403,3374,3440,False,False,False,0,False,False,False,3374,3440,66,0.0327868852459016,True,False,False
40996724992,Ut Cursus Foundation,3404,False,3404,3325,3503,False,False,False,0,False,False,False,3325,3503,178,0.180327868852459,False,False,False
28562620525,Aliquam Vulputate Ullamcorper Corp.,3405,False,3405,3348,3507,False,False,False,0,False,False,False,3348,3507,159,0.0327868852459016,True,False,False
94793419942,Eget LLP,3406,False,3406,3542,3074,False,False,False,0,False,False,False,3074,3542,468,0.0327868852459016,True,False,False
65027706740,Sed Orci Lobortis Company,3407,False,3407,3032,3524,False,False,False,0,False,False,False,3032,3524,492,0.3114754098360656,False,False,False
45461747256,Enim Sed Ltd,3408,False,3408,3194,3458,False,False,False,0,False,False,False,3194,3458,264,0.2131147540983606,False,False,False
55749740446,Sagittis Semper Nam Consulting,3409,False,3409,3189,3433,False,False,False,0,False,False,False,3189,3433,244,0.0327868852459016,True,False,False
99473039626,Sed Diam Industries,3410,False,3410,3001,3514,False,False,False,0,False,False,False,3001,3514,513,0.180327868852459,False,False,False
69726000438,Auctor Velit Eget Corp.,3411,False,3411,3652,3217,False,False,False,0,False,False,False,3217,3652,435,0.0327868852459016,True,False,False
34048570533,Interdum Libero Dui Company,3412,False,3412,3465,3423,False,False,False,0,False,False,False,3412,3465,53,0.0327868852459016,True,False,False
61812192237,Nunc Mauris Elit Corp.,3413,False,3413,3514,3080,False,False,False,0,False,False,False,3080,3514,434,0.0327868852459016,True,False,False
90689166680,Ante Nunc Mauris Corp.,3414,False,3414,3547,3140,False,False,False,0,False,False,False,3140,3547,407,0.0327868852459016,True,False,False
28504709344,Consequat Corp.,3415,False,3415,3645,3264,False,False,False,0,False,False,False,3264,3645,381,0.0655737704918032,False,False,False
56727542957,Phasellus In Ltd,3416,False,3416,3388,3412,False,False,False,0,False,False,False,3388,3416,28,0.1639344262295081,False,False,False
69883578383,Diam PC,3417,False,3417,3095,3527,False,False,False,0,False,False,False,3095,3527,432,0.2459016393442623,False,False,False
29032530325,Duis Incorporated,3418,False,3418,3358,3449,False,False,False,0,False,False,False,3358,3449,91,0.4426229508196722,False,False,False
87369323065,Quam Curabitur Vel Inc.,3419,False,3419,3339,3276,False,False,False,0,False,False,False,3276,3419,143,0.0327868852459016,True,False,False
25794433887,Lacus Cras Interdum Corporation,3420,False,3420,3110,3520,False,False,False,0,False,False,False,3110,3520,410,0.0983606557377049,False,False,False
14762929642,Dolor Nonummy Ac Corporation,3421,False,3421,3317,3421,False,False,False,0,False,False,False,3317,3421,104,0.3114754098360656,False,False,False
30440941247,Sit Amet Company,3422,False,3422,3701,3160,False,False,False,0,False,False,False,3160,3701,541,0.0327868852459016,True,False,False
56014638362,Laoreet Libero Foundation,3423,False,3423,3233,3463,False,False,False,0,False,False,False,3233,3463,230,0.0983606557377049,False,False,False
41081871148,Sem Consequat Institute,3424,False,3424,3517,3075,False,False,False,0,False,False,False,3075,3517,442,0.0327868852459016,True,False,False
75475698329,Vulputate Ullamcorper Magna Ltd,3425,False,3425,3240,3432,False,False,False,0,False,False,False,3240,3432,192,0.0983606557377049,False,False,False
99358609752,Egestas Nunc Consulting,3426,False,3426,3177,3547,False,False,False,0,False,False,False,3177,3547,370,0.3770491803278688,False,False,False
43892584139,Molestie Dapibus Ligula Corp.,3427,False,3427,3578,3436,False,False,False,0,False,False,False,3427,3578,151,0.3770491803278688,False,False,False
40711681376,Lorem Eu Consulting,3428,False,3428,3603,3395,False,False,False,0,False,False,False,3395,3603,208,0.2131147540983606,False,False,False
33076003501,Sem Eget Limited,3429,False,3429,3543,3415,False,False,False,0,False,False,False,3415,3543,128,0.3770491803278688,False,False,False
36494504426,Metus Aliquam Industries,3430,False,3430,3408,3417,False,False,False,0,False,False,False,3408,3430,22,0.2459016393442623,False,False,False
20036872831,In Industries,3431,False,3431,3371,3460,False,False,False,0,False,False,False,3371,3460,89,0.5737704918032787,False,False,False
87852604073,Dolor Elit Company,3432,False,3432,3455,3441,False,False,False,0,False,False,False,3432,3455,23,0.360655737704918,False,False,False
95042115737,Tortor At LLP,3433,False,3433,3342,3492,False,False,False,0,False,False,False,3342,3492,150,0.0327868852459016,True,False,False
81906511933,Sodales Purus In Ltd,3434,False,3434,3386,3516,False,False,False,0,False,False,False,3386,3516,130,0.0327868852459016,True,False,False
21003199892,Non Luctus Sit Foundation,3435,False,3435,3491,3512,False,False,False,0,False,False,False,3435,3512,77,0.3770491803278688,False,False,False
61939167097,Pede Cras Corp.,3436,False,3436,3485,3443,False,False,False,0,False,False,False,3436,3485,49,0.0655737704918032,False,True,False
59079680636,Velit Aliquam Foundation,3437,False,3437,3537,3049,False,False,False,0,False,False,False,3049,3537,488,0.0327868852459016,True,True,False
83421534972,Enim Mauris Quis Incorporated,3438,False,3438,3222,3523,False,False,False,0,False,False,False,3222,3523,301,0.2459016393442623,False,False,False
50457372084,Lacus Nulla Tincidunt Incorporated,3439,False,3439,3217,3517,False,False,False,0,False,False,False,3217,3517,300,0.2459016393442623,False,False,False
53042661217,Proin Velit Sed Ltd,3440,False,3440,3522,3128,False,False,False,0,False,False,False,3128,3522,394,0.0655737704918032,False,False,False
22395185606,Ut Corp.,3441,False,3441,3423,3495,False,False,False,0,False,False,False,3423,3495,72,0.0327868852459016,True,True,False
65168284301,Dui LLC,3442,False,3442,3261,3532,False,False,False,0,False,False,False,3261,3532,271,0.0983606557377049,False,True,False
30674020809,Phasellus Nulla Corp.,3443,False,3443,3459,3161,False,False,False,0,False,False,False,3161,3459,298,0.0327868852459016,True,False,False
82814082077,Quisque Incorporated,3444,False,3444,3288,3396,False,False,False,0,False,False,False,3288,3444,156,0.0655737704918032,False,False,False
59547553329,Phasellus Elit Consulting,3445,False,3445,3533,3375,False,False,False,0,False,False,False,3375,3533,158,0.0327868852459016,True,False,False
82465857700,Eu Accumsan Sed Industries,3446,False,3446,3492,3090,False,False,False,0,False,False,False,3090,3492,402,0.0327868852459016,True,False,False
13822969155,Pellentesque Habitant Morbi Associates,3447,False,3447,3510,3373,False,False,False,0,False,False,False,3373,3510,137,0.0327868852459016,True,False,False
89245892885,Lacus Associates,3448,False,3448,3445,3465,False,False,False,0,False,False,False,3445,3465,20,0.2622950819672131,False,False,False
82642449321,Ante Maecenas Corporation,3449,False,3449,3148,3485,False,False,False,0,False,False,False,3148,3485,337,0.2459016393442623,False,False,False
41697741069,Interdum Curabitur Limited,3450,False,3450,3291,3468,False,False,False,0,False,False,False,3291,3468,177,0.2622950819672131,False,False,False
70561019208,Nonummy Foundation,3451,False,3451,3486,3513,False,False,False,0,False,False,False,3451,3513,62,0.2459016393442623,False,False,False
12133839110,Et Eros Limited,3452,False,3452,3200,3543,False,False,False,0,False,False,False,3200,3543,343,0.0327868852459016,True,False,False
39700611505,Sollicitudin Inc.,3453,False,3453,3409,3511,False,False,False,0,False,False,False,3409,3511,102,0.2459016393442623,False,False,False
53918538787,In Tempus Inc.,3454,False,3454,2961,3564,False,False,False,0,False,False,False,2961,3564,603,0.0327868852459016,True,False,False
77421432003,Vehicula Foundation,3455,False,3455,3302,3506,False,False,False,0,False,False,False,3302,3506,204,0.3770491803278688,False,False,False
88253903277,Ultrices Iaculis Inc.,3456,False,3456,3550,3447,False,False,False,0,False,False,False,3447,3550,103,0.0327868852459016,True,False,False
86899611571,Euismod Mauris LLP,3457,False,3457,3432,3529,False,False,False,0,False,False,False,3432,3529,97,0.1639344262295081,False,False,False
33925457242,Non Quam LLP,3458,False,3458,3575,3068,False,False,False,0,False,False,False,3068,3575,507,0.0327868852459016,True,False,False
34440496342,Mauris Nulla Integer Industries,3459,False,3459,3557,3487,False,False,False,0,False,False,False,3459,3557,98,0.2622950819672131,False,False,False
11470993597,Sed Associates,3460,False,3460,3503,3497,False,False,False,0,False,False,False,3460,3503,43,0.4426229508196722,False,False,False
90920473693,Aliquet Metus PC,3461,False,3461,3385,3479,False,False,False,0,False,False,False,3385,3479,94,0.1147540983606557,False,False,False
89097490915,Quisque Libero Lacus Limited,3462,False,3462,3559,3461,False,False,False,0,False,False,False,3461,3559,98,0.0327868852459016,True,False,False
67138995619,Pede Cum Inc.,3463,False,3463,3589,3089,False,False,False,0,False,False,False,3089,3589,500,0.0327868852459016,True,False,False
40836710601,Velit Eu Sem Foundation,3464,False,3464,3553,3135,False,False,False,0,False,False,False,3135,3553,418,0.0327868852459016,True,False,False
86451920285,Libero Integer In Inc.,3465,False,3465,3367,3535,False,False,False,0,False,False,False,3367,3535,168,0.0327868852459016,True,False,False
97638827169,Rutrum PC,3466,False,3466,3322,3541,False,False,False,0,False,False,False,3322,3541,219,0.0655737704918032,False,False,False
93320824983,Nulla Dignissim Foundation,3467,False,3467,3444,3271,False,False,False,0,False,False,False,3271,3467,196,0.0327868852459016,True,False,False
85717338751,Convallis Company,3468,False,3468,3532,3467,False,False,False,0,False,False,False,3467,3532,65,0.1967213114754098,False,False,False
28311306642,Egestas Nunc Sed LLC,3469,False,3469,3442,3509,False,False,False,0,False,False,False,3442,3509,67,0.0,True,True,False
71376104230,Aliquam Rutrum Company,3470,False,3470,3609,3100,False,False,False,0,False,False,False,3100,3609,509,0.0327868852459016,True,False,False
19687751331,Nulla Semper LLP,3471,False,3471,3482,3518,False,False,False,0,False,False,False,3471,3518,47,0.2459016393442623,False,False,False
34430258507,Arcu Vivamus Sit Foundation,3472,False,3472,3593,3095,False,False,False,0,False,False,False,3095,3593,498,0.0327868852459016,True,False,False
23867882346,Mollis Phasellus Institute,3473,False,3473,3493,3505,False,False,False,0,False,False,False,3473,3505,32,0.0327868852459016,True,False,False
68480514246,Vitae Mauris Foundation,3474,False,3474,3546,3077,False,False,False,0,False,False,False,3077,3546,469,0.0327868852459016,True,True,False
87566366459,Amet Foundation,3475,False,3475,3568,3143,False,False,False,0,False,False,False,3143,3568,425,0.0327868852459016,True,False,False
40916035557,Phasellus Vitae Mauris Limited,3476,False,3476,3528,3493,False,False,False,0,False,False,False,3476,3528,52,0.1147540983606557,False,False,False
47422313909,Morbi Quis Urna LLP,3477,False,3477,3066,3583,False,False,False,0,False,False,False,3066,3583,517,0.1639344262295081,False,False,False
19770897283,Risus Duis Inc.,3478,False,3478,3560,3136,False,False,False,0,False,False,False,3136,3560,424,0.0327868852459016,True,False,False
25117003509,A Tortor LLP,3479,False,3479,3577,3099,False,False,False,0,False,False,False,3099,3577,478,0.0327868852459016,True,False,False
31323293694,Tellus Faucibus Leo Consulting,3480,False,3480,3576,3489,False,False,False,0,False,False,False,3480,3576,96,0.0983606557377049,False,False,False
71002398501,Ipsum Phasellus Corp.,3481,False,3481,3327,3482,False,False,False,0,False,False,False,3327,3482,155,0.2459016393442623,False,False,False
43078277216,Fermentum Risus Ltd,3482,False,3482,3545,3197,False,False,False,0,False,False,False,3197,3545,348,0.0327868852459016,True,False,False
69893361647,Egestas A Dui Corp.,3483,False,3483,3489,3525,False,False,False,0,False,False,False,3483,3525,42,0.4098360655737705,False,False,False
22615718811,Et Ipsum Cursus LLC,3484,False,3484,3480,3253,False,False,False,0,False,False,False,3253,3484,231,0.0327868852459016,True,False,False
95276443363,Erat LLP,3485,False,3485,3632,3385,False,False,False,0,False,False,False,3385,3632,247,0.0327868852459016,True,False,False
69184324876,Lorem Vitae Odio Industries,3486,False,3486,3398,3554,False,False,False,0,False,False,False,3398,3554,156,0.2131147540983606,False,False,False
41027080823,Dolor Donec Ltd,3487,False,3487,3456,3533,False,False,False,0,False,False,False,3456,3533,77,0.0327868852459016,True,False,False
81790520013,Magna Praesent Interdum Incorporated,3488,False,3488,3411,3556,False,False,False,0,False,False,False,3411,3556,145,0.2131147540983606,False,False,False
42077919948,Nec Tempus Institute,3489,False,3489,3512,3501,False,False,False,0,False,False,False,3489,3512,23,0.2786885245901639,False,False,False
41877503091,Lacus Vestibulum Lorem PC,3490,False,3490,3554,3094,False,False,False,0,False,False,False,3094,3554,460,0.0327868852459016,True,False,False
32598536052,Feugiat Lorem Ipsum Industries,3491,False,3491,3596,3175,False,False,False,0,False,False,False,3175,3596,421,0.0327868852459016,True,False,False
28836033916,Velit In Incorporated,3492,False,3492,3509,3166,False,False,False,0,False,False,False,3166,3509,343,0.0327868852459016,True,False,False
85684792409,Risus Donec Nibh LLC,3493,False,3493,3569,3109,False,False,False,0,False,False,False,3109,3569,460,0.0327868852459016,True,False,False
17189523131,Fusce Aliquet Limited,3494,False,3494,3597,3168,False,False,False,0,False,False,False,3168,3597,429,0.0655737704918032,False,False,False
74959624448,Ornare Facilisis Corporation,3495,False,3495,3139,3530,False,False,False,0,False,False,False,3139,3530,391,0.2622950819672131,False,False,False
16334864366,Curabitur LLP,3496,False,3496,3615,3483,False,False,False,0,False,False,False,3483,3615,132,0.0327868852459016,True,False,False
67437008946,Id Magna Institute,3497,False,3497,3588,3491,False,False,False,0,False,False,False,3491,3588,97,0.0327868852459016,True,False,False
60646270419,Hendrerit Donec Porttitor Inc.,3498,False,3498,3366,3488,False,False,False,0,False,False,False,3366,3498,132,0.0983606557377049,False,False,False
56993545247,Integer Vitae LLP,3499,False,3499,3490,3477,False,False,False,0,False,False,False,3477,3499,22,0.180327868852459,False,False,False
35246778333,Vitae Velit Egestas Industries,3500,False,3500,3289,3521,False,False,False,0,False,False,False,3289,3521,232,0.0655737704918032,False,False,False
70498641647,Elit Corporation,3501,False,3501,3251,3582,False,False,False,0,False,False,False,3251,3582,331,0.0655737704918032,False,False,False
56519940783,Malesuada Limited,3502,False,3502,3540,3555,False,False,False,0,False,False,False,3502,3555,53,0.4590163934426229,False,False,False
28385291716,Vel Arcu Curabitur Inc.,3503,False,3503,3092,3542,False,False,False,0,False,False,False,3092,3542,450,0.2459016393442623,False,True,False
79070032105,Sem Egestas Associates,3504,False,3504,3002,3627,False,False,False,0,False,False,False,3002,3627,625,0.0327868852459016,True,False,False
33790986203,Sed Consequat Corporation,3505,False,3505,3297,3576,False,False,False,0,False,False,False,3297,3576,279,0.2131147540983606,False,False,False
35754571357,Ante Dictum Incorporated,3506,False,3506,3307,3459,False,False,False,0,False,False,False,3307,3506,199,0.0327868852459016,True,False,False
16002602393,Suscipit Est Ac Corporation,3507,False,3507,3494,3551,False,False,False,0,False,False,False,3494,3551,57,0.0327868852459016,True,True,False
69202616607,Sit Amet Consectetuer Incorporated,3508,False,3508,3583,3561,False,False,False,0,False,False,False,3508,3583,75,0.5737704918032787,False,False,False
98850646791,Sapien Industries,3509,False,3509,3544,3538,False,False,False,0,False,False,False,3509,3544,35,0.0655737704918032,False,False,False
35267193658,Magna Ltd,3510,False,3510,3468,3347,False,False,False,0,False,False,False,3347,3510,163,0.0327868852459016,True,False,False
31400548982,Non Egestas PC,3511,False,3511,3515,3568,False,False,False,0,False,False,False,3511,3568,57,0.0655737704918032,False,True,False
48687812209,Eu Enim LLC,3512,False,3512,3673,3476,False,False,False,0,False,False,False,3476,3673,197,0.0327868852459016,True,False,False
13066244467,Ac Orci Industries,3513,False,3513,3495,3586,False,False,False,0,False,False,False,3495,3586,91,0.0327868852459016,True,False,False
92594285117,Donec Foundation,3514,False,3514,3638,3239,False,False,False,0,False,False,False,3239,3638,399,0.0327868852459016,True,False,False
38251474462,Ipsum Dolor LLC,3515,False,3515,3667,3134,False,False,False,0,False,False,False,3134,3667,533,0.0327868852459016,True,False,False
36325756075,Amet Diam Ltd,3516,False,3516,3452,3571,False,False,False,0,False,False,False,3452,3571,119,0.0983606557377049,False,False,False
10881038707,Sed Facilisis Vitae Incorporated,3517,False,3517,3430,3607,False,False,False,0,False,False,False,3430,3607,177,0.1147540983606557,False,True,False
76722958482,Fusce Aliquam Incorporated,3518,False,3518,3527,3575,False,False,False,0,False,False,False,3518,3575,57,0.0327868852459016,True,False,False
86269318582,Mauris Ut Mi Corporation,3519,False,3519,3637,3557,False,False,False,0,False,False,False,3519,3637,118,0.2459016393442623,False,False,False
38425242099,In Felis Foundation,3520,False,3520,3436,3559,False,False,False,0,False,False,False,3436,3559,123,0.4754098360655737,False,False,False
81231087950,Quisque Tincidunt Incorporated,3521,False,3521,3253,3641,False,False,False,0,False,False,False,3253,3641,388,0.0983606557377049,False,False,False
32821775372,Mollis Phasellus Libero Inc.,3522,False,3522,3599,3472,False,False,False,0,False,False,False,3472,3599,127,0.0327868852459016,True,False,False
98028977660,Aliquet Vel PC,3523,False,3523,3106,3638,False,False,False,0,False,False,False,3106,3638,532,0.2459016393442623,False,False,False
48381670641,Mi Pede Associates,3524,False,3524,3581,3579,False,False,False,0,False,False,False,3524,3581,57,0.2459016393442623,False,False,False
73266193202,Velit In Aliquet Inc.,3525,False,3525,3271,3619,False,False,False,0,False,False,False,3271,3619,348,0.0983606557377049,False,False,False
42454170286,Nunc Institute,3526,False,3526,3625,3445,False,False,False,0,False,False,False,3445,3625,180,0.1967213114754098,False,False,False
13900607417,Pharetra Institute,3527,False,3527,3567,3558,False,False,False,0,False,False,False,3527,3567,40,0.0327868852459016,True,False,False
76934435529,Tellus Id Nunc Inc.,3528,False,3528,3440,3500,False,False,False,0,False,False,False,3440,3528,88,0.1147540983606557,False,False,False
53877856360,Sem Magna Company,3529,False,3529,3064,3645,False,False,False,0,False,False,False,3064,3645,581,0.2459016393442623,False,True,False
34978524408,Nec Imperdiet LLP,3530,False,3530,3483,3475,False,False,False,0,False,False,False,3475,3530,55,0.0655737704918032,False,False,False
21667845371,Ante Vivamus Company,3531,False,3531,3585,3553,False,False,False,0,False,False,False,3531,3585,54,0.0655737704918032,False,False,False
77617184086,Metus Vivamus Euismod LLP,3532,False,3532,3656,3519,False,False,False,0,False,False,False,3519,3656,137,0.0491803278688525,True,False,False
21384345425,Magnis Dis Parturient PC,3533,False,3533,3612,3156,False,False,False,0,False,False,False,3156,3612,456,0.0655737704918032,False,True,False
93095540883,Ut Molestie Incorporated,3534,False,3534,3653,3186,False,False,False,0,False,False,False,3186,3653,467,0.0327868852459016,True,False,False
83137200038,Nisi Nibh LLP,3535,False,3535,3654,3531,False,False,False,0,False,False,False,3531,3654,123,0.2459016393442623,False,False,False
41378282924,Vulputate PC,3536,False,3536,3616,3208,False,False,False,0,False,False,False,3208,3616,408,0.0983606557377049,False,False,False
91166993316,In Magna LLP,3537,False,3537,3499,3592,False,False,False,0,False,False,False,3499,3592,93,0.2459016393442623,False,False,False
34591758600,A Consulting,3538,False,3538,3655,3560,False,False,False,0,False,False,False,3538,3655,117,0.1967213114754098,False,False,False
95037235405,Suspendisse Non Institute,3539,False,3539,3369,3452,False,False,False,0,False,False,False,3369,3539,170,0.0655737704918032,False,False,False
21437482304,Consectetuer Adipiscing Corp.,3540,False,3540,3501,3426,False,False,False,0,False,False,False,3426,3540,114,0.0327868852459016,True,False,False
92403716863,Torquent Per Associates,3541,False,3541,3415,3548,False,False,False,0,False,False,False,3415,3548,133,0.2131147540983606,False,False,False
98649976089,Egestas Fusce Industries,3542,False,3542,3644,3540,False,False,False,0,False,False,False,3540,3644,104,0.0655737704918032,False,False,False
54790190524,Ac Ltd,3543,False,3543,3250,3590,False,False,False,0,False,False,False,3250,3590,340,0.0327868852459016,True,False,False
13108046922,Luctus Limited,3544,False,3544,3601,3587,False,False,False,0,False,False,False,3544,3601,57,0.2459016393442623,False,False,False
97164071366,Augue Sed Institute,3545,False,3545,3639,3281,False,False,False,0,False,False,False,3281,3639,358,0.081967213114754,False,False,False
61728854460,Elit Pharetra PC,3546,False,3546,3584,3534,False,False,False,0,False,False,False,3534,3584,50,0.0327868852459016,True,False,False
74423856957,Convallis Ligula Donec Corp.,3547,False,3547,3498,3572,False,False,False,0,False,False,False,3498,3572,74,0.5245901639344263,False,False,False
71649111610,At LLP,3548,False,3548,3399,3550,False,False,False,0,False,False,False,3399,3550,151,0.2459016393442623,False,False,False
20774839004,Laoreet Lectus Limited,3549,False,3549,3354,3603,False,False,False,0,False,False,False,3354,3603,249,0.0327868852459016,True,False,False
72064300998,Fringilla Ornare Corporation,3550,False,3550,3529,3611,False,False,False,0,False,False,False,3529,3611,82,0.0655737704918032,False,True,False
31595398112,Enim Company,3551,False,3551,3633,3526,False,False,False,0,False,False,False,3526,3633,107,0.0491803278688525,True,False,False
62596784370,Nec Imperdiet Company,3552,False,3552,3624,3301,False,False,False,0,False,False,False,3301,3624,323,0.0327868852459016,True,False,False
59153557367,Magna Ut Incorporated,3553,False,3553,3525,3617,False,False,False,0,False,False,False,3525,3617,92,0.0327868852459016,True,False,False
75178170066,Sit Amet Diam Corporation,3554,False,3554,3548,3624,False,False,False,0,False,False,False,3548,3624,76,0.0327868852459016,True,False,False
34473591341,Dui Semper PC,3555,False,3555,3447,3597,False,False,False,0,False,False,False,3447,3597,150,0.2459016393442623,False,False,False
45558962649,Luctus Industries,3556,False,3556,3319,3637,False,False,False,0,False,False,False,3319,3637,318,0.1639344262295081,False,False,False
18714755910,Feugiat Non Lobortis Ltd,3557,False,3557,3648,3584,False,False,False,0,False,False,False,3557,3648,91,0.0655737704918032,False,False,False
41594644510,Dolor Incorporated,3558,False,3558,3604,3266,False,False,False,0,False,False,False,3266,3604,338,0.0327868852459016,True,False,False
15010840269,Elit Erat Ltd,3559,False,3559,3506,3355,False,False,False,0,False,False,False,3355,3559,204,0.0327868852459016,True,False,False
51759688899,Duis Risus Corp.,3560,False,3560,3484,3508,False,False,False,0,False,False,False,3484,3560,76,0.0655737704918032,False,False,False
96230979998,Leo Vivamus LLC,3561,False,3561,3454,3655,False,False,False,0,False,False,False,3454,3655,201,0.2459016393442623,False,False,False
56683290946,Duis Mi LLC,3562,False,3562,3647,3600,False,False,False,0,False,False,False,3562,3647,85,0.2459016393442623,False,False,False
62379298278,Vitae Purus Industries,3563,False,3563,3686,3292,False,False,False,0,False,False,False,3292,3686,394,0.0327868852459016,True,False,False
25103945596,Gravida Sagittis Limited,3564,False,3564,3691,3537,False,False,False,0,False,False,False,3537,3691,154,0.0327868852459016,True,False,False
83702983188,Nunc In PC,3565,False,3565,3605,3383,False,False,False,0,False,False,False,3383,3605,222,0.0327868852459016,True,False,False
94110063346,Magna Praesent Interdum Industries,3566,False,3566,3659,3181,False,False,False,0,False,False,False,3181,3659,478,0.0327868852459016,True,True,False
78563968372,Lorem Incorporated,3567,False,3567,3661,3598,False,False,False,0,False,False,False,3567,3661,94,0.0983606557377049,False,False,False
16500351705,Sociosqu Corporation,3568,False,3568,3439,3580,False,False,False,0,False,False,False,3439,3580,141,0.2459016393442623,False,False,False
98121323050,Accumsan Convallis Ltd,3569,False,3569,3620,3610,False,False,False,0,False,False,False,3569,3620,51,0.0655737704918032,False,False,False
22298599094,Hymenaeos Ltd,3570,False,3570,3598,3552,False,False,False,0,False,False,False,3552,3598,46,0.3114754098360656,False,False,False
71922512366,Ligula Consectetuer Institute,3571,False,3571,3690,3403,False,False,False,0,False,False,False,3403,3690,287,0.2131147540983606,False,False,False
22792191490,Vulputate Nisi Limited,3572,False,3572,3381,3633,False,False,False,0,False,False,False,3381,3633,252,0.0327868852459016,True,False,False
98020727651,Turpis Egestas Corporation,3573,False,3573,3427,3612,False,False,False,0,False,False,False,3427,3612,185,0.0655737704918032,False,False,False
50921929340,Aliquet Odio Ltd,3574,False,3574,3704,3188,False,False,False,0,False,False,False,3188,3704,516,0.0327868852459016,True,False,False
15353137412,Semper Pretium PC,3575,False,3575,3670,3565,False,False,False,0,False,False,False,3565,3670,105,0.0655737704918032,False,False,False
93090969200,Eu Eleifend Nec PC,3576,False,3576,3619,3578,False,False,False,0,False,False,False,3576,3619,43,0.0327868852459016,True,False,False
12037481016,Consequat LLP,3577,False,3577,3392,3602,False,False,False,0,False,False,False,3392,3602,210,0.0983606557377049,False,False,False
30280912400,Mauris Erat Corp.,3578,False,3578,3675,3193,False,False,False,0,False,False,False,3193,3675,482,0.0327868852459016,True,True,False
70118030493,Ut Tincidunt Ltd,3579,False,3579,3668,3574,False,False,False,0,False,False,False,3574,3668,94,0.0327868852459016,True,False,False
13473158710,Tempor Lorem Eget Incorporated,3580,False,3580,3391,3593,False,False,False,0,False,False,False,3391,3593,202,0.0327868852459016,True,False,False
60061618643,Aliquet Vel Vulputate Ltd,3581,False,3581,3658,3585,False,False,False,0,False,False,False,3581,3658,77,0.0327868852459016,True,False,False
73668345880,Tincidunt Nunc Ac LLP,3582,False,3582,3744,3474,False,False,False,0,False,False,False,3474,3744,270,0.0327868852459016,True,False,False
32943566946,Ante Ipsum LLC,3583,False,3583,3328,3595,False,False,False,0,False,False,False,3328,3595,267,0.0327868852459016,True,False,False
78279649113,Habitant Morbi Incorporated,3584,False,3584,3477,3628,False,False,False,0,False,False,False,3477,3628,151,0.1639344262295081,False,False,False
64143552561,Fusce Feugiat Associates,3585,False,3585,3268,3663,False,False,False,0,False,False,False,3268,3663,395,0.0327868852459016,True,True,False
31471800699,Egestas Aliquam Corp.,3586,False,3586,3671,3567,False,False,False,0,False,False,False,3567,3671,104,0.2459016393442623,False,False,False
38367446372,Erat Vivamus Limited,3587,False,3587,3344,3650,False,False,False,0,False,False,False,3344,3650,306,0.180327868852459,False,False,False
20352820919,A Feugiat Inc.,3588,False,3588,3677,3219,False,False,False,0,False,False,False,3219,3677,458,0.0327868852459016,True,False,False
59477140425,Amet Orci Ut LLP,3589,False,3589,3748,3484,False,False,False,0,False,False,False,3484,3748,264,0.0327868852459016,True,False,False
32619416776,Quis Massa Ltd,3590,False,3590,3681,3562,False,False,False,0,False,False,False,3562,3681,119,0.0327868852459016,True,False,False
70067721091,Aenean LLC,3591,False,3591,3413,3626,False,False,False,0,False,False,False,3413,3626,213,0.0983606557377049,False,False,False
68591542501,Felis Ltd,3592,False,3592,3280,3664,False,False,False,0,False,False,False,3280,3664,384,0.0327868852459016,True,True,False
42950328371,Tempus Non Corp.,3593,False,3593,3700,3569,False,False,False,0,False,False,False,3569,3700,131,0.0327868852459016,True,False,False
20877828351,Semper Dui LLP,3594,False,3594,3672,3297,False,False,False,0,False,False,False,3297,3672,375,0.0327868852459016,True,False,False
13986396343,Nulla In Inc.,3595,False,3595,3416,3596,False,False,False,0,False,False,False,3416,3596,180,0.0655737704918032,False,False,False
91744809343,Egestas Associates,3596,False,3596,3646,3581,False,False,False,0,False,False,False,3581,3646,65,0.0327868852459016,True,False,False
10922217544,Justo Associates,3597,False,3597,3727,3563,False,False,False,0,False,False,False,3563,3727,164,0.0327868852459016,True,False,False
34178940059,Scelerisque Dui Foundation,3598,False,3598,3539,3510,False,False,False,0,False,False,False,3510,3598,88,0.0327868852459016,True,False,False
63862862264,Habitant Inc.,3599,False,3599,3516,3618,False,False,False,0,False,False,False,3516,3618,102,0.1311475409836066,False,False,False
52985233084,Feugiat Non Inc.,3600,False,3600,3728,3616,False,False,False,0,False,False,False,3600,3728,128,0.1639344262295081,False,False,False
32610248934,Mauris Non Dui PC,3601,False,3601,3526,3631,False,False,False,0,False,False,False,3526,3631,105,0.4426229508196722,False,False,False
72300821269,Sem Egestas Blandit Consulting,3602,False,3602,3730,3223,False,False,False,0,False,False,False,3223,3730,507,0.0327868852459016,True,True,False
86596364671,Pellentesque Eget Foundation,3603,False,3603,3688,3642,False,False,False,0,False,False,False,3603,3688,85,0.0655737704918032,False,False,False
66952421200,Vitae Sodales Institute,3604,False,3604,3582,3620,False,False,False,0,False,False,False,3582,3620,38,0.2459016393442623,False,False,False
57937788884,In Felis Ltd,3605,False,3605,3457,3674,False,False,False,0,False,False,False,3457,3674,217,0.081967213114754,False,False,False
56939946451,Neque Et Corporation,3606,False,3606,3642,3636,False,False,False,0,False,False,False,3606,3642,36,0.0327868852459016,True,False,False
79485323533,Libero Donec Associates,3607,False,3607,3713,3629,False,False,False,0,False,False,False,3607,3713,106,0.0327868852459016,True,False,False
83691794327,Porttitor Ltd,3608,False,3608,3739,3589,False,False,False,0,False,False,False,3589,3739,150,0.1639344262295081,False,False,False
42420316138,Ipsum Corp.,3609,False,3609,3312,3684,False,False,False,0,False,False,False,3312,3684,372,0.0327868852459016,True,False,False
62708477486,Gravida Sagittis Institute,3610,False,3610,3626,3623,False,False,False,0,False,False,False,3610,3626,16,0.0327868852459016,True,True,False
66499078575,Enim Sed Corp.,3611,False,3611,3678,3622,False,False,False,0,False,False,False,3611,3678,67,0.0327868852459016,True,False,False
16377211887,Gravida Mauris PC,3612,False,3612,3641,3649,False,False,False,0,False,False,False,3612,3649,37,0.2131147540983606,False,False,False
50951615219,Mauris Aliquam Eu Incorporated,3613,False,3613,3387,3692,False,False,False,0,False,False,False,3387,3692,305,0.1639344262295081,False,False,False
54089653894,Leo PC,3614,False,3614,3396,3688,False,False,False,0,False,False,False,3396,3688,292,0.0983606557377049,False,False,False
31861513116,Parturient Montes Nascetur Corp.,3615,False,3615,3723,3599,False,False,False,0,False,False,False,3599,3723,124,0.0327868852459016,True,False,False
87284273126,Libero Mauris Inc.,3616,False,3616,3698,3632,False,False,False,0,False,False,False,3616,3698,82,0.0327868852459016,True,False,False
51589191140,Amet Ornare Lectus Corp.,3617,False,3617,3629,3625,False,False,False,0,False,False,False,3617,3629,12,0.0655737704918032,False,False,False
75547072158,Velit Institute,3618,False,3618,3534,3601,False,False,False,0,False,False,False,3534,3618,84,0.0655737704918032,False,False,False
94951665897,Congue In Incorporated,3619,False,3619,3306,3689,False,False,False,0,False,False,False,3306,3689,383,0.3770491803278688,False,False,False
82499272010,Sed Eget Foundation,3620,False,3620,3566,3608,False,False,False,0,False,False,False,3566,3620,54,0.2459016393442623,False,False,False
67223193770,Proin LLP,3621,False,3621,3720,3613,False,False,False,0,False,False,False,3613,3720,107,0.0327868852459016,True,False,False
56210484274,Eget Odio PC,3622,False,3622,3579,3621,False,False,False,0,False,False,False,3579,3622,43,0.360655737704918,False,False,False
80338507655,Arcu Sed Incorporated,3623,False,3623,3732,3528,False,False,False,0,False,False,False,3528,3732,204,0.0327868852459016,True,False,False
35194643826,Orci Industries,3624,False,3624,3473,3604,False,False,False,0,False,False,False,3473,3624,151,0.0327868852459016,True,False,False
55878420190,Ultrices Mauris PC,3625,False,3625,3390,3705,False,False,False,0,False,False,False,3390,3705,315,0.0983606557377049,False,False,False
75289356942,Risus Odio LLP,3626,False,3626,3718,3591,False,False,False,0,False,False,False,3591,3718,127,0.0327868852459016,True,False,False
93732268717,Tellus Nunc Industries,3627,False,3627,3694,3414,False,False,False,0,False,False,False,3414,3694,280,0.0327868852459016,True,False,False
43065448760,Curae Donec Foundation,3628,False,3628,3412,3703,False,False,False,0,False,False,False,3412,3703,291,0.0983606557377049,False,False,False
12182018430,Integer In Ltd,3629,False,3629,3680,3360,False,False,False,0,False,False,False,3360,3680,320,0.0327868852459016,True,True,False
39580029434,Nulla Cras Ltd,3630,False,3630,3742,3234,False,False,False,0,False,False,False,3234,3742,508,0.0327868852459016,True,True,False
61766463985,Integer Vulputate Foundation,3631,False,3631,3600,3498,False,False,False,0,False,False,False,3498,3631,133,0.0327868852459016,True,False,False
89029397913,Elit Incorporated,3632,False,3632,3715,3408,False,False,False,0,False,False,False,3408,3715,307,0.2459016393442623,False,False,False
93720983561,Donec Luctus Aliquet Inc.,3633,False,3633,3735,3291,False,False,False,0,False,False,False,3291,3735,444,0.0327868852459016,True,False,False
12840456630,Purus Inc.,3634,False,3634,3703,3606,False,False,False,0,False,False,False,3606,3703,97,0.0327868852459016,True,False,False
74882079282,Mattis Ornare LLP,3635,False,3635,3628,3697,False,False,False,0,False,False,False,3628,3697,69,0.0327868852459016,True,False,False
65600957125,Orci Luctus Inc.,3636,False,3636,3722,3609,False,False,False,0,False,False,False,3609,3722,113,0.2459016393442623,False,False,False
30900210196,Sem Magna Nec Industries,3637,False,3637,3397,3648,False,False,False,0,False,False,False,3397,3648,251,0.0655737704918032,False,False,False
72692207411,Suspendisse PC,3638,False,3638,3394,3665,False,False,False,0,False,False,False,3394,3665,271,0.0327868852459016,True,False,False
98416715677,Ipsum Curabitur Incorporated,3639,False,3639,3572,3615,False,False,False,0,False,False,False,3572,3639,67,0.0491803278688525,True,False,False
14602793938,Cursus Vestibulum LLP,3640,False,3640,3504,3683,False,False,False,0,False,False,False,3504,3683,179,0.2459016393442623,False,False,False
56597561444,Eget Volutpat Corp.,3641,False,3641,3731,3284,False,False,False,0,False,False,False,3284,3731,447,0.0655737704918032,False,False,False
46666227102,Nulla Semper Corp.,3642,False,3642,3712,3662,False,False,False,0,False,False,False,3642,3712,70,0.0327868852459016,True,False,False
86137100428,Orci Company,3643,False,3643,3765,3605,False,False,False,0,False,False,False,3605,3765,160,0.0327868852459016,True,False,False
72762528640,Sit Amet Risus Associates,3644,False,3644,3804,3570,False,False,False,0,False,False,False,3570,3804,234,0.0327868852459016,True,False,False
96809815920,Elit Elit PC,3645,False,3645,3706,3640,False,False,False,0,False,False,False,3640,3706,66,0.0327868852459016,True,False,False
78957925458,Volutpat Nunc Institute,3646,False,3646,3719,3679,False,False,False,0,False,False,False,3646,3719,73,0.2131147540983606,False,False,False
12847992240,Nec Enim Company,3647,False,3647,3710,3672,False,False,False,0,False,False,False,3647,3710,63,0.0327868852459016,True,False,False
16903677169,Quis Lectus Nullam PC,3648,False,3648,3592,3544,False,False,False,0,False,False,False,3544,3648,104,0.0327868852459016,True,False,False
52375327397,A Purus Consulting,3649,False,3649,3747,3659,False,False,False,0,False,False,False,3649,3747,98,0.0327868852459016,True,False,False
63948574402,Elit Pharetra Incorporated,3650,False,3650,3721,3634,False,False,False,0,False,False,False,3634,3721,87,0.0327868852459016,True,False,False
33108281623,Lectus LLP,3651,False,3651,3640,3677,False,False,False,0,False,False,False,3640,3677,37,0.2459016393442623,False,False,False
25245001422,Enim Sit Amet Industries,3652,False,3652,3587,3588,False,False,False,0,False,False,False,3587,3652,65,0.0327868852459016,True,False,False
97206517936,Ac Urna Limited,3653,False,3653,3561,3706,False,False,False,0,False,False,False,3561,3706,145,0.0983606557377049,False,False,False
76094539803,Rutrum Justo Corporation,3654,False,3654,3724,3666,False,False,False,0,False,False,False,3654,3724,70,0.0327868852459016,True,False,False
46429297007,Magnis Dis Institute,3655,False,3655,3785,3566,False,False,False,0,False,False,False,3566,3785,219,0.0327868852459016,True,False,False
63735907565,Vel Associates,3656,False,3656,3622,3545,False,False,False,0,False,False,False,3545,3656,111,0.0655737704918032,False,False,False
81917023918,Et Corp.,3657,False,3657,3521,3656,False,False,False,0,False,False,False,3521,3657,136,0.0327868852459016,True,False,False
96568074533,Placerat Associates,3658,False,3658,3602,3671,False,False,False,0,False,False,False,3602,3671,69,0.0327868852459016,True,False,False
64185141673,Maecenas Corp.,3659,False,3659,3500,3695,False,False,False,0,False,False,False,3500,3695,195,0.0655737704918032,False,False,False
68398369995,Ultricies Ornare Consulting,3660,False,3660,3448,3690,False,False,False,0,False,False,False,3448,3690,242,0.0327868852459016,True,False,False
81986204097,Donec Fringilla Foundation,3661,False,3661,3555,3709,False,False,False,0,False,False,False,3555,3709,154,0.2622950819672131,False,False,False
41171731175,Consectetuer Limited,3662,False,3662,3424,3720,False,False,False,0,False,False,False,3424,3720,296,0.0327868852459016,True,False,False
64033337945,In Lobortis Limited,3663,False,3663,3802,3522,False,False,False,0,False,False,False,3522,3802,280,0.0327868852459016,True,False,False
88999491954,Turpis Aliquam LLC,3664,False,3664,3595,3696,False,False,False,0,False,False,False,3595,3696,101,0.0327868852459016,True,True,False
41686800806,Mus Aenean Consulting,3665,False,3665,3676,3700,False,False,False,0,False,False,False,3665,3700,35,0.0327868852459016,True,False,False
51294980477,Vitae Aliquet Nec Corporation,3666,False,3666,3649,3680,False,False,False,0,False,False,False,3649,3680,31,0.0327868852459016,True,False,False
50142652861,Vel Lectus Cum Inc.,3667,False,3667,3733,3653,False,False,False,0,False,False,False,3653,3733,80,0.0655737704918032,False,False,False
43454001249,Quisque Purus Associates,3668,False,3668,3449,3711,False,False,False,0,False,False,False,3449,3711,262,0.0983606557377049,False,False,False
34455283435,Ac Fermentum Company,3669,False,3669,3745,3682,False,False,False,0,False,False,False,3669,3745,76,0.0327868852459016,True,True,False
61639583117,Tincidunt Nunc Institute,3670,False,3670,3523,3673,False,False,False,0,False,False,False,3523,3673,150,0.0983606557377049,False,False,False
86145109204,Non Quam Incorporated,3671,False,3671,3666,3630,False,False,False,0,False,False,False,3630,3671,41,0.3278688524590164,False,False,False
23322235350,Dui Incorporated,3672,False,3672,3737,3704,False,False,False,0,False,False,False,3672,3737,65,0.0327868852459016,True,False,False
37759101222,Erat PC,3673,False,3673,3611,3733,False,False,False,0,False,False,False,3611,3733,122,0.0327868852459016,True,False,False
53872162300,Cursus LLP,3674,False,3674,3758,3685,False,False,False,0,False,False,False,3674,3758,84,0.0983606557377049,False,False,False
95149235949,Et Nunc Inc.,3675,False,3675,3754,3676,False,False,False,0,False,False,False,3675,3754,79,0.0327868852459016,True,False,False
64821359458,Luctus Curabitur Ltd,3676,False,3676,3425,3742,False,False,False,0,False,False,False,3425,3742,317,0.1147540983606557,False,False,False
78040474274,Non Ante Consulting,3677,False,3677,3780,3670,False,False,False,0,False,False,False,3670,3780,110,0.0327868852459016,True,False,False
98065308169,Magna A Corp.,3678,False,3678,3707,3577,False,False,False,0,False,False,False,3577,3707,130,0.0327868852459016,True,False,False
14675858680,Sollicitudin Adipiscing LLC,3679,False,3679,3580,3678,False,False,False,0,False,False,False,3580,3679,99,0.0655737704918032,False,False,False
22090875218,Aliquam Auctor Institute,3680,False,3680,3773,3712,False,False,False,0,False,False,False,3680,3773,93,0.2459016393442623,False,False,False
14089706307,Donec Institute,3681,False,3681,3631,3646,False,False,False,0,False,False,False,3631,3681,50,0.1147540983606557,False,False,False
69133284840,Libero Est Congue Incorporated,3682,False,3682,3699,3694,False,False,False,0,False,False,False,3682,3699,17,0.0655737704918032,False,False,False
88644745666,Orci Adipiscing Non LLC,3683,False,3683,3769,3651,False,False,False,0,False,False,False,3651,3769,118,0.0327868852459016,True,False,False
21498909695,Cras Vulputate LLP,3684,False,3684,3606,3701,False,False,False,0,False,False,False,3606,3701,95,0.0655737704918032,False,False,False
74845501802,Aliquam Ltd,3685,False,3685,3613,3728,False,False,False,0,False,False,False,3613,3728,115,0.0655737704918032,False,False,False
14955471775,A Associates,3686,False,3686,3562,3660,False,False,False,0,False,False,False,3562,3686,124,0.0983606557377049,False,False,False
88935026131,Morbi Neque Associates,3687,False,3687,3617,3702,False,False,False,0,False,False,False,3617,3702,85,0.0327868852459016,True,False,False
47480497674,Sem Nulla LLP,3688,False,3688,3787,3681,False,False,False,0,False,False,False,3681,3787,106,0.0327868852459016,True,False,False
63796115293,Vitae Semper Egestas Institute,3689,False,3689,3716,3675,False,False,False,0,False,False,False,3675,3716,41,0.0327868852459016,True,False,False
37815517789,Odio PC,3690,False,3690,3395,3736,False,False,False,0,False,False,False,3395,3736,341,0.0983606557377049,False,True,False
61243536058,Facilisis Corporation,3691,False,3691,3808,3669,False,False,False,0,False,False,False,3669,3808,139,0.0327868852459016,True,False,False
93932766844,Mauris Eu Institute,3692,False,3692,3446,3732,False,False,False,0,False,False,False,3446,3732,286,0.0327868852459016,True,False,False
59873499253,Velit Associates,3693,False,3693,3783,3699,False,False,False,0,False,False,False,3693,3783,90,0.0327868852459016,True,False,False
76618399784,At Lacus LLP,3694,False,3694,3451,3744,False,False,False,0,False,False,False,3451,3744,293,0.2131147540983606,False,False,False
66741987958,Aliquam Gravida Incorporated,3695,False,3695,3635,3743,False,False,False,0,False,False,False,3635,3743,108,0.0655737704918032,False,False,False
76419655212,Suspendisse Sagittis Nullam Company,3696,False,3696,3827,3643,False,False,False,0,False,False,False,3643,3827,184,0.0327868852459016,True,False,False
49736594003,Volutpat Ornare Associates,3697,False,3697,3643,3715,False,False,False,0,False,False,False,3643,3715,72,0.1147540983606557,False,False,False
19757865821,Orci Phasellus Dapibus PC,3698,False,3698,3478,3767,False,False,False,0,False,False,False,3478,3767,289,0.0983606557377049,False,False,False
25737175575,Congue Elit LLC,3699,False,3699,3458,3755,False,False,False,0,False,False,False,3458,3755,297,0.0327868852459016,True,False,False
47192976569,Ultricies Ornare Elit LLC,3700,False,3700,3741,3725,False,False,False,0,False,False,False,3700,3741,41,0.0327868852459016,True,False,False
34444004774,Aliquam Associates,3701,False,3701,3573,3730,False,False,False,0,False,False,False,3573,3730,157,0.0655737704918032,False,False,False
35615649088,Tincidunt Congue Turpis Inc.,3702,False,3702,3800,3658,False,False,False,0,False,False,False,3658,3800,142,0.0327868852459016,True,False,False
50623435704,Fusce Mollis Inc.,3703,False,3703,3819,3717,False,False,False,0,False,False,False,3703,3819,116,0.0983606557377049,False,False,False
14004773634,Dapibus Gravida Limited,3704,False,3704,3426,3759,False,False,False,0,False,False,False,3426,3759,333,0.0327868852459016,True,True,False
19894828184,Arcu Vel Associates,3705,False,3705,3683,3573,False,False,False,0,False,False,False,3573,3705,132,0.0327868852459016,True,False,False
62040991164,Augue Inc.,3706,False,3706,3740,3726,False,False,False,0,False,False,False,3706,3740,34,0.1147540983606557,False,False,False
22552769838,Dui Augue LLP,3707,False,3707,3551,3739,False,False,False,0,False,False,False,3551,3739,188,0.0983606557377049,False,False,False
72780061668,Mattis Velit Justo Company,3708,False,3708,3805,3502,False,False,False,0,False,False,False,3502,3805,303,0.0327868852459016,True,False,False
77747303845,Curabitur Ut Odio Foundation,3709,False,3709,3563,3687,False,False,False,0,False,False,False,3563,3709,146,0.0655737704918032,False,False,False
26821904622,Donec Tempor Est Incorporated,3710,False,3710,3729,3698,False,False,False,0,False,False,False,3698,3729,31,0.1639344262295081,False,False,False
68264859271,Neque Tellus Foundation,3711,False,3711,3764,3718,False,False,False,0,False,False,False,3711,3764,53,0.0327868852459016,True,True,False
66698569367,Arcu Nunc Mauris Institute,3712,False,3712,3789,3707,False,False,False,0,False,False,False,3707,3789,82,0.0327868852459016,True,False,False
47436492987,Purus Incorporated,3713,False,3713,3708,3766,False,False,False,0,False,False,False,3708,3766,58,0.0655737704918032,False,False,False
29276411530,Arcu Vel Corporation,3714,False,3714,3791,3721,False,False,False,0,False,False,False,3714,3791,77,0.0,True,False,False
93346068525,Ipsum Curabitur Institute,3715,False,3715,3531,3758,False,False,False,0,False,False,False,3531,3758,227,0.0327868852459016,True,False,False
73648278886,Cras Vulputate Velit Incorporated,3716,False,3716,3750,3737,False,False,False,0,False,False,False,3716,3750,34,0.0327868852459016,True,False,False
31570712230,Pharetra Nam Corporation,3717,False,3717,3768,3635,False,False,False,0,False,False,False,3635,3768,133,0.0327868852459016,True,False,False
68548907085,Dui Limited,3718,False,3718,3889,3594,False,False,False,0,False,False,False,3594,3889,295,0.0327868852459016,True,False,False
93263170091,Bibendum Donec Corp.,3719,False,3719,3806,3722,False,False,False,0,False,False,False,3719,3806,87,0.0327868852459016,True,True,False
48666632255,Aliquam Nec Enim LLP,3720,False,3720,3776,3644,False,False,False,0,False,False,False,3644,3776,132,0.1475409836065574,False,False,False
87453687431,Non Sapien Ltd,3721,False,3721,3627,3760,False,False,False,0,False,False,False,3627,3760,133,0.0655737704918032,False,False,False
12710873213,Maecenas Mi Felis Limited,3722,False,3722,3665,3639,False,False,False,0,False,False,False,3639,3722,83,0.0327868852459016,True,False,False
86681981623,Ac Urna Company,3723,False,3723,3621,3719,False,False,False,0,False,False,False,3621,3723,102,0.1639344262295081,False,False,False
85273542431,Vel Est Incorporated,3724,False,3724,3774,3749,False,False,False,0,False,False,False,3724,3774,50,0.0327868852459016,True,False,False
53747773889,At Iaculis Corporation,3725,False,3725,3820,3734,False,False,False,0,False,False,False,3725,3820,95,0.0327868852459016,True,False,False
10441711491,Massa Vestibulum Foundation,3726,False,3726,3630,3654,False,False,False,0,False,False,False,3630,3726,96,0.0327868852459016,True,True,False
77593244679,Mattis Ornare Associates,3727,False,3727,3734,3757,False,False,False,0,False,False,False,3727,3757,30,0.0327868852459016,True,False,False
37440780757,Ante Iaculis Nec Corp.,3728,False,3728,3689,3693,False,False,False,0,False,False,False,3689,3728,39,0.0327868852459016,True,False,False
65892608066,Penatibus Et Corporation,3729,False,3729,3650,3647,False,False,False,0,False,False,False,3647,3729,82,0.0983606557377049,False,True,False
88114023637,In Mi Corporation,3730,False,3730,3541,3756,False,False,False,0,False,False,False,3541,3756,215,0.0655737704918032,False,False,False
14616123867,Fringilla Porttitor Vulputate PC,3731,False,3731,3590,3668,False,False,False,0,False,False,False,3590,3731,141,0.0327868852459016,True,True,False
13467303030,Duis LLP,3732,False,3732,3826,3745,False,False,False,0,False,False,False,3732,3826,94,0.0327868852459016,True,True,False
34377873597,Ridiculus Mus Corp.,3733,False,3733,3788,3614,False,False,False,0,False,False,False,3614,3788,174,0.0655737704918032,False,False,False
79786100790,Consectetuer Adipiscing PC,3734,False,3734,3822,3691,False,False,False,0,False,False,False,3691,3822,131,0.0655737704918032,False,False,False
82329510503,Orci Ut Institute,3735,False,3735,3894,3661,False,False,False,0,False,False,False,3661,3894,233,0.0655737704918032,False,False,False
54292545196,Et Pede Inc.,3736,False,3736,3860,3727,False,False,False,0,False,False,False,3727,3860,133,0.2131147540983606,False,False,False
43835684204,Interdum Feugiat Sed Consulting,3737,False,3737,3607,3754,False,False,False,0,False,False,False,3607,3754,147,0.0327868852459016,True,False,False
92510629620,Fames Ac Turpis Foundation,3738,False,3738,3779,3768,False,False,False,0,False,False,False,3738,3779,41,0.0327868852459016,True,False,False
25166307673,Metus Vivamus LLP,3739,False,3739,3536,3797,False,False,False,0,False,False,False,3536,3797,261,0.0491803278688525,True,False,False
93740493847,Interdum Corporation,3740,False,3740,3757,3667,False,False,False,0,False,False,False,3667,3757,90,0.0327868852459016,True,False,False
70356719692,Nunc Lectus Associates,3741,False,3741,3852,3738,False,False,False,0,False,False,False,3738,3852,114,0.0655737704918032,False,False,False
21755625204,Phasellus Corporation,3742,False,3742,3861,3686,False,False,False,0,False,False,False,3686,3861,175,0.0327868852459016,True,True,False
56479646937,Curabitur Vel LLC,3743,False,3743,3796,3740,False,False,False,0,False,False,False,3740,3796,56,0.0327868852459016,True,False,False
80426072728,Massa Non Ante Industries,3744,False,3744,3508,3800,False,False,False,0,False,False,False,3508,3800,292,0.0327868852459016,True,True,False
77834689084,Gravida Sagittis Duis Foundation,3745,False,3745,3790,3775,False,False,False,0,False,False,False,3745,3790,45,0.2459016393442623,False,False,False
91201528612,Lectus Justo Eu Ltd,3746,False,3746,3841,3741,False,False,False,0,False,False,False,3741,3841,100,0.0327868852459016,True,False,False
43861698351,Commodo PC,3747,False,3747,3850,3771,False,False,False,0,False,False,False,3747,3850,103,0.180327868852459,False,False,False
79890957413,Sed Orci Corp.,3748,False,3748,3838,3731,False,False,False,0,False,False,False,3731,3838,107,0.1311475409836066,False,False,False
25876985396,Vitae Erat Vivamus Corp.,3749,False,3749,3866,3714,False,False,False,0,False,False,False,3714,3866,152,0.0327868852459016,True,False,False
58382415159,Auctor Odio Industries,3750,False,3750,3833,3735,False,False,False,0,False,False,False,3735,3833,98,0.0327868852459016,True,False,False
90058425621,Pellentesque Ut Associates,3751,False,3751,3829,3777,False,False,False,0,False,False,False,3751,3829,78,0.0327868852459016,True,False,False
18253795725,Quam Pellentesque Corporation,3752,False,3752,3763,3785,False,False,False,0,False,False,False,3752,3785,33,0.2786885245901639,False,False,False
83004629651,Auctor Odio Company,3753,False,3753,3877,3764,False,False,False,0,False,False,False,3753,3877,124,0.1639344262295081,False,False,False
41445137000,Praesent Eu Corp.,3754,False,3754,3549,3789,False,False,False,0,False,False,False,3549,3789,240,0.0327868852459016,True,False,False
54171624416,Dolor Corporation,3755,False,3755,3755,3747,False,False,False,0,False,False,False,3747,3755,8,0.2131147540983606,False,False,False
16771252290,Nonummy Corp.,3756,False,3756,3736,3753,False,False,False,0,False,False,False,3736,3756,20,0.2131147540983606,False,False,False
90909339288,A Arcu Sed Corporation,3757,False,3757,3845,3746,False,False,False,0,False,False,False,3746,3845,99,0.0327868852459016,True,False,False
74116888698,Mauris Ut PC,3758,False,3758,3830,3729,False,False,False,0,False,False,False,3729,3830,101,0.0327868852459016,True,False,False
14522297874,Nonummy Ipsum Non Inc.,3759,False,3759,3660,3788,False,False,False,0,False,False,False,3660,3788,128,0.0655737704918032,False,False,False
15527324674,Laoreet Libero LLC,3760,False,3760,3869,3748,False,False,False,0,False,False,False,3748,3869,121,0.0327868852459016,True,False,False
78315017938,Euismod Inc.,3761,False,3761,3818,3657,False,False,False,0,False,False,False,3657,3818,161,0.0327868852459016,True,False,False
52956509597,Molestie Consulting,3762,False,3762,3558,3783,False,False,False,0,False,False,False,3558,3783,225,0.0327868852459016,True,False,False
51527394775,Sollicitudin Orci Limited,3763,False,3763,3556,3790,False,False,False,0,False,False,False,3556,3790,234,0.2459016393442623,False,False,False
85730774549,Vel Company,3764,False,3764,3762,3708,False,False,False,0,False,False,False,3708,3764,56,0.0983606557377049,False,False,False
99445005261,Nibh Vulputate Incorporated,3765,False,3765,3725,3723,False,False,False,0,False,False,False,3723,3765,42,0.0327868852459016,True,False,False
99801770627,Cras Convallis Ltd,3766,False,3766,3851,3769,False,False,False,0,False,False,False,3766,3851,85,0.0327868852459016,True,True,False
44496269421,Nisl Sem Industries,3767,False,3767,3831,3549,False,False,False,0,False,False,False,3549,3831,282,0.0327868852459016,True,False,False
73199959867,Ipsum Leo Associates,3768,False,3768,3662,3784,False,False,False,0,False,False,False,3662,3784,122,0.0327868852459016,True,False,False
34530907184,Magna Praesent LLP,3769,False,3769,3693,3782,False,False,False,0,False,False,False,3693,3782,89,0.0327868852459016,True,False,False
36662964956,Curabitur Associates,3770,False,3770,3674,3761,False,False,False,0,False,False,False,3674,3770,96,0.0327868852459016,True,False,False
99307259953,Ultricies Adipiscing Enim Company,3771,False,3771,3608,3791,False,False,False,0,False,False,False,3608,3791,183,0.0327868852459016,True,False,False
71035024987,Sem Ltd,3772,False,3772,3705,3805,False,False,False,0,False,False,False,3705,3805,100,0.2459016393442623,False,False,False
86201937910,Libero Et LLC,3773,False,3773,3873,3776,False,False,False,0,False,False,False,3773,3873,100,0.0327868852459016,True,True,False
27573216953,Adipiscing Inc.,3774,False,3774,3717,3716,False,False,False,0,False,False,False,3716,3774,58,0.0327868852459016,True,False,False
70306626982,Posuere Cubilia Curae Institute,3775,False,3775,3839,3793,False,False,False,0,False,False,False,3775,3839,64,0.0327868852459016,True,False,False
41544083714,Convallis Dolor Foundation,3776,False,3776,3749,3813,False,False,False,0,False,False,False,3749,3813,64,0.2786885245901639,False,False,False
34703763702,Scelerisque Neque Sed Industries,3777,False,3777,3610,3816,False,False,False,0,False,False,False,3610,3816,206,0.0327868852459016,True,False,False
85117752663,Tincidunt Ltd,3778,False,3778,3511,3847,False,False,False,0,False,False,False,3511,3847,336,0.0983606557377049,False,False,False
56018978883,Egestas Fusce Aliquet Institute,3779,False,3779,3842,3799,False,False,False,0,False,False,False,3779,3842,63,0.0327868852459016,True,False,False
68096660401,Orci Incorporated,3780,False,3780,3664,3826,False,False,False,0,False,False,False,3664,3826,162,0.1475409836065574,False,False,False
58899084497,Sed Auctor Odio PC,3781,False,3781,3888,3774,False,False,False,0,False,False,False,3774,3888,114,0.0327868852459016,True,True,False
18923178136,Eu PC,3782,False,3782,3760,3762,False,False,False,0,False,False,False,3760,3782,22,0.1147540983606557,False,False,False
37238742140,Aenean Massa Company,3783,False,3783,3702,3796,False,False,False,0,False,False,False,3702,3796,94,0.0327868852459016,True,False,False
95799102190,Blandit Mattis Cras LLP,3784,False,3784,3697,3798,False,False,False,0,False,False,False,3697,3798,101,0.1967213114754098,False,False,False
39961396807,Sed Dolor Fusce LLP,3785,False,3785,3687,3770,False,False,False,0,False,False,False,3687,3785,98,0.0327868852459016,True,False,False
50940521426,Vel Est Tempor Ltd,3786,False,3786,3896,3779,False,False,False,0,False,False,False,3779,3896,117,0.0327868852459016,True,True,False
12497320096,Velit Quisque LLP,3787,False,3787,3766,3752,False,False,False,0,False,False,False,3752,3787,35,0.0327868852459016,True,False,False
29027010572,Ut Mi Associates,3788,False,3788,3591,3829,False,False,False,0,False,False,False,3591,3829,238,0.0327868852459016,True,True,False
68535898735,A Neque PC,3789,False,3789,3623,3817,False,False,False,0,False,False,False,3623,3817,194,0.0655737704918032,False,False,False
22191978114,Nec Company,3790,False,3790,3837,3808,False,False,False,0,False,False,False,3790,3837,47,0.0327868852459016,True,False,False
73649365788,Magna Tellus Associates,3791,False,3791,3692,3822,False,False,False,0,False,False,False,3692,3822,130,0.0327868852459016,True,False,False
62743415502,Auctor Vitae Aliquet Foundation,3792,False,3792,3893,3792,False,False,False,0,False,False,False,3792,3893,101,0.0327868852459016,True,False,False
26945291705,Molestie Sodales Associates,3793,False,3793,3663,3814,False,False,False,0,False,False,False,3663,3814,151,0.0491803278688525,True,False,False
39473654822,Fringilla Ornare Placerat Incorporated,3794,False,3794,3815,3809,False,False,False,0,False,False,False,3794,3815,21,0.0327868852459016,True,False,False
88299699256,Et Ultrices Posuere Associates,3795,False,3795,3771,3751,False,False,False,0,False,False,False,3751,3795,44,0.0327868852459016,True,False,False
80398579170,Mauris Erat Industries,3796,False,3796,3797,3710,False,False,False,0,False,False,False,3710,3797,87,0.0327868852459016,True,False,False
65462135385,Vitae Velit LLC,3797,False,3797,3651,3780,False,False,False,0,False,False,False,3651,3797,146,0.0327868852459016,True,False,False
52655785808,Malesuada Id Institute,3798,False,3798,3685,3836,False,False,False,0,False,False,False,3685,3836,151,0.0983606557377049,False,False,False
76541333930,Tempus Scelerisque Corporation,3799,False,3799,3897,3773,False,False,False,0,False,False,False,3773,3897,124,0.0327868852459016,True,False,False
97444574441,Adipiscing Foundation,3800,False,3800,3679,3801,False,False,False,0,False,False,False,3679,3801,122,0.0327868852459016,True,False,False
77898879994,Sodales Mauris Limited,3801,False,3801,3684,3778,False,False,False,0,False,False,False,3684,3801,117,0.0327868852459016,True,False,False
75475421683,Magna Tellus Limited,3802,False,3802,3821,3795,False,False,False,0,False,False,False,3795,3821,26,0.2459016393442623,False,False,False
21205587568,Nullam Ut Foundation,3803,False,3803,3862,3818,False,False,False,0,False,False,False,3803,3862,59,0.0655737704918032,False,True,False
29839336901,Sollicitudin Orci Inc.,3804,False,3804,3782,3794,False,False,False,0,False,False,False,3782,3804,22,0.0655737704918032,False,False,False
88487804108,Penatibus Et Magnis Industries,3805,False,3805,3865,3821,False,False,False,0,False,False,False,3805,3865,60,0.0327868852459016,True,False,False
32594843603,Tincidunt Dui Associates,3806,False,3806,3799,3750,False,False,False,0,False,False,False,3750,3806,56,0.0327868852459016,True,False,False
41670880601,Quam Vel Limited,3807,False,3807,3933,3765,False,False,False,0,False,False,False,3765,3933,168,0.0327868852459016,True,False,False
88848010071,Mauris Limited,3808,False,3808,3775,3803,False,False,False,0,False,False,False,3775,3808,33,0.0327868852459016,True,False,False
98336281865,Orci Adipiscing Inc.,3809,False,3809,3669,3862,False,False,False,0,False,False,False,3669,3862,193,0.2295081967213115,False,False,False
75239540583,Eget Volutpat Ornare Institute,3810,False,3810,3746,3837,False,False,False,0,False,False,False,3746,3837,91,0.2459016393442623,False,False,False
43828324372,Eu Nulla Corporation,3811,False,3811,3636,3842,False,False,False,0,False,False,False,3636,3842,206,0.0983606557377049,False,False,False
90494976499,Tincidunt Corp.,3812,False,3812,3634,3850,False,False,False,0,False,False,False,3634,3850,216,0.0327868852459016,True,False,False
73753317382,Gravida Sagittis Ltd,3813,False,3813,3743,3804,False,False,False,0,False,False,False,3743,3813,70,0.0327868852459016,True,False,False
87788702467,Massa Suspendisse Industries,3814,False,3814,3752,3819,False,False,False,0,False,False,False,3752,3819,67,0.1639344262295081,False,False,False
87451351990,Feugiat Sed Nec Foundation,3815,False,3815,3836,3713,False,False,False,0,False,False,False,3713,3836,123,0.0327868852459016,True,False,False
41333655501,Leo Elementum LLP,3816,False,3816,3901,3652,False,False,False,0,False,False,False,3652,3901,249,0.0327868852459016,True,False,False
12103450178,Tincidunt Tempus Incorporated,3817,False,3817,3816,3841,False,False,False,0,False,False,False,3816,3841,25,0.0327868852459016,True,False,False
32350997564,Donec Vitae Corporation,3818,False,3818,3887,3812,False,False,False,0,False,False,False,3812,3887,75,0.0327868852459016,True,False,False
58680132589,Ut Nec Urna PC,3819,False,3819,3912,3802,False,False,False,0,False,False,False,3802,3912,110,0.0655737704918032,False,True,False
66650274915,Gravida Praesent Industries,3820,False,3820,3898,3810,False,False,False,0,False,False,False,3810,3898,88,0.0327868852459016,True,False,False
33806831488,Quis Massa Limited,3821,False,3821,3696,3854,False,False,False,0,False,False,False,3696,3854,158,0.0327868852459016,True,False,False
99807059634,Justo Eu Arcu Foundation,3822,False,3822,3711,3830,False,False,False,0,False,False,False,3711,3830,119,0.2131147540983606,False,False,False
18261886835,Massa Rutrum LLP,3823,False,3823,3856,3839,False,False,False,0,False,False,False,3823,3856,33,0.0327868852459016,True,True,False
61968317984,Ante Ipsum Ltd,3824,False,3824,3926,3815,False,False,False,0,False,False,False,3815,3926,111,0.1967213114754098,False,False,False
22853038342,Semper Pretium Limited,3825,False,3825,3872,3838,False,False,False,0,False,False,False,3825,3872,47,0.0327868852459016,True,True,False
44780781318,Blandit LLP,3826,False,3826,3714,3855,False,False,False,0,False,False,False,3714,3855,141,0.0491803278688525,True,False,False
33967237843,Commodo At Corp.,3827,False,3827,3834,3781,False,False,False,0,False,False,False,3781,3834,53,0.0327868852459016,True,False,False
24245553756,Vulputate Velit Eu Incorporated,3828,False,3828,3751,3825,False,False,False,0,False,False,False,3751,3828,77,0.0327868852459016,True,False,False
12476477880,Egestas A Scelerisque Limited,3829,False,3829,3792,3811,False,False,False,0,False,False,False,3792,3829,37,0.0327868852459016,True,False,False
92596271102,Odio Associates,3830,False,3830,3709,3828,False,False,False,0,False,False,False,3709,3830,121,0.0327868852459016,True,False,False
17294075449,In Faucibus Incorporated,3831,False,3831,3843,3807,False,False,False,0,False,False,False,3807,3843,36,0.2459016393442623,False,False,False
86402909403,Per Industries,3832,False,3832,3903,3824,False,False,False,0,False,False,False,3824,3903,79,0.0327868852459016,True,False,False
94449176518,Erat Vel Corp.,3833,False,3833,3910,3848,False,False,False,0,False,False,False,3833,3910,77,0.0327868852459016,True,False,False
34775154874,Tellus Ltd,3834,False,3834,3940,3823,False,False,False,0,False,False,False,3823,3940,117,0.0327868852459016,True,True,False
74337286955,Lobortis Class Institute,3835,False,3835,3905,3844,False,False,False,0,False,False,False,3835,3905,70,0.0327868852459016,True,False,False
69890387975,Vitae Incorporated,3836,False,3836,3767,3863,False,False,False,0,False,False,False,3767,3863,96,0.2459016393442623,False,False,False
89741543872,Felis Ullamcorper Corp.,3837,False,3837,3859,3763,False,False,False,0,False,False,False,3763,3859,96,0.0327868852459016,True,False,False
91582338269,Cursus Diam Industries,3838,False,3838,3753,3851,False,False,False,0,False,False,False,3753,3851,98,0.0327868852459016,True,False,False
82931448033,Augue Limited,3839,False,3839,3880,3787,False,False,False,0,False,False,False,3787,3880,93,0.1639344262295081,False,False,False
52379134298,Eu Foundation,3840,False,3840,3899,3835,False,False,False,0,False,False,False,3835,3899,64,0.0,True,False,False
46537010521,Tempor Augue Ac Company,3841,False,3841,3921,3833,False,False,False,0,False,False,False,3833,3921,88,0.0,True,True,False
69030600619,Sit Inc.,3842,False,3842,3759,3858,False,False,False,0,False,False,False,3759,3858,99,0.0327868852459016,True,False,False
33783846300,Suspendisse Non Leo LLP,3843,False,3843,3795,3832,False,False,False,0,False,False,False,3795,3843,48,0.0327868852459016,True,False,False
98861981558,Nam LLC,3844,False,3844,3756,3860,False,False,False,0,False,False,False,3756,3860,104,0.0327868852459016,True,False,False
76117653301,Porttitor Vulputate Posuere Consulting,3845,False,3845,3657,3885,False,False,False,0,False,False,False,3657,3885,228,0.0655737704918032,False,False,False
56482885504,Libero Morbi Company,3846,False,3846,3937,3852,False,False,False,0,False,False,False,3846,3937,91,0.0327868852459016,True,False,False
27529271582,Pharetra Ltd,3847,False,3847,3878,3827,False,False,False,0,False,False,False,3827,3878,51,0.0327868852459016,True,False,False
77370079637,Donec Sollicitudin Corp.,3848,False,3848,3761,3872,False,False,False,0,False,False,False,3761,3872,111,0.2131147540983606,False,False,False
42461534060,Elit LLP,3849,False,3849,3682,3874,False,False,False,0,False,False,False,3682,3874,192,0.0983606557377049,False,True,False
65345485504,Elementum Dui Limited,3850,False,3850,3857,3849,False,False,False,0,False,False,False,3849,3857,8,0.0327868852459016,True,False,False
21166782413,Ornare Industries,3851,False,3851,3786,3806,False,False,False,0,False,False,False,3786,3851,65,0.0655737704918032,False,False,False
69107197788,In Lorem LLP,3852,False,3852,3814,3886,False,False,False,0,False,False,False,3814,3886,72,0.1639344262295081,False,False,False
95824231566,Consequat Inc.,3853,False,3853,3875,3724,False,False,False,0,False,False,False,3724,3875,151,0.0327868852459016,True,False,False
18142272571,Ligula Nullam Inc.,3854,False,3854,3907,3859,False,False,False,0,False,False,False,3854,3907,53,0.0327868852459016,True,False,False
65739256790,Adipiscing Elit Company,3855,False,3855,3817,3845,False,False,False,0,False,False,False,3817,3855,38,0.0655737704918032,False,False,False
72164128552,Ipsum Dolor Sit Ltd,3856,False,3856,3695,3887,False,False,False,0,False,False,False,3695,3887,192,0.1147540983606557,False,False,False
51266227991,Neque Et Corp.,3857,False,3857,3923,3843,False,False,False,0,False,False,False,3843,3923,80,0.0327868852459016,True,False,False
23506252960,Etiam Incorporated,3858,False,3858,3945,3853,False,False,False,0,False,False,False,3853,3945,92,0.0327868852459016,True,False,False
60318067173,Placerat Velit LLP,3859,False,3859,3913,3834,False,False,False,0,False,False,False,3834,3913,79,0.0327868852459016,True,False,False
16361981729,Et LLC,3860,False,3860,3726,3879,False,False,False,0,False,False,False,3726,3879,153,0.0327868852459016,True,True,False
15710208349,Rhoncus Foundation,3861,False,3861,3941,3857,False,False,False,0,False,False,False,3857,3941,84,0.0327868852459016,True,True,False
62924351636,Sem PC,3862,False,3862,3738,3873,False,False,False,0,False,False,False,3738,3873,135,0.0327868852459016,True,False,False
51267358936,Consectetuer Adipiscing Industries,3863,False,3863,3916,3869,False,False,False,0,False,False,False,3863,3916,53,0.0327868852459016,True,True,False
63710240186,Mauris Integer Sem Foundation,3864,False,3864,3871,3864,False,False,False,0,False,False,False,3864,3871,7,0.0327868852459016,True,False,False
82851440438,Egestas Blandit Institute,3865,False,3865,3794,3871,False,False,False,0,False,False,False,3794,3871,77,0.0327868852459016,True,False,False
54762063900,Eu Erat Corp.,3866,False,3866,3803,3875,False,False,False,0,False,False,False,3803,3875,72,0.0327868852459016,True,False,False
21616154893,Dapibus Rutrum Incorporated,3867,False,3867,3777,3883,False,False,False,0,False,False,False,3777,3883,106,0.0327868852459016,True,False,False
73046248717,Donec Fringilla Limited,3868,False,3868,3874,3882,False,False,False,0,False,False,False,3868,3882,14,0.0983606557377049,False,False,False
38864597115,Convallis Est Foundation,3869,False,3869,3883,3786,False,False,False,0,False,False,False,3786,3883,97,0.0327868852459016,True,False,False
57782107253,Sagittis Felis PC,3870,False,3870,3811,3890,False,False,False,0,False,False,False,3811,3890,79,0.0327868852459016,True,False,False
66236596240,Ut Ipsum Incorporated,3871,False,3871,3835,3856,False,False,False,0,False,False,False,3835,3871,36,0.0327868852459016,True,False,False
70783350473,Luctus Incorporated,3872,False,3872,3858,3861,False,False,False,0,False,False,False,3858,3872,14,0.0327868852459016,True,False,False
76866488151,Euismod Urna Company,3873,False,3873,3772,3903,False,False,False,0,False,False,False,3772,3903,131,0.0,True,True,False
84895141974,Quam Quis Diam Consulting,3874,False,3874,3781,3896,False,False,False,0,False,False,False,3781,3896,115,0.0327868852459016,True,False,False
47797405944,Sit Amet Incorporated,3875,False,3875,3943,3880,False,False,False,0,False,False,False,3875,3943,68,0.0655737704918032,False,True,False
97748234104,Vitae Diam PC,3876,False,3876,3832,3866,False,False,False,0,False,False,False,3832,3876,44,0.0327868852459016,True,False,False
84478592825,Ac Orci Ut Foundation,3877,False,3877,3951,3877,False,False,False,0,False,False,False,3877,3951,74,0.0327868852459016,True,False,False
31770481079,Enim Diam Associates,3878,False,3878,3918,3897,False,False,False,0,False,False,False,3878,3918,40,0.0327868852459016,True,False,False
65415777658,Nulla Interdum Curabitur Institute,3879,False,3879,3972,3867,False,False,False,0,False,False,False,3867,3972,105,0.0655737704918032,False,True,False
80347921120,Faucibus Ltd,3880,False,3880,3847,3892,False,False,False,0,False,False,False,3847,3892,45,0.0327868852459016,True,False,False
19119901659,Ante Dictum Mi Inc.,3881,False,3881,3854,3868,False,False,False,0,False,False,False,3854,3881,27,0.0327868852459016,True,False,False
58382897215,Erat Volutpat Incorporated,3882,False,3882,3825,3884,False,False,False,0,False,False,False,3825,3884,59,0.0327868852459016,True,False,False
39906633476,Accumsan Company,3883,False,3883,3949,3876,False,False,False,0,False,False,False,3876,3949,73,0.0327868852459016,True,False,False
31153557593,Ut Semper Corporation,3884,False,3884,3908,3772,False,False,False,0,False,False,False,3772,3908,136,0.0327868852459016,True,False,False
57230218402,Interdum Feugiat Foundation,3885,False,3885,3853,3870,False,False,False,0,False,False,False,3853,3885,32,0.0327868852459016,True,False,False
69431337574,Ultrices Industries,3886,False,3886,3967,3889,False,False,False,0,False,False,False,3886,3967,81,0.0983606557377049,False,False,False
47441593515,Tempor PC,3887,False,3887,3809,3893,False,False,False,0,False,False,False,3809,3893,84,0.0327868852459016,True,True,False
74990074874,Non LLP,3888,False,3888,3870,3900,False,False,False,0,False,False,False,3870,3900,30,0.1639344262295081,False,False,False
17610103622,Per Conubia Corporation,3889,False,3889,3784,3909,False,False,False,0,False,False,False,3784,3909,125,0.0327868852459016,True,False,False
60152133722,Amet Ornare Company,3890,False,3890,3844,3899,False,False,False,0,False,False,False,3844,3899,55,0.0327868852459016,True,False,False
27207000299,Egestas Sed Pharetra Limited,3891,False,3891,3890,3840,False,False,False,0,False,False,False,3840,3891,51,0.0327868852459016,True,False,False
33150692829,Mauris LLP,3892,False,3892,3855,3865,False,False,False,0,False,False,False,3855,3892,37,0.0327868852459016,True,False,False
88106318416,Ac Mi LLC,3893,False,3893,3928,3846,False,False,False,0,False,False,False,3846,3928,82,0.1475409836065574,False,False,False
53427619838,Eu Erat Semper Inc.,3894,False,3894,3882,3905,False,False,False,0,False,False,False,3882,3905,23,0.2459016393442623,False,False,False
62249204345,Iaculis Inc.,3895,False,3895,3891,3831,False,False,False,0,False,False,False,3831,3895,64,0.0327868852459016,True,False,False
13631004035,Eu Eleifend Incorporated,3896,False,3896,3807,3929,False,False,False,0,False,False,False,3807,3929,122,0.0655737704918032,False,False,False
42562731929,Et Magnis Incorporated,3897,False,3897,3864,3894,False,False,False,0,False,False,False,3864,3897,33,0.0655737704918032,False,False,False
62711420968,Volutpat Ornare LLP,3898,False,3898,3911,3916,False,False,False,0,False,False,False,3898,3916,18,0.0327868852459016,True,False,False
43426057710,Eleifend Vitae Inc.,3899,False,3899,3823,3914,False,False,False,0,False,False,False,3823,3914,91,0.0327868852459016,True,False,False
92482981458,Rutrum Non Hendrerit Consulting,3900,False,3900,3793,3940,False,False,False,0,False,False,False,3793,3940,147,0.0327868852459016,True,False,False
55702861356,Donec Feugiat Metus Associates,3901,False,3901,3975,3910,False,False,False,0,False,False,False,3901,3975,74,0.0327868852459016,True,False,False
38523766800,Elit Elit Fermentum Foundation,3902,False,3902,3977,3911,False,False,False,0,False,False,False,3902,3977,75,0.0327868852459016,True,True,False
20073297612,Dictum Sapien Associates,3903,False,3903,3969,3912,False,False,False,0,False,False,False,3903,3969,66,0.0327868852459016,True,False,False
43458285598,Odio Tristique Ltd,3904,False,3904,3801,3937,False,False,False,0,False,False,False,3801,3937,136,0.0327868852459016,True,False,False
11411018019,Ipsum Sodales Industries,3905,False,3905,3984,3901,False,False,False,0,False,False,False,3901,3984,83,0.0327868852459016,True,False,False
46054596841,Dolor Sit PC,3906,False,3906,3810,3926,False,False,False,0,False,False,False,3810,3926,116,0.1147540983606557,False,True,False
67213521157,Gravida Nunc LLP,3907,False,3907,3812,3922,False,False,False,0,False,False,False,3812,3922,110,0.0655737704918032,False,True,False
14796275705,In Tincidunt Congue Institute,3908,False,3908,3881,3906,False,False,False,0,False,False,False,3881,3908,27,0.0327868852459016,True,False,False
16941018799,Eget Laoreet Inc.,3909,False,3909,3885,3923,False,False,False,0,False,False,False,3885,3923,38,0.0655737704918032,False,False,False
24120162361,Ut Pellentesque Eget Inc.,3910,False,3910,3886,3881,False,False,False,0,False,False,False,3881,3910,29,0.0327868852459016,True,False,False
41081202656,Nam Ligula Industries,3911,False,3911,3989,3915,False,False,False,0,False,False,False,3911,3989,78,0.0327868852459016,True,False,False
42657888176,Et Lacinia Company,3912,False,3912,3849,3920,False,False,False,0,False,False,False,3849,3920,71,0.0327868852459016,True,False,False
25781502446,Lectus Pede Limited,3913,False,3913,3824,3928,False,False,False,0,False,False,False,3824,3928,104,0.0327868852459016,True,True,False
61813633430,Nunc Pulvinar Arcu Foundation,3914,False,3914,3867,3913,False,False,False,0,False,False,False,3867,3914,47,0.0327868852459016,True,False,False
78908309708,Sed Libero Foundation,3915,False,3915,3981,3902,False,False,False,0,False,False,False,3902,3981,79,0.0327868852459016,True,True,False
89575340835,Sodales Mauris Corp.,3916,False,3916,3848,3930,False,False,False,0,False,False,False,3848,3930,82,0.0327868852459016,True,False,False
86201172910,Ut Semper Incorporated,3917,False,3917,3942,3820,False,False,False,0,False,False,False,3820,3942,122,0.0327868852459016,True,False,False
34205660775,A Magna Associates,3918,False,3918,3770,3945,False,False,False,0,False,False,False,3770,3945,175,0.0327868852459016,True,True,False
31029589578,Semper Et Lacinia Company,3919,False,3919,3947,3878,False,False,False,0,False,False,False,3878,3947,69,0.0327868852459016,True,False,False
81548651453,Mauris Blandit Limited,3920,False,3920,3828,3935,False,False,False,0,False,False,False,3828,3935,107,0.0655737704918032,False,True,False
70555899232,Nulla Dignissim Associates,3921,False,3921,3813,3944,False,False,False,0,False,False,False,3813,3944,131,0.0655737704918032,False,False,False
17435313552,Ac Fermentum Vel LLP,3922,False,3922,3892,3921,False,False,False,0,False,False,False,3892,3922,30,0.0327868852459016,True,False,False
65453072511,Vehicula Aliquet LLC,3923,False,3923,3934,3908,False,False,False,0,False,False,False,3908,3934,26,0.0491803278688525,True,False,False
72660843393,Augue Porttitor Interdum Ltd,3924,False,3924,3884,3917,False,False,False,0,False,False,False,3884,3924,40,0.0327868852459016,True,False,False
21350600012,Nullam Suscipit Est PC,3925,False,3925,3798,3950,False,False,False,0,False,False,False,3798,3950,152,0.0327868852459016,True,True,False
19340071232,Magna Sed Associates,3926,False,3926,3840,3943,False,False,False,0,False,False,False,3840,3943,103,0.0327868852459016,True,True,False
34339412732,Suspendisse Eleifend Consulting,3927,False,3927,3915,3888,False,False,False,0,False,False,False,3888,3927,39,0.0327868852459016,True,False,False
30571576650,Tellus Sem Mollis Institute,3928,False,3928,3919,3927,False,False,False,0,False,False,False,3919,3928,9,0.2459016393442623,False,False,False
49153780138,Ac Orci Ltd,3929,False,3929,3846,3951,False,False,False,0,False,False,False,3846,3951,105,0.0327868852459016,True,False,False
51425051982,Sem Corporation,3930,False,3930,3778,3956,False,False,False,0,False,False,False,3778,3956,178,0.0327868852459016,True,True,False
81169447736,Tristique Ac Eleifend LLC,3931,False,3931,3876,3931,False,False,False,0,False,False,False,3876,3931,55,0.0327868852459016,True,False,False
56766066037,Nam Corp.,3932,False,3932,3991,3925,False,False,False,0,False,False,False,3925,3991,66,0.0327868852459016,True,True,False
27580593799,Gravida Praesent Incorporated,3933,False,3933,3925,3904,False,False,False,0,False,False,False,3904,3933,29,0.0327868852459016,True,False,False
15514494276,Et Euismod Et Associates,3934,False,3934,3920,3907,False,False,False,0,False,False,False,3907,3934,27,0.0327868852459016,True,False,False
34768249497,Gravida Molestie Institute,3935,False,3935,3935,3936,False,False,False,0,False,False,False,3935,3936,1,0.0327868852459016,True,False,False
40361137142,Porttitor Corp.,3936,False,3936,3879,3948,False,False,False,0,False,False,False,3879,3948,69,0.0655737704918032,False,False,False
25487349674,Maecenas Iaculis Aliquet LLP,3937,False,3937,3902,3933,False,False,False,0,False,False,False,3902,3937,35,0.0327868852459016,True,False,False
59739116052,Ultrices Mauris Foundation,3938,False,3938,3868,3947,False,False,False,0,False,False,False,3868,3947,79,0.0327868852459016,True,False,False
54528548574,Consectetuer Rhoncus Institute,3939,False,3939,3939,3924,False,False,False,0,False,False,False,3924,3939,15,0.180327868852459,False,False,False
27452194956,Dictum Magna Ut Foundation,3940,False,3940,3927,3919,False,False,False,0,False,False,False,3919,3940,21,0.0327868852459016,True,False,False
37670671283,Malesuada Augue Ut LLP,3941,False,3941,3863,3953,False,False,False,0,False,False,False,3863,3953,90,0.0655737704918032,False,True,False
35385390863,Augue Id Ante Corporation,3942,False,3942,3929,3939,False,False,False,0,False,False,False,3929,3942,13,0.0327868852459016,True,False,False
60778762062,Ut Associates,3943,False,3943,3952,3891,False,False,False,0,False,False,False,3891,3952,61,0.0327868852459016,True,False,False
41704070214,Tellus Company,3944,False,3944,3953,3938,False,False,False,0,False,False,False,3938,3953,15,0.1639344262295081,False,False,False
89618228232,Molestie Tortor Consulting,3945,False,3945,3895,3942,False,False,False,0,False,False,False,3895,3945,50,0.0327868852459016,True,True,False
37802138328,Nunc Ullamcorper Velit Corporation,3946,False,3946,3932,3954,False,False,False,0,False,False,False,3932,3954,22,0.0327868852459016,True,False,False
39646859475,Fames Corp.,3947,False,3947,3906,3957,False,False,False,0,False,False,False,3906,3957,51,0.0327868852459016,True,False,False
28880110118,Mauris Nulla Integer Ltd,3948,False,3948,3914,3960,False,False,False,0,False,False,False,3914,3960,46,0.0327868852459016,True,False,False
51390118767,Ut Tincidunt Corporation,3949,False,3949,3904,3961,False,False,False,0,False,False,False,3904,3961,57,0.0327868852459016,True,True,False
62807084929,Pede Ac Urna LLP,3950,False,3950,3965,3918,False,False,False,0,False,False,False,3918,3965,47,0.0327868852459016,True,False,False
75452980559,Proin Eget Corporation,3951,False,3951,3980,3895,False,False,False,0,False,False,False,3895,3980,85,0.0327868852459016,True,False,False
22678591293,Tellus Id Industries,3952,False,3952,3963,3934,False,False,False,0,False,False,False,3934,3963,29,0.0327868852459016,True,False,False
18135911314,Ac Arcu Inc.,3953,False,3953,3974,3898,False,False,False,0,False,False,False,3898,3974,76,0.0327868852459016,True,False,False
48699038894,Consectetuer Ipsum Ltd,3954,False,3954,3924,3958,False,False,False,0,False,False,False,3924,3958,34,0.0983606557377049,False,False,False
63826476372,Consequat Nec Corp.,3955,False,3955,3931,3966,False,False,False,0,False,False,False,3931,3966,35,0.0327868852459016,True,False,False
37482629458,Sem Vitae Incorporated,3956,False,3956,4016,3949,False,False,False,0,False,False,False,3949,4016,67,0.0327868852459016,True,True,False
44486718758,Luctus Et Ultrices LLC,3957,False,3957,3936,3967,False,False,False,0,False,False,False,3936,3967,31,0.0327868852459016,True,False,False
51163531045,Turpis In LLP,3958,False,3958,3958,3932,False,False,False,0,False,False,False,3932,3958,26,0.0327868852459016,True,False,False
24212300522,Consectetuer Industries,3959,False,3959,3922,3964,False,False,False,0,False,False,False,3922,3964,42,0.0327868852459016,True,True,False
29922107583,Amet Ornare Inc.,3960,False,3960,3917,3965,False,False,False,0,False,False,False,3917,3965,48,0.0327868852459016,True,False,False
83113618128,Cras Sed Incorporated,3961,False,3961,3968,3952,False,False,False,0,False,False,False,3952,3968,16,0.0327868852459016,True,False,False
20803442676,Ante Nunc Corporation,3962,False,3962,3900,3974,False,False,False,0,False,False,False,3900,3974,74,0.0655737704918032,False,False,False
55555661470,Nullam Scelerisque LLC,3963,False,3963,3930,3968,False,False,False,0,False,False,False,3930,3968,38,0.0,True,True,False
55306852930,Pede Nunc LLC,3964,False,3964,3944,3963,False,False,False,0,False,False,False,3944,3964,20,0.0327868852459016,True,False,False
60196678179,Ac Fermentum Associates,3965,False,3965,3978,3946,False,False,False,0,False,False,False,3946,3978,32,0.0327868852459016,True,False,False
64648788229,Nisl Maecenas LLC,3966,False,3966,4017,3955,False,False,False,0,False,False,False,3955,4017,62,0.0327868852459016,True,True,False
87759704856,Neque Vitae LLC,3967,False,3967,3957,3959,False,False,False,0,False,False,False,3957,3967,10,0.0327868852459016,True,False,False
55403018592,Elit Limited,3968,False,3968,3938,3970,False,False,False,0,False,False,False,3938,3970,32,0.0,True,True,False
15293888435,Ipsum Sodales Purus Company,3969,False,3969,3955,3969,False,False,False,0,False,False,False,3955,3969,14,0.0327868852459016,True,True,False
63975991689,Tellus Consulting,3970,False,3970,3909,3980,False,False,False,0,False,False,False,3909,3980,71,0.0327868852459016,True,True,False
82882460979,Sem Molestie Foundation,3971,False,3971,3962,3971,False,False,False,0,False,False,False,3962,3971,9,0.0327868852459016,True,True,False
86441371046,Malesuada Fames Ltd,3972,False,3972,3960,3976,False,False,False,0,False,False,False,3960,3976,16,0.0327868852459016,True,False,False
68656010159,Suspendisse Limited,3973,False,3973,3950,3978,False,False,False,0,False,False,False,3950,3978,28,0.0327868852459016,True,False,False
44344566262,Egestas A PC,3974,False,3974,3959,3977,False,False,False,0,False,False,False,3959,3977,18,0.0327868852459016,True,False,False
60641607697,Non Enim Foundation,3975,False,3975,3946,3985,False,False,False,0,False,False,False,3946,3985,39,0.0327868852459016,True,True,False
29681526553,Cras Vehicula Aliquet Corp.,3976,False,3976,3964,3983,False,False,False,0,False,False,False,3964,3983,19,0.0327868852459016,True,False,False
26710073457,Est Ac Limited,3977,False,3977,3966,3972,False,False,False,0,False,False,False,3966,3977,11,0.0327868852459016,True,False,False
73909892719,Lorem Fringilla Ltd,3978,False,3978,3982,3941,False,False,False,0,False,False,False,3941,3982,41,0.0655737704918032,False,False,False
57508813253,Vivamus Non LLC,3979,False,3979,3973,3988,False,False,False,0,False,False,False,3973,3988,15,0.0655737704918032,False,False,False
17175760321,Morbi Metus Vivamus Industries,3980,False,3980,3961,3973,False,False,False,0,False,False,False,3961,3980,19,0.0327868852459016,True,False,False
62069676741,Nec Mauris Blandit Foundation,3981,False,3981,3948,3995,False,False,False,0,False,False,False,3948,3995,47,0.0327868852459016,True,True,False
78150905875,Pharetra Nibh Consulting,3982,False,3982,3992,3975,False,False,False,0,False,False,False,3975,3992,17,0.0327868852459016,True,False,False
90739983707,Cras Lorem Associates,3983,False,3983,3970,3981,False,False,False,0,False,False,False,3970,3983,13,0.0327868852459016,True,False,False
91062920626,Ac Inc.,3984,False,3984,3976,3982,False,False,False,0,False,False,False,3976,3984,8,0.0327868852459016,True,False,False
12711807314,Senectus Foundation,3985,False,3985,3997,3962,False,False,False,0,False,False,False,3962,3997,35,0.0327868852459016,True,False,False
81325516978,Auctor Velit Industries,3986,False,3986,3986,3990,False,False,False,0,False,False,False,3986,3990,4,0.0327868852459016,True,False,False
72082377970,Nonummy Fusce LLP,3987,False,3987,3983,3979,False,False,False,0,False,False,False,3979,3987,8,0.0655737704918032,False,False,False
20284137308,Nisi Nibh Associates,3988,False,3988,3954,4004,False,False,False,0,False,False,False,3954,4004,50,0.0655737704918032,False,True,False
45426079849,A Company,3989,False,3989,3971,3989,False,False,False,0,False,False,False,3971,3989,18,0.0327868852459016,True,False,False
83841202959,Risus Morbi Metus Institute,3990,False,3990,3979,3997,False,False,False,0,False,False,False,3979,3997,18,0.0327868852459016,True,False,False
70814127470,Id Ante Nunc Ltd,3991,False,3991,3956,3999,False,False,False,0,False,False,False,3956,3999,43,0.0327868852459016,True,True,False
15704713883,Faucibus Ut Nulla Ltd,3992,False,3992,3985,3991,False,False,False,0,False,False,False,3985,3992,7,0.0327868852459016,True,False,False
29166700531,Ac Eleifend PC,3993,False,3993,4022,3984,False,False,False,0,False,False,False,3984,4022,38,0.0327868852459016,True,True,False
52351039440,Luctus Institute,3994,False,3994,3987,3987,False,False,False,0,False,False,False,3987,3994,7,0.0327868852459016,True,False,False
78916025936,Urna Nec Corporation,3995,False,3995,4006,3992,False,False,False,0,False,False,False,3992,4006,14,0.0327868852459016,True,False,False
68015860722,Quis Urna PC,3996,False,3996,4007,3994,False,False,False,0,False,False,False,3994,4007,13,0.0327868852459016,True,False,False
75987403052,Phasellus Limited,3997,False,3997,4004,3986,False,False,False,0,False,False,False,3986,4004,18,0.0327868852459016,True,False,False
82882476966,Montes Nascetur Ltd,3998,False,3998,4001,3998,False,False,False,0,False,False,False,3998,4001,3,0.0327868852459016,True,False,False
46391946761,Libero Nec Ligula LLP,3999,False,3999,3995,3993,False,False,False,0,False,False,False,3993,3999,6,0.0327868852459016,True,False,False
96644709080,Maecenas Libero Associates,4000,False,4000,4002,3996,False,False,False,0,False,False,False,3996,4002,6,0.0327868852459016,True,False,False
96190048310,Penatibus Et Inc.,4001,False,4001,3990,4001,False,False,False,0,False,False,False,3990,4001,11,0.0327868852459016,True,True,False
47119663770,Mauris Vel Incorporated,4002,False,4002,3988,4002,False,False,False,0,False,False,False,3988,4002,14,0.0327868852459016,True,True,False
99990536339,Massa PC,4003,False,4003,3998,4003,False,False,False,0,False,False,False,3998,4003,5,0.0327868852459016,True,False,False
53284532894,Dignissim Lacus Foundation,4004,False,4004,4003,4007,False,False,False,0,False,False,False,4003,4007,4,0.0327868852459016,True,False,False
68731179079,Lacinia Limited,4005,False,4005,4008,4000,False,False,False,0,False,False,False,4000,4008,8,0.0655737704918032,False,False,False
71475747855,Aliquet Molestie Corporation,4006,False,4006,4000,4009,False,False,False,0,False,False,False,4000,4009,9,0.0327868852459016,True,True,False
19401969640,Vestibulum Accumsan Incorporated,4007,False,4007,4011,4010,False,False,False,0,False,False,False,4007,4011,4,0.0327868852459016,True,False,False
94848797110,Nunc Incorporated,4008,False,4008,4013,4005,False,False,False,0,False,False,False,4005,4013,8,0.0327868852459016,True,False,False
72267722034,Donec Egestas Consulting,4009,False,4009,3999,4013,False,False,False,0,False,False,False,3999,4013,14,0.0327868852459016,True,False,False
68889885215,Faucibus Lectus A Inc.,4010,False,4010,4014,4012,False,False,False,0,False,False,False,4010,4014,4,0.0327868852459016,True,False,False
22168725907,Sed Neque Limited,4011,False,4011,4018,4006,False,False,False,0,False,False,False,4006,4018,12,0.0327868852459016,True,False,False
93942213428,A Magna Inc.,4012,False,4012,3993,4016,False,False,False,0,False,False,False,3993,4016,23,0.0327868852459016,True,True,False
52266154043,Lobortis Tellus Justo Foundation,4013,False,4013,4005,4008,False,False,False,0,False,False,False,4005,4013,8,0.0327868852459016,True,True,False
45237488374,Non Lobortis Quis Associates,4014,False,4014,4012,4011,False,False,False,0,False,False,False,4011,4014,3,0.0327868852459016,True,False,False
23222608112,Proin Vel Nisl PC,4015,False,4015,4020,4015,False,False,False,0,False,False,False,4015,4020,5,0.0327868852459016,True,False,False
38249941422,Amet Faucibus Incorporated,4016,False,4016,4009,4019,False,False,False,0,False,False,False,4009,4019,10,0.0327868852459016,True,False,False
22019281430,Ipsum Suspendisse Corporation,4017,False,4017,3994,4020,False,False,False,0,False,False,False,3994,4020,26,0.0655737704918032,False,True,False
29623808496,Iaculis Odio Nam Foundation,4018,False,4018,4015,4017,False,False,False,0,False,False,False,4015,4018,3,0.0327868852459016,True,True,False
50532670634,Accumsan Laoreet Ipsum Company,4019,False,4019,3996,4021,False,False,False,0,False,False,False,3996,4021,25,0.0655737704918032,False,True,False
96141360246,Auctor Odio Consulting,4020,False,4020,4021,4014,False,False,False,0,False,False,False,4014,4021,7,0.0655737704918032,False,True,False
67279397175,Malesuada Fames Limited,4021,False,4021,4019,4018,False,False,False,0,False,False,False,4018,4021,3,0.0327868852459016,True,False,False
24174334793,Nunc Sollicitudin LLP,4022,False,4022,4010,4022,False,False,False,0,False,False,False,4010,4022,12,0.0655737704918032,False,True,False
17507773571,Libero Nec Limited,4023,False,4023,4023,4023,False,False,False,0,False,False,False,4023,4023,0,0.0327868852459016,True,True,False
93915598279,Molestie Pharetra Nibh LLP,4024,False,4024,4024,4024,False,False,False,0,False,False,False,4024,4024,0,0.0327868852459016,True,True,False
65959377833,Lobortis Augue Ltd,4025,False,4025,4025,4026,False,False,False,0,False,False,False,4025,4026,1,0.0655737704918032,False,True,False
13747603419,Fermentum Vel Mauris Institute,4026,False,4026,4026,4025,False,False,False,0,False,False,False,4025,4026,1,0.0327868852459016,True,True,False
