merchant_abn,merchant_name,merchant_category,merchant_pricing_level,merchant_take_rate_pct,has_merchant_master_record,total_transactions,total_revenue,avg_transaction_value,unique_consumers,repeat_consumer_share,first_order_date,last_order_date,active_months_all_time,potential_months_in_window,active_months_in_window,transactions_in_window,normalized_monthly_revenue_trend,monthly_revenue_cv,low_sample_short_window,low_sample_few_transactions,low_sample_few_active_months,low_sample_growth_estimate,estimated_bnpl_revenue,regional_data_coverage_rate_all_sources,census_data_coverage_rate,seifa_data_coverage_rate,ato_data_coverage_rate,regional_data_coverage_rate_all_sources_by_count,census_data_coverage_rate_by_count,seifa_data_coverage_rate_by_count,ato_data_coverage_rate_by_count,ato_small_denominator_share_of_matched,census_population,census_median_household_income_weekly,census_avg_household_size,census_single_parent_family_share,census_couple_with_children_family_share,census_unemployment_rate_published_pct,census_labour_force_participation_rate_published_pct,seifa_irsd_national_decile,seifa_irsad_national_decile,seifa_ier_national_decile,ato_taxable_income_or_loss_per_reporter,ato_salary_or_wages_per_recipient,ato_net_tax_payer_share,value_score,customer_score,growth_score,market_score,stability_score,preliminary_score,preliminary_rank,balanced_score,balanced_rank,value_focused_score,value_focused_rank,growth_focused_score,growth_focused_rank,best_rank,worst_rank,rank_range,fraud_risk_index,risk_safety_score,fraud_risk_70c_30knn,risk_safety_70c_30knn,fraud_risk_50c_50knn,risk_safety_50c_50knn,fraud_risk_30c_70knn,risk_safety_30c_70knn,consumer_exposure_percentile,knn_merchant_risk_percentile,knn_confidence_score,knn_out_of_distribution,final_score,final_rank,rank_change_after_fraud,final_score_70c_30knn,final_score_50c_50knn,final_score_30c_70knn,fraud_5_score,fraud_5_rank,fraud_10_score,fraud_10_rank,fraud_15_score,fraud_15_rank,fraud_weight_best_rank,fraud_weight_worst_rank,fraud_weight_rank_range
38090089066,Interdum Feugiat Sed Inc.,"furniture, home furnishings and equipment shops, and manufacturers, except appliances",B,3.24,True,51816,8891003.866598837,171.58800113090237,21286,0.7149300009395847,2021-02-28,2022-10-26,21,19,19,49130,0.0163040874609758,0.1827434282451794,False,False,False,False,288068.5252778024,0.8104103847816602,0.8375693886895064,0.8375693886895064,0.8299761684823144,0.8085919407132932,0.8355720240852247,0.8355720240852247,0.8288945499459627,0.0961117578579743,9693.39419345898,1611.9159044715448,2.464215323401497,0.1377957751770991,0.3968775872166327,4.582968403547664,59.20563100517358,5.503782324325583,5.499266810976887,5.520005586202081,68932.14511478457,64606.81498086685,0.7364427680147986,98.6835568802782,99.2548435171386,61.607365016173176,59.71187282662692,93.9288380194078,86.80076393217661,2,86.80076393217661,2,90.60315772806442,1,83.06458041392308,4,1,4,3,0.3036202234632691,69.63797765367309,0.4126729271892236,58.73270728107765,0.3036202234632691,69.63797765367309,0.1945675197373145,80.54324802626854,0.5762519827781555,0.0309884641483827,0.918032786885246,False,85.08448530432625,1,1,83.99395826706672,85.08448530432625,86.1750123415858,85.94262461825143,2,85.08448530432625,1,84.22634599040109,1,1,2,1
90568944804,Diam Eu Dolor LLC,tent and awning shops,B,4.1,True,10732,9618324.530454507,896.2285250143971,8698,0.2007358013336399,2021-02-28,2022-10-26,21,19,19,10163,0.0203844249272461,0.2012152149430404,False,False,False,False,394351.30574863486,0.811644427256621,0.8374064601657556,0.8374064601657556,0.8317471893694315,0.8110324263883713,0.8358181140514349,0.8358181140514349,0.8305068952664927,0.100078536968473,9732.677034559643,1608.320624303233,2.4610050251256284,0.1376225459157951,0.3965758996156036,4.525964325529546,59.27420289855073,5.517353700999663,5.521284960125801,5.521397281815118,68745.25803630927,64284.77994669344,0.7363875991240953,99.23000496770987,93.16939890710384,75.16795222692213,67.01440635866865,82.48320477730779,87.16886301493639,1,87.16886301493639,1,89.98274558242784,4,85.06568804388792,1,1,4,3,0.3617359528685809,63.82640471314191,0.4905063349207859,50.94936650792141,0.3617359528685809,63.82640471314191,0.2329655708163758,76.70344291836241,0.6836619079990935,0.0398099977380683,0.3278688524590164,False,84.83461718475695,2,-1,83.5469133642349,84.83461718475695,86.122321005279,86.00174009984667,1,84.83461718475695,2,83.66749426966722,6,1,6,5
84703983173,Amet Consulting,"computer programming , data processing, and integrated systems design services",C,2.31,True,42415,4249850.571200672,100.19687778381872,19839,0.6422198699531226,2021-02-28,2022-10-26,21,19,19,40157,0.017986095076707,0.1891859907974552,False,False,False,False,98171.54819473551,0.8060528646270075,0.8341316392421839,0.8341316392421839,0.8261359645562476,0.807002239773665,0.8342331722268066,0.8342331722268066,0.827820346575504,0.0946969696969697,9699.769754691386,1607.0278939633731,2.4626840734028046,0.1381906346577826,0.3967238273314502,4.6000536965860235,59.15672903006995,5.470357193681514,5.4712679664152555,5.480119538921303,68777.44072158494,64479.89300504105,0.7359141158886517,96.57228017883756,99.00645802285146,68.84797213237124,48.43517138599106,89.52475740233889,85.76512373478832,5,85.76512373478832,5,89.55819457675398,8,82.87098403794099,5,5,8,3,0.2558012038315165,74.41987961684835,0.3431929362123475,65.68070637876525,0.2558012038315165,74.41987961684835,0.1684094714506855,83.15905285493145,0.4742805347835939,0.037321872879439,0.4590163934426229,False,84.63059932299431,3,2,83.75668199918601,84.63059932299431,85.50451664680263,85.19786152889132,4,84.63059932299431,3,84.06333711709732,3,3,4,1
86578477987,Leo In Consulting,"watch, clock, and jewelry repair shops",A,6.43,True,272674,9539822.77287038,34.98618413515912,24081,0.9999169469706408,2021-02-28,2022-10-26,21,19,19,258319,0.015149560341297,0.1806698730088095,False,False,False,False,613410.6042955653,0.8087525903045766,0.8356543632697554,0.8356543632697554,0.8294068933346994,0.8083645672121288,0.8353198324739433,0.8353198324739433,0.8292943221575948,0.0988161519853887,9657.147275760635,1606.6157351714448,2.462650692492713,0.1376292644445508,0.3967652270665946,4.584428151205258,59.14393642709893,5.48305399548932,5.48383673108389,5.501596426834122,68694.65277197704,64434.78437388401,0.7357459692786412,99.92548435171386,99.97516145057128,55.11321224185121,53.80029806259314,95.17292858920128,85.65004721116672,7,85.65004721116672,7,90.19692013111587,2,81.1663361452376,32,2,32,30,0.2545612418901958,74.54387581098042,0.3442617847896805,65.57382152103195,0.2545612418901958,74.54387581098042,0.164860698990711,83.5139301009289,0.4788125991389078,0.0303098846414838,0.639344262295082,False,84.5394300711481,4,3,83.64242464215326,84.5394300711481,85.43643550014295,85.0947386411574,5,84.5394300711481,4,83.98412150113879,4,4,5,1
27326652377,Tellus Aenean Corporation,"music shops - musical instruments, pianos, and sheet music",A,6.33,True,6405,6479939.749639606,1011.7001951037636,5607,0.1319778847868735,2021-02-28,2022-10-26,21,19,19,6049,0.0204550100415169,0.1947996651397372,False,False,False,False,410180.18615218706,0.8123881476603826,0.841980906403335,0.841980906403335,0.8290678995448267,0.8076502732240437,0.8385636221701795,0.8385636221701795,0.8263856362217018,0.1035329680710372,9639.655185254143,1601.6829268292684,2.4587017347509805,0.1362636652292845,0.3962898006794723,4.535412399925524,59.149636939117485,5.491083161253989,5.504599211563732,5.519992491083161,68662.2197980018,64408.0527801608,0.7350117067495695,99.40387481371089,89.19523099850969,75.2674794725056,61.54992548435171,86.16571286389649,86.25331556626146,3,86.25331556626146,3,89.35283279978968,13,84.35010822290099,2,2,13,11,0.3263974604037658,67.36025395962342,0.3961557207471314,60.38442792528686,0.3263974604037658,67.36025395962342,0.2566392000604002,74.33607999395998,0.50079311126218,0.1520018095453517,0.2459016393442623,False,84.36400940559766,5,-2,83.666426802164,84.36400940559766,85.06159200903132,85.30866248592956,3,84.36400940559766,5,83.41935632526575,10,3,10,7
40515428545,Elit Sed Consequat Associates,artist supply and craft shops,A,5.89,True,13019,7780713.037594009,597.6429094088646,10024,0.2483040702314445,2021-02-28,2022-10-26,21,19,19,12349,0.014442643949368,0.1815527252598447,False,False,False,False,458283.99791428715,0.8139222491221307,0.8371770433945465,0.8371770433945465,0.83423765188408,0.8158844765342961,0.8399262616176357,0.8399262616176357,0.8350871802749827,0.0928072111846946,9960.611522633744,1610.248102423411,2.462321363136682,0.1375617400607874,0.3977156411630014,4.545505258344768,59.16139917695479,5.52019876690899,5.52369559215975,5.508235943682709,68840.80882252028,64599.44050676675,0.7357035322530733,99.652260307998,94.5851962245405,50.684249813386415,67.75956284153006,94.70017417267977,84.65980952126678,26,84.65980952126678,26,88.70284491932075,35,80.0163616759785,72,26,72,46,0.1917380241275789,80.8261975872421,0.2324232812791759,76.75767187208241,0.1917380241275789,80.8261975872421,0.1510527669759818,84.89472330240181,0.2934511670065715,0.0900248812485862,0.5573770491803278,False,84.27644832786432,6,20,83.86959575634835,84.27644832786432,84.68330089938028,84.46812892456553,12,84.27644832786432,6,84.08476773116307,2,2,12,10
17488304283,Posuere Cubilia Curae Corporation,"cable, satellite, and other pay television and radio services",A,6.18,True,33901,3317882.8451392637,97.86976328542708,18225,0.5415089163237311,2021-02-28,2022-10-26,21,19,19,32108,0.0167651492934243,0.1833630792874155,False,False,False,False,205045.15982960648,0.8076235606446106,0.8344120559339122,0.8344120559339122,0.8296416684662363,0.8079407687088876,0.8348721276658506,0.8348721276658506,0.8290905872983098,0.1021453730387448,9647.485142917712,1601.740310214465,2.4598980097740553,0.1380355608990626,0.3954090196371135,4.57758188177932,59.10114828816736,5.45505037917898,5.454801153558586,5.470609178623563,68417.54189056889,64315.441350600326,0.7356079938440886,97.91356184798808,98.55936413313464,64.17019158994775,42.10134128166915,93.48096541428217,85.08022684597887,13,85.08022684597887,13,89.55800638719684,9,81.67359970591752,13,9,13,4,0.229837298274571,77.0162701725429,0.2989719461525966,70.10280538474034,0.229837298274571,77.0162701725429,0.1607026503965453,83.92973496034546,0.4026739179696351,0.0570006785795069,0.3770491803278688,False,84.27383117863528,7,6,83.58248469985502,84.27383117863528,84.96517765741552,84.67702901230706,9,84.27383117863528,7,83.87063334496348,5,5,9,4
49212265466,Auctor Company,"florists supplies, nursery stock, and flowers",B,4.5,True,36052,8140124.786927128,225.78843855894615,18683,0.5684311941337045,2021-02-28,2022-10-26,21,19,19,34084,0.0159858083712216,0.1817239374059164,False,False,False,False,366305.6154117208,0.8057787565766509,0.8315674224822271,0.8315674224822271,0.8262678398567211,0.807056473982026,0.8336292022633973,0.8336292022633973,0.8277488072783756,0.0950338449165605,9628.277799960071,1606.310075197977,2.4646850931884035,0.1381615098755345,0.3964931116555154,4.595651161243102,59.107939043055815,5.467539003522899,5.473477604428787,5.491360509981547,68661.0724632861,64457.57853217381,0.7358944503965167,99.05613512170888,98.78291107799303,60.01492908683752,49.50322901142573,94.57576511570042,85.55224179187606,8,85.55224179187606,8,89.98194739913379,5,81.66178239057471,14,5,14,9,0.2750520210972157,72.49479789027842,0.3655297397374139,63.4470260262586,0.2750520210972157,72.49479789027842,0.1845743024570175,81.54256975429824,0.5012463176977113,0.0488577244967202,0.8852459016393442,False,84.2464974017163,8,0,83.34172021531431,84.2464974017163,85.15127458811827,84.89936959679618,8,84.2464974017163,8,83.59362520663642,7,7,8,1
86772484982,Posuere Cubilia Curae LLC,"digital goods: books, movies, music",A,6.6,True,14420,1256585.8485406716,87.1418757656499,10870,0.2698252069917203,2021-02-28,2022-10-26,21,19,19,13624,0.0159206068326269,0.1698457343145088,False,False,False,False,82934.66600368432,0.8033138056346052,0.8325334422930925,0.8325334422930925,0.8254058210281519,0.8058945908460472,0.8349514563106796,0.8349514563106796,0.8271844660194175,0.096244131455399,9861.302325581397,1614.3997508305647,2.4646436896436894,0.1381702712636887,0.3984194638277562,4.543637873754159,59.29504152823933,5.5196349325965,5.524658795947417,5.52147701582517,69027.91029430239,64629.00740268767,0.7363340409926318,95.03229011425732,95.3551912568306,59.44264742473252,68.05762543467462,98.283155013685,85.78525012895156,4,85.78525012895156,4,88.91346549740693,28,82.21014080287041,8,4,28,24,0.2968966789276383,70.31033210723616,0.3861597612654884,61.38402387345115,0.2968966789276383,70.31033210723616,0.2076335965897881,79.23664034102119,0.5200543847722637,0.0737389730830128,0.0655737704918032,False,84.23775832678002,9,-5,83.34512750340151,84.23775832678002,85.13038915015852,85.01150422786579,6,84.23775832678002,9,83.46401242569425,8,6,9,3
96680767841,Ornare Limited,motor vehicle supplies and new parts,A,5.91,True,31134,9806731.153473794,314.984619819933,17471,0.5088432259172343,2021-02-28,2022-10-26,21,19,19,29496,0.0166651467464018,0.1884501577025701,False,False,False,False,579577.8111703013,0.8117552280656352,0.8384825703275128,0.8384825703275128,0.8325720227906191,0.8132909359542623,0.8394359863814479,0.8394359863814479,0.8336224063724545,0.0968636818987439,9606.876946623304,1609.6684522670748,2.462524435585867,0.1376787428517787,0.3959994685326436,4.564729290223846,59.21367132198209,5.480579531442664,5.472564734895191,5.4938733045622685,68813.72496758029,64465.95770894623,0.7367441584253189,99.85096870342772,98.43517138599104,63.77208260761383,48.90710382513661,90.09703906444388,85.7237662212291,6,85.7237662212291,6,90.07490376993437,3,82.18666747751953,9,3,9,6,0.2935376104190939,70.6462389580906,0.3991001325328975,60.089986746710245,0.2935376104190939,70.6462389580906,0.1879750883052903,81.20249116947097,0.557443915703603,0.0296313051345849,0.9672131147540984,False,84.21601349491526,10,-4,83.16038827377722,84.21601349491526,85.27163871605329,84.96988985807216,7,84.21601349491526,10,83.46213713175833,9,7,10,3
63123845164,Odio Phasellus Institute,artist supply and craft shops,A,6.59,True,11446,8630515.159852488,754.0201956886675,9090,0.2223322332233223,2021-02-28,2022-10-26,21,19,19,10826,0.0155633332500412,0.1935223917077619,False,False,False,False,568750.9490342789,0.8083398126457116,0.8347161633649818,0.8347161633649818,0.8280060255030592,0.810326751703652,0.8362746811113052,0.8362746811113052,0.8300716407478596,0.0980949373750131,9759.908483075636,1610.455390722942,2.464508368200838,0.1368038434592566,0.3975736392012011,4.5642707898036,59.26692436272459,5.532786022523945,5.5319440058941165,5.550889380065256,68845.98575642493,64590.92762883368,0.7362274427408236,99.8012916045703,93.61649279682068,57.32769345608361,69.6969696969697,87.16098531973128,84.85389413944964,20,84.85389413944964,20,88.482790142254,41,80.91577426498846,36,20,41,21,0.2486101011523755,75.13898988476244,0.3096917801566416,69.03082198433583,0.2486101011523755,75.13898988476244,0.1875284221481093,81.24715778518907,0.401314298663041,0.09590590364171,0.4918032786885246,False,83.88240371398092,11,9,83.27158692393826,83.88240371398092,84.49322050402358,84.36814892671528,15,83.88240371398092,11,83.39665850124656,11,11,15,4
48534649627,Dignissim Maecenas Foundation,"opticians, optical goods, and eyeglasses",A,6.64,True,66437,9408958.320743646,141.622263508943,22580,0.8144375553587245,2021-02-28,2022-10-26,21,19,19,62814,0.0158707547774489,0.1885738174091368,False,False,False,False,624754.8324973781,0.8126438296141298,0.8390218343805506,0.8390218343805506,0.8339778919328483,0.8106025257010401,0.8378764844890648,0.8378764844890648,0.8315547059620392,0.0974369185099373,9684.041659181546,1605.8692199906586,2.4627535318995717,0.1384034993459968,0.3965287911868719,4.582265655876104,59.1768224769156,5.479420814479638,5.478009049773756,5.496180995475113,68652.193163032,64422.686273130144,0.7358223207404743,99.97516145057128,99.4287133631396,59.11918387658621,51.53999006458023,89.99751181886042,85.32718933056061,10,85.32718933056061,10,89.79174677855943,6,81.26891397753369,25,6,25,19,0.2953262432820552,70.46737567179449,0.3909279009658341,60.90720990341659,0.2953262432820552,70.46737567179449,0.1997245855982763,80.02754144017237,0.5343303874915024,0.056322099072608,0.7868852459016393,False,83.841207964684,12,-2,82.88519138784622,83.841207964684,84.79722454152179,84.58419864762232,10,83.841207964684,12,83.09821728174569,14,10,14,4
76314317957,Semper Corp.,"florists supplies, nursery stock, and flowers",A,5.93,True,33333,4984309.616983732,149.53078381735014,18071,0.5356648774279232,2021-02-28,2022-10-26,21,19,19,31527,0.0164459451288865,0.187668944632947,False,False,False,False,295569.5602871353,0.8115678040301006,0.8412369177394124,0.8412369177394124,0.8312892572485072,0.8093480934809348,0.8375783757837578,0.8375783757837578,0.8286982869828698,0.0953553198421605,9711.681722124718,1604.3601490024714,2.4634246968501072,0.138284224025547,0.3963676568598198,4.578806547512461,59.17954081449919,5.466820542412003,5.469777841892672,5.486151182919793,68542.49188118942,64352.31300182503,0.7362431873265656,98.73323397913562,98.53452558370591,62.527992037820354,47.96323894684551,90.61955710375716,85.14845745747935,12,85.14845745747935,12,89.49721930615964,10,81.53786868311931,17,10,17,7,0.2858076779894979,71.41923220105019,0.3770590459507348,62.29409540492652,0.2858076779894979,71.41923220105019,0.194556310028261,80.5443689971739,0.5139360978925901,0.0576792580864057,0.6229508196721312,False,83.77553493183643,13,-1,82.86302125222407,83.77553493183643,84.6880486114488,84.46199619465789,13,83.77553493183643,13,83.08907366901498,15,13,15,2
94472466107,Eu Dolor Egestas PC,"cable, satellite, and other pay television and radio services",A,6.23,True,23451,1387558.663861252,59.16842198035274,15010,0.4087941372418388,2021-02-28,2022-10-26,21,19,19,22245,0.0159596772957127,0.1860120783655295,False,False,False,False,86444.90475855602,0.8083746981511739,0.8346823962591939,0.8346823962591939,0.8280536529072475,0.8059784230949639,0.8337384333290692,0.8337384333290692,0.8272141912924822,0.0976338986545698,9520.768412438623,1607.9740180032734,2.461320077892789,0.1376286261878117,0.3962424552979931,4.591898527004908,59.2573342880525,5.499201072109685,5.513117880521623,5.479717540332972,68767.51424236725,64412.7084186972,0.7354434439753414,95.7029309488326,97.64033780427222,59.84075640706643,64.35668156979632,91.86364767355064,85.30433032514334,11,85.30433032514334,11,88.66475152118346,37,81.62124252819474,16,11,37,26,0.2998611779789648,70.01388220210352,0.3985434912877188,60.14565087122812,0.2998611779789648,70.01388220210352,0.2011788646702108,79.88211353297892,0.5465669612508498,0.0531553947070798,0.2131147540983606,False,83.77528551283936,14,-3,82.78846237975182,83.77528551283936,84.7621086459269,84.53980791899134,11,83.77528551283936,14,83.01076310668736,18,11,18,7
57900494384,Porttitor Tellus Corporation,tent and awning shops,A,6.39,True,67098,1389638.2352600622,20.710576101524072,22627,0.8160162637556901,2021-02-28,2022-10-26,21,19,19,63421,0.0153873231822335,0.1804248497196621,False,False,False,False,88797.88323311796,0.8078975884838424,0.835192196969208,0.835192196969208,0.8295821648270858,0.8065367075024591,0.8334972726459805,0.8334972726459805,0.8282512146412709,0.0962860330370317,9608.903443836498,1606.4150663376604,2.463861918240126,0.1379095897653787,0.3965361234919227,4.591181203733483,59.12095089940244,5.4944773779707745,5.489342150309015,5.509973152669417,68850.54184388202,64529.60192094235,0.7354706655377925,95.926477893691,99.4535519125683,56.38218462304055,56.18479880774962,95.29733764618064,84.83084879855954,21,84.83084879855954,21,88.79514741638914,33,80.70006577055065,43,21,43,22,0.2623772076835149,73.7622792316485,0.3543898414920486,64.56101585079514,0.2623772076835149,73.7622792316485,0.1703645738749811,82.9635426125019,0.4924087922048493,0.0323456231621805,0.1967213114754098,False,83.72399184186844,15,6,82.8038655037831,83.72399184186844,84.64411817995378,84.27742032021399,20,83.72399184186844,15,83.17056336352289,12,12,20,8
22227727512,Malesuada Integer Id Foundation,motor vehicle supplies and new parts,B,5.03,True,15980,4021014.623603803,251.6279489113769,11686,0.2958240629813452,2021-02-28,2022-10-26,21,19,19,15151,0.0149600920582107,0.1863137246553929,False,False,False,False,202257.0355672713,0.8016753705252772,0.8292641976995524,0.8292641976995524,0.8228180921424162,0.8040050062578222,0.8304755944931164,0.8304755944931164,0.8247183979974969,0.0947719857348812,9801.055383919826,1617.528596187175,2.4705127237030906,0.1383900191709909,0.3984346640313572,4.589367794439008,59.3686911310377,5.5343847145348395,5.5423458943058606,5.554325574342255,68581.15606812968,64471.99740963907,0.7361888648205288,97.86388474913063,95.86438152011922,53.94376710624533,72.20566318926974,91.5650659368002,85.06934043546507,14,85.06934043546507,14,88.54825739560239,38,80.7773038326271,40,14,40,26,0.2868183713958568,71.31816286041432,0.3744930169458304,62.55069830541695,0.2868183713958568,71.31816286041432,0.1991437258458832,80.08562741541168,0.5060049852707909,0.0676317575209228,0.360655737704918,False,83.69422267795998,16,-2,82.81747622246026,83.69422267795998,84.57096913345973,84.38178155671253,14,83.69422267795998,16,83.00666379920746,19,14,19,5
94493496784,Dictum Phasellus In Institute,"gift, card, novelty, and souvenir shops",A,5.65,True,99176,9115635.921792226,91.91372833943925,23660,0.935207100591716,2021-02-28,2022-10-26,21,19,19,93829,0.0152225037626344,0.1836920033034539,False,False,False,False,515033.4295812608,0.8090017446368027,0.8368229426488424,0.8368229426488424,0.8300811775987402,0.8082802290876825,0.8358473824312334,0.8358473824312334,0.8287186416068404,0.0945260314640645,9690.575986778616,1607.6439273306312,2.4637067736401193,0.1378841167551729,0.3961825814216426,4.593438766647342,59.12125554912157,5.473732808475482,5.474243086941731,5.4921757301841865,68760.25463517667,64437.20221798032,0.7357239667722617,99.70193740685544,99.6274217585693,55.56108484697686,49.92548435171386,93.25702911171932,84.91075643302361,19,84.91075643302361,19,89.60662171377463,7,80.50039695945007,52,7,52,45,0.2769959855709978,72.30040144290022,0.3761228122807359,62.3877187719264,0.2769959855709978,72.30040144290022,0.1778691588612596,82.21308411387403,0.5248130523453433,0.0291789187966523,0.7213114754098361,False,83.64972093401127,17,2,82.65845266691389,83.64972093401127,84.64098920110865,84.28023868351744,19,83.64972093401127,17,83.01920318450509,16,16,19,3
49322182190,Gravida Mauris Incorporated,"watch, clock, and jewelry repair shops",A,6.35,True,51903,7854984.104789294,151.3396933662658,21356,0.7218112005993632,2021-02-28,2022-10-26,21,19,19,49114,0.0151473710717912,0.1914178997979389,False,False,False,False,498791.49065412016,0.8069795268025668,0.8366174417983167,0.8366174417983167,0.8270293954453384,0.8070824422480396,0.83677244089937,0.83677244089937,0.8269656859911758,0.0968501001817249,9605.234602012388,1607.907070986162,2.4634535095610475,0.1376548100188845,0.3966972076153648,4.578420943565652,59.215003108378546,5.501716698371457,5.5010671368255,5.513617593838445,68725.91760115372,64407.14663887831,0.7360026420302254,99.67709885742671,99.2796820665673,55.088330430455336,60.58122205663189,88.23090320975368,85.03347394708715,16,85.03347394708715,16,89.21770620847546,18,80.59446794393298,46,16,46,30,0.2882101795332035,71.17898204667965,0.3906464793491992,60.935352065080075,0.2882101795332035,71.17898204667965,0.1857738797172077,81.42261202827923,0.5443009290731928,0.0321194299932142,0.7868852459016393,False,83.6480247570464,18,-2,82.62366175888644,83.6480247570464,84.67238775520636,84.34074935206677,16,83.6480247570464,18,82.95530016202602,21,16,21,5
68559320474,Aliquam Auctor Associates,"antique shops - sales, repairs, and restoration services",B,4.2,True,35551,7672530.601681003,215.81757479904937,18537,0.5674057290823757,2021-02-28,2022-10-26,21,19,19,33648,0.0163060992343462,0.1877756145572831,False,False,False,False,322246.28527060215,0.8061657795939334,0.8350805372514604,0.8350805372514604,0.8269478825448844,0.8067564906753678,0.8350819948805941,0.8350819948805941,0.8277404292424967,0.0990926699969415,9633.316390460792,1601.5297426569657,2.4623785097192172,0.1375868275607389,0.3960021454449129,4.584562786310971,59.13161546752903,5.4651147006922765,5.467388353468169,5.484695262657798,68511.85991168789,64268.094378606016,0.7352797049398923,98.88226527570792,98.6835568802782,61.63224682756905,47.168405365126674,90.59467529236127,84.96805999866258,17,84.96805999866258,17,89.4162539165986,12,81.25299357362019,27,12,27,15,0.2856992969662078,71.43007030337922,0.3790787669402051,62.09212330597949,0.2856992969662078,71.43007030337922,0.1923198269922105,80.76801730077894,0.519147971901201,0.0522506220312146,0.8688524590163934,False,83.61426102913425,19,-2,82.68046632939428,83.61426102913425,84.54805572887422,84.2911605138984,17,83.61426102913425,19,82.93736154437008,22,17,22,5
49891706470,Non Vestibulum Industries,tent and awning shops,A,5.8,True,247526,7171594.31378412,28.97309500328903,24078,0.9997508098679292,2021-02-28,2022-10-26,21,19,19,234145,0.0151352384748438,0.1844539506681849,False,False,False,False,415952.47019947896,0.8079633135973807,0.8356878174481372,0.8356878174481372,0.8288464848046813,0.808201966662088,0.8357829076541454,0.8357829076541454,0.8291654210062781,0.0971009549795361,9637.779401386324,1604.696067247363,2.462557086471177,0.1381172414202441,0.3963415984703548,4.60290944421359,59.12417366757287,5.475220519114904,5.476160556424157,5.486861395638812,68607.61199498708,64374.558684682735,0.7357318686743999,99.4287133631396,99.85096870342772,55.063448619059464,50.670640834575266,92.75939288380194,84.78501892463852,22,84.78501892463852,22,89.44118578827074,11,80.3273796832161,60,11,60,49,0.2715517676614296,72.84482323385704,0.365967543714918,63.403245628508195,0.2715517676614296,72.84482323385704,0.1771359916079412,82.28640083920588,0.5075912077951507,0.0355123275277086,0.4754098360655737,False,83.59099935556037,20,2,82.64684159502549,83.59099935556037,84.53515711609526,84.18800914009944,22,83.59099935556037,20,82.9939895710213,20,20,22,2
78760357380,Nibh Aliquam Corp.,"computers, computer peripheral equipment, and software",C,1.61,True,20225,6031585.644893512,298.2242593272441,13653,0.3652677067311213,2021-02-28,2022-10-26,21,19,19,19115,0.016731475405615,0.1833712777055455,False,False,False,False,97108.52888278555,0.8071777765049896,0.8359005176288974,0.8359005176288974,0.8264754151134629,0.8047960444993819,0.8334239802224969,0.8334239802224969,0.8243757725587144,0.0977028729082948,9432.3087921215,1605.3786782154723,2.4638963200760937,0.1379351370507008,0.3962340521909777,4.589445894636925,59.0411248220219,5.487532141362196,5.472642468456617,5.512228667105185,68653.6058750105,64330.60075357175,0.7351762568074562,96.4729259811227,97.0193740685544,64.02090072157253,48.95678092399404,93.4560836028863,84.91499208862227,18,84.91499208862227,18,88.91340060445621,29,81.64246715829566,15,15,29,14,0.2842144846355484,71.57855153644516,0.3717523481572637,62.82476518427362,0.2842144846355484,71.57855153644516,0.1966766211138329,80.3323378886167,0.5030591434398368,0.0653698258312599,0.639344262295082,False,83.58134803340457,21,-3,82.7059693981874,83.58134803340457,84.45672666862171,84.24817006101341,21,83.58134803340457,21,82.9145260057957,25,21,25,4
63290521567,Vehicula Pellentesque Corporation,artist supply and craft shops,A,6.48,True,181876,4402170.601100571,24.20424135730152,24068,0.99596975236829,2021-02-28,2022-10-26,21,19,19,172016,0.0156829322400392,0.188548373418975,False,False,False,False,285260.65495131706,0.8095594704283509,0.8365763335221394,0.8365763335221394,0.8302091217784704,0.8087323231212474,0.835855198047021,0.835855198047021,0.8299005916118675,0.0978872259654562,9682.486048071987,1606.952118772283,2.4632824960784667,0.1376953380831715,0.3964100280973751,4.581186933470149,59.1873307810717,5.483835049906549,5.484305616309434,5.49988732917114,68765.12237061728,64454.17564489321,0.735836575082014,98.65871833084948,99.77645305514156,58.02438417516795,53.87481371087929,90.04727544165215,85.04117828540959,15,85.04117828540959,15,89.31209022419216,16,80.92185813362683,35,15,35,20,0.300330786366472,69.96692136335281,0.4064391244371503,59.35608755628496,0.300330786366472,69.96692136335281,0.1942224482957936,80.57775517042064,0.5656016315431679,0.035059941189776,0.360655737704918,False,83.53375259320391,22,-7,82.47266921249712,83.53375259320391,84.59483597391069,84.28746543930674,18,83.53375259320391,22,82.78003974710107,28,18,28,10
68216911708,Placerat Eget Venenatis Limited,"computers, computer peripheral equipment, and software",C,3.05,True,180825,6965563.782349261,38.521021884967574,24065,0.9962601288177853,2021-02-28,2022-10-26,21,19,19,171203,0.0153375004431047,0.1839052156004435,False,False,False,False,212449.69536165244,0.807832176401501,0.8350722504659982,0.8350722504659982,0.8285422959288777,0.8087100788054749,0.8355205309000415,0.8355205309000415,0.8295644960597263,0.0981027425569643,9707.791723754492,1606.6505232223346,2.4637408325928742,0.1380451657961509,0.3961283282370267,4.5975079922956645,59.15834607467436,5.481554317103088,5.4775411978027835,5.506652978507813,68716.41356839014,64409.89868456946,0.7359062428592772,98.03775459513164,99.75161450571288,56.008957452102514,51.19225037257824,93.18238367753172,84.6476040842758,27,84.6476040842758,27,89.09131915255493,22,80.35903137444383,58,22,58,36,0.2678136346658946,73.21863653341055,0.361096066591515,63.8903933408485,0.2678136346658946,73.21863653341055,0.1745312027402741,82.54687972597259,0.5010197144799456,0.0346075548518434,0.5573770491803278,False,83.50470732918927,23,4,82.57188300993307,83.50470732918927,84.43753164844547,84.07615570673252,23,83.50470732918927,23,82.933258951646,23,23,23,0
98973094975,Ornare Fusce Inc.,"hobby, toy and game shops",A,5.98,True,54613,6820457.860496933,124.88707561380866,21561,0.7397616066045174,2021-02-28,2022-10-26,21,19,19,51698,0.0149405872279156,0.1855914564074163,False,False,False,False,407863.38005771657,0.8084360749575579,0.8361352839036911,0.8361352839036911,0.828309058834038,0.8083240254151942,0.8358266346840496,0.8358266346840496,0.8280079834471646,0.0972578505086245,9539.49814883782,1605.083357066182,2.4620186185395,0.1375909058167788,0.3961400307012028,4.558417858785881,59.153525971038306,5.487633055077072,5.485049246941389,5.5077072567466105,68711.80889630446,64388.34345377159,0.7354752901387777,99.37903626428216,99.30452061599604,53.819358049265986,54.09836065573771,92.1373475989052,84.63415084854641,29,84.63415084854641,29,89.17616853972444,19,80.0819088094591,67,19,67,48,0.2673632985719589,73.2636701428041,0.3617322778062163,63.82677221937837,0.2673632985719589,73.2636701428041,0.1729943193377014,82.70056806622985,0.5032857466576025,0.0314408504863153,0.7213114754098361,False,83.49710277797217,24,5,82.5534129856296,83.49710277797217,84.44079257031476,84.06562681325929,24,83.49710277797217,24,82.92857874268506,24,24,24,0
31385641294,Semper Auctor PC,motor vehicle supplies and new parts,B,4.52,True,3812,8378874.140559459,2198.0257451625025,3528,0.0762471655328798,2021-02-28,2022-10-26,21,19,19,3591,0.0183297738366125,0.1995621560451891,False,False,False,False,378725.1111532875,0.8172920052007454,0.8447662515605614,0.8447662515605614,0.8365506774185667,0.8137460650577125,0.8410283315844701,0.8410283315844701,0.8339454354669464,0.0962566844919786,9767.7972551466,1616.9747348721148,2.466729088639201,0.1382714842133153,0.3987929379093501,4.524298190892075,59.46584529008108,5.5500784929356355,5.549450549450549,5.531554160125589,69281.34758304307,64817.33202356116,0.7383140002871741,99.13065076999504,83.4575260804769,69.79348096541428,73.57178340784898,83.3789499875591,84.42629378311935,35,84.42629378311935,35,87.17109564145568,77,82.27623303713719,7,7,77,70,0.2496906309948814,75.03093690051186,0.2880423414340011,71.19576585659989,0.2496906309948814,75.03093690051186,0.2113389205557617,78.86610794442383,0.3455699070926807,0.1538113548970821,0.2459016393442623,False,83.4867580948586,25,10,83.1032409904674,83.4867580948586,83.87027519924979,83.95652593898896,26,83.4867580948586,25,83.01699025072821,17,17,26,9
30942453214,Justo Nec Associates,"opticians, optical goods, and eyeglasses",A,6.83,True,7792,1107862.3734278567,142.17946270891386,6639,0.1540894713059195,2021-02-28,2022-10-26,21,19,19,7373,0.0171670251126634,0.1921717472870625,False,False,False,False,75667.00010512261,0.810574452275084,0.8358970925544339,0.8358970925544339,0.8313791274846666,0.8136550308008214,0.8399640657084189,0.8399640657084189,0.8339322381930184,0.095413973530317,9626.147746371276,1618.0634071810543,2.460538390945246,0.135700093050311,0.3974542160808642,4.52076394194041,59.226310160427815,5.530913565056905,5.534912334666257,5.547831436481083,68880.87288249207,64450.82724864456,0.735341720599432,93.59165424739196,90.93392945851964,65.66310027369992,70.39244908097368,87.83279422741975,84.15776273579782,45,84.15776273579782,45,86.71415069280333,94,81.49779357787224,19,19,94,75,0.2264947598582522,77.35052401417477,0.2692301892482847,73.07698107517153,0.2264947598582522,77.35052401417477,0.1837593304682198,81.62406695317802,0.3333333333333333,0.1196561863831712,0.0327868852459016,True,83.47703886363551,26,19,83.04968456973519,83.47703886363551,83.90439315753584,83.81740079971667,33,83.47703886363551,26,83.13667692755436,13,13,33,20
35223308778,Euismod In Corp.,"books, periodicals, and newspapers",B,4.19,True,44988,7298181.783053957,162.22507742184487,20417,0.6555321545770681,2021-02-28,2022-10-26,21,19,19,42584,0.0159812355057929,0.18323393585563,False,False,False,False,305793.8167099608,0.8039665411791609,0.8333262417163362,0.8333262417163362,0.8242528525283188,0.804036631990753,0.832155241397706,0.832155241397706,0.8248421801369255,0.0965829470734073,9703.715361807836,1600.8077570318137,2.46431707447662,0.1380980009140936,0.3961608613929567,4.597013649597996,59.09379757993409,5.450833580220313,5.449190659592232,5.4898058121683855,68528.02533193176,64313.83212358653,0.735423449713635,98.80774962742176,99.15548931942376,59.965165464045775,40.23845007451565,93.55561084846975,84.48141694561365,33,84.48141694561365,33,89.35201113142774,14,80.57977154467595,47,14,47,33,0.2656572136579259,73.43427863420742,0.3564484863638015,64.35515136361984,0.2656572136579259,73.43427863420742,0.1748659409520502,82.51340590479496,0.492635395422615,0.0386790318932368,0.7540983606557377,False,83.37670311447303,27,6,82.46879038741427,83.37670311447303,84.28461584153179,83.92906003004333,28,83.37670311447303,27,82.82434619890272,26,26,28,2
94690988633,Eu Placerat LLC,"computers, computer peripheral equipment, and software",A,6.16,True,31353,6331376.663970801,201.9384640694926,17575,0.5155618776671408,2021-02-28,2022-10-26,21,19,19,29703,0.0156575474309443,0.1840824822198221,False,False,False,False,390012.80250060133,0.807628740761835,0.8341716839868373,0.8341716839868373,0.8286052567797892,0.8110228686250119,0.8376550888272255,0.8376550888272255,0.830574426689631,0.0946200222725701,9783.004569165749,1601.1061950272249,2.458129864184333,0.1382446410501887,0.3952500637496937,4.629372120473663,59.130723832007064,5.469199769717904,5.471464210324314,5.470389560545001,68793.63715249268,64449.05471944745,0.7361245582114516,99.20516641828118,98.46000993541976,57.82532968400099,48.48484848484848,93.0330928091565,84.74506711599781,23,84.74506711599781,23,89.35007484938346,15,80.64434126671287,44,15,44,29,0.2969085703428207,70.30914296571792,0.391424090766762,60.8575909233238,0.2969085703428207,70.30914296571792,0.2023930499188795,79.76069500811205,0.5331973714026739,0.0606197692829676,0.7213114754098361,False,83.30147470096983,28,-5,82.35631949673042,83.30147470096983,84.24662990520925,84.02327090848381,25,83.30147470096983,28,82.57967849345582,30,25,30,5
35909341340,Arcu Sed Eu Incorporated,"computer programming , data processing, and integrated systems design services",B,4.8,True,37985,9528214.064781647,250.84149176732,19131,0.5858031467252104,2021-02-28,2022-10-26,21,19,19,35930,0.0149198480209289,0.1880823958784583,False,False,False,False,457354.27510951913,0.8159448609525273,0.8424864591944652,0.8424864591944652,0.8353503409741845,0.815058575753587,0.841542714229301,0.841542714229301,0.8347505594313545,0.0961902359026113,9564.34048676719,1605.6280422949385,2.461786911437606,0.1379192508417476,0.3958904289900298,4.582622161046114,59.10619095288734,5.481726528040328,5.482640201638311,5.503339634530561,68621.9295874568,64340.82438301014,0.7356610535090692,99.6274217585693,98.88226527570792,53.67006718089077,53.42771982116245,90.34585717840258,84.23745684155256,41,84.23745684155256,41,88.84530966730682,32,79.67897920792777,85,32,85,53,0.2521745272252669,74.78254727747331,0.3376632026256654,66.23367973743346,0.2521745272252669,74.78254727747331,0.1666858518248683,83.33141481751316,0.4658962157262633,0.0384528387242705,0.918032786885246,False,83.29196588514463,29,12,82.43707913114065,83.29196588514463,84.14685263914862,83.7647113633486,37,83.29196588514463,29,82.81922040694066,27,27,37,10
64203420245,Pede Nonummy Corp.,tent and awning shops,C,2.86,True,260780,7549445.230213003,28.94947937040035,24081,0.9998338939412816,2021-02-28,2022-10-26,21,19,19,246997,0.0151908114439467,0.18593190257126,False,False,False,False,215914.13358409188,0.8073887522611249,0.8344544351600031,0.8344544351600031,0.827998551286364,0.8069522202622901,0.834304777973771,0.834304777973771,0.8278433928982284,0.0961067234870417,9683.264995173968,1607.221652801397,2.4631715886955097,0.1378426792819358,0.3962728079259072,4.5947892632256995,59.12808659282129,5.480394654561456,5.478703939597471,5.4926697084095695,68764.00252327322,64457.0678288184,0.7358688269313809,98.06259314456037,99.97516145057128,55.33714854441404,51.93740685543964,91.8885294849465,84.45701812317967,34,84.45701812317967,34,88.89954966764302,30,80.0888452478645,66,30,66,36,0.280956416271905,71.90435837280951,0.379405483572343,62.059451642765694,0.280956416271905,71.90435837280951,0.1825073489714669,81.74926510285331,0.5270790845230002,0.0348337480208097,0.4918032786885246,False,83.20175214814265,30,4,82.21726147513827,83.20175214814265,84.18624282114703,83.82938513566116,32,83.20175214814265,30,82.57411916062415,31,30,32,2
75454398468,Tempus Non Lacinia Corporation,tent and awning shops,B,4.9,True,5968,8074176.51388507,1352.9116142568816,5320,0.1116541353383458,2021-02-28,2022-10-26,21,19,19,5656,0.017538526842608,0.1971228841537264,False,False,False,False,395634.6491803684,0.8032050275277394,0.8342969266759175,0.8342969266759175,0.8232642761087037,0.806970509383378,0.8349530831099196,0.8349530831099196,0.827245308310992,0.0990480048612517,9229.559100943206,1601.6030503712625,2.4685047293217957,0.1384033348056054,0.3962647017490116,4.686694762191446,59.09574553481835,5.4874392220421395,5.49371961102107,5.47933549432739,68691.2562378354,64420.09130915429,0.7353113848858075,99.2548435171386,88.6736214605067,67.00671808907688,57.873820168902135,84.87185867131127,83.86436285567054,54,83.86436285567054,54,87.54582029448545,72,81.16861141569596,31,31,72,41,0.2350767736929912,76.49232263070087,0.26848771388722,73.151228611278,0.2350767736929912,76.49232263070087,0.2016658334987623,79.83341665012375,0.3186041241785633,0.1515494232074191,0.2459016393442623,False,83.12715883317357,31,23,82.79304943123128,83.12715883317357,83.46126823511585,83.49576084442204,43,83.12715883317357,31,82.75855682192508,29,29,43,14
60956456424,Ultricies Dignissim LLP,"gift, card, novelty, and souvenir shops",B,4.69,True,90705,8026970.723500445,88.49535001929823,23499,0.9112728201200052,2021-02-28,2022-10-26,21,19,19,85889,0.0153528006863,0.1874930979074389,False,False,False,False,376464.9269321709,0.808824274567818,0.8361967827059166,0.8361967827059166,0.829051452846631,0.808996196461055,0.8361942561049557,0.8361942561049557,0.8290832919905187,0.0960213824100422,9715.29136287526,1606.952773346342,2.4624795222745006,0.137852921432927,0.3960506949266568,4.596851556422747,59.14172215117252,5.471269102990033,5.473235880398671,5.4901528239202655,68768.9372090572,64436.852740800874,0.736011884688764,99.10581222056632,99.60258320914058,56.10848469768599,49.32935916542474,90.7439661607365,84.3986172486452,38,84.3986172486452,38,89.03730627754629,25,80.07404594692844,68,25,68,43,0.2845607452185875,71.54392547814125,0.3750419082687006,62.495809173129935,0.2845607452185875,71.54392547814125,0.1940795821684743,80.59204178315255,0.5107636528438704,0.0583578375933046,0.7540983606557377,False,83.11314807159481,32,6,82.20833644109368,83.11314807159481,84.01795970209594,83.75588266012,38,83.11314807159481,32,82.4704134830696,33,32,38,6
37379915451,Tempor Est Ac Corporation,"lawn and garden supply outlets, including nurseries",C,1.57,True,26467,5724909.179273892,216.3036679364451,16051,0.4496916079995016,2021-02-28,2022-10-26,21,19,19,25066,0.0159831995642027,0.1937118202108667,False,False,False,False,89881.07411460011,0.8064056721553909,0.833937679457057,0.833937679457057,0.8270662623953423,0.8048891071900858,0.8322817092983715,0.8322817092983715,0.8262742282842785,0.0963006996204673,9591.353005266024,1612.984928273107,2.4672775226228816,0.1379626796589962,0.396856421121764,4.58502814599601,59.19838387506812,5.502653005214527,5.508416430335743,5.528176745037051,68811.81612726352,64518.22355955359,0.7361692720533993,96.07550919026328,97.9384003974168,59.99004727544165,62.66766020864382,86.96193082856432,84.61631795667054,30,84.61631795667054,30,88.0909835014926,49,80.91462720483071,37,30,49,19,0.3060819001743374,69.39180998256627,0.4024572071791549,59.75427928208451,0.3060819001743374,69.39180998256627,0.2097065931695198,79.029340683048,0.5470201676863812,0.0651436326622936,0.6557377049180328,False,83.09386715926013,33,-3,82.13011408921194,83.09386715926013,84.0576202293083,83.85509255796532,31,83.09386715926013,33,82.3326417605549,37,31,37,6
98314397036,Lobortis Augue Industries,"gift, card, novelty, and souvenir shops",A,6.47,True,24641,898266.6817435651,36.45414884718823,15407,0.4292204841954956,2021-02-28,2022-10-26,21,19,19,23302,0.0161547343034952,0.1802781088401872,False,False,False,False,58117.85430880866,0.8100857734763744,0.8367819176608003,0.8367819176608003,0.8321024600490875,0.8073535976624325,0.8343005559839293,0.8343005559839293,0.8300393652854998,0.101403217131961,9671.670979667282,1613.1576515225215,2.46558799161752,0.1372211885369901,0.3973533665011037,4.585810876544428,59.24248954178437,5.526540214674313,5.520952801058668,5.554526295152674,69057.83455200733,64671.69570683645,0.7361310041868485,89.79135618479881,97.71485345255836,60.91067429708883,66.93989071038251,95.34710126897238,84.54430933938112,32,84.54430933938112,32,87.13091670748743,80,81.26006628722213,26,26,80,54,0.300530736412277,69.9469263587723,0.3949570097150299,60.50429902849701,0.300530736412277,69.9469263587723,0.206104463109524,79.38955368904759,0.5365964196691593,0.0644650531553947,0.0983606557377049,False,83.08457104132023,34,-2,82.1403083082927,83.08457104132023,84.02883377434776,83.81444019035068,34,83.08457104132023,34,82.3547018922898,36,34,36,2
76767266140,Phasellus At Limited,"furniture, home furnishings and equipment shops, and manufacturers, except appliances",B,4.65,True,43585,9349434.10354184,214.51036144411705,20160,0.6450396825396826,2021-02-28,2022-10-26,21,19,19,41233,0.0148744651664502,0.187109212039324,False,False,False,False,434748.6858146956,0.804596197936865,0.8326301063530506,0.8326301063530506,0.8257240613574564,0.8049328897556499,0.8329012274865206,0.8329012274865206,0.8262246185614317,0.0999694537780122,9624.941353093493,1606.9406644262024,2.4622489516662953,0.1375766069311215,0.3962916497007347,4.576227205112658,59.2319128422676,5.4864444876099565,5.4922995809862085,5.5073396786635955,68649.48192222044,64378.57534124391,0.7354933305984226,99.50322901142572,99.05613512170888,53.19731276436925,57.32737208147044,91.01766608609108,84.63985215778949,28,84.63985215778949,28,89.0639408166401,24,80.03161522756967,70,24,70,46,0.3097393304405416,69.02606695594584,0.4216015860277511,57.83984139722489,0.3097393304405416,69.02606695594584,0.1978770748533319,80.2122925146668,0.5893949694085656,0.0300836914725175,0.9016393442622952,False,83.07847363760513,35,-7,81.95985108173304,83.07847363760513,84.19709619347722,83.8591628976973,29,83.07847363760513,35,82.29778437751294,40,29,40,11
89726005175,Est Nunc Consulting,tent and awning shops,A,6.01,True,215963,8908822.661726613,41.251615608815456,24079,0.998795631047801,2021-02-28,2022-10-26,21,19,19,204232,0.0151590829131152,0.1865987729787045,False,False,False,False,535420.2419697694,0.8066463385753575,0.8338086354461686,0.8338086354461686,0.8270326717801544,0.80723086825058,0.8343234720762353,0.8343234720762353,0.8276047285877673,0.096820938612,9703.759072720512,1606.0799575986637,2.463118418272602,0.1380586482074502,0.3964407251986419,4.597198403845051,59.177737078415795,5.472534415853099,5.469626821440154,5.488548551235168,68668.78847816204,64393.276946223035,0.7360410030432006,99.72677595628416,99.8882265275708,55.16297586464295,47.88872329855936,91.36601144563323,84.41645863840746,36,84.41645863840746,36,89.23655127587575,17,79.952006100679,74,17,74,57,0.2904764167352601,70.95235832647398,0.393909688699665,60.60903113003351,0.2904764167352601,70.95235832647398,0.1870431447708552,81.29568552291447,0.5490595966462724,0.0318932368242479,0.639344262295082,False,83.07004860721412,36,0,82.03571588757006,83.07004860721412,84.10438132685816,83.74325362281078,39,83.07004860721412,36,82.39684359161744,34,34,39,5
79633007926,Auctor Vitae Inc.,bicycle shops - sales and service,B,4.19,True,18436,2268774.287724419,123.06217659603054,12917,0.3307269489819617,2021-02-28,2022-10-26,21,19,19,17457,0.0165892367230516,0.1974547083574113,False,False,False,False,95061.64265565317,0.8077710921781097,0.8351316133091515,0.8351316133091515,0.8274640119938961,0.8114016055543501,0.8380885224560642,0.8380885224560642,0.8308743762204382,0.0973364669016843,9528.513688434405,1611.8301080836193,2.464648298217178,0.1377650613746264,0.3965484907048618,4.595165361465283,59.141278881625816,5.509975224931543,5.507562915634372,5.507367322988656,68873.51738729342,64563.79722516655,0.7362961071761275,96.39841033283656,96.6716343765524,63.27444637969645,62.46895181321411,84.67280418014431,84.69013677827141,25,84.69013677827141,25,88.04280790190955,54,81.36407918077161,23,23,54,31,0.3196920348994583,68.03079651005417,0.4276638499902075,57.233615000979256,0.3196920348994583,68.03079651005417,0.2117202198087091,78.82797801912909,0.5896215726263313,0.0497624971725853,0.2459016393442623,False,83.02420275144969,37,-12,81.9444846005422,83.02420275144969,84.10392090235719,83.85716976486054,30,83.02420275144969,37,82.19123573803883,43,30,43,13
45629217853,Lacus Consulting,"gift, card, novelty, and souvenir shops",A,6.98,True,228255,8395062.462198047,36.77931463581541,24081,0.9990448901623686,2021-02-28,2022-10-26,21,19,19,216173,0.0152151279355055,0.1933335455164034,False,False,False,False,585975.3598614237,0.8083833694931952,0.8360195305264804,0.8360195305264804,0.8289929726985786,0.807977919432214,0.8357494907011894,0.8357494907011894,0.8285864493658408,0.0974890154339101,9702.14338135078,1605.2391855905726,2.4644266885201325,0.138006445759149,0.3964586954031001,4.600427753664275,59.169558197564506,5.468289821991853,5.47054068191545,5.491601544956436,68637.36295318895,64360.20204756752,0.7356956630646776,99.87580725285645,99.97516145057128,55.486439412789245,48.23646299056135,87.23563075391888,83.96281133320156,50,83.96281133320156,50,88.76424693831967,34,79.5189068393091,90,34,90,56,0.2573905017218718,74.26094982781282,0.3467751122726426,65.32248877273574,0.2573905017218718,74.26094982781282,0.1680058911711009,83.19941088288991,0.480852028098799,0.0339289753449445,0.6229508196721312,False,82.99262518266268,38,12,82.09877907715497,82.99262518266268,83.88647128817038,83.47771825793211,44,82.99262518266268,38,82.50753210739325,32,32,44,12
46804135891,Suspendisse Dui Corporation,"opticians, optical goods, and eyeglasses",C,2.93,True,234434,7042649.812512942,30.041076859640416,24079,0.9995016404335728,2021-02-28,2022-10-26,21,19,19,222093,0.0153912036531079,0.1846356571489093,False,False,False,False,206349.63950662917,0.8069470465757702,0.833730990682583,0.833730990682583,0.8276217036257574,0.8073189042545024,0.8345845739099278,0.8345845739099278,0.8279984985113081,0.0973875772109772,9608.75721039585,1605.0043086044311,2.4616492374504415,0.1377953463557415,0.3959129844307156,4.5883708568654775,59.13380031177394,5.470101797548002,5.476048998759069,5.4887003176989735,68685.9588699407,64401.02061647816,0.73574309628789,97.9384003974168,99.8882265275708,56.40706643443642,50.5712866368604,92.61010201542672,84.58363400400506,31,84.58363400400506,31,89.02855639018189,26,80.33300930119933,59,26,59,33,0.3156262985412565,68.43737014587434,0.4277623642142621,57.223763578573795,0.3156262985412565,68.43737014587434,0.2034902328682508,79.65097671317491,0.5959664627237706,0.0352861343587423,0.4754098360655737,False,82.969007618192,39,-8,81.84764696146195,82.969007618192,84.09036827492206,83.77632081109853,35,82.969007618192,39,82.16169442528546,46,35,46,11
50315283629,Iaculis Aliquet Diam LLC,"lawn and garden supply outlets, including nurseries",C,1.76,True,29847,9628646.264524331,322.60013617865553,17150,0.4926530612244898,2021-02-28,2022-10-26,21,19,19,28237,0.0155573703925589,0.1905330057172568,False,False,False,False,169464.17425562826,0.8083742224298156,0.8354068771734565,0.8354068771734565,0.8283283506529772,0.8074848393473381,0.8344557241933863,0.8344557241933863,0.8278889000569571,0.0969647915823553,9742.885569742231,1605.19959046013,2.4617334620955957,0.1382176884907995,0.3961987516211215,4.582887657592566,59.09911266361514,5.491458181523763,5.488705367986398,5.490527082827302,68912.40876527944,64489.59175637261,0.736331725675778,97.61549925484351,98.36065573770492,57.302811644687736,55.7625434674615,88.67877581487932,84.21344675879487,43,84.21344675879487,43,88.32172892867177,44,80.14492017363624,65,43,65,22,0.2838741697601004,71.61258302398996,0.3710949527964636,62.89050472035365,0.2838741697601004,71.61258302398996,0.1966533867237372,80.33466132762628,0.5019261273510084,0.0658222121691924,0.9836065573770492,False,82.95336038531438,40,3,82.08115255495076,82.95336038531438,83.82556821567802,83.58340357205464,41,82.95336038531438,40,82.32331719857413,39,39,41,2
43186523025,Lorem Ipsum Sodales Industries,"florists supplies, nursery stock, and flowers",B,4.47,True,200913,9041988.172308244,45.004495340312694,24076,0.9980063133410866,2021-02-28,2022-10-26,21,19,19,190185,0.0154259942410491,0.1879142403059541,False,False,False,False,404176.8713021785,0.8081702690847923,0.8353521957484684,0.8353521957484684,0.8290539173396182,0.808364814621254,0.835436233593645,0.835436233593645,0.8291349987307939,0.0974883542236949,9630.866410485552,1605.109746797736,2.463339341777,0.1380321536213304,0.3962695007259234,4.597100983020604,59.13079594876443,5.4687824463903105,5.466111714609803,5.485773101829901,68617.18995308822,64384.40117526332,0.7358596584418051,99.32935916542472,99.81371087928464,56.606120925603385,46.59711872826627,90.52002985817369,84.31117600612194,40,84.31117600612194,40,89.08394993997092,23,80.0146345964468,73,23,73,50,0.2975017315591957,70.24982684408043,0.4040165612559344,59.59834387440657,0.2975017315591957,70.24982684408043,0.190986901862457,80.9013098137543,0.5637888058010424,0.031214657317349,0.6557377049180328,False,82.90504108991779,41,-1,81.8398927929504,82.90504108991779,83.97018938688517,83.60810854801986,40,82.90504108991779,41,82.2019736318157,42,40,42,2
79417999332,Phasellus At Company,"gift, card, novelty, and souvenir shops",B,4.95,True,99226,9126402.79723236,91.97592160555055,23731,0.932493363111542,2021-02-28,2022-10-26,21,19,19,94026,0.0152216028528696,0.1901543242742541,False,False,False,False,451756.93846300186,0.8054897530336889,0.8331686010119619,0.8331686010119619,0.826721690037886,0.807056618225062,0.8346804265011186,0.8346804265011186,0.827877773970532,0.0987011089875467,9687.953973581898,1607.5075100818624,2.461880691231451,0.1376921757930285,0.3963496454864813,4.574934196228041,59.24261307382043,5.4925498400496275,5.486772164986073,5.505552649824237,68798.62989617152,64440.25918861192,0.7361745160632047,99.57774465971188,99.652260307998,55.53620303558099,54.86835568802781,88.87783030604628,84.71213919673897,24,84.71213919673897,24,89.14968572652973,20,80.30425925191159,61,20,61,41,0.3402706926897986,65.97293073102013,0.4378356537738611,56.216434622613896,0.3402706926897986,65.97293073102013,0.2427057316057362,75.72942683942638,0.5841830953999547,0.0963582899796426,0.7868852459016393,False,82.83821835016708,42,-18,81.86256873932646,82.83821835016708,83.81386796100772,83.77517877345302,36,82.83821835016708,42,81.90125792688114,51,36,51,15
21772962346,Purus Gravida Sagittis Ltd,"florists supplies, nursery stock, and flowers",A,6.63,True,33953,5157794.4587986525,151.90983002381682,18283,0.5427993217743259,2021-02-28,2022-10-26,21,19,19,32181,0.0136762857982736,0.1825961933046337,False,False,False,False,341961.7726183507,0.8112857229840823,0.8396603517991645,0.8396603517991645,0.8303010975578897,0.8077636733131093,0.8363914823432392,0.8363914823432392,0.8274084764232911,0.0946855088456199,9659.780935277133,1613.5298612578351,2.465436715112167,0.1378174854077714,0.3973337468222707,4.598397774491175,59.30654271427563,5.512528392958546,5.516964792731403,5.5181714934696195,68989.50272538177,64567.77836483803,0.7364236802244224,98.98161947342275,98.63387978142076,46.00646927096293,65.69796323894684,94.05324707638717,84.23203302692735,42,84.23203302692735,42,88.54497334877414,39,78.95190499128147,119,39,119,80,0.298158373455327,70.1841626544673,0.3947119286732415,60.52880713267585,0.298158373455327,70.1841626544673,0.2016048182374124,79.83951817625876,0.5395422615001133,0.0567744854105406,0.639344262295082,False,82.82724598968136,43,-1,81.86171043750221,82.82724598968136,83.7927815418605,83.52963950830434,42,82.82724598968136,43,82.12485247105833,47,42,47,5
64403598239,Lobortis Ultrices Company,"music shops - musical instruments, pianos, and sheet music",A,6.31,True,113541,8873434.486727137,78.15180848087596,23875,0.957151832460733,2021-02-28,2022-10-26,21,19,19,107421,0.0144008417507864,0.1809905491527878,False,False,False,False,559913.7161124824,0.8085460322676209,0.8358866662329156,0.8358866662329156,0.829483843631947,0.8080341022185819,0.8353634369963273,0.8353634369963273,0.8290573449238601,0.097873199337101,9638.1228386471,1605.0086875843456,2.4620518833048517,0.1378432716639737,0.3964559274103675,4.591026695344108,59.12842653508762,5.468424741917668,5.468339776541059,5.48655422915162,68693.75486707647,64423.81580976973,0.7359324333862131,99.77645305514156,99.70193740685544,50.36078626524011,47.41679085941381,95.02363772082607,83.92580226536964,52,83.92580226536964,52,89.0145687146511,27,78.98796136879382,115,27,115,88,0.276873867912928,72.3126132087072,0.3720613250532179,62.79386749467821,0.276873867912928,72.3126132087072,0.181686410772638,81.8313589227362,0.5148425107636528,0.0389052250622031,0.7540983606557377,False,82.76448335970339,44,8,81.8126087883005,82.76448335970339,83.7163579311063,83.34514281253651,46,82.76448335970339,44,82.18382390687027,44,44,46,2
24852446429,Erat Vitae LLP,"florists supplies, nursery stock, and flowers",C,2.94,True,289513,8698779.502213072,30.04624836264027,24080,0.9998338870431892,2021-02-28,2022-10-26,21,19,19,273984,0.0148909150381606,0.1841978513350793,False,False,False,False,255744.11736506433,0.8060690741346086,0.8339415946785258,0.8339415946785258,0.827383998788609,0.8062712209814412,0.8341697954841406,0.8341697954841406,0.8274999740944275,0.0987928472442522,9613.67393365714,1603.31940804048,2.4623139220339203,0.1378012537878511,0.3961036522209396,4.594873355610589,59.14944327813837,5.467311873729723,5.470053795077896,5.4821482974629925,68599.79970875352,64370.04048720417,0.7355521888520672,98.41033283656236,99.92548435171386,53.396367255536205,48.06259314456035,92.90868375217715,83.92630626728703,51,83.92630626728703,51,88.69439153093843,36,79.34915213342683,96,36,96,60,0.2810707430027863,71.89292569972136,0.3800179273335095,61.99820726664904,0.2810707430027863,71.89292569972136,0.1821235586720631,81.78764413279369,0.5284387038295943,0.0337027821759782,0.5901639344262295,False,82.72296821053047,45,6,81.73349636722324,82.72296821053047,83.7124400538377,83.32463723890875,47,82.72296821053047,45,82.12129918215219,48,45,48,3
45433476494,Adipiscing Elit Foundation,"computers, computer peripheral equipment, and software",A,5.82,True,15854,7156933.572745653,451.4276253781792,11522,0.2991668113174796,2021-02-28,2022-10-26,21,19,19,15025,0.0166120887654789,0.20522524741898,False,False,False,False,416533.53393379704,0.8122458190572054,0.8368761635271182,0.8368761635271182,0.8344879530355452,0.8122871199697237,0.8370758168285606,0.8370758168285606,0.8331651318279298,0.0968279203573321,9684.41684876799,1605.5149574259665,2.4627859569648956,0.1390048370155683,0.3961387897596236,4.647773340366223,58.95635596413231,5.459752674303922,5.462635611865564,5.463318412867006,69075.92664480275,64636.56591783876,0.7358155325448454,99.4535519125683,95.71535022354696,63.49838268225927,45.28067560854446,80.44289624284647,83.0590816633905,80,83.0590816633905,80,87.56548394010714,70,79.65047482481067,87,70,87,17,0.2158919742839945,78.41080257160054,0.2753770155243962,72.46229844756039,0.2158919742839945,78.41080257160054,0.1564069330435928,84.35930669564071,0.3646045773849988,0.0671793711829902,0.639344262295082,False,82.59425375421151,46,34,81.9994033418075,82.59425375421151,83.18910416661552,82.826667708801,61,82.59425375421151,46,82.361839799622,35,35,61,26
34096466752,Nullam Enim Ltd,"computers, computer peripheral equipment, and software",B,3.22,True,18458,9230427.29779036,500.0773267846115,12830,0.3388932190179267,2021-02-28,2022-10-26,21,19,19,17464,0.0138974096841957,0.1822339408879313,False,False,False,False,297219.7589888496,0.8080333661282129,0.833979910671659,0.833979910671659,0.8273715255194435,0.8085924802253766,0.835951890779066,0.835951890779066,0.8284754577960776,0.097436568140204,9608.287103046014,1614.8224238496437,2.467353170478169,0.1373192264518785,0.3973336614590051,4.592093324692166,59.34832793259884,5.507217976353779,5.51270494480371,5.511463844797178,68783.60649527088,64671.1827433926,0.7367461776770206,98.75807252856433,96.5598609041232,47.44961433192336,64.25732737208148,94.27718337895,83.82462009503541,56,83.82462009503541,56,88.11508026269159,48,78.80368485659338,129,48,129,81,0.2932790233949754,70.67209766050246,0.3846236569556347,61.53763430443653,0.2932790233949754,70.67209766050246,0.2019343898343162,79.80656101656838,0.5216406072966236,0.0649174394933273,0.8688524590163934,False,82.50936785158211,47,9,81.59592151597553,82.50936785158211,83.4228141871887,83.16699397330876,51,82.50936785158211,47,81.85174172985548,52,47,52,5
21439773999,Mauris Non Institute,"cable, satellite, and other pay television and radio services",A,6.1,True,120624,9426656.54414842,78.14909590254359,23914,0.967341306347746,2021-02-28,2022-10-26,21,19,19,114164,0.014671875177095,0.1857715633986024,False,False,False,False,575026.0491930535,0.8076864644040851,0.8355120086935278,0.8355120086935278,0.828893427850741,0.8076419286377504,0.8352069239952248,0.8352069239952248,0.8287985807136224,0.098006461744671,9557.23779604153,1606.6751732078692,2.4609124537608245,0.1374431008119785,0.3960608459771978,4.5817759514025145,59.17979572389962,5.484716637660285,5.481615955510212,5.49188821540739,68856.47708335094,64490.875010993914,0.7357982731048557,99.826130153999,99.72677595628416,52.07763125155511,53.055141579731746,92.0627021647176,84.40997876826258,37,84.40997876826258,37,89.13595314209813,21,79.64009658790393,88,21,88,67,0.346276703082588,65.3723296917412,0.4466964546616987,55.33035453383013,0.346276703082588,65.3723296917412,0.2458569515034772,75.41430484965228,0.5973260820303649,0.0952273241348111,0.6885245901639344,False,82.50621386061044,48,-11,81.50201634481932,82.50621386061044,83.51041137640155,83.4580963144365,45,82.50621386061044,48,81.55433140678437,57,45,57,12
92065881715,Quam Elementum Corp.,"opticians, optical goods, and eyeglasses",B,4.2,True,8270,2934448.9191358797,354.8305827250157,6961,0.1676483263898865,2021-02-28,2022-10-26,21,19,19,7829,0.0177457057671322,0.1919504371885358,False,False,False,False,123246.85460370696,0.8123824829022722,0.8410254991351422,0.8410254991351422,0.830891652838801,0.8120918984280532,0.8409915356711004,0.8409915356711004,0.8308343409915356,0.1024596128656673,9374.077066858375,1602.1942487419124,2.4621687788018463,0.137684602571319,0.3966752125990644,4.5513874910136565,59.11718188353701,5.472290551295037,5.483576906381131,5.487628418463319,68720.34917244864,64268.72571824836,0.7366541309123888,97.0193740685544,91.38102334823648,67.87758148793233,53.725782414307,87.90743966160737,84.0852785458837,47,84.0852785458837,47,87.70704775762718,60,81.4530168238374,20,20,60,40,0.3204320448421165,67.95679551578834,0.4052662516050206,59.473374839497936,0.3204320448421165,67.95679551578834,0.2355978380792124,76.44021619207875,0.5325175617493768,0.1083465279348563,0.0983606557377049,False,82.47243024287415,49,-2,81.62408817524512,82.47243024287415,83.3207723105032,83.27885439437893,48,82.47243024287415,49,81.6660060913694,55,48,55,7
82368304209,Nec Incorporated,telecom,A,5.55,True,5193,9753247.752462436,1878.1528504645555,4649,0.108410410841041,2021-02-28,2022-10-26,21,19,19,4909,0.0190880529063217,0.2042232250214019,False,False,False,False,541305.2502616653,0.8207671978899477,0.8421808672331828,0.8421808672331828,0.8427765490912309,0.8101290198343924,0.8326593491238206,0.8326593491238206,0.8336221837088388,0.106029106029106,9691.927382053656,1600.958834412581,2.456145640074213,0.1368987022290878,0.3984451775979303,4.514893617021276,59.35712303422751,5.464568764568765,5.462004662004662,5.467132867132867,68659.40372149671,64292.278916937095,0.7363674716005739,99.75161450571288,86.8976651763537,71.95819855685494,45.007451564828614,80.8410052251804,82.6684362974332,95,82.6684362974332,95,86.79531524192029,92,80.53179216901536,49,49,95,46,0.1962163720901719,80.3783627909828,0.2149879243191382,78.50120756808617,0.1962163720901719,80.3783627909828,0.1774448198612056,82.25551801387944,0.2431452526625878,0.1492874915177561,0.2295081967213115,False,82.43942894678817,50,45,82.2517134244985,82.43942894678817,82.62714446907782,82.55393262211068,73,82.43942894678817,50,82.32492527146563,38,38,73,35
11439466003,Blandit At LLC,shoe shops,A,5.71,True,29888,4882819.358449807,163.37056204663435,17089,0.4989759494411609,2021-02-28,2022-10-26,21,19,19,28275,0.0142579098554599,0.1885880725085916,False,False,False,False,278808.98536748404,0.8021096451112475,0.8307040662299794,0.8307040662299794,0.8241571739589418,0.8037004817987152,0.8324745717344754,0.8324745717344754,0.8243776766595289,0.0966354153983522,9621.586391222218,1606.1179614967243,2.460293999194517,0.1377970275368328,0.3967321098140725,4.585772276033925,59.195534745388095,5.481578947368421,5.488259109311741,5.475789473684211,68906.53017235843,64513.706341538425,0.7358914392636206,98.53452558370591,98.31097863884747,49.415277432197065,55.489319423745656,89.97263000746455,83.0659842647573,78,83.0659842647573,78,87.67420698033075,62,78.16523679684934,153,62,153,91,0.2330046177132982,76.69953822867018,0.3011442616771518,69.88557383228482,0.2330046177132982,76.69953822867018,0.1648649737494447,83.51350262505552,0.4033537276229322,0.0626555078036643,0.6229508196721312,False,82.42933966114859,51,27,81.74794322151006,82.42933966114859,83.11073610078712,82.74766196295295,65,82.42933966114859,51,82.11101735934423,49,49,65,16
93558142492,Dolor Quisque Inc.,shoe shops,B,3.41,True,21838,8851903.693455996,405.3440650909422,14401,0.3824734393444899,2021-02-28,2022-10-26,21,19,19,20694,0.0139462306513512,0.176649278600389,False,False,False,False,301849.91594684945,0.8090294664987326,0.8346456873821967,0.8346456873821967,0.829293391276312,0.807583112006594,0.8342339042036817,0.8342339042036817,0.8275483102848247,0.095949535192563,9604.83077176419,1603.5347458557471,2.4610668133076663,0.1381139151978852,0.3962301149542193,4.5816664836974565,59.12033702931183,5.48065229408513,5.46677722498618,5.50547263681592,68657.31017874186,64345.150124613654,0.735386244542234,98.78291107799303,97.31743666169896,47.69843244588206,46.92001987083954,96.56631002737,82.68086746918851,94,82.68086746918851,94,87.82823596115173,56,77.64569332679213,183,56,183,127,0.1989305619775177,80.10694380224822,0.2665597874471043,73.34402125528956,0.1989305619775177,80.10694380224822,0.1313013365079311,86.86986634920689,0.3680036256514842,0.0298574983035512,0.8852459016393442,False,82.42347510249448,52,42,81.74718284779861,82.42347510249448,83.09976735719034,82.5521712858415,74,82.42347510249448,52,82.29477891914748,41,41,74,33
57699602880,Tellus Id Institute,"stationery, office supplies and printing and writing paper",A,5.96,True,3402,2533926.861427783,744.8344683797128,3204,0.0589887640449438,2021-02-28,2022-10-26,21,19,19,3209,0.0174690959834971,0.1722172957976685,False,False,False,False,151022.04094109588,0.8068766022639505,0.8302428278556341,0.8302428278556341,0.8303788178063204,0.80217519106408,0.828042328042328,0.828042328042328,0.826278659611993,0.0964069726076129,9637.247426340078,1618.4341498047568,2.466121578386064,0.1372634615842818,0.3964935844816552,4.518814341498047,59.30198793042242,5.559400642169105,5.5715305030324656,5.582946842668569,68797.02485262984,64745.749601094205,0.7363558811620835,97.44162940884252,82.10382513661202,66.85742722070167,76.775956284153,97.88504603135108,85.49028308406406,9,85.49028308406406,9,88.05277684970557,52,83.1987530788615,3,3,52,49,0.4543114914177042,54.56885085822958,0.5736972506176744,42.63027493823256,0.4543114914177042,54.56885085822958,0.334925732217734,66.5074267782266,0.7527758894176297,0.1558470934177787,0.0327868852459016,True,82.39813986148062,53,-44,81.20428226948091,82.39813986148062,83.59199745348032,83.94421147277234,27,82.39813986148062,53,80.85206825018889,89,27,89,62
66079287213,Hendrerit Corporation,"gift, card, novelty, and souvenir shops",A,6.02,True,20688,1134347.495423593,54.83118210670887,13861,0.3723396580333309,2021-02-28,2022-10-26,21,19,19,19552,0.0165280948564945,0.1806490581349269,False,False,False,False,68287.7192245003,0.809649716698292,0.8372123141146761,0.8372123141146761,0.8320321225053391,0.8109048723897911,0.8382637277648879,0.8382637277648879,0.832608275328693,0.0985195936139332,9748.004786068504,1606.0599123515165,2.4635869879239567,0.1375865666048942,0.3968485235206685,4.572673278745251,59.19272286933462,5.480055820444238,5.48086986858937,5.51610652401442,68761.14775257948,64448.77654186455,0.7359952223138282,92.44908097367114,97.06905116741184,62.95098283155014,52.90611028315947,95.19781040059716,84.16246623866985,44,84.16246623866985,44,87.61451968030147,69,80.98165791477071,34,34,69,35,0.3355536450698577,66.44463549301423,0.449598672426007,55.0401327573993,0.3355536450698577,66.44463549301423,0.2215086177137083,77.84913822862917,0.6206662134602311,0.0504410766794842,0.1311475409836066,False,82.39068316410429,54,-10,81.2502328905428,82.39068316410429,83.53113343766579,83.27657470138708,49,82.39068316410429,54,81.50479162682151,61,49,61,12
68004106739,Nec Ante Ltd,"cable, satellite, and other pay television and radio services",A,5.61,True,19283,1515899.6782610803,78.61326962926312,13274,0.3481994877203556,2021-02-28,2022-10-26,21,19,19,18263,0.015853725544865,0.1936803242056649,False,False,False,False,85041.97195044663,0.8037655865934146,0.8297579925885491,0.8297579925885491,0.8254998407539975,0.8022091998133071,0.8288129440439765,0.8288129440439765,0.824508634548566,0.0945342474369457,9603.31760730822,1606.4632711800775,2.4617322637252363,0.137375049845397,0.3951869243084815,4.569234138405709,59.15706419722198,5.49921230071208,5.494234041212427,5.500535635515785,68659.84074631147,64427.194667850184,0.7355422398908447,95.42970690511676,96.77098857426726,58.94501119681513,58.07252856433184,87.01169445135606,83.46966847860145,65,83.46966847860145,65,87.16176218105579,78,79.75413482431377,83,65,83,18,0.2744832577844048,72.55167422155951,0.363738221156027,63.62617788439731,0.2744832577844048,72.55167422155951,0.1852282944127827,81.47717055872172,0.4976206662134602,0.0513458493553494,0.2131147540983606,False,82.37786905289725,55,10,81.48531941918104,82.37786905289725,83.27041868661348,82.92376876574934,55,82.37786905289725,55,81.83196934004515,53,53,55,2
12870663624,Vestibulum Ut Eros Corporation,"gift, card, novelty, and souvenir shops",A,6.78,True,13685,1259571.558972803,92.04030390740247,10472,0.2558250572956455,2021-02-28,2022-10-26,21,19,19,12985,0.0188362143155383,0.2074838349543404,False,False,False,False,85398.95169835605,0.8074387840910503,0.8344240608602551,0.8344240608602551,0.8285569971589342,0.8078187796857874,0.8348556814029959,0.8348556814029959,0.8286445012787724,0.0991181657848324,9605.879299781182,1598.44,2.4610877192982477,0.1382075028886846,0.3959708787611007,4.594879649890592,59.110380743982546,5.473851309639298,5.455242966751918,5.487256371814093,68476.227237131,64298.70274855832,0.7351750946241605,95.5290611028316,94.95777446597118,71.28638964916647,42.374565325385,79.17392386165713,82.76898498896264,90,82.76898498896264,90,86.63884335051821,97,80.37328217543914,57,57,97,40,0.2174671254907707,78.25328745092293,0.2726964547642109,72.73035452357891,0.2174671254907707,78.25328745092293,0.1622377962173306,83.77622037826694,0.3555404486743712,0.0793938023071703,0.0655737704918032,False,82.31741523515868,56,34,81.76512194242427,82.31741523515868,82.86970852789308,82.54320011206066,75,82.31741523515868,56,82.09163035825668,50,50,75,25
74063123996,Nec Eleifend Non Ltd,"lawn and garden supply outlets, including nurseries",A,6.35,True,6602,1411333.103033475,213.77356907504924,5759,0.1337037680152804,2021-02-28,2022-10-26,21,19,19,6270,0.0170122017312478,0.1928832299361233,False,False,False,False,89619.65204262566,0.8019951751658452,0.8305300458440538,0.8305300458440538,0.8249198439196902,0.8062708270221145,0.8348985156013329,0.8348985156013329,0.825961829748561,0.0924261874197689,9643.223875181422,1616.1465892597969,2.471337695383499,0.1385173065733136,0.4009439985227568,4.631730769230767,59.26447750362846,5.543045147139463,5.52732590020106,5.58325717419119,68664.80993572286,64599.76682060063,0.7363491375336414,96.00099354197717,89.46845504222554,65.04105498880318,68.47988077496274,87.43468524508584,84.13881368516931,46,84.13881368516931,46,87.06286625117875,83,81.3694467548395,22,22,83,61,0.341145531803308,65.8854468196692,0.4251269293244502,57.48730706755498,0.341145531803308,65.8854468196692,0.2571641342821658,74.28358657178342,0.5510990256061636,0.1311920380004524,0.0327868852459016,True,82.31347699861931,57,-11,81.47366302340788,82.31347699861931,83.15329097383072,83.2261453418943,50,82.31347699861931,57,81.40080865534429,67,50,67,17
86710922099,Ac Urna Consulting,art dealers and galleries,B,4.25,True,3994,4997242.629907785,1251.1874386348986,3691,0.0793822812246003,2021-02-28,2022-10-26,21,19,19,3774,0.0157948441990045,0.1907108227473077,False,False,False,False,212382.8117710809,0.8197940875147882,0.8521390456089402,0.8521390456089402,0.8387725393767578,0.8124687030545819,0.8402603905858789,0.8402603905858789,0.8319979969954933,0.0972013241047246,9714.963647199049,1616.677294398093,2.459826762246117,0.1378902146261448,0.3948507983777302,4.594427890345649,59.33030393325383,5.542092603728202,5.5363800360793745,5.518941671677691,68980.99548115121,64595.05997134054,0.7363738685062866,98.01291604570294,84.15300546448088,58.62154764866882,70.83954297069052,88.60413038069171,82.54100956373767,100,82.54100956373767,100,85.86924663734001,136,79.29486825309537,99,99,136,37,0.1992625989928279,80.07374010071722,0.2135525741249059,78.64474258750941,0.1992625989928279,80.07374010071722,0.1849726238607498,81.502737613925,0.2349875368230229,0.1635376611626328,0.180327868852459,False,82.29428261743564,58,42,82.15138286611486,82.29428261743564,82.43718236875641,82.41764609058664,81,82.29428261743564,58,82.17091914428461,45,45,81,36
32361057556,Orci In Consequat Corporation,"gift, card, novelty, and souvenir shops",A,6.61,True,85780,9434452.552354349,109.98429182040508,23396,0.8995554795691572,2021-02-28,2022-10-26,21,19,19,81192,0.0145413038143346,0.1836395178478791,False,False,False,False,623617.3137106224,0.8078980707092668,0.8353202963113631,0.8353202963113631,0.8286604736093519,0.8087199813476335,0.8360690137561203,0.8360690137561203,0.8292375845185358,0.09802901647641,9709.537368582503,1604.0070832984743,2.461260317593354,0.1380319702874267,0.3959891561895848,4.59606793273653,59.18124180819276,5.468855360755226,5.465806922904023,5.486935266351989,68680.65731856131,64394.52037513133,0.7358929701077928,99.95032290114256,99.57774465971188,51.13212241851207,46.47292598112271,93.30679273451108,83.74926902726209,58,83.74926902726209,58,88.8640488973946,31,78.88607789107057,125,31,125,94,0.3152829082998131,68.47170917001868,0.4257435043272705,57.42564956727294,0.3152829082998131,68.47170917001868,0.2048223122723556,79.51776877276444,0.5914343983684568,0.0391314182311694,0.8524590163934427,False,82.22151304153775,59,-1,81.11690708126318,82.22151304153775,83.32611900181233,82.98539103439991,54,82.22151304153775,59,81.45763504867557,63,54,63,9
71528203369,Ipsum Primis Associates,"watch, clock, and jewelry repair shops",A,6.94,True,32404,1879794.002348792,58.011171532798166,17897,0.5219310498966307,2021-02-28,2022-10-26,21,19,19,30700,0.0149709038819834,0.1829436753535149,False,False,False,False,130457.70376300615,0.8120916694800198,0.83850030286733,0.83850030286733,0.8296794782089787,0.8105480804838909,0.837705221577583,0.837705221577583,0.8305147512652759,0.0946417954815695,9588.181764597532,1606.5823908638793,2.462661990031372,0.1378394510309409,0.3964984388437342,4.594853564192304,59.118143304475815,5.471701614399703,5.475895342364075,5.490072369641863,68786.89443585463,64398.626410767145,0.735843418178901,97.06905116741184,98.48484848484848,54.06817616322468,50.54644808743169,93.7795471510326,83.67713958547867,60,83.67713958547867,60,88.15331348968704,47,79.30626221918811,98,47,98,51,0.3184373112013594,68.15626887986406,0.4221976688418217,57.78023311581782,0.3184373112013594,68.15626887986406,0.214676953560897,78.5323046439103,0.5778382053025153,0.0590364171002035,0.2459016393442623,False,82.12505251491721,60,0,81.08744893851258,82.12505251491721,83.16265609132184,82.90109605019794,57,82.12505251491721,60,81.34900897963647,71,57,71,14
90543168331,Phasellus Dapibus Incorporated,"furniture, home furnishings and equipment shops, and manufacturers, except appliances",C,2.68,True,35042,9016103.473188594,257.2942033328176,18519,0.5553755602354339,2021-02-28,2022-10-26,21,19,19,33155,0.0151604140193112,0.1940465512998731,False,False,False,False,241631.57308145435,0.8108266372996553,0.8357694796167028,0.8357694796167028,0.830206321216664,0.8096284458649621,0.8360824153872496,0.8360824153872496,0.8294332515267393,0.095544469292964,9641.44631032835,1602.8030923612532,2.4614879874235256,0.1385532308654058,0.3949206244447447,4.622834323161994,59.094497917946555,5.4716656929791405,5.466923261967765,5.479810302759545,68551.74035026049,64312.80709227018,0.7356504335097613,98.28614008941878,98.65871833084948,55.18785767603882,46.96969696969697,86.76287633739736,82.89949429232507,86,82.89949429232507,86,87.62023056898016,67,78.57103713891554,136,67,136,69,0.2508095772842806,74.91904227157194,0.3333998637510351,66.6600136248965,0.2508095772842806,74.91904227157194,0.1682192908175261,83.1780709182474,0.457285293451167,0.0443338611173942,0.9836065573770492,False,82.10144909024976,61,25,81.27554622558222,82.10144909024976,82.9273519549173,82.50047169128742,78,82.10144909024976,61,81.7024264892121,54,54,78,24
58454491168,Diam At Foundation,"computer programming , data processing, and integrated systems design services",A,6.01,True,26611,6671812.947900878,250.71635593930625,16181,0.4518262159322662,2021-02-28,2022-10-26,21,19,19,25273,0.013911985134969,0.1753018773718449,False,False,False,False,400975.9581688428,0.8103520401440532,0.8384664917210501,0.8384664917210501,0.8311103066765447,0.8073728909097742,0.8364586073428282,0.8364586073428282,0.8278531434369246,0.0999546073536087,9444.906150321218,1602.4997978345837,2.46115263394866,0.1377763480222339,0.3959924334954292,4.602107012893669,59.2290264612067,5.48305238354178,5.480469458038789,5.49379191589632,68609.53156840829,64322.10474998634,0.7353944263415205,99.2796820665673,98.01291604570294,47.57402338890272,52.65772478887233,97.01418263249565,83.61983818293804,62,83.61983818293804,62,88.53621898070604,40,78.51261061621481,140,40,140,100,0.3168451429694083,68.31548570305917,0.4173447925570812,58.26552074429188,0.3168451429694083,68.31548570305917,0.2163454933817354,78.36545066182646,0.5680942669385906,0.0655960190002262,0.7540983606557377,False,82.08940293495014,62,0,81.08440643907342,82.08940293495014,83.09439943082688,82.85462055894409,59,82.08940293495014,62,81.32418531095621,72,59,72,13
21359184622,Sit Amet PC,motor vehicle supplies and new parts,B,3.6,True,20651,6501298.219555919,314.8175981577608,13872,0.3685841983852364,2021-02-28,2022-10-26,21,19,19,19523,0.016420133996355,0.1961487501837345,False,False,False,False,234046.7359040131,0.8083144100104774,0.8361568804915339,0.8361568804915339,0.8278376729946395,0.8076606459735606,0.8356496053459881,0.8356496053459881,0.8272722870563168,0.095001170686022,9775.225647563308,1605.603754997972,2.461319549308856,0.1382903509823076,0.3958656414638694,4.635116184736627,59.07355855594842,5.4578341417801415,5.467360177663491,5.4699316229326165,68645.97739112565,64348.00940941684,0.7356832721638207,98.18678589170392,97.09388971684054,62.30405573525752,47.143566815697966,85.44414033341627,83.72129707535505,59,83.72129707535505,59,88.06759453697767,50,80.18766886845358,63,50,63,13,0.3260215481669204,67.39784518330796,0.4297393734956655,57.02606265043345,0.3260215481669204,67.39784518330796,0.2223037228381753,77.76962771618247,0.5853161114887832,0.0667269848450576,0.6721311475409837,False,82.08895188615034,63,-4,81.05177363286289,82.08895188615034,83.12613013943779,82.90512448075269,56,82.08895188615034,63,81.27277929154799,75,56,75,19
67978471888,Magna Malesuada Corp.,artist supply and craft shops,A,5.56,True,12417,8056017.776108244,648.7893835957352,9693,0.237387805632931,2021-02-28,2022-10-26,21,19,19,11800,0.0160508380194433,0.1831843841913838,False,False,False,False,447914.5883516183,0.8097133468809605,0.8375963257145915,0.8375963257145915,0.8291851633664671,0.8072803414673432,0.8359507127325441,0.8359507127325441,0.8273334944028348,0.1000681397838995,9400.64479768786,1598.9055876685934,2.4597934163529316,0.1371595238882315,0.3968818232546131,4.5539210019267875,59.10917148362235,5.441416100872939,5.435693501454898,5.466052376333657,68279.54864642378,64033.81542556724,0.7348451990466011,99.55290611028316,94.31197218082464,60.3632744463797,35.767511177347245,93.58049265986564,83.13034478428162,75,83.13034478428162,75,88.27909611412358,45,79.4734283143642,93,45,93,48,0.2736511918862824,72.63488081137176,0.3453826480572169,65.4617351942783,0.2736511918862824,72.63488081137176,0.2019197357153478,79.80802642846521,0.4529798323136189,0.0943225514589459,0.5573770491803278,False,82.08079838699064,64,11,81.36348382528128,82.08079838699064,82.79811294869998,82.60557158563613,68,82.08079838699064,64,81.55602518834513,56,56,68,12
52959528548,Libero Et Limited,"furniture, home furnishings and equipment shops, and manufacturers, except appliances",C,1.94,True,42507,7251987.950149194,170.60691062999493,19984,0.634357485988791,2021-02-28,2022-10-26,21,19,19,40223,0.0156807328107048,0.1925247008224142,False,False,False,False,140688.56623289437,0.8078203838594367,0.8353550636511663,0.8353550636511663,0.8273463021475818,0.809066741948385,0.8360505328534124,0.8360505328534124,0.8292046015950314,0.0979090419042755,9698.762760988238,1605.622769992684,2.462775616083005,0.1380137451906937,0.3954334663591155,4.580958410715291,59.11610388879503,5.46765689664947,5.471540336753784,5.485401666761154,68696.945743335,64416.29969156689,0.7357585735686653,97.1932439145554,99.03129657228018,57.99950236377208,48.534525583705914,87.65862154764866,83.51794358070897,63,83.51794358070897,63,87.91056657479061,55,79.5066667927444,91,55,91,36,0.3126777913931064,68.73222086068935,0.4224582497282273,57.75417502717727,0.3126777913931064,68.73222086068935,0.2028973330579855,79.71026669420145,0.5871289372309086,0.0382266455553042,0.7540983606557377,False,82.03937130870702,65,-2,80.94156672535581,82.03937130870702,83.13717589205822,82.77865744470799,63,82.03937130870702,65,81.30008517270602,73,63,73,10
80551528183,Ac Ipsum LLC,tent and awning shops,B,4.81,True,7855,8853615.7188289,1127.131218183183,6729,0.1518799227225442,2021-02-28,2022-10-26,21,19,19,7454,0.016534579674908,0.1799915576115326,False,False,False,False,425858.9160756701,0.8047739534756037,0.8310304091157276,0.8310304091157276,0.8246426608234366,0.8033099936346276,0.8306810948440484,0.8306810948440484,0.8238064926798218,0.0955030134445989,9713.853486590038,1598.9005363984677,2.4642363775901797,0.1387201883237453,0.3967326106382409,4.618406130268203,59.03170881226053,5.428394871002626,5.4324115556928785,5.463927081724084,68387.0275749165,64338.419797374685,0.7351015670931867,99.47839046199702,91.0581222056632,62.975864642946014,34.69945355191257,95.47151032595173,82.99389252268813,83,82.99389252268813,83,88.05796565914491,51,79.76465335359971,81,51,83,32,0.2680815759282492,73.19184240717507,0.3297136634359434,67.02863365640566,0.2680815759282492,73.19184240717507,0.206449488420555,79.35505115794449,0.4221617946974847,0.1140013571590138,0.3114754098360656,False,82.01368751113682,66,17,81.39736663605989,82.01368751113682,82.63000838621377,82.50379001691248,77,82.01368751113682,66,81.52358500536117,59,59,77,18
72472909171,Nullam Consulting,"digital goods: books, movies, music",A,6.33,True,101791,7139097.983009001,70.13486440853319,23747,0.9374657851518088,2021-02-28,2022-10-26,21,19,19,96468,0.0141731343349302,0.1841633597303484,False,False,False,False,451904.90232446976,0.8097787561204304,0.8370637968001832,0.8370637968001832,0.8306461046578368,0.8091972767729957,0.8369600455835977,0.8369600455835977,0.8299358489453881,0.0975497159090909,9568.10018193556,1603.2434063031867,2.462383455022191,0.1379285716093843,0.3959164864004995,4.607607253946815,59.11705147015614,5.468217659089029,5.466290740149661,5.493480393895331,68591.95200795121,64329.6350888893,0.7354654012083922,99.60258320914058,99.67709885742671,48.86787758148793,46.72131147540984,92.93356556357304,83.18579117547337,73,83.18579117547337,73,88.36659004354254,43,78.1085948302938,154,43,154,111,0.2858236698926743,71.41763301073256,0.3841386614869302,61.58613385130698,0.2858236698926743,71.41763301073256,0.1875086782984184,81.24913217015816,0.5316111488783141,0.0400361909070346,0.6557377049180328,False,82.0089753589993,67,6,81.02582544305673,82.0089753589993,82.99212527494186,82.59738326723632,69,82.0089753589993,67,81.42056745076225,65,65,69,4
41663117354,Litora Torquent Industries,"watch, clock, and jewelry repair shops",A,6.91,True,15683,913575.8393835864,58.25261999512761,11522,0.2901406005901753,2021-02-28,2022-10-26,21,19,19,14831,0.0165843330196263,0.1958481900829712,False,False,False,False,63128.09050140581,0.8076854313565625,0.8336598254813024,0.8336598254813024,0.8295704261272894,0.8091564114008799,0.8360007651597271,0.8360007651597271,0.8296244341006185,0.1003766044116516,9638.86194798261,1612.9032110441617,2.464637969263704,0.1371219652179458,0.3969161429346662,4.535718099305931,59.36345053771651,5.543763928379313,5.534081303312073,5.553523399677246,69020.71700957665,64602.99904933169,0.7368073426608858,91.18231495280676,95.71535022354696,63.24956456830058,70.09438648782911,85.61831301318736,83.7856305561499,57,83.7856305561499,57,86.23666449862408,112,80.76570375416225,41,41,112,71,0.3406339702980127,65.93660297019873,0.4486586509302239,55.13413490697761,0.3406339702980127,65.93660297019873,0.2326092896658015,76.73907103341985,0.6106956718785407,0.0705722687174847,0.0655737704918032,False,82.00072779755479,68,-11,80.92048099123267,82.00072779755479,83.0809746038769,82.89317917685234,58,82.00072779755479,68,81.10827641825722,82,58,82,24
62224020443,Hendrerit A Corporation,"watch, clock, and jewelry repair shops",A,6.64,True,19553,3399174.641044144,173.8441487773817,13402,0.3494254588867333,2021-02-28,2022-10-26,21,19,19,18520,0.0138846271221163,0.1784168430453657,False,False,False,False,225705.19616533112,0.8042097563057671,0.832930157331273,0.832930157331273,0.8259026586520796,0.8058609931979748,0.833836239963177,0.833836239963177,0.82718764383982,0.0954000247310498,9627.454857703631,1608.327649656526,2.4622988082073904,0.1371932696213677,0.3966094758141106,4.589223503434748,59.22774779195294,5.50451397477121,5.513789265396983,5.501545881770962,68895.11610168047,64525.96917824154,0.7361427082327495,98.13710879284648,96.87034277198212,47.35008708633989,64.7044212617983,95.94426474247324,83.99081758566828,48,83.99081758566828,48,88.201803047546,46,78.97545371606084,117,46,117,71,0.3605863298033769,63.94136701966231,0.4815682039549923,51.84317960450077,0.3605863298033769,63.94136701966231,0.2396044556517615,76.03955443482384,0.6630410151824155,0.0581316444243383,0.3770491803278688,False,81.98587252906769,69,-21,80.77605378755153,81.98587252906769,83.19569127058384,82.98834505736798,53,81.98587252906769,69,80.98340000076739,88,53,88,35
75034515922,Ac Eleifend Corp.,"digital goods: books, movies, music",A,6.22,True,39003,1372041.8810020743,35.17785506248428,19263,0.6003218605616986,2021-02-28,2022-10-26,21,19,19,36919,0.0177613286846583,0.1994538356120549,False,False,False,False,85341.00499832902,0.8061649819063523,0.8356002661050798,0.8356002661050798,0.826757457126189,0.8056559751813963,0.8341153244622208,0.8341153244622208,0.8265774427608132,0.0973045069636154,9539.492054221868,1599.0769372637014,2.4619990759279147,0.1379875342474348,0.3961796900163246,4.599425199028676,59.07292902591223,5.446837522080015,5.446992469552821,5.477362174222939,68563.56046885988,64326.95835301864,0.7353568841128593,95.50422255340288,98.90710382513662,67.9771087335158,39.518132141082965,83.42871361035083,83.4395847246691,66,83.4395847246691,66,87.61524493627944,68,80.51672927909371,51,51,68,17,0.3133446845092226,68.66553154907774,0.4176918322328392,58.23081677671609,0.3133446845092226,68.66553154907774,0.2089975367856059,79.1002463214394,0.5742125538182642,0.0524768152001809,0.2131147540983606,False,81.96217940710997,70,-4,80.9187079298738,81.96217940710997,83.00565088434614,82.70088206588953,66,81.96217940710997,70,81.2234767483304,80,66,80,14
80518954462,Neque Sed Dictum Incorporated,"computers, computer peripheral equipment, and software",B,3.49,True,29750,8939665.147321247,300.4929461284453,17113,0.4915561269210541,2021-02-28,2022-10-26,21,19,19,28164,0.0147933383181599,0.191604510000997,False,False,False,False,311994.31364151154,0.8091539544045663,0.8377093460394405,0.8377093460394405,0.8297275580979264,0.8104873949579832,0.8378151260504202,0.8378151260504202,0.8313949579831933,0.0975175871270316,9580.275827482448,1606.1862788365097,2.465466672023779,0.1383801254745279,0.3965099257426945,4.618964894684056,59.13620862587773,5.471600549406157,5.4761250706956455,5.486911206269694,68614.50386577297,64405.791792041295,0.7362715920760056,98.83258817685046,98.3358171882762,52.89873102761881,50.645802285146544,88.08161234137845,83.09029903536938,76,83.09029903536938,76,87.79633118741616,58,78.52175186987492,138,58,138,80,0.2836795503486875,71.63204496513124,0.3849369393639825,61.50630606360175,0.2836795503486875,71.63204496513124,0.1824221613333925,81.75778386666074,0.536823022886925,0.0305360778104501,0.9344262295081968,False,81.94447362834558,71,5,80.93189973819263,81.94447362834558,82.95704751849851,82.51738633185747,76,81.94447362834558,71,81.37156092483366,69,69,76,7
80324045558,Ipsum Dolor Sit Corporation,"gift, card, novelty, and souvenir shops",C,1.47,True,196840,7219970.063153249,36.67938459232498,24076,0.9973417511214488,2021-02-28,2022-10-26,21,19,19,186361,0.0142749490943645,0.1804498267564386,False,False,False,False,106133.55992835276,0.8085294585442421,0.8362305071600128,0.8362305071600128,0.8286969661700923,0.8079201381832961,0.8352926234505181,0.8352926234505181,0.8286171509855721,0.0974586922534563,9700.690510220838,1604.712101399473,2.464097720306415,0.1379072583787322,0.3965138240335411,4.591275339224814,59.108669922576176,5.470973317886762,5.469722881153344,5.490980305621449,68593.19533422955,64380.82321679297,0.7356694300769923,96.82066567312468,99.81371087928464,49.514804677780546,47.91356184798808,95.27245583478478,82.9848129173312,84,82.9848129173312,84,87.79546115835524,59,78.10457455748877,155,59,155,96,0.2777843812719847,72.22156187280153,0.3751455891076277,62.48544108923723,0.2777843812719847,72.22156187280153,0.1804231734363417,81.95768265636583,0.5211874008610923,0.0343813616828771,0.5573770491803278,False,81.90848781287823,72,12,80.93487573452181,81.90848781287823,82.88209989123467,82.4466503651047,80,81.90848781287823,72,81.37032526065174,70,70,80,10
98269572896,Eget Laoreet Posuere PC,"furniture, home furnishings and equipment shops, and manufacturers, except appliances",B,3.59,True,45653,3931674.538916218,86.12083628493676,20484,0.6654950205038078,2021-02-28,2022-10-26,21,19,19,43302,0.0144016835807542,0.1868724812714695,False,False,False,False,141147.11594709224,0.8082135469360618,0.8356170790669191,0.8356170790669191,0.8286166763818069,0.807570148730642,0.8353667886009681,0.8353667886009681,0.8284450090903117,0.099918034954126,9720.50035398694,1610.6766919264755,2.465530193585671,0.1380435051212659,0.3967881657455509,4.588242389280744,59.19933660224971,5.485147206511972,5.487790052328347,5.5124742322532905,68804.96210401501,64505.37195737649,0.7359647112091776,97.2180824639841,99.18032786885246,50.38566807663598,55.19125683060109,91.19183876586216,83.23554181967498,70,83.23554181967498,70,87.67850382071154,61,78.45418811069675,143,61,143,82,0.300896064264488,69.9103935735512,0.4066876498888537,59.33123501111464,0.300896064264488,69.9103935735512,0.1951044786401223,80.48955213598776,0.5653750283254022,0.0364171002035738,0.4426229508196722,False,81.9030269950626,73,-3,80.84511113881895,81.9030269950626,82.96094285130626,82.5692844073688,70,81.9030269950626,73,81.23676958275641,79,70,79,9
53126107676,Sed Neque Corporation,"florists supplies, nursery stock, and flowers",B,4.2,True,7142,2690513.0731819104,376.71703628982226,6218,0.1334834351881633,2021-02-28,2022-10-26,21,19,19,6758,0.0211098744894901,0.2209566755828367,False,False,False,False,113001.54907364024,0.7994083465481973,0.8253625707404721,0.8253625707404721,0.8222047085641172,0.8050966115933912,0.8308597031643797,0.8308597031643797,0.8269392327079249,0.1005756857433118,9691.8451297607,1609.1343107516009,2.463579622132256,0.138443699281656,0.3971925082232282,4.598500168520388,59.02007077856425,5.466576179165253,5.470648116728877,5.472005429250085,69077.18196891439,64507.291320339544,0.7353210913959879,96.89518132141085,90.23845007451564,77.00920627021647,48.28614008941878,73.5506344861906,82.89121735096593,87,82.89121735096593,87,86.31596816512526,106,81.23545640819125,28,28,106,78,0.2704543489339987,72.95456510660013,0.330140273081224,66.98597269187759,0.2704543489339987,72.95456510660013,0.2107684247867733,78.92315752132266,0.4196691593020621,0.1212395385659353,0.0655737704918032,False,81.89755212652936,74,13,81.3006928850571,81.89755212652936,82.49441136800161,82.39438473874763,82,81.89755212652936,74,81.40071951431105,68,68,82,14
49505931725,Suspendisse Ac Associates,"digital goods: books, movies, music",B,4.7,True,68240,7180616.480200603,105.2259155949678,22686,0.8259278850392312,2021-02-28,2022-10-26,21,19,19,64673,0.0138770519365338,0.1749184616738552,False,False,False,False,337488.97456942836,0.8099969848760046,0.835119138241379,0.835119138241379,0.8315865152278368,0.8096277842907386,0.8358294255568581,0.8358294255568581,0.8311400937866354,0.0968492691785531,9661.37952557112,1604.653856268738,2.463489164412918,0.1381410499326744,0.3962581203705546,4.593896944088896,59.10343285937165,5.463776816456255,5.465118742826874,5.492946058091286,68629.10187470412,64382.24619516077,0.7355081703833916,98.95678092399405,99.52806756085444,47.300323463548146,46.274217585692995,97.0639462552874,83.21612955698386,71,83.21612955698386,71,88.43308059692123,42,78.02191947909625,164,42,164,122,0.299768173785652,70.0231826214348,0.4073705349081462,59.262946509185376,0.299768173785652,70.0231826214348,0.1921658126631577,80.78341873368421,0.5687740765918876,0.0307622709794164,0.7213114754098361,False,81.89683486342895,75,-4,80.82081125220401,81.89683486342895,82.97285847465389,82.55648221020641,71,81.89683486342895,75,81.2371875166515,78,71,78,7
64732735902,Imperdiet Non Vestibulum Institute,"computer programming , data processing, and integrated systems design services",A,5.51,True,7317,1478431.4614133227,202.05432026969012,6313,0.145731031205449,2021-02-28,2022-10-26,21,19,19,6951,0.0166871373988758,0.1977482442422473,False,False,False,False,81461.57352387407,0.8011694454008357,0.8295888161643844,0.8295888161643844,0.8215746125250081,0.8055213885472188,0.8338116714500479,0.8338116714500479,0.8271149378160448,0.0963317911434236,9795.718734633669,1618.5541714473038,2.4695994747209458,0.1388240383858736,0.3988989020354611,4.605376167841333,59.23460088510076,5.504702194357367,5.506187097838641,5.520046196997195,68912.59803484278,64671.49182373421,0.7361699645367615,94.63487332339793,90.37506209637355,63.821846230405576,62.071535022354695,84.44886787758149,82.62308045106657,97,82.62308045106657,97,85.79189872076834,138,79.75476830311857,82,82,138,56,0.2543663405702333,74.56336594297667,0.3079789704422986,69.20210295577014,0.2543663405702333,74.56336594297667,0.200753710698168,79.92462893018319,0.3883979152503966,0.1203347658900701,0.0327868852459016,True,81.81710900025759,76,21,81.28098270153694,81.81710900025759,82.35323529897823,82.22009472566208,88,81.81710900025759,76,81.4141232748531,66,66,88,22
45380641195,Nisl Arcu Iaculis Incorporated,"computers, computer peripheral equipment, and software",A,6.12,True,6697,1339485.2521255398,200.012729897796,5845,0.1327630453378956,2021-02-28,2022-10-26,21,19,19,6337,0.0163828063663316,0.1858401563395585,False,False,False,False,81976.49743008304,0.8003961057015709,0.8273269386616715,0.8273269386616715,0.8224332565471933,0.8014036135583097,0.8287292817679558,0.8287292817679558,0.8202180080633119,0.0999453850354997,9910.308108108107,1613.6938738738738,2.46648619382783,0.1363009991352852,0.3972296005263179,4.534054054054049,59.30198198198196,5.546741695407515,5.543837357052096,5.560537302595752,68911.78119628078,64455.827816095385,0.7358537964236065,94.80874316939892,89.64232488822653,62.179646678278175,72.42921013412817,91.98805673052998,84.33026303152424,39,84.33026303152424,39,87.08069450784383,81,81.32567429647078,24,24,81,57,0.4106016733168893,58.93983266831106,0.5233607773869159,47.663922261308414,0.4106016733168893,58.93983266831106,0.2978425692468628,70.21574307531371,0.6924994334919556,0.1287039131418231,0.0327868852459016,True,81.79121999520294,77,-38,80.66362895450267,81.79121999520294,82.91881103590319,83.06074151336357,52,81.79121999520294,77,80.52169847704226,113,52,113,61
46298404088,Feugiat Sed Nec Institute,"books, periodicals, and newspapers",A,6.16,True,41732,2697559.4544335306,64.64007127464609,19804,0.6268935568572006,2021-02-28,2022-10-26,21,19,19,39570,0.0150593999377677,0.1865004991112547,False,False,False,False,166169.6623931055,0.8065085206232013,0.8343469383786778,0.8343469383786778,0.826459054213453,0.8064794402377072,0.8339883063356657,0.8339883063356657,0.8267276909805426,0.0984319295092895,9626.955838409378,1599.6552982415817,2.4596460940871703,0.1380507632197587,0.3950414781215803,4.596704401792894,59.08219170210315,5.44414870533777,5.442094604368581,5.4614494430782585,68536.29816225589,64251.80911555821,0.7347133482703051,97.5906607054148,98.98161947342275,54.51604876835033,37.68007948335817,91.46553869121672,82.41365158566853,105,82.41365158566853,105,87.56291124362458,71,78.03664245356168,160,71,160,89,0.2384662626968407,76.15337373031593,0.3190144958913878,68.09855041086121,0.2384662626968407,76.15337373031593,0.1579180295022935,84.20819704977065,0.4398368456832087,0.0370956797104727,0.3114754098360656,False,81.78762380013328,78,27,80.9821414681878,81.78762380013328,82.59310613207874,82.1006376929009,93,81.78762380013328,78,81.47460990736565,62,62,93,31
70033549200,Mus Proin LLP,tent and awning shops,B,4.78,True,8123,5572557.155893194,686.0220553851033,6897,0.161809482383645,2021-02-28,2022-10-26,21,19,19,7664,0.0172725348295772,0.1909491263239761,False,False,False,False,266368.23205169465,0.8072711217319833,0.832404389605135,0.832404389605135,0.8271405165784959,0.8032746522220854,0.8277729902745291,0.8277729902745291,0.8249415240674628,0.0902850320847634,9949.266359309937,1600.8404223676382,2.46182034857739,0.1391375018684701,0.3958298879234804,4.622575847709696,59.12212968471152,5.454776879305181,5.461066187481282,5.446241389637616,68432.50453992859,64385.93288606713,0.7354021387169629,98.46000993541976,91.30650769995032,66.16073650161732,44.65971187282663,88.42995770092062,83.32724204835773,68,83.32724204835773,68,87.63222062317752,65,80.45498981675097,54,54,68,14,0.3212015782983313,67.87984217016687,0.3959387126712715,60.40612873287285,0.3212015782983313,67.87984217016687,0.2464644439253909,75.3535556074609,0.508044414230682,0.1343587423659805,0.2459016393442623,False,81.78250206053865,79,-11,81.03513071680925,81.78250206053865,82.52987340426805,82.55487205444818,72,81.78250206053865,79,81.0101320666291,87,72,87,15
11237511112,Magna Institute,"opticians, optical goods, and eyeglasses",C,2.11,True,20721,4464215.915803337,215.4440382126025,13923,0.3657257774904833,2021-02-28,2022-10-26,21,19,19,19635,0.0154788590533354,0.1916612744307151,False,False,False,False,94194.9558234504,0.808914896135809,0.8373925658631389,0.8373925658631389,0.8303110625862158,0.805849138555089,0.834563968920419,0.834563968920419,0.8277110178080208,0.1004606145414261,9629.78257098248,1611.9298560111029,2.46672076040338,0.1373689273530607,0.39704178237151,4.556282889030251,59.3297114439369,5.503351401760215,5.50422568048027,5.5158244448330125,68886.73232493973,64500.9853272697,0.736092572447846,96.34873323397912,97.11872826626924,56.80517541677034,61.50024838549428,88.05673052998259,83.90387153816194,53,83.90387153816194,53,87.62347367144662,66,79.91101600482655,76,53,76,23,0.3738376974570773,62.61623025429227,0.4979486642480963,50.20513357519037,0.3738376974570773,62.61623025429227,0.2497267306660581,75.02732693339418,0.684115114434625,0.0635602804795295,0.4590163934426229,False,81.77510740977498,80,-27,80.53399774186478,81.77510740977498,83.01621707768516,82.83948947396846,60,81.77510740977498,80,80.7107253455815,99,60,99,39
98416475066,Lacinia Orci PC,"cable, satellite, and other pay television and radio services",A,6.88,True,10006,1174796.0915619012,117.40916365799532,8239,0.1883723752882631,2021-02-28,2022-10-26,21,19,19,9468,0.0178986732089651,0.2144634693008743,False,False,False,False,80825.97109945881,0.8033456910420272,0.8313142827073035,0.8313142827073035,0.824756563674882,0.8006196282230662,0.8311013391964821,0.8311013391964821,0.8216070357785329,0.0953655273081133,9601.188191438192,1608.1017316017317,2.46039759036145,0.1372730963848855,0.3967101168117024,4.6067580567580535,59.14670514670513,5.494606714337656,5.503332929341898,5.503817719064356,69001.42201669981,64509.38607383131,0.7357073763929581,94.46100347739691,92.7471435668157,68.57427220701668,61.276701440635875,75.74023388902712,82.72864660374398,92,82.72864660374398,92,85.68219826910106,140,80.22566647223502,62,62,140,78,0.2691158471405733,73.08841528594266,0.33758552913184,66.241447086816,0.2691158471405733,73.08841528594266,0.2006461651493066,79.93538348506934,0.44029005211874,0.0979416421624067,0.0327868852459016,True,81.76462347196386,81,11,81.07992665205118,81.76462347196386,82.44932029187652,82.2466350378539,86,81.76462347196386,81,81.28261190607378,74,74,86,12
79645157255,Consectetuer Mauris Corp.,"cable, satellite, and other pay television and radio services",A,6.46,True,12801,999617.245373691,78.08899659196086,9922,0.2402741382785728,2021-02-28,2022-10-26,21,19,19,12072,0.0158879754178144,0.1679526312629641,False,False,False,False,64575.27405114043,0.8135202043555168,0.8401377120711082,0.8401377120711082,0.833499876835998,0.8138426685415202,0.8398562612295914,0.8398562612295914,0.8337629872666198,0.0945376182891408,9544.913868477352,1605.1732862059343,2.4649990683808465,0.1377595650804919,0.3968160062594645,4.587359315412522,59.0987256999349,5.468033323972667,5.463914630721708,5.486005803613217,68722.81486421113,64469.84563450164,0.7359221344802745,91.4307004470939,94.46100347739691,59.26847474496143,45.75260804769001,98.65638218462304,82.27187408493214,112,82.27187408493214,112,86.16388999000894,116,78.90413636320375,123,112,123,11,0.2281164516037598,77.18835483962401,0.287153124984463,71.2846875015537,0.2281164516037598,77.18835483962401,0.1690797782230566,83.09202217769433,0.3757081350555178,0.0805247681520018,0.0327868852459016,True,81.76352216040132,82,30,81.17315542659429,81.76352216040132,82.35388889420837,82.01769812266673,96,81.76352216040132,82,81.50934619813592,60,60,96,36
29639699851,Sodales Elit Erat Corporation,"lawn and garden supply outlets, including nurseries",A,6.21,True,9400,2535241.3312175223,269.70652459760873,7765,0.1836445589182228,2021-02-28,2022-10-26,21,19,19,8876,0.015082587441005,0.182767320371992,False,False,False,False,157438.48666860812,0.8117375630474246,0.837601820101848,0.837601820101848,0.8297204542855158,0.8097872340425532,0.8371276595744681,0.8371276595744681,0.8279787234042553,0.0953359886933059,9615.265472105732,1606.2598805439063,2.464186520575869,0.1388393240869792,0.3963701206248993,4.620371076375649,59.15684330918795,5.4845888221000125,5.481647269471799,5.504923903312444,68841.16174276023,64355.86011599056,0.7353790766130557,97.49130650769996,92.22553402881272,54.69022144812142,53.079980129160454,93.87907439661608,82.6316789215459,96,82.6316789215459,96,86.9922994934518,87,78.6148590395324,135,87,135,48,0.2654897856075229,73.45102143924771,0.3323280884503963,66.76719115496037,0.2654897856075229,73.45102143924771,0.1986514827646494,80.13485172353505,0.4325855427147065,0.0983940285003392,0.0983606557377049,False,81.71361317331609,83,13,81.04523014488736,81.71361317331609,82.38199620174481,82.17264604743099,90,81.71361317331609,83,81.25458029920117,77,77,90,13
63817709749,A Felis Ullamcorper Industries,"books, periodicals, and newspapers",B,4.4,True,6745,3293828.276819833,488.3362901141339,5905,0.1302286198137172,2021-02-28,2022-10-26,21,19,19,6385,0.0175834580323179,0.1781052012500505,False,False,False,False,144928.44418007266,0.8074835839224968,0.8375686602198485,0.8375686602198485,0.8285860820256564,0.8059303187546331,0.8354336545589326,0.8354336545589326,0.8269829503335804,0.097884546432413,9696.471872227152,1602.705057675244,2.4705589177643295,0.1379417351113965,0.3976427963328194,4.602182786157938,59.1327417923691,5.4588930682428805,5.45817660755866,5.519792226401576,68791.20635611551,64155.9949077332,0.7357330465601013,97.34227521112768,89.76651763537009,67.25553620303558,43.41778440139096,96.0686737994526,83.84749872284492,55,83.84749872284492,55,88.04806021373638,53,81.2176127008236,29,29,55,26,0.3759240001203493,62.40759998796507,0.4715548532786451,52.84451467213549,0.3759240001203493,62.40759998796507,0.2802931469620535,71.97068530379465,0.6150011330160888,0.1368468672246098,0.0983606557377049,False,81.70350884935694,84,-29,80.74720031777397,81.70350884935694,82.6598173809399,82.77550378610093,64,81.70350884935694,84,80.63151391261293,103,64,103,39
10323485998,Nunc Inc.,"furniture, home furnishings and equipment shops, and manufacturers, except appliances",A,6.61,True,10335,1327030.2646789094,128.40157374735458,8405,0.1983343248066627,2021-02-28,2022-10-26,21,19,19,9751,0.0144566722556799,0.1836533573757961,False,False,False,False,87716.70049527592,0.8080647743952062,0.8360205727568328,0.8360205727568328,0.8313328485803504,0.8086115142718916,0.8363812288340591,0.8363812288340591,0.8313497822931786,0.0905493482309124,9666.71147616844,1609.9737390097175,2.46259126202341,0.138066312093113,0.3965856242188794,4.571899583526149,59.36360481258675,5.493999766981242,5.495281370150297,5.53349644646394,68870.31626702618,64494.348822519336,0.7361025688079751,95.87680079483358,93.02036761053154,50.73401343617815,58.39542970690512,93.2819109231152,81.99676443747639,125,81.99676443747639,125,86.12797235980557,120,77.62530736082594,184,120,184,64,0.2107694140295019,78.92305859704982,0.2576195908604838,74.23804091395162,0.2107694140295019,78.92305859704982,0.1639192371985199,83.608076280148,0.3278948561069567,0.093643971952047,0.0327868852459016,True,81.68939385343373,85,40,81.22089208512392,81.68939385343373,82.15789562174355,81.84307914545505,106,81.68939385343373,85,81.5357085614124,58,58,106,48
46012371285,A Ultricies Inc.,"books, periodicals, and newspapers",B,4.87,True,8222,4021707.7875492526,489.13984280579575,6910,0.1672937771345875,2021-02-28,2022-10-26,21,19,19,7757,0.0174689157562802,0.1987029736569119,False,False,False,False,195857.1692536486,0.8040367576673669,0.8333296177729961,0.8333296177729961,0.8240772796092852,0.8018730235952323,0.8316711262466553,0.8316711262466553,0.8221843833617125,0.0983727810650887,9447.52529979526,1606.388271424393,2.462329670329673,0.1368739531579828,0.3976101207395887,4.599429657794677,59.17023983620938,5.5040530582166545,5.495062638172439,5.493588798820928,68750.43052552872,64420.61801797275,0.7362055015554739,97.83904619970194,91.35618479880776,66.8325454093058,58.29607550919026,83.85170440408062,83.9646323530048,49,83.9646323530048,49,87.4921059270502,73,81.18812534400989,30,30,73,43,0.3939656091046825,60.60343908953174,0.5085751506429591,49.14248493570409,0.3939656091046825,60.60343908953174,0.2793560675664059,72.0643932433594,0.6804894629503739,0.1074417552589911,0.2131147540983606,False,81.6285130266575,86,-37,80.48241761127474,81.6285130266575,82.77460844204028,82.79657268983114,62,81.6285130266575,86,80.46045336348384,116,62,116,54
45056974934,Vel Pede Blandit Incorporated,"computer programming , data processing, and integrated systems design services",A,6.72,True,7810,1163940.4219704403,149.03206427278369,6730,0.1466567607726597,2021-02-28,2022-10-26,21,19,19,7405,0.0186149646040905,0.1963545076642588,False,False,False,False,78216.7963564136,0.8073375044174511,0.8349660850802308,0.8349660850802308,0.8274471093063196,0.8081946222791293,0.835595390524968,0.835595390524968,0.8271446862996159,0.0972136222910216,9650.39978547349,1598.686944529574,2.455366190695535,0.1374743598357139,0.3945546553919,4.590851976708549,59.16676371437327,5.4591457753017645,5.460383782110801,5.449705973382853,68556.82390388456,64341.46211736878,0.736102676360522,94.01390958768008,91.0829607550919,70.7638716098532,44.33681073025335,85.31973127643693,82.35932815153852,108,82.35932815153852,108,86.00568499330119,127,80.18087179538524,64,64,127,63,0.2496097232411507,75.03902767588492,0.3022244788574482,69.77755211425519,0.2496097232411507,75.03902767588492,0.1969949676248533,80.30050323751468,0.3811466122818944,0.1180728342004071,0.0327868852459016,True,81.62729810397317,87,21,81.10115054781019,81.62729810397317,82.15344566013614,81.99331312775584,98,81.62729810397317,87,81.26128308019048,76,76,98,22
85362139954,In Consequat Associates,shoe shops,A,6.14,True,3468,1463632.673713998,422.0394099521332,3235,0.0698608964451313,2021-02-28,2022-10-26,21,19,19,3281,0.0176569771726181,0.1852467078906917,False,False,False,False,89867.04616603946,0.7993600972962822,0.8313265129571697,0.8313265129571697,0.8198111901187585,0.8004613610149942,0.8304498269896193,0.8304498269896193,0.8209342560553633,0.1015103617843343,9838.711805555557,1604.8520833333334,2.453667014250954,0.1359693768472801,0.3977824679919716,4.513055555555556,59.221111111111085,5.523459383753502,5.528711484593837,5.52906162464986,68859.67559032391,64417.06388414797,0.736740768045244,96.05067064083458,82.24043715846994,67.6536451853695,68.90213611525087,92.43592933565564,83.66164253081519,61,83.66164253081519,61,86.43892052986764,104,81.51245165938691,18,18,104,86,0.3676898101796972,63.23101898203027,0.4262789665519606,57.37210334480394,0.3676898101796972,63.23101898203027,0.3091006538074338,69.08993461925662,0.5141627011103558,0.2212169192490387,0.0327868852459016,True,81.6185801759367,88,-27,81.03268861221406,81.6185801759367,82.20447173965933,82.64011135337593,67,81.6185801759367,88,80.59704899849746,104,67,104,37
21025433654,Lorem Foundation,"digital goods: books, movies, music",A,6.55,True,27331,956789.341685264,35.00747655355692,16299,0.4581262654150561,2021-02-28,2022-10-26,21,19,19,25863,0.0158383282268567,0.18264468344545,False,False,False,False,62669.7018803848,0.8096655100201564,0.8367081800165959,0.8367081800165959,0.8301974878442032,0.8088617320990816,0.8352054443672021,0.8352054443672021,0.8300464673813618,0.0984748302918099,9486.130547159066,1600.23034126254,2.4611978938130634,0.1381394254709338,0.3955292543100447,4.590660183116487,59.06575984579665,5.4565274958072205,5.45454144231618,5.4653544002118455,68591.37141552071,64360.13423016544,0.7357426774224809,91.0581222056632,98.06259314456037,58.84548395123165,41.902632886239445,94.00348345359542,81.89296754474863,129,81.89296754474863,129,85.9613739234414,130,78.32148017236062,147,129,147,18,0.211478337147556,78.8521662852444,0.2714598552230453,72.85401447769547,0.211478337147556,78.8521662852444,0.1514968190720667,84.85031809279333,0.3614321323362792,0.0615245419588328,0.1475409836065574,False,81.58888741879821,89,40,80.9890722380433,81.58888741879821,82.1887025995531,81.74092748177341,112,81.58888741879821,89,81.43684735582299,64,64,112,48
30214222203,Et Malesuada Fames Limited,"digital goods: books, movies, music",A,6.21,True,15791,1386139.1845574733,87.78032959011293,11563,0.2929170630459223,2021-02-28,2022-10-26,21,19,19,14980,0.015500327263479,0.1775557389378503,False,False,False,False,86079.24336101908,0.8088546523541185,0.8357625847297693,0.8357625847297693,0.8319678145508796,0.8050155151668672,0.8330694699512381,0.8330694699512381,0.8285732379203343,0.0972179761540813,9606.018928164196,1601.475560623337,2.460286388910046,0.1374954058467941,0.3954408545680932,4.635309768148994,59.054899277841194,5.468177988818258,5.465344259784024,5.462051007122616,68764.30091025057,64475.30719148072,0.7353088093151289,95.65325384997516,95.75260804769002,56.83005722816621,46.39841033283656,96.19308285643194,83.06894307429674,77,83.06894307429674,77,87.47284508124412,74,79.1816557022301,106,74,106,32,0.3200147176765323,67.99852823234677,0.4205155154008435,57.948448459915646,0.3200147176765323,67.99852823234677,0.2195139199522211,78.04860800477789,0.5712667119873103,0.0687627233657543,0.0983606557377049,False,81.56190159010174,90,-13,80.55689361285863,81.56190159010174,82.56690956734485,82.31542233219925,85,81.56190159010174,90,80.80838084800425,91,85,91,6
77590625261,Sed Diam Foundation,"computer programming , data processing, and integrated systems design services",B,3.24,True,25179,7607428.896346156,302.13387729243243,15638,0.432919810717483,2021-02-28,2022-10-26,21,19,19,23789,0.0139464722930512,0.1886180302310532,False,False,False,False,246480.69624161543,0.8047892254111081,0.8314617791706647,0.8314617791706647,0.8267280884940498,0.8053536677389889,0.8325588784304381,0.8325588784304381,0.8264426704793677,0.0974097746167523,9677.247054333826,1603.8129561608548,2.463473483038693,0.137745550340434,0.3973009973937069,4.566603062538759,59.20861994943488,5.489039515431209,5.489135660032689,5.490914335160081,68547.78859277084,64343.07075539846,0.735491589923103,98.31097863884747,97.78936910084452,47.723314257277934,56.01092896174863,89.94774819606867,82.57855384390612,98,82.57855384390612,98,87.22293954683954,76,77.54586788264932,189,76,189,113,0.2778677493185117,72.21322506814883,0.3620526233051337,63.79473766948662,0.2778677493185117,72.21322506814883,0.1936828753318896,80.63171246681104,0.4883299342850668,0.0674055643519565,0.819672131147541,False,81.5420209663304,91,7,80.70017222646418,81.5420209663304,82.38386970619662,82.06028740511826,94,81.5420209663304,91,81.02375452754254,85,85,94,9
35733444320,Arcu Ac Limited,"watch, clock, and jewelry repair shops",B,3.41,True,23574,1375351.4307664605,58.341877948861466,14961,0.4146781632243834,2021-02-28,2022-10-26,21,19,19,22319,0.0166061069336143,0.1973661391168142,False,False,False,False,46899.4837891363,0.8040819912956583,0.8326227241728132,0.8326227241728132,0.8264780244224151,0.8063544583015186,0.83473318062272,0.83473318062272,0.8284550776278952,0.0971838197644649,9790.21856896026,1613.1120540705356,2.464771801140986,0.1367419085262926,0.3960594657755509,4.597398109563985,59.201367008842375,5.515263265724236,5.517312026224134,5.513265724236836,68920.59299676739,64623.12240334181,0.7358207161118818,86.21460506706408,97.5906607054148,63.37397362527992,65.7973174366617,84.69768599154018,82.22122606392611,115,82.22122606392611,115,84.38412201753543,184,79.36836013783017,95,95,184,89,0.252162225761285,74.7837774238715,0.3322173445208997,66.77826554791004,0.252162225761285,74.7837774238715,0.1721071070016704,82.78928929983296,0.4523000226603217,0.0520244288622483,0.2131147540983606,False,81.47748119992066,92,23,80.6769300123245,81.47748119992066,82.2780323875168,81.84935363192338,105,81.47748119992066,92,81.10560876791791,83,83,105,22
82065156333,Nascetur Ridiculus PC,tent and awning shops,A,5.88,True,64459,1337083.0449960027,20.743155261422032,22336,0.8038144699140402,2021-02-28,2022-10-26,21,19,19,61031,0.0143013487970771,0.1801230328403414,False,False,False,False,78620.48304576495,0.8093897641335924,0.8361168342011467,0.8361168342011467,0.8288434097525093,0.8098481205107122,0.836702399975178,0.836702399975178,0.8301556027862672,0.0962605819364242,9648.704095822595,1603.4119184914616,2.4616036106313106,0.1378674147042782,0.3961019232038173,4.598683551814268,59.14743478019015,5.468876645811934,5.473956485199365,5.4809412643570825,68562.90789614624,64320.90677207983,0.7360100191955938,94.11326378539492,99.37903626428216,49.61433192336402,49.80129160457029,95.39686489176412,82.29126348058347,111,82.29126348058347,111,86.73180868272627,93,77.57808167043602,187,93,187,94,0.2590912560015126,74.09087439984874,0.349699031869659,65.0300968130341,0.2590912560015126,74.09087439984874,0.1684834801333663,83.15165198666337,0.4856106956718785,0.0325718163311468,0.180327868852459,False,81.47122457251,93,18,80.56514681382853,81.47122457251,82.37730233119146,81.88124402654674,102,81.47122457251,93,81.06120511847327,84,84,102,18
35014882568,Faucibus Corporation,"digital goods: books, movies, music",A,6.91,True,15482,1089705.6940096891,70.38533096561744,11447,0.2829562330741679,2021-02-28,2022-10-26,21,19,19,14723,0.0145498778360349,0.1724617354235125,False,False,False,False,75298.66345606952,0.8056838704727864,0.832308476716062,0.832308476716062,0.8250652300660205,0.8082289109934117,0.8338715928174655,0.8338715928174655,0.8280583903888387,0.0941497659906396,9614.014794732766,1605.7078233927189,2.4627990059024514,0.1383092413459342,0.3961265044513951,4.580565453137108,59.30601084430683,5.479239971850809,5.477754320118852,5.486199077332082,68484.76229898995,64311.75316131079,0.7360435354595439,93.5171385991058,95.62841530054644,51.33117690967902,51.31644311972181,97.83528240855934,82.03541746006024,122,82.03541746006024,122,86.25475031850075,110,77.71125745604553,179,110,179,69,0.2370771198766901,76.29228801233099,0.3040409694107183,69.59590305892817,0.2370771198766901,76.29228801233099,0.1701132703426618,82.98867296573381,0.4044867437117607,0.0696674960416195,0.0655737704918032,False,81.46110451528732,94,28,80.79146601994704,81.46110451528732,82.1307430106276,81.74826098767377,111,81.46110451528732,94,81.17394804290085,81,81,111,30
94729574738,Scelerisque Corporation,"computer programming , data processing, and integrated systems design services",B,4.51,True,12105,1215080.9891440356,100.37843776489348,9521,0.2290725764100409,2021-02-28,2022-10-26,21,19,19,11478,0.021433839861509,0.1901355815451488,False,False,False,False,54800.152610396006,0.8039830811156571,0.8322268766875542,0.8322268766875542,0.8236946953945683,0.8031391986782321,0.8302354399008675,0.8302354399008675,0.8235439900867411,0.0980038118166315,9286.100597014924,1597.9358208955225,2.4548933625672738,0.1385969635045648,0.3946593267151739,4.624517412935327,58.96713432835823,5.446235482579095,5.452442931517822,5.449539447336804,68557.78634094307,64317.48773764763,0.7358029343239448,88.94684550422255,94.13810233482364,77.75566061209256,41.082960755091904,88.90271211744215,83.21341425051669,72,83.21341425051669,72,86.16616773257974,115,81.83473291977364,10,10,115,105,0.3432247354967405,65.67752645032594,0.4455904044070404,55.440959559295955,0.3432247354967405,65.67752645032594,0.2408590665864406,75.91409334135594,0.5991389077724903,0.0873105632209907,0.0327868852459016,True,81.45982547049762,95,-23,80.43616878139461,81.45982547049762,82.48348215960061,82.33661986050714,84,81.45982547049762,95,80.58303108048808,107,84,107,23
41271931352,Ac Sem Ut Company,"computers, computer peripheral equipment, and software",B,4.69,True,7801,3081827.989513518,395.05550436014835,6671,0.1536501274171788,2021-02-28,2022-10-26,21,19,19,7403,0.0210564998314164,0.2289510970098842,False,False,False,False,144537.73270818396,0.8097397302409317,0.8355387051293846,0.8355387051293846,0.8313026092204716,0.8106652993205999,0.8366876041533137,0.8366876041533137,0.8311754903217536,0.0942319555829734,9748.489198713038,1611.6759613911445,2.4634438305709065,0.1385940654352656,0.3969433852677006,4.573908380573003,59.16405699402487,5.502625077208153,5.490426189005559,5.518066707844349,69204.47586145232,64604.95579210919,0.7370541323344681,97.29259811227024,90.98360655737704,76.76038815625778,56.53253849975162,70.21647175914407,83.47148331812366,64,83.47148331812366,64,86.53609679655021,101,81.73371190026708,12,12,101,89,0.3669889598973812,63.30110401026188,0.4660125465706516,53.39874534293483,0.3669889598973812,63.30110401026188,0.2679653732241107,73.20346267758893,0.6145479265805575,0.1194299932142049,0.0983606557377049,False,81.45444538733749,96,-32,80.46420952060478,81.45444538733749,82.44468125407019,82.46296435273057,79,81.45444538733749,96,80.44592642194439,117,79,117,38
74046727484,Vestibulum Accumsan Neque Ltd,"gift, card, novelty, and souvenir shops",B,5.1,True,23438,1294073.090226877,55.21260731405739,14998,0.4059207894385918,2021-02-28,2022-10-26,21,19,19,22175,0.0161186181950729,0.1941851922821402,False,False,False,False,65997.72760157072,0.8091581194776322,0.8362199870560985,0.8362199870560985,0.8279368265033096,0.8085587507466507,0.8362914924481611,0.8362914924481611,0.827033023295503,0.0975546842756912,9671.110657619509,1612.93092189174,2.464191225292402,0.137530987332546,0.3960888685136774,4.581725422172345,59.19333197285862,5.499691706916042,5.499486178193402,5.506885212208406,68749.98635939072,64448.07268714526,0.7356856814028988,91.77844013909588,97.61549925484351,60.786265240109486,59.78638847491307,86.58870365762627,83.06160429959678,79,83.06160429959678,79,86.21081562775525,113,79.67053385391077,86,79,113,34,0.3371386374478193,66.28613625521807,0.4512747981496343,54.87252018503656,0.3371386374478193,66.28613625521807,0.2230024767460044,77.69975232539956,0.6224790392023567,0.051798235693282,0.2131147540983606,False,81.38405749515891,97,-18,80.24269588814076,81.38405749515891,82.52541910217707,82.22283089737785,87,81.38405749515891,97,80.54528409293998,110,87,110,23
27093785141,Placerat Orci Institute,"stationery, office supplies and printing and writing paper",C,2.73,True,25928,9753403.834746344,376.1726255301737,15836,0.4499873705481182,2021-02-28,2022-10-26,21,19,19,24606,0.0139553624110457,0.1976563523663396,False,False,False,False,266267.9246885752,0.8035913970665126,0.8324689108652227,0.8324689108652227,0.8253252641225217,0.8034942918852206,0.83207343412527,0.83207343412527,0.8248225856217217,0.0975872065837463,9802.717159543896,1611.501344210624,2.4673867595818724,0.1373691877831759,0.3976502688382878,4.583623806433681,59.27719940669332,5.498433627904802,5.496189273857951,5.519942020853789,68780.58799898766,64601.55363264559,0.7360098504577155,98.43517138599104,97.83904619970194,47.79795969146554,58.79284649776453,84.47374968897736,82.10025200713896,121,82.10025200713896,121,86.61422883627657,98,77.06633709700087,214,98,214,116,0.2510404860144399,74.89595139855601,0.3356231585925751,66.43768414074249,0.2510404860144399,74.89595139855601,0.1664578134363047,83.35421865636951,0.4624971674597779,0.039583804569102,0.9508196721311476,False,81.37982194628066,98,23,80.5339952204993,81.37982194628066,82.22564867206201,81.7400369767098,113,81.37982194628066,98,81.01960691585153,86,86,113,27
60111071436,Imperdiet Non LLC,"cable, satellite, and other pay television and radio services",A,6.84,True,10306,1005574.512808798,97.57175556072173,8382,0.2011453113815318,2021-02-28,2022-10-26,21,19,19,9764,0.0179456143739373,0.2067264403654419,False,False,False,False,68781.29667612178,0.7991610829966256,0.8289015121345845,0.8289015121345845,0.8224780774643772,0.8005045604502232,0.8284494469241219,0.8284494469241219,0.8227246264312051,0.104021700672249,9493.851838838136,1614.23354415554,2.4652740288698527,0.1371681489410606,0.397183752116455,4.621749824314838,59.231635043335714,5.508090232668005,5.509979922050313,5.506082437699304,68977.70380188646,64507.10206186892,0.7360965772386827,92.57327372081473,92.9458519622454,68.7235630753919,63.26378539493294,79.54715103259517,83.01160891626672,81,83.01160891626672,81,85.66956886483194,141,80.60800893965289,45,45,141,96,0.3339299030803532,66.60700969196466,0.4307680936723678,56.92319063276321,0.3339299030803532,66.60700969196466,0.2370917124883386,76.29082875116615,0.5760253795603898,0.0918344266003166,0.0327868852459016,True,81.37114899383653,99,-18,80.40276708791637,81.37114899383653,82.33953089975667,82.1913789550516,89,81.37114899383653,99,80.55091903262141,109,89,109,20
83690644458,Id Erat Etiam Consulting,"gift, card, novelty, and souvenir shops",B,3.15,True,35852,3183223.7621428873,88.78789920068301,18665,0.5652290383069917,2021-02-28,2022-10-26,21,19,19,33955,0.0144033713959461,0.1845627152572877,False,False,False,False,100271.54850750096,0.8039465388879357,0.8324030280624106,0.8324030280624106,0.8254996084692415,0.8044739484547585,0.832282717840009,0.832282717840009,0.826146379560415,0.0983490327154866,9591.386574617112,1600.0570729582091,2.4583990602449957,0.1370011281570111,0.3958394303216467,4.583682429035827,59.0593317470425,5.466554168072899,5.471380357745528,5.475430307121161,68542.48921303757,64301.196623224016,0.7349085471535477,96.69647292598113,98.73323397913562,50.41054988803185,48.46000993541978,92.68474744961432,82.52307346116875,102,82.52307346116875,102,87.24919276259428,75,77.79264310471608,175,75,175,100,0.29124923058187,70.87507694181299,0.3860343785938534,61.39656214061466,0.29124923058187,70.87507694181299,0.1964640825698865,80.35359174301135,0.5282121006118287,0.0542863605519113,0.3770491803278688,False,81.35827380923317,100,2,80.41042232911333,81.35827380923317,82.306125289353,81.94067363520097,99,81.35827380923317,100,80.77587398326538,94,94,100,6
