poa_code,postcode,census_population,census_median_age,census_median_household_income_weekly,census_avg_household_size,census_couple_no_children_families,census_couple_with_children_families,census_single_parent_families,census_other_families,census_total_families,census_employed_persons,census_unemployed_persons,census_labour_force,census_not_in_labour_force,census_labour_status_not_stated,census_population_15plus,census_family_households,census_lone_person_households,census_group_households,census_total_households,census_source_year,census_couple_families,census_employment_to_population_ratio,census_unemployment_rate,census_labour_force_participation_rate,census_couple_no_children_family_share,census_couple_with_children_family_share,census_couple_family_share,census_single_parent_family_share,census_family_household_share,census_lone_person_household_share,census_group_household_share,census_small_population,census_small_labour_force,census_small_families,census_small_households,census_nonpositive_household_income,census_zero_population,census_any_feature_missing,census_ratio_quality_issue
POA0800,0800,7149.0,33.0,2151.0,2.0,979.0,399.0,132.0,47.0,1557.0,4794.0,165.0,4964.0,783.0,792.0,6545.0,1535.0,1146.0,304.0,2984.0,2021,1378.0,0.7324675324675325,0.03323932312651088,0.7584415584415585,0.6287732819524727,0.25626204238921,0.8850353243416827,0.08477842003853564,0.5144101876675603,0.38404825737265413,0.10187667560321716,False,False,False,False,False,False,False,False
POA0810,0810,34330.0,34.0,2199.0,2.7,2982.0,4058.0,1333.0,176.0,8553.0,18270.0,788.0,19056.0,6308.0,1985.0,27348.0,8248.0,2677.0,712.0,11637.0,2021,7040.0,0.6680561649846424,0.04135180520570949,0.6967968407196139,0.34864959663276046,0.4744534081608792,0.8231030047936396,0.15585174792470477,0.7087737389361519,0.2300421070722695,0.06118415399157859,False,False,False,False,False,False,False,False
POA0812,0812,18634.0,37.0,2046.0,2.8,1581.0,2174.0,969.0,89.0,4811.0,8975.0,497.0,9470.0,3867.0,1222.0,14558.0,4639.0,1315.0,261.0,6211.0,2021,3755.0,0.6164995191647205,0.05248152059134108,0.6505014425058387,0.3286219081272085,0.45188110579921015,0.7805030139264186,0.20141342756183744,0.7469006601191435,0.21172113991305747,0.042022218644340685,False,False,False,False,False,False,False,False
POA0820,0820,19920.0,35.0,2308.0,2.4,2239.0,1949.0,637.0,79.0,4903.0,12004.0,406.0,12409.0,2972.0,1437.0,16811.0,4801.0,2114.0,668.0,7581.0,2021,4188.0,0.7140562726786033,0.03271818841163671,0.7381476414252572,0.45665918825209056,0.39751172751376707,0.8541709157658577,0.12992045686314502,0.6332937607175835,0.2788550323176362,0.08811502440311304,False,False,False,False,False,False,False,False
POA0822,0822,25304.0,30.0,1347.0,3.8,1565.0,2659.0,1422.0,193.0,5840.0,6214.0,1362.0,7581.0,10219.0,1779.0,19575.0,4389.0,885.0,129.0,5402.0,2021,4224.0,0.31744572158365264,0.17965967550455086,0.38727969348659,0.2679794520547945,0.4553082191780822,0.7232876712328767,0.24349315068493152,0.8124768604220659,0.16382821177341725,0.023880044427989633,False,False,False,False,False,False,False,False
POA0828,0828,1697.0,33.0,2250.0,2.9,107.0,173.0,41.0,8.0,337.0,781.0,47.0,824.0,345.0,179.0,1353.0,327.0,78.0,17.0,421.0,2021,280.0,0.5772357723577236,0.05703883495145631,0.6090169992609017,0.31750741839762614,0.5133531157270029,0.8308605341246291,0.12166172106824925,0.7767220902612827,0.18527315914489312,0.040380047505938245,False,False,False,False,False,False,False,False
POA0829,0829,1963.0,31.0,1412.0,2.0,45.0,18.0,8.0,0.0,67.0,645.0,7.0,654.0,1180.0,84.0,1919.0,69.0,43.0,0.0,108.0,2021,63.0,0.33611255862428346,0.010703363914373088,0.34080250130276185,0.6716417910447762,0.26865671641791045,0.9402985074626866,0.11940298507462686,0.6388888888888888,0.39814814814814814,0.0,False,False,False,False,False,False,False,False
POA0830,0830,18501.0,33.0,2027.0,2.7,1483.0,2052.0,1025.0,69.0,4634.0,9013.0,496.0,9510.0,3013.0,1526.0,14046.0,4499.0,1441.0,250.0,6194.0,2021,3535.0,0.641677345863591,0.05215562565720294,0.6770610850064075,0.3200258955545965,0.4428139835994821,0.7628398791540786,0.2211911955114372,0.7263480787859219,0.23264449467226347,0.04036164029706167,False,False,False,False,False,False,False,False
POA0832,0832,18727.0,30.0,2352.0,2.9,1426.0,2546.0,835.0,57.0,4865.0,10239.0,349.0,10589.0,2105.0,1082.0,13774.0,4758.0,1105.0,254.0,6116.0,2021,3972.0,0.7433570495135763,0.03295873075833412,0.768767242631044,0.29311408016443985,0.5233299075025694,0.8164439876670092,0.17163412127440905,0.7779594506213211,0.18067364290385873,0.04153041203400916,False,False,False,False,False,False,False,False
POA0834,0834,1811.0,43.0,2678.0,2.9,204.0,224.0,58.0,3.0,496.0,1003.0,49.0,1055.0,327.0,116.0,1496.0,464.0,103.0,22.0,590.0,2021,428.0,0.6704545454545454,0.046445497630331754,0.7052139037433155,0.4112903225806452,0.45161290322580644,0.8629032258064516,0.11693548387096774,0.7864406779661017,0.17457627118644067,0.03728813559322034,False,False,False,False,False,False,False,False
POA0835,0835,3153.0,43.0,2560.0,2.9,362.0,401.0,91.0,5.0,867.0,1707.0,66.0,1773.0,620.0,200.0,2596.0,819.0,161.0,35.0,1016.0,2021,763.0,0.6575500770416025,0.03722504230118443,0.6829738058551618,0.41753171856978083,0.46251441753171857,0.8800461361014994,0.104959630911188,0.8061023622047244,0.15846456692913385,0.0344488188976378,False,False,False,False,False,False,False,False
POA0836,0836,7597.0,39.0,2593.0,3.0,773.0,986.0,241.0,13.0,2011.0,4139.0,136.0,4276.0,1201.0,513.0,5984.0,1910.0,386.0,80.0,2369.0,2021,1759.0,0.691677807486631,0.031805425631431246,0.714572192513369,0.3843858776727996,0.4903033316757832,0.8746892093485827,0.11984087518647439,0.8062473617560152,0.16293794850147741,0.03376952300548755,False,False,False,False,False,False,False,False
POA0837,0837,489.0,43.0,1419.0,2.5,43.0,42.0,20.0,0.0,108.0,192.0,0.0,194.0,113.0,96.0,406.0,101.0,46.0,0.0,146.0,2021,85.0,0.4729064039408867,0.0,0.47783251231527096,0.39814814814814814,0.3888888888888889,0.7870370370370371,0.18518518518518517,0.6917808219178082,0.3150684931506849,0.0,False,False,False,False,False,False,False,False
POA0838,0838,870.0,38.0,2183.0,2.8,86.0,105.0,22.0,0.0,211.0,399.0,14.0,415.0,157.0,103.0,667.0,202.0,55.0,3.0,269.0,2021,191.0,0.5982008995502249,0.033734939759036145,0.6221889055472264,0.4075829383886256,0.4976303317535545,0.9052132701421801,0.10426540284360189,0.7509293680297398,0.20446096654275092,0.011152416356877323,False,False,False,False,False,False,False,False
POA0839,0839,510.0,31.0,1426.0,1.9,58.0,32.0,32.0,8.0,122.0,253.0,12.0,273.0,83.0,70.0,420.0,127.0,88.0,4.0,218.0,2021,90.0,0.6023809523809524,0.04395604395604396,0.65,0.47540983606557374,0.26229508196721313,0.7377049180327869,0.26229508196721313,0.5825688073394495,0.4036697247706422,0.01834862385321101,False,False,False,False,False,False,False,False
POA0840,0840,457.0,60.0,806.0,1.9,90.0,13.0,9.0,0.0,117.0,114.0,15.0,126.0,226.0,67.0,418.0,115.0,71.0,8.0,192.0,2021,103.0,0.2727272727272727,0.11904761904761904,0.3014354066985646,0.7692307692307693,0.1111111111111111,0.8803418803418803,0.07692307692307693,0.5989583333333334,0.3697916666666667,0.041666666666666664,False,False,False,False,False,False,False,False
POA0841,0841,627.0,47.0,1550.0,2.4,72.0,57.0,18.0,0.0,141.0,271.0,14.0,281.0,144.0,94.0,522.0,135.0,69.0,9.0,212.0,2021,129.0,0.5191570881226054,0.0498220640569395,0.5383141762452107,0.5106382978723404,0.40425531914893614,0.9148936170212766,0.1276595744680851,0.6367924528301887,0.32547169811320753,0.04245283018867924,False,False,False,False,False,False,False,False
POA0845,0845,396.0,45.0,900.0,2.0,27.0,17.0,28.0,0.0,68.0,119.0,16.0,136.0,103.0,74.0,321.0,70.0,66.0,13.0,143.0,2021,44.0,0.3707165109034268,0.11764705882352941,0.4236760124610592,0.39705882352941174,0.25,0.6470588235294118,0.4117647058823529,0.48951048951048953,0.46153846153846156,0.09090909090909091,False,False,False,False,False,False,False,False
POA0846,0846,317.0,52.0,992.0,2.2,39.0,17.0,9.0,4.0,71.0,100.0,4.0,108.0,92.0,62.0,259.0,69.0,37.0,9.0,109.0,2021,56.0,0.3861003861003861,0.037037037037037035,0.416988416988417,0.5492957746478874,0.23943661971830985,0.7887323943661971,0.1267605633802817,0.6330275229357798,0.3394495412844037,0.08256880733944955,False,False,False,False,False,False,False,False
POA0847,0847,318.0,36.0,1125.0,2.5,22.0,22.0,15.0,0.0,57.0,94.0,5.0,98.0,119.0,41.0,260.0,50.0,35.0,6.0,91.0,2021,44.0,0.36153846153846153,0.05102040816326531,0.3769230769230769,0.38596491228070173,0.38596491228070173,0.7719298245614035,0.2631578947368421,0.5494505494505495,0.38461538461538464,0.06593406593406594,False,False,False,False,False,False,False,False
POA0850,0850,7873.0,33.0,2027.0,2.7,678.0,711.0,334.0,34.0,1755.0,3597.0,162.0,3761.0,1389.0,995.0,6142.0,1673.0,612.0,152.0,2438.0,2021,1389.0,0.585639856724194,0.04307365062483382,0.6123412569195702,0.38632478632478634,0.40512820512820513,0.7914529914529914,0.1903133903133903,0.6862182116488925,0.25102543068088595,0.062346185397867106,False,False,False,False,False,False,False,False
POA0852,0852,8735.0,28.0,1331.0,4.0,444.0,801.0,451.0,42.0,1735.0,2150.0,388.0,2544.0,3110.0,922.0,6574.0,1220.0,323.0,45.0,1585.0,2021,1245.0,0.32704593854578645,0.15251572327044025,0.3869790082141771,0.2559077809798271,0.461671469740634,0.7175792507204611,0.25994236311239194,0.7697160883280757,0.20378548895899054,0.028391167192429023,False,False,False,False,False,False,False,False
POA0853,0853,850.0,29.0,2865.0,3.1,72.0,107.0,5.0,0.0,192.0,520.0,9.0,531.0,24.0,69.0,619.0,185.0,18.0,0.0,200.0,2021,179.0,0.840064620355412,0.01694915254237288,0.8578352180936996,0.375,0.5572916666666666,0.9322916666666666,0.026041666666666668,0.925,0.09,0.0,False,False,False,False,False,False,False,False
POA0854,0854,755.0,32.0,1301.0,3.5,49.0,69.0,59.0,6.0,182.0,211.0,15.0,226.0,295.0,50.0,572.0,143.0,42.0,5.0,184.0,2021,118.0,0.3688811188811189,0.06637168141592921,0.3951048951048951,0.2692307692307692,0.3791208791208791,0.6483516483516484,0.3241758241758242,0.7771739130434783,0.22826086956521738,0.02717391304347826,False,False,False,False,False,False,False,False
POA0860,0860,3080.0,33.0,1677.0,2.7,209.0,251.0,185.0,22.0,662.0,1131.0,107.0,1233.0,928.0,237.0,2403.0,571.0,331.0,44.0,943.0,2021,460.0,0.4706616729088639,0.0867802108678021,0.5131086142322098,0.3157099697885196,0.37915407854984895,0.6948640483383686,0.2794561933534743,0.6055143160127253,0.35100742311770944,0.04665959703075292,False,False,False,False,False,False,False,False
POA0862,0862,715.0,28.0,1375.0,3.1,45.0,46.0,43.0,0.0,130.0,316.0,0.0,322.0,184.0,65.0,573.0,107.0,39.0,0.0,147.0,2021,91.0,0.5514834205933682,0.0,0.5619546247818499,0.34615384615384615,0.35384615384615387,0.7,0.33076923076923076,0.7278911564625851,0.2653061224489796,0.0,False,False,False,False,False,False,False,False
POA0870,0870,20341.0,34.0,2174.0,2.6,1772.0,2129.0,911.0,100.0,4910.0,11043.0,416.0,11456.0,3551.0,1090.0,16097.0,4723.0,1869.0,431.0,7028.0,2021,3901.0,0.6860284525066782,0.036312849162011177,0.7116854072187364,0.3608961303462322,0.4336048879837067,0.7945010183299389,0.1855397148676171,0.6720261809903244,0.26593625498007967,0.06132612407512806,False,False,False,False,False,False,False,False
POA0872,0872,14676.0,29.0,1213.0,3.6,818.0,1322.0,857.0,134.0,3126.0,3399.0,729.0,4131.0,5987.0,1150.0,11263.0,2317.0,854.0,53.0,3228.0,2021,2140.0,0.30178460445707184,0.17647058823529413,0.36677616975938915,0.2616762635956494,0.4229046705054383,0.6845809341010877,0.2741522712731926,0.7177819083023544,0.2645600991325898,0.01641883519206939,False,False,False,False,False,False,False,False
POA0873,0873,2756.0,40.0,1783.0,2.6,238.0,242.0,127.0,11.0,615.0,1165.0,19.0,1184.0,815.0,263.0,2259.0,586.0,228.0,26.0,829.0,2021,480.0,0.5157149181053563,0.016047297297297296,0.5241257193448429,0.38699186991869916,0.3934959349593496,0.7804878048780488,0.20650406504065041,0.706875753920386,0.2750301568154403,0.031363088057901084,False,False,False,False,False,False,False,False
POA0874,0874,554.0,35.0,2221.0,2.2,62.0,65.0,5.0,4.0,125.0,357.0,9.0,366.0,63.0,31.0,451.0,129.0,96.0,3.0,229.0,2021,127.0,0.7915742793791575,0.02459016393442623,0.811529933481153,0.496,0.52,,0.04,0.5633187772925764,0.4192139737991266,0.013100436681222707,False,False,False,False,False,False,True,True
POA0875,0875,2482.0,33.0,2032.0,2.7,194.0,267.0,144.0,14.0,621.0,1177.0,56.0,1237.0,517.0,108.0,1867.0,589.0,221.0,43.0,855.0,2021,461.0,0.6304231387252276,0.04527081649151172,0.662560257096947,0.31239935587761675,0.42995169082125606,0.7423510466988728,0.2318840579710145,0.6888888888888889,0.2584795321637427,0.050292397660818715,False,False,False,False,False,False,False,False
POA0880,0880,4953.0,32.0,2406.0,3.3,269.0,554.0,190.0,23.0,1034.0,1923.0,87.0,2008.0,1102.0,595.0,3704.0,903.0,226.0,29.0,1159.0,2021,823.0,0.5191684665226782,0.04332669322709164,0.5421166306695464,0.2601547388781431,0.5357833655705996,0.7959381044487428,0.18375241779497098,0.7791199309749784,0.19499568593615185,0.025021570319240724,False,False,False,False,False,False,False,False
POA0885,0885,751.0,34.0,3333.0,2.8,50.0,102.0,11.0,0.0,161.0,382.0,5.0,381.0,32.0,90.0,501.0,161.0,55.0,3.0,216.0,2021,152.0,0.7624750499001997,0.013123359580052493,0.7604790419161677,0.3105590062111801,0.6335403726708074,0.9440993788819876,0.06832298136645963,0.7453703703703703,0.25462962962962965,0.013888888888888888,False,False,False,False,False,False,False,False
POA0886,0886,755.0,34.0,2090.0,2.3,72.0,59.0,31.0,0.0,166.0,405.0,10.0,414.0,93.0,81.0,592.0,159.0,94.0,8.0,262.0,2021,131.0,0.6841216216216216,0.024154589371980676,0.6993243243243243,0.43373493975903615,0.35542168674698793,0.7891566265060241,0.18674698795180722,0.6068702290076335,0.35877862595419846,0.030534351145038167,False,False,False,False,False,False,False,False
POA2000,2000,27936.0,32.0,2225.0,2.1,4014.0,1059.0,474.0,297.0,5832.0,15520.0,1199.0,16720.0,7619.0,2177.0,26520.0,5716.0,4040.0,1734.0,11492.0,2021,5073.0,0.5852187028657617,0.07171052631578947,0.6304675716440422,0.6882716049382716,0.1815843621399177,0.8698559670781894,0.08127572016460906,0.4973894883397146,0.35154890358510266,0.15088757396449703,False,False,False,False,False,False,False,False
POA2007,2007,7410.0,30.0,1805.0,2.1,808.0,313.0,149.0,81.0,1349.0,3957.0,433.0,4387.0,2032.0,511.0,6930.0,1329.0,1071.0,528.0,2926.0,2021,1121.0,0.570995670995671,0.09870070663323456,0.6330447330447331,0.5989621942179392,0.23202372127501852,0.8309859154929577,0.11045218680504076,0.45420369104579633,0.3660287081339713,0.18045112781954886,False,False,False,False,False,False,False,False
POA2008,2008,10400.0,28.0,1746.0,1.9,1273.0,289.0,139.0,109.0,1813.0,5805.0,577.0,6379.0,2813.0,797.0,9989.0,1801.0,1967.0,791.0,4564.0,2021,1562.0,0.5811392531784964,0.09045304906725192,0.6386024627089799,0.7021511307225593,0.1594043022614451,0.8615554329840044,0.0766685052399338,0.39460999123575813,0.43098159509202455,0.17331288343558282,False,False,False,False,False,False,False,False
POA2009,2009,12658.0,37.0,2422.0,2.1,1876.0,894.0,394.0,79.0,3241.0,7204.0,413.0,7614.0,2893.0,847.0,11362.0,3203.0,1838.0,538.0,5583.0,2021,2770.0,0.634043302235522,0.054242185447859206,0.6701284985037845,0.5788336933045356,0.27584078987966676,0.8546744831842024,0.12156741746374576,0.5737058928891277,0.3292136843990686,0.09636396202758374,False,False,False,False,False,False,False,False
POA2010,2010,26443.0,36.0,2297.0,1.7,3835.0,935.0,412.0,131.0,5307.0,17102.0,832.0,17931.0,5090.0,1988.0,25009.0,5293.0,6427.0,1441.0,13158.0,2021,4770.0,0.683833819824863,0.04640008923094083,0.7169818865208525,0.7226304880346712,0.1761824006029772,0.8988128886376484,0.07763331449029584,0.40226478188174497,0.48844809241526066,0.10951512387900897,False,False,False,False,False,False,False,False
POA2011,2011,18187.0,39.0,2041.0,1.5,2533.0,485.0,314.0,51.0,3385.0,11250.0,597.0,11849.0,3758.0,1807.0,17415.0,3374.0,6107.0,587.0,10068.0,2021,3018.0,0.6459948320413437,0.05038399864967508,0.6803904679873672,0.748301329394387,0.1432791728212703,0.8915805022156573,0.09276218611521418,0.33512117600317837,0.606575288041319,0.05830353595550258,False,False,False,False,False,False,False,False
POA2015,2015,11422.0,34.0,2607.0,2.1,1743.0,869.0,280.0,55.0,2952.0,7880.0,269.0,8146.0,1456.0,520.0,10120.0,2929.0,1787.0,536.0,5248.0,2021,2612.0,0.7786561264822134,0.03302234225386693,0.8049407114624506,0.5904471544715447,0.29437669376693765,0.8848238482384824,0.0948509485094851,0.5581173780487805,0.3405106707317073,0.10213414634146341,False,False,False,False,False,False,False,False
POA2016,2016,13072.0,36.0,2145.0,1.9,1637.0,676.0,270.0,85.0,2665.0,7428.0,457.0,7891.0,3074.0,1036.0,11997.0,2640.0,2498.0,752.0,5889.0,2021,2313.0,0.6191547886971743,0.057914079330883286,0.6577477702759023,0.6142589118198875,0.25365853658536586,0.8679174484052533,0.10131332082551595,0.44829342842587877,0.424180675836305,0.12769570385464427,False,False,False,False,False,False,False,False
POA2017,2017,29003.0,32.0,2104.0,1.9,4637.0,1450.0,703.0,235.0,7023.0,16966.0,1103.0,18070.0,6651.0,1984.0,26706.0,6966.0,5178.0,1956.0,14103.0,2021,6087.0,0.6352879502733468,0.06104039845047039,0.6766269752115629,0.6602591485120319,0.20646447387156486,0.8667236223835968,0.10009967250462765,0.49393746011486916,0.3671559242714316,0.13869389491597534,False,False,False,False,False,False,False,False
POA2018,2018,19878.0,34.0,2017.0,2.3,2389.0,2084.0,710.0,148.0,5324.0,10450.0,521.0,10980.0,5234.0,1027.0,17240.0,5208.0,2304.0,642.0,8159.0,2021,4473.0,0.6061484918793504,0.04744990892531876,0.6368909512761021,0.4487227648384673,0.391435011269722,0.8401577761081893,0.13335837716003004,0.6383135188135801,0.28238754749356537,0.07868611349430077,False,False,False,False,False,False,False,False
POA2019,2019,13467.0,36.0,2363.0,2.6,1258.0,1801.0,539.0,69.0,3664.0,7271.0,244.0,7516.0,2700.0,711.0,10924.0,3570.0,1207.0,172.0,4957.0,2021,3059.0,0.6655986818015379,0.032464076636508785,0.688026363969242,0.3433406113537118,0.49153930131004364,0.8348799126637555,0.1471069868995633,0.7201936655235022,0.2434940488198507,0.034698406294129513,False,False,False,False,False,False,False,False
POA2020,2020,21591.0,30.0,2254.0,2.5,2708.0,1960.0,578.0,233.0,5478.0,12287.0,764.0,13044.0,4865.0,1151.0,19057.0,5295.0,1762.0,1046.0,8105.0,2021,4668.0,0.6447499606443826,0.05857099049371359,0.6844728970981792,0.49434100036509676,0.3577948156261409,0.8521358159912377,0.10551296093464768,0.6533004318322023,0.2173966687230105,0.12905613818630474,False,False,False,False,False,False,False,False
POA2021,2021,14946.0,37.0,2823.0,2.1,1752.0,1302.0,417.0,57.0,3527.0,9055.0,337.0,9395.0,2940.0,669.0,12998.0,3508.0,2542.0,532.0,6586.0,2021,3054.0,0.6966456377904293,0.03587014369345397,0.7228035082320357,0.49673943861638786,0.36915225404026086,0.8658916926566487,0.11823079104054438,0.5326450045551169,0.3859702399028242,0.08077740662010324,False,False,False,False,False,False,False,False
POA2022,2022,13509.0,36.0,2484.0,2.2,1611.0,1279.0,395.0,58.0,3337.0,7311.0,317.0,7628.0,3114.0,808.0,11551.0,3313.0,1778.0,464.0,5559.0,2021,2890.0,0.6329322136611549,0.04155742003146303,0.6603757250454506,0.4827689541504345,0.38327839376685646,0.866047347917291,0.11836979322744981,0.5959704982910595,0.31984169814714875,0.08346824968519517,False,False,False,False,False,False,False,False
POA2023,2023,10590.0,39.0,3315.0,2.5,1190.0,1247.0,311.0,38.0,2787.0,5536.0,181.0,5717.0,2685.0,372.0,8772.0,2750.0,1048.0,262.0,4056.0,2021,2437.0,0.6310989512083903,0.031659961518278816,0.6517327861377109,0.42698241837100825,0.4474345174022246,0.8744169357732329,0.11158952278435594,0.678007889546351,0.2583826429980276,0.0645956607495069,False,False,False,False,False,False,False,False
POA2024,2024,11380.0,38.0,3197.0,2.4,1095.0,1348.0,317.0,35.0,2798.0,6055.0,152.0,6206.0,2375.0,734.0,9320.0,2750.0,1166.0,293.0,4212.0,2021,2443.0,0.6496781115879828,0.024492426683854335,0.6658798283261803,0.3913509649749821,0.48177269478198714,0.8731236597569693,0.1132952108649035,0.6528964862298196,0.2768281101614435,0.06956315289648624,False,False,False,False,False,False,False,False
POA2025,2025,7189.0,42.0,3013.0,2.2,836.0,694.0,247.0,41.0,1814.0,3734.0,116.0,3851.0,1880.0,352.0,6081.0,1791.0,1003.0,192.0,2988.0,2021,1530.0,0.6140437428054596,0.03012204622176058,0.6332839993422135,0.46085997794928335,0.38257993384785005,0.8434399117971334,0.13616317530319735,0.5993975903614458,0.3356760374832664,0.0642570281124498,False,False,False,False,False,False,False,False
POA2026,2026,32693.0,34.0,2896.0,2.2,3717.0,3015.0,816.0,129.0,7667.0,19258.0,786.0,20045.0,6131.0,1847.0,28025.0,7611.0,4238.0,1755.0,13603.0,2021,6732.0,0.6871721677074041,0.03921177350960339,0.7152542372881356,0.48480500847789226,0.3932437720099126,0.8780487804878049,0.10643015521064302,0.5595089318532677,0.3115489230316842,0.12901565831066678,False,False,False,False,False,False,False,False
POA2027,2027,7810.0,46.0,3027.0,2.0,1182.0,571.0,241.0,28.0,2027.0,4104.0,146.0,4251.0,2245.0,462.0,6961.0,2017.0,1358.0,201.0,3578.0,2021,1753.0,0.5895704640137911,0.034344860032933425,0.610688119523057,0.5831277750370005,0.2816970892945239,0.8648248643315244,0.11889491859891466,0.5637227501397428,0.3795416433761878,0.056176634991615425,False,False,False,False,False,False,False,False
POA2028,2028,4709.0,39.0,3077.0,2.1,632.0,412.0,159.0,29.0,1228.0,2643.0,93.0,2736.0,1209.0,182.0,4126.0,1218.0,726.0,183.0,2130.0,2021,1044.0,0.640571982549685,0.03399122807017544,0.6631119728550654,0.5146579804560261,0.3355048859934853,0.8501628664495114,0.12947882736156352,0.571830985915493,0.3408450704225352,0.08591549295774648,False,False,False,False,False,False,False,False
POA2029,2029,9911.0,40.0,2539.0,2.3,1156.0,1087.0,377.0,36.0,2654.0,5093.0,181.0,5272.0,2502.0,518.0,8293.0,2620.0,1201.0,181.0,4006.0,2021,2243.0,0.6141324008199687,0.03433232169954476,0.6357168696491017,0.43556895252449135,0.4095704596834966,0.8451394122079879,0.14204973624717407,0.654018971542686,0.299800299550674,0.04518222666000998,False,False,False,False,False,False,False,False
POA2030,2030,14434.0,42.0,3481.0,2.8,1288.0,2062.0,424.0,40.0,3811.0,6778.0,258.0,7037.0,4063.0,589.0,11690.0,3740.0,1034.0,106.0,4881.0,2021,3350.0,0.5798118049615055,0.036663350859741366,0.60196749358426,0.3379690369981632,0.541065337181842,0.8790343741800053,0.11125688795591708,0.7662364269616881,0.2118418356894079,0.021716861298914158,False,False,False,False,False,False,False,False
POA2031,2031,33830.0,36.0,2514.0,2.3,3734.0,3609.0,1056.0,168.0,8568.0,19133.0,687.0,19822.0,7113.0,1655.0,28589.0,8487.0,4013.0,1107.0,13615.0,2021,7343.0,0.6692434152995907,0.034658460296640096,0.6933435936898807,0.4358076563958917,0.421218487394958,0.8570261437908496,0.12324929971988796,0.6233565919941241,0.29474843922144695,0.08130738156445097,False,False,False,False,False,False,False,False
POA2032,2032,14643.0,35.0,1746.0,2.4,1192.0,1493.0,520.0,110.0,3321.0,6915.0,471.0,7392.0,4554.0,718.0,12661.0,3244.0,1689.0,667.0,5599.0,2021,2685.0,0.5461653897796382,0.06371753246753246,0.5838401390095569,0.3589280337247817,0.4495633845227341,0.8084914182475158,0.1565793435712135,0.5793891766386855,0.30166101089480263,0.11912841578853367,False,False,False,False,False,False,False,False
POA2033,2033,11927.0,32.0,2118.0,2.3,1211.0,1021.0,338.0,83.0,2656.0,6080.0,391.0,6468.0,3415.0,600.0,10488.0,2605.0,1327.0,421.0,4354.0,2021,2232.0,0.5797101449275363,0.060451453308596165,0.6167048054919908,0.4559487951807229,0.38441265060240964,0.8403614457831325,0.1272590361445783,0.5983004134129536,0.30477721635277905,0.09669269637115296,False,False,False,False,False,False,False,False
POA2034,2034,20249.0,36.0,2796.0,2.3,2276.0,2058.0,644.0,93.0,5071.0,11596.0,438.0,12031.0,4201.0,952.0,17187.0,5014.0,2411.0,835.0,8258.0,2021,4334.0,0.6746959911561063,0.03640595129249439,0.7000058183510793,0.4488266614080063,0.40583711299546443,0.8546637744034707,0.12699664760402288,0.607168806006297,0.2919593121821264,0.10111407120368128,False,False,False,False,False,False,False,False
POA2035,2035,34602.0,40.0,2151.0,2.5,3392.0,4197.0,1409.0,185.0,9182.0,16846.0,809.0,17659.0,9784.0,1539.0,28979.0,8964.0,3639.0,701.0,13296.0,2021,7589.0,0.5813175057800476,0.04581233365422731,0.6093723040822665,0.3694184273578741,0.4570899586146809,0.826508385972555,0.15345240688303202,0.674187725631769,0.2736913357400722,0.05272262334536703,False,False,False,False,False,False,False,False
POA2036,2036,33767.0,39.0,2050.0,2.6,2944.0,4190.0,1443.0,165.0,8748.0,15522.0,723.0,16244.0,9812.0,1983.0,28039.0,8495.0,3032.0,476.0,12002.0,2021,7134.0,0.553586076536253,0.0445087416892391,0.5793359249616605,0.33653406492912663,0.4789666209419296,0.8155006858710563,0.1649519890260631,0.7077987002166306,0.2526245625729045,0.039660056657223795,False,False,False,False,False,False,False,False
POA2037,2037,16641.0,36.0,2011.0,2.0,2014.0,1152.0,592.0,92.0,3855.0,9072.0,507.0,9575.0,4364.0,934.0,14880.0,3826.0,3047.0,663.0,7533.0,2021,3166.0,0.6096774193548387,0.05295039164490862,0.6434811827956989,0.5224383916990921,0.2988326848249027,0.8212710765239948,0.1535667963683528,0.5078985795831674,0.40448692420018584,0.08801274392672243,False,False,False,False,False,False,False,False
POA2038,2038,9487.0,38.0,2683.0,2.3,1021.0,1066.0,274.0,39.0,2402.0,5403.0,212.0,5618.0,1852.0,501.0,7967.0,2378.0,1196.0,224.0,3794.0,2021,2087.0,0.6781724614032886,0.03773584905660377,0.7051587799673654,0.4250624479600333,0.443796835970025,0.8688592839300583,0.11407160699417153,0.6267791249341065,0.3152345809172377,0.05904059040590406,False,False,False,False,False,False,False,False
POA2039,2039,8553.0,40.0,3196.0,2.3,1088.0,1003.0,280.0,35.0,2408.0,4964.0,170.0,5141.0,1720.0,219.0,7078.0,2396.0,1047.0,153.0,3603.0,2021,2091.0,0.7013280587736649,0.033067496595993,0.7263351229160779,0.45182724252491696,0.4165282392026578,0.8683554817275747,0.11627906976744186,0.6650013877324452,0.29059117402164863,0.042464612822647796,False,False,False,False,False,False,False,False
POA2040,2040,22803.0,38.0,2727.0,2.4,2234.0,2881.0,862.0,98.0,6072.0,12468.0,510.0,12979.0,4583.0,851.0,18419.0,6008.0,2377.0,477.0,8865.0,2021,5115.0,0.6769097127965688,0.039294244548886664,0.7046528041696075,0.3679183135704875,0.4744729907773386,0.842391304347826,0.1419631093544137,0.6777213761985336,0.2681331077270164,0.05380710659898477,False,False,False,False,False,False,False,False
POA2041,2041,15584.0,43.0,3147.0,2.2,1931.0,1826.0,498.0,49.0,4302.0,8397.0,333.0,8730.0,3696.0,523.0,12949.0,4276.0,2070.0,202.0,6544.0,2021,3757.0,0.6484670630936752,0.03814432989690722,0.674183334620434,0.4488609948860995,0.42445374244537426,0.8733147373314737,0.11576011157601115,0.6534229828850856,0.316320293398533,0.0308679706601467,False,False,False,False,False,False,False,False
POA2042,2042,18673.0,34.0,2328.0,2.1,2319.0,1303.0,446.0,92.0,4167.0,12016.0,521.0,12541.0,3416.0,864.0,16822.0,4143.0,2902.0,1136.0,8179.0,2021,3622.0,0.7143026988467484,0.041543736544135235,0.7455118297467602,0.556515478761699,0.3126949844012479,0.8692104631629469,0.1070314374850012,0.5065411419488935,0.3548111016016628,0.13889228512043036,False,False,False,False,False,False,False,False
POA2043,2043,9657.0,34.0,3020.0,2.0,1657.0,719.0,212.0,39.0,2620.0,6805.0,220.0,7024.0,1250.0,333.0,8607.0,2613.0,1478.0,454.0,4540.0,2021,2376.0,0.790635529220402,0.03132118451025057,0.8160799349366794,0.6324427480916031,0.27442748091603053,0.9068702290076336,0.08091603053435115,0.5755506607929516,0.32555066079295153,0.1,False,False,False,False,False,False,False,False
POA2044,2044,8278.0,36.0,2619.0,2.5,1001.0,846.0,296.0,48.0,2197.0,4893.0,199.0,5092.0,1670.0,263.0,7028.0,2134.0,707.0,333.0,3176.0,2021,1847.0,0.6962151394422311,0.03908091123330715,0.7245304496300512,0.4556213017751479,0.38507055075102414,0.8406918525261721,0.1347291761492945,0.6719143576826196,0.22260705289672544,0.10484886649874055,False,False,False,False,False,False,False,False
POA2045,2045,6480.0,46.0,2761.0,2.8,548.0,967.0,231.0,21.0,1770.0,3171.0,110.0,3282.0,1983.0,147.0,5411.0,1735.0,441.0,44.0,2224.0,2021,1515.0,0.5860284605433377,0.03351614868982328,0.6065422287931991,0.3096045197740113,0.5463276836158192,0.8559322033898306,0.13050847457627118,0.7801258992805755,0.1982913669064748,0.019784172661870502,False,False,False,False,False,False,False,False
POA2046,2046,27288.0,42.0,2393.0,2.5,2920.0,3613.0,1046.0,125.0,7708.0,13877.0,472.0,14345.0,7181.0,1032.0,22555.0,7534.0,2823.0,290.0,10643.0,2021,6533.0,0.6152516071824429,0.03290345067967933,0.6360008867213478,0.3788271925272444,0.4687337830825117,0.8475609756097561,0.13570316554229372,0.707883115662877,0.2652447618152777,0.027247956403269755,False,False,False,False,False,False,False,False
POA2047,2047,12011.0,42.0,2776.0,2.3,1501.0,1352.0,443.0,59.0,3360.0,6474.0,208.0,6680.0,2931.0,519.0,10129.0,3322.0,1410.0,188.0,4919.0,2021,2853.0,0.6391549017672031,0.031137724550898204,0.6594925461546056,0.4467261904761905,0.4023809523809524,0.8491071428571428,0.1318452380952381,0.6753405163651148,0.28664362675340516,0.03821915023378736,False,False,False,False,False,False,False,False
POA2048,2048,7619.0,36.0,2395.0,2.3,863.0,745.0,216.0,53.0,1874.0,4604.0,200.0,4804.0,1522.0,297.0,6626.0,1857.0,952.0,321.0,3127.0,2021,1608.0,0.6948385149411409,0.041631973355537054,0.7250226380923634,0.4605122732123799,0.3975453575240128,0.8580576307363927,0.1152614727854856,0.5938599296450272,0.30444515510073555,0.10265430124720179,False,False,False,False,False,False,False,False
POA2049,2049,12258.0,35.0,2284.0,2.2,1356.0,1151.0,384.0,67.0,2949.0,7178.0,301.0,7481.0,2489.0,708.0,10674.0,2924.0,1715.0,457.0,5099.0,2021,2507.0,0.6724751733183436,0.04023526266541906,0.700861907438636,0.4598168870803662,0.3903017972193964,0.8501186842997627,0.13021363173957273,0.5734457736811139,0.33634045891351244,0.08962541674838204,False,False,False,False,False,False,False,False
POA2050,2050,9381.0,33.0,2331.0,1.9,1226.0,497.0,178.0,43.0,1947.0,6060.0,335.0,6393.0,1735.0,531.0,8660.0,1941.0,1694.0,424.0,4057.0,2021,1723.0,0.6997690531177829,0.052401063663381826,0.7382217090069284,0.6296866974833076,0.25526450950179763,0.8849512069851053,0.09142270159219312,0.47843233916687206,0.4175499137293567,0.10451072220852847,False,False,False,False,False,False,False,False
POA2060,2060,15135.0,38.0,2463.0,1.9,2282.0,1163.0,399.0,75.0,3914.0,9083.0,364.0,9452.0,3343.0,765.0,13560.0,3897.0,2920.0,384.0,7201.0,2021,3445.0,0.6698377581120945,0.038510368176047395,0.6970501474926254,0.5830352580480327,0.297138477261114,0.8801737353091467,0.10194174757281553,0.5411748368282183,0.4054992362171921,0.05332592695458964,False,False,False,False,False,False,False,False
POA2061,2061,6158.0,44.0,2475.0,1.7,1060.0,326.0,152.0,26.0,1572.0,3505.0,145.0,3643.0,1653.0,470.0,5769.0,1554.0,1459.0,135.0,3147.0,2021,1386.0,0.6075576356387589,0.03980236069173758,0.6314785924770324,0.6743002544529262,0.20737913486005088,0.8816793893129771,0.09669211195928754,0.4938036224976168,0.4636161423578011,0.042897998093422304,False,False,False,False,False,False,False,False
POA2062,2062,7088.0,40.0,2870.0,2.2,846.0,832.0,271.0,30.0,1978.0,4007.0,126.0,4133.0,1466.0,166.0,5763.0,1969.0,995.0,95.0,3054.0,2021,1678.0,0.6952975880617733,0.030486329542705057,0.7171612007634912,0.4277047522750253,0.4206268958543984,0.8483316481294236,0.13700707785642063,0.6447282252783235,0.3258022265880812,0.031106745252128355,False,False,False,False,False,False,False,False
POA2063,2063,6493.0,44.0,3874.0,2.9,579.0,996.0,164.0,19.0,1751.0,2954.0,112.0,3072.0,1925.0,168.0,5167.0,1725.0,396.0,25.0,2142.0,2021,1575.0,0.5717050512870138,0.036458333333333336,0.5945422875943488,0.33066818960593947,0.5688178183894917,0.8994860079954312,0.09366076527698458,0.8053221288515406,0.18487394957983194,0.011671335200746966,False,False,False,False,False,False,False,False
POA2064,2064,9417.0,37.0,2420.0,2.5,868.0,1324.0,328.0,50.0,2568.0,4888.0,248.0,5133.0,2130.0,303.0,7564.0,2517.0,914.0,197.0,3629.0,2021,2192.0,0.6462189317821259,0.04831482563802844,0.678609201480698,0.338006230529595,0.5155763239875389,0.8535825545171339,0.1277258566978193,0.693579498484431,0.2518600165334803,0.05428492697712869,False,False,False,False,False,False,False,False
POA2065,2065,31698.0,37.0,2743.0,2.1,4381.0,3333.0,860.0,152.0,8726.0,19324.0,637.0,19965.0,6161.0,982.0,27103.0,8651.0,4821.0,780.0,14244.0,2021,7714.0,0.7129838025310851,0.03190583521162033,0.7366343209238829,0.5020628008251203,0.3819619527847811,0.8840247536099014,0.09855603942241577,0.6073434428531311,0.338458298230834,0.05475989890480202,False,False,False,False,False,False,False,False
POA2066,2066,33844.0,38.0,2754.0,2.5,3495.0,4622.0,1061.0,120.0,9306.0,18412.0,689.0,19098.0,7320.0,933.0,27354.0,9173.0,3421.0,410.0,13006.0,2021,8117.0,0.673100826204577,0.03607707613362656,0.6981794253125685,0.37556415215989686,0.49666881581775196,0.8722329679776488,0.11401246507629487,0.7052898662155928,0.2630324465631247,0.031523912040596645,False,False,False,False,False,False,False,False
POA2067,2067,27078.0,38.0,2185.0,2.5,2748.0,3425.0,1033.0,167.0,7379.0,12907.0,742.0,13647.0,7914.0,938.0,22503.0,7149.0,2356.0,523.0,10028.0,2021,6173.0,0.5735679687152824,0.0543709240126035,0.6064524730035995,0.37240818539097437,0.4641550345575281,0.8365632199485025,0.13999186881691286,0.7129038691663343,0.23494216194654965,0.05215396888711608,False,False,False,False,False,False,False,False
POA2068,2068,17450.0,42.0,3232.0,2.8,1461.0,2671.0,631.0,56.0,4834.0,8535.0,322.0,8859.0,4501.0,411.0,13769.0,4737.0,1083.0,124.0,5940.0,2021,4132.0,0.6198707240903479,0.03634721751890733,0.6434018447236546,0.30223417459660734,0.5525444766239139,0.8547786512205213,0.13053371948696732,0.7974747474747474,0.18232323232323233,0.020875420875420877,False,False,False,False,False,False,False,False
POA2069,2069,14604.0,41.0,3310.0,2.9,1291.0,2317.0,429.0,37.0,4076.0,7049.0,302.0,7351.0,3977.0,328.0,11658.0,3970.0,767.0,113.0,4848.0,2021,3608.0,0.6046491679533368,0.041082845871310024,0.6305541259221136,0.31673209028459276,0.5684494602551521,0.8851815505397449,0.10525024533856722,0.8188943894389439,0.1582095709570957,0.02330858085808581,False,False,False,False,False,False,False,False
POA2070,2070,14648.0,41.0,2970.0,2.8,1296.0,2308.0,477.0,44.0,4127.0,6872.0,296.0,7164.0,4226.0,284.0,11674.0,3985.0,938.0,77.0,5003.0,2021,3604.0,0.5886585574781565,0.0413176996091569,0.6136714065444577,0.31402956142476374,0.5592440029076812,0.8732735643324449,0.11558032469105887,0.7965220867479512,0.1874875074955027,0.015390765540675595,False,False,False,False,False,False,False,False
POA2071,2071,13510.0,42.0,2839.0,2.9,1183.0,2109.0,496.0,46.0,3837.0,6198.0,298.0,6494.0,4238.0,317.0,11050.0,3700.0,803.0,66.0,4578.0,2021,3292.0,0.5609049773755657,0.04588851247305205,0.5876923076923077,0.308313786812614,0.5496481626270524,0.8579619494396664,0.12926765702371645,0.8082131935342944,0.17540410659676714,0.014416775884665793,False,False,False,False,False,False,False,False
POA2072,2072,8795.0,39.0,2460.0,2.7,865.0,1310.0,382.0,21.0,2578.0,4353.0,228.0,4576.0,2491.0,226.0,7297.0,2509.0,627.0,70.0,3199.0,2021,2175.0,0.5965465259695766,0.049825174825174824,0.6271070302864191,0.33553141970519784,0.5081458494957332,0.843677269200931,0.14817688130333592,0.7843075961237886,0.1959987496092529,0.02188183807439825,False,False,False,False,False,False,False,False
POA2073,2073,17221.0,41.0,3414.0,3.0,1513.0,2883.0,511.0,29.0,4936.0,8496.0,382.0,8873.0,4485.0,333.0,13692.0,4772.0,755.0,64.0,5595.0,2021,4396.0,0.6205083260297984,0.04305195537022428,0.6480426526438796,0.3065235008103728,0.5840761750405187,0.8905996758508914,0.10352512155591573,0.8529043789097408,0.13494191242180517,0.011438784629133154,False,False,False,False,False,False,False,False
POA2074,2074,23423.0,44.0,3004.0,2.8,2286.0,3589.0,673.0,65.0,6607.0,10874.0,452.0,11324.0,7255.0,525.0,19105.0,6442.0,1493.0,89.0,8022.0,2021,5875.0,0.5691703742475792,0.03991522430236665,0.5927244176917037,0.34599667019827457,0.5432117451188134,0.8892084153170879,0.10186166187377024,0.8030416355023685,0.18611318873098978,0.011094490152081775,False,False,False,False,False,False,False,False
POA2075,2075,21665.0,43.0,2965.0,2.9,2106.0,3487.0,657.0,38.0,6288.0,9854.0,436.0,10290.0,6475.0,347.0,17110.0,6068.0,1157.0,69.0,7291.0,2021,5593.0,0.5759205143191116,0.0423712342079689,0.6014026884862653,0.3349236641221374,0.5545483460559797,0.8894720101781171,0.10448473282442748,0.8322589493896585,0.1586887944040598,0.00946372239747634,False,False,False,False,False,False,False,False
POA2076,2076,25340.0,43.0,2923.0,2.9,2223.0,3949.0,747.0,47.0,6969.0,11759.0,489.0,12251.0,7650.0,619.0,20520.0,6744.0,1362.0,108.0,8218.0,2021,6172.0,0.5730506822612086,0.03991510897069627,0.5970272904483431,0.3189840723202755,0.5666523174056536,0.8856363897259291,0.10718897976754198,0.8206376247262107,0.1657337551715746,0.013141883669992699,False,False,False,False,False,False,False,False
POA2077,2077,42819.0,38.0,2108.0,2.6,4112.0,6148.0,1640.0,205.0,12108.0,21785.0,1025.0,22807.0,10500.0,1245.0,34553.0,11754.0,3820.0,469.0,16044.0,2021,10260.0,0.6304807107921164,0.0449423422633402,0.6600584609151159,0.339610175090849,0.5077634621737694,0.8473736372646185,0.13544763792533862,0.7326103216155572,0.23809523809523808,0.029232111692844676,False,False,False,False,False,False,False,False
POA2079,2079,7816.0,40.0,2505.0,2.9,728.0,1273.0,274.0,26.0,2295.0,4216.0,154.0,4375.0,1770.0,118.0,6260.0,2217.0,411.0,40.0,2664.0,2021,2001.0,0.673482428115016,0.0352,0.6988817891373802,0.3172113289760349,0.5546840958605664,0.8718954248366013,0.11938997821350762,0.8322072072072072,0.15427927927927929,0.015015015015015015,False,False,False,False,False,False,False,False
POA2080,2080,1766.0,42.0,2428.0,3.0,170.0,278.0,60.0,0.0,509.0,890.0,21.0,913.0,449.0,26.0,1386.0,491.0,86.0,3.0,585.0,2021,448.0,0.6421356421356421,0.023001095290251915,0.6587301587301587,0.33398821218074654,0.5461689587426326,0.8801571709233792,0.11787819253438114,0.8393162393162393,0.147008547008547,0.005128205128205128,False,False,False,False,False,False,False,False
POA2081,2081,5394.0,41.0,2698.0,3.0,488.0,888.0,179.0,0.0,1551.0,2876.0,89.0,2966.0,1242.0,67.0,4264.0,1508.0,247.0,16.0,1769.0,2021,1376.0,0.6744840525328331,0.030006743088334457,0.6955909943714822,0.31463571889103803,0.5725338491295938,0.8871695680206318,0.1154094132817537,0.8524590163934426,0.13962690785754664,0.009044657998869417,False,False,False,False,False,False,False,False
POA2082,2082,5458.0,42.0,2449.0,2.9,524.0,870.0,168.0,12.0,1574.0,2793.0,86.0,2880.0,1340.0,70.0,4297.0,1541.0,277.0,20.0,1838.0,2021,1394.0,0.6499883639748661,0.029861111111111113,0.670235047707703,0.33290978398983484,0.5527318932655655,0.8856416772554002,0.10673443456162643,0.838411316648531,0.15070729053318824,0.01088139281828074,False,False,False,False,False,False,False,False
POA2083,2083,1665.0,51.0,1950.0,2.3,229.0,188.0,52.0,7.0,479.0,843.0,30.0,871.0,496.0,88.0,1453.0,470.0,193.0,16.0,679.0,2021,417.0,0.5801789401238816,0.03444316877152698,0.5994494150034412,0.4780793319415449,0.3924843423799583,0.8705636743215032,0.10855949895615867,0.6921944035346097,0.28424153166421207,0.023564064801178203,False,False,False,False,False,False,False,False
POA2084,2084,3759.0,47.0,2882.0,3.0,404.0,551.0,80.0,6.0,1035.0,1802.0,46.0,1852.0,1151.0,94.0,3097.0,989.0,182.0,23.0,1192.0,2021,955.0,0.5818534065224411,0.024838012958963283,0.5979980626412658,0.3903381642512077,0.5323671497584541,0.9227053140096618,0.07729468599033816,0.8296979865771812,0.15268456375838926,0.01929530201342282,False,False,False,False,False,False,False,False
POA2085,2085,11452.0,46.0,2770.0,2.9,1062.0,1770.0,346.0,16.0,3203.0,5450.0,165.0,5620.0,3523.0,167.0,9308.0,3091.0,654.0,36.0,3780.0,2021,2832.0,0.5855178341211861,0.029359430604982206,0.603781693167168,0.3315641586013113,0.5526069310021855,0.8841710896034968,0.10802372775522948,0.8177248677248677,0.173015873015873,0.009523809523809525,False,False,False,False,False,False,False,False
POA2086,2086,14214.0,40.0,3107.0,3.2,1099.0,2410.0,407.0,28.0,3944.0,7178.0,239.0,7423.0,3420.0,225.0,11066.0,3792.0,539.0,62.0,4401.0,2021,3509.0,0.6486535333453822,0.03219722484170821,0.6707934212904392,0.27865111561866124,0.6110547667342799,0.8897058823529411,0.1031947261663286,0.8616223585548739,0.12247216541695069,0.014087707339241081,False,False,False,False,False,False,False,False
POA2087,2087,13161.0,43.0,2794.0,3.0,999.0,2146.0,424.0,31.0,3593.0,6214.0,212.0,6423.0,3604.0,326.0,10358.0,3480.0,789.0,38.0,4307.0,2021,3145.0,0.5999227650125507,0.03300638330997976,0.6201004054836841,0.278040634567214,0.5972724742554968,0.8753131088227109,0.11800723629279154,0.8079869979103784,0.1831901555607151,0.008822846528906431,False,False,False,False,False,False,False,False
POA2088,2088,28329.0,45.0,2892.0,2.3,3382.0,3388.0,862.0,95.0,7723.0,14153.0,522.0,14676.0,8220.0,822.0,23719.0,7620.0,3658.0,261.0,11544.0,2021,6770.0,0.5966946329946456,0.03556827473426002,0.6187444664614866,0.43791272821442445,0.4386896283827528,0.8766023565971772,0.11161465751650913,0.66008316008316,0.3168745668745669,0.02260914760914761,False,False,False,False,False,False,False,False
POA2089,2089,11491.0,38.0,2469.0,2.0,1540.0,970.0,382.0,64.0,2961.0,6908.0,267.0,7180.0,2387.0,440.0,10007.0,2939.0,2124.0,318.0,5375.0,2021,2510.0,0.6903167782552213,0.03718662952646239,0.7174977515738983,0.5200945626477541,0.3275920297196893,0.8476865923674435,0.12901046943600136,0.5467906976744186,0.3951627906976744,0.05916279069767442,False,False,False,False,False,False,False,False
POA2090,2090,13533.0,41.0,2537.0,2.1,1788.0,1366.0,427.0,71.0,3660.0,7678.0,275.0,7961.0,3188.0,407.0,11558.0,3622.0,2284.0,266.0,6169.0,2021,3154.0,0.6643017823152795,0.034543399070468536,0.6887869873680568,0.4885245901639344,0.373224043715847,0.8617486338797814,0.11666666666666667,0.5871291943588912,0.3702382882152699,0.04311881990598152,False,False,False,False,False,False,False,False
POA2092,2092,7384.0,42.0,4184.0,3.1,563.0,1229.0,204.0,13.0,2009.0,3484.0,114.0,3602.0,1869.0,205.0,5672.0,1964.0,260.0,36.0,2267.0,2021,1792.0,0.6142454160789845,0.03164908384230983,0.635049365303244,0.280238924838228,0.611747137879542,0.89198606271777,0.101543056246889,0.8663431848257609,0.11468901632112924,0.015880017644464048,False,False,False,False,False,False,False,False
POA2093,2093,23555.0,40.0,2954.0,2.7,2130.0,3500.0,775.0,66.0,6479.0,12173.0,405.0,12587.0,5434.0,502.0,18517.0,6354.0,1780.0,259.0,8394.0,2021,5630.0,0.6573959064643301,0.032176054659569395,0.6797537398066641,0.32875443741318106,0.5402068220404384,0.8689612594536194,0.11961722488038277,0.7569692637598284,0.212056230640934,0.03085537288539433,False,False,False,False,False,False,False,False
POA2094,2094,6141.0,39.0,3251.0,2.4,728.0,783.0,170.0,15.0,1698.0,3444.0,115.0,3563.0,1344.0,180.0,5083.0,1682.0,572.0,152.0,2407.0,2021,1511.0,0.6775526264017313,0.03227617176536626,0.7009639976391895,0.4287396937573616,0.46113074204946997,0.8898704358068316,0.10011778563015312,0.6987951807228916,0.23764021603656002,0.06314914831740756,False,False,False,False,False,False,False,False
POA2095,2095,16296.0,38.0,3164.0,2.2,2305.0,1529.0,389.0,41.0,4270.0,9451.0,348.0,9793.0,3620.0,700.0,14116.0,4252.0,2198.0,528.0,6973.0,2021,3834.0,0.669523944460187,0.03553558664352088,0.6937517710399547,0.5398126463700235,0.35807962529274007,0.8978922716627634,0.09110070257611241,0.6097805822458052,0.31521583249677326,0.07572063674171806,False,False,False,False,False,False,False,False
POA2096,2096,14955.0,37.0,2901.0,2.5,1797.0,1862.0,442.0,49.0,4151.0,8688.0,250.0,8935.0,2979.0,396.0,12308.0,4076.0,1408.0,329.0,5811.0,2021,3659.0,0.7058823529411765,0.027979854504756575,0.7259506012349691,0.43290773307636715,0.448566610455312,0.8814743435316791,0.10648036617682487,0.7014283255893994,0.24229908793667182,0.05661676131474789,False,False,False,False,False,False,False,False
POA2097,2097,15991.0,41.0,2702.0,2.8,1530.0,2301.0,522.0,54.0,4405.0,8471.0,241.0,8715.0,3866.0,417.0,12995.0,4247.0,1016.0,145.0,5413.0,2021,3831.0,0.6518661023470566,0.027653471026965002,0.6706425548287803,0.3473325766174801,0.522360953461975,0.8696935300794552,0.1185017026106697,0.7845926473305006,0.18769628671716238,0.026787363753925736,False,False,False,False,False,False,False,False
POA2099,2099,42917.0,38.0,2187.0,2.5,4436.0,5443.0,1671.0,172.0,11721.0,23226.0,847.0,24075.0,9901.0,1458.0,35433.0,11336.0,4274.0,706.0,16318.0,2021,9879.0,0.655490644314622,0.03518172377985462,0.6794513589027178,0.37846600119443735,0.464380172340244,0.8428461735346814,0.14256462759150243,0.6946929770805246,0.26191935286187035,0.04326510601789435,False,False,False,False,False,False,False,False
POA2100,2100,21973.0,40.0,2719.0,2.9,1844.0,3300.0,729.0,51.0,5927.0,11455.0,373.0,11831.0,5028.0,694.0,17554.0,5677.0,1359.0,176.0,7211.0,2021,5144.0,0.6525578215791272,0.03152734341982926,0.6739774410390794,0.31111860975198247,0.5567740846971486,0.8678926944491311,0.12299645689218829,0.7872694494522258,0.188462071834697,0.024407155734294826,False,False,False,False,False,False,False,False
POA2101,2101,19885.0,43.0,2231.0,2.5,2013.0,2541.0,745.0,57.0,5363.0,9996.0,279.0,10274.0,5388.0,745.0,16413.0,5166.0,1971.0,188.0,7328.0,2021,4554.0,0.6090294278925242,0.02715592758419311,0.6259672211052215,0.37534961775125864,0.4738019765056871,0.8491515942569458,0.13891478650009323,0.704967248908297,0.2689683406113537,0.025655021834061136,False,False,False,False,False,False,False,False
POA2102,2102,8379.0,41.0,2598.0,2.9,708.0,1218.0,341.0,16.0,2288.0,4136.0,112.0,4253.0,1838.0,459.0,6545.0,2223.0,468.0,29.0,2712.0,2021,1926.0,0.6319327731092437,0.02633435222196097,0.6498090145148969,0.3094405594405594,0.5323426573426573,0.8417832167832168,0.14903846153846154,0.8196902654867256,0.17256637168141592,0.010693215339233038,False,False,False,False,False,False,False,False
POA2103,2103,10877.0,46.0,2296.0,2.6,1279.0,1360.0,372.0,25.0,3034.0,5337.0,194.0,5535.0,3034.0,514.0,9083.0,2945.0,939.0,81.0,3974.0,2021,2639.0,0.5875811956402069,0.03504968383017164,0.6093801607398437,0.4215557020435069,0.44825313117996046,0.8698088332234674,0.12261041529334213,0.741066935078007,0.23628585807750377,0.02038248616004026,False,False,False,False,False,False,False,False
POA2104,2104,3807.0,58.0,1885.0,2.3,526.0,431.0,74.0,12.0,1041.0,1449.0,58.0,1505.0,1657.0,177.0,3345.0,997.0,533.0,15.0,1544.0,2021,957.0,0.43318385650224217,0.038538205980066444,0.4499252615844544,0.505283381364073,0.4140249759846302,0.9193083573487032,0.07108549471661864,0.6457253886010362,0.34520725388601037,0.009715025906735751,False,False,False,False,False,False,False,False
POA2105,2105,2008.0,52.0,2601.0,2.5,280.0,256.0,47.0,7.0,593.0,956.0,32.0,990.0,653.0,96.0,1733.0,581.0,152.0,6.0,739.0,2021,536.0,0.5516445470282747,0.03232323232323232,0.571263704558569,0.47217537942664417,0.4317032040472175,0.9038785834738617,0.07925801011804384,0.7861975642760487,0.20568335588633288,0.008119079837618403,False,False,False,False,False,False,False,False
POA2106,2106,9659.0,46.0,2479.0,2.6,1161.0,1257.0,321.0,24.0,2768.0,5166.0,171.0,5334.0,2488.0,293.0,8116.0,2687.0,807.0,90.0,3584.0,2021,2418.0,0.6365204534253327,0.032058492688413945,0.6572203055692459,0.4194364161849711,0.4541184971098266,0.8735549132947977,0.11596820809248555,0.7497209821428571,0.22516741071428573,0.025111607142857144,False,False,False,False,False,False,False,False
POA2107,2107,15422.0,47.0,2627.0,2.8,1821.0,2099.0,463.0,18.0,4407.0,7359.0,261.0,7619.0,4483.0,437.0,12537.0,4267.0,971.0,75.0,5316.0,2021,3920.0,0.5869825317061498,0.03425646410290064,0.6077211454095877,0.4132062627637849,0.4762877240753347,0.8894939868391196,0.10506013160880417,0.8026711813393529,0.1826561324303988,0.014108352144469526,False,False,False,False,False,False,False,False
POA2108,2108,1740.0,58.0,2702.0,2.3,298.0,161.0,56.0,7.0,520.0,775.0,29.0,807.0,666.0,91.0,1561.0,511.0,179.0,11.0,704.0,2021,459.0,0.4964766175528507,0.03593556381660471,0.5169762972453555,0.573076923076923,0.3096153846153846,0.8826923076923077,0.1076923076923077,0.7258522727272727,0.25426136363636365,0.015625,False,False,False,False,False,False,False,False
POA2110,2110,9846.0,46.0,3368.0,2.7,868.0,1334.0,253.0,18.0,2469.0,4375.0,150.0,4523.0,2921.0,675.0,8119.0,2421.0,735.0,51.0,3206.0,2021,2202.0,0.5388594654514103,0.033163829316825114,0.5570883113683951,0.351559335763467,0.5402997164844067,0.8918590522478737,0.10247063588497367,0.7551466001247661,0.2292576419213974,0.015907673112913287,False,False,False,False,False,False,False,False
POA2111,2111,15456.0,40.0,2315.0,2.4,1628.0,1987.0,537.0,73.0,4219.0,8232.0,288.0,8522.0,3796.0,535.0,12850.0,4139.0,1897.0,132.0,6165.0,2021,3615.0,0.6406225680933852,0.03379488383008684,0.6631906614785992,0.3858734297226831,0.4709646835743067,0.8568381132969898,0.12728134629059018,0.6713706407137064,0.30770478507704785,0.02141119221411192,False,False,False,False,False,False,False,False
POA2112,2112,38026.0,37.0,2094.0,2.5,3792.0,5135.0,1304.0,218.0,10450.0,19244.0,930.0,20171.0,9854.0,1419.0,31444.0,10142.0,3694.0,539.0,14376.0,2021,8927.0,0.6120086502989441,0.0461057954489118,0.6414896323622948,0.3628708133971292,0.49138755980861243,0.8542583732057416,0.12478468899521532,0.7054813578185866,0.25695603784084586,0.037493043962159155,False,False,False,False,False,False,False,False
POA2113,2113,27637.0,34.0,2156.0,2.4,3109.0,3187.0,823.0,191.0,7307.0,14674.0,905.0,15579.0,6720.0,1216.0,23514.0,7145.0,2886.0,579.0,10611.0,2021,6296.0,0.6240537552096623,0.0580910199627704,0.6625414646593519,0.4254824141234433,0.4361571096209115,0.8616395237443547,0.11263172300533734,0.673357836207709,0.2719819055696918,0.05456601639807747,False,False,False,False,False,False,False,False
POA2114,2114,25267.0,37.0,2089.0,2.5,2845.0,3171.0,837.0,162.0,7016.0,13181.0,711.0,13893.0,6595.0,731.0,21221.0,6790.0,2637.0,392.0,9823.0,2021,6016.0,0.6211300127232459,0.051176851651911034,0.6546816832383017,0.4055017103762828,0.45196693272519955,0.8574686431014823,0.1192987457240593,0.6912348569683396,0.2684515931996335,0.039906342257966,False,False,False,False,False,False,False,False
POA2115,2115,12686.0,37.0,1993.0,2.8,1003.0,1801.0,534.0,49.0,3387.0,5689.0,324.0,6011.0,3634.0,587.0,10235.0,3235.0,931.0,108.0,4274.0,2021,2804.0,0.555837811431363,0.05390118116785893,0.5872984855886664,0.29613227044582224,0.5317390020667258,0.827871272512548,0.15766164747564215,0.756902199344876,0.21782873186710341,0.02526906878802059,False,False,False,False,False,False,False,False
POA2116,2116,7274.0,37.0,1871.0,2.8,561.0,1008.0,329.0,30.0,1932.0,3314.0,204.0,3510.0,2047.0,326.0,5883.0,1853.0,574.0,95.0,2524.0,2021,1569.0,0.5633180350161482,0.05811965811965812,0.5966343702192759,0.29037267080745344,0.5217391304347826,0.812111801242236,0.17028985507246377,0.7341521394611727,0.22741679873217116,0.03763866877971474,False,False,False,False,False,False,False,False
POA2117,2117,22185.0,39.0,1861.0,2.8,1799.0,3111.0,930.0,86.0,5926.0,9687.0,496.0,10183.0,7002.0,842.0,18028.0,5658.0,1696.0,212.0,7568.0,2021,4910.0,0.5373308187264255,0.04870863203378179,0.5648435766585311,0.30357745528180896,0.5249746878164023,0.8285521430982112,0.15693553830577117,0.7476215644820295,0.22410147991543342,0.028012684989429177,False,False,False,False,False,False,False,False
POA2118,2118,27888.0,38.0,2084.0,3.0,2339.0,4493.0,1030.0,107.0,7972.0,12221.0,670.0,12891.0,8467.0,705.0,22057.0,7546.0,1283.0,214.0,9049.0,2021,6832.0,0.5540644693294645,0.051974245597703826,0.5844403137326019,0.29340190667335675,0.5635975915704967,0.8569994982438535,0.12920220772704466,0.8339042988175489,0.14178362249972373,0.023649021991380262,False,False,False,False,False,False,False,False
POA2119,2119,12458.0,44.0,3070.0,3.0,1189.0,2025.0,312.0,19.0,3547.0,5907.0,257.0,6165.0,3582.0,347.0,10099.0,3432.0,590.0,36.0,4058.0,2021,3214.0,0.584909396969997,0.041686942416869426,0.6104564808396871,0.3352128559345926,0.5709049901325064,0.906117846067099,0.08796165773893432,0.8457368161655988,0.14539181862986694,0.008871365204534253,False,False,False,False,False,False,False,False
POA2120,2120,20988.0,42.0,2643.0,2.9,1908.0,3283.0,733.0,57.0,5989.0,10521.0,475.0,10998.0,5550.0,421.0,16969.0,5783.0,1174.0,130.0,7092.0,2021,5191.0,0.6200129648181979,0.04318967084924532,0.6481230479108964,0.3185840707964602,0.5481716480213725,0.8667557188178326,0.12239105025880781,0.8154258319232939,0.1655386350817823,0.01833051325437112,False,False,False,False,False,False,False,False
POA2121,2121,34209.0,37.0,2304.0,2.8,3216.0,5240.0,1141.0,138.0,9738.0,16718.0,932.0,17648.0,9278.0,789.0,27722.0,9362.0,2005.0,473.0,11837.0,2021,8456.0,0.6030589423562513,0.0528105167724388,0.6366063054613664,0.3302526186075169,0.5380981721092627,0.8683507907167797,0.11716985007188334,0.7909098589169553,0.1693841344935372,0.03995944918475965,False,False,False,False,False,False,False,False
POA2122,2122,31187.0,39.0,1944.0,2.6,3132.0,4035.0,1075.0,152.0,8389.0,14373.0,863.0,15235.0,9915.0,1140.0,26287.0,8015.0,2626.0,618.0,11255.0,2021,7167.0,0.5467721687526154,0.05664588119461766,0.579564043063111,0.37334604839671,0.480987006794612,0.854333055191322,0.1281439980927405,0.7121279431363838,0.23331852509995557,0.054908929364726786,False,False,False,False,False,False,False,False
POA2125,2125,16620.0,43.0,3078.0,3.1,1581.0,2813.0,406.0,38.0,4841.0,8216.0,325.0,8542.0,4752.0,290.0,13584.0,4611.0,602.0,44.0,5258.0,2021,4394.0,0.6048292108362779,0.038047295715289156,0.6288280329799765,0.3265854162363148,0.5810782896095847,0.9076637058458996,0.08386696963437307,0.8769494104222137,0.11449220235831115,0.008368200836820083,False,False,False,False,False,False,False,False
POA2126,2126,19082.0,43.0,2924.0,3.1,1637.0,3332.0,491.0,23.0,5489.0,9248.0,444.0,9685.0,5354.0,532.0,15571.0,5227.0,671.0,39.0,5942.0,2021,4969.0,0.5939246034294522,0.04584408879710893,0.6219895960439278,0.29823282929495354,0.6070322463108034,0.905265075605757,0.08945163053379486,0.8796701447324133,0.11292494109727365,0.006563446650959273,False,False,False,False,False,False,False,False
POA2127,2127,23198.0,33.0,2084.0,2.2,3320.0,2618.0,662.0,117.0,6718.0,13048.0,777.0,13822.0,4848.0,848.0,19524.0,6614.0,2915.0,516.0,10041.0,2021,5938.0,0.6683056750665847,0.056214730140355954,0.7079491907396025,0.49419470080381067,0.3896993152724025,0.8838940160762132,0.0985412325096755,0.6586993327357833,0.2903097301065631,0.051389303854197786,False,False,False,False,False,False,False,False
POA2128,2128,3600.0,35.0,1875.0,2.7,199.0,300.0,88.0,13.0,598.0,1060.0,71.0,1133.0,1900.0,101.0,3125.0,571.0,183.0,34.0,789.0,2021,499.0,0.3392,0.06266548984995587,0.36256,0.33277591973244147,0.5016722408026756,0.8344481605351171,0.14715719063545152,0.7237008871989861,0.23193916349809887,0.043092522179974654,False,False,False,False,False,False,False,False
POA2130,2130,7288.0,36.0,2260.0,2.1,831.0,724.0,261.0,43.0,1856.0,4318.0,191.0,4513.0,1486.0,289.0,6290.0,1844.0,1063.0,208.0,3109.0,2021,1555.0,0.6864864864864865,0.04232218036782628,0.7174880763116057,0.44773706896551724,0.3900862068965517,0.837823275862069,0.140625,0.5931167577999357,0.34191058218076553,0.06690254100997105,False,False,False,False,False,False,False,False
POA2131,2131,23012.0,36.0,1888.0,2.3,2560.0,2127.0,823.0,171.0,5678.0,11925.0,800.0,12728.0,6603.0,985.0,20315.0,5502.0,2978.0,789.0,9266.0,2021,4687.0,0.5870046763475265,0.06285355122564425,0.6265321191238001,0.4508629799225079,0.3746037337090525,0.8254667136315604,0.144945403311025,0.593783725447874,0.3213900280595726,0.08515001079214332,False,False,False,False,False,False,False,False
POA2132,2132,10755.0,42.0,2157.0,2.7,966.0,1414.0,423.0,51.0,2847.0,4995.0,245.0,5240.0,3386.0,436.0,9063.0,2702.0,838.0,152.0,3691.0,2021,2380.0,0.551142005958292,0.046755725190839696,0.5781749972415315,0.339304531085353,0.49666315419740076,0.8359676852827538,0.14857744994731295,0.7320509347060418,0.22703874288810622,0.041181251693308045,False,False,False,False,False,False,False,False
POA2133,2133,10929.0,41.0,1843.0,2.7,867.0,1528.0,474.0,62.0,2927.0,4961.0,214.0,5178.0,3472.0,365.0,9014.0,2821.0,1044.0,107.0,3966.0,2021,2395.0,0.5503660971821611,0.04132869833912708,0.5744397603727535,0.2962077212162624,0.5220362145541511,0.8182439357704134,0.16194055346771438,0.7112960161371659,0.2632375189107413,0.02697932425617751,False,False,False,False,False,False,False,False
POA2134,2134,18224.0,32.0,1671.0,2.5,1961.0,1483.0,630.0,210.0,4284.0,8467.0,767.0,9232.0,6141.0,1129.0,16497.0,4116.0,1617.0,983.0,6721.0,2021,3444.0,0.5132448323937686,0.08308058925476604,0.5596169000424319,0.45774976657329597,0.346171802054155,0.803921568627451,0.14705882352941177,0.6124088677280166,0.24058919803600654,0.14625799732182712,False,False,False,False,False,False,False,False
POA2135,2135,25915.0,32.0,2262.0,2.8,2439.0,2796.0,658.0,269.0,6169.0,13347.0,959.0,14302.0,7473.0,1212.0,22989.0,5886.0,1699.0,1004.0,8581.0,2021,5235.0,0.5805820174866241,0.06705355894280521,0.6221236243420767,0.3953639163559734,0.4532339114929486,0.848597827848922,0.1066623439779543,0.6859340403216408,0.19799557161170026,0.11700268034028669,False,False,False,False,False,False,False,False
POA2136,2136,7763.0,39.0,1943.0,2.7,650.0,1079.0,356.0,37.0,2123.0,3610.0,224.0,3832.0,2297.0,349.0,6476.0,2045.0,595.0,96.0,2732.0,2021,1729.0,0.557442865966646,0.05845511482254697,0.5917232859789994,0.30617051342439944,0.5082430522845031,0.8144135657089024,0.167687235044748,0.7485358711566618,0.2177891654465593,0.03513909224011713,False,False,False,False,False,False,False,False
POA2137,2137,27726.0,41.0,2377.0,2.6,3250.0,3572.0,1002.0,121.0,7942.0,13924.0,583.0,14504.0,7896.0,871.0,23270.0,7693.0,2266.0,325.0,10281.0,2021,6822.0,0.5983669961323592,0.04019580805295091,0.6232917920068758,0.4092168219592042,0.44976076555023925,0.8589775875094434,0.12616469403173003,0.7482735142495867,0.220406575235872,0.03161171092306196,False,False,False,False,False,False,False,False
POA2138,2138,19686.0,34.0,2248.0,2.4,2517.0,2281.0,609.0,129.0,5533.0,10556.0,583.0,11139.0,4833.0,847.0,16820.0,5412.0,1826.0,555.0,7793.0,2021,4798.0,0.6275862068965518,0.052338630038603104,0.6622473246135553,0.4549069221037412,0.4122537502259172,0.8671606723296584,0.11006687149828302,0.6944693956114462,0.2343128448607725,0.07121775952778134,False,False,False,False,False,False,False,False
POA2140,2140,20766.0,31.0,2042.0,2.6,2171.0,2290.0,599.0,210.0,5268.0,11034.0,846.0,11880.0,4568.0,1199.0,17653.0,5150.0,1640.0,854.0,7641.0,2021,4461.0,0.6250495666458958,0.07121212121212121,0.6729734322777998,0.41211085801063024,0.43470007593014426,0.8468109339407744,0.11370539104024298,0.6739955503206386,0.21463159272346552,0.1117654757230729,False,False,False,False,False,False,False,False
POA2141,2141,32425.0,34.0,1801.0,2.9,3056.0,3739.0,1254.0,281.0,8330.0,14060.0,1129.0,15190.0,10946.0,1688.0,27822.0,7817.0,1870.0,857.0,10538.0,2021,6795.0,0.5053554740852563,0.07432521395655037,0.5459708144633743,0.36686674669867947,0.448859543817527,0.8157262905162065,0.1505402160864346,0.7417916113114443,0.17745302713987474,0.08132472955019927,False,False,False,False,False,False,False,False
POA2142,2142,27993.0,31.0,1547.0,2.8,2113.0,3086.0,1035.0,210.0,6449.0,10685.0,1059.0,11740.0,9000.0,2134.0,22873.0,6111.0,2175.0,700.0,8990.0,2021,5199.0,0.467144668386307,0.09020442930153322,0.5132689196869672,0.32764769731741356,0.47852380213986667,0.8061714994572802,0.160489998449372,0.6797552836484984,0.24193548387096775,0.0778642936596218,False,False,False,False,False,False,False,False
POA2143,2143,9774.0,35.0,1561.0,3.1,663.0,1274.0,419.0,45.0,2398.0,3470.0,332.0,3804.0,3630.0,460.0,7894.0,2247.0,593.0,130.0,2969.0,2021,1937.0,0.43957436027362556,0.08727655099894847,0.4818849759310869,0.2764804003336113,0.5312760633861552,0.8077564637197665,0.17472894078398665,0.7568204782755137,0.19973054900639947,0.04378578646008757,False,False,False,False,False,False,False,False
POA2144,2144,39333.0,31.0,1533.0,3.3,2750.0,4300.0,1220.0,315.0,8583.0,13300.0,1716.0,15017.0,14371.0,3076.0,32463.0,7904.0,1824.0,1253.0,10982.0,2021,7050.0,0.4096971937282445,0.11427049344076713,0.46258817730955243,0.3204007922637772,0.5009903297215426,0.8213911219853198,0.1421414423861121,0.7197231833910035,0.16608996539792387,0.11409579311600801,False,False,False,False,False,False,False,False
POA2145,2145,87531.0,35.0,2090.0,2.9,6533.0,12850.0,3087.0,421.0,22887.0,38193.0,2480.0,40671.0,23812.0,4694.0,69180.0,22051.0,5387.0,1082.0,28521.0,2021,19383.0,0.552081526452732,0.06097710899658233,0.5879011274934952,0.28544588631100626,0.5614541005811159,0.8468999868921222,0.1348800629178136,0.7731496090599909,0.1888783703236212,0.03793695873216227,False,False,False,False,False,False,False,False
POA2146,2146,19456.0,36.0,2116.0,2.9,1512.0,2875.0,735.0,103.0,5220.0,8895.0,545.0,9440.0,5267.0,810.0,15510.0,4996.0,1119.0,242.0,6354.0,2021,4387.0,0.5735009671179884,0.057733050847457626,0.6086395873629916,0.2896551724137931,0.5507662835249042,0.8404214559386973,0.14080459770114942,0.7862763613471829,0.176109537299339,0.03808624488511174,False,False,False,False,False,False,False,False
POA2147,2147,37285.0,38.0,1925.0,2.8,3156.0,5052.0,1672.0,203.0,10075.0,16542.0,936.0,17484.0,11043.0,1643.0,30164.0,9672.0,2682.0,354.0,12716.0,2021,8208.0,0.548402068691155,0.053534660260809885,0.579631348627503,0.31325062034739454,0.501439205955335,0.8146898263027296,0.16595533498759305,0.7606165460836741,0.210915382195659,0.02783894306385656,False,False,False,False,False,False,False,False
POA2148,2148,67483.0,35.0,1800.0,2.9,5281.0,8849.0,2949.0,404.0,17489.0,29215.0,2078.0,31296.0,19635.0,3493.0,54421.0,16650.0,4485.0,907.0,22040.0,2021,14130.0,0.5368332077690597,0.06639826175869121,0.5750721228937359,0.30196123277488707,0.5059751844016239,0.807936417176511,0.16862027560180684,0.7554446460980037,0.20349364791288566,0.0411524500907441,False,False,False,False,False,False,False,False
POA2150,2150,35254.0,32.0,2055.0,2.4,3552.0,4006.0,929.0,324.0,8813.0,18480.0,1439.0,19925.0,7586.0,2094.0,29599.0,8651.0,3528.0,1444.0,13624.0,2021,7558.0,0.6243454170749012,0.07222082810539524,0.6731646339403359,0.4030409622149098,0.4545557698853966,0.8575967321003064,0.10541245886758198,0.6349823840281855,0.2589547856723429,0.10598943041691133,False,False,False,False,False,False,False,False
POA2151,2151,21204.0,38.0,1957.0,2.6,1881.0,2748.0,839.0,100.0,5571.0,9886.0,549.0,10437.0,6016.0,894.0,17345.0,5377.0,1999.0,308.0,7680.0,2021,4629.0,0.5699625252234073,0.052601322219028454,0.6017296050735083,0.3376413570274637,0.49326871297792135,0.8309100700053851,0.1506013283073057,0.7001302083333333,0.26028645833333336,0.04010416666666667,False,False,False,False,False,False,False,False
POA2152,2152,11261.0,39.0,1924.0,2.5,1096.0,1468.0,480.0,50.0,3096.0,5295.0,256.0,5553.0,3160.0,393.0,9098.0,3025.0,1196.0,131.0,4351.0,2021,2564.0,0.5819960430863926,0.04610120655501531,0.6103539239393273,0.35400516795865633,0.47416020671834624,0.8281653746770026,0.15503875968992248,0.6952424729947139,0.27487933808319925,0.030108021144564467,False,False,False,False,False,False,False,False
POA2153,2153,62610.0,39.0,2496.0,3.0,5580.0,10088.0,1948.0,140.0,17749.0,30336.0,1353.0,31692.0,16634.0,1362.0,49688.0,17045.0,3183.0,365.0,20591.0,2021,15668.0,0.6105297053614555,0.042692162059825824,0.6378199967799066,0.31438390895261703,0.5683700490168461,0.8827539579694631,0.10975266212180967,0.8277888397843718,0.15458209897528047,0.017726191054344132,False,False,False,False,False,False,False,False
POA2154,2154,40874.0,42.0,2551.0,3.0,3748.0,6423.0,1231.0,108.0,11503.0,19349.0,901.0,20255.0,11809.0,1139.0,33204.0,10955.0,2099.0,177.0,13224.0,2021,10171.0,0.5827309962655102,0.04448284374228585,0.610016865437899,0.32582804485786315,0.5583760758063114,0.8842041206641745,0.1070155611579588,0.8284180278281912,0.1587265577737447,0.01338475499092559,False,False,False,False,False,False,False,False
POA2155,2155,75699.0,35.0,3042.0,3.3,5165.0,13435.0,2128.0,143.0,20865.0,39587.0,1724.0,41311.0,14849.0,1661.0,57820.0,19895.0,2290.0,352.0,22542.0,2021,18600.0,0.6846592874437911,0.04173222628355644,0.7144759598754756,0.24754373352504194,0.6439012700694944,0.8914450035945363,0.10198897675533189,0.8825747493567563,0.10158814657084553,0.015615295892112501,False,False,False,False,False,False,False,False
POA2156,2156,13403.0,46.0,2756.0,3.1,1448.0,2001.0,306.0,15.0,3765.0,6521.0,227.0,6744.0,4057.0,287.0,11092.0,3555.0,627.0,28.0,4208.0,2021,3449.0,0.5879011900468807,0.03365954922894425,0.6080057699242697,0.3845949535192563,0.5314741035856574,0.9160690571049137,0.08127490039840637,0.844819391634981,0.1490019011406844,0.006653992395437262,False,False,False,False,False,False,False,False
POA2157,2157,4042.0,42.0,2493.0,3.2,408.0,573.0,130.0,8.0,1119.0,2058.0,54.0,2107.0,1044.0,86.0,3240.0,1028.0,154.0,24.0,1209.0,2021,981.0,0.6351851851851852,0.025628856193640248,0.6503086419753087,0.3646112600536193,0.5120643431635389,0.8766756032171582,0.1161751563896336,0.8502894954507858,0.1273779983457403,0.019851116625310174,False,False,False,False,False,False,False,False
POA2158,2158,8937.0,45.0,2548.0,3.0,830.0,1318.0,268.0,18.0,2435.0,4173.0,155.0,4332.0,2700.0,353.0,7379.0,2274.0,477.0,37.0,2794.0,2021,2148.0,0.5655237837105299,0.03578024007386888,0.5870714188914488,0.3408624229979466,0.5412731006160164,0.8821355236139631,0.11006160164271048,0.8138869005010737,0.17072297780959197,0.013242662848962061,False,False,False,False,False,False,False,False
POA2159,2159,5148.0,46.0,2400.0,2.9,550.0,701.0,144.0,14.0,1405.0,2461.0,79.0,2538.0,1555.0,168.0,4257.0,1312.0,304.0,37.0,1658.0,2021,1251.0,0.5781066478740897,0.031126871552403467,0.5961945031712473,0.3914590747330961,0.498932384341637,0.890391459074733,0.10249110320284698,0.7913148371531966,0.18335343787696018,0.022316043425814235,False,False,False,False,False,False,False,False
POA2160,2160,39388.0,33.0,1455.0,3.0,2336.0,4809.0,1747.0,249.0,9140.0,12855.0,1316.0,14166.0,14067.0,3056.0,31293.0,8634.0,2867.0,636.0,12139.0,2021,7145.0,0.41079474642891384,0.09289848934067485,0.452689099798677,0.25557986870897154,0.5261487964989059,0.7817286652078774,0.1911378555798687,0.7112612241535546,0.23618090452261306,0.05239311310651619,False,False,False,False,False,False,False,False
POA2161,2161,34379.0,32.0,1347.0,3.2,1835.0,4136.0,1563.0,175.0,7714.0,9497.0,1073.0,10569.0,13248.0,2615.0,26427.0,7180.0,2202.0,387.0,9770.0,2021,5971.0,0.35936731373216785,0.10152332292553695,0.3999318878419798,0.23787918071039668,0.5361680062224526,0.7740471869328494,0.20261861550427793,0.7349027635619243,0.22538382804503582,0.03961105424769703,False,False,False,False,False,False,False,False
POA2162,2162,20306.0,34.0,1404.0,3.2,1027.0,2529.0,1042.0,107.0,4703.0,6033.0,512.0,6545.0,7797.0,1489.0,15829.0,4416.0,1231.0,144.0,5787.0,2021,3556.0,0.38113588982247776,0.07822765469824293,0.4134815844336345,0.21837125239209015,0.5377418668934723,0.7561131192855624,0.22156070593238358,0.7630896837739761,0.21271816139623292,0.024883359253499222,False,False,False,False,False,False,False,False
POA2163,2163,10544.0,36.0,993.0,2.8,524.0,1061.0,637.0,52.0,2278.0,2551.0,377.0,2932.0,4585.0,988.0,8503.0,2117.0,956.0,92.0,3160.0,2021,1585.0,0.3000117605550982,0.128581173260573,0.34481947547924263,0.23002633889376647,0.46575943810359965,0.6957857769973661,0.2796312554872695,0.6699367088607595,0.30253164556962026,0.02911392405063291,False,False,False,False,False,False,False,False
POA2164,2164,21273.0,38.0,1401.0,3.1,1411.0,2820.0,1137.0,95.0,5465.0,6443.0,574.0,7020.0,9087.0,950.0,17053.0,5114.0,1255.0,105.0,6473.0,2021,4231.0,0.37782208409077583,0.08176638176638176,0.4116577728258957,0.25818847209515094,0.5160109789569991,0.77419945105215,0.2080512351326624,0.7900509809979916,0.19388228024100107,0.016221226633709254,False,False,False,False,False,False,False,False
POA2165,2165,45046.0,38.0,1225.0,3.2,2651.0,5725.0,2588.0,273.0,11235.0,11460.0,1340.0,12797.0,21038.0,2793.0,36632.0,10429.0,2577.0,288.0,13296.0,2021,8376.0,0.31284123170998035,0.10471204188481675,0.34933937540947807,0.23595905651980417,0.5095683133066311,0.7455273698264352,0.23035157988429017,0.7843712394705175,0.19381768953068593,0.021660649819494584,False,False,False,False,False,False,False,False
POA2166,2166,54184.0,39.0,1325.0,3.2,3115.0,6214.0,3763.0,442.0,13536.0,16957.0,1882.0,18840.0,22963.0,3365.0,45170.0,12223.0,2911.0,626.0,15757.0,2021,9329.0,0.3754040292229356,0.09989384288747347,0.41709098959486385,0.23012706855791962,0.4590721040189125,0.6891991725768322,0.27799940898345155,0.775718728184299,0.184743288697087,0.039728374690613695,False,False,False,False,False,False,False,False
POA2167,2167,10536.0,36.0,2070.0,3.0,721.0,1587.0,421.0,47.0,2779.0,4659.0,287.0,4946.0,2703.0,689.0,8339.0,2648.0,514.0,65.0,3228.0,2021,2308.0,0.5587000839429188,0.058026688232915485,0.5931166806571532,0.2594458438287154,0.5710687297589061,0.8305145735876215,0.15149334292911118,0.8203221809169765,0.15923172242874845,0.0201363073110285,False,False,False,False,False,False,False,False
POA2168,2168,45023.0,35.0,1387.0,3.3,2333.0,5718.0,2894.0,215.0,11168.0,13789.0,1429.0,15216.0,17524.0,2507.0,35243.0,10334.0,2360.0,219.0,12916.0,2021,8051.0,0.391255000993105,0.0939143007360673,0.4317453111256136,0.20890042979942694,0.5119985673352435,0.7208989971346705,0.2591332378223496,0.8000929080210591,0.18271910808299782,0.01695571384329514,False,False,False,False,False,False,False,False
POA2170,2170,114479.0,35.0,1566.0,2.9,7470.0,15109.0,5817.0,540.0,28938.0,41534.0,3360.0,44892.0,38482.0,6966.0,90344.0,27448.0,7760.0,878.0,36089.0,2021,22579.0,0.4597316921987072,0.07484629778134189,0.4969007349685646,0.25813808832676755,0.5221162485313429,0.7802543368581104,0.20101596516690856,0.760564160824628,0.2150239685222644,0.024328742830225278,False,False,False,False,False,False,False,False
POA2171,2171,38882.0,33.0,2379.0,3.6,1936.0,6516.0,1514.0,75.0,10053.0,16775.0,918.0,17694.0,10734.0,1157.0,29586.0,9400.0,824.0,88.0,10309.0,2021,8452.0,0.5669911444602177,0.05188199389623601,0.598053133238694,0.19257932955336715,0.64816472694718,0.8407440565005471,0.15060181040485426,0.9118246192647201,0.07993015811426908,0.008536230478222911,False,False,False,False,False,False,False,False
POA2172,2172,2892.0,38.0,3185.0,3.2,278.0,515.0,56.0,3.0,843.0,1596.0,55.0,1646.0,610.0,52.0,2310.0,804.0,68.0,3.0,879.0,2021,793.0,0.6909090909090909,0.03341433778857837,0.7125541125541126,0.32977461447212336,0.6109134045077106,0.9406880189798339,0.066429418742586,0.9146757679180887,0.07736063708759955,0.0034129692832764505,False,False,False,False,False,False,False,False
POA2173,2173,14544.0,33.0,2495.0,3.2,942.0,2373.0,557.0,39.0,3902.0,7690.0,292.0,7985.0,2834.0,462.0,11284.0,3777.0,508.0,48.0,4329.0,2021,3315.0,0.6814959234314073,0.03656856606136506,0.7076391350584899,0.24141465914915428,0.6081496668375193,0.8495643259866735,0.14274730907227062,0.8724878724878725,0.11734811734811734,0.011088011088011088,False,False,False,False,False,False,False,False
POA2174,2174,12080.0,31.0,2562.0,3.4,675.0,2072.0,314.0,37.0,3099.0,5564.0,305.0,5870.0,2446.0,504.0,8822.0,2929.0,364.0,55.0,3349.0,2021,2747.0,0.6306959873044661,0.051959114139693355,0.665381999546588,0.21781219748305905,0.6686027750887383,0.8864149725717974,0.10132300742174895,0.8745894296805017,0.10868916094356525,0.01642281277993431,False,False,False,False,False,False,False,False
POA2175,2175,1790.0,45.0,2135.0,3.2,168.0,246.0,61.0,11.0,474.0,727.0,15.0,745.0,642.0,109.0,1499.0,428.0,76.0,12.0,519.0,2021,414.0,0.4849899933288859,0.020134228187919462,0.4969979986657772,0.35443037974683544,0.5189873417721519,0.8734177215189873,0.12869198312236288,0.8246628131021194,0.1464354527938343,0.023121387283236993,False,False,False,False,False,False,False,False
POA2176,2176,50022.0,41.0,1664.0,3.3,3574.0,7188.0,2405.0,233.0,13398.0,16870.0,1221.0,18086.0,21339.0,2048.0,41467.0,12399.0,1813.0,141.0,14360.0,2021,10762.0,0.40682952709383363,0.06751078182019242,0.4361540502085996,0.26675623227347367,0.5364979847738468,0.8032542170473205,0.17950440364233466,0.8634401114206128,0.12625348189415042,0.009818941504178273,False,False,False,False,False,False,False,False
POA2177,2177,17154.0,38.0,1571.0,3.3,1057.0,2255.0,1156.0,85.0,4548.0,5751.0,485.0,6232.0,7004.0,767.0,14003.0,4165.0,645.0,53.0,4862.0,2021,3312.0,0.4106977076340784,0.07782413350449294,0.4450474898236092,0.2324098504837291,0.4958223394898857,0.7282321899736148,0.2541776605101143,0.8566433566433567,0.13266145619086794,0.010900863842040313,False,False,False,False,False,False,False,False
POA2178,2178,4170.0,43.0,2214.0,3.4,347.0,555.0,145.0,16.0,1067.0,1785.0,58.0,1838.0,1398.0,247.0,3485.0,949.0,150.0,27.0,1126.0,2021,902.0,0.5121951219512195,0.031556039173014146,0.527403156384505,0.3252108716026242,0.5201499531396439,0.845360824742268,0.1358950328022493,0.8428063943161634,0.13321492007104796,0.023978685612788632,False,False,False,False,False,False,False,False
POA2179,2179,16262.0,32.0,2224.0,3.2,1319.0,2497.0,490.0,58.0,4365.0,7206.0,356.0,7558.0,3833.0,720.0,12111.0,4134.0,661.0,64.0,4861.0,2021,3816.0,0.5949962843695814,0.04710240804445621,0.6240607711997358,0.302176403207331,0.5720504009163803,0.8742268041237113,0.11225658648339061,0.8504422958239045,0.13598025097716518,0.013166015223205102,False,False,False,False,False,False,False,False
POA2190,2190,27559.0,34.0,1453.0,3.4,1321.0,3751.0,1243.0,88.0,6401.0,8149.0,721.0,8875.0,10508.0,1648.0,21031.0,5971.0,1380.0,121.0,7478.0,2021,5072.0,0.38747563121106937,0.08123943661971832,0.4219961009937711,0.20637400406186535,0.5860021871582565,0.7923761912201218,0.19418840806124044,0.7984755282161006,0.18454132120887937,0.01618079700454667,False,False,False,False,False,False,False,False
POA2191,2191,6555.0,40.0,1727.0,2.9,475.0,897.0,321.0,33.0,1723.0,2575.0,119.0,2696.0,2365.0,248.0,5309.0,1664.0,479.0,49.0,2184.0,2021,1372.0,0.4850254285176116,0.04413946587537092,0.5078169146731965,0.2756819500870575,0.5206035983749274,0.796285548461985,0.18630295995356935,0.7619047619047619,0.21932234432234432,0.022435897435897436,False,False,False,False,False,False,False,False
POA2192,2192,13781.0,38.0,1456.0,2.6,1049.0,1553.0,734.0,98.0,3433.0,5155.0,407.0,5565.0,4891.0,1107.0,11563.0,3312.0,1248.0,203.0,4760.0,2021,2602.0,0.4458185591974401,0.07313566936208446,0.48127648534117445,0.3055636469560151,0.45237401689484413,0.7579376638508593,0.21380716574424702,0.6957983193277311,0.26218487394957984,0.04264705882352941,False,False,False,False,False,False,False,False
POA2193,2193,17778.0,37.0,2022.0,2.5,1889.0,2169.0,753.0,116.0,4930.0,8623.0,421.0,9041.0,5318.0,708.0,15068.0,4768.0,1533.0,367.0,6667.0,2021,4058.0,0.5722723652774091,0.04656564539320872,0.6000132731616671,0.38316430020283976,0.43995943204868154,0.8231237322515212,0.15273833671399595,0.7151642417879106,0.22993850307484626,0.05504724763761812,False,False,False,False,False,False,False,False
POA2194,2194,26132.0,36.0,1497.0,2.6,2434.0,2605.0,1181.0,254.0,6471.0,9993.0,867.0,10864.0,9782.0,2098.0,22740.0,6194.0,2103.0,767.0,9058.0,2021,5039.0,0.43944591029023744,0.07980486008836524,0.4777484608619173,0.3761397002008963,0.4025652912996446,0.7787049915005408,0.18250656776386956,0.6838154117906823,0.23217045705453743,0.08467652903510708,False,False,False,False,False,False,False,False
POA2195,2195,27103.0,32.0,1234.0,3.1,1318.0,3594.0,920.0,174.0,6003.0,7805.0,1143.0,8946.0,9526.0,2052.0,20525.0,5726.0,1624.0,664.0,8013.0,2021,4912.0,0.3802679658952497,0.12776659959758552,0.4358587088915956,0.2195568882225554,0.5987006496751625,0.8182575378977178,0.1532567049808429,0.7145887932110321,0.20267066017721203,0.08286534381629851,False,False,False,False,False,False,False,False
POA2196,2196,33743.0,35.0,1479.0,3.1,1994.0,4455.0,1572.0,179.0,8200.0,11184.0,1063.0,12243.0,12559.0,1909.0,26706.0,7678.0,1993.0,335.0,10006.0,2021,6449.0,0.418782296113233,0.08682512456097362,0.4584363064479892,0.24317073170731707,0.5432926829268293,0.7864634146341464,0.19170731707317074,0.7673395962422547,0.199180491704977,0.03347991205276834,False,False,False,False,False,False,False,False
POA2197,2197,10121.0,34.0,1409.0,3.3,527.0,1284.0,506.0,47.0,2364.0,2951.0,278.0,3231.0,3701.0,778.0,7714.0,2221.0,487.0,48.0,2754.0,2021,1811.0,0.3825512056002074,0.08604147322810275,0.41884884625356494,0.22292724196277497,0.5431472081218274,0.7660744500846024,0.2140439932318105,0.8064633260711692,0.17683369644153957,0.017429193899782137,False,False,False,False,False,False,False,False
POA2198,2198,9843.0,36.0,1779.0,3.2,640.0,1290.0,461.0,38.0,2424.0,3338.0,156.0,3503.0,3328.0,724.0,7553.0,2306.0,400.0,32.0,2739.0,2021,1930.0,0.44194359857010457,0.04453325720810734,0.4637892228253674,0.264026402640264,0.5321782178217822,0.7962046204620462,0.1901815181518152,0.841913106973348,0.14603870025556773,0.011683096020445418,False,False,False,False,False,False,False,False
POA2199,2199,19651.0,34.0,1438.0,3.2,1150.0,2511.0,991.0,85.0,4737.0,6191.0,566.0,6758.0,7371.0,1201.0,15324.0,4435.0,1143.0,131.0,5700.0,2021,3661.0,0.40400678673975465,0.08375258952352767,0.4410075698251109,0.24276968545492927,0.5300823305889804,0.7728520160439096,0.20920413763985646,0.7780701754385965,0.2005263157894737,0.02298245614035088,False,False,False,False,False,False,False,False
POA2200,2200,48003.0,34.0,1392.0,3.0,2989.0,5969.0,2493.0,268.0,11718.0,15604.0,1633.0,17241.0,17424.0,3185.0,37856.0,11035.0,2918.0,531.0,14480.0,2021,8958.0,0.4121935756551141,0.09471608375384258,0.45543639053254437,0.25507765830346474,0.5093872674517835,0.7644649257552484,0.21274961597542244,0.762085635359116,0.2015193370165746,0.03667127071823204,False,False,False,False,False,False,False,False
POA2203,2203,13946.0,38.0,2096.0,2.2,1511.0,1414.0,599.0,73.0,3598.0,7789.0,353.0,8144.0,3195.0,629.0,11966.0,3544.0,2060.0,391.0,5990.0,2021,2925.0,0.6509276282801271,0.04334479371316306,0.6805950192211265,0.4199555308504725,0.39299610894941633,0.8129516397998888,0.16648137854363534,0.591652754590985,0.34390651085141904,0.0652754590984975,False,False,False,False,False,False,False,False
POA2204,2204,26567.0,37.0,2166.0,2.3,2887.0,2515.0,1076.0,175.0,6656.0,14408.0,703.0,15107.0,6630.0,1279.0,23018.0,6443.0,3184.0,980.0,10610.0,2021,5402.0,0.6259449126770353,0.04653471900443503,0.6563124511252063,0.43374399038461536,0.3778545673076923,0.8115985576923077,0.16165865384615385,0.6072573044297832,0.3000942507068803,0.09236569274269557,False,False,False,False,False,False,False,False
POA2205,2205,25338.0,32.0,2117.0,2.5,3219.0,2272.0,726.0,231.0,6439.0,13108.0,847.0,13954.0,6454.0,1770.0,22174.0,6203.0,2263.0,1057.0,9524.0,2021,5491.0,0.591142779832236,0.06069944102049592,0.6292955713899161,0.49992234819071285,0.35284982140083865,0.8527721695915514,0.11275042708495107,0.6513019739605208,0.2376102477950441,0.11098278034439311,False,False,False,False,False,False,False,False
POA2206,2206,19730.0,44.0,2139.0,2.8,1693.0,2802.0,830.0,68.0,5399.0,8680.0,361.0,9041.0,6526.0,881.0,16450.0,5184.0,1312.0,168.0,6666.0,2021,4495.0,0.5276595744680851,0.03992921137042363,0.5496048632218845,0.3135765882570846,0.5189849972217078,0.8325615854787923,0.1537321726245601,0.7776777677767777,0.19681968196819682,0.025202520252025202,False,False,False,False,False,False,False,False
POA2207,2207,28382.0,40.0,1938.0,2.8,2350.0,3864.0,1222.0,130.0,7564.0,12168.0,659.0,12824.0,9150.0,1369.0,23339.0,7181.0,1955.0,232.0,9367.0,2021,6214.0,0.5213590985046489,0.05138802245789145,0.5494665581215991,0.3106821787414067,0.5108408249603384,0.8215230037017451,0.16155473294553147,0.7666275221522366,0.20871143375680581,0.02476780185758514,False,False,False,False,False,False,False,False
POA2208,2208,12881.0,42.0,1898.0,2.9,1088.0,1762.0,647.0,51.0,3552.0,5417.0,272.0,5690.0,4467.0,404.0,10563.0,3386.0,804.0,97.0,4292.0,2021,2850.0,0.5128277951339582,0.04780316344463972,0.5386727255514532,0.3063063063063063,0.49605855855855857,0.8023648648648649,0.18215090090090091,0.7889095992544268,0.18732525629077354,0.022600186393289843,False,False,False,False,False,False,False,False
POA2209,2209,15825.0,40.0,1697.0,2.8,1331.0,2130.0,734.0,87.0,4284.0,6543.0,431.0,6975.0,5616.0,607.0,13198.0,4068.0,1263.0,145.0,5474.0,2021,3461.0,0.49575693286861644,0.0617921146953405,0.5284891650250038,0.3106909430438842,0.49719887955182074,0.807889822595705,0.17133520074696545,0.7431494336865181,0.2307270734380709,0.026488856412130068,False,False,False,False,False,False,False,False
POA2210,2210,33262.0,41.0,1691.0,2.7,2926.0,4286.0,1539.0,141.0,8884.0,13777.0,760.0,14530.0,11420.0,1726.0,27681.0,8499.0,2862.0,311.0,11674.0,2021,7212.0,0.4977060077309346,0.05230557467309016,0.524908782197175,0.32935614588023415,0.48244034218820353,0.8117964880684376,0.17323277802791534,0.7280280966249786,0.24516018502655473,0.026640397464450915,False,False,False,False,False,False,False,False
POA2211,2211,17610.0,40.0,1898.0,2.8,1535.0,2379.0,770.0,86.0,4773.0,7688.0,381.0,8070.0,5799.0,765.0,14630.0,4570.0,1326.0,140.0,6037.0,2021,3914.0,0.5254955570745045,0.04721189591078067,0.5516062884483938,0.32160067043787977,0.4984286612193589,0.8200293316572387,0.1613241148124869,0.7569985091933079,0.2196455192976644,0.023190326321020374,False,False,False,False,False,False,False,False
POA2212,2212,17184.0,38.0,1941.0,2.9,1282.0,2325.0,864.0,76.0,4551.0,7182.0,381.0,7558.0,5476.0,890.0,13928.0,4302.0,1149.0,135.0,5588.0,2021,3607.0,0.5156519241815049,0.050410161418364643,0.5426479035037335,0.2816963304768183,0.5108767303889256,0.7925730608657438,0.18984838497033618,0.7698639942734431,0.20561918396564066,0.024158911954187543,False,False,False,False,False,False,False,False
POA2213,2213,23290.0,39.0,2116.0,2.9,1934.0,3390.0,961.0,101.0,6384.0,10572.0,449.0,11018.0,6992.0,672.0,18690.0,6137.0,1566.0,145.0,7844.0,2021,5324.0,0.5656500802568218,0.04075149754946451,0.5895131086142322,0.30294486215538846,0.5310150375939849,0.8339598997493735,0.15053258145363407,0.7823814380418154,0.19964303926568078,0.018485466598674147,False,False,False,False,False,False,False,False
POA2214,2214,4074.0,39.0,2117.0,3.0,371.0,607.0,166.0,14.0,1151.0,1831.0,67.0,1902.0,1235.0,86.0,3220.0,1108.0,212.0,15.0,1330.0,2021,978.0,0.5686335403726708,0.035226077812828605,0.5906832298136646,0.32232841007819285,0.527367506516073,0.8496959165942659,0.14422241529105126,0.8330827067669173,0.1593984962406015,0.011278195488721804,False,False,False,False,False,False,False,False
POA2216,2216,28027.0,37.0,1792.0,2.5,2839.0,3025.0,1167.0,196.0,7231.0,13352.0,905.0,14256.0,8190.0,1552.0,24000.0,6936.0,2843.0,736.0,10516.0,2021,5864.0,0.5563333333333333,0.06348204264870931,0.594,0.3926151293043839,0.4183377126261928,0.8109528419305767,0.1613884663255428,0.6595663750475466,0.2703499429440852,0.0699885888170407,False,False,False,False,False,False,False,False
POA2217,2217,28673.0,38.0,1900.0,2.5,2806.0,3492.0,1110.0,194.0,7601.0,13692.0,814.0,14512.0,8212.0,1533.0,24255.0,7368.0,2803.0,495.0,10663.0,2021,6298.0,0.5645021645021645,0.05609151047409041,0.5983096268810555,0.3691619523746875,0.45941323510064463,0.8285751874753322,0.14603341665570319,0.6909875269623933,0.2628716121166651,0.04642220763387415,False,False,False,False,False,False,False,False
POA2218,2218,16182.0,37.0,1833.0,2.6,1573.0,2047.0,700.0,109.0,4421.0,7686.0,498.0,8180.0,4884.0,696.0,13760.0,4231.0,1345.0,288.0,5853.0,2021,3620.0,0.5585755813953488,0.060880195599022004,0.5944767441860465,0.3558018547839855,0.4630174168740104,0.818819271657996,0.15833521827640806,0.7228771570134973,0.22979668546044763,0.04920553562275756,False,False,False,False,False,False,False,False
POA2219,2219,13771.0,45.0,1856.0,2.4,1416.0,1674.0,600.0,52.0,3747.0,6183.0,296.0,6481.0,4336.0,718.0,11534.0,3628.0,1607.0,116.0,5351.0,2021,3090.0,0.5360672793480146,0.04567196420305508,0.5619039361886596,0.377902321857486,0.4467574059247398,0.8246597277822257,0.16012810248198558,0.6780041113810503,0.30031769762661187,0.021678190992337882,False,False,False,False,False,False,False,False
POA2220,2220,33761.0,34.0,1841.0,2.9,3506.0,3829.0,1328.0,306.0,8964.0,15690.0,1124.0,16809.0,10902.0,1526.0,29240.0,8422.0,2059.0,862.0,11338.0,2021,7335.0,0.536593707250342,0.06686893925873044,0.5748632010943913,0.39112003569834897,0.42715305667112896,0.8182730923694779,0.14814814814814814,0.7428117833833128,0.1816016934203563,0.07602751808079027,False,False,False,False,False,False,False,False
POA2221,2221,17065.0,42.0,2261.0,3.0,1411.0,2525.0,625.0,72.0,4628.0,7713.0,324.0,8037.0,5442.0,609.0,14084.0,4395.0,988.0,89.0,5472.0,2021,3936.0,0.547642715137745,0.040313549832026875,0.5706475433115592,0.30488331892826276,0.5455920484010371,0.8504753673293,0.13504753673293,0.8031798245614035,0.18055555555555555,0.016264619883040937,False,False,False,False,False,False,False,False
POA2222,2222,12660.0,38.0,1840.0,2.6,1211.0,1617.0,516.0,92.0,3430.0,6055.0,308.0,6370.0,3749.0,608.0,10726.0,3281.0,1156.0,157.0,4599.0,2021,2828.0,0.5645161290322581,0.04835164835164835,0.5938840201379825,0.35306122448979593,0.4714285714285714,0.8244897959183674,0.15043731778425656,0.7134159599913025,0.25135899108501847,0.03413785605566427,False,False,False,False,False,False,False,False
POA2223,2223,21403.0,40.0,2229.0,2.7,2088.0,2982.0,762.0,85.0,5926.0,10538.0,430.0,10966.0,6015.0,616.0,17596.0,5740.0,1760.0,184.0,7679.0,2021,5070.0,0.5988861104796545,0.03921211015867226,0.6232098204137304,0.352345595680054,0.503206209922376,0.8555518056024299,0.12858589267634155,0.7474931631722881,0.22919650996223467,0.023961453314233626,False,False,False,False,False,False,False,False
POA2224,2224,14559.0,45.0,2085.0,2.7,1473.0,1988.0,572.0,35.0,4075.0,6548.0,227.0,6773.0,4813.0,474.0,12063.0,3932.0,1118.0,79.0,5136.0,2021,3461.0,0.5428168780568681,0.033515428908902994,0.5614689546547293,0.3614723926380368,0.4878527607361963,0.8493251533742331,0.1403680981595092,0.7655763239875389,0.2176791277258567,0.015381619937694704,False,False,False,False,False,False,False,False
POA2225,2225,5560.0,40.0,3204.0,3.1,472.0,947.0,139.0,12.0,1572.0,2823.0,80.0,2905.0,1319.0,84.0,4308.0,1524.0,207.0,14.0,1750.0,2021,1419.0,0.6552924791086351,0.027538726333907058,0.6743268337975858,0.30025445292620867,0.6024173027989822,0.9026717557251909,0.08842239185750636,0.8708571428571429,0.11828571428571429,0.008,False,False,False,False,False,False,False,False
POA2226,2226,13054.0,40.0,2569.0,2.8,1210.0,1983.0,445.0,45.0,3673.0,6566.0,231.0,6801.0,3088.0,442.0,10340.0,3582.0,870.0,67.0,4515.0,2021,3193.0,0.6350096711798839,0.03396559329510366,0.6577369439071566,0.3294309828478083,0.5398856520555404,0.8693166349033488,0.12115436972502042,0.7933554817275748,0.19269102990033224,0.014839424141749723,False,False,False,False,False,False,False,False
POA2227,2227,15364.0,40.0,2338.0,2.7,1476.0,2255.0,583.0,51.0,4365.0,7969.0,262.0,8227.0,3779.0,340.0,12346.0,4271.0,1113.0,99.0,5477.0,2021,3731.0,0.6454722177223392,0.031846359547830314,0.666369674388466,0.33814432989690724,0.5166093928980527,0.8547537227949599,0.13356242840778923,0.779806463392368,0.20321343801351105,0.018075588825999633,False,False,False,False,False,False,False,False
POA2228,2228,21001.0,40.0,2009.0,2.5,2143.0,2612.0,885.0,91.0,5737.0,10193.0,397.0,10589.0,5971.0,761.0,17315.0,5603.0,2159.0,228.0,7990.0,2021,4755.0,0.5886803349696794,0.03749173670790443,0.6115506786023679,0.37354017779327175,0.45529022137005404,0.8288303991633258,0.1542618093080007,0.7012515644555695,0.2702127659574468,0.02853566958698373,False,False,False,False,False,False,False,False
POA2229,2229,30943.0,41.0,2235.0,2.6,3100.0,4230.0,1130.0,92.0,8551.0,15470.0,488.0,15964.0,8034.0,1055.0,25052.0,8330.0,2816.0,239.0,11383.0,2021,7330.0,0.6175155676193518,0.030568779754447505,0.6372345521315663,0.36253069816395744,0.49467898491404516,0.8572096830780026,0.13214828675008772,0.7317930246859352,0.24738645348326452,0.02099622243696741,False,False,False,False,False,False,False,False
POA2230,2230,30690.0,42.0,2199.0,2.3,3966.0,3433.0,1033.0,101.0,8534.0,16707.0,516.0,17219.0,7897.0,1128.0,26249.0,8363.0,3780.0,462.0,12608.0,2021,7399.0,0.6364813897672292,0.029966897032347988,0.6559868947388472,0.46472931802202955,0.4022732599015702,0.8670025779235997,0.12104523084134051,0.6633090101522843,0.2998096446700508,0.03664340101522843,False,False,False,False,False,False,False,False
POA2231,2231,2528.0,38.0,2161.0,3.1,200.0,362.0,111.0,4.0,676.0,1207.0,36.0,1242.0,619.0,72.0,1936.0,653.0,126.0,16.0,794.0,2021,562.0,0.6234504132231405,0.028985507246376812,0.6415289256198347,0.2958579881656805,0.5355029585798816,0.8313609467455622,0.16420118343195267,0.8224181360201511,0.15869017632241814,0.020151133501259445,False,False,False,False,False,False,False,False
POA2232,2232,35304.0,39.0,2157.0,2.5,3690.0,4641.0,1399.0,106.0,9845.0,18410.0,592.0,19006.0,8769.0,1149.0,28924.0,9640.0,3537.0,364.0,13544.0,2021,8331.0,0.6364956437560504,0.03114805850783963,0.6571013691052413,0.37480954799390553,0.4714068054850178,0.8462163534789233,0.14210259014728288,0.7117542823390431,0.2611488481984643,0.02687536916715889,False,False,False,False,False,False,False,False
POA2233,2233,29960.0,40.0,2385.0,2.9,2909.0,4560.0,1057.0,69.0,8593.0,15202.0,402.0,15603.0,7400.0,719.0,23727.0,8349.0,1653.0,115.0,10120.0,2021,7469.0,0.6407046824292999,0.025764276100749856,0.6576052598305727,0.3385313627371116,0.530664494355871,0.8691958570929826,0.12300709880134994,0.825,0.1633399209486166,0.011363636363636364,False,False,False,False,False,False,False,False
POA2234,2234,30648.0,41.0,2743.0,3.1,2997.0,4868.0,1029.0,54.0,8944.0,16000.0,494.0,16493.0,7931.0,520.0,24944.0,8587.0,1107.0,84.0,9779.0,2021,7865.0,0.6414368184733804,0.029952100891287213,0.6612010904425915,0.33508497316636854,0.5442754919499105,0.8793604651162791,0.11504919499105545,0.8781061458226812,0.1132017588710502,0.008589835361488905,False,False,False,False,False,False,False,False
POA2250,2250,71168.0,41.0,1630.0,2.5,7345.0,8108.0,3436.0,235.0,19127.0,32991.0,1611.0,34599.0,20770.0,3209.0,58575.0,18589.0,7662.0,836.0,27093.0,2021,15453.0,0.5632266325224071,0.046562039365299575,0.5906786171574904,0.384012129450515,0.4239033826527945,0.8079155121033095,0.1796413446959795,0.6861181855091721,0.2828036762263315,0.030856678846934632,False,False,False,False,False,False,False,False
POA2251,2251,33721.0,46.0,1717.0,2.6,3860.0,4177.0,1407.0,75.0,9517.0,15168.0,498.0,15660.0,10787.0,1176.0,27627.0,9253.0,3126.0,225.0,12605.0,2021,8037.0,0.5490281246606581,0.031800766283524906,0.5668367900966446,0.40558999684774616,0.4388988126510455,0.8444888094987917,0.14784070610486497,0.7340737802459342,0.24799682665608885,0.017850059500198336,False,False,False,False,False,False,False,False
POA2256,2256,16039.0,48.0,1293.0,2.2,1887.0,1450.0,900.0,83.0,4320.0,6320.0,387.0,6708.0,6117.0,839.0,13669.0,4227.0,2345.0,231.0,6802.0,2021,3337.0,0.4623600848635599,0.057692307692307696,0.4907454824786012,0.43680555555555556,0.33564814814814814,0.7724537037037037,0.20833333333333334,0.6214348720964422,0.34475154366362837,0.0339605998235813,False,False,False,False,False,False,False,False
POA2257,2257,30403.0,47.0,1390.0,2.3,3691.0,2965.0,1623.0,127.0,8402.0,12295.0,652.0,12947.0,10930.0,1482.0,25363.0,8223.0,3808.0,384.0,12410.0,2021,6656.0,0.4847612664117021,0.05035915656136557,0.5104680045735914,0.43930016662699356,0.35289216853130206,0.7921923351582957,0.19316829326350868,0.6626107977437551,0.30684931506849317,0.030942788074133764,False,False,False,False,False,False,False,False
POA2258,2258,5253.0,41.0,1960.0,2.8,571.0,675.0,231.0,24.0,1497.0,2686.0,77.0,2764.0,1353.0,182.0,4302.0,1435.0,351.0,50.0,1836.0,2021,1246.0,0.6243607624360762,0.027858176555716353,0.6424918642491865,0.38142952571810285,0.45090180360721444,0.8323313293253173,0.15430861723446893,0.7815904139433552,0.19117647058823528,0.027233115468409588,False,False,False,False,False,False,False,False
POA2259,2259,66236.0,41.0,1532.0,2.7,6858.0,7488.0,3600.0,229.0,18177.0,28464.0,1496.0,29953.0,20369.0,3271.0,53591.0,17519.0,5364.0,655.0,23528.0,2021,14346.0,0.5311339590602899,0.049944913698127064,0.5589184751170906,0.37728998184518897,0.4119491665291302,0.7892391483743192,0.19805248390823568,0.7446021761305678,0.22798367902074124,0.027839170350221012,False,False,False,False,False,False,False,False
POA2260,2260,25845.0,42.0,2161.0,2.7,2942.0,3343.0,943.0,51.0,7277.0,12538.0,394.0,12935.0,7081.0,898.0,20916.0,7050.0,1881.0,264.0,9197.0,2021,6285.0,0.5994454006502199,0.030459992269037495,0.6184260852935551,0.4042874811048509,0.45939260684347943,0.8636800879483304,0.12958636800879483,0.766554311188431,0.20452321409155158,0.028705012504077417,False,False,False,False,False,False,False,False
POA2261,2261,55129.0,42.0,1455.0,2.4,5903.0,5887.0,3094.0,207.0,15092.0,23890.0,1176.0,25062.0,17429.0,2694.0,45189.0,14615.0,5949.0,602.0,21164.0,2021,11790.0,0.5286684812675652,0.046923629399090255,0.5546039965478324,0.3911343758282534,0.39007421150278293,0.7812085873310363,0.20500927643784786,0.6905594405594405,0.2810905310905311,0.028444528444528445,False,False,False,False,False,False,False,False
POA2262,2262,21411.0,39.0,1350.0,2.5,2207.0,2134.0,1453.0,97.0,5887.0,8700.0,553.0,9254.0,6986.0,960.0,17207.0,5657.0,2151.0,259.0,8068.0,2021,4341.0,0.5056081827163363,0.059757942511346446,0.5378043819375835,0.3748938338712417,0.3624936300322745,0.7373874639035162,0.24681501613725157,0.701165096678235,0.26660882498760535,0.03210213187902826,False,False,False,False,False,False,False,False
POA2263,2263,24554.0,44.0,1157.0,2.3,2610.0,2086.0,1650.0,123.0,6470.0,9148.0,663.0,9812.0,9199.0,1424.0,20435.0,6278.0,3373.0,363.0,10010.0,2021,4696.0,0.44766332273060927,0.06757032205462699,0.4801565940787864,0.4034003091190108,0.3224111282843895,0.7258114374034003,0.2550231839258114,0.6271728271728272,0.336963036963037,0.03626373626373627,False,False,False,False,False,False,False,False
POA2264,2264,16162.0,47.0,1344.0,2.4,2043.0,1543.0,863.0,67.0,4516.0,6397.0,416.0,6811.0,6077.0,646.0,13526.0,4374.0,1709.0,196.0,6276.0,2021,3586.0,0.4729410025136774,0.061077668477462925,0.5035487209818128,0.4523914968999114,0.341674047829938,0.7940655447298495,0.19109831709477412,0.6969407265774379,0.27230720203951564,0.03123008285532186,False,False,False,False,False,False,False,False
POA2265,2265,7464.0,40.0,1648.0,2.7,846.0,908.0,276.0,15.0,2042.0,3289.0,150.0,3440.0,2336.0,223.0,5998.0,1964.0,606.0,74.0,2640.0,2021,1754.0,0.5483494498166055,0.0436046511627907,0.5735245081693898,0.41429970617042117,0.4446620959843291,0.8589618021547503,0.13516160626836435,0.7439393939393939,0.22954545454545455,0.02803030303030303,False,False,False,False,False,False,False,False
POA2267,2267,2920.0,54.0,1339.0,2.3,484.0,260.0,119.0,7.0,872.0,1139.0,54.0,1197.0,1174.0,129.0,2501.0,851.0,327.0,23.0,1199.0,2021,744.0,0.4554178328668533,0.045112781954887216,0.47860855657736906,0.555045871559633,0.2981651376146789,0.8532110091743119,0.13646788990825687,0.7097581317764804,0.2727272727272727,0.019182652210175146,False,False,False,False,False,False,False,False
POA2278,2278,2565.0,39.0,1892.0,2.8,266.0,367.0,111.0,10.0,758.0,1360.0,57.0,1424.0,630.0,40.0,2089.0,727.0,134.0,23.0,881.0,2021,633.0,0.6510292005744376,0.04002808988764045,0.681665868836764,0.35092348284960423,0.4841688654353562,0.8350923482849604,0.14643799472295516,0.8251986379114642,0.15209988649262202,0.026106696935300794,False,False,False,False,False,False,False,False
POA2280,2280,27183.0,45.0,1598.0,2.5,3277.0,3175.0,1302.0,90.0,7841.0,12461.0,564.0,13026.0,8598.0,838.0,22461.0,7645.0,2659.0,202.0,10509.0,2021,6452.0,0.5547838475579894,0.04329801934592354,0.579938560170963,0.4179313863027675,0.40492284147430174,0.8228542277770693,0.16605024869276877,0.7274716909315825,0.2530212199067466,0.01922161956418308,False,False,False,False,False,False,False,False
POA2281,2281,15323.0,49.0,1400.0,2.4,2000.0,1621.0,774.0,65.0,4454.0,6382.0,338.0,6713.0,5601.0,541.0,12859.0,4359.0,1607.0,115.0,6081.0,2021,3621.0,0.49630608912046037,0.05035006703411291,0.5220468154599891,0.449034575662326,0.3639425235743152,0.8129770992366412,0.17377638078132016,0.7168228909718797,0.2642657457654991,0.01891136326262128,False,False,False,False,False,False,False,False
POA2282,2282,16146.0,45.0,1825.0,2.5,2002.0,2004.0,640.0,49.0,4691.0,7741.0,269.0,8006.0,4944.0,387.0,13342.0,4588.0,1495.0,109.0,6190.0,2021,4006.0,0.5801978713836007,0.03359980014988759,0.6000599610253335,0.42677467490940096,0.4272010232359838,0.8539756981453848,0.13643146450650182,0.7411954765751212,0.24151857835218093,0.017609046849757674,False,False,False,False,False,False,False,False
POA2283,2283,24419.0,47.0,1441.0,2.4,3196.0,2435.0,1302.0,89.0,7022.0,10134.0,600.0,10733.0,8862.0,913.0,20511.0,6842.0,2415.0,171.0,9425.0,2021,5631.0,0.49407634927599825,0.05590235721606261,0.5232801911169617,0.4551409854742239,0.34676730276274564,0.8019082882369696,0.1854172600398747,0.7259416445623342,0.2562334217506631,0.01814323607427056,False,False,False,False,False,False,False,False
POA2284,2284,12612.0,42.0,1611.0,2.5,1341.0,1371.0,687.0,60.0,3457.0,5757.0,268.0,6029.0,3719.0,659.0,10409.0,3351.0,1263.0,145.0,4758.0,2021,2712.0,0.5530790661927178,0.04445181622159562,0.579210298779902,0.3879085912641018,0.3965866358113972,0.784495227075499,0.19872722013306335,0.7042875157629256,0.26544766708701134,0.030474989491382935,False,False,False,False,False,False,False,False
POA2285,2285,33869.0,36.0,1859.0,2.7,3287.0,4372.0,1656.0,128.0,9435.0,16917.0,762.0,17674.0,8105.0,1111.0,26887.0,9221.0,2740.0,322.0,12288.0,2021,7659.0,0.6291888273143155,0.043114179020029425,0.6573436976977721,0.3483836777954425,0.46338102808691045,0.8117647058823529,0.17551669316375199,0.7504069010416666,0.22298177083333334,0.026204427083333332,False,False,False,False,False,False,False,False
POA2286,2286,4690.0,37.0,1695.0,2.7,534.0,574.0,233.0,15.0,1355.0,2275.0,82.0,2358.0,1275.0,143.0,3768.0,1312.0,331.0,50.0,1699.0,2021,1108.0,0.6037685774946921,0.03477523324851569,0.6257961783439491,0.3940959409594096,0.4236162361623616,0.8177121771217712,0.17195571955719557,0.772218952324897,0.1948204826368452,0.02942907592701589,False,False,False,False,False,False,False,False
POA2287,2287,40845.0,36.0,1746.0,2.6,3883.0,4940.0,1922.0,180.0,10922.0,19901.0,1062.0,20963.0,10724.0,1389.0,33083.0,10658.0,3389.0,761.0,14815.0,2021,8823.0,0.601547622646072,0.05066068787864332,0.6336487017501435,0.3555209668558872,0.4522981138985534,0.8078190807544405,0.1759750961362388,0.7194060074249072,0.2287546405669929,0.05136685791427607,False,False,False,False,False,False,False,False
POA2289,2289,20257.0,38.0,2115.0,2.6,2021.0,2622.0,803.0,98.0,5543.0,10636.0,418.0,11055.0,4726.0,473.0,16253.0,5449.0,1687.0,318.0,7457.0,2021,4643.0,0.6544022641973789,0.03781094527363184,0.6801821202239586,0.3646040050514162,0.4730290456431535,0.8376330506945697,0.14486740032473389,0.7307228107818158,0.22623038755531716,0.042644495105270214,False,False,False,False,False,False,False,False
POA2290,2290,34912.0,40.0,1771.0,2.5,3595.0,4144.0,1745.0,115.0,9592.0,16967.0,736.0,17699.0,9453.0,1151.0,28305.0,9381.0,3475.0,423.0,13282.0,2021,7739.0,0.5994347288464935,0.04158427029775694,0.6252958841194135,0.37479149291075897,0.43202668890742285,0.8068181818181818,0.18192243536280234,0.7062942327962656,0.26163228429453395,0.03184761331124831,False,False,False,False,False,False,False,False
POA2291,2291,14279.0,40.0,2302.0,2.5,1573.0,1680.0,411.0,53.0,3713.0,7839.0,268.0,8106.0,3403.0,349.0,11856.0,3661.0,1443.0,364.0,5475.0,2021,3253.0,0.6611842105263158,0.03306192943498643,0.6837044534412956,0.4236466469162402,0.45246431457042824,0.8761109614866684,0.11069216267169404,0.668675799086758,0.2635616438356164,0.06648401826484018,False,False,False,False,False,False,False,False
POA2292,2292,2622.0,35.0,1761.0,2.3,253.0,240.0,129.0,18.0,646.0,1446.0,80.0,1526.0,568.0,129.0,2222.0,642.0,344.0,96.0,1078.0,2021,493.0,0.6507650765076508,0.05242463958060288,0.6867686768676867,0.39164086687306504,0.3715170278637771,0.7631578947368421,0.1996904024767802,0.5955473098330241,0.31910946196660483,0.08905380333951762,False,False,False,False,False,False,False,False
POA2293,2293,3302.0,35.0,1970.0,2.1,449.0,250.0,123.0,20.0,843.0,2040.0,73.0,2116.0,696.0,97.0,2907.0,840.0,502.0,155.0,1504.0,2021,699.0,0.7017543859649122,0.03449905482041588,0.7278981768145855,0.5326215895610913,0.29655990510083036,0.8291814946619217,0.14590747330960854,0.5585106382978723,0.3337765957446808,0.10305851063829788,False,False,False,False,False,False,False,False
POA2294,2294,2061.0,36.0,1766.0,2.2,242.0,168.0,99.0,4.0,517.0,1105.0,62.0,1173.0,483.0,87.0,1745.0,508.0,270.0,78.0,856.0,2021,410.0,0.6332378223495702,0.05285592497868713,0.6722063037249284,0.46808510638297873,0.32495164410058025,0.793036750483559,0.19148936170212766,0.5934579439252337,0.31542056074766356,0.0911214953271028,False,False,False,False,False,False,False,False
POA2295,2295,8091.0,45.0,1481.0,2.3,1022.0,862.0,325.0,29.0,2236.0,3358.0,169.0,3529.0,2680.0,469.0,6675.0,2182.0,974.0,81.0,3243.0,2021,1884.0,0.5030711610486891,0.04788892037404364,0.528689138576779,0.45706618962432916,0.3855098389982111,0.8425760286225402,0.14534883720930233,0.6728337958680234,0.3003391921060746,0.02497687326549491,False,False,False,False,False,False,False,False
POA2296,2296,2026.0,35.0,1828.0,2.1,223.0,164.0,92.0,16.0,494.0,1242.0,66.0,1305.0,396.0,53.0,1759.0,488.0,304.0,114.0,909.0,2021,387.0,0.7060830017055145,0.05057471264367816,0.7418988061398522,0.451417004048583,0.3319838056680162,0.7834008097165992,0.1862348178137652,0.5368536853685368,0.33443344334433445,0.1254125412541254,False,False,False,False,False,False,False,False
POA2297,2297,1801.0,36.0,2084.0,2.4,199.0,175.0,87.0,8.0,470.0,1025.0,53.0,1080.0,360.0,64.0,1502.0,459.0,160.0,62.0,683.0,2021,374.0,0.6824234354194407,0.049074074074074076,0.7190412782956058,0.42340425531914894,0.3723404255319149,0.7957446808510639,0.1851063829787234,0.6720351390922401,0.2342606149341142,0.09077598828696926,False,False,False,False,False,False,False,False
POA2298,2298,10141.0,36.0,1617.0,2.3,997.0,821.0,497.0,66.0,2379.0,5128.0,271.0,5399.0,2711.0,663.0,8772.0,2344.0,1232.0,381.0,3953.0,2021,1818.0,0.5845873233014136,0.050194480459344326,0.6154810761513908,0.4190836485918453,0.34510298444724674,0.7641866330390921,0.208911307271963,0.5929673665570453,0.3116620288388566,0.09638249430812042,False,False,False,False,False,False,False,False
POA2299,2299,11905.0,34.0,1486.0,2.4,1054.0,1141.0,597.0,72.0,2856.0,5635.0,371.0,6011.0,3192.0,684.0,9880.0,2811.0,1338.0,371.0,4520.0,2021,2195.0,0.5703441295546559,0.06172017967060389,0.6084008097165992,0.36904761904761907,0.39950980392156865,0.7685574229691877,0.20903361344537816,0.6219026548672566,0.2960176991150443,0.08207964601769911,False,False,False,False,False,False,False,False
POA2300,2300,12058.0,38.0,1933.0,1.9,1640.0,753.0,367.0,53.0,2812.0,7142.0,328.0,7475.0,2846.0,583.0,10901.0,2808.0,2309.0,594.0,5703.0,2021,2393.0,0.6551692505274745,0.04387959866220736,0.6857169067058068,0.5832147937411095,0.2677809388335704,0.85099573257468,0.13051209103840683,0.49237243556023147,0.40487462738909347,0.10415570752235666,False,False,False,False,False,False,False,False
POA2302,2302,1411.0,42.0,1684.0,1.7,225.0,68.0,25.0,3.0,332.0,764.0,33.0,795.0,477.0,60.0,1332.0,329.0,369.0,58.0,749.0,2021,293.0,0.5735735735735735,0.04150943396226415,0.5968468468468469,0.677710843373494,0.20481927710843373,0.8825301204819277,0.07530120481927711,0.4392523364485981,0.49265687583444595,0.0774365821094793,False,False,False,False,False,False,False,False
POA2303,2303,9710.0,42.0,1654.0,2.2,959.0,917.0,374.0,51.0,2299.0,4754.0,270.0,5020.0,2705.0,601.0,8329.0,2264.0,1389.0,321.0,3970.0,2021,1876.0,0.5707768039380477,0.053784860557768925,0.6027134109737063,0.4171378860374076,0.3988690735102218,0.8160069595476294,0.16267942583732056,0.5702770780856423,0.3498740554156171,0.08085642317380352,False,False,False,False,False,False,False,False
POA2304,2304,15807.0,37.0,1591.0,2.2,1601.0,1418.0,775.0,104.0,3896.0,7827.0,428.0,8254.0,4281.0,802.0,13334.0,3834.0,2122.0,479.0,6431.0,2021,3019.0,0.5869956502174891,0.0518536467167434,0.6190190490475477,0.41093429158110883,0.3639630390143737,0.7748973305954825,0.19892197125256675,0.5961747784170425,0.32996423573316747,0.07448297309905147,False,False,False,False,False,False,False,False
POA2305,2305,13108.0,41.0,1992.0,2.5,1231.0,1632.0,615.0,53.0,3529.0,6763.0,247.0,7007.0,3201.0,393.0,10598.0,3472.0,1353.0,191.0,5017.0,2021,2863.0,0.6381392715606719,0.03525046382189239,0.6611624834874504,0.3488240294701048,0.4624539529611788,0.8112779824312837,0.17427033153867952,0.6920470400637831,0.2696830775363763,0.03807056009567471,False,False,False,False,False,False,False,False
POA2306,2306,3421.0,37.0,775.0,2.3,210.0,193.0,357.0,28.0,793.0,793.0,131.0,921.0,1378.0,367.0,2659.0,766.0,506.0,49.0,1321.0,2021,403.0,0.2982324182023317,0.14223669923995658,0.3463708160962768,0.2648171500630517,0.24337957124842372,0.5081967213114754,0.4501891551071879,0.5798637395912187,0.38304314912944737,0.03709311127933384,False,False,False,False,False,False,False,False
POA2307,2307,4537.0,33.0,1344.0,2.3,533.0,373.0,245.0,35.0,1183.0,2100.0,143.0,2245.0,1377.0,215.0,3835.0,1157.0,551.0,155.0,1866.0,2021,906.0,0.5475880052151239,0.06369710467706013,0.5853976531942634,0.45054945054945056,0.3153000845308538,0.7658495350803043,0.20710059171597633,0.620042872454448,0.2952840300107181,0.08306538049303322,False,False,False,False,False,False,False,False
POA2308,2308,1358.0,20.0,0.0,,0.0,0.0,0.0,0.0,0.0,493.0,108.0,599.0,382.0,371.0,1358.0,0.0,0.0,0.0,0.0,2021,0.0,0.3630338733431517,0.18030050083472454,0.4410898379970545,,,,,,,,False,False,True,True,True,False,True,False
POA2311,2311,913.0,46.0,1346.0,2.4,124.0,96.0,37.0,3.0,263.0,411.0,15.0,428.0,277.0,34.0,738.0,257.0,92.0,5.0,357.0,2021,220.0,0.556910569105691,0.035046728971962614,0.5799457994579946,0.4714828897338403,0.3650190114068441,0.8365019011406845,0.14068441064638784,0.7198879551820728,0.25770308123249297,0.014005602240896359,False,False,False,False,False,False,False,False
POA2312,2312,1500.0,49.0,1266.0,2.6,199.0,153.0,78.0,6.0,436.0,613.0,32.0,648.0,534.0,58.0,1240.0,418.0,100.0,20.0,541.0,2021,352.0,0.49435483870967745,0.04938271604938271,0.5225806451612903,0.45642201834862384,0.35091743119266056,0.8073394495412844,0.17889908256880735,0.7726432532347505,0.18484288354898337,0.036968576709796676,False,False,False,False,False,False,False,False
POA2315,2315,15287.0,54.0,1310.0,2.2,2424.0,1296.0,655.0,33.0,4408.0,5942.0,299.0,6237.0,6281.0,748.0,13270.0,4323.0,1812.0,167.0,6297.0,2021,3720.0,0.4477769404672193,0.04793971460638127,0.47000753579502635,0.5499092558983666,0.294010889292196,0.8439201451905626,0.1485934664246824,0.6865173892329681,0.2877560743211053,0.02652056534857869,False,False,False,False,False,False,False,False
POA2316,2316,6577.0,52.0,1287.0,2.4,987.0,651.0,255.0,14.0,1909.0,2656.0,127.0,2783.0,2496.0,338.0,5618.0,1855.0,656.0,62.0,2570.0,2021,1638.0,0.47276610893556426,0.04563420768954366,0.49537201851192597,0.5170246202200105,0.34101623886851756,0.858040859088528,0.13357778941854373,0.7217898832684825,0.2552529182879377,0.024124513618677044,False,False,False,False,False,False,False,False
POA2317,2317,6553.0,57.0,1169.0,2.2,1052.0,536.0,280.0,28.0,1888.0,2392.0,113.0,2512.0,2906.0,305.0,5722.0,1853.0,928.0,50.0,2828.0,2021,1588.0,0.41803565186997554,0.044984076433121016,0.43900734009087733,0.5572033898305084,0.2838983050847458,0.8411016949152542,0.1483050847457627,0.6552333804809052,0.32814710042432815,0.01768033946251768,False,False,False,False,False,False,False,False
POA2318,2318,13667.0,40.0,1844.0,2.8,1591.0,1758.0,555.0,29.0,3927.0,6361.0,284.0,6642.0,3719.0,463.0,10824.0,3770.0,814.0,65.0,4650.0,2021,3349.0,0.5876755358462675,0.042758205359831374,0.6136363636363636,0.405143875732111,0.4476699770817418,0.8528138528138528,0.1413292589763178,0.810752688172043,0.1750537634408602,0.013978494623655914,False,False,False,False,False,False,False,False
POA2319,2319,6887.0,50.0,1111.0,2.3,981.0,596.0,376.0,22.0,1976.0,2483.0,162.0,2647.0,2821.0,328.0,5792.0,1922.0,759.0,91.0,2766.0,2021,1577.0,0.4286947513812155,0.0612013600302229,0.4570096685082873,0.4964574898785425,0.3016194331983806,0.7980769230769231,0.1902834008097166,0.6948662328271873,0.27440347071583515,0.03289949385394071,False,False,False,False,False,False,False,False
POA2320,2320,39163.0,37.0,1807.0,2.7,3949.0,4830.0,1956.0,139.0,10877.0,18625.0,883.0,19508.0,9922.0,1317.0,30747.0,10581.0,2983.0,319.0,13871.0,2021,8779.0,0.6057501544866166,0.04526348164855444,0.634468403421472,0.36305966718764365,0.44405626551438815,0.8071159327020319,0.1798289969660752,0.7628145050825463,0.21505298824886454,0.022997620935765267,False,False,False,False,False,False,False,False
POA2321,2321,19857.0,34.0,1963.0,2.8,2203.0,2648.0,846.0,52.0,5748.0,9861.0,372.0,10233.0,4492.0,567.0,15292.0,5587.0,1254.0,132.0,6972.0,2021,4851.0,0.6448469788124509,0.03635297566695984,0.6691734240125556,0.38326374391092555,0.4606819763395964,0.843945720250522,0.14718162839248433,0.8013482501434309,0.17986230636833048,0.0189328743545611,False,False,False,False,False,False,False,False
POA2322,2322,24373.0,34.0,1811.0,2.7,2479.0,3104.0,1216.0,104.0,6903.0,11947.0,584.0,12530.0,5865.0,682.0,19080.0,6717.0,1676.0,267.0,8656.0,2021,5583.0,0.6261530398322851,0.04660814046288907,0.6567085953878407,0.3591192235260032,0.4496595683036361,0.8087787918296393,0.1761552947993626,0.7759935304990758,0.19362292051756008,0.030845656192236597,False,False,False,False,False,False,False,False
POA2323,2323,26051.0,39.0,1541.0,2.5,2796.0,2879.0,1433.0,108.0,7219.0,12196.0,649.0,12846.0,7390.0,999.0,21235.0,7007.0,2775.0,259.0,10034.0,2021,5675.0,0.5743348245820579,0.050521563132492606,0.6049446668236402,0.38731126194763815,0.3988086992658263,0.7861199612134645,0.19850394791522372,0.698325692645007,0.2765596970300977,0.025812238389475783,False,False,False,False,False,False,False,False
POA2324,2324,25443.0,47.0,1254.0,2.4,3380.0,2269.0,1390.0,102.0,7141.0,9810.0,641.0,10455.0,9366.0,1354.0,21181.0,6937.0,2639.0,279.0,9852.0,2021,5649.0,0.46315093716066286,0.06131037780966045,0.4936027571880459,0.47332306399663915,0.31774261307940066,0.7910656770760398,0.19465060915838117,0.7041209906617946,0.2678643930166464,0.028319123020706456,False,False,False,False,False,False,False,False
POA2325,2325,31073.0,39.0,1360.0,2.5,2998.0,2952.0,1927.0,121.0,7993.0,12082.0,784.0,12863.0,11072.0,1341.0,25278.0,7706.0,2867.0,285.0,10862.0,2021,5950.0,0.477965028878867,0.060950011661354275,0.5088614605585885,0.3750781934192418,0.36932315776304264,0.7444013511822845,0.24108595020643062,0.7094457742588842,0.2639477076044927,0.026238261830233842,False,False,False,False,False,False,False,False
POA2326,2326,7871.0,38.0,1373.0,2.7,774.0,872.0,489.0,40.0,2178.0,3270.0,250.0,3521.0,2348.0,336.0,6200.0,2069.0,657.0,78.0,2804.0,2021,1646.0,0.5274193548387097,0.07100255609201932,0.5679032258064516,0.35537190082644626,0.4003673094582185,0.7557392102846648,0.22451790633608815,0.7378744650499287,0.23430813124108416,0.02781740370898716,False,False,False,False,False,False,False,False
POA2327,2327,7830.0,39.0,1248.0,2.4,754.0,752.0,557.0,41.0,2103.0,3207.0,232.0,3436.0,2605.0,344.0,6386.0,2044.0,942.0,88.0,3073.0,2021,1506.0,0.5021922956467272,0.06752037252619325,0.5380519887253367,0.3585354255825012,0.357584403233476,0.7161198288159771,0.2648597242035188,0.6651480637813212,0.3065408395704523,0.028636511552229092,False,False,False,False,False,False,False,False
POA2328,2328,2506.0,42.0,1473.0,2.4,293.0,274.0,101.0,5.0,684.0,1225.0,34.0,1260.0,648.0,154.0,2056.0,668.0,278.0,18.0,967.0,2021,567.0,0.5958171206225681,0.026984126984126985,0.6128404669260701,0.4283625730994152,0.40058479532163743,0.8289473684210527,0.1476608187134503,0.6907962771458118,0.2874870734229576,0.01861427094105481,False,False,False,False,False,False,False,False
POA2329,2329,2138.0,45.0,1224.0,2.4,251.0,203.0,82.0,4.0,539.0,867.0,40.0,911.0,630.0,176.0,1720.0,526.0,227.0,19.0,775.0,2021,454.0,0.5040697674418605,0.043907793633369926,0.5296511627906977,0.46567717996289426,0.37662337662337664,0.8423005565862709,0.15213358070500926,0.6787096774193548,0.2929032258064516,0.024516129032258065,False,False,False,False,False,False,False,False
POA2330,2330,21445.0,37.0,1952.0,2.6,2182.0,2639.0,899.0,73.0,5793.0,10381.0,441.0,10819.0,5055.0,1006.0,16875.0,5612.0,1815.0,178.0,7601.0,2021,4821.0,0.6151703703703704,0.040761623070524076,0.6411259259259259,0.37666148800276195,0.4555498014845503,0.8322112894873123,0.15518729501122044,0.738323904749375,0.23878437047756873,0.023417971319563215,False,False,False,False,False,False,False,False
POA2331,2331,581.0,21.0,1625.0,3.3,0.0,0.0,0.0,0.0,0.0,401.0,0.0,405.0,9.0,162.0,575.0,0.0,0.0,0.0,7.0,2021,0.0,0.697391304347826,0.0,0.7043478260869566,,,,,0.0,0.0,0.0,False,False,True,True,False,False,True,False
POA2333,2333,13795.0,36.0,1640.0,2.5,1361.0,1454.0,703.0,47.0,3563.0,6040.0,363.0,6406.0,3676.0,717.0,10799.0,3491.0,1431.0,143.0,5072.0,2021,2815.0,0.5593110473191962,0.05666562597564783,0.5932030743587369,0.3819814762840303,0.4080830760595004,0.7900645523435307,0.19730564131349987,0.688288643533123,0.28213722397476343,0.028194006309148267,False,False,False,False,False,False,False,False
POA2334,2334,3349.0,33.0,1929.0,2.8,307.0,451.0,143.0,7.0,907.0,1674.0,83.0,1762.0,721.0,95.0,2572.0,880.0,245.0,32.0,1157.0,2021,758.0,0.6508553654743391,0.047105561861521,0.6850699844479005,0.33847850055126794,0.4972436604189636,0.8357221609702316,0.15766262403528114,0.7605877268798618,0.21175453759723423,0.027657735522904063,False,False,False,False,False,False,False,False
POA2335,2335,8124.0,34.0,2207.0,2.9,840.0,1116.0,346.0,24.0,2324.0,4183.0,147.0,4327.0,1597.0,257.0,6191.0,2249.0,459.0,37.0,2749.0,2021,1956.0,0.6756582135357777,0.03397272937370002,0.6989177838798255,0.3614457831325301,0.4802065404475043,0.8416523235800344,0.14888123924268504,0.8181156784285195,0.16696980720261914,0.01345943979628956,False,False,False,False,False,False,False,False
POA2336,2336,2589.0,42.0,1505.0,2.4,336.0,283.0,88.0,8.0,717.0,1242.0,38.0,1284.0,697.0,139.0,2115.0,706.0,291.0,26.0,1027.0,2021,619.0,0.5872340425531914,0.029595015576323987,0.6070921985815603,0.4686192468619247,0.3947001394700139,0.8633193863319386,0.12273361227336123,0.6874391431353457,0.28334956183057447,0.02531645569620253,False,False,False,False,False,False,False,False
POA2337,2337,8060.0,40.0,1561.0,2.4,954.0,891.0,308.0,26.0,2177.0,4070.0,120.0,4186.0,1967.0,356.0,6514.0,2147.0,846.0,94.0,3093.0,2021,1845.0,0.6248081056186675,0.02866698518872432,0.6426159042063249,0.4382177308222324,0.40927882406982086,0.8474965548920533,0.1414790996784566,0.6941480763013256,0.2735208535402522,0.030391205948916908,False,False,False,False,False,False,False,False
POA2338,2338,1403.0,52.0,1006.0,2.1,209.0,118.0,40.0,4.0,370.0,591.0,25.0,616.0,493.0,107.0,1217.0,360.0,212.0,16.0,591.0,2021,327.0,0.485620377978636,0.040584415584415584,0.5061626951520132,0.5648648648648649,0.31891891891891894,0.8837837837837837,0.10810810810810811,0.6091370558375635,0.3587140439932318,0.02707275803722504,False,False,False,False,False,False,False,False
POA2339,2339,718.0,45.0,1312.0,2.4,83.0,71.0,25.0,0.0,186.0,348.0,10.0,360.0,150.0,84.0,598.0,181.0,67.0,13.0,254.0,2021,154.0,0.5819397993311036,0.027777777777777776,0.6020066889632107,0.44623655913978494,0.3817204301075269,0.8279569892473119,0.13440860215053763,0.7125984251968503,0.2637795275590551,0.051181102362204724,False,False,False,False,False,False,False,False
POA2340,2340,52436.0,38.0,1468.0,2.5,5474.0,5319.0,2654.0,225.0,13676.0,24016.0,1136.0,25156.0,13413.0,2965.0,41533.0,13370.0,5472.0,625.0,19464.0,2021,10793.0,0.5782389906821082,0.04515821275242487,0.6056870440372716,0.40026323486399534,0.3889295115530857,0.789192746417081,0.19406259140099444,0.6869091656391286,0.281134401972873,0.03211056309083436,False,False,False,False,False,False,False,False
POA2341,2341,1478.0,50.0,941.0,2.2,175.0,114.0,93.0,17.0,394.0,486.0,49.0,540.0,602.0,99.0,1233.0,383.0,219.0,15.0,619.0,2021,289.0,0.39416058394160586,0.09074074074074075,0.43795620437956206,0.44416243654822335,0.2893401015228426,0.733502538071066,0.23604060913705585,0.6187399030694669,0.35379644588045234,0.024232633279483037,False,False,False,False,False,False,False,False
POA2342,2342,465.0,43.0,1487.0,2.6,53.0,63.0,11.0,0.0,126.0,240.0,4.0,249.0,95.0,40.0,374.0,120.0,37.0,5.0,162.0,2021,116.0,0.6417112299465241,0.01606425702811245,0.6657754010695187,0.42063492063492064,0.5,0.9206349206349206,0.0873015873015873,0.7407407407407407,0.22839506172839505,0.030864197530864196,False,False,False,False,False,False,False,False
POA2343,2343,4858.0,46.0,1229.0,2.3,574.0,432.0,202.0,19.0,1233.0,2003.0,118.0,2116.0,1359.0,504.0,3983.0,1211.0,546.0,45.0,1796.0,2021,1006.0,0.5028872709013307,0.055765595463137994,0.5312578458448406,0.46553122465531227,0.35036496350364965,0.8158961881589619,0.16382806163828062,0.6742761692650334,0.3040089086859688,0.02505567928730512,False,False,False,False,False,False,False,False
POA2344,2344,674.0,47.0,1712.0,2.5,107.0,74.0,22.0,0.0,206.0,388.0,3.0,391.0,152.0,24.0,572.0,202.0,51.0,3.0,251.0,2021,181.0,0.6783216783216783,0.0076726342710997444,0.6835664335664335,0.5194174757281553,0.3592233009708738,0.8786407766990292,0.10679611650485436,0.8047808764940239,0.20318725099601595,0.01195219123505976,False,False,False,False,False,False,False,False
POA2345,2345,707.0,43.0,1493.0,2.5,95.0,82.0,24.0,0.0,198.0,372.0,13.0,385.0,161.0,27.0,575.0,203.0,69.0,5.0,275.0,2021,177.0,0.6469565217391304,0.033766233766233764,0.6695652173913044,0.4797979797979798,0.41414141414141414,0.8939393939393939,0.12121212121212122,0.7381818181818182,0.2509090909090909,0.01818181818181818,False,False,False,False,False,False,False,False
POA2346,2346,3033.0,48.0,1083.0,2.3,343.0,251.0,182.0,22.0,800.0,1208.0,56.0,1260.0,1043.0,247.0,2546.0,772.0,389.0,26.0,1196.0,2021,594.0,0.4744697564807541,0.044444444444444446,0.4948939512961508,0.42875,0.31375,0.7425,0.2275,0.6454849498327759,0.32525083612040134,0.021739130434782608,False,False,False,False,False,False,False,False
POA2347,2347,1865.0,55.0,852.0,2.0,254.0,138.0,70.0,11.0,476.0,684.0,46.0,725.0,696.0,161.0,1582.0,470.0,311.0,25.0,807.0,2021,392.0,0.43236409608091025,0.06344827586206897,0.4582806573957016,0.5336134453781513,0.28991596638655465,0.8235294117647058,0.14705882352941177,0.5824039653035935,0.3853779429987608,0.030978934324659233,False,False,False,False,False,False,False,False
POA2350,2350,26911.0,36.0,1459.0,2.3,2861.0,2399.0,1094.0,93.0,6444.0,11954.0,671.0,12622.0,7416.0,2061.0,22094.0,6358.0,3080.0,412.0,9848.0,2021,5260.0,0.541051869285779,0.05316114720329583,0.5712863220783924,0.4439788950962135,0.372284295468653,0.8162631905648665,0.16977032898820607,0.6456133225020309,0.31275385865150285,0.04183590576766856,False,False,False,False,False,False,False,False
POA2352,2352,2950.0,40.0,1396.0,2.5,338.0,339.0,147.0,9.0,832.0,1409.0,49.0,1457.0,754.0,110.0,2325.0,815.0,259.0,25.0,1094.0,2021,677.0,0.6060215053763441,0.033630748112560054,0.6266666666666667,0.40625,0.4074519230769231,0.8137019230769231,0.17668269230769232,0.7449725776965265,0.236745886654479,0.022851919561243144,False,False,False,False,False,False,False,False
POA2353,2353,1201.0,50.0,1354.0,2.4,150.0,111.0,46.0,9.0,305.0,516.0,22.0,542.0,401.0,70.0,1014.0,291.0,121.0,7.0,428.0,2021,261.0,0.5088757396449705,0.04059040590405904,0.534516765285996,0.4918032786885246,0.3639344262295082,0.8557377049180328,0.15081967213114755,0.6799065420560748,0.2827102803738318,0.016355140186915886,False,False,False,False,False,False,False,False
POA2354,2354,3484.0,50.0,1242.0,2.2,528.0,318.0,80.0,16.0,944.0,1616.0,47.0,1667.0,941.0,300.0,2906.0,928.0,410.0,18.0,1363.0,2021,846.0,0.5560908465244322,0.028194361127774445,0.5736407432897453,0.559322033898305,0.336864406779661,0.8961864406779662,0.0847457627118644,0.6808510638297872,0.3008070432868672,0.013206162876008804,False,False,False,False,False,False,False,False
POA2355,2355,627.0,53.0,949.0,2.2,97.0,49.0,19.0,0.0,170.0,258.0,12.0,274.0,213.0,44.0,534.0,165.0,89.0,9.0,258.0,2021,146.0,0.48314606741573035,0.043795620437956206,0.5131086142322098,0.5705882352941176,0.28823529411764703,0.8588235294117647,0.11176470588235295,0.6395348837209303,0.3449612403100775,0.03488372093023256,False,False,False,False,False,False,False,False
POA2356,2356,124.0,54.0,860.0,2.2,10.0,13.0,8.0,3.0,29.0,42.0,4.0,41.0,51.0,19.0,105.0,33.0,17.0,4.0,48.0,2021,23.0,0.4,0.0975609756097561,0.3904761904761905,0.3448275862068966,0.4482758620689655,0.7931034482758621,0.27586206896551724,0.6875,0.3541666666666667,0.08333333333333333,False,False,True,False,False,False,False,False
POA2357,2357,4069.0,50.0,1145.0,2.3,477.0,296.0,198.0,17.0,984.0,1464.0,97.0,1564.0,1294.0,528.0,3384.0,966.0,457.0,27.0,1454.0,2021,773.0,0.4326241134751773,0.062020460358056265,0.46217494089834515,0.4847560975609756,0.3008130081300813,0.7855691056910569,0.20121951219512196,0.6643741403026134,0.3143053645116919,0.018569463548830812,False,False,False,False,False,False,False,False
POA2358,2358,3727.0,47.0,1213.0,2.3,488.0,339.0,184.0,16.0,1022.0,1606.0,77.0,1682.0,1175.0,204.0,3069.0,1004.0,437.0,30.0,1473.0,2021,827.0,0.5232974910394266,0.045778834720570746,0.5480612577386771,0.4774951076320939,0.33170254403131116,0.8091976516634051,0.18003913894324852,0.681602172437203,0.296673455532926,0.020366598778004074,False,False,False,False,False,False,False,False
POA2359,2359,710.0,48.0,987.0,2.5,86.0,62.0,26.0,5.0,180.0,231.0,25.0,254.0,240.0,82.0,581.0,172.0,56.0,8.0,233.0,2021,148.0,0.39759036144578314,0.0984251968503937,0.43717728055077454,0.4777777777777778,0.34444444444444444,0.8222222222222222,0.14444444444444443,0.7381974248927039,0.24034334763948498,0.034334763948497854,False,False,False,False,False,False,False,False
POA2360,2360,14995.0,42.0,1212.0,2.4,1710.0,1341.0,747.0,67.0,3862.0,6011.0,386.0,6391.0,4565.0,1114.0,12065.0,3783.0,1627.0,151.0,5562.0,2021,3051.0,0.49821798590965605,0.060397433891409794,0.529714048901782,0.44277576385292594,0.34722941481097874,0.7900051786639047,0.19342309684101502,0.680151024811219,0.29252067601582166,0.027148507731032005,False,False,False,False,False,False,False,False
POA2361,2361,927.0,52.0,917.0,2.2,131.0,71.0,34.0,3.0,240.0,339.0,28.0,374.0,341.0,76.0,783.0,240.0,121.0,9.0,370.0,2021,202.0,0.4329501915708812,0.0748663101604278,0.4776500638569604,0.5458333333333333,0.29583333333333334,0.8416666666666667,0.14166666666666666,0.6486486486486487,0.327027027027027,0.024324324324324326,False,False,False,False,False,False,False,False
POA2365,2365,3762.0,45.0,1146.0,2.4,439.0,333.0,123.0,16.0,911.0,1635.0,74.0,1711.0,952.0,405.0,3067.0,899.0,424.0,48.0,1372.0,2021,772.0,0.5330942288881644,0.04324956165984804,0.5578741441147701,0.4818880351262349,0.36553238199780463,0.8474204171240395,0.1350164654226125,0.6552478134110787,0.30903790087463556,0.03498542274052478,False,False,False,False,False,False,False,False
POA2369,2369,871.0,47.0,890.0,2.4,98.0,62.0,66.0,4.0,230.0,255.0,35.0,286.0,366.0,66.0,722.0,226.0,90.0,11.0,327.0,2021,160.0,0.35318559556786705,0.12237762237762238,0.3961218836565097,0.4260869565217391,0.26956521739130435,0.6956521739130435,0.28695652173913044,0.691131498470948,0.27522935779816515,0.03363914373088685,False,False,False,False,False,False,False,False
POA2370,2370,7785.0,48.0,955.0,2.2,975.0,598.0,364.0,32.0,1969.0,2943.0,195.0,3136.0,2732.0,668.0,6535.0,1942.0,1102.0,82.0,3120.0,2021,1573.0,0.4503442999234889,0.062181122448979595,0.47987758224942617,0.4951752158456069,0.3037074657186389,0.7988826815642458,0.18486541391569325,0.6224358974358974,0.3532051282051282,0.026282051282051282,False,False,False,False,False,False,False,False
POA2371,2371,1158.0,57.0,765.0,2.0,185.0,75.0,36.0,3.0,301.0,377.0,28.0,407.0,519.0,111.0,1037.0,295.0,194.0,11.0,498.0,2021,260.0,0.36354869816779173,0.0687960687960688,0.39247830279652846,0.6146179401993356,0.24916943521594684,0.8637873754152824,0.11960132890365449,0.5923694779116466,0.3895582329317269,0.02208835341365462,False,False,False,False,False,False,False,False
POA2372,2372,4789.0,56.0,933.0,2.1,760.0,332.0,202.0,8.0,1309.0,1817.0,109.0,1928.0,1857.0,328.0,4105.0,1289.0,716.0,50.0,2054.0,2021,1092.0,0.4426309378806334,0.05653526970954357,0.46967113276492084,0.5805958747135218,0.25362872421695953,0.8342245989304813,0.15431627196333078,0.627555988315482,0.3485881207400195,0.024342745861733205,False,False,False,False,False,False,False,False
POA2379,2379,291.0,43.0,1474.0,2.7,24.0,42.0,6.0,3.0,80.0,161.0,3.0,158.0,55.0,28.0,241.0,73.0,21.0,5.0,95.0,2021,66.0,0.6680497925311203,0.0189873417721519,0.6556016597510373,0.3,0.525,0.825,0.075,0.7684210526315789,0.22105263157894736,0.05263157894736842,False,False,False,False,False,False,False,False
POA2380,2380,11118.0,37.0,1590.0,2.5,1105.0,1177.0,492.0,59.0,2823.0,5019.0,222.0,5244.0,2585.0,775.0,8600.0,2766.0,1157.0,126.0,4050.0,2021,2282.0,0.5836046511627907,0.04233409610983982,0.6097674418604652,0.3914275593340418,0.4169323414806943,0.8083599008147361,0.1742826780021254,0.682962962962963,0.285679012345679,0.03111111111111111,False,False,False,False,False,False,False,False
POA2381,2381,1302.0,42.0,1284.0,2.5,146.0,129.0,68.0,4.0,345.0,550.0,29.0,582.0,332.0,129.0,1041.0,336.0,107.0,16.0,460.0,2021,275.0,0.5283381364073007,0.04982817869415808,0.5590778097982709,0.42318840579710143,0.3739130434782609,0.7971014492753623,0.19710144927536233,0.7304347826086957,0.2326086956521739,0.034782608695652174,False,False,False,False,False,False,False,False
POA2382,2382,1381.0,43.0,1477.0,2.3,157.0,127.0,47.0,7.0,338.0,577.0,31.0,607.0,365.0,158.0,1129.0,334.0,159.0,16.0,507.0,2021,284.0,0.5110717449069974,0.051070840197693576,0.537643932683791,0.46449704142011833,0.3757396449704142,0.8402366863905325,0.1390532544378698,0.6587771203155819,0.3136094674556213,0.03155818540433925,False,False,False,False,False,False,False,False
POA2386,2386,293.0,48.0,1328.0,2.5,39.0,26.0,4.0,5.0,73.0,138.0,0.0,144.0,60.0,39.0,244.0,76.0,22.0,9.0,101.0,2021,65.0,0.5655737704918032,0.0,0.5901639344262295,0.5342465753424658,0.3561643835616438,0.8904109589041096,0.0547945205479452,0.7524752475247525,0.21782178217821782,0.0891089108910891,False,False,False,False,False,False,False,False
POA2387,2387,201.0,33.0,1781.0,2.6,25.0,15.0,0.0,0.0,48.0,101.0,0.0,100.0,30.0,29.0,158.0,43.0,14.0,3.0,62.0,2021,40.0,0.6392405063291139,0.0,0.6329113924050633,0.5208333333333334,0.3125,0.8333333333333334,0.0,0.6935483870967742,0.22580645161290322,0.04838709677419355,False,False,False,False,False,False,False,False
POA2388,2388,2554.0,40.0,1292.0,2.4,235.0,239.0,111.0,8.0,593.0,1073.0,55.0,1123.0,577.0,300.0,2007.0,580.0,272.0,31.0,875.0,2021,474.0,0.5346287992027903,0.048975957257346395,0.5595416043846537,0.3962900505902192,0.403035413153457,0.7993254637436762,0.18718381112984822,0.6628571428571428,0.31085714285714283,0.03542857142857143,False,False,False,False,False,False,False,False
POA2390,2390,8540.0,40.0,1604.0,2.5,980.0,853.0,359.0,30.0,2224.0,4068.0,154.0,4224.0,1996.0,620.0,6838.0,2178.0,851.0,88.0,3111.0,2021,1833.0,0.5949107926294238,0.036458333333333336,0.6177244808423515,0.44064748201438847,0.3835431654676259,0.8241906474820144,0.1614208633093525,0.7000964320154291,0.2735454837672774,0.028286724525875925,False,False,False,False,False,False,False,False
POA2395,2395,725.0,54.0,777.0,2.1,97.0,50.0,24.0,6.0,179.0,229.0,28.0,260.0,274.0,84.0,619.0,176.0,120.0,8.0,303.0,2021,147.0,0.36995153473344106,0.1076923076923077,0.420032310177706,0.5418994413407822,0.27932960893854747,0.8212290502793296,0.1340782122905028,0.5808580858085809,0.39603960396039606,0.026402640264026403,False,False,False,False,False,False,False,False
POA2396,2396,834.0,50.0,1033.0,2.2,95.0,66.0,29.0,6.0,193.0,296.0,16.0,316.0,276.0,92.0,683.0,195.0,112.0,11.0,312.0,2021,161.0,0.4333821376281113,0.05063291139240506,0.46266471449487556,0.49222797927461137,0.34196891191709844,0.8341968911917098,0.15025906735751296,0.625,0.358974358974359,0.035256410256410256,False,False,False,False,False,False,False,False
POA2397,2397,286.0,45.0,1292.0,2.4,28.0,32.0,5.0,3.0,66.0,128.0,4.0,131.0,60.0,33.0,229.0,63.0,33.0,3.0,103.0,2021,60.0,0.5589519650655022,0.030534351145038167,0.5720524017467249,0.42424242424242425,0.48484848484848486,0.9090909090909091,0.07575757575757576,0.6116504854368932,0.32038834951456313,0.02912621359223301,False,False,False,False,False,False,False,False
POA2398,2398,248.0,42.0,1562.0,2.9,22.0,20.0,0.0,0.0,49.0,109.0,0.0,107.0,24.0,61.0,196.0,43.0,10.0,0.0,58.0,2021,42.0,0.5561224489795918,0.0,0.5459183673469388,0.4489795918367347,0.40816326530612246,0.8571428571428571,0.0,0.7413793103448276,0.1724137931034483,0.0,False,False,False,False,False,False,False,False
POA2399,2399,623.0,42.0,1615.0,2.5,67.0,47.0,23.0,0.0,143.0,263.0,4.0,261.0,131.0,103.0,500.0,137.0,42.0,3.0,186.0,2021,114.0,0.526,0.01532567049808429,0.522,0.46853146853146854,0.32867132867132864,0.7972027972027972,0.16083916083916083,0.7365591397849462,0.22580645161290322,0.016129032258064516,False,False,False,False,False,False,False,False
POA2400,2400,9708.0,38.0,1592.0,2.4,899.0,835.0,428.0,49.0,2210.0,4116.0,157.0,4271.0,1910.0,1513.0,7697.0,2150.0,930.0,102.0,3184.0,2021,1734.0,0.534753800181889,0.03675954109107937,0.5548915161751332,0.4067873303167421,0.3778280542986425,0.7846153846153846,0.19366515837104073,0.675251256281407,0.29208542713567837,0.032035175879396985,False,False,False,False,False,False,False,False
POA2401,2401,299.0,42.0,1406.0,2.8,34.0,36.0,13.0,0.0,82.0,160.0,0.0,160.0,73.0,5.0,236.0,84.0,26.0,0.0,109.0,2021,70.0,0.6779661016949152,0.0,0.6779661016949152,0.4146341463414634,0.43902439024390244,0.8536585365853658,0.15853658536585366,0.7706422018348624,0.23853211009174313,0.0,False,False,False,False,False,False,False,False
POA2402,2402,1745.0,49.0,972.0,2.2,219.0,144.0,76.0,5.0,444.0,642.0,37.0,679.0,640.0,125.0,1439.0,442.0,232.0,23.0,688.0,2021,363.0,0.4461431549687283,0.054491899852724596,0.4718554551772064,0.49324324324324326,0.32432432432432434,0.8175675675675675,0.17117117117117117,0.6424418604651163,0.3372093023255814,0.03343023255813953,False,False,False,False,False,False,False,False
POA2403,2403,719.0,44.0,1062.0,2.5,88.0,66.0,32.0,0.0,182.0,291.0,8.0,298.0,165.0,102.0,567.0,179.0,53.0,0.0,236.0,2021,154.0,0.5132275132275133,0.026845637583892617,0.5255731922398589,0.4835164835164835,0.3626373626373626,0.8461538461538461,0.17582417582417584,0.7584745762711864,0.2245762711864407,0.0,False,False,False,False,False,False,False,False
POA2404,2404,1676.0,57.0,889.0,2.1,267.0,108.0,83.0,10.0,466.0,597.0,37.0,635.0,715.0,102.0,1447.0,463.0,231.0,18.0,720.0,2021,375.0,0.41257774706288874,0.05826771653543307,0.4388389771941949,0.572961373390558,0.2317596566523605,0.8047210300429185,0.1781115879828326,0.6430555555555556,0.32083333333333336,0.025,False,False,False,False,False,False,False,False
POA2405,2405,500.0,43.0,1343.0,2.4,36.0,41.0,11.0,3.0,92.0,190.0,6.0,197.0,84.0,138.0,417.0,86.0,46.0,4.0,136.0,2021,77.0,0.4556354916067146,0.030456852791878174,0.4724220623501199,0.391304347826087,0.44565217391304346,0.8369565217391305,0.11956521739130435,0.6323529411764706,0.3382352941176471,0.029411764705882353,False,False,False,False,False,False,False,False
POA2406,2406,705.0,41.0,1204.0,2.2,71.0,49.0,32.0,6.0,159.0,317.0,7.0,323.0,154.0,93.0,569.0,159.0,99.0,9.0,266.0,2021,120.0,0.5571177504393673,0.021671826625386997,0.5676625659050967,0.44654088050314467,0.3081761006289308,0.7547169811320755,0.20125786163522014,0.5977443609022557,0.37218045112781956,0.03383458646616541,False,False,False,False,False,False,False,False
POA2408,2408,310.0,40.0,1839.0,2.4,36.0,37.0,5.0,0.0,71.0,156.0,4.0,162.0,28.0,54.0,238.0,74.0,25.0,0.0,100.0,2021,73.0,0.6554621848739496,0.024691358024691357,0.680672268907563,0.5070422535211268,0.5211267605633803,,0.07042253521126761,0.74,0.25,0.0,False,False,False,False,False,False,True,True
POA2409,2409,1072.0,36.0,1150.0,2.9,59.0,66.0,68.0,5.0,203.0,261.0,37.0,301.0,274.0,260.0,834.0,185.0,69.0,5.0,256.0,2021,125.0,0.3129496402877698,0.12292358803986711,0.3609112709832134,0.29064039408866993,0.3251231527093596,0.6157635467980296,0.33497536945812806,0.72265625,0.26953125,0.01953125,False,False,False,False,False,False,False,False
POA2410,2410,240.0,49.0,1055.0,2.3,29.0,20.0,0.0,4.0,61.0,99.0,9.0,108.0,61.0,35.0,204.0,53.0,25.0,0.0,84.0,2021,49.0,0.4852941176470588,0.08333333333333333,0.5294117647058824,0.47540983606557374,0.32786885245901637,0.8032786885245902,0.0,0.6309523809523809,0.2976190476190476,0.0,False,False,False,False,False,False,False,False
POA2411,2411,104.0,38.0,2416.0,3.0,11.0,19.0,0.0,0.0,25.0,55.0,0.0,55.0,8.0,18.0,84.0,21.0,5.0,0.0,29.0,2021,30.0,0.6547619047619048,0.0,0.6547619047619048,0.44,0.76,,0.0,0.7241379310344828,0.1724137931034483,0.0,False,False,True,True,False,False,True,True
POA2415,2415,429.0,50.0,1366.0,2.6,54.0,47.0,10.0,0.0,115.0,193.0,7.0,196.0,120.0,37.0,358.0,105.0,34.0,4.0,146.0,2021,101.0,0.5391061452513967,0.03571428571428571,0.547486033519553,0.46956521739130436,0.40869565217391307,0.8782608695652174,0.08695652173913043,0.7191780821917808,0.2328767123287671,0.0273972602739726,False,False,False,False,False,False,False,False
POA2420,2420,4016.0,50.0,1235.0,2.3,552.0,385.0,179.0,15.0,1135.0,1728.0,70.0,1798.0,1407.0,174.0,3381.0,1095.0,490.0,33.0,1616.0,2021,937.0,0.5110913930789707,0.0389321468298109,0.5317953268263828,0.4863436123348018,0.3392070484581498,0.8255506607929516,0.15770925110132158,0.6775990099009901,0.3032178217821782,0.02042079207920792,False,False,False,False,False,False,False,False
POA2421,2421,2069.0,42.0,1867.0,2.7,254.0,278.0,53.0,0.0,592.0,1021.0,29.0,1055.0,514.0,80.0,1647.0,575.0,133.0,7.0,713.0,2021,532.0,0.6199149969641773,0.027488151658767772,0.6405585913782635,0.42905405405405406,0.46959459459459457,0.8986486486486487,0.08952702702702703,0.8064516129032258,0.18653576437587657,0.009817671809256662,False,False,False,False,False,False,False,False
POA2422,2422,5608.0,55.0,1053.0,2.2,879.0,445.0,247.0,18.0,1588.0,2107.0,125.0,2232.0,2291.0,312.0,4833.0,1560.0,717.0,58.0,2342.0,2021,1324.0,0.43596110076557004,0.05600358422939068,0.4618249534450652,0.5535264483627204,0.28022670025188917,0.8337531486146096,0.15554156171284636,0.6660973526900086,0.30614859094790775,0.024765157984628524,False,False,False,False,False,False,False,False
POA2423,2423,3297.0,55.0,1040.0,2.3,493.0,242.0,153.0,17.0,904.0,1202.0,78.0,1282.0,1310.0,252.0,2840.0,872.0,370.0,44.0,1288.0,2021,735.0,0.4232394366197183,0.060842433697347896,0.45140845070422536,0.5453539823008849,0.2676991150442478,0.8130530973451328,0.16924778761061948,0.6770186335403726,0.28726708074534163,0.034161490683229816,False,False,False,False,False,False,False,False
POA2424,2424,480.0,48.0,1105.0,2.5,54.0,41.0,29.0,0.0,124.0,155.0,14.0,175.0,196.0,44.0,412.0,120.0,50.0,6.0,171.0,2021,95.0,0.3762135922330097,0.08,0.42475728155339804,0.43548387096774194,0.33064516129032256,0.7661290322580645,0.23387096774193547,0.7017543859649122,0.29239766081871343,0.03508771929824561,False,False,False,False,False,False,False,False
POA2425,2425,2018.0,47.0,1366.0,2.5,241.0,217.0,55.0,8.0,531.0,871.0,44.0,907.0,586.0,163.0,1654.0,513.0,195.0,12.0,717.0,2021,458.0,0.526602176541717,0.04851157662624035,0.5483675937122128,0.4538606403013183,0.4086629001883239,0.8625235404896422,0.10357815442561205,0.7154811715481172,0.2719665271966527,0.016736401673640166,False,False,False,False,False,False,False,False
POA2426,2426,850.0,46.0,1125.0,2.5,102.0,79.0,43.0,7.0,227.0,332.0,22.0,349.0,303.0,49.0,702.0,216.0,76.0,20.0,306.0,2021,181.0,0.47293447293447294,0.06303724928366762,0.49715099715099714,0.44933920704845814,0.34801762114537443,0.7973568281938326,0.1894273127753304,0.7058823529411765,0.24836601307189543,0.06535947712418301,False,False,False,False,False,False,False,False
POA2427,2427,3463.0,64.0,889.0,2.0,793.0,181.0,133.0,18.0,1123.0,889.0,68.0,960.0,2066.0,156.0,3184.0,1108.0,496.0,29.0,1629.0,2021,974.0,0.2792085427135678,0.07083333333333333,0.3015075376884422,0.7061442564559216,0.1611754229741763,0.8673196794300979,0.11843276936776491,0.6801718845917741,0.30448127685696746,0.01780233271945979,False,False,False,False,False,False,False,False
POA2428,2428,25187.0,58.0,980.0,2.1,3984.0,1735.0,1170.0,85.0,6978.0,8488.0,511.0,9009.0,11347.0,1698.0,22044.0,6858.0,3906.0,324.0,11086.0,2021,5719.0,0.385048085646888,0.05672105672105672,0.4086826347305389,0.5709372312983663,0.24863857838922326,0.8195758096875896,0.16766981943250214,0.6186180768536893,0.3523362799927837,0.029226050874977448,False,False,False,False,False,False,False,False
POA2429,2429,9650.0,51.0,1126.0,2.4,1278.0,875.0,511.0,34.0,2700.0,3796.0,244.0,4045.0,3459.0,577.0,8076.0,2604.0,1077.0,100.0,3789.0,2021,2153.0,0.47003467062902426,0.06032138442521632,0.5008667657256067,0.47333333333333333,0.32407407407407407,0.7974074074074075,0.18925925925925927,0.6872525732383215,0.2842438638163104,0.026392187912377935,False,False,False,False,False,False,False,False
POA2430,2430,36841.0,49.0,1107.0,2.3,4836.0,3056.0,1950.0,152.0,9992.0,13215.0,954.0,14170.0,14123.0,2315.0,30602.0,9746.0,4358.0,427.0,14527.0,2021,7892.0,0.43183452061956734,0.06732533521524348,0.46304163126593034,0.48398718975180144,0.3058446757405925,0.7898318654923939,0.19515612489991993,0.6708886900254698,0.2999931162662628,0.029393543057754525,False,False,False,False,False,False,False,False
POA2431,2431,5628.0,58.0,997.0,2.1,998.0,399.0,235.0,18.0,1650.0,1872.0,123.0,1998.0,2637.0,271.0,4905.0,1624.0,729.0,71.0,2421.0,2021,1397.0,0.381651376146789,0.06156156156156156,0.4073394495412844,0.6048484848484849,0.24181818181818182,0.8466666666666667,0.14242424242424243,0.6707971912432878,0.30111524163568776,0.02932672449401074,False,False,False,False,False,False,False,False
POA2439,2439,4031.0,54.0,1242.0,2.4,685.0,380.0,171.0,8.0,1239.0,1505.0,61.0,1561.0,1698.0,164.0,3427.0,1196.0,330.0,34.0,1566.0,2021,1065.0,0.4391596148234608,0.039077514413837285,0.45550043770061277,0.552865213882163,0.30669895076674736,0.8595641646489104,0.13801452784503632,0.7637292464878672,0.210727969348659,0.021711366538952746,False,False,False,False,False,False,False,False
POA2440,2440,23166.0,45.0,1126.0,2.4,2434.0,1861.0,1352.0,124.0,5769.0,8105.0,651.0,8755.0,8757.0,1587.0,19097.0,5573.0,2324.0,269.0,8170.0,2021,4295.0,0.4244122113420956,0.07435750999428897,0.45844897104257215,0.421910209741723,0.3225862367828046,0.7444964465245276,0.234356040908303,0.6821297429620563,0.2844553243574051,0.032925336597307224,False,False,False,False,False,False,False,False
POA2441,2441,4288.0,50.0,1123.0,2.5,549.0,416.0,194.0,12.0,1175.0,1742.0,120.0,1865.0,1461.0,256.0,3581.0,1117.0,419.0,55.0,1595.0,2021,965.0,0.48645629712370847,0.064343163538874,0.5208042446244066,0.4672340425531915,0.35404255319148936,0.8212765957446808,0.1651063829787234,0.7003134796238244,0.2626959247648903,0.034482758620689655,False,False,False,False,False,False,False,False
POA2443,2443,8739.0,61.0,913.0,2.0,1587.0,548.0,351.0,19.0,2503.0,2620.0,198.0,2821.0,4576.0,433.0,7832.0,2448.0,1399.0,103.0,3949.0,2021,2135.0,0.3345250255362615,0.07018787663948954,0.3601889683350358,0.6340391530163804,0.21893727526967638,0.8529764282860567,0.14023172193367958,0.6199037731071158,0.3542669030134211,0.02608255254494809,False,False,False,False,False,False,False,False
POA2444,2444,51117.0,47.0,1306.0,2.3,6706.0,4734.0,2397.0,172.0,14016.0,21692.0,1095.0,22786.0,17895.0,2238.0,42920.0,13754.0,6451.0,695.0,20893.0,2021,11440.0,0.5054054054054054,0.048055823751426315,0.5308946877912395,0.478453196347032,0.3377568493150685,0.8162100456621004,0.17101883561643835,0.6583066098693342,0.30876370076102044,0.03326472981381324,False,False,False,False,False,False,False,False
POA2445,2445,7350.0,52.0,1330.0,2.4,1192.0,746.0,285.0,20.0,2241.0,3050.0,139.0,3188.0,2826.0,195.0,6201.0,2190.0,638.0,52.0,2883.0,2021,1938.0,0.4918561522335107,0.04360100376411543,0.5141106273181745,0.5319053993752789,0.33288710397144133,0.8647925033467202,0.12717536813922356,0.7596253902185224,0.22129725979882067,0.018036767256330213,False,False,False,False,False,False,False,False
POA2446,2446,15054.0,44.0,1347.0,2.6,1852.0,1579.0,765.0,48.0,4242.0,6398.0,302.0,6705.0,4797.0,658.0,12155.0,4098.0,1193.0,134.0,5426.0,2021,3431.0,0.5263677498971616,0.04504101416853095,0.5516248457424928,0.4365865157944366,0.3722300801508722,0.8088165959453089,0.18033946251768035,0.7552524880206414,0.2198673055657943,0.024695908588278657,False,False,False,False,False,False,False,False
POA2447,2447,7809.0,50.0,1048.0,2.4,1013.0,719.0,379.0,28.0,2141.0,2855.0,174.0,3029.0,2969.0,460.0,6462.0,2080.0,828.0,82.0,2998.0,2021,1732.0,0.44181367997523985,0.05744470122152526,0.4687403280718044,0.47314339093881363,0.33582438113031293,0.8089677720691266,0.17702008407286315,0.6937958639092728,0.276184122748499,0.027351567711807873,False,False,False,False,False,False,False,False
POA2448,2448,9618.0,55.0,931.0,2.1,1287.0,681.0,472.0,40.0,2484.0,3188.0,233.0,3419.0,4213.0,639.0,8271.0,2433.0,1581.0,132.0,4144.0,2021,1968.0,0.3854431144964333,0.06814858145656624,0.41337202273002055,0.5181159420289855,0.2741545893719807,0.7922705314009661,0.19001610305958133,0.5871138996138996,0.381515444015444,0.03185328185328185,False,False,False,False,False,False,False,False
POA2449,2449,2165.0,48.0,965.0,2.4,244.0,164.0,141.0,14.0,562.0,724.0,78.0,803.0,787.0,199.0,1790.0,540.0,240.0,30.0,815.0,2021,408.0,0.4044692737430168,0.09713574097135741,0.44860335195530726,0.43416370106761565,0.2918149466192171,0.7259786476868327,0.2508896797153025,0.6625766871165644,0.294478527607362,0.03680981595092025,False,False,False,False,False,False,False,False
POA2450,2450,47335.0,44.0,1386.0,2.4,5507.0,4608.0,2296.0,153.0,12560.0,20509.0,1130.0,21638.0,14565.0,2808.0,39011.0,12147.0,4906.0,619.0,17675.0,2021,10115.0,0.5257235138807003,0.05222294112210001,0.5546640691087129,0.43845541401273885,0.3668789808917197,0.8053343949044586,0.18280254777070062,0.6872418670438473,0.27756718528995755,0.03502121640735502,False,False,False,False,False,False,False,False
POA2452,2452,15260.0,45.0,1260.0,2.3,1725.0,1428.0,927.0,67.0,4152.0,6409.0,371.0,6780.0,5012.0,739.0,12526.0,4057.0,1829.0,197.0,6085.0,2021,3153.0,0.5116557560274628,0.05471976401179941,0.5412741497684815,0.4154624277456647,0.3439306358381503,0.759393063583815,0.22326589595375723,0.666721446179129,0.30057518488085455,0.0323746918652424,False,False,False,False,False,False,False,False
POA2453,2453,2787.0,55.0,965.0,2.1,429.0,221.0,101.0,5.0,754.0,1095.0,50.0,1143.0,1028.0,194.0,2362.0,744.0,412.0,32.0,1187.0,2021,650.0,0.4635901778154107,0.04374453193350831,0.48391193903471635,0.5689655172413793,0.29310344827586204,0.8620689655172413,0.13395225464190982,0.6267902274641954,0.34709351305812974,0.02695871946082561,False,False,False,False,False,False,False,False
POA2454,2454,7953.0,47.0,1327.0,2.5,908.0,778.0,409.0,23.0,2127.0,3346.0,210.0,3551.0,2413.0,509.0,6477.0,2050.0,744.0,118.0,2914.0,2021,1686.0,0.5165971900571252,0.05913827090960293,0.5482476455148989,0.42689233662435355,0.36577338975082274,0.7926657263751763,0.1922896097790315,0.7035003431708992,0.2553191489361702,0.04049416609471517,False,False,False,False,False,False,False,False
POA2455,2455,3185.0,55.0,1071.0,2.2,456.0,229.0,183.0,11.0,877.0,1164.0,66.0,1230.0,1318.0,193.0,2738.0,845.0,435.0,57.0,1341.0,2021,685.0,0.42512783053323594,0.05365853658536585,0.44923301680058436,0.5199543899657925,0.2611174458380844,0.7810718358038768,0.20866590649942987,0.6301267710663684,0.3243847874720358,0.042505592841163314,False,False,False,False,False,False,False,False
POA2456,2456,17141.0,43.0,1404.0,2.6,2141.0,1760.0,796.0,53.0,4745.0,7499.0,437.0,7935.0,5288.0,780.0,14003.0,4555.0,1498.0,249.0,6304.0,2021,3901.0,0.5355281011211883,0.05507246376811594,0.5666642862243805,0.4512118018967334,0.37091675447839834,0.8221285563751317,0.16775553213909378,0.7225571065989848,0.2376269035532995,0.039498730964467,False,False,False,False,False,False,False,False
POA2460,2460,31079.0,45.0,1165.0,2.4,3593.0,2644.0,1647.0,142.0,8033.0,11496.0,817.0,12313.0,11619.0,1835.0,25759.0,7808.0,3357.0,395.0,11563.0,2021,6237.0,0.44629061687177296,0.06635263542597256,0.4780076866337979,0.4472799701232416,0.3291422880617453,0.7764222581849869,0.20502925432590563,0.6752572861714088,0.2903225806451613,0.0341606849433538,False,False,False,False,False,False,False,False
POA2462,2462,2529.0,53.0,944.0,2.3,379.0,202.0,116.0,10.0,710.0,973.0,63.0,1041.0,979.0,148.0,2168.0,694.0,301.0,34.0,1030.0,2021,581.0,0.4488007380073801,0.06051873198847262,0.4801660516605166,0.5338028169014084,0.28450704225352114,0.8183098591549296,0.16338028169014085,0.6737864077669903,0.2922330097087379,0.03300970873786408,False,False,False,False,False,False,False,False
POA2463,2463,8304.0,52.0,1129.0,2.4,1254.0,768.0,329.0,33.0,2382.0,3076.0,182.0,3260.0,3304.0,437.0,7003.0,2321.0,808.0,85.0,3215.0,2021,2022.0,0.4392403255747537,0.0558282208588957,0.4655147793802656,0.5264483627204031,0.3224181360201511,0.8488664987405542,0.13811922753988246,0.7219284603421462,0.2513219284603421,0.026438569206842923,False,False,False,False,False,False,False,False
POA2464,2464,7058.0,56.0,1141.0,2.1,1188.0,533.0,292.0,20.0,2032.0,2565.0,105.0,2666.0,3066.0,406.0,6142.0,2007.0,935.0,94.0,3042.0,2021,1721.0,0.4176164115923152,0.03938484621155289,0.4340605665906871,0.5846456692913385,0.2623031496062992,0.8469488188976378,0.1437007874015748,0.6597633136094675,0.3073635765943458,0.030900723208415515,False,False,False,False,False,False,False,False
POA2465,2465,346.0,45.0,1101.0,2.4,34.0,32.0,23.0,0.0,95.0,153.0,8.0,161.0,102.0,18.0,281.0,87.0,39.0,9.0,135.0,2021,66.0,0.5444839857651246,0.049689440993788817,0.5729537366548043,0.35789473684210527,0.3368421052631579,0.6947368421052632,0.24210526315789474,0.6444444444444445,0.28888888888888886,0.06666666666666667,False,False,False,False,False,False,False,False
POA2466,2466,1765.0,62.0,834.0,1.9,331.0,88.0,79.0,11.0,514.0,453.0,50.0,502.0,1008.0,88.0,1601.0,511.0,305.0,35.0,854.0,2021,419.0,0.282948157401624,0.099601593625498,0.31355402873204247,0.6439688715953308,0.17120622568093385,0.8151750972762646,0.15369649805447472,0.5983606557377049,0.35714285714285715,0.040983606557377046,False,False,False,False,False,False,False,False
POA2469,2469,4359.0,54.0,847.0,2.2,604.0,294.0,185.0,24.0,1101.0,1392.0,116.0,1503.0,1785.0,484.0,3771.0,1078.0,557.0,57.0,1696.0,2021,898.0,0.36913285600636436,0.0771789753825682,0.39856801909307876,0.5485921889191644,0.2670299727520436,0.815622161671208,0.16802906448683017,0.6356132075471698,0.3284198113207547,0.033608490566037735,False,False,False,False,False,False,False,False
POA2470,2470,15477.0,44.0,1145.0,2.4,1764.0,1405.0,815.0,69.0,4051.0,6033.0,296.0,6327.0,5017.0,1122.0,12469.0,3941.0,1685.0,147.0,5773.0,2021,3169.0,0.4838399230090625,0.04678362573099415,0.5074183976261127,0.4354480375215996,0.3468279437176006,0.7822759812392002,0.20118489261910638,0.682660661701022,0.2918759743634159,0.0254633639355621,False,False,False,False,False,False,False,False
POA2471,2471,2821.0,44.0,1258.0,2.6,295.0,265.0,126.0,13.0,701.0,1167.0,59.0,1222.0,803.0,292.0,2321.0,673.0,192.0,35.0,907.0,2021,560.0,0.5028005170185265,0.04828150572831424,0.5264971994829815,0.42082738944365194,0.3780313837375178,0.7988587731811697,0.1797432239657632,0.7420066152149944,0.21168687982359427,0.03858875413450937,False,False,False,False,False,False,False,False
POA2472,2472,1987.0,45.0,1218.0,2.4,228.0,194.0,97.0,10.0,519.0,864.0,34.0,903.0,562.0,158.0,1620.0,507.0,198.0,33.0,740.0,2021,422.0,0.5333333333333333,0.03765227021040975,0.5574074074074075,0.4393063583815029,0.3737957610789981,0.8131021194605009,0.18689788053949905,0.6851351351351351,0.26756756756756755,0.0445945945945946,False,False,False,False,False,False,False,False
POA2473,2473,3203.0,54.0,1058.0,2.1,487.0,242.0,143.0,12.0,885.0,1180.0,56.0,1238.0,1290.0,227.0,2753.0,867.0,485.0,39.0,1390.0,2021,729.0,0.42862332001452963,0.045234248788368334,0.44969124591354886,0.5502824858757062,0.2734463276836158,0.823728813559322,0.1615819209039548,0.6237410071942446,0.3489208633093525,0.02805755395683453,False,False,False,False,False,False,False,False
POA2474,2474,6492.0,51.0,1003.0,2.2,840.0,515.0,341.0,22.0,1716.0,2419.0,145.0,2564.0,2336.0,510.0,5413.0,1667.0,852.0,92.0,2611.0,2021,1355.0,0.44688712359135413,0.05655226209048362,0.4736744873452799,0.48951048951048953,0.30011655011655014,0.7896270396270396,0.1987179487179487,0.6384527001148985,0.3263117579471467,0.035235541937954806,False,False,False,False,False,False,False,False
POA2475,2475,399.0,53.0,845.0,2.1,56.0,33.0,15.0,0.0,99.0,129.0,12.0,144.0,171.0,35.0,351.0,93.0,61.0,6.0,166.0,2021,89.0,0.36752136752136755,0.08333333333333333,0.41025641025641024,0.5656565656565656,0.3333333333333333,0.898989898989899,0.15151515151515152,0.5602409638554217,0.3674698795180723,0.03614457831325301,False,False,False,False,False,False,False,False
POA2476,2476,847.0,53.0,918.0,2.1,128.0,57.0,33.0,0.0,218.0,311.0,23.0,335.0,287.0,108.0,733.0,217.0,121.0,8.0,345.0,2021,185.0,0.4242837653478854,0.06865671641791045,0.45702592087312416,0.5871559633027523,0.26146788990825687,0.8486238532110092,0.15137614678899083,0.6289855072463768,0.3507246376811594,0.02318840579710145,False,False,False,False,False,False,False,False
POA2477,2477,12899.0,47.0,1451.0,2.4,1667.0,1350.0,609.0,45.0,3670.0,5923.0,200.0,6122.0,4090.0,486.0,10696.0,3572.0,1279.0,137.0,4988.0,2021,3017.0,0.5537584143605087,0.03266906239790918,0.5723635003739715,0.4542234332425068,0.3678474114441417,0.8220708446866485,0.16594005449591281,0.7161186848436247,0.25641539695268645,0.027465918203688853,False,False,False,False,False,False,False,False
POA2478,2478,32053.0,48.0,1403.0,2.3,4053.0,3068.0,1487.0,104.0,8716.0,14217.0,507.0,14723.0,10594.0,1623.0,26942.0,8530.0,3782.0,515.0,12824.0,2021,7121.0,0.5276891099398708,0.03443591659308565,0.5464701952342068,0.4650068838916934,0.3519963285910968,0.8170032124827903,0.1706057824690225,0.6651590767311292,0.2949157829070493,0.04015907673112913,False,False,False,False,False,False,False,False
POA2479,2479,5780.0,43.0,2048.0,2.7,628.0,667.0,204.0,10.0,1506.0,2719.0,104.0,2827.0,1373.0,449.0,4646.0,1458.0,355.0,97.0,1923.0,2021,1295.0,0.5852346104175635,0.03678811460912628,0.6084804132587172,0.4169986719787517,0.44289508632138114,0.8598937583001328,0.13545816733067728,0.7581903276131046,0.18460738429537182,0.050442017680707225,False,False,False,False,False,False,False,False
POA2480,2480,45938.0,44.0,1326.0,2.4,4871.0,4261.0,2541.0,184.0,11854.0,20726.0,1141.0,21864.0,13360.0,2879.0,38110.0,11542.0,5367.0,817.0,17725.0,2021,9132.0,0.54384675938074,0.05218624222466155,0.5737076882707951,0.4109161464484562,0.35945672346887125,0.7703728699173275,0.21435802260840223,0.6511706629055007,0.3027926657263752,0.04609308885754584,False,False,False,False,False,False,False,False
POA2481,2481,13659.0,40.0,1792.0,2.4,1391.0,1106.0,475.0,34.0,3004.0,6741.0,364.0,7106.0,3489.0,1155.0,11748.0,2929.0,1336.0,566.0,4831.0,2021,2497.0,0.573799795709908,0.051224317478187446,0.6048689138576779,0.46304926764314247,0.3681757656458056,0.831225033288948,0.1581225033288948,0.6062926930242186,0.27654729869592215,0.11716000827985924,False,False,False,False,False,False,False,False
POA2482,2482,6967.0,46.0,1333.0,2.5,620.0,634.0,354.0,23.0,1630.0,2897.0,180.0,3079.0,2010.0,702.0,5781.0,1577.0,686.0,179.0,2439.0,2021,1254.0,0.5011243729458571,0.058460539136083144,0.5326068154298564,0.3803680981595092,0.3889570552147239,0.7693251533742331,0.21717791411042944,0.6465764657646577,0.2812628126281263,0.07339073390733908,False,False,False,False,False,False,False,False
POA2483,2483,11616.0,44.0,1442.0,2.4,1201.0,1069.0,617.0,37.0,2925.0,5259.0,302.0,5561.0,3282.0,888.0,9728.0,2832.0,1183.0,342.0,4356.0,2021,2270.0,0.5406044407894737,0.05430677935623089,0.5716488486842105,0.4105982905982906,0.36547008547008547,0.7760683760683761,0.21094017094017095,0.650137741046832,0.27157943067033974,0.07851239669421488,False,False,False,False,False,False,False,False
POA2484,2484,20083.0,47.0,1263.0,2.5,2264.0,1918.0,1047.0,77.0,5299.0,8224.0,489.0,8717.0,6270.0,1661.0,16651.0,5096.0,1908.0,245.0,7250.0,2021,4182.0,0.493904270013813,0.056097281174716074,0.5235121013752928,0.42725042460841667,0.3619550858652576,0.7892055104736743,0.19758444989620683,0.7028965517241379,0.26317241379310347,0.03379310344827586,False,False,False,False,False,False,False,False
POA2485,2485,15349.0,52.0,1096.0,2.0,2002.0,1098.0,796.0,72.0,3969.0,5996.0,365.0,6356.0,5915.0,1186.0,13453.0,3894.0,2556.0,348.0,6799.0,2021,3100.0,0.4456998439009886,0.057426054122089364,0.472459674422062,0.5044091710758377,0.2766439909297052,0.781053162005543,0.20055429579239104,0.5727312840123547,0.37593763788792467,0.051183997646712755,False,False,False,False,False,False,False,False
POA2486,2486,32838.0,48.0,1278.0,2.4,4040.0,3222.0,1654.0,141.0,9064.0,13638.0,697.0,14337.0,11762.0,1610.0,27704.0,8783.0,3605.0,422.0,12816.0,2021,7262.0,0.49227548368466645,0.04861547046104485,0.5175064972567138,0.4457193292144748,0.35547219770520744,0.8011915269196822,0.1824801412180053,0.6853152309612984,0.28128901373283394,0.03292759051186017,False,False,False,False,False,False,False,False
POA2487,2487,15090.0,46.0,1542.0,2.4,1805.0,1654.0,564.0,35.0,4063.0,6742.0,288.0,7033.0,4662.0,650.0,12347.0,3965.0,1563.0,191.0,5711.0,2021,3459.0,0.5460435733376529,0.040949808047774774,0.5696120515104883,0.4442530150135368,0.4070883583558947,0.8513413733694315,0.13881368446960374,0.69427420766941,0.2736823673612327,0.03344423043249869,False,False,False,False,False,False,False,False
POA2488,2488,3523.0,41.0,1610.0,2.5,359.0,397.0,171.0,9.0,931.0,1678.0,82.0,1758.0,846.0,204.0,2806.0,906.0,308.0,41.0,1261.0,2021,756.0,0.5980042765502495,0.04664391353811149,0.6265146115466856,0.38560687432867885,0.4264232008592911,0.8120300751879699,0.1836734693877551,0.71847739888977,0.24425059476605868,0.03251387787470262,False,False,False,False,False,False,False,False
POA2489,2489,7894.0,43.0,1430.0,2.6,925.0,917.0,319.0,19.0,2177.0,3184.0,150.0,3331.0,2453.0,378.0,6170.0,2135.0,665.0,51.0,2850.0,2021,1842.0,0.5160453808752026,0.04503152206544581,0.539870340356564,0.42489664676159855,0.4212218649517685,0.846118511713367,0.1465319246669729,0.7491228070175439,0.23333333333333334,0.017894736842105262,False,False,False,False,False,False,False,False
POA2490,2490,690.0,40.0,1989.0,2.7,78.0,81.0,23.0,3.0,193.0,342.0,14.0,357.0,156.0,34.0,541.0,186.0,40.0,11.0,236.0,2021,159.0,0.6321626617375231,0.0392156862745098,0.6598890942698706,0.40414507772020725,0.41968911917098445,0.8238341968911918,0.11917098445595854,0.788135593220339,0.1694915254237288,0.046610169491525424,False,False,False,False,False,False,False,False
POA2500,2500,43472.0,34.0,1621.0,2.2,4904.0,3564.0,1525.0,227.0,10218.0,21575.0,1436.0,23007.0,12915.0,2217.0,38144.0,10054.0,5903.0,1875.0,17838.0,2021,8468.0,0.5656197567114094,0.06241578649976094,0.6031617030201343,0.47993736543354865,0.34879624192601294,0.8287336073595616,0.14924642787238207,0.5636282094405203,0.3309227491871286,0.10511268079381096,False,False,False,False,False,False,False,False
POA2502,2502,12551.0,39.0,1138.0,2.5,1084.0,1303.0,790.0,63.0,3230.0,4316.0,348.0,4657.0,4842.0,622.0,10130.0,3112.0,1382.0,142.0,4637.0,2021,2387.0,0.42606120434353406,0.07472621859566245,0.45972359328726553,0.33560371517027865,0.40340557275541794,0.7390092879256966,0.24458204334365324,0.6711235712745309,0.29803752426137586,0.030623247789519085,False,False,False,False,False,False,False,False
POA2505,2505,5088.0,42.0,1308.0,2.4,480.0,514.0,335.0,25.0,1356.0,2032.0,126.0,2157.0,1822.0,233.0,4216.0,1311.0,626.0,58.0,2008.0,2021,994.0,0.4819734345351044,0.0584144645340751,0.5116223908918406,0.35398230088495575,0.37905604719764013,0.7330383480825958,0.24705014749262535,0.6528884462151394,0.31175298804780877,0.02888446215139442,False,False,False,False,False,False,False,False
POA2506,2506,7798.0,40.0,1217.0,2.5,712.0,799.0,533.0,28.0,2064.0,2888.0,192.0,3077.0,2857.0,382.0,6313.0,1989.0,793.0,88.0,2875.0,2021,1511.0,0.45746871534927924,0.062398440038999026,0.48740693806431173,0.3449612403100775,0.3871124031007752,0.7320736434108527,0.25823643410852715,0.6918260869565217,0.2758260869565217,0.030608695652173914,False,False,False,False,False,False,False,False
POA2508,2508,9346.0,39.0,2548.0,2.9,880.0,1461.0,287.0,18.0,2639.0,4843.0,154.0,4997.0,2073.0,285.0,7355.0,2575.0,448.0,48.0,3066.0,2021,2341.0,0.6584636301835486,0.030818491094656793,0.6794017675050986,0.3334596438044714,0.5536187949981053,0.8870784388025768,0.10875331564986737,0.8398564905414221,0.1461187214611872,0.015655577299412915,False,False,False,False,False,False,False,False
POA2515,2515,11745.0,42.0,2418.0,2.7,1319.0,1627.0,354.0,22.0,3326.0,5720.0,229.0,5946.0,3189.0,289.0,9425.0,3253.0,790.0,104.0,4146.0,2021,2946.0,0.6068965517241379,0.038513286242852336,0.6308753315649868,0.39657245941070357,0.48917618761274806,0.8857486470234516,0.10643415514131088,0.7846116739025567,0.19054510371442354,0.025084418716835505,False,False,False,False,False,False,False,False
POA2516,2516,6798.0,40.0,2331.0,2.8,585.0,1018.0,230.0,19.0,1859.0,3288.0,140.0,3428.0,1704.0,169.0,5304.0,1828.0,495.0,38.0,2354.0,2021,1603.0,0.6199095022624435,0.040840140023337225,0.6463046757164405,0.3146853146853147,0.5476062399139322,0.8622915545992469,0.12372243141473911,0.7765505522514868,0.2102803738317757,0.016142735768903994,False,False,False,False,False,False,False,False
POA2517,2517,13959.0,42.0,1806.0,2.5,1357.0,1768.0,618.0,35.0,3777.0,6326.0,233.0,6565.0,4285.0,445.0,11290.0,3712.0,1397.0,101.0,5213.0,2021,3125.0,0.5603188662533215,0.03549124143183549,0.5814880425155005,0.3592798517341806,0.4680963727826317,0.8273762245168123,0.1636219221604448,0.7120659888739689,0.2679838864377518,0.019374640322271246,False,False,False,False,False,False,False,False
POA2518,2518,19864.0,41.0,1434.0,2.3,1990.0,2123.0,1098.0,104.0,5307.0,8775.0,438.0,9209.0,6455.0,844.0,16509.0,5215.0,2520.0,304.0,8036.0,2021,4113.0,0.5315282573141923,0.04756216744489087,0.5578169483312133,0.3749764462031279,0.4000376860749953,0.7750141322781232,0.20689655172413793,0.6489547038327527,0.313588850174216,0.037829766052762566,False,False,False,False,False,False,False,False
POA2519,2519,17227.0,41.0,1685.0,2.5,1749.0,1975.0,825.0,74.0,4616.0,7866.0,365.0,8229.0,5408.0,649.0,14288.0,4515.0,1741.0,330.0,6592.0,2021,3724.0,0.550531914893617,0.04435532871551829,0.575937849944009,0.3788994800693241,0.42785961871750433,0.8067590987868284,0.1787261698440208,0.6849211165048543,0.2641080097087379,0.050060679611650484,False,False,False,False,False,False,False,False
POA2525,2525,12335.0,40.0,2042.0,2.8,1155.0,1774.0,441.0,36.0,3397.0,5830.0,245.0,6068.0,3541.0,309.0,9916.0,3311.0,862.0,110.0,4290.0,2021,2929.0,0.5879386849536103,0.04037574159525379,0.6119402985074627,0.34000588754783634,0.5222254930821313,0.8622313806299676,0.12982042979099206,0.7717948717948718,0.20093240093240095,0.02564102564102564,False,False,False,False,False,False,False,False
POA2526,2526,16736.0,39.0,2000.0,2.7,1687.0,2270.0,685.0,62.0,4702.0,7781.0,346.0,8123.0,4874.0,596.0,13594.0,4572.0,1151.0,114.0,5834.0,2021,3957.0,0.5723848756804473,0.04259510033238951,0.5975430336913344,0.35878349638451723,0.48277328796256913,0.8415567843470864,0.14568268821777966,0.7836818649297224,0.19729173808707576,0.019540623928693865,False,False,False,False,False,False,False,False
POA2527,2527,26072.0,35.0,1884.0,2.8,2717.0,3439.0,1263.0,95.0,7509.0,12749.0,455.0,13204.0,6543.0,832.0,20585.0,7255.0,1587.0,176.0,9018.0,2021,6156.0,0.6193344668447899,0.03445925477128143,0.6414379402477532,0.36183246770542016,0.4579837528299374,0.8198162205353575,0.16819816220535358,0.8045021068973165,0.17598137059214902,0.019516522510534488,False,False,False,False,False,False,False,False
POA2528,2528,23735.0,45.0,1166.0,2.4,2568.0,2224.0,1601.0,121.0,6517.0,8865.0,583.0,9455.0,8923.0,1357.0,19737.0,6311.0,2902.0,230.0,9443.0,2021,4792.0,0.449156406748746,0.06166049709148599,0.47904950093732585,0.39404634034064756,0.3412613165566979,0.7353076568973455,0.24566518336657972,0.668325743937308,0.30731758974902046,0.0243566663136715,False,False,False,False,False,False,False,False
POA2529,2529,29134.0,40.0,1878.0,2.7,3139.0,3830.0,1279.0,99.0,8344.0,13822.0,575.0,14391.0,8239.0,1028.0,23656.0,8123.0,1951.0,210.0,10287.0,2021,6969.0,0.5842915116672303,0.03995552776040581,0.6083446060196145,0.37619846596356665,0.4590124640460211,0.8352109300095877,0.1532837967401726,0.7896374064353067,0.18965684844949937,0.020414114902303878,False,False,False,False,False,False,False,False
POA2530,2530,35038.0,39.0,1653.0,2.7,3679.0,4360.0,1816.0,115.0,9970.0,15911.0,715.0,16629.0,10444.0,1030.0,28108.0,9689.0,2659.0,253.0,12603.0,2021,8039.0,0.5660666002561549,0.042997173612363944,0.5916109292728049,0.36900702106318956,0.4373119358074223,0.8063189568706118,0.18214643931795385,0.7687852098706657,0.21098151233833215,0.020074585416170753,False,False,False,False,False,False,False,False
POA2533,2533,17177.0,48.0,1805.0,2.5,2469.0,1972.0,533.0,55.0,5025.0,7478.0,266.0,7745.0,5870.0,746.0,14365.0,4888.0,1457.0,110.0,6464.0,2021,4441.0,0.5205708318830491,0.03434473854099419,0.5391576749042812,0.49134328358208956,0.39243781094527364,0.8837810945273632,0.10606965174129353,0.7561881188118812,0.22540222772277227,0.01701732673267327,False,False,False,False,False,False,False,False
POA2534,2534,5767.0,47.0,1925.0,2.5,761.0,656.0,168.0,13.0,1601.0,2681.0,97.0,2780.0,1808.0,219.0,4804.0,1559.0,487.0,50.0,2099.0,2021,1417.0,0.5580766028309742,0.034892086330935254,0.578684429641965,0.47532792004996877,0.40974391005621486,0.8850718301061836,0.10493441599000625,0.7427346355407337,0.23201524535493093,0.023820867079561697,False,False,False,False,False,False,False,False
POA2535,2535,7993.0,57.0,1384.0,2.2,1375.0,707.0,243.0,26.0,2349.0,3112.0,105.0,3220.0,3232.0,428.0,6881.0,2304.0,934.0,67.0,3305.0,2021,2082.0,0.45225984595262314,0.03260869565217391,0.46795523906408953,0.5853554704129417,0.3009791400595998,0.8863346104725415,0.10344827586206896,0.6971255673222391,0.2826021180030257,0.02027231467473525,False,False,False,False,False,False,False,False
POA2536,2536,19333.0,53.0,1184.0,2.2,2937.0,1442.0,921.0,59.0,5353.0,7123.0,362.0,7482.0,7839.0,1183.0,16506.0,5211.0,2417.0,200.0,7833.0,2021,4379.0,0.4315400460438628,0.04838278535151029,0.45328971283169756,0.5486643003923034,0.26938165514664675,0.8180459555389501,0.17205305436203996,0.6652623515894294,0.3085663219711477,0.025533001404315078,False,False,False,False,False,False,False,False
POA2537,2537,12981.0,55.0,1222.0,2.2,2082.0,1054.0,492.0,46.0,3681.0,5087.0,175.0,5261.0,5132.0,842.0,11243.0,3597.0,1597.0,130.0,5322.0,2021,3136.0,0.4524593080138753,0.033263638091617566,0.4679356043760562,0.5656071719641402,0.28633523499049174,0.8519424069546319,0.1336593317033415,0.6758737316798196,0.3000751597143931,0.024426907177752723,False,False,False,False,False,False,False,False
POA2538,2538,2580.0,54.0,1353.0,2.4,385.0,242.0,72.0,6.0,716.0,1031.0,26.0,1056.0,980.0,152.0,2190.0,694.0,207.0,22.0,925.0,2021,627.0,0.47077625570776255,0.02462121212121212,0.4821917808219178,0.5377094972067039,0.33798882681564246,0.8756983240223464,0.1005586592178771,0.7502702702702703,0.22378378378378377,0.023783783783783784,False,False,False,False,False,False,False,False
POA2539,2539,20305.0,53.0,1141.0,2.2,3179.0,1728.0,899.0,57.0,5867.0,7703.0,390.0,8093.0,8201.0,1008.0,17304.0,5751.0,2461.0,202.0,8411.0,2021,4907.0,0.4451571890892279,0.04818979364883232,0.4676953305594082,0.5418442133969661,0.29452871995909324,0.8363729333560593,0.15322993011760697,0.6837474735465462,0.2925930329330638,0.024016169302104387,False,False,False,False,False,False,False,False
POA2540,2540,48267.0,49.0,1275.0,2.3,6871.0,4396.0,2025.0,147.0,13438.0,18768.0,968.0,19742.0,18768.0,2441.0,40949.0,13078.0,5121.0,495.0,18694.0,2021,11267.0,0.4583262106522748,0.049032519501570254,0.48211189528437814,0.5113112070248549,0.32713201369251377,0.8384432207173687,0.15069206727191548,0.6995827538247567,0.27393816197710497,0.02647908419813844,False,False,False,False,False,False,False,False
POA2541,2541,28038.0,40.0,1235.0,2.4,2943.0,2549.0,1619.0,149.0,7262.0,10971.0,674.0,11642.0,9425.0,1608.0,22680.0,7117.0,3298.0,373.0,10785.0,2021,5492.0,0.48373015873015873,0.05789383267479815,0.51331569664903,0.40526025888185074,0.35100523271825945,0.7562654916001101,0.22294133847424952,0.659898006490496,0.3057950857672694,0.03458507185906352,False,False,False,False,False,False,False,False
POA2545,2545,1117.0,55.0,1187.0,2.2,188.0,86.0,41.0,0.0,313.0,462.0,17.0,480.0,410.0,95.0,990.0,313.0,112.0,12.0,433.0,2021,274.0,0.4666666666666667,0.035416666666666666,0.48484848484848486,0.6006389776357828,0.2747603833865815,0.8753993610223643,0.13099041533546327,0.7228637413394919,0.2586605080831409,0.02771362586605081,False,False,False,False,False,False,False,False
POA2546,2546,10066.0,59.0,1019.0,2.1,1715.0,678.0,360.0,22.0,2780.0,3479.0,134.0,3616.0,4493.0,685.0,8795.0,2731.0,1425.0,113.0,4270.0,2021,2393.0,0.3955656623081296,0.03705752212389381,0.41114269471290504,0.6169064748201439,0.24388489208633093,0.8607913669064748,0.12949640287769784,0.6395784543325527,0.3337236533957845,0.026463700234192037,False,False,False,False,False,False,False,False
POA2548,2548,8419.0,55.0,1228.0,2.1,1405.0,658.0,285.0,23.0,2370.0,3476.0,122.0,3605.0,3366.0,402.0,7372.0,2323.0,1221.0,95.0,3642.0,2021,2063.0,0.4715138361367336,0.03384188626907073,0.4890124796527401,0.5928270042194093,0.2776371308016878,0.8704641350210971,0.12025316455696203,0.6378363536518397,0.33525535420098845,0.026084568918176825,False,False,False,False,False,False,False,False
POA2549,2549,4101.0,51.0,1307.0,2.4,588.0,411.0,140.0,6.0,1144.0,1771.0,50.0,1820.0,1406.0,192.0,3425.0,1114.0,420.0,42.0,1574.0,2021,999.0,0.517080291970803,0.027472527472527472,0.5313868613138686,0.513986013986014,0.35926573426573427,0.8732517482517482,0.12237762237762238,0.7077509529860229,0.2668360864040661,0.026683608640406607,False,False,False,False,False,False,False,False
POA2550,2550,16936.0,49.0,1245.0,2.3,2331.0,1574.0,735.0,42.0,4683.0,7402.0,248.0,7656.0,5422.0,1064.0,14145.0,4580.0,1945.0,170.0,6700.0,2021,3905.0,0.5232944503358077,0.03239289446185998,0.5412513255567338,0.4977578475336323,0.3361093316250267,0.8338671791586589,0.15695067264573992,0.6835820895522388,0.2902985074626866,0.025373134328358207,False,False,False,False,False,False,False,False
POA2551,2551,3718.0,53.0,1015.0,2.2,528.0,272.0,169.0,16.0,977.0,1325.0,83.0,1415.0,1433.0,283.0,3131.0,955.0,502.0,47.0,1501.0,2021,800.0,0.4231874800383264,0.058657243816254416,0.45193229000319385,0.5404298874104401,0.27840327533265097,0.8188331627430911,0.172978505629478,0.6362425049966689,0.3344437041972019,0.0313124583610926,False,False,False,False,False,False,False,False
POA2555,2555,168.0,40.0,1271.0,3.0,19.0,18.0,8.0,0.0,41.0,53.0,0.0,58.0,62.0,20.0,134.0,41.0,4.0,4.0,51.0,2021,37.0,0.39552238805970147,0.0,0.43283582089552236,0.4634146341463415,0.43902439024390244,0.9024390243902439,0.1951219512195122,0.803921568627451,0.0784313725490196,0.0784313725490196,False,False,False,False,False,False,False,False
POA2556,2556,2433.0,42.0,1833.0,3.2,238.0,311.0,82.0,6.0,635.0,1031.0,25.0,1057.0,790.0,195.0,2042.0,562.0,105.0,22.0,689.0,2021,549.0,0.5048971596474046,0.023651844843897825,0.5176297747306562,0.37480314960629924,0.48976377952755906,0.8645669291338582,0.12913385826771653,0.8156748911465893,0.15239477503628446,0.03193033381712627,False,False,False,False,False,False,False,False
POA2557,2557,20103.0,31.0,2453.0,3.2,1591.0,3200.0,671.0,49.0,5514.0,9909.0,379.0,10290.0,3909.0,575.0,14778.0,5237.0,651.0,108.0,5991.0,2021,4791.0,0.6705237515225335,0.03683187560738581,0.6963053187170117,0.28853826623141093,0.5803409503083061,0.8688792165397171,0.12169024301777294,0.8741445501585712,0.10866299449173761,0.018027040560841263,False,False,False,False,False,False,False,False
POA2558,2558,11099.0,36.0,1878.0,3.0,899.0,1490.0,637.0,54.0,3076.0,5086.0,288.0,5379.0,3048.0,386.0,8810.0,2925.0,531.0,81.0,3535.0,2021,2389.0,0.5772985244040862,0.053541550474065815,0.6105561861520998,0.2922626788036411,0.48439531859557866,0.7766579973992198,0.20708712613784136,0.8274398868458275,0.1502121640735502,0.022913719943422915,False,False,False,False,False,False,False,False
POA2559,2559,2991.0,28.0,1141.0,3.1,102.0,311.0,248.0,7.0,670.0,791.0,109.0,903.0,907.0,271.0,2083.0,630.0,173.0,21.0,826.0,2021,413.0,0.3797407585213634,0.12070874861572536,0.43350936149783964,0.15223880597014924,0.46417910447761196,0.6164179104477612,0.3701492537313433,0.7627118644067796,0.20944309927360774,0.025423728813559324,False,False,False,False,False,False,False,False
POA2560,2560,82543.0,35.0,1609.0,2.8,6818.0,9920.0,4762.0,397.0,21899.0,33736.0,2242.0,35976.0,24992.0,4116.0,65085.0,20885.0,6224.0,742.0,27861.0,2021,16738.0,0.5183375585772452,0.06231932399377363,0.5527540908043328,0.3113384172793278,0.45298872094616194,0.7643271382254897,0.21745285172838943,0.749614155988658,0.22339470945048634,0.02663220989914217,False,False,False,False,False,False,False,False
POA2563,2563,276.0,37.0,1924.0,3.0,19.0,30.0,13.0,0.0,66.0,119.0,0.0,122.0,76.0,30.0,226.0,64.0,19.0,3.0,82.0,2021,49.0,0.5265486725663717,0.0,0.5398230088495575,0.2878787878787879,0.45454545454545453,0.7424242424242424,0.19696969696969696,0.7804878048780488,0.23170731707317074,0.036585365853658534,False,False,False,False,False,False,False,False
POA2564,2564,14198.0,36.0,1378.0,2.9,841.0,1816.0,944.0,73.0,3682.0,4956.0,492.0,5447.0,4707.0,816.0,10966.0,3511.0,1009.0,101.0,4623.0,2021,2657.0,0.45194236731716214,0.09032494951349367,0.4967171256611344,0.22840847365562195,0.4932102118413905,0.7216186854970125,0.25638240086909286,0.7594635518061864,0.218256543370106,0.021847285312567598,False,False,False,False,False,False,False,False
POA2565,2565,31588.0,34.0,2025.0,3.0,2294.0,4793.0,1256.0,102.0,8443.0,13788.0,815.0,14601.0,8405.0,1146.0,24155.0,8008.0,1620.0,194.0,9825.0,2021,7087.0,0.5708134961705651,0.055818094651051295,0.6044711239908922,0.271704370484425,0.5676892099964468,0.8393935804808718,0.1487622882861542,0.8150636132315522,0.1648854961832061,0.01974554707379135,False,False,False,False,False,False,False,False
POA2566,2566,27796.0,35.0,1772.0,3.1,1973.0,3937.0,1381.0,129.0,7427.0,11619.0,752.0,12367.0,7910.0,1217.0,21499.0,7003.0,1441.0,174.0,8615.0,2021,5910.0,0.5404437415693754,0.06080698633460015,0.5752360574910461,0.26565234953547867,0.5300929042682105,0.7957452538036892,0.1859431802881379,0.8128845037724899,0.16726639582124203,0.020197330237957053,False,False,False,False,False,False,False,False
POA2567,2567,40951.0,34.0,2423.0,3.2,2961.0,6420.0,1768.0,114.0,11260.0,21302.0,692.0,21996.0,8410.0,868.0,31271.0,10770.0,1623.0,189.0,12584.0,2021,9381.0,0.6812062294138339,0.0314602655028187,0.7033993156598766,0.26296625222024866,0.5701598579040853,0.8331261101243339,0.1570159857904085,0.8558486967577876,0.12897329942784488,0.015019071837253655,False,False,False,False,False,False,False,False
POA2568,2568,1252.0,54.0,1476.0,2.6,162.0,142.0,9.0,0.0,316.0,472.0,7.0,482.0,412.0,181.0,1074.0,304.0,94.0,4.0,401.0,2021,304.0,0.43947858472998136,0.014522821576763486,0.44878957169459965,0.5126582278481012,0.44936708860759494,0.9620253164556962,0.028481012658227847,0.7581047381546134,0.2344139650872818,0.00997506234413965,False,False,False,False,False,False,False,False
POA2569,2569,1386.0,42.0,2250.0,3.1,150.0,195.0,38.0,4.0,381.0,680.0,8.0,692.0,381.0,53.0,1120.0,359.0,64.0,3.0,427.0,2021,345.0,0.6071428571428571,0.011560693641618497,0.6178571428571429,0.3937007874015748,0.5118110236220472,0.905511811023622,0.09973753280839895,0.8407494145199064,0.14988290398126464,0.00702576112412178,False,False,False,False,False,False,False,False
POA2570,2570,63663.0,33.0,2281.0,3.0,5505.0,9455.0,2441.0,130.0,17532.0,31126.0,1093.0,32218.0,13624.0,2024.0,47868.0,16830.0,3100.0,319.0,20245.0,2021,14960.0,0.6502465112392413,0.033925135017691975,0.6730592462605498,0.31399726214921286,0.5392995665069586,0.8532968286561716,0.1392311202372804,0.8313163744134354,0.15312422820449495,0.01575697703136577,False,False,False,False,False,False,False,False
POA2571,2571,13174.0,36.0,2326.0,3.0,1294.0,1920.0,412.0,25.0,3654.0,6755.0,193.0,6951.0,2750.0,486.0,10184.0,3500.0,647.0,49.0,4205.0,2021,3214.0,0.6632953652788688,0.02776578909509423,0.6825412411626081,0.3541324575807334,0.5254515599343186,0.879584017515052,0.11275314723590586,0.8323424494649228,0.15386444708680141,0.011652794292508917,False,False,False,False,False,False,False,False
POA2572,2572,5484.0,39.0,1756.0,2.7,643.0,654.0,225.0,17.0,1533.0,2522.0,78.0,2608.0,1486.0,326.0,4416.0,1470.0,407.0,22.0,1902.0,2021,1297.0,0.5711050724637681,0.0299079754601227,0.5905797101449275,0.41943900848010435,0.42661448140900193,0.8460534898891063,0.14677103718199608,0.7728706624605678,0.21398527865404837,0.011566771819137749,False,False,False,False,False,False,False,False
POA2573,2573,5777.0,34.0,1739.0,2.7,502.0,706.0,343.0,16.0,1569.0,2664.0,101.0,2762.0,1495.0,181.0,4435.0,1511.0,459.0,52.0,2023.0,2021,1208.0,0.6006764374295378,0.036567704561911656,0.6227733934611048,0.31994901210962395,0.449968132568515,0.769917144678139,0.21861057998725303,0.7469105289174494,0.226890756302521,0.02570439940682155,False,False,False,False,False,False,False,False
POA2574,2574,5934.0,40.0,1841.0,2.9,629.0,760.0,245.0,13.0,1642.0,2807.0,105.0,2908.0,1623.0,217.0,4749.0,1553.0,403.0,25.0,1983.0,2021,1389.0,0.5910718045904401,0.03610729023383769,0.6123394398820804,0.3830694275274056,0.4628501827040195,0.8459196102314251,0.1492082825822168,0.7831568330811901,0.2032274331820474,0.012607160867372668,False,False,False,False,False,False,False,False
POA2575,2575,17846.0,42.0,1772.0,2.6,2033.0,2155.0,709.0,62.0,4950.0,8725.0,285.0,9014.0,4840.0,614.0,14459.0,4784.0,1553.0,166.0,6505.0,2021,4188.0,0.6034303893768587,0.03161748391391169,0.6234179403831523,0.4107070707070707,0.4353535353535353,0.8460606060606061,0.14323232323232324,0.7354342813220599,0.23873943120676402,0.025518831667947734,False,False,False,False,False,False,False,False
POA2576,2576,14189.0,56.0,1677.0,2.3,2228.0,1331.0,463.0,34.0,4063.0,5705.0,161.0,5864.0,5652.0,661.0,12174.0,3985.0,1665.0,103.0,5749.0,2021,3559.0,0.4686216527024807,0.027455661664392905,0.481682273698045,0.5483632783657396,0.32759045040610385,0.8759537287718435,0.11395520551316761,0.6931640285267003,0.28961558531918596,0.01791615933205775,False,False,False,False,False,False,False,False
POA2577,2577,16724.0,47.0,1667.0,2.4,2230.0,1757.0,651.0,51.0,4692.0,7879.0,241.0,8120.0,4875.0,908.0,13902.0,4576.0,1634.0,136.0,6344.0,2021,3987.0,0.5667529851819882,0.029679802955665024,0.5840886203423967,0.4752770673486786,0.3744671781756181,0.8497442455242967,0.1387468030690537,0.7213114754098361,0.25756620428751575,0.021437578814627996,False,False,False,False,False,False,False,False
POA2578,2578,2846.0,59.0,1289.0,2.2,509.0,218.0,103.0,3.0,836.0,1148.0,28.0,1177.0,1231.0,111.0,2519.0,817.0,370.0,23.0,1209.0,2021,727.0,0.4557364033346566,0.0237892948173322,0.4672489082969432,0.6088516746411483,0.2607655502392344,0.8696172248803827,0.12320574162679426,0.6757650951199339,0.30603804797353185,0.01902398676592225,False,False,False,False,False,False,False,False
POA2579,2579,4646.0,46.0,1589.0,2.5,647.0,503.0,147.0,9.0,1306.0,2053.0,73.0,2127.0,1362.0,292.0,3774.0,1250.0,397.0,36.0,1687.0,2021,1150.0,0.5439851616322204,0.03432063939821345,0.5635930047694754,0.49540581929555894,0.38514548238897395,0.8805513016845329,0.1125574272588055,0.7409602845287493,0.23532898636633076,0.02133965619442798,False,False,False,False,False,False,False,False
POA2580,2580,31629.0,42.0,1470.0,2.4,3593.0,3093.0,1426.0,106.0,8219.0,14307.0,627.0,14931.0,9468.0,1655.0,26053.0,8030.0,3646.0,306.0,11981.0,2021,6686.0,0.5491498100026868,0.041993168575447055,0.5731009864506966,0.43715780508577684,0.37632315366832947,0.8134809587541063,0.17350042584255992,0.6702278607795676,0.30431516567899175,0.02554043902846173,False,False,False,False,False,False,False,False
POA2581,2581,2507.0,42.0,2118.0,2.7,296.0,322.0,68.0,4.0,693.0,1287.0,27.0,1317.0,499.0,157.0,1977.0,669.0,182.0,11.0,862.0,2021,618.0,0.6509863429438544,0.02050113895216401,0.6661608497723824,0.42712842712842713,0.46464646464646464,0.8917748917748918,0.09812409812409813,0.7761020881670534,0.2111368909512761,0.012761020881670533,False,False,False,False,False,False,False,False
POA2582,2582,13693.0,42.0,2175.0,2.7,1558.0,1758.0,466.0,34.0,3815.0,7031.0,205.0,7236.0,3199.0,570.0,11000.0,3699.0,1009.0,67.0,4774.0,2021,3316.0,0.6391818181818182,0.028330569375345494,0.6578181818181819,0.40838794233289644,0.46081258191349933,0.8692005242463958,0.12214941022280472,0.7748219522413071,0.21135316296606618,0.014034352744030164,False,False,False,False,False,False,False,False
POA2583,2583,4604.0,52.0,1267.0,2.3,673.0,439.0,148.0,12.0,1278.0,2048.0,77.0,2120.0,1478.0,306.0,3904.0,1255.0,577.0,22.0,1855.0,2021,1112.0,0.5245901639344263,0.03632075471698113,0.5430327868852459,0.52660406885759,0.3435054773082942,0.8701095461658842,0.11580594679186229,0.6765498652291105,0.3110512129380054,0.011859838274932614,False,False,False,False,False,False,False,False
POA2584,2584,550.0,45.0,1433.0,2.3,63.0,57.0,18.0,0.0,140.0,252.0,3.0,254.0,146.0,37.0,440.0,139.0,70.0,10.0,218.0,2021,120.0,0.5727272727272728,0.011811023622047244,0.5772727272727273,0.45,0.40714285714285714,0.8571428571428571,0.12857142857142856,0.6376146788990825,0.3211009174311927,0.045871559633027525,False,False,False,False,False,False,False,False
POA2585,2585,235.0,44.0,1111.0,2.3,24.0,25.0,6.0,0.0,54.0,100.0,4.0,101.0,63.0,33.0,198.0,49.0,30.0,3.0,81.0,2021,49.0,0.5050505050505051,0.039603960396039604,0.51010101010101,0.4444444444444444,0.46296296296296297,0.9074074074074074,0.1111111111111111,0.6049382716049383,0.37037037037037035,0.037037037037037035,False,False,False,False,False,False,False,False
POA2586,2586,2871.0,50.0,1232.0,2.3,391.0,253.0,78.0,6.0,727.0,1149.0,41.0,1197.0,883.0,293.0,2366.0,711.0,341.0,19.0,1069.0,2021,644.0,0.48562975486052407,0.034252297410192145,0.5059171597633136,0.5378266850068776,0.34800550206327374,0.8858321870701513,0.10729023383768914,0.6651075771749299,0.31898971000935455,0.01777362020579981,False,False,False,False,False,False,False,False
POA2587,2587,2932.0,49.0,1126.0,2.2,396.0,271.0,116.0,7.0,799.0,1214.0,60.0,1272.0,958.0,188.0,2422.0,787.0,384.0,30.0,1198.0,2021,667.0,0.5012386457473162,0.04716981132075472,0.5251857968620974,0.4956195244055069,0.33917396745932415,0.8347934918648311,0.14518147684605756,0.6569282136894825,0.32053422370617696,0.025041736227045076,False,False,False,False,False,False,False,False
POA2588,2588,299.0,54.0,1416.0,2.3,51.0,31.0,8.0,0.0,90.0,134.0,3.0,140.0,91.0,16.0,249.0,90.0,30.0,0.0,115.0,2021,82.0,0.5381526104417671,0.02142857142857143,0.5622489959839357,0.5666666666666667,0.34444444444444444,0.9111111111111111,0.08888888888888889,0.782608695652174,0.2608695652173913,0.0,False,False,False,False,False,False,False,False
POA2590,2590,7153.0,51.0,1035.0,2.2,1034.0,595.0,297.0,23.0,1946.0,2639.0,131.0,2770.0,2829.0,378.0,5981.0,1921.0,984.0,59.0,2964.0,2021,1629.0,0.4412305634509279,0.047292418772563176,0.4631332553084768,0.5313463514902363,0.3057553956834532,0.8371017471736896,0.1526207605344296,0.648110661268556,0.3319838056680162,0.0199055330634278,False,False,False,False,False,False,False,False
POA2594,2594,12150.0,42.0,1186.0,2.4,1331.0,1204.0,575.0,53.0,3162.0,5123.0,249.0,5375.0,3655.0,684.0,9709.0,3105.0,1389.0,114.0,4608.0,2021,2535.0,0.5276547533216603,0.046325581395348835,0.5536100525285818,0.4209361163820367,0.38077166350411135,0.801707779886148,0.18184693232131563,0.673828125,0.3014322916666667,0.024739583333333332,False,False,False,False,False,False,False,False
POA2600,2600,8255.0,45.0,3016.0,2.2,1125.0,862.0,202.0,12.0,2201.0,4299.0,103.0,4407.0,2267.0,429.0,7110.0,2163.0,1108.0,118.0,3392.0,2021,1987.0,0.6046413502109704,0.02337190832766054,0.619831223628692,0.5111313039527488,0.39164016356201725,0.902771467514766,0.09177646524307133,0.6376768867924528,0.3266509433962264,0.0347877358490566,False,False,False,False,False,False,False,False
POA2601,2601,7680.0,22.0,2232.0,1.7,633.0,102.0,58.0,19.0,811.0,4290.0,517.0,4806.0,1699.0,1019.0,7527.0,809.0,799.0,184.0,1799.0,2021,735.0,0.5699481865284974,0.1075738660008323,0.6385013949780789,0.7805178791615289,0.12577065351418001,0.906288532675709,0.07151664611590629,0.44969427459699834,0.4441356309060589,0.10227904391328516,False,False,False,False,False,False,False,False
POA2602,2602,34540.0,36.0,2337.0,2.4,3525.0,3605.0,1208.0,168.0,8508.0,19514.0,739.0,20250.0,7504.0,1120.0,28876.0,8389.0,4103.0,1189.0,13683.0,2021,7130.0,0.6757861199612135,0.036493827160493826,0.7012744147388835,0.41431593794076166,0.42371885284438177,0.8380347907851434,0.14198401504466385,0.6130965431557407,0.29986114156252286,0.0868961485054447,False,False,False,False,False,False,False,False
POA2603,2603,10306.0,41.0,2991.0,2.3,1241.0,1146.0,281.0,35.0,2701.0,5918.0,192.0,6111.0,2413.0,295.0,8817.0,2670.0,1250.0,195.0,4119.0,2021,2387.0,0.6712033571509584,0.031418753068237604,0.6930928887376658,0.4594594594594595,0.42428730099962975,0.8837467604590892,0.10403554239170677,0.6482155863073562,0.30347171643602816,0.04734158776402039,False,False,False,False,False,False,False,False
POA2604,2604,13034.0,37.0,2434.0,2.0,1601.0,1086.0,471.0,44.0,3205.0,7633.0,226.0,7861.0,2516.0,952.0,11329.0,3173.0,2208.0,357.0,5745.0,2021,2687.0,0.673757613205049,0.028749522961455286,0.6938829552475947,0.4995319812792512,0.33884555382215287,0.838377535101404,0.1469578783151326,0.5523063533507397,0.3843342036553525,0.062140992167101824,False,False,False,False,False,False,False,False
POA2605,2605,12488.0,41.0,2894.0,2.6,1206.0,1653.0,394.0,38.0,3291.0,6143.0,222.0,6365.0,3309.0,359.0,10034.0,3244.0,1062.0,105.0,4411.0,2021,2859.0,0.6122184572453657,0.03487824037706206,0.6343432330077736,0.3664539653600729,0.5022789425706472,0.8687329079307201,0.11972044971133394,0.7354341419179324,0.24076173203355247,0.023804126048515076,False,False,False,False,False,False,False,False
POA2606,2606,12071.0,34.0,2156.0,2.2,1508.0,1170.0,392.0,74.0,3150.0,7277.0,254.0,7526.0,2440.0,424.0,10386.0,3079.0,2001.0,263.0,5347.0,2021,2678.0,0.7006547275178124,0.033749667818230134,0.7246293086847679,0.47873015873015873,0.37142857142857144,0.8501587301587301,0.12444444444444444,0.5758369178978867,0.3742285393678698,0.04918645969702637,False,False,False,False,False,False,False,False
POA2607,2607,14717.0,42.0,2418.0,2.5,1652.0,1850.0,509.0,55.0,4067.0,7330.0,290.0,7620.0,4026.0,445.0,12090.0,3977.0,1439.0,145.0,5570.0,2021,3502.0,0.6062861869313482,0.03805774278215223,0.630272952853598,0.40619621342512907,0.4548807474797148,0.8610769609048439,0.12515367592820262,0.7140035906642729,0.2583482944344704,0.026032315978456014,False,False,False,False,False,False,False,False
POA2609,2609,1136.0,47.0,1116.0,1.9,78.0,52.0,31.0,6.0,170.0,460.0,41.0,499.0,257.0,282.0,1042.0,161.0,191.0,13.0,371.0,2021,130.0,0.44145873320537427,0.08216432865731463,0.47888675623800386,0.4588235294117647,0.3058823529411765,0.7647058823529411,0.18235294117647058,0.4339622641509434,0.5148247978436657,0.03504043126684636,False,False,False,False,False,False,False,False
POA2611,2611,36535.0,36.0,2482.0,2.6,3736.0,4792.0,1398.0,122.0,10051.0,19247.0,680.0,19929.0,7907.0,1112.0,28945.0,9855.0,3182.0,427.0,13463.0,2021,8528.0,0.6649507686992572,0.03412113001154097,0.6885126964933495,0.37170430802905186,0.4767684807481843,0.8484727887772361,0.1390906377474878,0.7320062393225878,0.2363514818391146,0.03171655648815271,False,False,False,False,False,False,False,False
POA2612,2612,18965.0,30.0,2371.0,2.0,2508.0,1123.0,329.0,74.0,4035.0,12760.0,405.0,13166.0,3163.0,1124.0,17460.0,3990.0,3185.0,1023.0,8191.0,2021,3631.0,0.7308132875143184,0.03076105119246544,0.7540664375715922,0.6215613382899629,0.27831474597273853,0.8998760842627014,0.0815365551425031,0.48712000976681724,0.388841411305091,0.12489317543645465,False,False,False,False,False,False,False,False
POA2614,2614,20595.0,39.0,2250.0,2.5,2184.0,2424.0,787.0,76.0,5466.0,10229.0,427.0,10659.0,5523.0,762.0,16948.0,5353.0,2136.0,337.0,7830.0,2021,4608.0,0.6035520415388247,0.04006004315601839,0.6289237668161435,0.3995609220636663,0.4434687156970362,0.8430296377607025,0.14398097328942555,0.6836526181353768,0.2727969348659004,0.04303959131545339,False,False,False,False,False,False,False,False
POA2615,2615,47356.0,36.0,2262.0,2.7,4595.0,6224.0,2134.0,177.0,13132.0,24442.0,1014.0,25454.0,10704.0,1139.0,37301.0,12857.0,3814.0,495.0,17164.0,2021,10819.0,0.6552639339427897,0.03983656792645557,0.6823945738720142,0.3499086201644837,0.4739567468778556,0.8238653670423394,0.16250380749314652,0.7490678163598229,0.22220927522721975,0.028839431367979493,False,False,False,False,False,False,False,False
POA2617,2617,38073.0,32.0,2177.0,2.4,4646.0,3671.0,1245.0,215.0,9771.0,21720.0,1048.0,22771.0,8533.0,1219.0,32527.0,9560.0,3840.0,1106.0,14514.0,2021,8317.0,0.6677529437083038,0.046023450880505905,0.7000645617487011,0.4754886910244601,0.37570361273155256,0.8511923037560127,0.12741786920478967,0.6586743833540031,0.2645721372467962,0.07620228744660328,False,False,False,False,False,False,False,False
POA2618,2618,1397.0,44.0,2878.0,3.0,153.0,197.0,26.0,0.0,378.0,752.0,19.0,775.0,320.0,42.0,1140.0,363.0,64.0,8.0,434.0,2021,350.0,0.6596491228070176,0.024516129032258065,0.6798245614035088,0.40476190476190477,0.5211640211640212,0.9259259259259259,0.06878306878306878,0.836405529953917,0.14746543778801843,0.018433179723502304,False,False,False,False,False,False,False,False
POA2619,2619,9601.0,38.0,3403.0,3.0,820.0,1619.0,292.0,10.0,2738.0,5714.0,100.0,5814.0,1521.0,167.0,7509.0,2670.0,420.0,28.0,3121.0,2021,2439.0,0.760953522439739,0.01719986240110079,0.77427087495006,0.29948867786705624,0.5913075237399562,0.8907962016070125,0.10664718772826881,0.8554950336430631,0.13457225248317847,0.008971483498878564,False,False,False,False,False,False,False,False
POA2620,2620,45604.0,37.0,2181.0,2.5,4588.0,5527.0,1776.0,190.0,12084.0,24704.0,865.0,25570.0,9315.0,2085.0,36975.0,11668.0,4688.0,439.0,16796.0,2021,10115.0,0.6681271129141312,0.03382870551427454,0.6915483434753211,0.3796756041046011,0.45738166170142336,0.8370572658060245,0.14697120158887786,0.6946892117170755,0.27911407477970945,0.026137175517980473,False,False,False,False,False,False,False,False
POA2621,2621,6688.0,40.0,2939.0,2.9,784.0,988.0,180.0,12.0,1962.0,3735.0,93.0,3828.0,1215.0,207.0,5248.0,1901.0,308.0,25.0,2230.0,2021,1772.0,0.7116996951219512,0.024294670846394983,0.729420731707317,0.399592252803262,0.5035677879714577,0.9031600407747197,0.09174311926605505,0.8524663677130044,0.13811659192825113,0.011210762331838564,False,False,False,False,False,False,False,False
POA2622,2622,4141.0,50.0,1428.0,2.2,643.0,365.0,119.0,13.0,1137.0,1934.0,67.0,1999.0,1174.0,284.0,3457.0,1113.0,502.0,34.0,1642.0,2021,1008.0,0.5594446051489731,0.0335167583791896,0.5782470350014464,0.565523306948109,0.3210202286719437,0.8865435356200527,0.10466138962181179,0.6778319123020706,0.30572472594397077,0.020706455542021926,False,False,False,False,False,False,False,False
POA2623,2623,611.0,40.0,1644.0,2.4,69.0,60.0,30.0,0.0,163.0,299.0,20.0,316.0,147.0,27.0,489.0,163.0,71.0,4.0,242.0,2021,129.0,0.6114519427402862,0.06329113924050633,0.6462167689161554,0.4233128834355828,0.36809815950920244,0.7914110429447853,0.18404907975460122,0.6735537190082644,0.29338842975206614,0.01652892561983471,False,False,False,False,False,False,False,False
POA2624,2624,162.0,31.0,1437.0,2.3,4.0,4.0,0.0,0.0,10.0,115.0,0.0,115.0,4.0,20.0,142.0,3.0,5.0,0.0,8.0,2021,8.0,0.8098591549295775,0.0,0.8098591549295775,0.4,0.4,0.8,0.0,0.375,0.625,0.0,False,False,True,True,False,False,False,False
POA2625,2625,400.0,37.0,1666.0,2.0,24.0,16.0,7.0,0.0,44.0,218.0,6.0,224.0,30.0,116.0,363.0,47.0,38.0,11.0,91.0,2021,40.0,0.6005509641873278,0.026785714285714284,0.6170798898071626,0.5454545454545454,0.36363636363636365,0.9090909090909091,0.1590909090909091,0.5164835164835165,0.4175824175824176,0.12087912087912088,False,False,False,False,False,False,False,False
POA2626,2626,515.0,45.0,2202.0,2.5,79.0,51.0,15.0,0.0,152.0,270.0,12.0,286.0,103.0,33.0,420.0,149.0,30.0,6.0,186.0,2021,130.0,0.6428571428571429,0.04195804195804196,0.680952380952381,0.5197368421052632,0.3355263157894737,0.8552631578947368,0.09868421052631579,0.8010752688172043,0.16129032258064516,0.03225806451612903,False,False,False,False,False,False,False,False
POA2627,2627,5263.0,35.0,2124.0,2.6,522.0,511.0,138.0,10.0,1185.0,3246.0,56.0,3309.0,858.0,238.0,4407.0,1161.0,431.0,190.0,1784.0,2021,1033.0,0.7365554799183118,0.016923541855545482,0.7508509189925119,0.44050632911392407,0.4312236286919831,0.8717299578059071,0.11645569620253164,0.6507847533632287,0.24159192825112108,0.10650224215246637,False,False,False,False,False,False,False,False
POA2628,2628,2176.0,45.0,1531.0,2.4,261.0,253.0,76.0,3.0,591.0,1105.0,28.0,1130.0,518.0,140.0,1793.0,591.0,226.0,25.0,838.0,2021,514.0,0.6162855549358617,0.024778761061946902,0.630228667038483,0.4416243654822335,0.428087986463621,0.8697123519458545,0.12859560067681894,0.7052505966587113,0.26968973747016706,0.029832935560859187,False,False,False,False,False,False,False,False
POA2629,2629,534.0,58.0,1008.0,1.9,88.0,30.0,11.0,0.0,123.0,209.0,13.0,222.0,181.0,73.0,475.0,124.0,86.0,9.0,219.0,2021,118.0,0.44,0.05855855855855856,0.4673684210526316,0.7154471544715447,0.24390243902439024,0.959349593495935,0.08943089430894309,0.5662100456621004,0.3926940639269406,0.0410958904109589,False,False,False,False,False,False,False,False
POA2630,2630,8876.0,46.0,1446.0,2.3,1087.0,844.0,349.0,24.0,2308.0,4143.0,135.0,4278.0,2656.0,496.0,7432.0,2271.0,1134.0,93.0,3496.0,2021,1931.0,0.557454251883746,0.03155680224403927,0.5756189451022605,0.47097053726169846,0.36568457538994803,0.8366551126516465,0.15121317157712305,0.6495995423340961,0.324370709382151,0.02660183066361556,False,False,False,False,False,False,False,False
POA2631,2631,629.0,50.0,1222.0,2.2,74.0,56.0,17.0,5.0,149.0,266.0,6.0,275.0,192.0,65.0,527.0,146.0,89.0,0.0,237.0,2021,130.0,0.5047438330170778,0.02181818181818182,0.5218216318785579,0.4966442953020134,0.37583892617449666,0.87248322147651,0.11409395973154363,0.6160337552742616,0.3755274261603376,0.0,False,False,False,False,False,False,False,False
POA2632,2632,1892.0,47.0,1307.0,2.2,262.0,162.0,69.0,3.0,499.0,879.0,39.0,922.0,522.0,120.0,1564.0,491.0,256.0,17.0,763.0,2021,424.0,0.5620204603580563,0.04229934924078091,0.5895140664961637,0.5250501002004008,0.3246492985971944,0.8496993987975952,0.13827655310621242,0.6435124508519003,0.33551769331585846,0.022280471821756225,False,False,False,False,False,False,False,False
POA2633,2633,321.0,55.0,817.0,2.0,49.0,23.0,8.0,0.0,83.0,126.0,8.0,131.0,127.0,16.0,276.0,83.0,56.0,0.0,140.0,2021,72.0,0.45652173913043476,0.061068702290076333,0.4746376811594203,0.5903614457831325,0.27710843373493976,0.8674698795180723,0.0963855421686747,0.5928571428571429,0.4,0.0,False,False,False,False,False,False,False,False
POA2640,2640,39879.0,39.0,1570.0,2.4,4381.0,4221.0,1735.0,142.0,10478.0,19446.0,851.0,20302.0,10243.0,1764.0,32307.0,10323.0,4636.0,569.0,15527.0,2021,8602.0,0.6019128981335314,0.04191705250714215,0.628408703996038,0.41811414392059554,0.40284405420881847,0.8209581981294141,0.16558503531208246,0.6648418883235654,0.298576672892381,0.036645842725574806,False,False,False,False,False,False,False,False
POA2641,2641,16550.0,39.0,1172.0,2.3,1693.0,1485.0,982.0,80.0,4236.0,7093.0,468.0,7567.0,5050.0,884.0,13496.0,4137.0,2375.0,254.0,6766.0,2021,3178.0,0.5255631298162419,0.06184749570503502,0.5606846473029046,0.39966949952785646,0.35056657223796034,0.7502360717658169,0.23182247403210576,0.6114395506946497,0.3510198049068874,0.0375406443984629,False,False,False,False,False,False,False,False
POA2642,2642,5476.0,41.0,1786.0,2.8,577.0,658.0,156.0,4.0,1405.0,2611.0,74.0,2684.0,1168.0,407.0,4258.0,1371.0,339.0,28.0,1744.0,2021,1235.0,0.613198684828558,0.027570789865871834,0.6303428839830907,0.4106761565836299,0.46832740213523133,0.8790035587188612,0.1110320284697509,0.7861238532110092,0.19438073394495411,0.016055045871559634,False,False,False,False,False,False,False,False
POA2643,2643,2997.0,49.0,1293.0,2.3,453.0,288.0,110.0,8.0,857.0,1284.0,53.0,1342.0,1021.0,140.0,2501.0,847.0,316.0,37.0,1198.0,2021,741.0,0.5133946421431428,0.039493293591654245,0.5365853658536586,0.5285880980163361,0.33605600933488916,0.8646441073512252,0.12835472578763127,0.7070116861435726,0.2637729549248748,0.030884808013355594,False,False,False,False,False,False,False,False
POA2644,2644,2442.0,49.0,1301.0,2.3,330.0,220.0,88.0,3.0,648.0,1075.0,18.0,1096.0,764.0,173.0,2032.0,642.0,295.0,20.0,953.0,2021,550.0,0.5290354330708661,0.016423357664233577,0.5393700787401575,0.5092592592592593,0.3395061728395062,0.8487654320987654,0.13580246913580246,0.6736621196222455,0.3095487932843652,0.02098635886673662,False,False,False,False,False,False,False,False
POA2645,2645,339.0,58.0,933.0,2.2,48.0,28.0,15.0,0.0,93.0,140.0,11.0,151.0,140.0,21.0,310.0,94.0,43.0,3.0,142.0,2021,76.0,0.45161290322580644,0.0728476821192053,0.4870967741935484,0.5161290322580645,0.3010752688172043,0.8172043010752689,0.16129032258064516,0.6619718309859155,0.3028169014084507,0.02112676056338028,False,False,False,False,False,False,False,False
POA2646,2646,6841.0,51.0,1165.0,2.2,930.0,590.0,269.0,15.0,1806.0,2971.0,96.0,3065.0,2297.0,421.0,5783.0,1784.0,1001.0,59.0,2836.0,2021,1520.0,0.5137471900397718,0.03132137030995106,0.5300017292062943,0.5149501661129569,0.3266888150609081,0.8416389811738649,0.14894795127353266,0.6290550070521862,0.35296191819464035,0.02080394922425952,False,False,False,False,False,False,False,False
POA2647,2647,2557.0,53.0,1185.0,2.3,392.0,214.0,72.0,3.0,688.0,1021.0,20.0,1044.0,898.0,214.0,2158.0,680.0,287.0,25.0,988.0,2021,606.0,0.47312326227988877,0.019157088122605363,0.48378127896200185,0.5697674418604651,0.311046511627907,0.8808139534883721,0.10465116279069768,0.6882591093117408,0.29048582995951416,0.025303643724696356,False,False,False,False,False,False,False,False
POA2648,2648,2671.0,51.0,1066.0,2.2,332.0,207.0,84.0,12.0,637.0,1038.0,49.0,1085.0,798.0,381.0,2262.0,631.0,303.0,16.0,944.0,2021,539.0,0.4588859416445623,0.04516129032258064,0.4796640141467728,0.521193092621664,0.3249607535321821,0.8461538461538461,0.13186813186813187,0.6684322033898306,0.3209745762711864,0.01694915254237288,False,False,False,False,False,False,False,False
POA2649,2649,30.0,38.0,1375.0,2.8,3.0,3.0,0.0,0.0,12.0,14.0,0.0,14.0,10.0,0.0,22.0,7.0,4.0,0.0,12.0,2021,6.0,0.6363636363636364,0.0,0.6363636363636364,0.25,0.25,0.5,0.0,0.5833333333333334,0.3333333333333333,0.0,False,True,True,True,False,False,False,False
POA2650,2650,61511.0,36.0,1629.0,2.5,6233.0,6707.0,2801.0,246.0,15985.0,30058.0,1276.0,31329.0,14862.0,2766.0,48965.0,15693.0,6530.0,918.0,23133.0,2021,12940.0,0.6138670478913509,0.04072903699447796,0.6398243643418768,0.3899280575539568,0.41958085705348763,0.8095089146074445,0.1752267751016578,0.6783815328751135,0.2822807245061168,0.03968356892750616,False,False,False,False,False,False,False,False
POA2651,2651,3081.0,25.0,1788.0,2.8,193.0,328.0,127.0,7.0,658.0,1667.0,43.0,1714.0,422.0,284.0,2422.0,646.0,160.0,15.0,831.0,2021,521.0,0.6882741535920727,0.025087514585764293,0.7076796036333609,0.2933130699088146,0.49848024316109424,0.7917933130699089,0.19300911854103345,0.7773766546329723,0.19253910950661854,0.018050541516245487,False,False,False,False,False,False,False,False
POA2652,2652,4757.0,42.0,1504.0,2.6,579.0,549.0,145.0,8.0,1283.0,2334.0,56.0,2386.0,1058.0,321.0,3760.0,1263.0,374.0,32.0,1676.0,2021,1128.0,0.6207446808510638,0.02347024308466052,0.6345744680851064,0.4512860483242401,0.4279033515198753,0.8791893998441154,0.11301636788776305,0.7535799522673031,0.22315035799522673,0.01909307875894988,False,False,False,False,False,False,False,False
POA2653,2653,2636.0,46.0,1304.0,2.3,361.0,218.0,111.0,7.0,697.0,1098.0,39.0,1139.0,895.0,156.0,2188.0,679.0,270.0,20.0,965.0,2021,579.0,0.5018281535648994,0.03424056189640035,0.5205667276051188,0.5179340028694405,0.3127690100430416,0.830703012912482,0.15925394548063126,0.7036269430051814,0.27979274611398963,0.02072538860103627,False,False,False,False,False,False,False,False
POA2655,2655,1416.0,42.0,1382.0,2.6,152.0,156.0,51.0,5.0,360.0,580.0,14.0,597.0,422.0,66.0,1088.0,352.0,129.0,11.0,491.0,2021,308.0,0.5330882352941176,0.023450586264656615,0.5487132352941176,0.4222222222222222,0.43333333333333335,0.8555555555555555,0.14166666666666666,0.7169042769857433,0.26272912423625255,0.02240325865580448,False,False,False,False,False,False,False,False
POA2656,2656,1327.0,49.0,1184.0,2.3,173.0,123.0,54.0,6.0,361.0,589.0,18.0,614.0,401.0,59.0,1073.0,347.0,159.0,10.0,524.0,2021,296.0,0.548928238583411,0.029315960912052116,0.5722273998136067,0.4792243767313019,0.3407202216066482,0.8199445983379502,0.14958448753462603,0.6622137404580153,0.30343511450381677,0.019083969465648856,False,False,False,False,False,False,False,False
POA2658,2658,1488.0,49.0,1069.0,2.3,190.0,131.0,56.0,4.0,384.0,578.0,28.0,605.0,502.0,112.0,1219.0,384.0,178.0,12.0,572.0,2021,321.0,0.4741591468416735,0.04628099173553719,0.4963084495488105,0.4947916666666667,0.3411458333333333,0.8359375,0.14583333333333334,0.6713286713286714,0.3111888111888112,0.02097902097902098,False,False,False,False,False,False,False,False
POA2659,2659,871.0,45.0,1209.0,2.3,109.0,72.0,40.0,8.0,227.0,375.0,17.0,399.0,243.0,73.0,710.0,225.0,83.0,12.0,317.0,2021,181.0,0.528169014084507,0.042606516290726815,0.5619718309859155,0.4801762114537445,0.31718061674008813,0.7973568281938326,0.1762114537444934,0.7097791798107256,0.2618296529968454,0.03785488958990536,False,False,False,False,False,False,False,False
POA2660,2660,1607.0,44.0,1190.0,2.5,169.0,170.0,77.0,3.0,421.0,645.0,27.0,667.0,519.0,86.0,1268.0,412.0,180.0,11.0,606.0,2021,339.0,0.5086750788643533,0.04047976011994003,0.5260252365930599,0.4014251781472684,0.40380047505938244,0.8052256532066508,0.1828978622327791,0.6798679867986799,0.297029702970297,0.018151815181518153,False,False,False,False,False,False,False,False
POA2661,2661,395.0,23.0,2386.0,3.4,12.0,28.0,4.0,0.0,52.0,290.0,5.0,297.0,10.0,7.0,321.0,49.0,0.0,0.0,51.0,2021,40.0,0.9034267912772586,0.016835016835016835,0.9252336448598131,0.23076923076923078,0.5384615384615384,0.7692307692307693,0.07692307692307693,0.9607843137254902,0.0,0.0,False,False,False,False,False,False,False,False
POA2663,2663,5281.0,39.0,1375.0,2.4,485.0,440.0,220.0,18.0,1160.0,1936.0,99.0,2035.0,2187.0,214.0,4436.0,1133.0,494.0,49.0,1681.0,2021,925.0,0.436429215509468,0.04864864864864865,0.45874661857529303,0.41810344827586204,0.3793103448275862,0.7974137931034483,0.1896551724137931,0.6740035693039858,0.29387269482450923,0.029149315883402735,False,False,False,False,False,False,False,False
POA2665,2665,2017.0,48.0,1087.0,2.3,272.0,204.0,61.0,6.0,539.0,883.0,35.0,915.0,616.0,103.0,1627.0,532.0,259.0,16.0,804.0,2021,476.0,0.5427166564228642,0.03825136612021858,0.5623847572218807,0.5046382189239332,0.3784786641929499,0.8831168831168831,0.11317254174397032,0.6616915422885572,0.32213930348258707,0.01990049751243781,False,False,False,False,False,False,False,False
POA2666,2666,5636.0,47.0,1231.0,2.3,721.0,532.0,232.0,22.0,1517.0,2517.0,68.0,2591.0,1767.0,253.0,4610.0,1492.0,702.0,24.0,2223.0,2021,1253.0,0.5459869848156182,0.026244693168660748,0.5620390455531453,0.4752801582069875,0.35069215557020433,0.8259723137771918,0.15293342122610415,0.6711650922177238,0.3157894736842105,0.010796221322537112,False,False,False,False,False,False,False,False
POA2668,2668,404.0,48.0,864.0,2.4,51.0,37.0,14.0,0.0,104.0,132.0,10.0,139.0,155.0,25.0,325.0,105.0,50.0,5.0,153.0,2021,88.0,0.40615384615384614,0.07194244604316546,0.4276923076923077,0.49038461538461536,0.3557692307692308,0.8461538461538461,0.1346153846153846,0.6862745098039216,0.32679738562091504,0.032679738562091505,False,False,False,False,False,False,False,False
POA2669,2669,1539.0,43.0,1167.0,2.4,163.0,157.0,48.0,0.0,373.0,693.0,26.0,721.0,351.0,140.0,1217.0,373.0,196.0,9.0,571.0,2021,320.0,0.5694330320460148,0.036061026352288486,0.5924404272801972,0.43699731903485256,0.42091152815013405,0.8579088471849866,0.128686327077748,0.6532399299474606,0.3432574430823117,0.01576182136602452,False,False,False,False,False,False,False,False
POA2671,2671,3969.0,42.0,1432.0,2.3,482.0,397.0,151.0,9.0,1041.0,1887.0,47.0,1938.0,966.0,289.0,3190.0,1034.0,489.0,20.0,1544.0,2021,879.0,0.5915360501567398,0.024251805985552117,0.6075235109717868,0.46301633045148893,0.3813640730067243,0.8443804034582133,0.14505283381364073,0.6696891191709845,0.3167098445595855,0.012953367875647668,False,False,False,False,False,False,False,False
POA2672,2672,1511.0,40.0,1116.0,2.4,154.0,134.0,74.0,8.0,371.0,598.0,28.0,622.0,413.0,145.0,1186.0,363.0,180.0,7.0,545.0,2021,288.0,0.5042158516020236,0.04501607717041801,0.524451939291737,0.41509433962264153,0.3611859838274933,0.7762803234501348,0.19946091644204852,0.6660550458715596,0.3302752293577982,0.012844036697247707,False,False,False,False,False,False,False,False
POA2675,2675,1659.0,36.0,1506.0,2.4,166.0,138.0,61.0,4.0,375.0,849.0,20.0,868.0,309.0,175.0,1344.0,374.0,168.0,31.0,562.0,2021,304.0,0.6316964285714286,0.02304147465437788,0.6458333333333334,0.44266666666666665,0.368,0.8106666666666666,0.16266666666666665,0.6654804270462633,0.298932384341637,0.05516014234875445,False,False,False,False,False,False,False,False
POA2678,2678,433.0,20.0,2750.0,2.0,0.0,0.0,0.0,0.0,0.0,198.0,49.0,244.0,185.0,8.0,433.0,0.0,0.0,0.0,0.0,2021,0.0,0.45727482678983833,0.20081967213114754,0.5635103926096998,,,,,,,,False,False,True,True,False,False,True,False
POA2680,2680,25339.0,37.0,1743.0,2.7,2481.0,2920.0,989.0,104.0,6489.0,12749.0,393.0,13144.0,5499.0,1781.0,20420.0,6263.0,2122.0,258.0,8641.0,2021,5401.0,0.6243388834476004,0.029899573950091296,0.6436826640548482,0.382339343504392,0.4499922946524888,0.8323316381568808,0.15241177377099707,0.7248003703275084,0.245573429001273,0.029857655363962503,False,False,False,False,False,False,False,False
POA2681,2681,1793.0,40.0,1685.0,2.7,186.0,236.0,54.0,11.0,482.0,971.0,36.0,1002.0,347.0,96.0,1451.0,475.0,153.0,8.0,634.0,2021,422.0,0.6691936595451413,0.03592814371257485,0.6905582356995176,0.38589211618257263,0.4896265560165975,0.8755186721991701,0.11203319502074689,0.749211356466877,0.24132492113564669,0.012618296529968454,False,False,False,False,False,False,False,False
POA2700,2700,4873.0,44.0,1164.0,2.3,520.0,418.0,247.0,24.0,1205.0,1943.0,115.0,2061.0,1450.0,390.0,3899.0,1185.0,578.0,46.0,1813.0,2021,938.0,0.49833290587330087,0.05579815623483746,0.5285970761733778,0.4315352697095436,0.34688796680497924,0.7784232365145228,0.2049792531120332,0.6536127964699393,0.3188086045228902,0.0253723110865968,False,False,False,False,False,False,False,False
POA2701,2701,2492.0,42.0,1444.0,2.6,310.0,264.0,94.0,4.0,674.0,1171.0,35.0,1207.0,650.0,120.0,1981.0,666.0,227.0,15.0,911.0,2021,574.0,0.591115598182736,0.02899751449875725,0.6092882382635033,0.4599406528189911,0.3916913946587537,0.8516320474777448,0.1394658753709199,0.7310647639956093,0.2491767288693743,0.01646542261251372,False,False,False,False,False,False,False,False
POA2702,2702,793.0,48.0,1175.0,2.4,102.0,82.0,30.0,0.0,208.0,327.0,13.0,341.0,262.0,42.0,644.0,209.0,95.0,11.0,316.0,2021,184.0,0.5077639751552795,0.03812316715542522,0.5295031055900621,0.49038461538461536,0.3942307692307692,0.8846153846153846,0.14423076923076922,0.6613924050632911,0.30063291139240506,0.03481012658227848,False,False,False,False,False,False,False,False
POA2703,2703,744.0,25.0,1256.0,2.5,61.0,57.0,22.0,3.0,143.0,280.0,13.0,291.0,253.0,19.0,565.0,137.0,51.0,8.0,198.0,2021,118.0,0.49557522123893805,0.044673539518900345,0.5150442477876106,0.42657342657342656,0.3986013986013986,0.8251748251748252,0.15384615384615385,0.6919191919191919,0.25757575757575757,0.04040404040404041,False,False,False,False,False,False,False,False
POA2705,2705,10687.0,38.0,1429.0,2.5,1104.0,1067.0,461.0,35.0,2671.0,4786.0,188.0,4976.0,2707.0,775.0,8457.0,2618.0,1058.0,91.0,3765.0,2021,2171.0,0.5659217216507035,0.03778135048231511,0.5883883173702259,0.4133283414451516,0.399475851740921,0.8128041931860727,0.17259453388244103,0.69535192563081,0.2810092961487384,0.024169986719787515,False,False,False,False,False,False,False,False
POA2706,2706,1030.0,44.0,1312.0,2.3,118.0,89.0,60.0,5.0,265.0,475.0,29.0,505.0,282.0,96.0,872.0,262.0,131.0,13.0,406.0,2021,207.0,0.5447247706422018,0.05742574257425743,0.5791284403669725,0.44528301886792454,0.33584905660377357,0.7811320754716982,0.22641509433962265,0.645320197044335,0.3226600985221675,0.03201970443349754,False,False,False,False,False,False,False,False
POA2707,2707,1167.0,43.0,1559.0,2.4,143.0,129.0,34.0,4.0,313.0,638.0,13.0,651.0,228.0,74.0,951.0,306.0,137.0,4.0,442.0,2021,272.0,0.6708727655099895,0.019969278033794162,0.6845425867507886,0.45686900958466453,0.41214057507987223,0.8690095846645367,0.10862619808306709,0.6923076923076923,0.30995475113122173,0.00904977375565611,False,False,False,False,False,False,False,False
POA2710,2710,9743.0,47.0,1211.0,2.2,1233.0,866.0,341.0,41.0,2476.0,4248.0,163.0,4411.0,2876.0,773.0,8058.0,2455.0,1287.0,99.0,3842.0,2021,2099.0,0.5271779597915115,0.03695307186579007,0.5474063042938695,0.4979806138933764,0.34975767366720517,0.8477382875605816,0.1377221324717286,0.6389901093180635,0.33498178032274856,0.025767829255596043,False,False,False,False,False,False,False,False
POA2711,2711,3197.0,47.0,1269.0,2.3,400.0,281.0,136.0,10.0,830.0,1482.0,56.0,1540.0,820.0,326.0,2687.0,813.0,406.0,24.0,1241.0,2021,681.0,0.5515444733903982,0.03636363636363636,0.5731298846296985,0.4819277108433735,0.3385542168674699,0.8204819277108434,0.163855421686747,0.6551168412570507,0.3271555197421434,0.019339242546333603,False,False,False,False,False,False,False,False
POA2712,2712,1375.0,53.0,1020.0,2.3,195.0,126.0,43.0,7.0,372.0,541.0,15.0,557.0,473.0,136.0,1168.0,364.0,172.0,8.0,542.0,2021,321.0,0.4631849315068493,0.026929982046678635,0.4768835616438356,0.5241935483870968,0.3387096774193548,0.8629032258064516,0.11559139784946236,0.6715867158671587,0.3173431734317343,0.014760147601476014,False,False,False,False,False,False,False,False
POA2713,2713,2746.0,49.0,1085.0,2.2,350.0,226.0,102.0,10.0,683.0,1169.0,37.0,1209.0,740.0,332.0,2279.0,675.0,351.0,22.0,1046.0,2021,576.0,0.5129442738043001,0.030603804797353185,0.5304958315050461,0.5124450951683748,0.3308931185944363,0.8433382137628112,0.1493411420204978,0.6453154875717018,0.3355640535372849,0.021032504780114723,False,False,False,False,False,False,False,False
POA2714,2714,2921.0,59.0,1069.0,2.2,453.0,215.0,80.0,7.0,752.0,1030.0,32.0,1056.0,1199.0,256.0,2514.0,739.0,371.0,23.0,1136.0,2021,668.0,0.40970564836913287,0.030303030303030304,0.4200477326968974,0.6023936170212766,0.2859042553191489,0.8882978723404256,0.10638297872340426,0.6505281690140845,0.3265845070422535,0.020246478873239437,False,False,False,False,False,False,False,False
POA2715,2715,1382.0,46.0,1253.0,2.3,154.0,119.0,51.0,3.0,324.0,598.0,24.0,625.0,350.0,147.0,1120.0,324.0,161.0,16.0,495.0,2021,273.0,0.5339285714285714,0.0384,0.5580357142857143,0.47530864197530864,0.36728395061728397,0.8425925925925926,0.1574074074074074,0.6545454545454545,0.32525252525252524,0.03232323232323232,False,False,False,False,False,False,False,False
POA2716,2716,988.0,50.0,1239.0,2.2,135.0,77.0,29.0,5.0,242.0,423.0,14.0,434.0,284.0,103.0,820.0,241.0,130.0,12.0,385.0,2021,212.0,0.5158536585365854,0.03225806451612903,0.5292682926829269,0.5578512396694215,0.3181818181818182,0.8760330578512396,0.11983471074380166,0.625974025974026,0.33766233766233766,0.03116883116883117,False,False,False,False,False,False,False,False
POA2717,2717,1205.0,45.0,1095.0,2.5,128.0,102.0,59.0,7.0,295.0,389.0,33.0,421.0,395.0,183.0,996.0,284.0,110.0,7.0,399.0,2021,230.0,0.39056224899598396,0.07838479809976247,0.4226907630522088,0.43389830508474575,0.34576271186440677,0.7796610169491526,0.2,0.7117794486215538,0.2756892230576441,0.017543859649122806,False,False,False,False,False,False,False,False
POA2720,2720,8501.0,43.0,1336.0,2.4,980.0,870.0,380.0,28.0,2256.0,3765.0,180.0,3944.0,2380.0,542.0,6869.0,2223.0,955.0,49.0,3231.0,2021,1850.0,0.5481147182996069,0.04563894523326572,0.5741738244285922,0.43439716312056736,0.38563829787234044,0.8200354609929078,0.16843971631205673,0.6880222841225627,0.29557412565769114,0.015165583410708759,False,False,False,False,False,False,False,False
POA2721,2721,230.0,45.0,959.0,2.5,25.0,23.0,14.0,0.0,60.0,79.0,5.0,84.0,75.0,23.0,177.0,62.0,27.0,0.0,82.0,2021,48.0,0.4463276836158192,0.05952380952380952,0.4745762711864407,0.4166666666666667,0.38333333333333336,0.8,0.23333333333333334,0.7560975609756098,0.32926829268292684,0.0,False,False,False,False,False,False,False,False
POA2722,2722,3418.0,44.0,1327.0,2.4,376.0,331.0,116.0,12.0,843.0,1479.0,53.0,1533.0,930.0,319.0,2775.0,827.0,375.0,30.0,1231.0,2021,707.0,0.532972972972973,0.03457273320287019,0.5524324324324325,0.4460260972716489,0.3926453143534994,0.8386714116251482,0.1376037959667853,0.6718115353371243,0.30463038180341184,0.024370430544272948,False,False,False,False,False,False,False,False
POA2725,2725,347.0,53.0,986.0,2.2,54.0,32.0,18.0,0.0,109.0,136.0,9.0,145.0,137.0,18.0,298.0,105.0,43.0,4.0,146.0,2021,86.0,0.4563758389261745,0.06206896551724138,0.4865771812080537,0.4954128440366973,0.29357798165137616,0.7889908256880734,0.1651376146788991,0.7191780821917808,0.2945205479452055,0.0273972602739726,False,False,False,False,False,False,False,False
POA2726,2726,255.0,43.0,1303.0,2.4,29.0,23.0,9.0,4.0,67.0,125.0,4.0,129.0,54.0,21.0,204.0,65.0,28.0,0.0,96.0,2021,52.0,0.6127450980392157,0.031007751937984496,0.6323529411764706,0.43283582089552236,0.34328358208955223,0.7761194029850746,0.13432835820895522,0.6770833333333334,0.2916666666666667,0.0,False,False,False,False,False,False,False,False
POA2727,2727,348.0,38.0,1781.0,2.7,32.0,35.0,12.0,0.0,78.0,168.0,3.0,173.0,58.0,38.0,272.0,77.0,30.0,0.0,102.0,2021,67.0,0.6176470588235294,0.017341040462427744,0.6360294117647058,0.41025641025641024,0.44871794871794873,0.8589743589743589,0.15384615384615385,0.7549019607843137,0.29411764705882354,0.0,False,False,False,False,False,False,False,False
POA2729,2729,1622.0,47.0,1345.0,2.4,211.0,190.0,48.0,3.0,452.0,782.0,33.0,812.0,443.0,72.0,1326.0,444.0,175.0,15.0,638.0,2021,401.0,0.5897435897435898,0.04064039408866995,0.6123680241327301,0.4668141592920354,0.42035398230088494,0.8871681415929203,0.10619469026548672,0.6959247648902821,0.274294670846395,0.023510971786833857,False,False,False,False,False,False,False,False
POA2730,2730,1335.0,50.0,1049.0,2.2,190.0,105.0,55.0,5.0,357.0,534.0,34.0,568.0,462.0,92.0,1117.0,356.0,168.0,11.0,532.0,2021,295.0,0.4780662488809311,0.05985915492957746,0.5085049239033125,0.5322128851540616,0.29411764705882354,0.8263305322128851,0.15406162464985995,0.6691729323308271,0.3157894736842105,0.020676691729323307,False,False,False,False,False,False,False,False
POA2731,2731,7446.0,49.0,1347.0,2.4,1080.0,778.0,214.0,14.0,2088.0,3273.0,112.0,3383.0,2358.0,431.0,6171.0,2055.0,695.0,54.0,2802.0,2021,1858.0,0.5303840544482256,0.033106710020691696,0.5482093663911846,0.5172413793103449,0.3726053639846743,0.8898467432950191,0.1024904214559387,0.7334047109207709,0.24803711634546752,0.019271948608137045,False,False,False,False,False,False,False,False
POA2732,2732,1877.0,56.0,1058.0,2.1,299.0,144.0,58.0,3.0,499.0,818.0,29.0,843.0,649.0,118.0,1617.0,493.0,271.0,16.0,778.0,2021,443.0,0.5058750773036488,0.03440094899169632,0.5213358070500927,0.5991983967935872,0.28857715430861725,0.8877755511022044,0.11623246492985972,0.6336760925449871,0.34832904884318766,0.02056555269922879,False,False,False,False,False,False,False,False
POA2733,2733,598.0,46.0,1187.0,2.3,72.0,46.0,23.0,0.0,144.0,246.0,4.0,250.0,139.0,98.0,477.0,137.0,72.0,0.0,216.0,2021,118.0,0.5157232704402516,0.016,0.5241090146750524,0.5,0.3194444444444444,0.8194444444444444,0.1597222222222222,0.6342592592592593,0.3333333333333333,0.0,False,False,False,False,False,False,False,False
POA2734,2734,472.0,45.0,2012.0,2.7,70.0,56.0,3.0,0.0,134.0,272.0,0.0,272.0,90.0,26.0,390.0,136.0,24.0,0.0,164.0,2021,126.0,0.6974358974358974,0.0,0.6974358974358974,0.5223880597014925,0.417910447761194,0.9402985074626866,0.022388059701492536,0.8292682926829268,0.14634146341463414,0.0,False,False,False,False,False,False,False,False
POA2735,2735,408.0,45.0,1218.0,2.6,54.0,48.0,7.0,0.0,113.0,199.0,14.0,210.0,96.0,23.0,329.0,110.0,30.0,0.0,142.0,2021,102.0,0.6048632218844985,0.06666666666666667,0.6382978723404256,0.4778761061946903,0.4247787610619469,0.9026548672566371,0.061946902654867256,0.7746478873239436,0.2112676056338028,0.0,False,False,False,False,False,False,False,False
POA2736,2736,419.0,40.0,1431.0,2.5,49.0,36.0,13.0,0.0,92.0,194.0,7.0,202.0,92.0,53.0,347.0,94.0,34.0,10.0,138.0,2021,85.0,0.5590778097982709,0.034653465346534656,0.5821325648414986,0.532608695652174,0.391304347826087,0.9239130434782609,0.14130434782608695,0.6811594202898551,0.2463768115942029,0.07246376811594203,False,False,False,False,False,False,False,False
POA2737,2737,822.0,36.0,1612.0,2.8,85.0,80.0,24.0,3.0,188.0,355.0,12.0,367.0,158.0,125.0,650.0,181.0,43.0,8.0,235.0,2021,165.0,0.5461538461538461,0.0326975476839237,0.5646153846153846,0.4521276595744681,0.425531914893617,0.8776595744680851,0.1276595744680851,0.7702127659574468,0.1829787234042553,0.03404255319148936,False,False,False,False,False,False,False,False
POA2738,2738,2132.0,37.0,2064.0,2.8,253.0,307.0,36.0,0.0,597.0,1086.0,28.0,1116.0,407.0,94.0,1623.0,588.0,110.0,7.0,707.0,2021,560.0,0.6691312384473198,0.025089605734767026,0.6876155268022182,0.423785594639866,0.5142378559463987,0.9380234505862647,0.06030150753768844,0.8316831683168316,0.15558698727015557,0.009900990099009901,False,False,False,False,False,False,False,False
POA2739,2739,1414.0,38.0,1438.0,2.6,156.0,143.0,63.0,8.0,368.0,655.0,32.0,685.0,333.0,111.0,1126.0,362.0,118.0,9.0,493.0,2021,299.0,0.5817051509769094,0.04671532846715328,0.6083481349911191,0.42391304347826086,0.38858695652173914,0.8125,0.17119565217391305,0.7342799188640974,0.23935091277890466,0.018255578093306288,False,False,False,False,False,False,False,False
POA2745,2745,31847.0,35.0,2498.0,3.2,2469.0,5001.0,1292.0,68.0,8834.0,17065.0,514.0,17581.0,6211.0,707.0,24500.0,8470.0,1235.0,132.0,9844.0,2021,7470.0,0.696530612244898,0.029236107161139866,0.7175918367346938,0.27948834050260357,0.5661082182476794,0.845596558750283,0.14625311297260585,0.8604225924420967,0.12545713124746039,0.013409183258837871,False,False,False,False,False,False,False,False
POA2747,2747,54397.0,33.0,1925.0,2.8,4164.0,7203.0,2822.0,247.0,14440.0,25339.0,1302.0,26637.0,12385.0,2547.0,41577.0,13853.0,3775.0,523.0,18147.0,2021,11367.0,0.609447531086899,0.04887937830836806,0.6406667147701854,0.2883656509695291,0.49882271468144046,0.7871883656509695,0.19542936288088641,0.7633768666997299,0.20802336474348376,0.028820190665123712,False,False,False,False,False,False,False,False
POA2748,2748,1798.0,47.0,2279.0,3.1,192.0,252.0,65.0,7.0,517.0,887.0,30.0,918.0,593.0,42.0,1548.0,470.0,78.0,4.0,558.0,2021,444.0,0.5729974160206718,0.032679738562091505,0.5930232558139535,0.3713733075435203,0.4874274661508704,0.8588007736943907,0.12572533849129594,0.8422939068100358,0.13978494623655913,0.007168458781362007,False,False,False,False,False,False,False,False
POA2749,2749,17029.0,34.0,2118.0,3.0,1422.0,2330.0,872.0,53.0,4675.0,8369.0,342.0,8716.0,3824.0,596.0,13133.0,4456.0,914.0,89.0,5463.0,2021,3752.0,0.6372496763877256,0.039238182652592934,0.6636716667935735,0.30417112299465243,0.4983957219251337,0.8025668449197861,0.186524064171123,0.8156690463115505,0.16730734028921837,0.016291414973457808,False,False,False,False,False,False,False,False
POA2750,2750,49204.0,37.0,1654.0,2.4,4817.0,5271.0,2713.0,252.0,13051.0,23266.0,1121.0,24386.0,13432.0,2632.0,40446.0,12701.0,5871.0,632.0,19199.0,2021,10088.0,0.575236117292192,0.0459689986057574,0.6029273599367058,0.36909049115010345,0.40387709754041834,0.7729675886905218,0.20787679105049423,0.6615448721287567,0.30579717693629876,0.03291838116568571,False,False,False,False,False,False,False,False
POA2752,2752,5747.0,35.0,2335.0,3.1,533.0,877.0,194.0,13.0,1613.0,3017.0,78.0,3102.0,1192.0,182.0,4467.0,1530.0,259.0,23.0,1811.0,2021,1410.0,0.675397358406089,0.025145067698259187,0.6944257891202149,0.3304401735895846,0.5437073775573465,0.8741475511469312,0.12027278363298202,0.8448371065709552,0.14301490889011595,0.012700165654334622,False,False,False,False,False,False,False,False
POA2753,2753,17587.0,39.0,1848.0,2.7,1673.0,2080.0,801.0,58.0,4615.0,8464.0,307.0,8772.0,4859.0,940.0,14575.0,4337.0,1547.0,146.0,6037.0,2021,3753.0,0.580720411663808,0.03499772001823986,0.601852487135506,0.36251354279523296,0.4507042253521127,0.8132177681473456,0.17356446370530879,0.7184031803876098,0.2562531058472751,0.024184197449064106,False,False,False,False,False,False,False,False
POA2754,2754,7065.0,39.0,1764.0,2.6,797.0,839.0,354.0,22.0,2012.0,3309.0,114.0,3421.0,2087.0,217.0,5728.0,1937.0,603.0,59.0,2596.0,2021,1636.0,0.5776885474860335,0.03332358959368606,0.5972416201117319,0.3961232604373757,0.41699801192842945,0.8131212723658051,0.17594433399602386,0.7461479198767335,0.2322804314329738,0.022727272727272728,False,False,False,False,False,False,False,False
POA2756,2756,35328.0,36.0,2055.0,2.9,3287.0,4720.0,1602.0,103.0,9718.0,17851.0,571.0,18425.0,8189.0,1299.0,27915.0,9243.0,2272.0,264.0,11777.0,2021,8007.0,0.6394769837005194,0.030990502035278155,0.6600394053376321,0.3382383206421074,0.4856966454002881,0.8239349660423956,0.16484873430747068,0.7848348475842745,0.19291840027171606,0.022416574679459966,False,False,False,False,False,False,False,False
POA2757,2757,850.0,43.0,1941.0,2.9,97.0,113.0,31.0,3.0,243.0,422.0,15.0,436.0,245.0,23.0,703.0,224.0,56.0,3.0,282.0,2021,210.0,0.6002844950213371,0.034403669724770644,0.620199146514936,0.3991769547325103,0.46502057613168724,0.8641975308641975,0.12757201646090535,0.7943262411347518,0.19858156028368795,0.010638297872340425,False,False,False,False,False,False,False,False
POA2758,2758,8848.0,43.0,2386.0,3.0,1028.0,1304.0,235.0,15.0,2586.0,4690.0,130.0,4821.0,2229.0,213.0,7270.0,2427.0,445.0,38.0,2910.0,2021,2332.0,0.6451169188445667,0.026965359883841526,0.6631361760660247,0.39752513534416084,0.5042536736272235,0.9017788089713844,0.09087393658159319,0.8340206185567011,0.15292096219931273,0.013058419243986255,False,False,False,False,False,False,False,False
POA2759,2759,26434.0,36.0,2134.0,3.1,2298.0,3789.0,1242.0,69.0,7391.0,12885.0,592.0,13485.0,6639.0,930.0,21045.0,7035.0,1135.0,131.0,8302.0,2021,6087.0,0.6122594440484675,0.04390063032999629,0.6407697790449037,0.31091868488702473,0.5126505209038019,0.8235692057908267,0.16804221350290893,0.8473861720067454,0.13671404480847987,0.015779330281859794,False,False,False,False,False,False,False,False
POA2760,2760,37632.0,34.0,1575.0,2.8,2516.0,4375.0,2308.0,210.0,9410.0,14963.0,1053.0,16010.0,10116.0,2599.0,28723.0,9021.0,3045.0,411.0,12481.0,2021,6891.0,0.5209414058420081,0.06577139287945034,0.5573930299759774,0.267375132837407,0.46493092454835283,0.7323060573857598,0.2452709883103082,0.7227786235077317,0.24397083567021874,0.032930053681596023,False,False,False,False,False,False,False,False
POA2761,2761,34702.0,33.0,2223.0,3.4,2078.0,5473.0,1451.0,119.0,9115.0,16122.0,861.0,16986.0,8475.0,1296.0,26753.0,8525.0,1088.0,166.0,9782.0,2021,7551.0,0.6026240047845102,0.050688802543270926,0.6349194482861735,0.22797586396050465,0.6004388370817334,0.828414701042238,0.1591881513987932,0.8714986710284195,0.11122469842567982,0.01696994479656512,False,False,False,False,False,False,False,False
POA2762,2762,21780.0,31.0,2716.0,3.2,1449.0,3822.0,672.0,54.0,5992.0,11137.0,524.0,11660.0,3330.0,751.0,15740.0,5721.0,635.0,175.0,6533.0,2021,5271.0,0.7075603557814485,0.04493996569468268,0.7407878017789072,0.24182242990654207,0.6378504672897196,0.8796728971962616,0.11214953271028037,0.8757079442828716,0.09719883667534057,0.02678708097351906,False,False,False,False,False,False,False,False
POA2763,2763,33197.0,35.0,2369.0,3.1,2347.0,5484.0,1265.0,119.0,9213.0,16390.0,844.0,17239.0,7392.0,969.0,25607.0,8789.0,1293.0,223.0,10301.0,2021,7831.0,0.6400593587690866,0.04895875630837056,0.6732143554496818,0.2547487246282427,0.5952458482578965,0.8499945728861391,0.13730598067947467,0.8532181341617319,0.12552179400058247,0.021648383652072615,False,False,False,False,False,False,False,False
POA2765,2765,45613.0,33.0,2572.0,3.2,3258.0,7544.0,1335.0,135.0,12265.0,22024.0,899.0,22926.0,9279.0,1569.0,33776.0,11648.0,1506.0,230.0,13386.0,2021,10802.0,0.6520606347702511,0.03921312047457036,0.6787659876835623,0.26563391765185485,0.6150835711373828,0.8807174887892377,0.10884631064003261,0.8701628567159719,0.11250560286866876,0.01718213058419244,False,False,False,False,False,False,False,False
POA2766,2766,17047.0,37.0,1996.0,3.2,1041.0,2385.0,737.0,68.0,4233.0,6990.0,516.0,7504.0,5049.0,1027.0,13585.0,3975.0,763.0,101.0,4834.0,2021,3426.0,0.5145380934854619,0.06876332622601279,0.552373941847626,0.24592487597448617,0.5634301913536499,0.8093550673281361,0.1741081974958658,0.8223003723624328,0.15784029788994622,0.020893669838642947,False,False,False,False,False,False,False,False
POA2767,2767,23384.0,36.0,2004.0,3.1,1532.0,3418.0,1149.0,127.0,6223.0,10130.0,697.0,10822.0,6820.0,1053.0,18702.0,5841.0,1031.0,188.0,7054.0,2021,4950.0,0.5416532991123943,0.0644058399556459,0.5786546893380388,0.24618351277518882,0.5492527719749317,0.7954362847501205,0.18463763458139162,0.8280408278990644,0.1461582081088744,0.026651545222568754,False,False,False,False,False,False,False,False
POA2768,2768,28864.0,37.0,2981.0,3.4,1750.0,5029.0,805.0,62.0,7646.0,14178.0,681.0,14857.0,7545.0,497.0,22895.0,7205.0,776.0,108.0,8087.0,2021,6779.0,0.6192618475649705,0.045836979201723096,0.6489189779427823,0.22887784462464034,0.6577295317813235,0.8866073764059639,0.10528380852733456,0.8909360702361815,0.0959564733522938,0.013354766909855324,False,False,False,False,False,False,False,False
POA2769,2769,16315.0,35.0,3285.0,3.5,826.0,3180.0,353.0,15.0,4373.0,7836.0,345.0,8180.0,3033.0,304.0,11518.0,4167.0,297.0,53.0,4513.0,2021,4006.0,0.6803264455634659,0.0421760391198044,0.7101927417954506,0.1888863480448205,0.7271895723759433,0.9160759204207638,0.08072261605305282,0.9233325947263461,0.06580988256148904,0.011743851096831376,False,False,False,False,False,False,False,False
POA2770,2770,61494.0,33.0,1326.0,3.0,3517.0,6703.0,4356.0,368.0,14945.0,19546.0,2044.0,21592.0,20590.0,4495.0,46671.0,14129.0,4070.0,538.0,18740.0,2021,10220.0,0.41880396820295257,0.09466469062615783,0.46264275460135845,0.23532954165272665,0.44851120776179326,0.6838407494145199,0.29146871863499496,0.753948772678762,0.21718249733191036,0.02870864461045891,False,False,False,False,False,False,False,False
POA2773,2773,5978.0,45.0,2472.0,2.8,667.0,878.0,187.0,7.0,1746.0,3023.0,106.0,3127.0,1650.0,89.0,4872.0,1693.0,375.0,34.0,2096.0,2021,1545.0,0.6204844006568144,0.03389830508474576,0.6418308702791461,0.3820160366552119,0.5028636884306987,0.8848797250859106,0.10710194730813287,0.8077290076335878,0.17891221374045801,0.016221374045801526,False,False,False,False,False,False,False,False
POA2774,2774,13010.0,40.0,2228.0,2.7,1452.0,1784.0,529.0,38.0,3802.0,6362.0,229.0,6596.0,3485.0,246.0,10325.0,3712.0,860.0,81.0,4654.0,2021,3236.0,0.6161743341404359,0.03471801091570649,0.6388377723970944,0.3819042609153077,0.46922672277748556,0.8511309836927933,0.13913729615991582,0.7975934679845295,0.1847872797593468,0.017404383326171037,False,False,False,False,False,False,False,False
POA2775,2775,1518.0,53.0,1188.0,2.0,195.0,129.0,48.0,3.0,376.0,637.0,43.0,678.0,531.0,142.0,1349.0,365.0,252.0,31.0,652.0,2021,324.0,0.47220163083765754,0.06342182890855458,0.502594514455152,0.5186170212765957,0.34308510638297873,0.8617021276595744,0.1276595744680851,0.5598159509202454,0.38650306748466257,0.04754601226993865,False,False,False,False,False,False,False,False
POA2776,2776,4156.0,40.0,2152.0,2.7,465.0,568.0,182.0,8.0,1216.0,2031.0,54.0,2083.0,1118.0,74.0,3278.0,1192.0,266.0,22.0,1483.0,2021,1033.0,0.6195851128737034,0.025924147863658185,0.6354484441732764,0.3824013157894737,0.46710526315789475,0.8495065789473685,0.14967105263157895,0.803776129467296,0.17936614969656103,0.014834794335805798,False,False,False,False,False,False,False,False
POA2777,2777,17816.0,44.0,2014.0,2.6,2078.0,2320.0,658.0,36.0,5093.0,8614.0,297.0,8908.0,5207.0,400.0,14512.0,4974.0,1506.0,98.0,6578.0,2021,4398.0,0.5935777287761852,0.03334081724292771,0.6138368246968027,0.40801099548399766,0.45552719418810134,0.8635381896720989,0.12919693697231494,0.7561568865916692,0.22894496807540285,0.014898145332927942,False,False,False,False,False,False,False,False
POA2778,2778,2425.0,45.0,1942.0,2.5,307.0,304.0,111.0,3.0,726.0,1217.0,50.0,1264.0,713.0,53.0,2032.0,722.0,208.0,22.0,949.0,2021,611.0,0.5989173228346457,0.03955696202531646,0.6220472440944882,0.4228650137741047,0.418732782369146,0.8415977961432507,0.15289256198347106,0.7608008429926238,0.2191780821917808,0.023182297154899896,False,False,False,False,False,False,False,False
POA2779,2779,5077.0,41.0,1794.0,2.6,541.0,633.0,242.0,16.0,1432.0,2425.0,102.0,2528.0,1436.0,116.0,4077.0,1396.0,456.0,40.0,1896.0,2021,1174.0,0.5948000981113564,0.040348101265822785,0.6200637723816532,0.3777932960893855,0.4420391061452514,0.8198324022346368,0.16899441340782123,0.7362869198312236,0.24050632911392406,0.02109704641350211,False,False,False,False,False,False,False,False
POA2780,2780,13348.0,50.0,1238.0,2.1,1711.0,1070.0,659.0,48.0,3489.0,5664.0,323.0,5987.0,5084.0,550.0,11613.0,3449.0,2327.0,261.0,6040.0,2021,2781.0,0.487729268922759,0.053950225488558545,0.5155429260311719,0.4903983949555747,0.3066781312697048,0.7970765262252795,0.1888793350530238,0.5710264900662252,0.38526490066225166,0.04321192052980132,False,False,False,False,False,False,False,False
POA2782,2782,6428.0,50.0,1528.0,2.3,876.0,669.0,231.0,23.0,1800.0,2592.0,115.0,2704.0,2370.0,285.0,5361.0,1772.0,728.0,77.0,2576.0,2021,1545.0,0.4834918858421936,0.04252958579881657,0.5043835105390785,0.4866666666666667,0.37166666666666665,0.8583333333333333,0.12833333333333333,0.687888198757764,0.2826086956521739,0.029891304347826088,False,False,False,False,False,False,False,False
POA2783,2783,2651.0,45.0,1519.0,2.4,285.0,305.0,144.0,10.0,744.0,1273.0,54.0,1324.0,821.0,65.0,2211.0,721.0,334.0,26.0,1083.0,2021,590.0,0.5757575757575758,0.04078549848942598,0.5988240615106287,0.38306451612903225,0.4099462365591398,0.793010752688172,0.1935483870967742,0.6657433056325023,0.30840258541089566,0.024007386888273315,False,False,False,False,False,False,False,False
POA2784,2784,1300.0,45.0,1765.0,2.5,165.0,161.0,46.0,0.0,377.0,628.0,13.0,644.0,397.0,34.0,1079.0,358.0,127.0,8.0,499.0,2021,326.0,0.5820203892493049,0.020186335403726708,0.5968489341983317,0.4376657824933687,0.4270557029177719,0.8647214854111406,0.1220159151193634,0.717434869739479,0.2545090180360721,0.01603206412825651,False,False,False,False,False,False,False,False
POA2785,2785,4822.0,53.0,1343.0,2.1,685.0,399.0,251.0,15.0,1345.0,2016.0,87.0,2098.0,1808.0,249.0,4157.0,1340.0,763.0,66.0,2168.0,2021,1084.0,0.4849651190762569,0.041468064823641564,0.5046908828482078,0.5092936802973977,0.2966542750929368,0.8059479553903346,0.18661710037174722,0.6180811808118081,0.3519372693726937,0.03044280442804428,False,False,False,False,False,False,False,False
POA2786,2786,1178.0,51.0,1225.0,2.0,178.0,94.0,48.0,3.0,323.0,483.0,23.0,505.0,467.0,47.0,1025.0,311.0,206.0,23.0,541.0,2021,272.0,0.4712195121951219,0.04554455445544554,0.4926829268292683,0.5510835913312694,0.29102167182662536,0.8421052631578947,0.14860681114551083,0.5748613678373382,0.3807763401109057,0.04251386321626617,False,False,False,False,False,False,False,False
POA2787,2787,4605.0,48.0,1380.0,2.3,596.0,384.0,195.0,6.0,1185.0,1990.0,78.0,2070.0,1370.0,399.0,3837.0,1159.0,527.0,41.0,1731.0,2021,980.0,0.5186343497524107,0.03768115942028986,0.5394839718530101,0.5029535864978903,0.3240506329113924,0.8270042194092827,0.16455696202531644,0.6695551704217215,0.30444829578278454,0.02368573079145003,False,False,False,False,False,False,False,False
POA2790,2790,15452.0,47.0,1184.0,2.2,1756.0,1362.0,780.0,62.0,3965.0,6141.0,357.0,6494.0,5609.0,912.0,13017.0,3887.0,2211.0,161.0,6254.0,2021,3118.0,0.47176768840746713,0.0549738219895288,0.4988860720596143,0.442875157629256,0.34350567465321563,0.7863808322824716,0.19672131147540983,0.6215222257755036,0.35353373840741925,0.02574352414454749,False,False,False,False,False,False,False,False
POA2791,2791,322.0,53.0,1359.0,2.2,43.0,28.0,13.0,0.0,84.0,150.0,10.0,155.0,85.0,25.0,272.0,80.0,50.0,0.0,131.0,2021,71.0,0.5514705882352942,0.06451612903225806,0.5698529411764706,0.5119047619047619,0.3333333333333333,0.8452380952380952,0.15476190476190477,0.6106870229007634,0.3816793893129771,0.0,False,False,False,False,False,False,False,False
POA2792,2792,386.0,49.0,1481.0,2.3,51.0,35.0,24.0,4.0,110.0,199.0,9.0,205.0,102.0,23.0,330.0,110.0,41.0,4.0,156.0,2021,86.0,0.603030303030303,0.04390243902439024,0.6212121212121212,0.4636363636363636,0.3181818181818182,0.7818181818181819,0.21818181818181817,0.7051282051282052,0.26282051282051283,0.02564102564102564,False,False,False,False,False,False,False,False
POA2793,2793,1074.0,55.0,916.0,2.2,153.0,81.0,39.0,9.0,281.0,364.0,15.0,380.0,445.0,95.0,920.0,279.0,129.0,11.0,420.0,2021,234.0,0.39565217391304347,0.039473684210526314,0.41304347826086957,0.5444839857651246,0.28825622775800713,0.8327402135231317,0.1387900355871886,0.6642857142857143,0.30714285714285716,0.02619047619047619,False,False,False,False,False,False,False,False
POA2794,2794,10504.0,46.0,1115.0,2.3,1282.0,939.0,514.0,44.0,2776.0,4282.0,248.0,4526.0,3494.0,638.0,8663.0,2716.0,1406.0,96.0,4226.0,2021,2221.0,0.4942860440955789,0.0547945205479452,0.5224518065335334,0.4618155619596542,0.33825648414985593,0.8000720461095101,0.1851585014409222,0.6426881211547563,0.33270231897775676,0.022716516800757217,False,False,False,False,False,False,False,False
POA2795,2795,45077.0,39.0,1593.0,2.5,4725.0,4629.0,2115.0,173.0,11636.0,21174.0,876.0,22050.0,12530.0,2048.0,36624.0,11381.0,4497.0,541.0,16417.0,2021,9354.0,0.5781454783748362,0.03972789115646259,0.6020642201834863,0.40606737710553453,0.39781711928497765,0.8038844963905122,0.18176349260914404,0.6932448072120363,0.2739233721142718,0.032953645611256625,False,False,False,False,False,False,False,False
POA2797,2797,434.0,47.0,1488.0,2.4,52.0,47.0,22.0,7.0,125.0,206.0,5.0,205.0,90.0,40.0,338.0,121.0,33.0,6.0,159.0,2021,99.0,0.6094674556213018,0.024390243902439025,0.606508875739645,0.416,0.376,0.792,0.176,0.7610062893081762,0.20754716981132076,0.03773584905660377,False,False,False,False,False,False,False,False
POA2798,2798,2193.0,44.0,2074.0,2.7,260.0,277.0,61.0,8.0,608.0,1061.0,19.0,1075.0,474.0,166.0,1707.0,598.0,128.0,12.0,734.0,2021,537.0,0.6215582893966022,0.017674418604651163,0.629759812536614,0.4276315789473684,0.4555921052631579,0.8832236842105263,0.10032894736842106,0.8147138964577657,0.17438692098092642,0.01634877384196185,False,False,False,False,False,False,False,False
POA2799,2799,4156.0,40.0,1426.0,2.5,463.0,463.0,192.0,13.0,1134.0,1895.0,117.0,2004.0,1147.0,137.0,3296.0,1111.0,447.0,30.0,1591.0,2021,926.0,0.5749393203883495,0.058383233532934134,0.6080097087378641,0.40828924162257496,0.40828924162257496,0.8165784832451499,0.1693121693121693,0.6983029541169076,0.2809553739786298,0.018856065367693273,False,False,False,False,False,False,False,False
POA2800,2800,48283.0,37.0,1713.0,2.5,4920.0,5352.0,2105.0,166.0,12548.0,23066.0,801.0,23868.0,11792.0,2233.0,37891.0,12325.0,4909.0,528.0,17761.0,2021,10272.0,0.6087461402443852,0.033559577677224735,0.629912116333694,0.3920943576665604,0.42652215492508766,0.818616512591648,0.16775581766018488,0.69393615224368,0.2763920950396937,0.029728055852710995,False,False,False,False,False,False,False,False
POA2803,2803,286.0,54.0,1187.0,2.3,50.0,25.0,7.0,0.0,85.0,130.0,5.0,135.0,97.0,11.0,241.0,87.0,30.0,0.0,118.0,2021,75.0,0.5394190871369294,0.037037037037037035,0.5601659751037344,0.5882352941176471,0.29411764705882354,0.8823529411764706,0.08235294117647059,0.7372881355932204,0.2542372881355932,0.0,False,False,False,False,False,False,False,False
POA2804,2804,2832.0,48.0,1164.0,2.3,345.0,259.0,116.0,10.0,722.0,1186.0,48.0,1238.0,872.0,236.0,2339.0,717.0,323.0,32.0,1074.0,2021,604.0,0.5070542967079948,0.03877221324717286,0.5292860196665241,0.4778393351800554,0.3587257617728532,0.8365650969529086,0.16066481994459833,0.6675977653631285,0.30074487895716945,0.0297951582867784,False,False,False,False,False,False,False,False
POA2805,2805,408.0,47.0,992.0,2.4,50.0,44.0,11.0,4.0,105.0,177.0,4.0,184.0,120.0,36.0,339.0,109.0,51.0,8.0,164.0,2021,94.0,0.5221238938053098,0.021739130434782608,0.5427728613569321,0.47619047619047616,0.41904761904761906,0.8952380952380953,0.10476190476190476,0.6646341463414634,0.31097560975609756,0.04878048780487805,False,False,False,False,False,False,False,False
POA2806,2806,862.0,50.0,1245.0,2.3,122.0,73.0,33.0,0.0,227.0,367.0,8.0,374.0,246.0,87.0,709.0,223.0,89.0,3.0,315.0,2021,195.0,0.5176304654442877,0.0213903743315508,0.5275035260930888,0.5374449339207048,0.32158590308370044,0.8590308370044053,0.14537444933920704,0.707936507936508,0.28253968253968254,0.009523809523809525,False,False,False,False,False,False,False,False
POA2807,2807,450.0,52.0,806.0,2.1,62.0,29.0,26.0,5.0,116.0,161.0,14.0,173.0,173.0,41.0,382.0,117.0,66.0,7.0,193.0,2021,91.0,0.4214659685863874,0.08092485549132948,0.45287958115183247,0.5344827586206896,0.25,0.7844827586206896,0.22413793103448276,0.6062176165803109,0.34196891191709844,0.03626943005181347,False,False,False,False,False,False,False,False
POA2808,2808,216.0,57.0,1034.0,2.0,36.0,13.0,7.0,3.0,62.0,72.0,6.0,76.0,89.0,28.0,188.0,54.0,33.0,6.0,91.0,2021,49.0,0.3829787234042553,0.07894736842105263,0.40425531914893614,0.5806451612903226,0.20967741935483872,0.7903225806451613,0.11290322580645161,0.5934065934065934,0.3626373626373626,0.06593406593406594,False,False,False,False,False,False,False,False
POA2809,2809,202.0,53.0,1037.0,2.2,32.0,13.0,9.0,0.0,61.0,84.0,3.0,87.0,71.0,13.0,168.0,57.0,25.0,0.0,84.0,2021,45.0,0.5,0.034482758620689655,0.5178571428571429,0.5245901639344263,0.21311475409836064,0.7377049180327869,0.14754098360655737,0.6785714285714286,0.2976190476190476,0.0,False,False,False,False,False,False,False,False
POA2810,2810,3132.0,52.0,1048.0,2.2,440.0,274.0,112.0,22.0,842.0,1286.0,61.0,1350.0,1112.0,190.0,2645.0,831.0,456.0,31.0,1320.0,2021,714.0,0.48620037807183364,0.04518518518518518,0.5103969754253308,0.5225653206650831,0.3254156769596199,0.8479809976247031,0.1330166270783848,0.6295454545454545,0.34545454545454546,0.023484848484848483,False,False,False,False,False,False,False,False
POA2817,2817,359.0,45.0,1166.0,2.3,51.0,34.0,7.0,0.0,95.0,191.0,9.0,195.0,58.0,36.0,296.0,90.0,43.0,0.0,136.0,2021,85.0,0.6452702702702703,0.046153846153846156,0.6587837837837838,0.5368421052631579,0.35789473684210527,0.8947368421052632,0.07368421052631578,0.6617647058823529,0.3161764705882353,0.0,False,False,False,False,False,False,False,False
POA2818,2818,849.0,41.0,1469.0,2.6,101.0,82.0,41.0,0.0,227.0,421.0,20.0,438.0,174.0,50.0,665.0,222.0,75.0,3.0,300.0,2021,183.0,0.6330827067669172,0.045662100456621,0.6586466165413534,0.44493392070484583,0.36123348017621143,0.8061674008810573,0.18061674008810572,0.74,0.25,0.01,False,False,False,False,False,False,False,False
POA2820,2820,7378.0,41.0,1122.0,2.3,679.0,510.0,363.0,41.0,1595.0,2480.0,175.0,2654.0,2793.0,638.0,6087.0,1556.0,805.0,87.0,2441.0,2021,1189.0,0.4074256612452768,0.06593820648078372,0.4360111713487761,0.42570532915360504,0.31974921630094044,0.7454545454545455,0.22758620689655173,0.6374436706267923,0.32978287587054483,0.035641130684145844,False,False,False,False,False,False,False,False
POA2821,2821,4778.0,39.0,1318.0,2.5,490.0,453.0,226.0,18.0,1179.0,1972.0,98.0,2063.0,1191.0,460.0,3715.0,1159.0,471.0,37.0,1664.0,2021,943.0,0.5308209959623149,0.04750363548230732,0.5553162853297443,0.4156064461407973,0.3842239185750636,0.7998303647158609,0.19168787107718405,0.6965144230769231,0.28305288461538464,0.022235576923076924,False,False,False,False,False,False,False,False
POA2822,2822,433.0,45.0,1292.0,2.5,45.0,46.0,16.0,0.0,106.0,201.0,8.0,204.0,89.0,54.0,348.0,102.0,41.0,3.0,147.0,2021,91.0,0.5775862068965517,0.0392156862745098,0.5862068965517241,0.42452830188679247,0.4339622641509434,0.8584905660377359,0.1509433962264151,0.6938775510204082,0.2789115646258503,0.02040816326530612,False,False,False,False,False,False,False,False
POA2823,2823,1340.0,43.0,1306.0,2.3,123.0,119.0,56.0,10.0,309.0,582.0,20.0,604.0,332.0,144.0,1072.0,306.0,167.0,10.0,473.0,2021,242.0,0.542910447761194,0.033112582781456956,0.5634328358208955,0.39805825242718446,0.3851132686084142,0.7831715210355987,0.18122977346278318,0.6469344608879493,0.35306553911205074,0.021141649048625793,False,False,False,False,False,False,False,False
POA2824,2824,2055.0,46.0,1276.0,2.3,236.0,173.0,91.0,13.0,506.0,832.0,46.0,882.0,583.0,195.0,1659.0,499.0,266.0,20.0,782.0,2021,409.0,0.5015069318866787,0.05215419501133787,0.5316455696202531,0.466403162055336,0.34189723320158105,0.808300395256917,0.17984189723320157,0.6381074168797954,0.340153452685422,0.02557544757033248,False,False,False,False,False,False,False,False
POA2825,2825,2202.0,41.0,1451.0,2.4,241.0,232.0,82.0,20.0,570.0,1069.0,40.0,1110.0,529.0,145.0,1787.0,566.0,260.0,17.0,849.0,2021,473.0,0.5982092893116956,0.036036036036036036,0.621152770005596,0.42280701754385963,0.4070175438596491,0.8298245614035088,0.14385964912280702,0.6666666666666666,0.30624263839811544,0.020023557126030624,False,False,False,False,False,False,False,False
POA2826,2826,178.0,46.0,1375.0,2.6,17.0,24.0,4.0,0.0,44.0,101.0,0.0,102.0,39.0,6.0,149.0,43.0,20.0,0.0,65.0,2021,41.0,0.6778523489932886,0.0,0.6845637583892618,0.38636363636363635,0.5454545454545454,0.9318181818181818,0.09090909090909091,0.6615384615384615,0.3076923076923077,0.0,False,False,False,False,False,False,False,False
POA2827,2827,3678.0,46.0,1133.0,2.3,441.0,298.0,195.0,16.0,951.0,1468.0,82.0,1548.0,1082.0,343.0,2979.0,932.0,413.0,28.0,1372.0,2021,739.0,0.4927828130245049,0.05297157622739018,0.5196374622356495,0.4637223974763407,0.31335436382754994,0.7770767613038907,0.20504731861198738,0.6793002915451894,0.3010204081632653,0.02040816326530612,False,False,False,False,False,False,False,False
POA2828,2828,798.0,44.0,1107.0,2.3,85.0,62.0,34.0,0.0,187.0,325.0,23.0,346.0,201.0,81.0,630.0,188.0,108.0,3.0,291.0,2021,147.0,0.5158730158730159,0.06647398843930635,0.5492063492063493,0.45454545454545453,0.3315508021390374,0.786096256684492,0.18181818181818182,0.6460481099656358,0.3711340206185567,0.010309278350515464,False,False,False,False,False,False,False,False
POA2829,2829,2965.0,38.0,1279.0,2.4,268.0,216.0,188.0,15.0,689.0,1079.0,72.0,1156.0,836.0,321.0,2309.0,665.0,323.0,37.0,1024.0,2021,484.0,0.46730186227804243,0.06228373702422145,0.5006496318752707,0.3889695210449927,0.3134978229317852,0.7024673439767779,0.2728592162554427,0.6494140625,0.3154296875,0.0361328125,False,False,False,False,False,False,False,False
POA2830,2830,44963.0,36.0,1695.0,2.5,4461.0,4734.0,2094.0,175.0,11472.0,21682.0,735.0,22413.0,9873.0,3032.0,35320.0,11154.0,4250.0,552.0,15961.0,2021,9195.0,0.6138731596828992,0.03279346807656271,0.6345696489241223,0.3888598326359833,0.41265690376569036,0.8015167364016736,0.18253138075313807,0.698828394210889,0.26627404297976315,0.03458429922937159,False,False,False,False,False,False,False,False
POA2831,2831,1845.0,41.0,1528.0,2.7,189.0,203.0,64.0,4.0,463.0,857.0,23.0,884.0,349.0,190.0,1425.0,446.0,133.0,10.0,591.0,2021,392.0,0.6014035087719298,0.026018099547511313,0.6203508771929824,0.408207343412527,0.43844492440604754,0.8466522678185745,0.13822894168466524,0.754653130287648,0.22504230118443316,0.01692047377326565,False,False,False,False,False,False,False,False
POA2832,2832,2149.0,38.0,1359.0,2.4,162.0,114.0,76.0,14.0,368.0,678.0,36.0,717.0,401.0,564.0,1676.0,352.0,193.0,15.0,564.0,2021,276.0,0.4045346062052506,0.0502092050209205,0.4278042959427208,0.44021739130434784,0.30978260869565216,0.75,0.20652173913043478,0.624113475177305,0.3421985815602837,0.026595744680851064,False,False,False,False,False,False,False,False
POA2833,2833,634.0,39.0,1042.0,2.5,57.0,39.0,34.0,0.0,130.0,198.0,14.0,209.0,176.0,130.0,512.0,123.0,57.0,7.0,192.0,2021,96.0,0.38671875,0.06698564593301436,0.408203125,0.43846153846153846,0.3,0.7384615384615385,0.26153846153846155,0.640625,0.296875,0.036458333333333336,False,False,False,False,False,False,False,False
POA2834,2834,1984.0,53.0,793.0,2.0,184.0,106.0,101.0,9.0,394.0,565.0,68.0,632.0,709.0,350.0,1695.0,385.0,328.0,30.0,743.0,2021,290.0,0.3333333333333333,0.10759493670886076,0.3728613569321534,0.467005076142132,0.26903553299492383,0.7360406091370558,0.2563451776649746,0.5181695827725438,0.4414535666218035,0.040376850605652756,False,False,False,False,False,False,False,False
POA2835,2835,3793.0,36.0,1811.0,2.3,350.0,349.0,141.0,16.0,861.0,1721.0,55.0,1779.0,747.0,479.0,3002.0,847.0,438.0,28.0,1314.0,2021,699.0,0.5732844770153231,0.030916245081506463,0.5926049300466356,0.4065040650406504,0.40534262485482,0.8118466898954704,0.16376306620209058,0.6445966514459666,0.3333333333333333,0.0213089802130898,False,False,False,False,False,False,False,False
POA2836,2836,895.0,36.0,1071.0,2.5,63.0,46.0,62.0,3.0,175.0,252.0,18.0,267.0,303.0,143.0,709.0,156.0,114.0,4.0,271.0,2021,109.0,0.3554301833568406,0.06741573033707865,0.3765867418899859,0.36,0.26285714285714284,0.6228571428571429,0.35428571428571426,0.5756457564575646,0.42066420664206644,0.014760147601476014,False,False,False,False,False,False,False,False
POA2838,2838,223.0,41.0,780.0,2.4,21.0,17.0,16.0,0.0,53.0,64.0,3.0,72.0,69.0,38.0,179.0,48.0,28.0,6.0,80.0,2021,38.0,0.3575418994413408,0.041666666666666664,0.4022346368715084,0.39622641509433965,0.32075471698113206,0.7169811320754716,0.3018867924528302,0.6,0.35,0.075,False,False,False,False,False,False,False,False
POA2839,2839,1079.0,35.0,1017.0,2.3,80.0,59.0,75.0,4.0,228.0,362.0,25.0,395.0,320.0,137.0,853.0,217.0,138.0,15.0,371.0,2021,139.0,0.4243845252051583,0.06329113924050633,0.4630715123094959,0.3508771929824561,0.25877192982456143,0.6096491228070176,0.32894736842105265,0.5849056603773585,0.3719676549865229,0.04043126684636118,False,False,False,False,False,False,False,False
POA2840,2840,2389.0,36.0,1536.0,2.5,198.0,221.0,107.0,16.0,547.0,1016.0,26.0,1044.0,480.0,333.0,1857.0,529.0,248.0,12.0,787.0,2021,419.0,0.5471190091545504,0.02490421455938697,0.5621970920840065,0.3619744058500914,0.4040219378427788,0.7659963436928702,0.1956124314442413,0.6721728081321474,0.31512071156289706,0.015247776365946633,False,False,False,False,False,False,False,False
POA2842,2842,720.0,46.0,941.0,2.4,66.0,71.0,26.0,3.0,174.0,250.0,20.0,272.0,252.0,56.0,584.0,170.0,102.0,14.0,275.0,2021,137.0,0.4280821917808219,0.07352941176470588,0.4657534246575342,0.3793103448275862,0.40804597701149425,0.7873563218390804,0.14942528735632185,0.6181818181818182,0.3709090909090909,0.05090909090909091,False,False,False,False,False,False,False,False
POA2843,2843,1262.0,47.0,1162.0,2.4,152.0,110.0,31.0,6.0,300.0,491.0,23.0,512.0,360.0,169.0,1038.0,281.0,132.0,9.0,424.0,2021,262.0,0.4730250481695568,0.044921875,0.4932562620423892,0.5066666666666667,0.36666666666666664,0.8733333333333333,0.10333333333333333,0.6627358490566038,0.3113207547169811,0.02122641509433962,False,False,False,False,False,False,False,False
POA2844,2844,1312.0,51.0,1020.0,2.2,176.0,111.0,58.0,0.0,341.0,508.0,24.0,536.0,442.0,113.0,1093.0,340.0,177.0,7.0,523.0,2021,287.0,0.464775846294602,0.04477611940298507,0.49039341262580055,0.5161290322580645,0.3255131964809384,0.841642228739003,0.17008797653958943,0.6500956022944551,0.3384321223709369,0.01338432122370937,False,False,False,False,False,False,False,False
POA2845,2845,2019.0,39.0,1424.0,2.6,199.0,229.0,103.0,13.0,538.0,865.0,48.0,908.0,604.0,70.0,1582.0,528.0,198.0,24.0,744.0,2021,428.0,0.5467762326169405,0.05286343612334802,0.5739570164348925,0.36988847583643125,0.4256505576208178,0.7955390334572491,0.19144981412639406,0.7096774193548387,0.2661290322580645,0.03225806451612903,False,False,False,False,False,False,False,False
POA2846,2846,253.0,55.0,787.0,2.0,35.0,20.0,5.0,0.0,60.0,100.0,3.0,106.0,100.0,20.0,226.0,62.0,45.0,0.0,108.0,2021,55.0,0.4424778761061947,0.02830188679245283,0.4690265486725664,0.5833333333333334,0.3333333333333333,0.9166666666666666,0.08333333333333333,0.5740740740740741,0.4166666666666667,0.0,False,False,False,False,False,False,False,False
POA2847,2847,2447.0,46.0,1150.0,2.3,294.0,226.0,129.0,6.0,652.0,916.0,72.0,990.0,860.0,174.0,2024.0,631.0,296.0,13.0,949.0,2021,520.0,0.4525691699604743,0.07272727272727272,0.4891304347826087,0.450920245398773,0.34662576687116564,0.7975460122699386,0.19785276073619631,0.6649104320337197,0.3119072708113804,0.0136986301369863,False,False,False,False,False,False,False,False
POA2848,2848,1540.0,54.0,703.0,1.9,175.0,90.0,105.0,5.0,367.0,391.0,49.0,441.0,739.0,134.0,1310.0,363.0,328.0,18.0,714.0,2021,265.0,0.29847328244274807,0.1111111111111111,0.3366412213740458,0.4768392370572207,0.2452316076294278,0.7220708446866485,0.28610354223433243,0.5084033613445378,0.45938375350140054,0.025210084033613446,False,False,False,False,False,False,False,False
POA2849,2849,1610.0,52.0,1172.0,2.2,229.0,144.0,46.0,3.0,432.0,653.0,32.0,689.0,543.0,143.0,1375.0,420.0,204.0,18.0,640.0,2021,373.0,0.4749090909090909,0.04644412191582003,0.5010909090909091,0.5300925925925926,0.3333333333333333,0.8634259259259259,0.10648148148148148,0.65625,0.31875,0.028125,False,False,False,False,False,False,False,False
POA2850,2850,19146.0,40.0,1671.0,2.5,2200.0,2082.0,733.0,66.0,5086.0,8915.0,328.0,9250.0,4896.0,1102.0,15243.0,4962.0,1854.0,214.0,7033.0,2021,4282.0,0.5848586236305189,0.03545945945945946,0.6068359246867414,0.4325599685410932,0.4093590247738891,0.8419189933149823,0.1441211167911915,0.7055310678231196,0.2636143893075501,0.030427982368832648,False,False,False,False,False,False,False,False
POA2852,2852,3734.0,42.0,1365.0,2.5,438.0,389.0,156.0,15.0,996.0,1582.0,61.0,1648.0,1051.0,267.0,2960.0,966.0,389.0,24.0,1377.0,2021,827.0,0.5344594594594595,0.037014563106796114,0.5567567567567567,0.4397590361445783,0.39056224899598396,0.8303212851405622,0.1566265060240964,0.7015250544662309,0.2824981844589688,0.017429193899782137,False,False,False,False,False,False,False,False
POA2864,2864,824.0,44.0,1375.0,2.5,119.0,82.0,18.0,9.0,226.0,391.0,9.0,398.0,216.0,47.0,660.0,225.0,73.0,7.0,306.0,2021,201.0,0.5924242424242424,0.022613065326633167,0.603030303030303,0.5265486725663717,0.36283185840707965,0.8893805309734514,0.07964601769911504,0.7352941176470589,0.238562091503268,0.02287581699346405,False,False,False,False,False,False,False,False
POA2865,2865,927.0,44.0,1434.0,2.5,118.0,106.0,30.0,0.0,255.0,433.0,17.0,457.0,240.0,56.0,755.0,249.0,92.0,4.0,349.0,2021,224.0,0.5735099337748344,0.037199124726477024,0.6052980132450331,0.4627450980392157,0.41568627450980394,0.8784313725490196,0.11764705882352941,0.7134670487106017,0.2636103151862464,0.011461318051575931,False,False,False,False,False,False,False,False
POA2866,2866,3112.0,42.0,1397.0,2.5,333.0,357.0,111.0,9.0,808.0,1433.0,28.0,1458.0,804.0,197.0,2463.0,800.0,319.0,15.0,1124.0,2021,690.0,0.5818107998375964,0.019204389574759947,0.5919610231425091,0.4121287128712871,0.44183168316831684,0.8539603960396039,0.1373762376237624,0.7117437722419929,0.28380782918149466,0.013345195729537367,False,False,False,False,False,False,False,False
POA2867,2867,636.0,41.0,1257.0,2.6,69.0,77.0,20.0,0.0,169.0,263.0,10.0,271.0,163.0,48.0,483.0,166.0,51.0,5.0,222.0,2021,146.0,0.5445134575569358,0.03690036900369004,0.5610766045548654,0.40828402366863903,0.4556213017751479,0.863905325443787,0.11834319526627218,0.7477477477477478,0.22972972972972974,0.02252252252252252,False,False,False,False,False,False,False,False
POA2868,2868,579.0,45.0,1190.0,2.5,69.0,60.0,24.0,0.0,154.0,240.0,5.0,241.0,187.0,34.0,465.0,149.0,52.0,3.0,209.0,2021,129.0,0.5161290322580645,0.02074688796680498,0.5182795698924731,0.44805194805194803,0.38961038961038963,0.8376623376623377,0.15584415584415584,0.7129186602870813,0.24880382775119617,0.014354066985645933,False,False,False,False,False,False,False,False
POA2869,2869,1528.0,49.0,1056.0,2.2,166.0,115.0,89.0,9.0,371.0,549.0,45.0,598.0,459.0,197.0,1254.0,365.0,194.0,19.0,571.0,2021,281.0,0.43779904306220097,0.07525083612040134,0.4768740031897927,0.4474393530997305,0.30997304582210244,0.7574123989218329,0.2398921832884097,0.6392294220665499,0.3397548161120841,0.03327495621716287,False,False,False,False,False,False,False,False
POA2870,2870,12036.0,39.0,1405.0,2.4,1286.0,1215.0,575.0,39.0,3110.0,5367.0,274.0,5633.0,3283.0,636.0,9550.0,3045.0,1374.0,111.0,4533.0,2021,2501.0,0.5619895287958115,0.04864193147523522,0.5898429319371727,0.4135048231511254,0.39067524115755625,0.8041800643086817,0.18488745980707397,0.671740569159497,0.30311052283256124,0.024487094639311716,False,False,False,False,False,False,False,False
POA2871,2871,8965.0,42.0,1249.0,2.3,1047.0,818.0,425.0,30.0,2321.0,3969.0,160.0,4128.0,2437.0,628.0,7187.0,2279.0,1082.0,79.0,3434.0,2021,1865.0,0.5522471128426325,0.03875968992248062,0.5743703909837206,0.4510986643688065,0.35243429556225764,0.8035329599310642,0.1831107281344248,0.6636575422248108,0.3150844496214327,0.023005241700640652,False,False,False,False,False,False,False,False
POA2873,2873,560.0,52.0,962.0,2.2,79.0,60.0,7.0,0.0,145.0,257.0,4.0,265.0,155.0,56.0,475.0,142.0,77.0,8.0,223.0,2021,139.0,0.5410526315789473,0.01509433962264151,0.5578947368421052,0.5448275862068965,0.41379310344827586,0.9586206896551724,0.04827586206896552,0.6367713004484304,0.3452914798206278,0.03587443946188341,False,False,False,False,False,False,False,False
POA2874,2874,369.0,50.0,931.0,2.3,42.0,31.0,8.0,0.0,84.0,147.0,8.0,155.0,106.0,38.0,300.0,80.0,50.0,0.0,133.0,2021,73.0,0.49,0.05161290322580645,0.5166666666666667,0.5,0.36904761904761907,0.8690476190476191,0.09523809523809523,0.6015037593984962,0.37593984962406013,0.0,False,False,False,False,False,False,False,False
POA2875,2875,802.0,50.0,1160.0,2.3,106.0,74.0,36.0,0.0,220.0,350.0,17.0,363.0,238.0,63.0,665.0,207.0,97.0,3.0,313.0,2021,180.0,0.5263157894736842,0.046831955922865015,0.5458646616541354,0.4818181818181818,0.33636363636363636,0.8181818181818182,0.16363636363636364,0.6613418530351438,0.30990415335463256,0.009584664536741214,False,False,False,False,False,False,False,False
POA2876,2876,494.0,40.0,1353.0,2.7,45.0,53.0,19.0,0.0,113.0,209.0,8.0,213.0,117.0,51.0,375.0,119.0,35.0,3.0,155.0,2021,98.0,0.5573333333333333,0.03755868544600939,0.568,0.39823008849557523,0.4690265486725664,0.8672566371681416,0.168141592920354,0.7677419354838709,0.22580645161290322,0.01935483870967742,False,False,False,False,False,False,False,False
POA2877,2877,3575.0,39.0,1282.0,2.4,357.0,339.0,142.0,26.0,870.0,1469.0,89.0,1559.0,926.0,316.0,2797.0,851.0,394.0,22.0,1275.0,2021,696.0,0.5252055774043618,0.05708787684413085,0.557382910260994,0.4103448275862069,0.3896551724137931,0.8,0.1632183908045977,0.6674509803921569,0.30901960784313726,0.017254901960784313,False,False,False,False,False,False,False,False
POA2878,2878,286.0,42.0,1395.0,2.2,29.0,24.0,6.0,3.0,68.0,124.0,4.0,126.0,64.0,50.0,237.0,63.0,32.0,0.0,98.0,2021,53.0,0.5232067510548524,0.031746031746031744,0.5316455696202531,0.4264705882352941,0.35294117647058826,0.7794117647058824,0.08823529411764706,0.6428571428571429,0.32653061224489793,0.0,False,False,False,False,False,False,False,False
POA2879,2879,577.0,52.0,841.0,2.0,66.0,28.0,34.0,0.0,129.0,173.0,14.0,183.0,221.0,94.0,499.0,129.0,99.0,12.0,234.0,2021,94.0,0.3466933867735471,0.07650273224043716,0.3667334669338677,0.5116279069767442,0.21705426356589147,0.7286821705426356,0.26356589147286824,0.5512820512820513,0.4230769230769231,0.05128205128205128,False,False,False,False,False,False,False,False
POA2880,2880,18097.0,44.0,1182.0,2.2,1991.0,1474.0,1080.0,89.0,4635.0,7442.0,424.0,7865.0,5863.0,1257.0,14992.0,4563.0,2742.0,168.0,7467.0,2021,3465.0,0.49639807897545357,0.05390972663699936,0.5246131270010672,0.42955771305285867,0.3180151024811219,0.7475728155339806,0.23300970873786409,0.6110887906789876,0.36721574929690637,0.02249899558055444,False,False,False,False,False,False,False,False
POA2898,2898,445.0,46.0,1699.0,2.2,58.0,37.0,10.0,0.0,107.0,241.0,6.0,245.0,96.0,36.0,379.0,109.0,52.0,6.0,161.0,2021,95.0,0.6358839050131926,0.024489795918367346,0.6464379947229552,0.5420560747663551,0.34579439252336447,0.8878504672897196,0.09345794392523364,0.6770186335403726,0.32298136645962733,0.037267080745341616,False,False,False,False,False,False,False,False
POA2899,2899,2188.0,50.0,1184.0,2.1,285.0,171.0,73.0,6.0,544.0,1139.0,33.0,1172.0,466.0,204.0,1839.0,539.0,342.0,21.0,898.0,2021,456.0,0.6193583469276781,0.028156996587030716,0.6373028820010875,0.5238970588235294,0.31433823529411764,0.8382352941176471,0.13419117647058823,0.6002227171492205,0.38084632516703787,0.02338530066815145,False,False,False,False,False,False,False,False
POA2900,2900,4177.0,36.0,1860.0,1.9,601.0,281.0,219.0,22.0,1126.0,2474.0,91.0,2559.0,977.0,185.0,3720.0,1111.0,916.0,84.0,2107.0,2021,882.0,0.6650537634408602,0.035560765924189136,0.6879032258064516,0.5337477797513321,0.24955595026642985,0.783303730017762,0.19449378330373002,0.5272899857617466,0.43474133839582346,0.03986710963455149,False,False,False,False,False,False,False,False
POA2902,2902,15670.0,41.0,2207.0,2.6,1701.0,1878.0,761.0,65.0,4402.0,7685.0,334.0,8019.0,4262.0,447.0,12729.0,4321.0,1387.0,146.0,5852.0,2021,3579.0,0.6037394924974467,0.041651078688115725,0.6299787885929766,0.38641526578827806,0.4266242616992276,0.8130395274875056,0.1728759654702408,0.7383800410116199,0.237012987012987,0.024948735475051265,False,False,False,False,False,False,False,False
POA2903,2903,9588.0,39.0,2311.0,2.6,1063.0,1216.0,409.0,37.0,2725.0,4764.0,218.0,4981.0,2454.0,257.0,7688.0,2658.0,768.0,74.0,3505.0,2021,2279.0,0.6196670135275755,0.04376631198554507,0.6478928199791884,0.39009174311926603,0.44623853211009173,0.8363302752293578,0.15009174311926604,0.7583452211126962,0.21911554921540657,0.021112696148359488,False,False,False,False,False,False,False,False
POA2904,2904,13196.0,41.0,2577.0,2.7,1482.0,1800.0,513.0,36.0,3832.0,6635.0,221.0,6857.0,3478.0,334.0,10667.0,3754.0,930.0,77.0,4757.0,2021,3282.0,0.6220118121308709,0.03222983812162753,0.6428236617605699,0.38674321503131526,0.4697286012526096,0.8564718162839249,0.13387265135699375,0.7891528274122346,0.19550136640739962,0.016186672272440614,False,False,False,False,False,False,False,False
POA2905,2905,28731.0,37.0,2311.0,2.7,2736.0,3821.0,1413.0,116.0,8085.0,15513.0,578.0,16095.0,6223.0,674.0,22996.0,7881.0,2194.0,229.0,10307.0,2021,6557.0,0.6745955818403201,0.035911773842808324,0.6999043311880327,0.338404452690167,0.47260358688930115,0.8110080395794681,0.17476808905380334,0.7646259823420976,0.21286504317454158,0.02221791015814495,False,False,False,False,False,False,False,False
POA2906,2906,18107.0,37.0,2410.0,2.7,1695.0,2508.0,897.0,47.0,5150.0,10210.0,337.0,10549.0,3510.0,421.0,14472.0,4997.0,1299.0,100.0,6393.0,2021,4203.0,0.7055002763957988,0.03194615603374727,0.7289248203427308,0.329126213592233,0.48699029126213594,0.8161165048543689,0.1741747572815534,0.781636164554982,0.20319099014547162,0.01564210855623338,False,False,False,False,False,False,False,False
POA2911,2911,4804.0,34.0,2807.0,2.8,427.0,760.0,122.0,11.0,1325.0,2706.0,78.0,2785.0,740.0,84.0,3612.0,1303.0,327.0,59.0,1689.0,2021,1187.0,0.7491694352159468,0.02800718132854578,0.7710409745293466,0.3222641509433962,0.5735849056603773,0.8958490566037736,0.09207547169811321,0.7714624037892244,0.1936056838365897,0.03493191237418591,False,False,False,False,False,False,False,False
POA2912,2912,8604.0,31.0,2208.0,2.6,958.0,961.0,280.0,53.0,2254.0,5236.0,252.0,5486.0,1454.0,287.0,7224.0,2192.0,814.0,222.0,3225.0,2021,1919.0,0.7248062015503876,0.04593510754648195,0.7594130675526024,0.42502218278615794,0.42635314995563445,0.8513753327417923,0.12422360248447205,0.6796899224806201,0.2524031007751938,0.06883720930232558,False,False,False,False,False,False,False,False
POA2913,2913,39396.0,34.0,2429.0,2.8,3646.0,5618.0,1462.0,141.0,10873.0,22218.0,851.0,23066.0,6872.0,968.0,30911.0,10561.0,2748.0,493.0,13809.0,2021,9264.0,0.7187732522403028,0.036894129888147054,0.7462068519297338,0.3353260369723167,0.5166927250988688,0.8520187620711855,0.13446151016278857,0.7647910782822797,0.19900065174885945,0.03570135418929683,False,False,False,False,False,False,False,False
POA2914,2914,34576.0,31.0,2841.0,3.1,2423.0,5558.0,1112.0,118.0,9206.0,19260.0,763.0,20019.0,4533.0,896.0,25448.0,8944.0,1538.0,378.0,10857.0,2021,7981.0,0.7568374724929268,0.03811379189769719,0.7866629990569003,0.2631979144036498,0.6037366934607864,0.8669346078644362,0.12079078861611992,0.8238003131620153,0.14165975868103528,0.03481624758220503,False,False,False,False,False,False,False,False
POA3000,3000,43084.0,28.0,1306.0,1.7,5243.0,993.0,580.0,767.0,7582.0,25902.0,2752.0,28654.0,9041.0,3936.0,41625.0,7534.0,10393.0,3823.0,21750.0,2021,6236.0,0.6222702702702703,0.09604243735604104,0.6883843843843844,0.6915061988921128,0.13096808230018464,0.8224742811922976,0.07649696649960433,0.34639080459770116,0.47783908045977014,0.17577011494252873,False,False,False,False,False,False,False,False
POA3002,3002,4896.0,42.0,2345.0,1.8,858.0,232.0,84.0,32.0,1199.0,3078.0,100.0,3178.0,1162.0,270.0,4609.0,1195.0,1035.0,170.0,2396.0,2021,1090.0,0.6678238229550879,0.03146633102580239,0.6895205033629854,0.7155963302752294,0.19349457881567975,0.9090909090909091,0.07005838198498748,0.49874791318864775,0.43196994991652754,0.0709515859766277,False,False,False,False,False,False,False,False
POA3003,3003,8025.0,31.0,1788.0,1.9,1189.0,433.0,155.0,72.0,1848.0,5262.0,357.0,5617.0,1427.0,396.0,7440.0,1836.0,1504.0,512.0,3853.0,2021,1622.0,0.707258064516129,0.06355705892825352,0.7549731182795699,0.6433982683982684,0.2343073593073593,0.8777056277056277,0.08387445887445888,0.47651180898001555,0.39034518556968595,0.13288346742797819,False,False,False,False,False,False,False,False
POA3004,3004,11482.0,37.0,2090.0,1.7,1844.0,572.0,276.0,90.0,2785.0,6939.0,349.0,7283.0,2359.0,1023.0,10672.0,2773.0,2566.0,384.0,5728.0,2021,2416.0,0.6502061469265368,0.04791981326376493,0.6824400299850075,0.6621184919210054,0.20538599640933572,0.8675044883303411,0.09910233393177738,0.48411312849162014,0.4479748603351955,0.0670391061452514,False,False,False,False,False,False,False,False
POA3006,3006,22699.0,31.0,1927.0,1.8,3615.0,962.0,479.0,251.0,5311.0,15613.0,952.0,16566.0,3553.0,1218.0,21338.0,5284.0,5113.0,1520.0,11920.0,2021,4577.0,0.7316993157746743,0.057467101291802485,0.7763614209391696,0.6806627753718697,0.18113349651666352,0.8617962718885332,0.09019017134249671,0.44328859060402687,0.42894295302013424,0.12751677852348994,False,False,False,False,False,False,False,False
POA3008,3008,15495.0,32.0,1957.0,1.8,2535.0,939.0,286.0,139.0,3899.0,9443.0,706.0,10140.0,2842.0,1303.0,14283.0,3880.0,2973.0,689.0,7540.0,2021,3474.0,0.6611356157669958,0.06962524654832347,0.7099348876286494,0.65016670941267,0.24083098230315467,0.8909976917158245,0.07335214157476276,0.5145888594164456,0.3942970822281167,0.09137931034482759,False,False,False,False,False,False,False,False
POA3011,3011,22278.0,34.0,1896.0,2.1,2518.0,1800.0,763.0,217.0,5297.0,12913.0,827.0,13737.0,4492.0,1316.0,19546.0,5246.0,3300.0,906.0,9450.0,2021,4318.0,0.6606466796275453,0.06020237315279901,0.7028036426890413,0.4753634132527846,0.3398149896167642,0.8151784028695488,0.1440437983764395,0.5551322751322751,0.3492063492063492,0.09587301587301587,False,False,False,False,False,False,False,False
POA3012,3012,27023.0,35.0,1987.0,2.4,2588.0,3002.0,1083.0,195.0,6868.0,14603.0,907.0,15508.0,5536.0,1401.0,22444.0,6744.0,3051.0,758.0,10550.0,2021,5590.0,0.6506415968633043,0.05848594273923136,0.6909641775084655,0.3768200349446709,0.4370995923121724,0.8139196272568433,0.15768782760629005,0.6392417061611374,0.28919431279620855,0.07184834123222748,False,False,False,False,False,False,False,False
POA3013,3013,15636.0,37.0,2485.0,2.5,1617.0,2016.0,522.0,87.0,4245.0,8999.0,361.0,9357.0,2827.0,459.0,12644.0,4199.0,1543.0,317.0,6060.0,2021,3633.0,0.7117209743751978,0.038580741690712836,0.7400347991142043,0.3809187279151943,0.47491166077738517,0.8558303886925795,0.12296819787985866,0.6929042904290429,0.25462046204620464,0.05231023102310231,False,False,False,False,False,False,False,False
POA3015,3015,18634.0,38.0,2556.0,2.6,1716.0,2649.0,680.0,89.0,5133.0,10185.0,440.0,10625.0,3411.0,590.0,14620.0,5081.0,1591.0,227.0,6897.0,2021,4365.0,0.6966484268125855,0.041411764705882356,0.7267441860465116,0.3343074225599065,0.5160724722384571,0.8503798947983635,0.13247613481394896,0.7366971146875453,0.23068000579962303,0.03291286066405684,False,False,False,False,False,False,False,False
POA3016,3016,16025.0,45.0,2382.0,2.5,1621.0,2188.0,566.0,57.0,4430.0,8257.0,402.0,8658.0,4103.0,455.0,13216.0,4387.0,1631.0,102.0,6118.0,2021,3809.0,0.6247730024213075,0.04643104643104643,0.6551150121065376,0.3659142212189616,0.49390519187358917,0.8598194130925508,0.12776523702031603,0.7170644001307617,0.2665903890160183,0.016672115070284408,False,False,False,False,False,False,False,False
POA3018,3018,13556.0,42.0,1861.0,2.3,1578.0,1613.0,567.0,63.0,3814.0,6710.0,286.0,6997.0,3666.0,504.0,11172.0,3755.0,1709.0,133.0,5591.0,2021,3191.0,0.600608664518439,0.0408746605688152,0.6262978875760831,0.4137388568432092,0.4229155742003146,0.8366544310435239,0.14866282118510749,0.671615095689501,0.30566982650688607,0.023788231085673402,False,False,False,False,False,False,False,False
POA3019,3019,9682.0,34.0,1451.0,2.7,735.0,960.0,589.0,95.0,2380.0,4341.0,432.0,4772.0,2795.0,605.0,8171.0,2271.0,876.0,272.0,3412.0,2021,1695.0,0.5312691225064252,0.09052808046940486,0.5840166442295924,0.3088235294117647,0.40336134453781514,0.7121848739495799,0.24747899159663866,0.6655920281359906,0.2567409144196952,0.07971864009378664,False,False,False,False,False,False,False,False
POA3020,3020,44372.0,37.0,1428.0,2.7,3499.0,4822.0,2482.0,335.0,11142.0,18907.0,1691.0,20596.0,13944.0,2579.0,37114.0,10637.0,3703.0,871.0,15211.0,2021,8321.0,0.509430403621275,0.08210332103321033,0.5549388370965135,0.31403697720337465,0.4327768802728415,0.7468138574762161,0.2227607251839885,0.6992965616987706,0.24344224574321216,0.057261192558017225,False,False,False,False,False,False,False,False
POA3021,3021,55112.0,37.0,1238.0,2.8,4209.0,5942.0,3430.0,425.0,14007.0,20252.0,2332.0,22588.0,19113.0,4066.0,45758.0,13235.0,3911.0,786.0,17935.0,2021,10151.0,0.44258927400673104,0.10324065875686204,0.49364045631365006,0.30049261083743845,0.4242164631969729,0.7247090740344113,0.2448775612193903,0.7379425703930862,0.21806523557290214,0.04382492333426261,False,False,False,False,False,False,False,False
POA3022,3022,3170.0,37.0,1452.0,2.4,248.0,307.0,168.0,28.0,748.0,1355.0,140.0,1495.0,858.0,275.0,2625.0,722.0,366.0,57.0,1143.0,2021,555.0,0.5161904761904762,0.09364548494983277,0.5695238095238095,0.3315508021390374,0.410427807486631,0.7419786096256684,0.22459893048128343,0.63167104111986,0.32020997375328086,0.049868766404199474,False,False,False,False,False,False,False,False
POA3023,3023,67146.0,35.0,1905.0,3.2,4134.0,9738.0,2926.0,284.0,17074.0,29670.0,2240.0,31907.0,18375.0,2589.0,52875.0,16242.0,3009.0,449.0,19696.0,2021,13872.0,0.5611347517730496,0.07020403046353464,0.6034420803782506,0.24212252547733396,0.5703408691577838,0.8124633946351177,0.1713716762328687,0.8246344435418359,0.15277213647441104,0.02279650690495532,False,False,False,False,False,False,False,False
POA3024,3024,34004.0,31.0,1995.0,3.1,2239.0,5153.0,1591.0,123.0,9101.0,15772.0,1173.0,16946.0,6582.0,1295.0,24825.0,8729.0,1454.0,315.0,10489.0,2021,7392.0,0.6353272910372608,0.06921987489673079,0.6826183282980866,0.24601692121744864,0.5662015163168883,0.8122184375343369,0.1748159542907373,0.8322051673181429,0.13862141290876157,0.03003146153112785,False,False,False,False,False,False,False,False
POA3025,3025,12962.0,37.0,1695.0,2.6,1170.0,1527.0,617.0,77.0,3385.0,5482.0,340.0,5824.0,3833.0,685.0,10339.0,3313.0,1255.0,130.0,4697.0,2021,2697.0,0.5302253602862946,0.05837912087912088,0.5633039945836155,0.345642540620384,0.45110782865583454,0.7967503692762186,0.18227474150664696,0.7053438364913774,0.26719182456887375,0.027677240791994892,False,False,False,False,False,False,False,False
POA3026,3026,8770.0,32.0,2242.0,3.5,419.0,1422.0,336.0,20.0,2196.0,4046.0,249.0,4292.0,1686.0,348.0,6330.0,2061.0,243.0,56.0,2368.0,2021,1841.0,0.6391785150078989,0.058014911463187324,0.678041074249605,0.19080145719489983,0.6475409836065574,0.8383424408014571,0.15300546448087432,0.8703547297297297,0.10261824324324324,0.02364864864864865,False,False,False,False,False,False,False,False
POA3027,3027,9448.0,31.0,2582.0,3.2,664.0,1484.0,258.0,45.0,2458.0,4976.0,308.0,5287.0,1452.0,414.0,7150.0,2339.0,321.0,164.0,2823.0,2021,2148.0,0.695944055944056,0.058256099867599775,0.7394405594405594,0.2701383238405207,0.6037428803905615,0.8738812042310822,0.10496338486574451,0.8285511866808359,0.11370882040382571,0.05809422600070847,False,False,False,False,False,False,False,False
POA3028,3028,28191.0,38.0,1634.0,2.5,2611.0,3458.0,1449.0,152.0,7677.0,13291.0,916.0,14205.0,7871.0,1296.0,23368.0,7483.0,2663.0,375.0,10524.0,2021,6069.0,0.5687692571037316,0.06448433650123196,0.6078825744608011,0.3401068125569884,0.4504363683730624,0.7905431809300508,0.18874560375146543,0.7110414291144052,0.25304066894716837,0.03563283922462942,False,False,False,False,False,False,False,False
POA3029,3029,129888.0,31.0,1960.0,3.2,8161.0,19923.0,4242.0,583.0,32901.0,58728.0,4556.0,63279.0,26649.0,5972.0,95904.0,31480.0,5122.0,1372.0,37971.0,2021,28084.0,0.6123623623623624,0.07199860933327012,0.659816066066066,0.24804717181848576,0.6055439044405945,0.8535910762590803,0.1289322512993526,0.8290537515472334,0.13489241789786943,0.036132838218640544,False,False,False,False,False,False,False,False
POA3030,3030,119201.0,34.0,2057.0,2.9,8728.0,17828.0,4815.0,491.0,31863.0,56670.0,3895.0,60565.0,24949.0,4825.0,90342.0,30796.0,6786.0,1124.0,38707.0,2021,26556.0,0.6272829912997278,0.06431107075043342,0.6703969360873127,0.27392273169506953,0.5595204469133478,0.8334431786084173,0.15111571415120986,0.7956183636034826,0.175317126101222,0.02903867517503294,False,False,False,False,False,False,False,False
POA3031,3031,17772.0,35.0,1947.0,2.1,1959.0,1474.0,701.0,138.0,4270.0,10189.0,572.0,10756.0,3631.0,828.0,15209.0,4241.0,2967.0,637.0,7842.0,2021,3433.0,0.6699322769412848,0.05317962067683154,0.7072128345058847,0.45878220140515225,0.3451990632318501,0.8039812646370024,0.16416861826697893,0.5408059168579444,0.37834736036725325,0.08122927824534558,False,False,False,False,False,False,False,False
POA3032,3032,29874.0,36.0,2057.0,2.3,3140.0,3387.0,1060.0,212.0,7797.0,16835.0,887.0,17718.0,6387.0,1187.0,25290.0,7663.0,3667.0,756.0,12080.0,2021,6527.0,0.6656781336496639,0.050062083756631674,0.7005931198102017,0.4027189944850584,0.43439784532512504,0.8371168398101834,0.1359497242529178,0.6343543046357616,0.3035596026490066,0.06258278145695365,False,False,False,False,False,False,False,False
POA3033,3033,15078.0,43.0,1911.0,2.6,1515.0,2071.0,680.0,59.0,4320.0,6984.0,332.0,7313.0,4654.0,465.0,12435.0,4235.0,1107.0,112.0,5447.0,2021,3586.0,0.5616405307599518,0.04539860522357446,0.588098110172899,0.3506944444444444,0.47939814814814813,0.8300925925925926,0.1574074074074074,0.7774921975399303,0.20323113640536075,0.020561777125022947,False,False,False,False,False,False,False,False
POA3034,3034,12388.0,45.0,1587.0,2.6,1260.0,1577.0,553.0,63.0,3456.0,5368.0,303.0,5671.0,4340.0,401.0,10411.0,3357.0,1044.0,93.0,4491.0,2021,2837.0,0.5156084910191144,0.05342973020631282,0.5447123235039861,0.3645833333333333,0.45630787037037035,0.8208912037037037,0.16001157407407407,0.7474949899799599,0.23246492985971945,0.020708082832331328,False,False,False,False,False,False,False,False
POA3036,3036,5974.0,46.0,2043.0,2.7,640.0,852.0,225.0,7.0,1732.0,2947.0,109.0,3058.0,1805.0,166.0,5023.0,1695.0,442.0,24.0,2156.0,2021,1492.0,0.5867011745968544,0.03564421190320471,0.6087995221978897,0.3695150115473441,0.49191685912240185,0.8614318706697459,0.12990762124711316,0.786178107606679,0.20500927643784786,0.011131725417439703,False,False,False,False,False,False,False,False
POA3037,3037,51402.0,36.0,2047.0,3.1,3426.0,8040.0,2212.0,170.0,13854.0,25376.0,1723.0,27102.0,12330.0,1672.0,41108.0,13221.0,2335.0,240.0,15793.0,2021,11466.0,0.617300768706821,0.06357464393771678,0.6592877298822614,0.2472932005197055,0.5803378085751407,0.8276310090948462,0.15966507867763824,0.8371430380548344,0.14785031343000063,0.015196606091306275,False,False,False,False,False,False,False,False
POA3038,3038,26703.0,44.0,1922.0,2.9,2639.0,3899.0,1150.0,74.0,7759.0,13144.0,756.0,13899.0,8067.0,856.0,22827.0,7446.0,1357.0,121.0,8933.0,2021,6538.0,0.5758093485784378,0.05439240233110296,0.608884216059929,0.34012114963268464,0.5025132104652661,0.8426343600979508,0.14821497615672122,0.8335385648718235,0.15190865330795925,0.013545281540355983,False,False,False,False,False,False,False,False
POA3039,3039,16224.0,38.0,2111.0,2.2,1826.0,1767.0,462.0,106.0,4165.0,9434.0,377.0,9808.0,3690.0,479.0,13976.0,4128.0,2364.0,373.0,6862.0,2021,3593.0,0.6750143102461362,0.038438009787928225,0.7017744705208929,0.4384153661464586,0.424249699879952,0.8626650660264106,0.11092436974789915,0.601573885164675,0.3445059749344215,0.05435733022442436,False,False,False,False,False,False,False,False
POA3040,3040,26722.0,39.0,2199.0,2.4,2494.0,3497.0,864.0,118.0,6972.0,14985.0,653.0,15634.0,6180.0,823.0,22629.0,6904.0,3164.0,391.0,10466.0,2021,5991.0,0.6622033673604667,0.04176794166560061,0.6908833797339697,0.3577165806081469,0.5015777395295468,0.8592943201376936,0.12392426850258176,0.6596598509459202,0.3023122491878464,0.037359067456525896,False,False,False,False,False,False,False,False
POA3041,3041,13111.0,40.0,2191.0,2.6,1156.0,1890.0,455.0,52.0,3549.0,7002.0,318.0,7322.0,3135.0,319.0,10781.0,3499.0,1202.0,110.0,4811.0,2021,3046.0,0.6494759298766348,0.04343075662387326,0.6791577775716539,0.32572555649478724,0.5325443786982249,0.8582699351930121,0.1282051282051282,0.7272916233631261,0.2498441072542091,0.022864269382664726,False,False,False,False,False,False,False,False
POA3042,3042,16763.0,40.0,1853.0,2.4,1649.0,2153.0,806.0,111.0,4719.0,8531.0,403.0,8931.0,4416.0,520.0,13866.0,4654.0,1848.0,166.0,6668.0,2021,3802.0,0.6152459252848694,0.04512372634643377,0.6440934660320208,0.34943844034753124,0.4562407289680017,0.805679169315533,0.17079889807162535,0.6979604079184163,0.27714457108578283,0.02489502099580084,False,False,False,False,False,False,False,False
POA3043,3043,17912.0,41.0,1505.0,2.5,1799.0,2188.0,943.0,91.0,5020.0,8026.0,535.0,8564.0,5664.0,693.0,14920.0,4899.0,1819.0,141.0,6857.0,2021,3987.0,0.5379356568364612,0.062470808033629144,0.5739946380697051,0.3583665338645418,0.4358565737051793,0.7942231075697211,0.18784860557768923,0.7144523844246755,0.2652763599241651,0.02056292839434155,False,False,False,False,False,False,False,False
POA3044,3044,28701.0,37.0,2095.0,2.5,2697.0,3790.0,1084.0,152.0,7727.0,15393.0,709.0,16101.0,6523.0,968.0,23595.0,7622.0,2822.0,484.0,10928.0,2021,6487.0,0.6523839796567069,0.04403453201664493,0.6823903369357914,0.3490358483240585,0.4904878995729261,0.8395237478969846,0.14028730425779734,0.6974743777452416,0.25823572474377743,0.04428989751098097,False,False,False,False,False,False,False,False
POA3045,3045,64.0,37.0,0.0,2.0,0.0,0.0,0.0,0.0,0.0,3.0,0.0,9.0,4.0,44.0,55.0,0.0,0.0,0.0,0.0,2021,0.0,0.05454545454545454,0.0,0.16363636363636364,,,,,,,,False,True,True,True,True,False,True,False
POA3046,3046,36772.0,35.0,1727.0,2.5,3515.0,4155.0,1548.0,248.0,9461.0,17533.0,1042.0,18574.0,9761.0,1974.0,30306.0,9267.0,3646.0,628.0,13545.0,2021,7670.0,0.5785323038342243,0.05609992462582104,0.6128819375701181,0.3715252087517176,0.4391713349540218,0.8106965437057394,0.16361906775182328,0.6841638981173865,0.2691768180140273,0.046363971945367295,False,False,False,False,False,False,False,False
POA3047,3047,21478.0,32.0,1159.0,3.0,1213.0,2349.0,1202.0,148.0,4914.0,6531.0,951.0,7486.0,7746.0,1637.0,16866.0,4692.0,1520.0,318.0,6533.0,2021,3562.0,0.3872287442191391,0.12703713598717606,0.4438515356338195,0.24684574684574684,0.47802197802197804,0.7248677248677249,0.24460724460724462,0.7181999081585795,0.2326649318842798,0.048675952854737484,False,False,False,False,False,False,False,False
POA3048,3048,18081.0,34.0,1225.0,3.2,979.0,2281.0,1098.0,97.0,4458.0,5313.0,737.0,6047.0,7130.0,1088.0,14261.0,4250.0,878.0,153.0,5283.0,2021,3260.0,0.3725545193184209,0.12187861749627915,0.424023560760115,0.21960520412741139,0.5116644235082997,0.7312696276357111,0.24629878869448182,0.8044671588112815,0.16619345069089533,0.028960817717206135,False,False,False,False,False,False,False,False
POA3049,3049,9812.0,40.0,1741.0,2.6,889.0,1278.0,509.0,31.0,2706.0,4710.0,323.0,5034.0,2726.0,400.0,8156.0,2661.0,808.0,65.0,3535.0,2021,2167.0,0.5774889651790093,0.06416368692888359,0.6172143207454635,0.32852919438285294,0.4722838137472284,0.8008130081300813,0.18810051736881006,0.7527581329561528,0.22857142857142856,0.018387553041018388,False,False,False,False,False,False,False,False
POA3051,3051,14953.0,31.0,1717.0,2.0,1527.0,935.0,530.0,124.0,3115.0,8321.0,628.0,8949.0,3148.0,1123.0,13220.0,3094.0,2600.0,798.0,6486.0,2021,2462.0,0.6294251134644478,0.07017543859649122,0.676928895612708,0.49020866773675764,0.3001605136436597,0.7903691813804173,0.17014446227929375,0.47702744372494604,0.40086339808818994,0.12303422756706753,False,False,False,False,False,False,False,False
POA3052,3052,7297.0,26.0,1885.0,2.1,558.0,307.0,123.0,38.0,1032.0,3980.0,441.0,4421.0,1985.0,407.0,6810.0,1025.0,776.0,343.0,2148.0,2021,865.0,0.5844346549192364,0.09975118751413707,0.6491923641703378,0.5406976744186046,0.29748062015503873,0.8381782945736435,0.11918604651162791,0.47718808193668527,0.3612662942271881,0.159683426443203,False,False,False,False,False,False,False,False
POA3053,3053,16034.0,27.0,1291.0,1.8,1495.0,481.0,350.0,208.0,2533.0,8499.0,1096.0,9596.0,4637.0,940.0,15177.0,2521.0,3139.0,1260.0,6915.0,2021,1976.0,0.559992093299071,0.11421425593997499,0.6322725176253542,0.5902092380576391,0.18989340702724042,0.7801026450848796,0.1381760757994473,0.3645697758496023,0.453940708604483,0.1822125813449024,False,False,False,False,False,False,False,False
POA3054,3054,8186.0,34.0,2355.0,2.3,1031.0,632.0,228.0,61.0,1951.0,5130.0,215.0,5345.0,1689.0,257.0,7293.0,1937.0,980.0,542.0,3461.0,2021,1663.0,0.7034142328259976,0.040224508886810104,0.7328945564239682,0.5284469502819067,0.3239364428498206,0.8523833931317273,0.1168631471040492,0.5596648367523837,0.2831551574689396,0.1566021381103727,False,False,False,False,False,False,False,False
POA3055,3055,14746.0,34.0,1797.0,2.1,1564.0,1367.0,460.0,107.0,3495.0,8863.0,432.0,9295.0,3088.0,493.0,12865.0,3461.0,2524.0,625.0,6612.0,2021,2931.0,0.6889234356781967,0.04647660032275417,0.7225029148853478,0.4474964234620887,0.3911301859799714,0.8386266094420601,0.13161659513590845,0.5234422262552934,0.38173018753781,0.09452510586811858,False,False,False,False,False,False,False,False
POA3056,3056,24912.0,34.0,2095.0,2.1,3085.0,1860.0,653.0,182.0,5780.0,15877.0,786.0,16665.0,4929.0,773.0,22359.0,5717.0,3784.0,1554.0,11056.0,2021,4945.0,0.7100943691578335,0.04716471647164717,0.7453374480075138,0.5337370242214533,0.3217993079584775,0.8555363321799307,0.1129757785467128,0.5170947901591896,0.3422575976845152,0.14055716353111433,False,False,False,False,False,False,False,False
POA3057,3057,13262.0,33.0,2088.0,2.0,1744.0,897.0,371.0,99.0,3108.0,8945.0,396.0,9337.0,2187.0,482.0,12011.0,3093.0,2460.0,799.0,6351.0,2021,2641.0,0.744733993838981,0.04241190960694013,0.7773707434851386,0.5611325611325612,0.2886100386100386,0.8497425997425997,0.11936936936936937,0.4870099196976854,0.38734057628719887,0.12580695953393167,False,False,False,False,False,False,False,False
POA3058,3058,34906.0,37.0,2046.0,2.5,3364.0,4090.0,1322.0,210.0,8990.0,18787.0,995.0,19788.0,8353.0,1238.0,29370.0,8840.0,3346.0,1118.0,13302.0,2021,7454.0,0.6396663261831801,0.05028299979785729,0.6737487231869255,0.3741935483870968,0.4549499443826474,0.8291434927697442,0.14705228031145717,0.6645617200420989,0.25154112163584424,0.0840475116523831,False,False,False,False,False,False,False,False
POA3059,3059,21274.0,35.0,2262.0,3.2,1610.0,3552.0,712.0,53.0,5923.0,10419.0,657.0,11072.0,5102.0,577.0,16750.0,5710.0,585.0,50.0,6346.0,2021,5162.0,0.6220298507462687,0.059338872832369945,0.6610149253731343,0.2718217119702853,0.59969609994935,0.8715178119196353,0.12020935336822557,0.8997793885912386,0.09218405294673811,0.00787897888433659,False,False,False,False,False,False,False,False
POA3060,3060,14274.0,35.0,1428.0,2.8,1027.0,1756.0,603.0,74.0,3459.0,5645.0,484.0,6122.0,4375.0,751.0,11247.0,3338.0,1150.0,212.0,4704.0,2021,2783.0,0.5019116208766782,0.07905913100294022,0.5443229305592603,0.2969066204105233,0.5076611737496386,0.8045677941601619,0.17432784041630528,0.7096088435374149,0.24447278911564627,0.045068027210884355,False,False,False,False,False,False,False,False
POA3061,3061,4977.0,38.0,1110.0,2.9,337.0,605.0,246.0,25.0,1209.0,1451.0,198.0,1646.0,2026.0,312.0,3988.0,1134.0,424.0,32.0,1594.0,2021,942.0,0.36384152457372115,0.12029161603888214,0.4127382146439318,0.2787427626137304,0.5004135649296939,0.7791563275434243,0.20347394540942929,0.7114178168130489,0.2659974905897114,0.020075282308657464,False,False,False,False,False,False,False,False
POA3062,3062,6.0,52.0,1187.0,1.3,0.0,0.0,0.0,0.0,0.0,6.0,0.0,6.0,0.0,0.0,6.0,0.0,0.0,0.0,0.0,2021,0.0,1.0,0.0,1.0,,,,,,,,True,True,True,True,False,False,True,False
POA3063,3063,563.0,45.0,2410.0,3.1,48.0,80.0,20.0,5.0,152.0,284.0,11.0,297.0,141.0,36.0,475.0,144.0,21.0,0.0,169.0,2021,128.0,0.5978947368421053,0.037037037037037035,0.6252631578947369,0.3157894736842105,0.5263157894736842,0.8421052631578947,0.13157894736842105,0.8520710059171598,0.1242603550295858,0.0,False,False,False,False,False,False,False,False
POA3064,3064,114413.0,31.0,1822.0,3.4,6443.0,18193.0,4285.0,386.0,29309.0,48172.0,4090.0,52255.0,28019.0,4606.0,84878.0,27800.0,4015.0,714.0,32529.0,2021,24636.0,0.5675440043356347,0.0782700220074634,0.6156483423266336,0.2198300863216077,0.620730833532362,0.8405609198539697,0.1462008256849432,0.8546220295736112,0.12342832549417443,0.02194964493221433,False,False,False,False,False,False,False,False
POA3065,3065,10431.0,35.0,2194.0,2.0,1292.0,548.0,364.0,76.0,2273.0,6186.0,292.0,6479.0,2134.0,748.0,9362.0,2258.0,1747.0,557.0,4565.0,2021,1840.0,0.6607562486648152,0.045068683438802284,0.6920529801324503,0.5684117905851298,0.2410910690717114,0.8095028596568412,0.16014078310602728,0.4946330777656079,0.3826944140197152,0.12201533406352684,False,False,False,False,False,False,False,False
POA3066,3066,9179.0,33.0,2130.0,1.9,1319.0,406.0,315.0,68.0,2109.0,5889.0,302.0,6194.0,1537.0,551.0,8284.0,2093.0,1914.0,486.0,4489.0,2021,1725.0,0.7108884596813134,0.0487568614788505,0.7477064220183486,0.6254148885727833,0.19250829777145567,0.817923186344239,0.14935988620199148,0.466250835375362,0.4263755847627534,0.10826464691468032,False,False,False,False,False,False,False,False
POA3067,3067,9096.0,33.0,2196.0,1.9,1318.0,555.0,185.0,59.0,2127.0,6224.0,257.0,6480.0,1403.0,475.0,8362.0,2108.0,1796.0,500.0,4403.0,2021,1873.0,0.7443195407797177,0.03966049382716049,0.7749342262616599,0.6196520921485661,0.2609308885754584,0.8805829807240244,0.08697696285848613,0.47876447876447875,0.40790370202134907,0.11355893708834885,False,False,False,False,False,False,False,False
POA3068,3068,19382.0,36.0,2406.0,2.2,2265.0,1764.0,524.0,92.0,4645.0,11618.0,425.0,12042.0,4086.0,635.0,16765.0,4616.0,2618.0,914.0,8148.0,2021,4029.0,0.6929913510289293,0.03529314067430659,0.7182821354011333,0.4876210979547901,0.3797631862217438,0.8673842841765339,0.11280947255113025,0.5665193912616593,0.32130584192439865,0.11217476681394208,False,False,False,False,False,False,False,False
POA3070,3070,25276.0,37.0,2287.0,2.3,2602.0,2762.0,784.0,104.0,6257.0,14919.0,622.0,15541.0,5197.0,755.0,21495.0,6207.0,3103.0,932.0,10237.0,2021,5364.0,0.6940683879972086,0.04002316453252686,0.7230053500814143,0.4158542432475627,0.4414256033242768,0.8572798465718395,0.12529966437589898,0.6063299794861776,0.3031161473087819,0.0910422975481098,False,False,False,False,False,False,False,False
POA3071,3071,19005.0,37.0,1971.0,2.3,1941.0,2058.0,682.0,94.0,4773.0,10997.0,537.0,11534.0,3977.0,687.0,16200.0,4712.0,2691.0,596.0,7996.0,2021,3999.0,0.6788271604938272,0.04655800242760534,0.7119753086419753,0.4066624764299183,0.43117536140791957,0.8378378378378378,0.14288707311963125,0.5892946473236619,0.33654327163581793,0.07453726863431716,False,False,False,False,False,False,False,False
POA3072,3072,33790.0,37.0,1844.0,2.4,3350.0,3648.0,1360.0,271.0,8624.0,18295.0,1058.0,19357.0,8142.0,1233.0,28727.0,8461.0,4053.0,1126.0,13645.0,2021,6998.0,0.6368573119365057,0.054657229942656406,0.6738260173356077,0.3884508348794063,0.4230055658627087,0.811456400742115,0.15769944341372913,0.6200806156101136,0.297031879809454,0.08252106998900696,False,False,False,False,False,False,False,False
POA3073,3073,51096.0,38.0,1541.0,2.4,5059.0,5511.0,2316.0,374.0,13259.0,24395.0,1527.0,25921.0,14476.0,2743.0,43146.0,12966.0,6233.0,1063.0,20261.0,2021,10570.0,0.5654058313632782,0.058909764283785346,0.6007741157928893,0.38155215325439323,0.41564220529451695,0.7971943585489102,0.17467380647107625,0.6399486698583485,0.307635358570653,0.05246532747643255,False,False,False,False,False,False,False,False
POA3074,3074,20234.0,39.0,1225.0,2.6,1975.0,2349.0,1120.0,143.0,5580.0,7836.0,681.0,8516.0,7712.0,852.0,17085.0,5333.0,1786.0,228.0,7347.0,2021,4324.0,0.45864793678665494,0.07996712071395021,0.4984489318115306,0.3539426523297491,0.42096774193548386,0.774910394265233,0.2007168458781362,0.7258745066013339,0.24309241867428882,0.0310330747243773,False,False,False,False,False,False,False,False
POA3075,3075,23219.0,37.0,1348.0,2.8,1984.0,2890.0,1198.0,138.0,6209.0,9046.0,733.0,9779.0,8094.0,1088.0,18957.0,5942.0,1706.0,255.0,7905.0,2021,4874.0,0.4771852086300575,0.07495653952346866,0.5158516642928733,0.3195361571911741,0.46545337413432114,0.7849895313254952,0.19294572394910614,0.7516761543327009,0.21581277672359267,0.03225806451612903,False,False,False,False,False,False,False,False
POA3076,3076,33489.0,35.0,1671.0,2.9,2376.0,4625.0,1621.0,152.0,8779.0,15040.0,1053.0,16090.0,8498.0,1932.0,26518.0,8439.0,1975.0,289.0,10704.0,2021,7001.0,0.5671619277471905,0.06544437538844003,0.6067576740327325,0.2706458594372935,0.5268253787447318,0.7974712381820253,0.18464517598815355,0.788396860986547,0.1845104633781764,0.026999252615844543,False,False,False,False,False,False,False,False
POA3078,3078,12237.0,38.0,2166.0,2.3,1225.0,1398.0,366.0,49.0,3037.0,7013.0,289.0,7296.0,2640.0,414.0,10361.0,3004.0,1698.0,288.0,4987.0,2021,2623.0,0.6768651674548789,0.03961074561403509,0.7041791332882926,0.4033585775436286,0.4603226868620349,0.8636812644056635,0.12051366480079026,0.6023661519951875,0.34048526168036897,0.05775015039101664,False,False,False,False,False,False,False,False
POA3079,3079,17055.0,41.0,2328.0,2.4,1803.0,2221.0,568.0,67.0,4656.0,9308.0,344.0,9648.0,4353.0,450.0,14453.0,4598.0,1829.0,204.0,6641.0,2021,4024.0,0.6440185428630734,0.03565505804311774,0.6675430706427731,0.3872422680412371,0.47701890034364264,0.8642611683848798,0.12199312714776632,0.6923656075892185,0.275410329769613,0.030718265321487727,False,False,False,False,False,False,False,False
POA3081,3081,14003.0,35.0,1597.0,2.3,1240.0,1372.0,761.0,107.0,3484.0,6732.0,470.0,7202.0,3731.0,711.0,11649.0,3417.0,1753.0,390.0,5570.0,2021,2612.0,0.5779036827195467,0.06525965009719523,0.6182504936046013,0.3559127439724455,0.39380022962112515,0.7497129735935706,0.21842709529276694,0.6134649910233393,0.31472172351885097,0.07001795332136446,False,False,False,False,False,False,False,False
POA3082,3082,28712.0,40.0,1735.0,2.7,2693.0,4028.0,1316.0,118.0,8150.0,14266.0,889.0,15155.0,8194.0,924.0,24271.0,7903.0,1890.0,263.0,10057.0,2021,6721.0,0.5877796547319847,0.058660508083140876,0.6244077293889827,0.33042944785276074,0.49423312883435583,0.8246625766871165,0.1614723926380368,0.7858208213184846,0.18792880580690066,0.026150939644029033,False,False,False,False,False,False,False,False
POA3083,3083,31529.0,37.0,1632.0,2.6,2965.0,3687.0,1292.0,196.0,8139.0,15305.0,1144.0,16443.0,9275.0,1324.0,27049.0,7922.0,2684.0,748.0,11354.0,2021,6652.0,0.5658249842877741,0.06957367876908106,0.6078967799179267,0.3642953679813245,0.4530040545521563,0.8172994225334808,0.15874186017938322,0.6977276730667606,0.23639246080676413,0.06587986612647526,False,False,False,False,False,False,False,False
POA3084,3084,27045.0,41.0,2175.0,2.6,2727.0,3715.0,921.0,78.0,7445.0,13701.0,580.0,14281.0,7157.0,670.0,22108.0,7335.0,2508.0,271.0,10112.0,2021,6442.0,0.6197304143296545,0.040613402422799524,0.6459652614438213,0.36628609805238416,0.4989926124916051,0.8652787105439893,0.12370718603089322,0.7253757911392406,0.24802215189873417,0.0267998417721519,False,False,False,False,False,False,False,False
POA3085,3085,14050.0,39.0,2069.0,2.6,1299.0,1959.0,532.0,36.0,3833.0,7253.0,317.0,7566.0,3572.0,323.0,11466.0,3785.0,1262.0,121.0,5172.0,2021,3258.0,0.6325658468515611,0.041897964578376946,0.6598639455782312,0.33889903469866944,0.5110879206887555,0.849986955387425,0.1387946777980694,0.7318252126836814,0.2440061871616396,0.023395204949729312,False,False,False,False,False,False,False,False
POA3087,3087,9156.0,39.0,1962.0,2.6,947.0,1203.0,420.0,38.0,2611.0,4637.0,200.0,4842.0,2408.0,218.0,7464.0,2566.0,806.0,103.0,3478.0,2021,2150.0,0.6212486602357985,0.041305245766212306,0.6487138263665595,0.3626962849482957,0.46074301034086557,0.8234392952891613,0.16085790884718498,0.7377803335250144,0.23174238067855088,0.029614721104082805,False,False,False,False,False,False,False,False
POA3088,3088,27181.0,41.0,2076.0,2.6,2799.0,3832.0,1082.0,77.0,7795.0,13779.0,549.0,14335.0,7160.0,637.0,22134.0,7683.0,2192.0,167.0,10049.0,2021,6631.0,0.6225264299268094,0.03829787234042553,0.6476461552362881,0.35907633098139835,0.4915971776779987,0.8506735086593971,0.1388069275176395,0.7645536869340233,0.21813115732908747,0.016618569011841975,False,False,False,False,False,False,False,False
POA3089,3089,12503.0,39.0,2508.0,2.9,1123.0,1983.0,457.0,24.0,3588.0,7063.0,250.0,7313.0,2547.0,220.0,10080.0,3511.0,608.0,38.0,4158.0,2021,3106.0,0.7006944444444444,0.034185696704498836,0.7254960317460317,0.31298773690078036,0.552675585284281,0.8656633221850614,0.1273690078037904,0.8443963443963444,0.14622414622414623,0.00913900913900914,False,False,False,False,False,False,False,False
POA3090,3090,2575.0,44.0,3190.0,3.2,191.0,436.0,38.0,7.0,676.0,1406.0,32.0,1443.0,650.0,56.0,2147.0,664.0,72.0,6.0,740.0,2021,627.0,0.6548672566371682,0.022176022176022176,0.672100605496041,0.28254437869822485,0.6449704142011834,0.9275147928994083,0.05621301775147929,0.8972972972972973,0.0972972972972973,0.008108108108108109,False,False,False,False,False,False,False,False
POA3091,3091,1602.0,47.0,2600.0,3.1,164.0,257.0,30.0,5.0,460.0,877.0,37.0,913.0,393.0,64.0,1367.0,436.0,48.0,0.0,485.0,2021,421.0,0.6415508412582297,0.040525739320920046,0.667885881492319,0.3565217391304348,0.558695652173913,0.9152173913043479,0.06521739130434782,0.8989690721649485,0.09896907216494845,0.0,False,False,False,False,False,False,False,False
POA3093,3093,3962.0,45.0,2160.0,2.5,451.0,496.0,133.0,12.0,1085.0,1952.0,80.0,2036.0,1157.0,116.0,3308.0,1064.0,381.0,20.0,1468.0,2021,947.0,0.5900846432889963,0.03929273084479371,0.6154776299879081,0.41566820276497696,0.45714285714285713,0.8728110599078341,0.12258064516129032,0.7247956403269755,0.2595367847411444,0.013623978201634877,False,False,False,False,False,False,False,False
POA3094,3094,9250.0,41.0,2076.0,2.5,1003.0,1255.0,408.0,37.0,2706.0,4736.0,172.0,4902.0,2303.0,187.0,7393.0,2667.0,827.0,54.0,3543.0,2021,2258.0,0.6406059786284323,0.03508771929824561,0.6630596510212363,0.3706577974870658,0.46378418329637844,0.8344419807834442,0.15077605321507762,0.7527519051651143,0.23341800733841378,0.015241320914479255,False,False,False,False,False,False,False,False
POA3095,3095,28373.0,43.0,2506.0,2.8,2814.0,4410.0,937.0,57.0,8222.0,14975.0,567.0,15547.0,6841.0,611.0,22999.0,8071.0,1482.0,79.0,9631.0,2021,7224.0,0.6511152658811252,0.036470058532192706,0.6759859124309753,0.34225249331063,0.5363658477256142,0.8786183410362443,0.11396253952809536,0.838023050565881,0.15387810196241303,0.008202678849548334,False,False,False,False,False,False,False,False
POA3096,3096,1911.0,42.0,2425.0,3.0,175.0,289.0,73.0,10.0,540.0,1039.0,39.0,1081.0,487.0,27.0,1589.0,520.0,76.0,4.0,609.0,2021,464.0,0.6538703587161737,0.036077705827937095,0.6803020767778477,0.32407407407407407,0.5351851851851852,0.8592592592592593,0.13518518518518519,0.8538587848932676,0.12479474548440066,0.006568144499178982,False,False,False,False,False,False,False,False
POA3097,3097,1536.0,44.0,2706.0,3.0,167.0,201.0,44.0,0.0,410.0,796.0,25.0,823.0,385.0,68.0,1276.0,386.0,54.0,8.0,456.0,2021,368.0,0.6238244514106583,0.030376670716889428,0.6449843260188087,0.4073170731707317,0.4902439024390244,0.8975609756097561,0.1073170731707317,0.8464912280701754,0.11842105263157894,0.017543859649122806,False,False,False,False,False,False,False,False
POA3099,3099,4993.0,43.0,2162.0,2.8,523.0,718.0,190.0,7.0,1435.0,2649.0,100.0,2753.0,1178.0,132.0,4066.0,1393.0,281.0,30.0,1702.0,2021,1241.0,0.6515002459419577,0.03632401017072285,0.6770782095425479,0.36445993031358886,0.5003484320557491,0.864808362369338,0.13240418118466898,0.818448883666275,0.16509988249118684,0.01762632197414806,False,False,False,False,False,False,False,False
POA3101,3101,24499.0,41.0,2497.0,2.5,2389.0,2950.0,863.0,121.0,6327.0,12700.0,522.0,13219.0,6808.0,768.0,20798.0,6233.0,2361.0,476.0,9069.0,2021,5339.0,0.6106356380421194,0.03948861487253196,0.635589960573132,0.37758811443021967,0.46625572941362414,0.8438438438438438,0.13639955745218904,0.6872863601279082,0.2603374131657294,0.05248649244679678,False,False,False,False,False,False,False,False
POA3102,3102,6620.0,41.0,2490.0,2.7,565.0,956.0,264.0,22.0,1818.0,3449.0,146.0,3592.0,1686.0,155.0,5431.0,1785.0,468.0,103.0,2357.0,2021,1521.0,0.6350580003682563,0.04064587973273942,0.6613883262750875,0.3107810781078108,0.5258525852585259,0.8366336633663366,0.14521452145214522,0.7573186253712346,0.1985574883326262,0.04369961815867628,False,False,False,False,False,False,False,False
POA3103,3103,15621.0,43.0,2014.0,2.6,1476.0,2129.0,682.0,63.0,4348.0,7154.0,371.0,7522.0,5216.0,404.0,13134.0,4242.0,1500.0,140.0,5877.0,2021,3605.0,0.544693162783615,0.04932198883275724,0.5727120450738541,0.33946642134314625,0.48965041398344067,0.829116835326587,0.15685372585096596,0.7217968351199592,0.2552322613578356,0.023821677726731324,False,False,False,False,False,False,False,False
POA3104,3104,21302.0,42.0,2346.0,2.9,1638.0,3396.0,830.0,62.0,5931.0,10130.0,540.0,10671.0,6372.0,465.0,17505.0,5766.0,1196.0,128.0,7090.0,2021,5034.0,0.578691802342188,0.050604441945459655,0.6095972579263068,0.27617602427921095,0.5725847243297926,0.8487607486090035,0.13994267408531444,0.8132581100141044,0.16868829337094499,0.018053596614950634,False,False,False,False,False,False,False,False
POA3105,3105,11124.0,45.0,1813.0,2.6,1235.0,1486.0,486.0,49.0,3255.0,5276.0,288.0,5566.0,3669.0,277.0,9518.0,3166.0,935.0,107.0,4209.0,2021,2721.0,0.5543181340617777,0.05174272367948257,0.5847867198991384,0.3794162826420891,0.4565284178187404,0.8359447004608295,0.14930875576036867,0.7521976716559753,0.2221430268472321,0.025421715371822286,False,False,False,False,False,False,False,False
POA3106,3106,16966.0,46.0,2163.0,2.8,1831.0,2464.0,549.0,49.0,4894.0,7764.0,385.0,8154.0,5649.0,546.0,14347.0,4682.0,966.0,73.0,5717.0,2021,4295.0,0.5411584303338677,0.04721609026244788,0.568341813619572,0.37413158970167554,0.503473641193298,0.8776052308949734,0.11217817736003269,0.8189609935280742,0.16896973937379745,0.012768934755990904,False,False,False,False,False,False,False,False
POA3107,3107,14164.0,45.0,1919.0,2.7,1455.0,1997.0,602.0,54.0,4107.0,6457.0,349.0,6810.0,4590.0,393.0,11794.0,4000.0,987.0,90.0,5068.0,2021,3452.0,0.5474817703917246,0.05124816446402349,0.5774122435136511,0.3542731921110299,0.48624299975651325,0.8405161918675432,0.1465790114438763,0.7892659826361483,0.19475138121546962,0.017758484609313337,False,False,False,False,False,False,False,False
POA3108,3108,25054.0,41.0,1593.0,2.4,2962.0,2954.0,1114.0,155.0,7190.0,11568.0,749.0,12310.0,8441.0,805.0,21558.0,7018.0,2598.0,328.0,9944.0,2021,5916.0,0.5365989423879767,0.060844841592201465,0.5710177196400408,0.41196105702364394,0.4108484005563282,0.8228094575799721,0.1549374130737135,0.7057522123893806,0.2612630732099759,0.03298471440064361,False,False,False,False,False,False,False,False
POA3109,3109,30926.0,41.0,1792.0,2.7,3008.0,4569.0,1223.0,125.0,8920.0,14104.0,858.0,14969.0,9622.0,751.0,25340.0,8612.0,2136.0,190.0,10939.0,2021,7577.0,0.5565903709550118,0.057318458146836795,0.5907261247040253,0.33721973094170404,0.512219730941704,0.849439461883408,0.13710762331838566,0.7872748880153579,0.1952646494195082,0.017369046530761496,False,False,False,False,False,False,False,False
POA3111,3111,12644.0,45.0,2100.0,2.7,1242.0,1818.0,413.0,21.0,3484.0,5957.0,311.0,6267.0,3940.0,358.0,10563.0,3393.0,865.0,61.0,4321.0,2021,3060.0,0.563949635520212,0.04962501994574757,0.5932973587049134,0.35648679678530426,0.5218140068886338,0.878300803673938,0.11854190585533869,0.785234899328859,0.20018514232816478,0.01411710252256422,False,False,False,False,False,False,False,False
POA3113,3113,8562.0,44.0,2751.0,3.0,796.0,1376.0,268.0,11.0,2446.0,4563.0,172.0,4729.0,2070.0,199.0,6992.0,2372.0,359.0,38.0,2771.0,2021,2172.0,0.6526029748283753,0.03637132586170438,0.6763443935926774,0.32542927228127555,0.562551103843009,0.8879803761242846,0.10956663941128372,0.8560086611331649,0.12955611692529773,0.013713460844460484,False,False,False,False,False,False,False,False
POA3114,3114,3835.0,45.0,3155.0,3.2,356.0,638.0,67.0,7.0,1058.0,2016.0,90.0,2111.0,978.0,76.0,3164.0,1041.0,111.0,8.0,1164.0,2021,994.0,0.6371681415929203,0.04263382283278067,0.6671934260429836,0.33648393194706994,0.6030245746691871,0.9395085066162571,0.06332703213610585,0.8943298969072165,0.09536082474226804,0.006872852233676976,False,False,False,False,False,False,False,False
POA3115,3115,3843.0,45.0,2790.0,3.0,421.0,602.0,92.0,7.0,1119.0,2168.0,69.0,2236.0,895.0,82.0,3213.0,1091.0,137.0,12.0,1229.0,2021,1023.0,0.6747587924058512,0.030858676207513418,0.6959228135698724,0.3762287756925827,0.5379803395889187,0.9142091152815014,0.08221626452189455,0.887713588283157,0.1114727420667209,0.009764035801464606,False,False,False,False,False,False,False,False
POA3116,3116,11779.0,38.0,2084.0,2.8,1211.0,1672.0,469.0,29.0,3382.0,6136.0,196.0,6332.0,2837.0,309.0,9474.0,3286.0,712.0,71.0,4071.0,2021,2883.0,0.6476672999788896,0.03095388502842704,0.6683554992611357,0.3580721466587818,0.4943820224719101,0.8524541691306919,0.13867534003548196,0.8071726848440187,0.17489560304593466,0.017440432326209777,False,False,False,False,False,False,False,False
POA3121,3121,31534.0,34.0,2283.0,2.0,4064.0,2128.0,910.0,255.0,7363.0,20792.0,714.0,21510.0,5568.0,1436.0,28515.0,7307.0,5598.0,1726.0,14639.0,2021,6192.0,0.7291600911800806,0.033193863319386334,0.7543398211467649,0.5519489338584816,0.28901263072117345,0.840961564579655,0.12359092761102812,0.4991461165380149,0.3824031696154109,0.11790422843090376,False,False,False,False,False,False,False,False
POA3122,3122,22322.0,34.0,2145.0,2.1,2526.0,2045.0,527.0,161.0,5260.0,13181.0,645.0,13827.0,4955.0,803.0,19579.0,5228.0,3717.0,767.0,9706.0,2021,4571.0,0.6732213085448695,0.04664786287697982,0.706215843505797,0.4802281368821293,0.3887832699619772,0.8690114068441065,0.10019011406844107,0.5386358953224809,0.38295899443643105,0.07902328456624769,False,False,False,False,False,False,False,False
POA3123,3123,14834.0,36.0,2253.0,2.3,1685.0,1617.0,438.0,83.0,3807.0,8462.0,350.0,8812.0,3385.0,432.0,12628.0,3774.0,2079.0,393.0,6251.0,2021,3302.0,0.6700981944884384,0.039718565592374036,0.69781438074121,0.44260572629366957,0.4247438928289992,0.8673496191226687,0.11505122143420016,0.603743401055831,0.3325867861142217,0.06286994080947049,False,False,False,False,False,False,False,False
POA3124,3124,21965.0,43.0,2457.0,2.6,2194.0,2900.0,682.0,92.0,5875.0,11014.0,487.0,11504.0,6398.0,593.0,18498.0,5776.0,1852.0,282.0,7908.0,2021,5094.0,0.5954157206184453,0.04233310152990264,0.6219050708184669,0.3734468085106383,0.49361702127659574,0.8670638297872341,0.11608510638297873,0.7303995953464846,0.2341932220536166,0.03566009104704097,False,False,False,False,False,False,False,False
POA3125,3125,15147.0,34.0,1684.0,2.5,1310.0,1531.0,572.0,110.0,3519.0,7410.0,577.0,7989.0,4435.0,703.0,13128.0,3443.0,1515.0,501.0,5462.0,2021,2841.0,0.5644424131627057,0.07222430842408312,0.6085466179159049,0.3722648479681728,0.43506678033532253,0.8073316283034954,0.16254617789144643,0.6303551812522885,0.27737092640058586,0.09172464298791651,False,False,False,False,False,False,False,False
POA3126,3126,7773.0,46.0,2875.0,2.7,828.0,1070.0,266.0,22.0,2183.0,3699.0,144.0,3841.0,2511.0,186.0,6539.0,2148.0,584.0,48.0,2780.0,2021,1898.0,0.5656828261202018,0.03749023691746941,0.5873986848141918,0.3792945487860742,0.49015116811726983,0.869445716903344,0.12185066422354558,0.7726618705035971,0.21007194244604316,0.017266187050359712,False,False,False,False,False,False,False,False
POA3127,3127,18608.0,42.0,2448.0,2.6,1879.0,2587.0,606.0,74.0,5150.0,9830.0,446.0,10273.0,4871.0,484.0,15630.0,5077.0,1641.0,189.0,6914.0,2021,4466.0,0.6289187460012796,0.04341477659885136,0.6572616762635957,0.3648543689320388,0.5023300970873786,0.8671844660194175,0.11766990291262136,0.7343072027769743,0.23734451836852763,0.02733584032398033,False,False,False,False,False,False,False,False
POA3128,3128,22841.0,34.0,1441.0,2.3,2359.0,2224.0,889.0,177.0,5648.0,11258.0,846.0,12100.0,6617.0,1300.0,20017.0,5538.0,2762.0,800.0,9096.0,2021,4583.0,0.5624219413498526,0.06991735537190083,0.60448618674127,0.4176699716713881,0.3937677053824363,0.8114376770538244,0.15740084985835695,0.6088390501319261,0.3036499560246262,0.08795074758135445,False,False,False,False,False,False,False,False
POA3129,3129,17946.0,39.0,1920.0,2.6,1610.0,2416.0,773.0,113.0,4911.0,8928.0,487.0,9416.0,5001.0,472.0,14882.0,4794.0,1498.0,309.0,6598.0,2021,4026.0,0.5999193656766564,0.05172047578589635,0.6327106571697353,0.3278354713907555,0.49195683160252496,0.8197923029932804,0.15740175117084096,0.7265838132767505,0.2270384965140952,0.04683237344649894,False,False,False,False,False,False,False,False
POA3130,3130,33044.0,41.0,1987.0,2.6,3065.0,4567.0,1168.0,135.0,8930.0,16494.0,815.0,17303.0,9192.0,838.0,27336.0,8718.0,3130.0,430.0,12285.0,2021,7632.0,0.6033801580333626,0.047101658671906604,0.6329748317237343,0.34322508398656215,0.5114221724524076,0.8546472564389698,0.13079507278835387,0.7096459096459097,0.2547822547822548,0.035002035002035005,False,False,False,False,False,False,False,False
POA3131,3131,23191.0,40.0,1806.0,2.5,2171.0,3009.0,901.0,128.0,6201.0,11103.0,570.0,11673.0,6644.0,936.0,19262.0,6028.0,2328.0,307.0,8660.0,2021,5180.0,0.5764198940919946,0.04883063479825238,0.606011836777074,0.350104821802935,0.4852443154329947,0.8353491372359297,0.1452991452991453,0.6960739030023094,0.2688221709006928,0.035450346420323325,False,False,False,False,False,False,False,False
POA3132,3132,16795.0,39.0,2030.0,2.5,1733.0,2290.0,614.0,74.0,4708.0,8910.0,408.0,9316.0,4143.0,351.0,13818.0,4604.0,1635.0,235.0,6468.0,2021,4023.0,0.644811115935736,0.043795620437956206,0.6741930814879143,0.3680968564146134,0.48640611724723876,0.8545029736618521,0.1304163126593033,0.7118119975262832,0.2527829313543599,0.03633271490414348,False,False,False,False,False,False,False,False
POA3133,3133,22951.0,43.0,1995.0,2.8,2294.0,3347.0,819.0,73.0,6533.0,10661.0,553.0,11216.0,7008.0,700.0,18925.0,6306.0,1430.0,151.0,7891.0,2021,5641.0,0.56332892998679,0.04930456490727532,0.5926552179656539,0.35114036430430123,0.5123220572478188,0.86346242155212,0.1253635389560692,0.7991382587758206,0.1812191103789127,0.019135724242808263,False,False,False,False,False,False,False,False
POA3134,3134,34607.0,39.0,1949.0,2.6,3470.0,4628.0,1334.0,117.0,9554.0,17999.0,779.0,18769.0,8707.0,1036.0,28513.0,9348.0,3038.0,372.0,12759.0,2021,8098.0,0.631255918353032,0.04150460866322127,0.6582611440395609,0.36319866024701697,0.48440443793175636,0.8476030981787733,0.13962738120159096,0.7326592993181283,0.23810643467356377,0.029155889960028214,False,False,False,False,False,False,False,False
POA3135,3135,20698.0,39.0,1964.0,2.6,1890.0,2856.0,812.0,75.0,5634.0,10542.0,456.0,10998.0,5166.0,536.0,16708.0,5534.0,1916.0,210.0,7657.0,2021,4746.0,0.6309552310270529,0.041462084015275506,0.6582475460857075,0.3354632587859425,0.5069222577209798,0.8423855165069223,0.14412495562655306,0.7227373645030691,0.250228549040094,0.02742588481128379,False,False,False,False,False,False,False,False
POA3136,3136,46296.0,40.0,1806.0,2.5,4728.0,5903.0,2125.0,161.0,12918.0,23386.0,971.0,24356.0,12084.0,1370.0,37816.0,12655.0,4519.0,409.0,17576.0,2021,10631.0,0.6184154855087793,0.039866973230415506,0.644066003807912,0.3660009289363679,0.4569592816225422,0.82296021055891,0.16449914847499614,0.7200159308147474,0.2571119708693673,0.02327036868456987,False,False,False,False,False,False,False,False
POA3137,3137,14558.0,39.0,1758.0,2.5,1485.0,1845.0,714.0,59.0,4096.0,7556.0,276.0,7828.0,3768.0,326.0,11925.0,4005.0,1390.0,120.0,5513.0,2021,3330.0,0.6336268343815513,0.03525804803270312,0.6564360587002096,0.362548828125,0.450439453125,0.81298828125,0.17431640625,0.7264647197533104,0.2521313259568293,0.02176673317612915,False,False,False,False,False,False,False,False
POA3138,3138,23059.0,37.0,1994.0,2.8,2200.0,3149.0,1046.0,79.0,6475.0,11955.0,496.0,12455.0,5450.0,586.0,18489.0,6325.0,1549.0,172.0,8040.0,2021,5349.0,0.6466006814862891,0.03982336411079888,0.6736437881983882,0.33976833976833976,0.48633204633204635,0.826100386100386,0.16154440154440156,0.7866915422885572,0.19266169154228854,0.021393034825870648,False,False,False,False,False,False,False,False
POA3139,3139,14257.0,39.0,1887.0,2.8,1570.0,1942.0,537.0,42.0,4091.0,7507.0,221.0,7728.0,3303.0,458.0,11485.0,3930.0,910.0,89.0,4921.0,2021,3512.0,0.6536351763169351,0.028597308488612836,0.6728776665215499,0.38376924957223174,0.47470056220972867,0.8584698117819604,0.13126374969445123,0.7986181670392196,0.18492176386913228,0.01808575492786019,False,False,False,False,False,False,False,False
POA3140,3140,17348.0,40.0,1764.0,2.5,1883.0,2198.0,744.0,59.0,4889.0,8968.0,320.0,9284.0,4578.0,507.0,14376.0,4779.0,1639.0,136.0,6550.0,2021,4081.0,0.6238174735670562,0.034467901766479965,0.6457985531441292,0.38515033749232974,0.4495806913479239,0.8347310288402536,0.15217835958273676,0.729618320610687,0.2502290076335878,0.020763358778625954,False,False,False,False,False,False,False,False
POA3141,3141,25028.0,33.0,2063.0,1.7,3578.0,1175.0,592.0,212.0,5553.0,16281.0,686.0,16964.0,4754.0,1549.0,23266.0,5532.0,6452.0,1104.0,13082.0,2021,4753.0,0.6997764978939225,0.040438575807592546,0.7291326399037221,0.6443363947415811,0.21159733477399603,0.8559337295155771,0.1066090401584729,0.4228711206237578,0.49319675890536613,0.08439076593792998,False,False,False,False,False,False,False,False
POA3142,3142,12817.0,47.0,2533.0,2.1,1740.0,1140.0,374.0,53.0,3308.0,6550.0,252.0,6796.0,3930.0,699.0,11428.0,3265.0,1932.0,286.0,5481.0,2021,2880.0,0.5731536576828842,0.03708063566804003,0.5946797339866994,0.5259975816203144,0.34461910519951633,0.8706166868198307,0.11305925030229746,0.5956942163838715,0.3524904214559387,0.0521802590768108,False,False,False,False,False,False,False,False
POA3143,3143,9376.0,38.0,2196.0,2.0,1194.0,804.0,310.0,56.0,2366.0,5419.0,218.0,5638.0,2204.0,349.0,8187.0,2346.0,1741.0,265.0,4361.0,2021,1998.0,0.661903016978136,0.03866619368570415,0.6886527421521925,0.5046491969568893,0.33981403212172445,0.8444632290786137,0.13102282333051563,0.5379500114652602,0.39922036230222424,0.06076587938546205,False,False,False,False,False,False,False,False
POA3144,3144,10763.0,44.0,2654.0,2.3,1191.0,1258.0,339.0,49.0,2836.0,5582.0,228.0,5811.0,3021.0,317.0,9147.0,2808.0,1343.0,158.0,4312.0,2021,2449.0,0.6102547283262272,0.03923593185338152,0.6352902591013447,0.4199576868829337,0.44358251057827924,0.863540197461213,0.1195345557122708,0.6512059369202227,0.311456400742115,0.036641929499072357,False,False,False,False,False,False,False,False
POA3145,3145,23594.0,38.0,2339.0,2.5,2216.0,2967.0,686.0,115.0,5981.0,12683.0,678.0,13363.0,5829.0,694.0,19880.0,5919.0,2408.0,565.0,8883.0,2021,5183.0,0.6379778672032194,0.050737109930404846,0.6721830985915493,0.3705066042467815,0.4960708911553252,0.8665774954021067,0.11469653904029427,0.6663289429246876,0.2710795902285264,0.06360463807272318,False,False,False,False,False,False,False,False
POA3146,3146,26131.0,40.0,2491.0,2.5,2504.0,3636.0,765.0,131.0,7039.0,14227.0,588.0,14816.0,6184.0,614.0,21616.0,6941.0,2627.0,329.0,9894.0,2021,6140.0,0.6581698741672835,0.03968682505399568,0.685418208734271,0.35573234834493533,0.5165506463986361,0.8722829947435715,0.1086802102571388,0.7015362846169395,0.265514453203962,0.03325247624823125,False,False,False,False,False,False,False,False
POA3147,3147,15102.0,40.0,2273.0,2.6,1254.0,2110.0,588.0,58.0,4006.0,7454.0,426.0,7882.0,3995.0,450.0,12322.0,3940.0,1279.0,179.0,5405.0,2021,3364.0,0.604934263918195,0.05404719614311088,0.639668884921279,0.3130304543185222,0.526709935097354,0.8397403894158761,0.14677983025461808,0.72895467160037,0.2366327474560592,0.03311748381128585,False,False,False,False,False,False,False,False
POA3148,3148,9552.0,35.0,1991.0,2.5,965.0,1110.0,401.0,67.0,2540.0,5042.0,275.0,5320.0,2314.0,410.0,8044.0,2474.0,868.0,285.0,3623.0,2021,2075.0,0.6268025857782198,0.05169172932330827,0.661362506215813,0.3799212598425197,0.43700787401574803,0.8169291338582677,0.1578740157480315,0.6828595086944521,0.23958045818382556,0.0786640905327077,False,False,False,False,False,False,False,False
POA3149,3149,35340.0,40.0,2066.0,2.7,3257.0,5139.0,1322.0,164.0,9879.0,17022.0,969.0,17989.0,10340.0,1019.0,29344.0,9613.0,2395.0,467.0,12481.0,2021,8396.0,0.5800845147219194,0.0538662515981989,0.6130384405670665,0.32968923980159937,0.5201943516550258,0.8498835914566252,0.13381921247089787,0.7702107202948482,0.1918916753465267,0.037416873647944875,False,False,False,False,False,False,False,False
POA3150,3150,63298.0,43.0,1882.0,2.8,6155.0,8990.0,2307.0,242.0,17690.0,28271.0,1653.0,29921.0,21053.0,2224.0,53198.0,17019.0,4065.0,632.0,21719.0,2021,15145.0,0.531429752998233,0.05524547976337689,0.5624459566149104,0.3479366873940079,0.5081967213114754,0.8561334087054834,0.13041266252119843,0.783599613241862,0.18716331322804916,0.0290989456236475,False,False,False,False,False,False,False,False
POA3151,3151,10675.0,41.0,1610.0,2.6,1128.0,1355.0,441.0,51.0,2982.0,5015.0,309.0,5326.0,3587.0,304.0,9214.0,2906.0,907.0,204.0,4021.0,2021,2483.0,0.544280442804428,0.05801727375140819,0.5780334273930975,0.3782696177062374,0.45439302481556004,0.8326626425217974,0.14788732394366197,0.7227057945784631,0.2255657796568018,0.05073364834618254,False,False,False,False,False,False,False,False
POA3152,3152,34940.0,42.0,1901.0,2.8,3463.0,5078.0,1312.0,118.0,9969.0,16920.0,852.0,17772.0,10313.0,946.0,29027.0,9624.0,2293.0,248.0,12166.0,2021,8541.0,0.5829055706755779,0.04794058068872384,0.6122575533124333,0.3473768682917043,0.509379075132912,0.8567559434246164,0.13160798475273347,0.7910570442216012,0.18847608088114418,0.020384678612526713,False,False,False,False,False,False,False,False
POA3153,3153,21276.0,38.0,1631.0,2.4,2097.0,2524.0,1109.0,109.0,5840.0,10741.0,467.0,11206.0,5500.0,872.0,17577.0,5689.0,2303.0,264.0,8257.0,2021,4621.0,0.6110826648461057,0.04167410315902195,0.6375376913011321,0.3590753424657534,0.4321917808219178,0.7912671232876712,0.1898972602739726,0.688991159016592,0.27891486011868716,0.03197287150296718,False,False,False,False,False,False,False,False
POA3154,3154,4500.0,40.0,2018.0,2.7,450.0,610.0,178.0,12.0,1251.0,2319.0,94.0,2418.0,1080.0,138.0,3634.0,1208.0,305.0,29.0,1545.0,2021,1060.0,0.6381397908640616,0.03887510339123242,0.6653824986241057,0.3597122302158273,0.4876099120703437,0.8473221422861711,0.14228617106314947,0.7818770226537217,0.19741100323624594,0.018770226537216828,False,False,False,False,False,False,False,False
POA3155,3155,23660.0,39.0,1621.0,2.4,2478.0,2720.0,1224.0,119.0,6538.0,11915.0,542.0,12460.0,6315.0,859.0,19623.0,6391.0,2645.0,317.0,9347.0,2021,5198.0,0.6071956377720023,0.043499197431781704,0.6349691688324924,0.37901498929336186,0.41602936677883146,0.7950443560721934,0.18721321505047414,0.6837487964052638,0.28297849577404516,0.03391462501337327,False,False,False,False,False,False,False,False
POA3156,3156,38484.0,40.0,1948.0,2.7,3712.0,5306.0,1696.0,140.0,10847.0,20221.0,889.0,21110.0,9585.0,1084.0,31780.0,10551.0,2971.0,324.0,13853.0,2021,9018.0,0.6362806796727501,0.042112742775935574,0.6642542479546885,0.3422144371715682,0.48916751175440215,0.8313819489259703,0.15635659629390614,0.7616400779614524,0.21446618061069805,0.02338843571789504,False,False,False,False,False,False,False,False
POA3158,3158,6818.0,41.0,2171.0,2.7,685.0,986.0,298.0,14.0,1984.0,3726.0,148.0,3874.0,1486.0,138.0,5497.0,1940.0,413.0,50.0,2413.0,2021,1671.0,0.6778242677824268,0.03820340733092411,0.7047480443878479,0.34526209677419356,0.4969758064516129,0.8422379032258065,0.1502016129032258,0.8039784500621633,0.1711562370493162,0.020721094073767096,False,False,False,False,False,False,False,False
POA3159,3159,2593.0,41.0,2298.0,2.9,254.0,385.0,89.0,3.0,730.0,1361.0,54.0,1410.0,580.0,101.0,2090.0,709.0,119.0,23.0,852.0,2021,639.0,0.6511961722488038,0.03829787234042553,0.6746411483253588,0.34794520547945207,0.5273972602739726,0.8753424657534247,0.12191780821917808,0.8321596244131455,0.1396713615023474,0.02699530516431925,False,False,False,False,False,False,False,False
POA3160,3160,9024.0,40.0,2180.0,2.7,928.0,1255.0,391.0,25.0,2598.0,4896.0,223.0,5120.0,2009.0,228.0,7355.0,2529.0,611.0,73.0,3218.0,2021,2183.0,0.6656696125084977,0.0435546875,0.6961250849762066,0.35719784449576597,0.48306389530408006,0.8402617397998461,0.15050038491147036,0.785891858297079,0.18986948415164698,0.022684897451833438,False,False,False,False,False,False,False,False
POA3161,3161,16903.0,37.0,2205.0,2.3,1938.0,1805.0,450.0,71.0,4266.0,8973.0,395.0,9371.0,4200.0,669.0,14245.0,4226.0,2122.0,430.0,6773.0,2021,3743.0,0.6299052299052299,0.04215131789563547,0.6578448578448578,0.4542897327707454,0.42311298640412565,0.8774027191748711,0.10548523206751055,0.623948028938432,0.31330282002067034,0.06348737634726119,False,False,False,False,False,False,False,False
POA3162,3162,18075.0,41.0,2289.0,2.5,1874.0,2352.0,563.0,64.0,4857.0,9268.0,375.0,9645.0,4701.0,591.0,14950.0,4801.0,1673.0,268.0,6741.0,2021,4226.0,0.619933110367893,0.038880248833592534,0.6451505016722408,0.38583487749639694,0.4842495367510809,0.8700844142474778,0.11591517397570517,0.7122088710873757,0.2481827622014538,0.03975671265390891,False,False,False,False,False,False,False,False
POA3163,3163,32810.0,36.0,1926.0,2.2,3746.0,3667.0,983.0,211.0,8606.0,18741.0,870.0,19611.0,7377.0,1097.0,28081.0,8491.0,4789.0,831.0,14112.0,2021,7413.0,0.6673907624372352,0.04436285757992963,0.6983725650795912,0.4352777132233326,0.4260980711131769,0.8613757843365094,0.11422263537067162,0.6016865079365079,0.3393565759637188,0.05888605442176871,False,False,False,False,False,False,False,False
POA3165,3165,30159.0,40.0,2215.0,2.7,2524.0,4575.0,1275.0,119.0,8496.0,15473.0,667.0,16143.0,7141.0,723.0,24008.0,8342.0,2226.0,239.0,10802.0,2021,7099.0,0.6444935021659447,0.04131821842284582,0.672400866377874,0.2970809792843691,0.5384887005649718,0.8355696798493408,0.15007062146892655,0.7722643954823181,0.20607294945380486,0.022125532308831696,False,False,False,False,False,False,False,False
POA3166,3166,24753.0,37.0,1980.0,2.5,2436.0,3059.0,951.0,182.0,6632.0,13333.0,682.0,14017.0,6124.0,796.0,20938.0,6495.0,2275.0,602.0,9378.0,2021,5495.0,0.6367847931989684,0.04865520439466362,0.6694526697869901,0.3673100120627262,0.461248492159228,0.8285585042219542,0.1433956574185766,0.6925783749200256,0.24258903817445085,0.06419279164000853,False,False,False,False,False,False,False,False
POA3167,3167,9851.0,40.0,1915.0,2.7,961.0,1390.0,385.0,54.0,2780.0,4961.0,224.0,5185.0,2733.0,304.0,8214.0,2707.0,737.0,131.0,3579.0,2021,2351.0,0.6039688336985635,0.043201542912246864,0.6312393474555636,0.34568345323741007,0.5,0.8456834532374101,0.13848920863309352,0.7563565241687622,0.20592344230231907,0.03660240290583962,False,False,False,False,False,False,False,False
POA3168,3168,21880.0,28.0,1508.0,2.5,1768.0,1426.0,567.0,246.0,4009.0,10972.0,1130.0,12101.0,6169.0,1681.0,19946.0,3883.0,1893.0,1374.0,7150.0,2021,3194.0,0.5500852301213276,0.09338071233782332,0.606688057755941,0.4410077326016463,0.35569967572960837,0.7967074083312546,0.14143177849837865,0.5430769230769231,0.26475524475524476,0.19216783216783218,False,False,False,False,False,False,False,False
POA3169,3169,20820.0,37.0,1616.0,2.7,1944.0,2529.0,921.0,145.0,5541.0,9789.0,678.0,10464.0,6521.0,849.0,17832.0,5307.0,1581.0,475.0,7364.0,2021,4473.0,0.548956931359354,0.06479357798165138,0.5868102288021534,0.35083919870059554,0.45641580942068216,0.8072550081212777,0.16621548456957227,0.7206681151548072,0.21469310157523086,0.06450298750678979,False,False,False,False,False,False,False,False
POA3170,3170,19889.0,40.0,1913.0,2.8,1905.0,2796.0,788.0,106.0,5593.0,9479.0,511.0,9990.0,5686.0,689.0,16370.0,5412.0,1207.0,237.0,6856.0,2021,4701.0,0.5790470372632865,0.05115115115115115,0.6102626756261453,0.34060432683711783,0.4999106025388879,0.8405149293760057,0.14089039871267656,0.7893815635939323,0.17605017502917153,0.03456826137689615,False,False,False,False,False,False,False,False
POA3171,3171,22174.0,36.0,1402.0,2.9,1776.0,2441.0,1068.0,216.0,5495.0,9385.0,831.0,10214.0,7546.0,1189.0,18954.0,5112.0,1577.0,483.0,7165.0,2021,4217.0,0.49514614329429146,0.08135891913060506,0.538883612957687,0.3232029117379436,0.4442220200181984,0.7674249317561419,0.1943585077343039,0.7134682484298674,0.2200976971388695,0.06741102581995813,False,False,False,False,False,False,False,False
POA3172,3172,23261.0,41.0,1715.0,2.9,1961.0,3137.0,1118.0,113.0,6323.0,10786.0,647.0,11434.0,7179.0,711.0,19326.0,5997.0,1436.0,195.0,7627.0,2021,5098.0,0.5581082479561212,0.05658562182963092,0.5916382075959847,0.3101375929147557,0.4961252569982603,0.806262849913016,0.1768148030997944,0.7862855644421135,0.1882784843319785,0.02556706437655697,False,False,False,False,False,False,False,False
POA3173,3173,30018.0,36.0,1991.0,3.2,2254.0,4559.0,1288.0,126.0,8230.0,14400.0,820.0,15215.0,8107.0,797.0,24118.0,7707.0,1182.0,217.0,9102.0,2021,6813.0,0.5970644332034165,0.05389418337167269,0.6308566216104154,0.27387606318347507,0.5539489671931956,0.8278250303766708,0.15650060753341433,0.8467369808833224,0.12986156888595912,0.023840914084816523,False,False,False,False,False,False,False,False
POA3174,3174,39693.0,36.0,1394.0,2.7,3219.0,4473.0,2010.0,315.0,10023.0,17381.0,1332.0,18714.0,12468.0,1994.0,33176.0,9525.0,3484.0,676.0,13683.0,2021,7692.0,0.5239028213166145,0.07117665918563643,0.564082469254883,0.32116132894343014,0.4462735707871895,0.7674348997306196,0.2005387608500449,0.6961192720894541,0.2546225243002266,0.04940437038661112,False,False,False,False,False,False,False,False
POA3175,3175,53545.0,36.0,1313.0,2.7,3988.0,6059.0,2508.0,300.0,12856.0,21005.0,1925.0,22931.0,17338.0,3600.0,43865.0,12250.0,4584.0,1022.0,17855.0,2021,10047.0,0.47885557961928643,0.0839474946578867,0.5227630229112048,0.31020535158680773,0.4712974486621033,0.7815028002489111,0.19508400746733043,0.6860823298795855,0.25673480817698124,0.05723886866423971,False,False,False,False,False,False,False,False
POA3177,3177,11889.0,34.0,1262.0,2.7,775.0,1251.0,646.0,79.0,2757.0,4381.0,457.0,4833.0,3893.0,836.0,9564.0,2638.0,1093.0,312.0,4045.0,2021,2026.0,0.4580719364282727,0.09455824539623423,0.5053324968632371,0.2811026478055858,0.45375408052230687,0.7348567283278926,0.2343126586869786,0.6521631644004945,0.2702101359703337,0.07713226205191595,False,False,False,False,False,False,False,False
POA3178,3178,33571.0,41.0,2205.0,2.9,3206.0,5286.0,1183.0,108.0,9779.0,18168.0,833.0,19000.0,8304.0,648.0,27949.0,9490.0,1714.0,187.0,11398.0,2021,8492.0,0.6500411463737522,0.0438421052631579,0.6798096532970768,0.3278453829634932,0.5405460681051232,0.8683914510686164,0.12097351467430208,0.8326022109141955,0.15037725916827513,0.016406387085453587,False,False,False,False,False,False,False,False
POA3179,3179,6066.0,40.0,1965.0,2.8,532.0,896.0,263.0,22.0,1716.0,3133.0,163.0,3296.0,1545.0,166.0,5006.0,1654.0,360.0,53.0,2074.0,2021,1428.0,0.625848981222533,0.04945388349514563,0.6584099081102677,0.31002331002331,0.5221445221445221,0.8321678321678322,0.15326340326340326,0.7974927675988428,0.17357762777242045,0.025554484088717456,False,False,False,False,False,False,False,False
POA3180,3180,7645.0,41.0,1762.0,2.6,826.0,1042.0,340.0,32.0,2244.0,3794.0,183.0,3975.0,2188.0,203.0,6368.0,2176.0,596.0,71.0,2838.0,2021,1868.0,0.5957914572864321,0.046037735849056606,0.624214824120603,0.3680926916221034,0.464349376114082,0.8324420677361853,0.15151515151515152,0.766737138830162,0.21000704721634955,0.025017618040873855,False,False,False,False,False,False,False,False
POA3181,3181,19636.0,34.0,2085.0,1.8,2574.0,1150.0,441.0,150.0,4324.0,12883.0,497.0,13379.0,3518.0,1217.0,18112.0,4303.0,4453.0,1072.0,9829.0,2021,3724.0,0.7112963780918727,0.03714776889154645,0.7386815371024735,0.5952821461609621,0.26595744680851063,0.8612395929694727,0.10198889916743756,0.4377861430460881,0.4530471055041205,0.10906501170007121,False,False,False,False,False,False,False,False
POA3182,3182,22438.0,37.0,1803.0,1.7,2954.0,1151.0,511.0,116.0,4728.0,14308.0,720.0,15025.0,4050.0,1694.0,20762.0,4712.0,6148.0,926.0,11779.0,2021,4105.0,0.6891436277815239,0.04792013311148086,0.7236778730372796,0.6247884940778342,0.24344331641285957,0.8682318104906938,0.10807952622673435,0.40003395874013076,0.5219458358094915,0.07861448340266576,False,False,False,False,False,False,False,False
POA3183,3183,17964.0,34.0,2022.0,2.1,1944.0,1508.0,448.0,98.0,4002.0,10733.0,456.0,11188.0,3121.0,898.0,15208.0,3977.0,3201.0,757.0,7932.0,2021,3452.0,0.7057469752761705,0.040757954951734,0.7356654392425039,0.48575712143928035,0.37681159420289856,0.862568715642179,0.111944027986007,0.501386787695411,0.4035552193645991,0.0954362077660111,False,False,False,False,False,False,False,False
POA3184,3184,15153.0,38.0,2096.0,1.9,1734.0,1294.0,483.0,73.0,3583.0,9438.0,411.0,9846.0,2526.0,806.0,13172.0,3576.0,3198.0,482.0,7264.0,2021,3028.0,0.716519890677194,0.04174283973187081,0.7474946856969329,0.4839519955344683,0.3611498744069216,0.8451018699413899,0.13480323751046608,0.4922907488986784,0.4402533039647577,0.0663546255506608,False,False,False,False,False,False,False,False
POA3185,3185,13433.0,38.0,2153.0,2.3,1450.0,1485.0,422.0,58.0,3414.0,7553.0,301.0,7852.0,2895.0,398.0,11144.0,3387.0,1964.0,312.0,5662.0,2021,2935.0,0.6777638190954773,0.038334182373917475,0.7045944005743001,0.424721734036321,0.4349736379613357,0.8596953719976567,0.12360867018160515,0.5981985164252914,0.3468738961497704,0.05510420346167432,False,False,False,False,False,False,False,False
POA3186,3186,23252.0,48.0,2710.0,2.4,2642.0,2912.0,776.0,69.0,6406.0,11235.0,431.0,11671.0,7159.0,808.0,19635.0,6327.0,2494.0,159.0,8981.0,2021,5554.0,0.5721925133689839,0.03692914060491817,0.5943977591036415,0.4124258507649079,0.4545738370277865,0.8669996877926943,0.12113643459256947,0.7044872508629328,0.27769736109564636,0.017704041866161896,False,False,False,False,False,False,False,False
POA3187,3187,16757.0,45.0,2544.0,2.6,1474.0,2392.0,595.0,35.0,4497.0,7960.0,366.0,8321.0,4711.0,564.0,13592.0,4448.0,1446.0,115.0,6009.0,2021,3866.0,0.5856386109476163,0.043985097944958536,0.6121983519717481,0.3277740716032911,0.5319101623304425,0.8596842339337336,0.13231042917500557,0.7402229988350807,0.24063904143784323,0.01913795972707605,False,False,False,False,False,False,False,False
POA3188,3188,18587.0,43.0,2405.0,2.5,1734.0,2574.0,673.0,55.0,5047.0,9476.0,393.0,9866.0,4857.0,600.0,15323.0,4998.0,1865.0,156.0,7016.0,2021,4308.0,0.6184167591202767,0.03983377255219947,0.6438686941199504,0.3435704378838914,0.5100059441252229,0.8535763820091143,0.13334654250049535,0.7123717217787914,0.26582098061573545,0.022234891676168756,False,False,False,False,False,False,False,False
POA3189,3189,6287.0,39.0,2031.0,2.5,590.0,844.0,263.0,29.0,1725.0,3224.0,129.0,3360.0,1530.0,236.0,5121.0,1696.0,623.0,98.0,2415.0,2021,1434.0,0.6295645381761374,0.038392857142857145,0.6561218512009374,0.34202898550724636,0.48927536231884056,0.831304347826087,0.15246376811594203,0.7022774327122153,0.2579710144927536,0.04057971014492753,False,False,False,False,False,False,False,False
POA3190,3190,12007.0,40.0,2119.0,2.4,1187.0,1560.0,515.0,38.0,3298.0,6410.0,282.0,6699.0,2748.0,348.0,9797.0,3275.0,1423.0,126.0,4828.0,2021,2747.0,0.6542819230376646,0.04209583519928348,0.6837807492089415,0.3599151000606428,0.4730139478471801,0.832929047907823,0.156155245603396,0.6783347141673571,0.29473902236951116,0.026097763048881523,False,False,False,False,False,False,False,False
POA3191,3191,10926.0,47.0,2313.0,2.4,1211.0,1363.0,338.0,19.0,2928.0,5452.0,223.0,5679.0,3138.0,379.0,9192.0,2906.0,1276.0,75.0,4266.0,2021,2574.0,0.593124456048738,0.03926747666842754,0.6178198433420365,0.4135928961748634,0.4655054644808743,0.8790983606557377,0.11543715846994536,0.6812001875293014,0.29910923581809656,0.017580872011251757,False,False,False,False,False,False,False,False
POA3192,3192,24129.0,40.0,1921.0,2.4,2314.0,3140.0,1039.0,104.0,6600.0,12377.0,540.0,12912.0,6089.0,779.0,19783.0,6516.0,2751.0,249.0,9517.0,2021,5454.0,0.625638174189961,0.041821561338289966,0.6526815953091037,0.3506060606060606,0.47575757575757577,0.8263636363636364,0.1574242424242424,0.6846695387201849,0.2890616791005569,0.02616370705054114,False,False,False,False,False,False,False,False
POA3193,3193,20207.0,48.0,2546.0,2.6,2349.0,2880.0,587.0,42.0,5858.0,10064.0,373.0,10433.0,5862.0,447.0,16744.0,5795.0,1579.0,71.0,7444.0,2021,5229.0,0.6010511227902532,0.03575194095658008,0.623088867654085,0.400990099009901,0.49163537043359506,0.8926254694434961,0.100204848071014,0.7784793121977431,0.21211714132186996,0.00953788285867813,False,False,False,False,False,False,False,False
POA3194,3194,13221.0,42.0,1889.0,2.3,1503.0,1555.0,589.0,50.0,3700.0,7109.0,305.0,7420.0,3369.0,356.0,11144.0,3654.0,1865.0,124.0,5638.0,2021,3058.0,0.6379217516152189,0.04110512129380054,0.6658291457286433,0.40621621621621623,0.42027027027027025,0.8264864864864865,0.1591891891891892,0.6481021638879035,0.33079106065980846,0.02199361475700603,False,False,False,False,False,False,False,False
POA3195,3195,37364.0,42.0,2201.0,2.6,3366.0,5444.0,1407.0,111.0,10330.0,19910.0,833.0,20743.0,8829.0,819.0,30392.0,10173.0,3318.0,238.0,13726.0,2021,8810.0,0.6551066070018426,0.040158125632743576,0.68251513556199,0.32584704743465637,0.5270087124878994,0.8528557599225557,0.13620522749273958,0.7411481859245228,0.24173102141920444,0.017339355966778377,False,False,False,False,False,False,False,False
POA3196,3196,26876.0,41.0,1832.0,2.3,2771.0,3239.0,1221.0,97.0,7334.0,13841.0,515.0,14358.0,6736.0,941.0,22036.0,7245.0,3382.0,290.0,10917.0,2021,6010.0,0.6281085496460338,0.03586850536286391,0.6515701579233981,0.37782928824652307,0.4416416689391873,0.8194709571857104,0.1664848650122716,0.6636438582028029,0.30979206741778875,0.026564074379408262,False,False,False,False,False,False,False,False
POA3197,3197,12032.0,44.0,1853.0,2.4,1347.0,1478.0,597.0,27.0,3443.0,6312.0,258.0,6568.0,3144.0,319.0,10036.0,3379.0,1388.0,108.0,4877.0,2021,2825.0,0.6289358310083699,0.03928136419001218,0.6544440015942606,0.3912285797269823,0.4292767934940459,0.8205053732210281,0.1733952948010456,0.6928439614517121,0.28460118925568995,0.022144761123641582,False,False,False,False,False,False,False,False
POA3198,3198,17215.0,40.0,1500.0,2.3,1651.0,1825.0,1002.0,99.0,4580.0,8309.0,438.0,8746.0,4550.0,888.0,14187.0,4521.0,2420.0,245.0,7191.0,2021,3476.0,0.5856770282653133,0.05008003658815458,0.6164798759427645,0.3604803493449782,0.39847161572052403,0.7589519650655022,0.2187772925764192,0.6287025448477264,0.3365317758308997,0.03407036573494646,False,False,False,False,False,False,False,False
POA3199,3199,56127.0,40.0,1522.0,2.4,5536.0,5945.0,3160.0,224.0,14861.0,26461.0,1349.0,27806.0,15500.0,3060.0,46362.0,14590.0,6720.0,716.0,22026.0,2021,11481.0,0.5707475950131573,0.048514709055599514,0.5997584228462965,0.37251867303680775,0.4000403741336384,0.7725590471704461,0.21263710382881368,0.6623989830200672,0.3050939798420049,0.0325070371379279,False,False,False,False,False,False,False,False
POA3200,3200,5711.0,37.0,1128.0,2.3,391.0,416.0,457.0,44.0,1318.0,2038.0,206.0,2245.0,1933.0,521.0,4692.0,1290.0,738.0,120.0,2148.0,2021,807.0,0.43435635123614663,0.09175946547884187,0.47847399829497017,0.2966616084977238,0.3156297420333839,0.6122913505311077,0.34673748103186647,0.6005586592178771,0.3435754189944134,0.055865921787709494,False,False,False,False,False,False,False,False
POA3201,3201,21976.0,36.0,1658.0,2.5,1967.0,2617.0,1313.0,102.0,5994.0,11311.0,553.0,11868.0,5030.0,864.0,17764.0,5823.0,2218.0,257.0,8307.0,2021,4584.0,0.6367372213465435,0.046595888102460396,0.6680927718982211,0.3281614948281615,0.43660326993660326,0.7647647647647647,0.2190523857190524,0.7009750812567714,0.26700373179246417,0.03093776333212953,False,False,False,False,False,False,False,False
POA3202,3202,2826.0,41.0,2088.0,2.8,213.0,426.0,115.0,11.0,768.0,1462.0,82.0,1542.0,568.0,134.0,2250.0,750.0,195.0,24.0,965.0,2021,639.0,0.6497777777777778,0.05317769130998703,0.6853333333333333,0.27734375,0.5546875,0.83203125,0.14973958333333334,0.7772020725388601,0.20207253886010362,0.024870466321243522,False,False,False,False,False,False,False,False
POA3204,3204,33130.0,39.0,2233.0,2.6,2876.0,4673.0,1370.0,120.0,9039.0,17796.0,840.0,18642.0,7549.0,872.0,27069.0,8927.0,2971.0,428.0,12329.0,2021,7549.0,0.6574310096420259,0.04505954296749276,0.6886844730134102,0.3181767894678615,0.5169819670317513,0.8351587564996128,0.15156543865471844,0.7240652121015492,0.24097655933165707,0.03471489982966988,False,False,False,False,False,False,False,False
POA3205,3205,11548.0,39.0,2101.0,1.9,1547.0,841.0,386.0,77.0,2853.0,6620.0,360.0,6980.0,2532.0,701.0,10211.0,2832.0,2391.0,321.0,5547.0,2021,2388.0,0.6483204387425325,0.05157593123209169,0.6835765351091959,0.5422362425517,0.2947774272695408,0.8370136698212408,0.13529617946021733,0.5105462412114656,0.4310438074634938,0.0578691184424013,False,False,False,False,False,False,False,False
POA3206,3206,10043.0,46.0,2659.0,2.3,1137.0,1215.0,326.0,38.0,2718.0,5164.0,197.0,5356.0,2706.0,292.0,8353.0,2699.0,1328.0,122.0,4147.0,2021,2352.0,0.618220998443673,0.03678117998506348,0.6412067520651263,0.41832229580573954,0.4470198675496689,0.8653421633554084,0.1199411331861663,0.6508319266939957,0.3202314926452858,0.0294188570050639,False,False,False,False,False,False,False,False
POA3207,3207,17633.0,42.0,2372.0,2.1,2251.0,1640.0,660.0,76.0,4633.0,9792.0,405.0,10197.0,3987.0,1014.0,15199.0,4586.0,2927.0,315.0,7830.0,2021,3891.0,0.6442529113757484,0.03971756398940865,0.6708994012763998,0.4858622922512411,0.35398230088495575,0.8398445931361969,0.14245629181955535,0.5856960408684546,0.3738186462324393,0.040229885057471264,False,False,False,False,False,False,False,False
POA3211,3211,1353.0,42.0,2005.0,3.0,121.0,177.0,43.0,0.0,344.0,609.0,27.0,633.0,346.0,110.0,1095.0,328.0,64.0,14.0,406.0,2021,298.0,0.5561643835616439,0.04265402843601896,0.5780821917808219,0.35174418604651164,0.5145348837209303,0.8662790697674418,0.125,0.8078817733990148,0.15763546798029557,0.034482758620689655,False,False,False,False,False,False,False,False
POA3212,3212,19272.0,37.0,1966.0,2.7,1837.0,2419.0,769.0,56.0,5077.0,9212.0,387.0,9601.0,5433.0,517.0,15553.0,4951.0,1337.0,146.0,6427.0,2021,4256.0,0.5922973059859834,0.04030830121862306,0.6173085578345013,0.36182785109316523,0.47646247784124485,0.8382903289344101,0.15146740200906048,0.7703438618328925,0.20802862922047613,0.022716664073440175,False,False,False,False,False,False,False,False
POA3213,3213,4753.0,39.0,2141.0,3.0,458.0,684.0,157.0,12.0,1314.0,2506.0,91.0,2593.0,1057.0,182.0,3836.0,1261.0,250.0,28.0,1537.0,2021,1142.0,0.6532846715328468,0.0350944851523332,0.6759645464025026,0.3485540334855403,0.5205479452054794,0.8691019786910198,0.11948249619482496,0.8204294079375407,0.16265452179570591,0.018217306441119064,False,False,False,False,False,False,False,False
POA3214,3214,24500.0,36.0,1063.0,2.4,1889.0,1977.0,1912.0,192.0,5969.0,8831.0,892.0,9721.0,8662.0,1820.0,20197.0,5797.0,3075.0,440.0,9312.0,2021,3866.0,0.4372431549239986,0.0917601069848781,0.4813091053126702,0.3164684201708829,0.3312112581671972,0.64767967833808,0.32032166191991956,0.6225300687285223,0.33021907216494845,0.04725085910652921,False,False,False,False,False,False,False,False
POA3215,3215,21994.0,41.0,1452.0,2.3,2407.0,2292.0,1077.0,98.0,5872.0,10451.0,546.0,10999.0,6597.0,889.0,18481.0,5781.0,2764.0,323.0,8867.0,2021,4699.0,0.5654997023970565,0.049640876443313026,0.5951517775012175,0.4099114441416894,0.39032697547683926,0.8002384196185286,0.18341280653950953,0.6519679711289049,0.3117176046013308,0.03642720198488779,False,False,False,False,False,False,False,False
POA3216,3216,60123.0,38.0,1724.0,2.5,6259.0,6955.0,2171.0,223.0,15611.0,30086.0,1339.0,31418.0,16373.0,2005.0,49798.0,15391.0,6106.0,986.0,22490.0,2021,13214.0,0.6041608096710711,0.04261888089630148,0.6309088718422426,0.400935237973224,0.44551918518993017,0.8464544231631542,0.13906860547050157,0.6843485993775011,0.27149844375277904,0.04384170742552245,False,False,False,False,False,False,False,False
POA3217,3217,20499.0,30.0,2204.0,2.8,1916.0,2776.0,784.0,76.0,5552.0,11660.0,372.0,12031.0,2899.0,563.0,15490.0,5460.0,1068.0,410.0,6939.0,2021,4692.0,0.7527437056165268,0.03092012301554318,0.7766946417043253,0.3451008645533141,0.5,0.8451008645533141,0.14121037463976946,0.7868568958063121,0.15391266753134458,0.05908632367776337,False,False,False,False,False,False,False,False
POA3218,3218,14942.0,37.0,1752.0,2.3,1528.0,1735.0,589.0,52.0,3905.0,8176.0,321.0,8494.0,3215.0,477.0,12188.0,3872.0,2180.0,295.0,6345.0,2021,3263.0,0.6708237610764687,0.03779138215210737,0.6969149983590417,0.3912932138284251,0.44430217669654287,0.835595390524968,0.15083226632522406,0.6102442868400315,0.34357762017336485,0.046493301812450746,False,False,False,False,False,False,False,False
POA3219,3219,20309.0,42.0,1228.0,2.2,2188.0,1727.0,1185.0,125.0,5221.0,9419.0,509.0,9932.0,6344.0,1083.0,17357.0,5140.0,3097.0,406.0,8645.0,2021,3915.0,0.5426629025753298,0.051248489730165124,0.5722187013884888,0.41907680520972995,0.33077954414863053,0.7498563493583604,0.2269680137904616,0.5945633314054367,0.35824175824175825,0.04696356275303644,False,False,False,False,False,False,False,False
POA3220,3220,17270.0,40.0,1891.0,2.3,1896.0,1847.0,547.0,58.0,4345.0,9091.0,392.0,9486.0,4352.0,657.0,14502.0,4317.0,2262.0,355.0,6934.0,2021,3743.0,0.6268790511653565,0.04132405650432216,0.6541166735622673,0.43636363636363634,0.4250863060989643,0.8614499424626006,0.12589182968929805,0.6225843668877993,0.32621863282376695,0.051197000288433804,False,False,False,False,False,False,False,False
POA3221,3221,801.0,43.0,2481.0,3.0,89.0,115.0,26.0,0.0,233.0,419.0,12.0,434.0,183.0,19.0,644.0,222.0,36.0,3.0,261.0,2021,204.0,0.6506211180124224,0.027649769585253458,0.6739130434782609,0.38197424892703863,0.49356223175965663,0.8755364806866953,0.11158798283261803,0.8505747126436781,0.13793103448275862,0.011494252873563218,False,False,False,False,False,False,False,False
POA3222,3222,18576.0,45.0,1466.0,2.5,2476.0,2063.0,793.0,60.0,5399.0,8416.0,367.0,8786.0,5943.0,635.0,15363.0,5325.0,1710.0,152.0,7182.0,2021,4539.0,0.5478096725899889,0.04177099931709538,0.5718935103820868,0.4586034450824227,0.3821077977403223,0.8407112428227449,0.14687905167623633,0.741436925647452,0.23809523809523808,0.021164021164021163,False,False,False,False,False,False,False,False
POA3223,3223,9536.0,59.0,1139.0,2.1,1750.0,680.0,318.0,43.0,2799.0,3485.0,169.0,3655.0,4215.0,665.0,8532.0,2760.0,1282.0,93.0,4135.0,2021,2430.0,0.40846225972808253,0.04623803009575923,0.42838724800750116,0.6252232940335835,0.24294390853876385,0.8681672025723473,0.11361200428724544,0.6674727932285369,0.31003627569528414,0.02249093107617896,False,False,False,False,False,False,False,False
POA3224,3224,15101.0,43.0,1539.0,2.5,1851.0,1747.0,650.0,51.0,4303.0,7093.0,291.0,7390.0,4471.0,618.0,12481.0,4220.0,1375.0,105.0,5699.0,2021,3598.0,0.56830382180915,0.03937753721244926,0.5920999919878215,0.43016500116198003,0.4059958168719498,0.8361608180339298,0.1510574018126888,0.7404807861028251,0.24127039831549393,0.018424284962274082,False,False,False,False,False,False,False,False
POA3225,3225,5408.0,61.0,1508.0,2.1,972.0,445.0,138.0,10.0,1561.0,2106.0,66.0,2171.0,2326.0,287.0,4787.0,1549.0,705.0,19.0,2273.0,2021,1417.0,0.4399415082515145,0.030400736987563334,0.45351994986421557,0.6226777706598334,0.28507367072389495,0.9077514413837284,0.08840486867392697,0.6814782226132864,0.31016278046634405,0.008358996920369555,False,False,False,False,False,False,False,False
POA3226,3226,17714.0,43.0,1837.0,2.5,2186.0,2141.0,605.0,30.0,4949.0,8481.0,228.0,8712.0,4860.0,597.0,14168.0,4905.0,1519.0,146.0,6567.0,2021,4327.0,0.5986024844720497,0.026170798898071626,0.6149068322981367,0.44170539502929884,0.432612649020004,0.8743180440493029,0.12224691856940796,0.7469164001827319,0.23130805542865845,0.02223237399116796,False,False,False,False,False,False,False,False
POA3227,3227,5459.0,47.0,2228.0,2.5,687.0,642.0,156.0,15.0,1509.0,2530.0,65.0,2589.0,1537.0,284.0,4409.0,1492.0,438.0,32.0,1959.0,2021,1329.0,0.573826264459061,0.025106218617226728,0.5872079836697663,0.4552683896620278,0.4254473161033797,0.8807157057654076,0.10337972166998012,0.7616130678917815,0.22358346094946402,0.01633486472690148,False,False,False,False,False,False,False,False
POA3228,3228,24181.0,40.0,2282.0,2.7,2523.0,3233.0,669.0,49.0,6478.0,12168.0,394.0,12559.0,5435.0,883.0,18874.0,6393.0,1603.0,290.0,8292.0,2021,5756.0,0.6446964077567023,0.031371924516283144,0.6654127370986542,0.3894720592775548,0.4990737882062365,0.8885458474837913,0.10327261500463106,0.7709840810419681,0.19331886155330438,0.03497346840328027,False,False,False,False,False,False,False,False
POA3230,3230,3208.0,54.0,1701.0,2.2,494.0,293.0,77.0,8.0,859.0,1460.0,46.0,1509.0,1097.0,148.0,2751.0,853.0,354.0,38.0,1245.0,2021,787.0,0.5307161032351873,0.030483764082173626,0.5485278080697928,0.5750873108265425,0.3410942956926659,0.9161816065192084,0.08963911525029103,0.685140562248996,0.28433734939759037,0.030522088353413655,False,False,False,False,False,False,False,False
POA3231,3231,1571.0,56.0,1785.0,2.2,259.0,135.0,45.0,9.0,449.0,754.0,16.0,768.0,530.0,102.0,1402.0,444.0,179.0,8.0,637.0,2021,394.0,0.5378031383737518,0.020833333333333332,0.5477888730385164,0.576837416481069,0.30066815144766146,0.8775055679287305,0.10022271714922049,0.6970172684458399,0.28100470957613816,0.012558869701726845,False,False,False,False,False,False,False,False
POA3232,3232,1327.0,56.0,1525.0,2.1,166.0,93.0,42.0,3.0,305.0,602.0,6.0,610.0,478.0,112.0,1195.0,303.0,175.0,25.0,502.0,2021,259.0,0.503765690376569,0.009836065573770493,0.5104602510460251,0.5442622950819672,0.30491803278688523,0.8491803278688524,0.1377049180327869,0.603585657370518,0.34860557768924305,0.049800796812749,False,False,False,False,False,False,False,False
POA3233,3233,2363.0,53.0,1172.0,2.0,333.0,167.0,79.0,8.0,587.0,1037.0,40.0,1080.0,790.0,201.0,2068.0,581.0,349.0,27.0,963.0,2021,500.0,0.5014506769825918,0.037037037037037035,0.5222437137330754,0.5672913117546848,0.28449744463373083,0.8517887563884157,0.13458262350936967,0.6033229491173416,0.3624091381100727,0.028037383177570093,False,False,False,False,False,False,False,False
POA3234,3234,237.0,51.0,1325.0,2.0,32.0,16.0,7.0,0.0,51.0,116.0,0.0,113.0,68.0,15.0,202.0,52.0,40.0,5.0,90.0,2021,48.0,0.5742574257425742,0.0,0.5594059405940595,0.6274509803921569,0.3137254901960784,0.9411764705882353,0.13725490196078433,0.5777777777777777,0.4444444444444444,0.05555555555555555,False,False,False,False,False,False,False,False
POA3235,3235,515.0,47.0,1694.0,2.4,72.0,47.0,24.0,0.0,140.0,249.0,5.0,255.0,112.0,56.0,425.0,136.0,30.0,3.0,171.0,2021,119.0,0.5858823529411765,0.0196078431372549,0.6,0.5142857142857142,0.3357142857142857,0.85,0.17142857142857143,0.7953216374269005,0.17543859649122806,0.017543859649122806,False,False,False,False,False,False,False,False
POA3236,3236,257.0,52.0,1091.0,2.1,32.0,17.0,17.0,0.0,68.0,118.0,4.0,121.0,73.0,33.0,222.0,67.0,24.0,0.0,96.0,2021,49.0,0.5315315315315315,0.03305785123966942,0.545045045045045,0.47058823529411764,0.25,0.7205882352941176,0.25,0.6979166666666666,0.25,0.0,False,False,False,False,False,False,False,False
POA3237,3237,276.0,51.0,900.0,2.0,37.0,16.0,10.0,0.0,65.0,119.0,4.0,124.0,80.0,44.0,250.0,63.0,35.0,3.0,102.0,2021,53.0,0.476,0.03225806451612903,0.496,0.5692307692307692,0.24615384615384617,0.8153846153846154,0.15384615384615385,0.6176470588235294,0.3431372549019608,0.029411764705882353,False,False,False,False,False,False,False,False
POA3238,3238,251.0,52.0,1390.0,2.1,39.0,17.0,7.0,0.0,69.0,135.0,8.0,141.0,51.0,15.0,210.0,67.0,40.0,0.0,108.0,2021,56.0,0.6428571428571429,0.05673758865248227,0.6714285714285714,0.5652173913043478,0.2463768115942029,0.8115942028985508,0.10144927536231885,0.6203703703703703,0.37037037037037035,0.0,False,False,False,False,False,False,False,False
POA3239,3239,491.0,49.0,1187.0,2.3,70.0,41.0,16.0,0.0,125.0,214.0,14.0,228.0,137.0,53.0,420.0,121.0,59.0,5.0,184.0,2021,111.0,0.5095238095238095,0.06140350877192982,0.5428571428571428,0.56,0.328,0.888,0.128,0.657608695652174,0.32065217391304346,0.02717391304347826,False,False,False,False,False,False,False,False
POA3240,3240,2169.0,40.0,2340.0,2.9,231.0,339.0,51.0,3.0,618.0,1196.0,19.0,1217.0,430.0,56.0,1703.0,598.0,98.0,16.0,711.0,2021,570.0,0.7022900763358778,0.015612161051766639,0.7146212566059894,0.3737864077669903,0.5485436893203883,0.9223300970873787,0.0825242718446602,0.8410689170182841,0.13783403656821377,0.02250351617440225,False,False,False,False,False,False,False,False
POA3241,3241,3072.0,43.0,1516.0,2.4,395.0,340.0,116.0,7.0,859.0,1468.0,30.0,1505.0,835.0,214.0,2555.0,843.0,305.0,27.0,1169.0,2021,735.0,0.574559686888454,0.019933554817275746,0.589041095890411,0.459837019790454,0.3958090803259604,0.8556461001164144,0.1350407450523865,0.7211291702309667,0.2609067579127459,0.023096663815226688,False,False,False,False,False,False,False,False
POA3242,3242,942.0,43.0,1521.0,2.4,116.0,109.0,26.0,0.0,250.0,475.0,9.0,485.0,228.0,46.0,758.0,249.0,105.0,6.0,363.0,2021,225.0,0.6266490765171504,0.018556701030927835,0.6398416886543535,0.464,0.436,0.9,0.104,0.6859504132231405,0.2892561983471074,0.01652892561983471,False,False,False,False,False,False,False,False
POA3243,3243,392.0,48.0,1474.0,2.4,68.0,38.0,6.0,4.0,116.0,215.0,4.0,220.0,78.0,35.0,338.0,112.0,31.0,4.0,146.0,2021,106.0,0.636094674556213,0.01818181818181818,0.650887573964497,0.5862068965517241,0.3275862068965517,0.9137931034482759,0.05172413793103448,0.7671232876712328,0.21232876712328766,0.0273972602739726,False,False,False,False,False,False,False,False
POA3249,3249,3368.0,46.0,1434.0,2.6,444.0,385.0,92.0,9.0,928.0,1727.0,38.0,1766.0,800.0,178.0,2743.0,916.0,290.0,20.0,1231.0,2021,829.0,0.6296026248632883,0.021517553793884484,0.6438206343419614,0.47844827586206895,0.41487068965517243,0.8933189655172413,0.09913793103448276,0.7441104792851341,0.2355808285946385,0.016246953696181964,False,False,False,False,False,False,False,False
POA3250,3250,12756.0,42.0,1250.0,2.3,1388.0,1216.0,543.0,63.0,3214.0,5923.0,182.0,6104.0,3937.0,543.0,10580.0,3169.0,1758.0,199.0,5127.0,2021,2604.0,0.5598298676748582,0.02981651376146789,0.576937618147448,0.43186060983198504,0.37834474175482263,0.8102053515868077,0.16894835096453018,0.6181002535595865,0.34289057928613226,0.03881412131850985,False,False,False,False,False,False,False,False
POA3251,3251,524.0,50.0,1308.0,2.2,69.0,62.0,12.0,6.0,149.0,283.0,0.0,283.0,138.0,27.0,453.0,150.0,73.0,5.0,228.0,2021,131.0,0.6247240618101545,0.0,0.6247240618101545,0.46308724832214765,0.4161073825503356,0.8791946308724832,0.08053691275167785,0.6578947368421053,0.3201754385964912,0.021929824561403508,False,False,False,False,False,False,False,False
POA3254,3254,358.0,33.0,1485.0,2.6,32.0,37.0,14.0,0.0,84.0,172.0,4.0,180.0,60.0,33.0,269.0,86.0,30.0,0.0,121.0,2021,69.0,0.6394052044609665,0.022222222222222223,0.6691449814126395,0.38095238095238093,0.44047619047619047,0.8214285714285714,0.16666666666666666,0.7107438016528925,0.24793388429752067,0.0,False,False,False,False,False,False,False,False
POA3260,3260,4801.0,49.0,1256.0,2.3,625.0,463.0,175.0,22.0,1283.0,2203.0,55.0,2254.0,1486.0,287.0,4029.0,1264.0,625.0,50.0,1939.0,2021,1088.0,0.5467858029287664,0.024401064773735583,0.5594440307768677,0.48713951675759937,0.36087295401402963,0.848012470771629,0.1363990646921278,0.6518824136152656,0.3223310985043837,0.025786487880350695,False,False,False,False,False,False,False,False
POA3264,3264,2254.0,49.0,1162.0,2.2,276.0,202.0,105.0,12.0,605.0,1008.0,32.0,1042.0,759.0,107.0,1905.0,595.0,296.0,29.0,926.0,2021,478.0,0.5291338582677165,0.030710172744721688,0.546981627296588,0.456198347107438,0.3338842975206612,0.7900826446280992,0.17355371900826447,0.642548596112311,0.31965442764578833,0.03131749460043196,False,False,False,False,False,False,False,False
POA3265,3265,2827.0,41.0,1772.0,2.7,315.0,345.0,88.0,9.0,762.0,1525.0,32.0,1555.0,514.0,181.0,2252.0,754.0,217.0,11.0,977.0,2021,660.0,0.6771758436944938,0.020578778135048232,0.6904973357015985,0.41338582677165353,0.452755905511811,0.8661417322834646,0.11548556430446194,0.7717502558853634,0.22210849539406347,0.011258955987717503,False,False,False,False,False,False,False,False
POA3266,3266,3047.0,47.0,1298.0,2.4,382.0,306.0,117.0,11.0,822.0,1441.0,32.0,1468.0,867.0,183.0,2518.0,810.0,329.0,18.0,1161.0,2021,688.0,0.5722795869737887,0.021798365122615803,0.5830023828435266,0.46472019464720193,0.3722627737226277,0.8369829683698297,0.14233576642335766,0.6976744186046512,0.2833763996554694,0.015503875968992248,False,False,False,False,False,False,False,False
POA3267,3267,214.0,51.0,1600.0,2.5,34.0,23.0,3.0,0.0,63.0,120.0,4.0,120.0,45.0,11.0,181.0,61.0,12.0,0.0,73.0,2021,57.0,0.6629834254143646,0.03333333333333333,0.6629834254143646,0.5396825396825397,0.36507936507936506,0.9047619047619048,0.047619047619047616,0.8356164383561644,0.1643835616438356,0.0,False,False,False,False,False,False,False,False
POA3268,3268,2552.0,44.0,1466.0,2.5,327.0,283.0,74.0,10.0,690.0,1327.0,35.0,1367.0,625.0,142.0,2128.0,689.0,244.0,20.0,956.0,2021,610.0,0.6235902255639098,0.025603511338697878,0.6423872180451128,0.47391304347826085,0.4101449275362319,0.8840579710144928,0.1072463768115942,0.7207112970711297,0.25523012552301255,0.02092050209205021,False,False,False,False,False,False,False,False
POA3269,3269,676.0,42.0,1614.0,2.5,74.0,77.0,23.0,4.0,177.0,369.0,8.0,373.0,145.0,31.0,549.0,174.0,63.0,6.0,243.0,2021,151.0,0.6721311475409836,0.021447721179624665,0.6794171220400729,0.4180790960451977,0.4350282485875706,0.8531073446327684,0.12994350282485875,0.7160493827160493,0.25925925925925924,0.024691358024691357,False,False,False,False,False,False,False,False
POA3270,3270,322.0,54.0,1383.0,2.1,49.0,27.0,6.0,0.0,81.0,156.0,6.0,164.0,94.0,13.0,264.0,85.0,55.0,0.0,137.0,2021,76.0,0.5909090909090909,0.036585365853658534,0.6212121212121212,0.6049382716049383,0.3333333333333333,0.9382716049382716,0.07407407407407407,0.6204379562043796,0.40145985401459855,0.0,False,False,False,False,False,False,False,False
POA3271,3271,188.0,49.0,1312.0,2.2,25.0,16.0,9.0,0.0,48.0,89.0,3.0,90.0,37.0,27.0,159.0,49.0,25.0,0.0,72.0,2021,41.0,0.559748427672956,0.03333333333333333,0.5660377358490566,0.5208333333333334,0.3333333333333333,0.8541666666666666,0.1875,0.6805555555555556,0.3472222222222222,0.0,False,False,False,False,False,False,False,False
POA3272,3272,1641.0,48.0,1017.0,2.2,215.0,132.0,77.0,6.0,430.0,677.0,28.0,705.0,526.0,105.0,1341.0,427.0,226.0,14.0,664.0,2021,347.0,0.5048471290082028,0.03971631205673759,0.5257270693512305,0.5,0.30697674418604654,0.8069767441860465,0.17906976744186046,0.6430722891566265,0.34036144578313254,0.02108433734939759,False,False,False,False,False,False,False,False
POA3273,3273,130.0,53.0,1687.0,2.6,22.0,15.0,6.0,0.0,36.0,70.0,0.0,72.0,34.0,7.0,117.0,37.0,10.0,4.0,45.0,2021,37.0,0.5982905982905983,0.0,0.6153846153846154,0.6111111111111112,0.4166666666666667,,0.16666666666666666,0.8222222222222222,0.2222222222222222,0.08888888888888889,False,False,False,False,False,False,True,True
POA3274,3274,256.0,43.0,1125.0,2.4,32.0,20.0,14.0,0.0,71.0,107.0,12.0,113.0,77.0,12.0,203.0,68.0,27.0,0.0,96.0,2021,52.0,0.5270935960591133,0.10619469026548672,0.5566502463054187,0.4507042253521127,0.28169014084507044,0.7323943661971831,0.19718309859154928,0.7083333333333334,0.28125,0.0,False,False,False,False,False,False,False,False
POA3275,3275,490.0,35.0,2073.0,3.0,45.0,68.0,14.0,0.0,128.0,273.0,4.0,273.0,74.0,35.0,380.0,125.0,20.0,0.0,147.0,2021,113.0,0.718421052631579,0.014652014652014652,0.718421052631579,0.3515625,0.53125,0.8828125,0.109375,0.8503401360544217,0.1360544217687075,0.0,False,False,False,False,False,False,False,False
POA3276,3276,437.0,43.0,1566.0,2.4,60.0,44.0,16.0,0.0,124.0,234.0,3.0,241.0,96.0,27.0,363.0,119.0,44.0,0.0,166.0,2021,104.0,0.6446280991735537,0.012448132780082987,0.6639118457300276,0.4838709677419355,0.3548387096774194,0.8387096774193549,0.12903225806451613,0.7168674698795181,0.26506024096385544,0.0,False,False,False,False,False,False,False,False
POA3277,3277,1820.0,42.0,1709.0,2.6,224.0,213.0,62.0,10.0,506.0,971.0,11.0,985.0,378.0,97.0,1461.0,499.0,140.0,11.0,654.0,2021,437.0,0.6646132785763176,0.01116751269035533,0.6741957563312799,0.4426877470355731,0.4209486166007905,0.8636363636363636,0.1225296442687747,0.7629969418960245,0.21406727828746178,0.016819571865443424,False,False,False,False,False,False,False,False
POA3278,3278,343.0,43.0,1803.0,2.7,49.0,42.0,12.0,0.0,102.0,183.0,7.0,185.0,69.0,16.0,276.0,98.0,20.0,0.0,120.0,2021,91.0,0.6630434782608695,0.03783783783783784,0.6702898550724637,0.4803921568627451,0.4117647058823529,0.8921568627450981,0.11764705882352941,0.8166666666666667,0.16666666666666666,0.0,False,False,False,False,False,False,False,False
POA3279,3279,300.0,34.0,2078.0,3.0,25.0,41.0,3.0,0.0,71.0,168.0,0.0,168.0,48.0,22.0,234.0,71.0,10.0,7.0,86.0,2021,66.0,0.717948717948718,0.0,0.717948717948718,0.352112676056338,0.5774647887323944,0.9295774647887324,0.04225352112676056,0.8255813953488372,0.11627906976744186,0.08139534883720931,False,False,False,False,False,False,False,False
POA3280,3280,33298.0,42.0,1401.0,2.3,3708.0,3381.0,1576.0,156.0,8814.0,16169.0,531.0,16702.0,9209.0,1629.0,27543.0,8719.0,4110.0,438.0,13266.0,2021,7089.0,0.587045710343826,0.03179259968866004,0.6063972697237048,0.42069434989788973,0.38359428182437033,0.8042886317222601,0.17880644429316997,0.6572440826172169,0.3098145635459068,0.033016734509271825,False,False,False,False,False,False,False,False
POA3281,3281,1857.0,41.0,2076.0,2.9,198.0,272.0,50.0,7.0,523.0,1022.0,21.0,1047.0,347.0,41.0,1434.0,514.0,89.0,12.0,608.0,2021,470.0,0.7126917712691772,0.02005730659025788,0.7301255230125523,0.37858508604206503,0.5200764818355641,0.8986615678776291,0.09560229445506692,0.8453947368421053,0.14638157894736842,0.019736842105263157,False,False,False,False,False,False,False,False
POA3282,3282,2488.0,42.0,1507.0,2.5,324.0,305.0,104.0,14.0,735.0,1213.0,19.0,1235.0,642.0,113.0,1995.0,718.0,209.0,11.0,941.0,2021,629.0,0.6080200501253132,0.015384615384615385,0.6190476190476191,0.44081632653061226,0.41496598639455784,0.85578231292517,0.1414965986394558,0.7630180658873539,0.22210414452709884,0.011689691817215728,False,False,False,False,False,False,False,False
POA3283,3283,1423.0,45.0,1754.0,2.7,192.0,173.0,44.0,3.0,412.0,745.0,21.0,769.0,321.0,66.0,1159.0,402.0,95.0,11.0,508.0,2021,365.0,0.642795513373598,0.027308192457737322,0.6635030198446937,0.46601941747572817,0.4199029126213592,0.8859223300970874,0.10679611650485436,0.7913385826771654,0.18700787401574803,0.021653543307086614,False,False,False,False,False,False,False,False
POA3284,3284,3860.0,51.0,1465.0,2.3,523.0,367.0,129.0,13.0,1029.0,1646.0,49.0,1693.0,1258.0,233.0,3184.0,1022.0,443.0,24.0,1492.0,2021,890.0,0.5169597989949749,0.028942705256940343,0.5317211055276382,0.5082604470359572,0.3566569484936832,0.8649173955296404,0.12536443148688048,0.6849865951742627,0.29691689008042893,0.0160857908847185,False,False,False,False,False,False,False,False
POA3285,3285,1255.0,47.0,1639.0,2.5,170.0,150.0,32.0,0.0,348.0,634.0,6.0,637.0,315.0,73.0,1032.0,347.0,115.0,4.0,468.0,2021,320.0,0.6143410852713178,0.009419152276295133,0.6172480620155039,0.4885057471264368,0.43103448275862066,0.9195402298850575,0.09195402298850575,0.7414529914529915,0.24572649572649571,0.008547008547008548,False,False,False,False,False,False,False,False
POA3286,3286,532.0,51.0,1131.0,2.2,82.0,55.0,14.0,0.0,152.0,248.0,5.0,259.0,165.0,24.0,445.0,149.0,62.0,9.0,227.0,2021,137.0,0.5573033707865168,0.019305019305019305,0.5820224719101124,0.5394736842105263,0.3618421052631579,0.9013157894736842,0.09210526315789473,0.6563876651982379,0.27312775330396477,0.039647577092511016,False,False,False,False,False,False,False,False
POA3287,3287,418.0,41.0,1758.0,2.6,60.0,55.0,6.0,0.0,125.0,241.0,4.0,244.0,75.0,21.0,340.0,121.0,27.0,3.0,150.0,2021,115.0,0.7088235294117647,0.01639344262295082,0.7176470588235294,0.48,0.44,0.92,0.048,0.8066666666666666,0.18,0.02,False,False,False,False,False,False,False,False
POA3289,3289,804.0,49.0,1120.0,2.3,101.0,78.0,19.0,6.0,201.0,340.0,19.0,363.0,265.0,40.0,664.0,203.0,103.0,10.0,313.0,2021,179.0,0.5120481927710844,0.05234159779614325,0.5466867469879518,0.5024875621890548,0.3880597014925373,0.8905472636815921,0.0945273631840796,0.6485623003194888,0.329073482428115,0.03194888178913738,False,False,False,False,False,False,False,False
POA3292,3292,191.0,60.0,1104.0,1.8,34.0,9.0,0.0,0.0,48.0,76.0,3.0,81.0,79.0,18.0,176.0,44.0,28.0,0.0,76.0,2021,43.0,0.4318181818181818,0.037037037037037035,0.4602272727272727,0.7083333333333334,0.1875,0.8958333333333334,0.0,0.5789473684210527,0.3684210526315789,0.0,False,False,False,False,False,False,False,False
POA3293,3293,336.0,48.0,1256.0,2.2,44.0,32.0,8.0,0.0,89.0,169.0,0.0,175.0,89.0,20.0,274.0,85.0,51.0,0.0,139.0,2021,76.0,0.6167883211678832,0.0,0.6386861313868614,0.4943820224719101,0.3595505617977528,0.8539325842696629,0.0898876404494382,0.6115107913669064,0.3669064748201439,0.0,False,False,False,False,False,False,False,False
POA3294,3294,967.0,47.0,1349.0,2.3,128.0,101.0,24.0,3.0,262.0,513.0,5.0,528.0,214.0,49.0,791.0,256.0,127.0,8.0,390.0,2021,229.0,0.6485461441213654,0.00946969696969697,0.6675094816687737,0.48854961832061067,0.38549618320610685,0.8740458015267175,0.0916030534351145,0.6564102564102564,0.32564102564102565,0.020512820512820513,False,False,False,False,False,False,False,False
POA3300,3300,10479.0,45.0,1251.0,2.2,1278.0,1007.0,442.0,39.0,2758.0,4734.0,149.0,4882.0,3335.0,491.0,8705.0,2728.0,1555.0,93.0,4387.0,2021,2285.0,0.5438253877082136,0.030520278574354773,0.56082711085583,0.46337926033357507,0.3651196519216824,0.8284989122552574,0.1602610587382161,0.6218372464098473,0.3544563483018008,0.02119899703669934,False,False,False,False,False,False,False,False
POA3301,3301,1267.0,48.0,1697.0,2.5,171.0,162.0,24.0,3.0,361.0,708.0,15.0,720.0,256.0,59.0,1033.0,361.0,103.0,4.0,469.0,2021,333.0,0.6853823814133592,0.020833333333333332,0.6969990319457889,0.47368421052631576,0.4487534626038781,0.9224376731301939,0.0664819944598338,0.7697228144989339,0.21961620469083157,0.008528784648187633,False,False,False,False,False,False,False,False
POA3302,3302,356.0,48.0,1442.0,2.3,57.0,44.0,15.0,0.0,113.0,188.0,9.0,196.0,91.0,16.0,306.0,106.0,33.0,0.0,139.0,2021,101.0,0.6143790849673203,0.04591836734693878,0.6405228758169934,0.504424778761062,0.3893805309734513,0.8938053097345132,0.13274336283185842,0.762589928057554,0.23741007194244604,0.0,False,False,False,False,False,False,False,False
POA3303,3303,282.0,45.0,1607.0,2.3,46.0,35.0,5.0,0.0,83.0,153.0,9.0,163.0,58.0,18.0,237.0,86.0,29.0,0.0,116.0,2021,81.0,0.6455696202531646,0.05521472392638037,0.6877637130801688,0.5542168674698795,0.42168674698795183,0.9759036144578314,0.060240963855421686,0.7413793103448276,0.25,0.0,False,False,False,False,False,False,False,False
POA3304,3304,2786.0,49.0,1146.0,2.2,360.0,242.0,117.0,16.0,725.0,1181.0,45.0,1228.0,862.0,232.0,2318.0,724.0,376.0,25.0,1117.0,2021,602.0,0.5094909404659189,0.03664495114006515,0.5297670405522001,0.496551724137931,0.33379310344827584,0.8303448275862069,0.16137931034482758,0.64816472694718,0.3366159355416294,0.022381378692927483,False,False,False,False,False,False,False,False
POA3305,3305,13344.0,47.0,1248.0,2.3,1765.0,1260.0,603.0,38.0,3665.0,5831.0,297.0,6132.0,4432.0,700.0,11258.0,3598.0,1644.0,139.0,5377.0,2021,3025.0,0.5179427962337894,0.048434442270058706,0.5446793391366139,0.4815825375170532,0.34379263301500684,0.82537517053206,0.1645293315143247,0.6691463641435745,0.30574669890273387,0.025850846196763994,False,False,False,False,False,False,False,False
POA3309,3309,122.0,49.0,1041.0,2.4,17.0,11.0,8.0,0.0,32.0,43.0,0.0,43.0,52.0,7.0,97.0,28.0,15.0,3.0,48.0,2021,28.0,0.44329896907216493,0.0,0.44329896907216493,0.53125,0.34375,0.875,0.25,0.5833333333333334,0.3125,0.0625,False,False,False,False,False,False,False,False
POA3310,3310,263.0,58.0,789.0,1.9,45.0,18.0,7.0,0.0,72.0,111.0,11.0,119.0,109.0,20.0,246.0,69.0,56.0,5.0,128.0,2021,63.0,0.45121951219512196,0.09243697478991597,0.483739837398374,0.625,0.25,0.875,0.09722222222222222,0.5390625,0.4375,0.0390625,False,False,False,False,False,False,False,False
POA3311,3311,1707.0,58.0,887.0,2.0,251.0,116.0,55.0,8.0,431.0,646.0,32.0,676.0,741.0,103.0,1521.0,431.0,313.0,20.0,772.0,2021,367.0,0.4247205785667324,0.047337278106508875,0.4444444444444444,0.5823665893271461,0.2691415313225058,0.851508120649652,0.12761020881670534,0.5582901554404145,0.405440414507772,0.025906735751295335,False,False,False,False,False,False,False,False
POA3312,3312,1023.0,49.0,1408.0,2.4,157.0,99.0,22.0,7.0,282.0,530.0,10.0,540.0,219.0,77.0,834.0,281.0,100.0,15.0,392.0,2021,256.0,0.6354916067146283,0.018518518518518517,0.6474820143884892,0.5567375886524822,0.35106382978723405,0.9078014184397163,0.07801418439716312,0.7168367346938775,0.25510204081632654,0.03826530612244898,False,False,False,False,False,False,False,False
POA3314,3314,569.0,45.0,1656.0,2.4,86.0,54.0,16.0,0.0,166.0,297.0,5.0,302.0,129.0,34.0,463.0,159.0,57.0,0.0,222.0,2021,140.0,0.6414686825053996,0.016556291390728478,0.652267818574514,0.5180722891566265,0.3253012048192771,0.8433734939759037,0.0963855421686747,0.7162162162162162,0.25675675675675674,0.0,False,False,False,False,False,False,False,False
POA3315,3315,1686.0,51.0,1068.0,2.1,226.0,146.0,71.0,4.0,445.0,774.0,30.0,797.0,535.0,104.0,1438.0,436.0,260.0,18.0,714.0,2021,372.0,0.5382475660639777,0.037641154328732745,0.5542420027816412,0.5078651685393258,0.32808988764044944,0.8359550561797753,0.15955056179775282,0.6106442577030813,0.3641456582633053,0.025210084033613446,False,False,False,False,False,False,False,False
POA3317,3317,184.0,49.0,1550.0,2.3,26.0,17.0,10.0,0.0,54.0,97.0,5.0,97.0,39.0,21.0,159.0,49.0,32.0,0.0,77.0,2021,43.0,0.610062893081761,0.05154639175257732,0.610062893081761,0.48148148148148145,0.3148148148148148,0.7962962962962963,0.18518518518518517,0.6363636363636364,0.4155844155844156,0.0,False,False,False,False,False,False,False,False
POA3318,3318,1243.0,53.0,1011.0,2.1,165.0,92.0,37.0,7.0,306.0,540.0,23.0,565.0,403.0,97.0,1054.0,299.0,213.0,19.0,534.0,2021,257.0,0.5123339658444023,0.04070796460176991,0.5360531309297912,0.5392156862745098,0.3006535947712418,0.8398692810457516,0.12091503267973856,0.5599250936329588,0.398876404494382,0.035580524344569285,False,False,False,False,False,False,False,False
POA3319,3319,410.0,54.0,1333.0,2.1,63.0,37.0,4.0,0.0,104.0,192.0,6.0,191.0,102.0,58.0,351.0,100.0,57.0,7.0,158.0,2021,100.0,0.5470085470085471,0.031413612565445025,0.5441595441595442,0.6057692307692307,0.3557692307692308,0.9615384615384616,0.038461538461538464,0.6329113924050633,0.36075949367088606,0.04430379746835443,False,False,False,False,False,False,False,False
POA3321,3321,1780.0,38.0,2146.0,3.0,194.0,279.0,36.0,0.0,508.0,939.0,19.0,954.0,340.0,56.0,1351.0,497.0,68.0,3.0,573.0,2021,473.0,0.695040710584752,0.019916142557651992,0.7061435973353072,0.38188976377952755,0.5492125984251969,0.9311023622047244,0.07086614173228346,0.8673647469458988,0.11867364746945899,0.005235602094240838,False,False,False,False,False,False,False,False
POA3322,3322,176.0,52.0,857.0,2.0,23.0,14.0,9.0,0.0,50.0,69.0,4.0,73.0,73.0,4.0,150.0,44.0,37.0,0.0,91.0,2021,37.0,0.46,0.0547945205479452,0.4866666666666667,0.46,0.28,0.74,0.18,0.4835164835164835,0.4065934065934066,0.0,False,False,False,False,False,False,False,False
POA3323,3323,91.0,51.0,1354.0,2.2,16.0,4.0,4.0,0.0,24.0,50.0,0.0,50.0,19.0,8.0,76.0,26.0,10.0,0.0,41.0,2021,20.0,0.6578947368421053,0.0,0.6578947368421053,0.6666666666666666,0.16666666666666666,0.8333333333333334,0.16666666666666666,0.6341463414634146,0.24390243902439024,0.0,False,False,True,False,False,False,False,False
POA3324,3324,577.0,49.0,977.0,2.1,79.0,57.0,16.0,4.0,151.0,267.0,16.0,282.0,162.0,42.0,483.0,150.0,102.0,3.0,258.0,2021,136.0,0.5527950310559007,0.05673758865248227,0.5838509316770186,0.5231788079470199,0.37748344370860926,0.9006622516556292,0.10596026490066225,0.5813953488372093,0.3953488372093023,0.011627906976744186,False,False,False,False,False,False,False,False
POA3325,3325,456.0,54.0,985.0,2.1,72.0,44.0,13.0,0.0,124.0,193.0,4.0,197.0,151.0,32.0,383.0,124.0,66.0,7.0,200.0,2021,116.0,0.5039164490861618,0.02030456852791878,0.5143603133159269,0.5806451612903226,0.3548387096774194,0.9354838709677419,0.10483870967741936,0.62,0.33,0.035,False,False,False,False,False,False,False,False
POA3328,3328,2308.0,37.0,2171.0,3.1,221.0,368.0,50.0,6.0,648.0,1158.0,22.0,1181.0,490.0,89.0,1755.0,626.0,83.0,10.0,718.0,2021,589.0,0.6598290598290598,0.018628281117696866,0.672934472934473,0.3410493827160494,0.5679012345679012,0.9089506172839507,0.07716049382716049,0.871866295264624,0.11559888579387187,0.013927576601671309,False,False,False,False,False,False,False,False
POA3329,3329,309.0,41.0,1702.0,2.8,35.0,42.0,11.0,0.0,96.0,166.0,7.0,176.0,59.0,4.0,238.0,88.0,18.0,0.0,106.0,2021,77.0,0.6974789915966386,0.03977272727272727,0.7394957983193278,0.3645833333333333,0.4375,0.8020833333333334,0.11458333333333333,0.8301886792452831,0.16981132075471697,0.0,False,False,False,False,False,False,False,False
POA3330,3330,208.0,41.0,1286.0,2.4,20.0,20.0,11.0,0.0,53.0,99.0,0.0,97.0,58.0,14.0,171.0,52.0,24.0,4.0,79.0,2021,40.0,0.5789473684210527,0.0,0.5672514619883041,0.37735849056603776,0.37735849056603776,0.7547169811320755,0.20754716981132076,0.6582278481012658,0.3037974683544304,0.05063291139240506,False,False,False,False,False,False,False,False
POA3331,3331,7202.0,36.0,2059.0,3.0,684.0,1079.0,233.0,8.0,2007.0,3597.0,102.0,3700.0,1529.0,227.0,5461.0,1965.0,302.0,22.0,2294.0,2021,1763.0,0.6586705731550998,0.027567567567567567,0.6775315876213148,0.34080717488789236,0.5376183358246138,0.8784255107125062,0.11609367214748381,0.8565823888404533,0.13164777680906714,0.00959023539668701,False,False,False,False,False,False,False,False
POA3332,3332,1181.0,38.0,1955.0,2.9,125.0,159.0,35.0,0.0,322.0,600.0,21.0,619.0,232.0,56.0,909.0,309.0,61.0,6.0,377.0,2021,284.0,0.6600660066006601,0.033925686591276254,0.680968096809681,0.38819875776397517,0.4937888198757764,0.8819875776397516,0.10869565217391304,0.8196286472148541,0.16180371352785147,0.015915119363395226,False,False,False,False,False,False,False,False
POA3333,3333,864.0,45.0,1657.0,2.6,104.0,105.0,38.0,0.0,249.0,408.0,17.0,433.0,237.0,47.0,711.0,240.0,70.0,6.0,315.0,2021,209.0,0.5738396624472574,0.03926096997690531,0.6090014064697609,0.41767068273092367,0.42168674698795183,0.8393574297188755,0.15261044176706828,0.7619047619047619,0.2222222222222222,0.01904761904761905,False,False,False,False,False,False,False,False
POA3334,3334,544.0,48.0,1613.0,2.3,62.0,54.0,19.0,3.0,139.0,264.0,8.0,266.0,143.0,61.0,472.0,138.0,73.0,3.0,209.0,2021,116.0,0.559322033898305,0.03007518796992481,0.5635593220338984,0.4460431654676259,0.38848920863309355,0.8345323741007195,0.1366906474820144,0.6602870813397129,0.3492822966507177,0.014354066985645933,False,False,False,False,False,False,False,False
POA3335,3335,6195.0,31.0,1876.0,2.8,554.0,867.0,230.0,27.0,1675.0,3108.0,203.0,3317.0,1087.0,303.0,4706.0,1608.0,409.0,59.0,2077.0,2021,1421.0,0.6604334891627709,0.06119987940910461,0.704844878878028,0.3307462686567164,0.5176119402985074,0.8483582089552238,0.1373134328358209,0.7741935483870968,0.19691863264323545,0.028406355320173327,False,False,False,False,False,False,False,False
POA3336,3336,17737.0,31.0,2304.0,3.4,1008.0,3142.0,559.0,45.0,4755.0,8887.0,437.0,9327.0,2620.0,523.0,12472.0,4547.0,493.0,65.0,5104.0,2021,4150.0,0.7125561257216164,0.04685322182909832,0.7478351507376524,0.21198738170347003,0.6607781282860147,0.8727655099894848,0.11756046267087276,0.8908699059561128,0.09659090909090909,0.012735109717868339,False,False,False,False,False,False,False,False
POA3337,3337,40724.0,34.0,1462.0,2.8,3124.0,4860.0,2439.0,165.0,10587.0,16839.0,1354.0,18191.0,10880.0,2166.0,31239.0,10214.0,3010.0,348.0,13577.0,2021,7984.0,0.5390377412849323,0.07443241163212577,0.5823169755754025,0.29507887031264757,0.45905355624822897,0.7541324265608765,0.23037687730235193,0.7523016866759962,0.2216984606319511,0.02563158282389335,False,False,False,False,False,False,False,False
POA3338,3338,37062.0,31.0,1642.0,3.0,2507.0,4987.0,1775.0,137.0,9412.0,15173.0,1281.0,16449.0,8554.0,1859.0,26864.0,9068.0,2147.0,302.0,11514.0,2021,7494.0,0.5648079213817748,0.07787707459420025,0.6123064324002382,0.2663620909477263,0.5298555036124097,0.796217594560136,0.18858903527411816,0.7875629668229981,0.18646864686468648,0.02622893868334202,False,False,False,False,False,False,False,False
POA3340,3340,25614.0,37.0,1806.0,2.7,2602.0,3245.0,1156.0,90.0,7088.0,12468.0,526.0,12996.0,6320.0,970.0,20286.0,6909.0,2066.0,173.0,9148.0,2021,5847.0,0.6146110618160308,0.040473991997537706,0.6406388642413487,0.36709932279909707,0.4578160270880361,0.8249153498871332,0.1630925507900677,0.755247048535199,0.22584171403585482,0.018911237428946216,False,False,False,False,False,False,False,False
POA3341,3341,1644.0,43.0,2115.0,2.8,168.0,234.0,53.0,3.0,462.0,891.0,24.0,920.0,338.0,76.0,1328.0,447.0,102.0,8.0,553.0,2021,402.0,0.670933734939759,0.02608695652173913,0.6927710843373494,0.36363636363636365,0.5064935064935064,0.8701298701298701,0.11471861471861472,0.8083182640144665,0.1844484629294756,0.014466546112115732,False,False,False,False,False,False,False,False
POA3342,3342,3946.0,43.0,1612.0,2.5,477.0,460.0,170.0,19.0,1117.0,1884.0,72.0,1961.0,1087.0,161.0,3208.0,1088.0,384.0,36.0,1507.0,2021,937.0,0.587281795511222,0.03671596124426313,0.611284289276808,0.4270367054610564,0.41181736794986573,0.8388540734109221,0.1521933751119069,0.7219641672196416,0.25481088254810885,0.023888520238885203,False,False,False,False,False,False,False,False
POA3345,3345,1393.0,43.0,2012.0,2.7,175.0,168.0,48.0,0.0,396.0,695.0,15.0,711.0,340.0,65.0,1108.0,386.0,93.0,4.0,486.0,2021,343.0,0.6272563176895307,0.02109704641350211,0.6416967509025271,0.44191919191919193,0.42424242424242425,0.8661616161616161,0.12121212121212122,0.7942386831275721,0.19135802469135801,0.00823045267489712,False,False,False,False,False,False,False,False
POA3350,3350,66022.0,39.0,1503.0,2.4,6856.0,6894.0,3091.0,236.0,17073.0,31839.0,1551.0,33384.0,17784.0,2696.0,53869.0,16885.0,8088.0,1158.0,26129.0,2021,13750.0,0.59104494236017,0.04645938173975557,0.6197256306966901,0.4015697299830141,0.4037954665260938,0.805365196509108,0.18104609617524747,0.6462168471812928,0.3095411228902752,0.04431857323280646,False,False,False,False,False,False,False,False
POA3351,3351,9106.0,41.0,1684.0,2.7,1042.0,1172.0,298.0,32.0,2551.0,4427.0,160.0,4586.0,2278.0,435.0,7297.0,2481.0,616.0,56.0,3155.0,2021,2214.0,0.6066876798684391,0.03488879197557784,0.628477456488968,0.4084672677381419,0.4594276754214034,0.8678949431595453,0.11681693453547629,0.7863708399366086,0.19524564183835183,0.01774960380348653,False,False,False,False,False,False,False,False
POA3352,3352,18922.0,40.0,1858.0,2.8,2079.0,2446.0,581.0,51.0,5156.0,9517.0,273.0,9795.0,4406.0,751.0,14954.0,5041.0,1175.0,138.0,6351.0,2021,4525.0,0.6364183496054567,0.02787136294027565,0.6550086933262004,0.4032195500387898,0.4743987587276959,0.8776183087664856,0.11268425135764158,0.7937332703511258,0.18501023460872304,0.02172886159659896,False,False,False,False,False,False,False,False
POA3355,3355,13059.0,43.0,1062.0,2.1,1391.0,984.0,869.0,80.0,3329.0,4929.0,353.0,5283.0,4863.0,842.0,10995.0,3282.0,2078.0,188.0,5546.0,2021,2375.0,0.44829467939972717,0.0668180957789135,0.4804911323328786,0.4178431961550015,0.29558425953739864,0.7134274556924001,0.26103935115650345,0.5917778579156149,0.37468445726649835,0.03389830508474576,False,False,False,False,False,False,False,False
POA3356,3356,15601.0,39.0,1112.0,2.2,1578.0,1300.0,1103.0,75.0,4055.0,6389.0,451.0,6842.0,5144.0,912.0,12892.0,3992.0,2217.0,237.0,6450.0,2021,2878.0,0.4955786534284828,0.06591639871382636,0.5307167235494881,0.38914919852034524,0.3205918618988903,0.7097410604192355,0.2720098643649815,0.6189147286821706,0.3437209302325581,0.036744186046511626,False,False,False,False,False,False,False,False
POA3357,3357,3797.0,45.0,1745.0,2.6,455.0,475.0,127.0,8.0,1061.0,1753.0,45.0,1800.0,1056.0,113.0,2970.0,1054.0,300.0,22.0,1368.0,2021,930.0,0.5902356902356902,0.025,0.6060606060606061,0.4288407163053723,0.44769085768143263,0.8765315739868049,0.11969839773798303,0.77046783625731,0.21929824561403508,0.01608187134502924,False,False,False,False,False,False,False,False
POA3358,3358,3440.0,29.0,2013.0,2.9,330.0,471.0,137.0,18.0,956.0,1874.0,69.0,1947.0,524.0,76.0,2543.0,943.0,189.0,52.0,1179.0,2021,801.0,0.7369248918600079,0.03543913713405239,0.7656311443177349,0.34518828451882844,0.49267782426778245,0.8378661087866108,0.14330543933054393,0.7998303647158609,0.16030534351145037,0.04410517387616624,False,False,False,False,False,False,False,False
POA3360,3360,803.0,48.0,1187.0,2.2,115.0,71.0,37.0,4.0,229.0,328.0,21.0,343.0,282.0,48.0,668.0,227.0,117.0,0.0,346.0,2021,186.0,0.49101796407185627,0.061224489795918366,0.5134730538922155,0.5021834061135371,0.31004366812227074,0.8122270742358079,0.1615720524017467,0.6560693641618497,0.33815028901734107,0.0,False,False,False,False,False,False,False,False
POA3361,3361,695.0,51.0,964.0,2.1,74.0,54.0,37.0,3.0,160.0,254.0,20.0,274.0,252.0,66.0,589.0,167.0,117.0,6.0,290.0,2021,128.0,0.4312393887945671,0.072992700729927,0.46519524617996605,0.4625,0.3375,0.8,0.23125,0.5758620689655173,0.40344827586206894,0.020689655172413793,False,False,False,False,False,False,False,False
POA3363,3363,3598.0,49.0,1178.0,2.2,447.0,333.0,148.0,5.0,936.0,1430.0,67.0,1502.0,1219.0,281.0,3005.0,926.0,465.0,33.0,1421.0,2021,780.0,0.47587354409317806,0.04460719041278296,0.49983361064891846,0.4775641025641026,0.3557692307692308,0.8333333333333334,0.1581196581196581,0.6516537649542575,0.32723434201266716,0.02322308233638283,False,False,False,False,False,False,False,False
POA3364,3364,2272.0,47.0,1458.0,2.4,315.0,241.0,59.0,11.0,626.0,1088.0,30.0,1119.0,606.0,151.0,1877.0,618.0,231.0,17.0,864.0,2021,556.0,0.5796483750665956,0.02680965147453083,0.5961640916355887,0.5031948881789138,0.38498402555910544,0.8881789137380192,0.09424920127795527,0.7152777777777778,0.2673611111111111,0.019675925925925927,False,False,False,False,False,False,False,False
POA3370,3370,1900.0,52.0,1048.0,2.2,271.0,160.0,99.0,12.0,534.0,720.0,58.0,773.0,755.0,110.0,1641.0,517.0,278.0,25.0,823.0,2021,431.0,0.43875685557586835,0.07503234152652005,0.47105423522242534,0.5074906367041199,0.299625468164794,0.8071161048689138,0.1853932584269663,0.6281895504252734,0.3377885783718105,0.030376670716889428,False,False,False,False,False,False,False,False
POA3371,3371,1090.0,56.0,900.0,2.1,143.0,77.0,52.0,3.0,276.0,388.0,17.0,404.0,426.0,148.0,977.0,273.0,175.0,12.0,451.0,2021,220.0,0.3971340839303992,0.04207920792079208,0.413510747185261,0.5181159420289855,0.27898550724637683,0.7971014492753623,0.18840579710144928,0.6053215077605322,0.38802660753880264,0.026607538802660754,False,False,False,False,False,False,False,False
POA3373,3373,2453.0,51.0,1111.0,2.2,343.0,208.0,104.0,3.0,659.0,1025.0,42.0,1068.0,865.0,156.0,2091.0,649.0,346.0,31.0,1018.0,2021,551.0,0.49019607843137253,0.03932584269662921,0.5107604017216643,0.5204855842185129,0.3156297420333839,0.8361153262518968,0.15781487101669195,0.637524557956778,0.33988212180746563,0.030451866404715127,False,False,False,False,False,False,False,False
POA3374,3374,425.0,52.0,1474.0,2.2,58.0,43.0,13.0,6.0,120.0,209.0,7.0,213.0,127.0,31.0,372.0,118.0,62.0,0.0,182.0,2021,101.0,0.5618279569892473,0.03286384976525822,0.5725806451612904,0.48333333333333334,0.35833333333333334,0.8416666666666667,0.10833333333333334,0.6483516483516484,0.34065934065934067,0.0,False,False,False,False,False,False,False,False
POA3375,3375,236.0,47.0,1458.0,2.5,40.0,25.0,8.0,0.0,66.0,114.0,0.0,116.0,66.0,4.0,189.0,71.0,24.0,0.0,93.0,2021,65.0,0.6031746031746031,0.0,0.6137566137566137,0.6060606060606061,0.3787878787878788,0.9848484848484849,0.12121212121212122,0.7634408602150538,0.25806451612903225,0.0,False,False,False,False,False,False,False,False
POA3377,3377,9602.0,45.0,1239.0,2.2,1123.0,769.0,426.0,46.0,2360.0,3917.0,153.0,4068.0,3662.0,457.0,8187.0,2340.0,1203.0,103.0,3650.0,2021,1892.0,0.47844143153780383,0.03761061946902655,0.49688530597288383,0.47584745762711866,0.32584745762711864,0.8016949152542373,0.1805084745762712,0.6410958904109589,0.32958904109589043,0.028219178082191782,False,False,False,False,False,False,False,False
POA3378,3378,140.0,38.0,1481.0,2.7,7.0,22.0,3.0,0.0,30.0,82.0,0.0,82.0,11.0,11.0,101.0,29.0,16.0,0.0,43.0,2021,29.0,0.8118811881188119,0.0,0.8118811881188119,0.23333333333333334,0.7333333333333333,0.9666666666666667,0.1,0.6744186046511628,0.37209302325581395,0.0,False,False,False,False,False,False,False,False
POA3379,3379,749.0,52.0,1173.0,2.2,105.0,72.0,27.0,0.0,203.0,341.0,14.0,347.0,229.0,55.0,635.0,196.0,104.0,6.0,313.0,2021,177.0,0.537007874015748,0.040345821325648415,0.5464566929133858,0.5172413793103449,0.35467980295566504,0.8719211822660099,0.1330049261083744,0.6261980830670927,0.33226837060702874,0.019169329073482427,False,False,False,False,False,False,False,False
POA3380,3380,6220.0,47.0,1127.0,2.2,797.0,516.0,259.0,33.0,1605.0,2624.0,118.0,2738.0,2039.0,484.0,5264.0,1579.0,915.0,87.0,2584.0,2021,1313.0,0.49848024316109424,0.04309715120525932,0.5201367781155015,0.4965732087227414,0.32149532710280376,0.8180685358255452,0.16137071651090343,0.6110681114551083,0.3541021671826625,0.0336687306501548,False,False,False,False,False,False,False,False
POA3381,3381,1401.0,48.0,1472.0,2.3,189.0,119.0,34.0,3.0,341.0,665.0,23.0,684.0,345.0,152.0,1186.0,335.0,141.0,12.0,490.0,2021,308.0,0.56070826306914,0.033625730994152045,0.5767284991568297,0.5542521994134897,0.3489736070381232,0.9032258064516129,0.09970674486803519,0.6836734693877551,0.28775510204081634,0.024489795918367346,False,False,False,False,False,False,False,False
POA3384,3384,608.0,52.0,1125.0,2.4,78.0,62.0,15.0,5.0,157.0,252.0,15.0,271.0,202.0,46.0,517.0,154.0,60.0,3.0,222.0,2021,140.0,0.4874274661508704,0.055350553505535055,0.5241779497098646,0.4968152866242038,0.39490445859872614,0.89171974522293,0.09554140127388536,0.6936936936936937,0.2702702702702703,0.013513513513513514,False,False,False,False,False,False,False,False
POA3385,3385,541.0,52.0,1259.0,2.3,91.0,50.0,11.0,4.0,154.0,246.0,4.0,248.0,180.0,43.0,471.0,154.0,61.0,4.0,216.0,2021,141.0,0.5222929936305732,0.016129032258064516,0.5265392781316348,0.5909090909090909,0.3246753246753247,0.9155844155844156,0.07142857142857142,0.7129629629629629,0.2824074074074074,0.018518518518518517,False,False,False,False,False,False,False,False
POA3387,3387,289.0,48.0,1169.0,2.3,41.0,37.0,5.0,0.0,86.0,154.0,4.0,158.0,76.0,15.0,243.0,82.0,38.0,3.0,116.0,2021,78.0,0.6337448559670782,0.02531645569620253,0.6502057613168725,0.47674418604651164,0.43023255813953487,0.9069767441860465,0.05813953488372093,0.7068965517241379,0.3275862068965517,0.02586206896551724,False,False,False,False,False,False,False,False
POA3388,3388,567.0,51.0,1115.0,2.3,84.0,50.0,19.0,0.0,153.0,230.0,9.0,243.0,199.0,39.0,479.0,155.0,67.0,0.0,223.0,2021,134.0,0.4801670146137787,0.037037037037037035,0.5073068893528184,0.5490196078431373,0.32679738562091504,0.8758169934640523,0.12418300653594772,0.695067264573991,0.3004484304932735,0.0,False,False,False,False,False,False,False,False
POA3390,3390,957.0,47.0,1026.0,2.2,114.0,94.0,43.0,5.0,253.0,375.0,10.0,383.0,334.0,54.0,772.0,245.0,148.0,9.0,408.0,2021,208.0,0.48575129533678757,0.02610966057441253,0.4961139896373057,0.4505928853754941,0.3715415019762846,0.8221343873517787,0.16996047430830039,0.6004901960784313,0.3627450980392157,0.022058823529411766,False,False,False,False,False,False,False,False
POA3391,3391,181.0,50.0,1350.0,2.5,21.0,19.0,6.0,0.0,52.0,83.0,3.0,81.0,53.0,14.0,147.0,43.0,15.0,0.0,63.0,2021,40.0,0.564625850340136,0.037037037037037035,0.5510204081632653,0.40384615384615385,0.36538461538461536,0.7692307692307693,0.11538461538461539,0.6825396825396826,0.23809523809523808,0.0,False,False,False,False,False,False,False,False
POA3392,3392,584.0,56.0,968.0,2.1,78.0,44.0,25.0,0.0,150.0,229.0,9.0,237.0,242.0,42.0,521.0,153.0,88.0,3.0,241.0,2021,122.0,0.43953934740882916,0.0379746835443038,0.45489443378119004,0.52,0.29333333333333333,0.8133333333333334,0.16666666666666666,0.6348547717842323,0.3651452282157676,0.012448132780082987,False,False,False,False,False,False,False,False
POA3393,3393,2614.0,50.0,1137.0,2.1,338.0,199.0,112.0,12.0,664.0,1086.0,27.0,1112.0,857.0,212.0,2184.0,660.0,430.0,22.0,1104.0,2021,537.0,0.49725274725274726,0.024280575539568347,0.5091575091575091,0.5090361445783133,0.2996987951807229,0.8087349397590361,0.1686746987951807,0.5978260869565217,0.3894927536231884,0.019927536231884056,False,False,False,False,False,False,False,False
POA3395,3395,350.0,54.0,1080.0,2.2,49.0,36.0,9.0,0.0,91.0,151.0,6.0,154.0,133.0,18.0,304.0,91.0,55.0,0.0,148.0,2021,85.0,0.4967105263157895,0.03896103896103896,0.506578947368421,0.5384615384615384,0.3956043956043956,0.9340659340659341,0.0989010989010989,0.6148648648648649,0.3716216216216216,0.0,False,False,False,False,False,False,False,False
POA3396,3396,694.0,56.0,1120.0,2.1,121.0,51.0,23.0,5.0,195.0,293.0,8.0,302.0,269.0,30.0,595.0,192.0,106.0,7.0,309.0,2021,172.0,0.492436974789916,0.026490066225165563,0.507563025210084,0.6205128205128205,0.26153846153846155,0.882051282051282,0.11794871794871795,0.6213592233009708,0.343042071197411,0.022653721682847898,False,False,False,False,False,False,False,False
POA3400,3400,15134.0,40.0,1294.0,2.2,1703.0,1470.0,734.0,60.0,3965.0,6972.0,255.0,7229.0,4428.0,717.0,12374.0,3921.0,2206.0,205.0,6331.0,2021,3173.0,0.56343946985615,0.035274588463134596,0.5842088249555519,0.42950819672131146,0.3707440100882724,0.8002522068095839,0.18511979823455232,0.6193334386352867,0.3484441636392355,0.03238035065550466,False,False,False,False,False,False,False,False
POA3401,3401,4596.0,44.0,1859.0,2.7,581.0,605.0,106.0,7.0,1300.0,2506.0,36.0,2544.0,951.0,201.0,3694.0,1280.0,290.0,17.0,1581.0,2021,1186.0,0.6783974011911207,0.014150943396226415,0.6886843530048727,0.4469230769230769,0.4653846153846154,0.9123076923076923,0.08153846153846153,0.8096141682479443,0.1834282099936749,0.010752688172043012,False,False,False,False,False,False,False,False
POA3407,3407,416.0,50.0,1336.0,2.3,57.0,49.0,10.0,0.0,114.0,205.0,5.0,212.0,114.0,21.0,347.0,109.0,60.0,0.0,173.0,2021,106.0,0.590778097982709,0.02358490566037736,0.6109510086455331,0.5,0.4298245614035088,0.9298245614035088,0.08771929824561403,0.630057803468208,0.3468208092485549,0.0,False,False,False,False,False,False,False,False
POA3409,3409,987.0,50.0,1403.0,2.2,140.0,97.0,30.0,4.0,267.0,534.0,21.0,553.0,242.0,56.0,847.0,261.0,130.0,8.0,400.0,2021,237.0,0.6304604486422668,0.0379746835443038,0.6528925619834711,0.5243445692883895,0.36329588014981273,0.8876404494382022,0.11235955056179775,0.6525,0.325,0.02,False,False,False,False,False,False,False,False
POA3412,3412,295.0,50.0,837.0,2.2,37.0,27.0,15.0,0.0,83.0,118.0,4.0,123.0,97.0,13.0,237.0,77.0,51.0,0.0,129.0,2021,64.0,0.4978902953586498,0.032520325203252036,0.5189873417721519,0.4457831325301205,0.3253012048192771,0.7710843373493976,0.18072289156626506,0.5968992248062015,0.3953488372093023,0.0,False,False,False,False,False,False,False,False
POA3413,3413,196.0,51.0,1562.0,2.3,35.0,21.0,3.0,0.0,54.0,113.0,3.0,117.0,39.0,10.0,167.0,55.0,18.0,4.0,75.0,2021,56.0,0.6766467065868264,0.02564102564102564,0.7005988023952096,0.6481481481481481,0.3888888888888889,,0.05555555555555555,0.7333333333333333,0.24,0.05333333333333334,False,False,False,False,False,False,True,True
POA3414,3414,1719.0,52.0,1082.0,2.1,244.0,139.0,66.0,3.0,462.0,654.0,24.0,687.0,698.0,98.0,1478.0,464.0,280.0,18.0,758.0,2021,383.0,0.44248985115020295,0.034934497816593885,0.4648173207036536,0.5281385281385281,0.3008658008658009,0.829004329004329,0.14285714285714285,0.6121372031662269,0.36939313984168864,0.023746701846965697,False,False,False,False,False,False,False,False
POA3415,3415,36.0,52.0,3125.0,2.5,9.0,9.0,0.0,0.0,12.0,26.0,0.0,31.0,4.0,0.0,37.0,11.0,0.0,0.0,13.0,2021,18.0,0.7027027027027027,0.0,0.8378378378378378,0.75,0.75,,0.0,0.8461538461538461,0.0,0.0,False,False,True,True,False,False,True,True
POA3418,3418,2875.0,46.0,1334.0,2.3,349.0,300.0,81.0,15.0,749.0,1351.0,27.0,1384.0,859.0,168.0,2410.0,735.0,350.0,36.0,1121.0,2021,649.0,0.5605809128630705,0.019508670520231215,0.5742738589211618,0.465954606141522,0.40053404539385845,0.8664886515353805,0.1081441922563418,0.655664585191793,0.31222123104371097,0.032114183764495985,False,False,False,False,False,False,False,False
POA3419,3419,891.0,51.0,1121.0,2.1,125.0,85.0,33.0,6.0,244.0,413.0,16.0,427.0,282.0,37.0,749.0,244.0,140.0,9.0,395.0,2021,210.0,0.5514018691588785,0.03747072599531616,0.5700934579439252,0.5122950819672131,0.3483606557377049,0.860655737704918,0.13524590163934427,0.6177215189873417,0.35443037974683544,0.02278481012658228,False,False,False,False,False,False,False,False
POA3420,3420,283.0,38.0,1916.0,2.7,32.0,32.0,6.0,0.0,69.0,150.0,0.0,150.0,45.0,17.0,210.0,74.0,18.0,4.0,98.0,2021,64.0,0.7142857142857143,0.0,0.7142857142857143,0.463768115942029,0.463768115942029,0.927536231884058,0.08695652173913043,0.7551020408163265,0.1836734693877551,0.04081632653061224,False,False,False,False,False,False,False,False
POA3423,3423,476.0,56.0,785.0,2.1,85.0,31.0,17.0,0.0,133.0,154.0,19.0,171.0,205.0,36.0,415.0,136.0,68.0,3.0,209.0,2021,116.0,0.3710843373493976,0.1111111111111111,0.41204819277108434,0.6390977443609023,0.23308270676691728,0.8721804511278195,0.12781954887218044,0.6507177033492823,0.3253588516746411,0.014354066985645933,False,False,False,False,False,False,False,False
POA3424,3424,750.0,55.0,1077.0,2.1,118.0,64.0,19.0,0.0,197.0,290.0,22.0,308.0,272.0,53.0,633.0,203.0,108.0,9.0,320.0,2021,182.0,0.45813586097946285,0.07142857142857142,0.48657187993680884,0.5989847715736041,0.3248730964467005,0.9238578680203046,0.09644670050761421,0.634375,0.3375,0.028125,False,False,False,False,False,False,False,False
POA3427,3427,5669.0,33.0,1991.0,2.6,597.0,753.0,231.0,27.0,1608.0,3062.0,134.0,3194.0,1026.0,264.0,4486.0,1576.0,435.0,50.0,2056.0,2021,1350.0,0.6825679893000446,0.041953663118346904,0.7119928666963887,0.3712686567164179,0.46828358208955223,0.8395522388059702,0.14365671641791045,0.7665369649805448,0.21157587548638132,0.024319066147859923,False,False,False,False,False,False,False,False
POA3428,3428,668.0,45.0,1738.0,2.8,60.0,95.0,22.0,3.0,189.0,321.0,18.0,341.0,191.0,37.0,567.0,180.0,36.0,4.0,218.0,2021,155.0,0.5661375661375662,0.05278592375366569,0.6014109347442681,0.31746031746031744,0.5026455026455027,0.8201058201058201,0.1164021164021164,0.8256880733944955,0.1651376146788991,0.01834862385321101,False,False,False,False,False,False,False,False
POA3429,3429,39093.0,38.0,1924.0,2.6,3803.0,5195.0,1866.0,140.0,11009.0,20046.0,948.0,20997.0,9389.0,1285.0,31668.0,10758.0,3106.0,321.0,14182.0,2021,8998.0,0.6330049261083743,0.045149307043863406,0.6630352406214475,0.34544463620673993,0.4718866382051049,0.8173312744118448,0.16949768371332546,0.7585671978564378,0.21901001269214498,0.02263432520095896,False,False,False,False,False,False,False,False
POA3430,3430,303.0,44.0,1699.0,2.7,27.0,35.0,16.0,0.0,76.0,154.0,3.0,162.0,65.0,29.0,249.0,71.0,25.0,3.0,96.0,2021,62.0,0.6184738955823293,0.018518518518518517,0.6506024096385542,0.35526315789473684,0.4605263157894737,0.8157894736842105,0.21052631578947367,0.7395833333333334,0.2604166666666667,0.03125,False,False,False,False,False,False,False,False
POA3431,3431,4390.0,42.0,2150.0,2.8,483.0,626.0,151.0,10.0,1273.0,2289.0,72.0,2355.0,1051.0,134.0,3540.0,1243.0,243.0,21.0,1507.0,2021,1109.0,0.6466101694915254,0.030573248407643312,0.6652542372881356,0.37941869599371564,0.4917517674783975,0.8711704634721131,0.11861743912018853,0.8248175182481752,0.1612475116124751,0.013934970139349702,False,False,False,False,False,False,False,False
POA3432,3432,185.0,51.0,1792.0,2.7,22.0,26.0,6.0,0.0,52.0,95.0,4.0,100.0,50.0,9.0,159.0,55.0,9.0,5.0,68.0,2021,48.0,0.5974842767295597,0.04,0.6289308176100629,0.4230769230769231,0.5,0.9230769230769231,0.11538461538461539,0.8088235294117647,0.1323529411764706,0.07352941176470588,False,False,False,False,False,False,False,False
POA3433,3433,207.0,41.0,2222.0,2.9,24.0,28.0,11.0,0.0,59.0,109.0,7.0,109.0,48.0,16.0,170.0,58.0,8.0,0.0,69.0,2021,52.0,0.6411764705882353,0.06422018348623854,0.6411764705882353,0.4067796610169492,0.4745762711864407,0.8813559322033898,0.1864406779661017,0.8405797101449275,0.11594202898550725,0.0,False,False,False,False,False,False,False,False
POA3434,3434,6143.0,39.0,2071.0,2.7,698.0,837.0,212.0,10.0,1754.0,3123.0,95.0,3219.0,1441.0,238.0,4902.0,1717.0,374.0,34.0,2127.0,2021,1535.0,0.6370869033047736,0.029512270891581236,0.6566707466340269,0.3979475484606613,0.4771949828962372,0.8751425313568986,0.12086659064994298,0.8072402444757875,0.1758345086976963,0.015984955336154207,False,False,False,False,False,False,False,False
POA3435,3435,3228.0,42.0,1887.0,2.6,383.0,406.0,128.0,11.0,929.0,1578.0,47.0,1621.0,839.0,159.0,2614.0,900.0,240.0,15.0,1156.0,2021,789.0,0.603672532517215,0.028994447871684145,0.6201224177505739,0.41227125941872983,0.4370290635091496,0.8493003229278795,0.1377825618945102,0.7785467128027682,0.20761245674740483,0.012975778546712802,False,False,False,False,False,False,False,False
POA3437,3437,11715.0,40.0,2318.0,2.8,1187.0,1696.0,368.0,14.0,3271.0,5911.0,194.0,6101.0,2530.0,427.0,9062.0,3212.0,696.0,43.0,3949.0,2021,2883.0,0.6522842639593909,0.03179806589083757,0.6732509379827852,0.36288596759400793,0.518495872821767,0.8813818404157749,0.11250382146132681,0.8133704735376045,0.1762471511775133,0.010888832615852115,False,False,False,False,False,False,False,False
POA3438,3438,2509.0,41.0,2279.0,2.9,224.0,362.0,71.0,6.0,674.0,1229.0,42.0,1270.0,635.0,73.0,1985.0,655.0,134.0,6.0,803.0,2021,586.0,0.6191435768261965,0.03307086614173228,0.6397984886649875,0.3323442136498516,0.5370919881305638,0.8694362017804155,0.10534124629080119,0.8156911581569116,0.16687422166874222,0.007471980074719801,False,False,False,False,False,False,False,False
POA3440,3440,2073.0,44.0,2353.0,2.8,233.0,282.0,60.0,6.0,576.0,1014.0,27.0,1041.0,506.0,75.0,1617.0,559.0,123.0,11.0,697.0,2021,515.0,0.62708719851577,0.025936599423631124,0.6437847866419295,0.4045138888888889,0.4895833333333333,0.8940972222222222,0.10416666666666667,0.8020086083213773,0.17647058823529413,0.015781922525107604,False,False,False,False,False,False,False,False
POA3441,3441,1450.0,48.0,2647.0,2.6,206.0,188.0,26.0,0.0,423.0,708.0,18.0,724.0,374.0,75.0,1172.0,417.0,89.0,10.0,515.0,2021,394.0,0.6040955631399317,0.024861878453038673,0.6177474402730375,0.48699763593380613,0.4444444444444444,0.9314420803782506,0.061465721040189124,0.8097087378640777,0.17281553398058253,0.019417475728155338,False,False,False,False,False,False,False,False
POA3442,3442,8586.0,46.0,2124.0,2.6,980.0,1109.0,335.0,10.0,2441.0,4053.0,145.0,4202.0,2368.0,358.0,6926.0,2402.0,636.0,57.0,3094.0,2021,2089.0,0.5851862546924632,0.03450737743931461,0.6066993935893734,0.4014748054076198,0.4543219991806637,0.8557968045882834,0.13723883654240066,0.7763413057530705,0.20555914673561732,0.018422753716871364,False,False,False,False,False,False,False,False
POA3444,3444,10066.0,47.0,1663.0,2.4,1279.0,1081.0,347.0,35.0,2745.0,4763.0,166.0,4919.0,2948.0,539.0,8406.0,2697.0,1013.0,96.0,3809.0,2021,2360.0,0.5666190816083749,0.03374669648302501,0.5851772543421365,0.46593806921675773,0.39380692167577414,0.8597449908925319,0.12641165755919853,0.7080598582305067,0.2659490679968496,0.02520346547650302,False,False,False,False,False,False,False,False
POA3446,3446,1101.0,46.0,1614.0,2.4,144.0,134.0,30.0,5.0,305.0,535.0,24.0,559.0,291.0,58.0,910.0,304.0,120.0,12.0,427.0,2021,278.0,0.5879120879120879,0.04293381037567084,0.6142857142857143,0.4721311475409836,0.43934426229508194,0.9114754098360656,0.09836065573770492,0.711943793911007,0.2810304449648712,0.02810304449648712,False,False,False,False,False,False,False,False
POA3447,3447,524.0,52.0,1468.0,2.3,78.0,51.0,25.0,3.0,148.0,253.0,10.0,260.0,164.0,43.0,469.0,144.0,55.0,10.0,208.0,2021,129.0,0.5394456289978679,0.038461538461538464,0.5543710021321961,0.527027027027027,0.34459459459459457,0.8716216216216216,0.16891891891891891,0.6923076923076923,0.2644230769230769,0.04807692307692308,False,False,False,False,False,False,False,False
POA3448,3448,981.0,50.0,1455.0,2.3,158.0,102.0,32.0,0.0,291.0,468.0,22.0,491.0,271.0,61.0,822.0,288.0,102.0,6.0,392.0,2021,260.0,0.5693430656934306,0.04480651731160896,0.597323600973236,0.5429553264604811,0.35051546391752575,0.8934707903780069,0.10996563573883161,0.7346938775510204,0.2602040816326531,0.015306122448979591,False,False,False,False,False,False,False,False
POA3450,3450,7588.0,52.0,1110.0,2.0,903.0,557.0,373.0,25.0,1855.0,2836.0,111.0,2945.0,3101.0,583.0,6628.0,1832.0,1263.0,102.0,3204.0,2021,1460.0,0.42788171394085694,0.03769100169779287,0.44432709716354857,0.4867924528301887,0.30026954177897575,0.7870619946091644,0.20107816711590296,0.5717852684144819,0.39419475655430714,0.031835205992509365,False,False,False,False,False,False,False,False
POA3451,3451,5819.0,47.0,1392.0,2.4,783.0,607.0,251.0,14.0,1656.0,2682.0,99.0,2780.0,1764.0,272.0,4813.0,1628.0,636.0,69.0,2338.0,2021,1390.0,0.5572408061500104,0.03561151079136691,0.5776023270309578,0.47282608695652173,0.3665458937198068,0.8393719806763285,0.15157004830917875,0.6963216424294268,0.272027373823781,0.02951240376390077,False,False,False,False,False,False,False,False
POA3453,3453,1852.0,49.0,1594.0,2.5,273.0,196.0,65.0,6.0,538.0,903.0,26.0,927.0,512.0,115.0,1554.0,525.0,157.0,11.0,686.0,2021,469.0,0.581081081081081,0.028047464940668825,0.5965250965250966,0.5074349442379182,0.3643122676579926,0.8717472118959108,0.120817843866171,0.7653061224489796,0.22886297376093295,0.016034985422740525,False,False,False,False,False,False,False,False
POA3458,3458,2330.0,53.0,1537.0,2.2,376.0,190.0,69.0,8.0,645.0,1059.0,22.0,1081.0,740.0,192.0,2013.0,631.0,284.0,23.0,935.0,2021,566.0,0.526080476900149,0.020351526364477335,0.5370094386487829,0.5829457364341085,0.29457364341085274,0.8775193798449612,0.10697674418604651,0.6748663101604279,0.3037433155080214,0.02459893048128342,False,False,False,False,False,False,False,False
POA3460,3460,2799.0,55.0,1183.0,1.9,409.0,174.0,134.0,4.0,719.0,1178.0,50.0,1231.0,1040.0,216.0,2485.0,719.0,516.0,41.0,1273.0,2021,583.0,0.4740442655935614,0.04061738424045491,0.49537223340040243,0.56884561891516,0.24200278164116829,0.8108484005563282,0.18636995827538247,0.5648075412411626,0.4053417124901807,0.03220738413197172,False,False,False,False,False,False,False,False
POA3461,3461,4614.0,52.0,1369.0,2.2,707.0,418.0,135.0,8.0,1269.0,2119.0,88.0,2205.0,1503.0,301.0,4004.0,1250.0,564.0,68.0,1884.0,2021,1125.0,0.5292207792207793,0.039909297052154194,0.5506993006993007,0.5571315996847912,0.32939322301024426,0.8865248226950354,0.10638297872340426,0.6634819532908705,0.29936305732484075,0.036093418259023353,False,False,False,False,False,False,False,False
POA3462,3462,1230.0,53.0,1146.0,2.2,173.0,116.0,46.0,5.0,344.0,522.0,18.0,539.0,433.0,90.0,1054.0,336.0,195.0,7.0,533.0,2021,289.0,0.4952561669829222,0.03339517625231911,0.5113851992409867,0.502906976744186,0.3372093023255814,0.8401162790697675,0.13372093023255813,0.6303939962476548,0.36585365853658536,0.013133208255159476,False,False,False,False,False,False,False,False
POA3463,3463,2588.0,57.0,1127.0,2.1,408.0,215.0,79.0,11.0,714.0,1060.0,51.0,1112.0,1088.0,120.0,2324.0,705.0,407.0,42.0,1148.0,2021,623.0,0.45611015490533563,0.045863309352517985,0.4784853700516351,0.5714285714285714,0.3011204481792717,0.8725490196078431,0.11064425770308123,0.6141114982578397,0.35452961672473865,0.036585365853658534,False,False,False,False,False,False,False,False
POA3464,3464,1192.0,45.0,1205.0,2.5,140.0,139.0,39.0,3.0,321.0,512.0,21.0,532.0,372.0,59.0,965.0,314.0,131.0,5.0,449.0,2021,279.0,0.5305699481865285,0.039473684210526314,0.5512953367875648,0.43613707165109034,0.43302180685358255,0.8691588785046729,0.12149532710280374,0.6993318485523385,0.29175946547884185,0.011135857461024499,False,False,False,False,False,False,False,False
POA3465,3465,10111.0,51.0,911.0,2.1,1313.0,766.0,543.0,49.0,2669.0,3536.0,221.0,3758.0,4244.0,611.0,8607.0,2630.0,1625.0,122.0,4368.0,2021,2079.0,0.41082839549204136,0.058807876530069185,0.4366213547112815,0.49194454852004493,0.2869988759835144,0.7789434245035594,0.20344698388909704,0.6021062271062271,0.37202380952380953,0.027930402930402932,False,False,False,False,False,False,False,False
POA3467,3467,1356.0,51.0,923.0,2.2,177.0,112.0,60.0,4.0,362.0,469.0,19.0,494.0,556.0,96.0,1143.0,348.0,199.0,8.0,559.0,2021,289.0,0.410323709536308,0.038461538461538464,0.4321959755030621,0.4889502762430939,0.30939226519337015,0.7983425414364641,0.16574585635359115,0.6225402504472272,0.3559928443649374,0.014311270125223614,False,False,False,False,False,False,False,False
POA3468,3468,267.0,55.0,1051.0,2.0,52.0,26.0,6.0,0.0,80.0,115.0,4.0,120.0,104.0,17.0,243.0,78.0,40.0,3.0,125.0,2021,78.0,0.4732510288065844,0.03333333333333333,0.49382716049382713,0.65,0.325,0.975,0.075,0.624,0.32,0.024,False,False,False,False,False,False,False,False
POA3469,3469,269.0,57.0,855.0,1.9,37.0,17.0,3.0,0.0,60.0,91.0,6.0,98.0,95.0,51.0,237.0,57.0,51.0,0.0,108.0,2021,54.0,0.38396624472573837,0.061224489795918366,0.41350210970464135,0.6166666666666667,0.2833333333333333,0.9,0.05,0.5277777777777778,0.4722222222222222,0.0,False,False,False,False,False,False,False,False
POA3472,3472,1492.0,56.0,777.0,2.0,187.0,99.0,75.0,6.0,374.0,437.0,34.0,472.0,729.0,92.0,1295.0,369.0,268.0,27.0,661.0,2021,286.0,0.33745173745173745,0.07203389830508475,0.3644787644787645,0.5,0.2647058823529412,0.7647058823529411,0.20053475935828877,0.5582450832072617,0.405446293494705,0.04084720121028744,False,False,False,False,False,False,False,False
POA3475,3475,373.0,59.0,777.0,2.1,65.0,25.0,9.0,0.0,103.0,114.0,8.0,125.0,163.0,37.0,327.0,99.0,57.0,0.0,162.0,2021,90.0,0.3486238532110092,0.064,0.382262996941896,0.6310679611650486,0.24271844660194175,0.8737864077669902,0.08737864077669903,0.6111111111111112,0.35185185185185186,0.0,False,False,False,False,False,False,False,False
POA3477,3477,817.0,54.0,1224.0,2.3,119.0,80.0,26.0,0.0,222.0,378.0,11.0,391.0,237.0,68.0,689.0,223.0,82.0,8.0,322.0,2021,199.0,0.548621190130624,0.028132992327365727,0.5674891146589259,0.536036036036036,0.36036036036036034,0.8963963963963963,0.11711711711711711,0.6925465838509317,0.2546583850931677,0.024844720496894408,False,False,False,False,False,False,False,False
POA3478,3478,2584.0,53.0,927.0,2.0,353.0,196.0,114.0,11.0,670.0,1026.0,43.0,1073.0,1000.0,172.0,2242.0,661.0,476.0,23.0,1160.0,2021,549.0,0.4576271186440678,0.04007455731593663,0.4785905441570027,0.5268656716417911,0.29253731343283584,0.8194029850746268,0.1701492537313433,0.5698275862068966,0.4103448275862069,0.019827586206896553,False,False,False,False,False,False,False,False
POA3480,3480,1805.0,51.0,1147.0,2.2,229.0,163.0,54.0,11.0,463.0,781.0,26.0,813.0,585.0,123.0,1524.0,459.0,251.0,16.0,720.0,2021,392.0,0.5124671916010499,0.03198031980319803,0.5334645669291339,0.4946004319654428,0.35205183585313177,0.8466522678185745,0.11663066954643629,0.6375,0.3486111111111111,0.022222222222222223,False,False,False,False,False,False,False,False
POA3482,3482,207.0,54.0,1166.0,2.3,26.0,19.0,4.0,4.0,50.0,60.0,0.0,64.0,68.0,46.0,178.0,44.0,22.0,0.0,68.0,2021,45.0,0.33707865168539325,0.0,0.3595505617977528,0.52,0.38,0.9,0.08,0.6470588235294118,0.3235294117647059,0.0,False,False,False,False,False,False,False,False
POA3483,3483,882.0,47.0,1278.0,2.3,106.0,96.0,23.0,3.0,230.0,436.0,7.0,443.0,239.0,53.0,735.0,229.0,125.0,8.0,359.0,2021,202.0,0.5931972789115646,0.01580135440180587,0.6027210884353742,0.4608695652173913,0.41739130434782606,0.8782608695652174,0.1,0.637883008356546,0.34818941504178275,0.022284122562674095,False,False,False,False,False,False,False,False
POA3485,3485,291.0,58.0,876.0,2.0,48.0,20.0,6.0,0.0,74.0,108.0,0.0,111.0,120.0,27.0,260.0,76.0,51.0,3.0,127.0,2021,68.0,0.4153846153846154,0.0,0.4269230769230769,0.6486486486486487,0.2702702702702703,0.918918918918919,0.08108108108108109,0.5984251968503937,0.4015748031496063,0.023622047244094488,False,False,False,False,False,False,False,False
POA3487,3487,82.0,47.0,1687.0,2.6,8.0,9.0,0.0,3.0,17.0,41.0,0.0,43.0,19.0,8.0,68.0,19.0,3.0,0.0,25.0,2021,17.0,0.6029411764705882,0.0,0.6323529411764706,0.47058823529411764,0.5294117647058824,1.0,0.0,0.76,0.12,0.0,False,False,True,True,False,False,False,False
POA3488,3488,89.0,53.0,1771.0,2.1,18.0,9.0,0.0,0.0,26.0,40.0,0.0,40.0,23.0,11.0,80.0,26.0,10.0,0.0,37.0,2021,27.0,0.5,0.0,0.5,0.6923076923076923,0.34615384615384615,,0.0,0.7027027027027027,0.2702702702702703,0.0,False,False,True,False,False,False,True,True
POA3489,3489,62.0,41.0,1125.0,2.6,10.0,3.0,0.0,0.0,13.0,23.0,0.0,23.0,16.0,6.0,42.0,14.0,5.0,0.0,21.0,2021,13.0,0.5476190476190477,0.0,0.5476190476190477,0.7692307692307693,0.23076923076923078,1.0,0.0,0.6666666666666666,0.23809523809523808,0.0,False,True,True,True,False,False,False,False
POA3490,3490,1292.0,53.0,1151.0,2.1,178.0,98.0,37.0,6.0,321.0,550.0,21.0,573.0,438.0,110.0,1126.0,326.0,192.0,12.0,528.0,2021,276.0,0.48845470692717585,0.03664921465968586,0.5088809946714032,0.5545171339563862,0.3052959501557632,0.8598130841121495,0.11526479750778816,0.6174242424242424,0.36363636363636365,0.022727272727272728,False,False,False,False,False,False,False,False
POA3491,3491,149.0,47.0,1018.0,2.4,16.0,19.0,4.0,0.0,37.0,57.0,0.0,61.0,44.0,10.0,120.0,36.0,20.0,4.0,52.0,2021,35.0,0.475,0.0,0.5083333333333333,0.43243243243243246,0.5135135135135135,0.9459459459459459,0.10810810810810811,0.6923076923076923,0.38461538461538464,0.07692307692307693,False,False,False,False,False,False,False,False
POA3494,3494,641.0,40.0,1147.0,2.3,70.0,64.0,9.0,3.0,157.0,314.0,16.0,331.0,125.0,78.0,536.0,150.0,78.0,18.0,252.0,2021,134.0,0.585820895522388,0.04833836858006042,0.6175373134328358,0.445859872611465,0.40764331210191085,0.8535031847133758,0.05732484076433121,0.5952380952380952,0.30952380952380953,0.07142857142857142,False,False,False,False,False,False,False,False
POA3496,3496,6464.0,41.0,1336.0,2.5,672.0,690.0,267.0,27.0,1654.0,2847.0,155.0,3001.0,1809.0,452.0,5265.0,1632.0,637.0,53.0,2329.0,2021,1362.0,0.5407407407407407,0.051649450183272244,0.5699905033238366,0.4062877871825877,0.41717049576783555,0.8234582829504232,0.16142684401451027,0.7007299270072993,0.27350794332331474,0.022756547874624302,False,False,False,False,False,False,False,False
POA3498,3498,5977.0,40.0,1606.0,2.6,668.0,700.0,189.0,26.0,1584.0,2928.0,101.0,3028.0,1384.0,414.0,4819.0,1559.0,453.0,40.0,2058.0,2021,1368.0,0.6075949367088608,0.0333553500660502,0.6283461299024694,0.4217171717171717,0.44191919191919193,0.8636363636363636,0.11931818181818182,0.7575315840621963,0.22011661807580174,0.019436345966958212,False,False,False,False,False,False,False,False
POA3500,3500,34565.0,39.0,1295.0,2.4,3647.0,3173.0,1910.0,159.0,8887.0,14809.0,932.0,15739.0,10333.0,2228.0,28305.0,8670.0,4131.0,514.0,13319.0,2021,6820.0,0.5231937820173115,0.0592159603532626,0.5560501678148737,0.41037470462473274,0.3570383706537639,0.7674130752784967,0.21492067064251152,0.6509497710038291,0.31015842030182444,0.038591485847285834,False,False,False,False,False,False,False,False
POA3501,3501,2146.0,40.0,2055.0,2.9,214.0,318.0,43.0,3.0,582.0,1104.0,31.0,1135.0,426.0,84.0,1648.0,568.0,131.0,10.0,710.0,2021,532.0,0.6699029126213593,0.027312775330396475,0.6887135922330098,0.36769759450171824,0.5463917525773195,0.9140893470790378,0.07388316151202749,0.8,0.18450704225352113,0.014084507042253521,False,False,False,False,False,False,False,False
POA3505,3505,5010.0,43.0,1338.0,2.5,557.0,541.0,209.0,13.0,1318.0,2170.0,100.0,2272.0,1341.0,409.0,4021.0,1291.0,434.0,30.0,1764.0,2021,1098.0,0.5396667495647849,0.04401408450704225,0.5650335737378761,0.4226100151745068,0.41047040971168436,0.8330804248861912,0.15857359635811835,0.731859410430839,0.24603174603174602,0.017006802721088437,False,False,False,False,False,False,False,False
POA3506,3506,33.0,35.0,1041.0,1.9,5.0,4.0,0.0,0.0,4.0,17.0,0.0,20.0,11.0,0.0,30.0,6.0,4.0,0.0,10.0,2021,9.0,0.5666666666666667,0.0,0.6666666666666666,,1.0,,0.0,0.6,0.4,0.0,False,True,True,True,False,False,True,True
POA3507,3507,171.0,52.0,900.0,2.2,21.0,10.0,5.0,0.0,34.0,51.0,3.0,58.0,51.0,38.0,145.0,36.0,22.0,0.0,64.0,2021,31.0,0.35172413793103446,0.05172413793103448,0.4,0.6176470588235294,0.29411764705882354,0.9117647058823529,0.14705882352941177,0.5625,0.34375,0.0,False,False,False,False,False,False,False,False
POA3509,3509,228.0,52.0,1260.0,2.1,37.0,19.0,7.0,0.0,64.0,104.0,8.0,109.0,57.0,20.0,189.0,64.0,31.0,0.0,96.0,2021,56.0,0.5502645502645502,0.07339449541284404,0.5767195767195767,0.578125,0.296875,0.875,0.109375,0.6666666666666666,0.3229166666666667,0.0,False,False,False,False,False,False,False,False
POA3512,3512,369.0,47.0,1278.0,2.2,47.0,35.0,8.0,0.0,96.0,178.0,0.0,182.0,85.0,22.0,294.0,93.0,49.0,0.0,146.0,2021,82.0,0.6054421768707483,0.0,0.6190476190476191,0.4895833333333333,0.3645833333333333,0.8541666666666666,0.08333333333333333,0.636986301369863,0.3356164383561644,0.0,False,False,False,False,False,False,False,False
POA3515,3515,2516.0,33.0,1947.0,2.9,275.0,375.0,52.0,10.0,712.0,1299.0,23.0,1325.0,474.0,80.0,1876.0,698.0,121.0,7.0,829.0,2021,650.0,0.6924307036247335,0.017358490566037735,0.7062899786780383,0.3862359550561798,0.526685393258427,0.9129213483146067,0.07303370786516854,0.841978287092883,0.14595898673100122,0.008443908323281062,False,False,False,False,False,False,False,False
POA3516,3516,722.0,47.0,1408.0,2.4,100.0,86.0,14.0,4.0,196.0,371.0,15.0,381.0,192.0,45.0,618.0,197.0,68.0,9.0,270.0,2021,186.0,0.6003236245954693,0.03937007874015748,0.616504854368932,0.5102040816326531,0.4387755102040816,0.9489795918367347,0.07142857142857142,0.7296296296296296,0.2518518518518518,0.03333333333333333,False,False,False,False,False,False,False,False
POA3517,3517,1497.0,52.0,935.0,2.2,195.0,131.0,50.0,4.0,382.0,538.0,36.0,569.0,573.0,132.0,1276.0,373.0,199.0,15.0,587.0,2021,326.0,0.4216300940438871,0.0632688927943761,0.44592476489028215,0.5104712041884817,0.34293193717277487,0.8534031413612565,0.13089005235602094,0.6354344122657581,0.3390119250425894,0.02555366269165247,False,False,False,False,False,False,False,False
POA3518,3518,1321.0,56.0,932.0,2.1,178.0,95.0,43.0,11.0,324.0,456.0,34.0,491.0,508.0,165.0,1165.0,321.0,205.0,17.0,547.0,2021,273.0,0.39141630901287555,0.06924643584521385,0.42145922746781117,0.5493827160493827,0.2932098765432099,0.8425925925925926,0.13271604938271606,0.5868372943327239,0.37477148080438755,0.031078610603290677,False,False,False,False,False,False,False,False
POA3520,3520,156.0,57.0,612.0,1.9,17.0,8.0,5.0,3.0,35.0,30.0,7.0,34.0,94.0,16.0,140.0,36.0,36.0,0.0,71.0,2021,25.0,0.21428571428571427,0.20588235294117646,0.24285714285714285,0.4857142857142857,0.22857142857142856,0.7142857142857143,0.14285714285714285,0.5070422535211268,0.5070422535211268,0.0,False,False,False,False,False,False,False,False
POA3521,3521,772.0,42.0,1661.0,2.8,85.0,96.0,38.0,4.0,213.0,377.0,12.0,387.0,176.0,55.0,618.0,202.0,51.0,0.0,258.0,2021,181.0,0.610032362459547,0.031007751937984496,0.6262135922330098,0.39906103286384975,0.4507042253521127,0.8497652582159625,0.1784037558685446,0.7829457364341085,0.19767441860465115,0.0,False,False,False,False,False,False,False,False
POA3522,3522,338.0,50.0,1307.0,2.3,54.0,30.0,11.0,0.0,95.0,157.0,5.0,168.0,95.0,30.0,290.0,91.0,33.0,8.0,130.0,2021,84.0,0.5413793103448276,0.02976190476190476,0.5793103448275863,0.5684210526315789,0.3157894736842105,0.8842105263157894,0.11578947368421053,0.7,0.25384615384615383,0.06153846153846154,False,False,False,False,False,False,False,False
POA3523,3523,3965.0,56.0,993.0,2.0,615.0,275.0,135.0,27.0,1052.0,1410.0,82.0,1493.0,1568.0,432.0,3492.0,1028.0,590.0,57.0,1676.0,2021,890.0,0.40378006872852235,0.05492297387809779,0.42754868270332186,0.5846007604562737,0.26140684410646386,0.8460076045627376,0.12832699619771862,0.6133651551312649,0.3520286396181384,0.03400954653937947,False,False,False,False,False,False,False,False
POA3525,3525,1369.0,55.0,991.0,2.1,205.0,101.0,43.0,10.0,362.0,558.0,21.0,574.0,468.0,132.0,1178.0,361.0,195.0,16.0,572.0,2021,306.0,0.47368421052631576,0.036585365853658534,0.4872665534804754,0.5662983425414365,0.27900552486187846,0.8453038674033149,0.11878453038674033,0.6311188811188811,0.3409090909090909,0.027972027972027972,False,False,False,False,False,False,False,False
POA3527,3527,741.0,57.0,1042.0,2.0,115.0,57.0,27.0,3.0,202.0,311.0,17.0,324.0,258.0,68.0,646.0,204.0,118.0,8.0,329.0,2021,172.0,0.48142414860681115,0.05246913580246913,0.5015479876160991,0.5693069306930693,0.28217821782178215,0.8514851485148515,0.13366336633663367,0.6200607902735562,0.3586626139817629,0.0243161094224924,False,False,False,False,False,False,False,False
POA3529,3529,117.0,36.0,1333.0,2.7,10.0,17.0,6.0,0.0,30.0,60.0,0.0,60.0,30.0,0.0,91.0,30.0,15.0,0.0,40.0,2021,27.0,0.6593406593406593,0.0,0.6593406593406593,0.3333333333333333,0.5666666666666667,0.9,0.2,0.75,0.375,0.0,False,False,False,False,False,False,False,False
POA3530,3530,114.0,58.0,1156.0,1.8,17.0,8.0,0.0,0.0,29.0,59.0,0.0,63.0,36.0,8.0,107.0,29.0,26.0,0.0,55.0,2021,25.0,0.5514018691588785,0.0,0.5887850467289719,0.5862068965517241,0.27586206896551724,0.8620689655172413,0.0,0.5272727272727272,0.4727272727272727,0.0,False,False,True,False,False,False,False,False
POA3531,3531,194.0,46.0,1093.0,2.5,22.0,24.0,7.0,0.0,54.0,80.0,9.0,86.0,59.0,12.0,159.0,52.0,23.0,5.0,82.0,2021,46.0,0.5031446540880503,0.10465116279069768,0.5408805031446541,0.4074074074074074,0.4444444444444444,0.8518518518518519,0.12962962962962962,0.6341463414634146,0.2804878048780488,0.06097560975609756,False,False,False,False,False,False,False,False
POA3533,3533,744.0,51.0,941.0,2.1,97.0,63.0,33.0,9.0,195.0,302.0,12.0,315.0,265.0,46.0,627.0,194.0,112.0,11.0,322.0,2021,160.0,0.48165869218500795,0.0380952380952381,0.5023923444976076,0.49743589743589745,0.3230769230769231,0.8205128205128205,0.16923076923076924,0.6024844720496895,0.34782608695652173,0.034161490683229816,False,False,False,False,False,False,False,False
POA3537,3537,1094.0,53.0,1134.0,2.2,126.0,84.0,31.0,4.0,247.0,412.0,8.0,420.0,334.0,163.0,919.0,243.0,137.0,5.0,388.0,2021,210.0,0.44831338411316646,0.01904761904761905,0.45701849836779107,0.5101214574898786,0.340080971659919,0.8502024291497976,0.12550607287449392,0.6262886597938144,0.35309278350515466,0.01288659793814433,False,False,False,False,False,False,False,False
POA3540,3540,263.0,57.0,900.0,1.9,40.0,15.0,12.0,3.0,67.0,100.0,6.0,101.0,111.0,32.0,248.0,63.0,51.0,3.0,119.0,2021,55.0,0.4032258064516129,0.0594059405940594,0.40725806451612906,0.5970149253731343,0.22388059701492538,0.8208955223880597,0.1791044776119403,0.5294117647058824,0.42857142857142855,0.025210084033613446,False,False,False,False,False,False,False,False
POA3542,3542,139.0,52.0,916.0,2.1,21.0,11.0,5.0,0.0,42.0,60.0,0.0,60.0,42.0,17.0,115.0,40.0,14.0,0.0,58.0,2021,32.0,0.5217391304347826,0.0,0.5217391304347826,0.5,0.2619047619047619,0.7619047619047619,0.11904761904761904,0.6896551724137931,0.2413793103448276,0.0,False,False,False,False,False,False,False,False
POA3544,3544,252.0,45.0,1262.0,2.3,30.0,23.0,9.0,0.0,60.0,114.0,4.0,120.0,61.0,25.0,206.0,58.0,37.0,3.0,94.0,2021,53.0,0.5533980582524272,0.03333333333333333,0.5825242718446602,0.5,0.38333333333333336,0.8833333333333333,0.15,0.6170212765957447,0.39361702127659576,0.031914893617021274,False,False,False,False,False,False,False,False
POA3546,3546,346.0,52.0,1312.0,2.3,58.0,30.0,9.0,0.0,97.0,171.0,5.0,174.0,103.0,8.0,286.0,96.0,43.0,8.0,140.0,2021,88.0,0.5979020979020979,0.028735632183908046,0.6083916083916084,0.5979381443298969,0.30927835051546393,0.9072164948453608,0.09278350515463918,0.6857142857142857,0.30714285714285716,0.05714285714285714,False,False,False,False,False,False,False,False
POA3549,3549,4017.0,36.0,1367.0,2.9,335.0,356.0,113.0,23.0,830.0,1670.0,105.0,1776.0,1012.0,480.0,3264.0,794.0,257.0,100.0,1154.0,2021,691.0,0.5116421568627451,0.05912162162162162,0.5441176470588235,0.4036144578313253,0.42891566265060244,0.8325301204819278,0.13614457831325302,0.6880415944540728,0.22270363951473138,0.08665511265164645,False,False,False,False,False,False,False,False
POA3550,3550,41839.0,40.0,1367.0,2.2,4428.0,3666.0,2266.0,218.0,10579.0,19460.0,986.0,20451.0,12771.0,1898.0,35116.0,10432.0,6013.0,795.0,17240.0,2021,8094.0,0.5541633443444584,0.04821280133000831,0.5823840984166762,0.41856508176576235,0.34653558937517726,0.7651006711409396,0.21419793931373476,0.6051044083526682,0.3487819025522042,0.046113689095127613,False,False,False,False,False,False,False,False
POA3551,3551,35614.0,37.0,2012.0,2.9,3772.0,4962.0,1179.0,73.0,9988.0,17829.0,588.0,18412.0,7678.0,1215.0,27308.0,9784.0,1857.0,220.0,11861.0,2021,8734.0,0.6528856012889995,0.0319356941125353,0.6742346565109125,0.3776531838205847,0.49679615538646377,0.8744493392070485,0.11804164997997597,0.8248882893516567,0.15656352752718994,0.01854818312115336,False,False,False,False,False,False,False,False
POA3555,3555,21043.0,42.0,1238.0,2.2,2313.0,1916.0,1182.0,106.0,5509.0,9108.0,397.0,9508.0,6878.0,1117.0,17502.0,5423.0,2871.0,291.0,8582.0,2021,4229.0,0.5203976688378471,0.04175431215818258,0.5432521997486002,0.41985841350517333,0.34779451806135414,0.7676529315665275,0.21455799600653477,0.6319039850850617,0.3345374038685621,0.03390817991144256,False,False,False,False,False,False,False,False
POA3556,3556,14088.0,39.0,1229.0,2.4,1448.0,1348.0,891.0,89.0,3775.0,6108.0,332.0,6439.0,4304.0,706.0,11444.0,3658.0,1741.0,163.0,5561.0,2021,2796.0,0.5337294652219504,0.05156080136667184,0.562652918559944,0.38357615894039737,0.3570860927152318,0.7406622516556292,0.23602649006622517,0.6577953605466643,0.31307318827549,0.02931127495054846,False,False,False,False,False,False,False,False
POA3557,3557,853.0,41.0,1680.0,2.6,87.0,117.0,24.0,4.0,230.0,426.0,12.0,438.0,189.0,51.0,677.0,229.0,64.0,9.0,306.0,2021,204.0,0.6292466765140325,0.0273972602739726,0.6469719350073855,0.3782608695652174,0.508695652173913,0.8869565217391304,0.10434782608695652,0.7483660130718954,0.20915032679738563,0.029411764705882353,False,False,False,False,False,False,False,False
POA3558,3558,971.0,52.0,972.0,2.1,126.0,77.0,48.0,3.0,256.0,365.0,20.0,385.0,330.0,103.0,821.0,244.0,144.0,7.0,399.0,2021,203.0,0.4445797807551766,0.05194805194805195,0.4689403166869671,0.4921875,0.30078125,0.79296875,0.1875,0.6115288220551378,0.3609022556390977,0.017543859649122806,False,False,False,False,False,False,False,False
POA3559,3559,563.0,51.0,1272.0,2.3,81.0,49.0,18.0,7.0,155.0,262.0,4.0,269.0,137.0,69.0,475.0,153.0,60.0,3.0,218.0,2021,130.0,0.5515789473684211,0.01486988847583643,0.5663157894736842,0.5225806451612903,0.3161290322580645,0.8387096774193549,0.11612903225806452,0.7018348623853211,0.27522935779816515,0.013761467889908258,False,False,False,False,False,False,False,False
POA3561,3561,4498.0,49.0,1207.0,2.3,602.0,413.0,172.0,20.0,1207.0,1933.0,63.0,2002.0,1498.0,276.0,3768.0,1191.0,511.0,51.0,1753.0,2021,1015.0,0.513004246284501,0.03146853146853147,0.5313163481953291,0.4987572493786247,0.34217067108533555,0.8409279204639603,0.14250207125103562,0.679406731317741,0.291500285225328,0.029092983456930975,False,False,False,False,False,False,False,False
POA3562,3562,257.0,43.0,1774.0,2.7,30.0,32.0,10.0,0.0,76.0,126.0,0.0,126.0,62.0,25.0,207.0,67.0,14.0,4.0,90.0,2021,62.0,0.6086956521739131,0.0,0.6086956521739131,0.39473684210526316,0.42105263157894735,0.8157894736842105,0.13157894736842105,0.7444444444444445,0.15555555555555556,0.044444444444444446,False,False,False,False,False,False,False,False
POA3563,3563,850.0,47.0,1268.0,2.4,98.0,80.0,43.0,0.0,223.0,369.0,19.0,387.0,241.0,62.0,697.0,217.0,89.0,7.0,311.0,2021,178.0,0.5294117647058824,0.04909560723514212,0.5552367288378766,0.43946188340807174,0.35874439461883406,0.7982062780269058,0.19282511210762332,0.6977491961414791,0.2861736334405145,0.022508038585209004,False,False,False,False,False,False,False,False
POA3564,3564,17080.0,45.0,1371.0,2.4,2130.0,1674.0,778.0,60.0,4639.0,7929.0,296.0,8224.0,5018.0,930.0,14183.0,4549.0,1905.0,170.0,6626.0,2021,3804.0,0.5590495663822886,0.03599221789883268,0.5798491151378411,0.4591506790256521,0.3608536322483294,0.8200043112739814,0.1677085578788532,0.6865378810745548,0.2875037730153939,0.02565650467853909,False,False,False,False,False,False,False,False
POA3565,3565,134.0,42.0,1687.0,2.9,10.0,19.0,0.0,0.0,33.0,63.0,9.0,72.0,30.0,5.0,106.0,35.0,14.0,0.0,43.0,2021,29.0,0.5943396226415094,0.125,0.6792452830188679,0.30303030303030304,0.5757575757575758,0.8787878787878788,0.0,0.813953488372093,0.32558139534883723,0.0,False,False,False,False,False,False,False,False
POA3566,3566,578.0,48.0,1062.0,2.3,78.0,66.0,23.0,0.0,161.0,270.0,3.0,273.0,148.0,40.0,472.0,158.0,66.0,3.0,227.0,2021,144.0,0.5720338983050848,0.01098901098901099,0.5783898305084746,0.484472049689441,0.40993788819875776,0.8944099378881988,0.14285714285714285,0.6960352422907489,0.2907488986784141,0.013215859030837005,False,False,False,False,False,False,False,False
POA3567,3567,665.0,49.0,1044.0,2.3,103.0,69.0,19.0,6.0,192.0,327.0,8.0,338.0,183.0,38.0,558.0,196.0,68.0,5.0,265.0,2021,172.0,0.5860215053763441,0.023668639053254437,0.6057347670250897,0.5364583333333334,0.359375,0.8958333333333334,0.09895833333333333,0.7396226415094339,0.25660377358490566,0.018867924528301886,False,False,False,False,False,False,False,False
POA3568,3568,2947.0,53.0,1155.0,2.2,423.0,281.0,86.0,3.0,800.0,1242.0,23.0,1270.0,1070.0,173.0,2519.0,788.0,403.0,29.0,1217.0,2021,704.0,0.49305279872965463,0.01811023622047244,0.5041683207622072,0.52875,0.35125,0.88,0.1075,0.647493837304848,0.3311421528348398,0.0238290879211175,False,False,False,False,False,False,False,False
POA3570,3570,837.0,49.0,1455.0,2.6,108.0,83.0,30.0,6.0,230.0,353.0,11.0,359.0,219.0,118.0,694.0,222.0,45.0,6.0,273.0,2021,191.0,0.5086455331412104,0.03064066852367688,0.5172910662824207,0.46956521739130436,0.36086956521739133,0.8304347826086956,0.13043478260869565,0.8131868131868132,0.16483516483516483,0.02197802197802198,False,False,False,False,False,False,False,False
POA3571,3571,305.0,47.0,1375.0,2.6,44.0,35.0,10.0,0.0,88.0,158.0,0.0,156.0,81.0,16.0,253.0,88.0,25.0,3.0,111.0,2021,79.0,0.6245059288537549,0.0,0.616600790513834,0.5,0.3977272727272727,0.8977272727272727,0.11363636363636363,0.7927927927927928,0.22522522522522523,0.02702702702702703,False,False,False,False,False,False,False,False
POA3572,3572,137.0,48.0,1781.0,2.6,20.0,16.0,3.0,0.0,42.0,71.0,0.0,73.0,28.0,8.0,111.0,37.0,13.0,0.0,50.0,2021,36.0,0.6396396396396397,0.0,0.6576576576576577,0.47619047619047616,0.38095238095238093,0.8571428571428571,0.07142857142857142,0.74,0.26,0.0,False,False,False,False,False,False,False,False
POA3573,3573,340.0,42.0,1228.0,2.3,36.0,28.0,12.0,0.0,88.0,167.0,7.0,171.0,75.0,29.0,273.0,83.0,40.0,3.0,127.0,2021,64.0,0.6117216117216118,0.04093567251461988,0.6263736263736264,0.4090909090909091,0.3181818181818182,0.7272727272727273,0.13636363636363635,0.6535433070866141,0.31496062992125984,0.023622047244094488,False,False,False,False,False,False,False,False
POA3575,3575,842.0,46.0,1060.0,2.3,97.0,83.0,32.0,0.0,212.0,375.0,27.0,397.0,219.0,67.0,683.0,212.0,113.0,7.0,337.0,2021,180.0,0.5490483162518301,0.06801007556675064,0.5812591508052709,0.45754716981132076,0.3915094339622642,0.8490566037735849,0.1509433962264151,0.629080118694362,0.3353115727002967,0.020771513353115726,False,False,False,False,False,False,False,False
POA3576,3576,60.0,47.0,1174.0,2.3,9.0,6.0,0.0,0.0,23.0,34.0,0.0,38.0,12.0,0.0,48.0,20.0,4.0,0.0,30.0,2021,15.0,0.7083333333333334,0.0,0.7916666666666666,0.391304347826087,0.2608695652173913,0.6521739130434783,0.0,0.6666666666666666,0.13333333333333333,0.0,False,False,True,False,False,False,False,False
POA3579,3579,5450.0,50.0,1050.0,2.2,686.0,475.0,216.0,28.0,1402.0,2195.0,101.0,2288.0,1847.0,400.0,4537.0,1378.0,766.0,55.0,2206.0,2021,1161.0,0.4837998677540225,0.04414335664335664,0.504297994269341,0.4893009985734665,0.3388017118402282,0.8281027104136948,0.15406562054208273,0.6246600181323663,0.3472348141432457,0.024932003626473256,False,False,False,False,False,False,False,False
POA3580,3580,1101.0,54.0,973.0,2.2,186.0,86.0,43.0,4.0,320.0,419.0,25.0,437.0,410.0,86.0,943.0,314.0,129.0,4.0,449.0,2021,272.0,0.4443266171792153,0.057208237986270026,0.4634146341463415,0.58125,0.26875,0.85,0.134375,0.6993318485523385,0.2873051224944321,0.008908685968819599,False,False,False,False,False,False,False,False
POA3581,3581,147.0,55.0,1321.0,2.5,21.0,17.0,0.0,0.0,40.0,66.0,0.0,71.0,55.0,8.0,132.0,38.0,12.0,9.0,54.0,2021,38.0,0.5,0.0,0.5378787878787878,0.525,0.425,0.95,0.0,0.7037037037037037,0.2222222222222222,0.16666666666666666,False,False,False,False,False,False,False,False
POA3583,3583,162.0,46.0,1399.0,2.7,18.0,22.0,0.0,0.0,42.0,75.0,6.0,77.0,42.0,18.0,138.0,42.0,9.0,5.0,59.0,2021,40.0,0.5434782608695652,0.07792207792207792,0.5579710144927537,0.42857142857142855,0.5238095238095238,0.9523809523809523,0.0,0.711864406779661,0.15254237288135594,0.0847457627118644,False,False,False,False,False,False,False,False
POA3584,3584,1138.0,42.0,1413.0,2.5,131.0,118.0,40.0,9.0,298.0,539.0,14.0,553.0,282.0,90.0,920.0,297.0,93.0,10.0,397.0,2021,249.0,0.5858695652173913,0.02531645569620253,0.6010869565217392,0.4395973154362416,0.3959731543624161,0.8355704697986577,0.1342281879194631,0.7481108312342569,0.23425692695214106,0.02518891687657431,False,False,False,False,False,False,False,False
POA3585,3585,11508.0,38.0,1394.0,2.4,1295.0,1135.0,509.0,48.0,2992.0,5406.0,166.0,5569.0,3096.0,625.0,9290.0,2958.0,1359.0,149.0,4465.0,2021,2430.0,0.5819160387513456,0.029807864966780392,0.5994617868675995,0.43282085561497324,0.37934491978609625,0.8121657754010695,0.170120320855615,0.6624860022396416,0.3043673012318029,0.033370660694288914,False,False,False,False,False,False,False,False
POA3586,3586,799.0,43.0,1656.0,2.7,90.0,101.0,12.0,0.0,213.0,431.0,7.0,441.0,158.0,40.0,640.0,209.0,57.0,7.0,270.0,2021,191.0,0.6734375,0.015873015873015872,0.6890625,0.4225352112676056,0.47417840375586856,0.8967136150234741,0.056338028169014086,0.774074074074074,0.2111111111111111,0.025925925925925925,False,False,False,False,False,False,False,False
POA3588,3588,404.0,42.0,1283.0,2.6,54.0,43.0,16.0,3.0,117.0,176.0,6.0,186.0,121.0,25.0,332.0,109.0,36.0,3.0,151.0,2021,97.0,0.5301204819277109,0.03225806451612903,0.5602409638554217,0.46153846153846156,0.36752136752136755,0.8290598290598291,0.13675213675213677,0.7218543046357616,0.23841059602649006,0.019867549668874173,False,False,False,False,False,False,False,False
POA3589,3589,359.0,37.0,1781.0,2.7,47.0,30.0,6.0,3.0,92.0,188.0,0.0,191.0,54.0,40.0,289.0,88.0,22.0,4.0,116.0,2021,77.0,0.6505190311418685,0.0,0.6608996539792388,0.5108695652173914,0.32608695652173914,0.8369565217391305,0.06521739130434782,0.7586206896551724,0.1896551724137931,0.034482758620689655,False,False,False,False,False,False,False,False
POA3590,3590,337.0,42.0,1390.0,2.6,40.0,45.0,3.0,0.0,91.0,163.0,3.0,163.0,78.0,33.0,270.0,89.0,22.0,0.0,113.0,2021,85.0,0.6037037037037037,0.018404907975460124,0.6037037037037037,0.43956043956043955,0.4945054945054945,0.9340659340659341,0.03296703296703297,0.7876106194690266,0.19469026548672566,0.0,False,False,False,False,False,False,False,False
POA3591,3591,163.0,49.0,1708.0,2.5,23.0,18.0,3.0,7.0,52.0,90.0,4.0,93.0,36.0,11.0,140.0,52.0,8.0,0.0,61.0,2021,41.0,0.6428571428571429,0.043010752688172046,0.6642857142857143,0.4423076923076923,0.34615384615384615,0.7884615384615384,0.057692307692307696,0.8524590163934426,0.13114754098360656,0.0,False,False,False,False,False,False,False,False
POA3594,3594,536.0,46.0,1130.0,2.1,83.0,40.0,18.0,0.0,148.0,254.0,15.0,270.0,155.0,40.0,463.0,142.0,76.0,12.0,222.0,2021,123.0,0.5485961123110151,0.05555555555555555,0.5831533477321814,0.5608108108108109,0.2702702702702703,0.831081081081081,0.12162162162162163,0.6396396396396397,0.34234234234234234,0.05405405405405406,False,False,False,False,False,False,False,False
POA3595,3595,673.0,45.0,979.0,2.3,68.0,50.0,33.0,3.0,152.0,217.0,16.0,233.0,247.0,69.0,553.0,145.0,80.0,11.0,240.0,2021,118.0,0.3924050632911392,0.06866952789699571,0.4213381555153707,0.4473684210526316,0.32894736842105265,0.7763157894736842,0.21710526315789475,0.6041666666666666,0.3333333333333333,0.04583333333333333,False,False,False,False,False,False,False,False
POA3596,3596,103.0,51.0,1249.0,2.4,14.0,9.0,4.0,0.0,22.0,48.0,0.0,48.0,34.0,13.0,91.0,21.0,12.0,0.0,32.0,2021,23.0,0.5274725274725275,0.0,0.5274725274725275,0.6363636363636364,0.4090909090909091,,0.18181818181818182,0.65625,0.375,0.0,False,False,True,False,False,False,True,True
POA3597,3597,458.0,40.0,1583.0,2.5,41.0,43.0,10.0,0.0,93.0,268.0,6.0,277.0,89.0,25.0,383.0,92.0,51.0,23.0,168.0,2021,84.0,0.6997389033942559,0.021660649819494584,0.7232375979112271,0.44086021505376344,0.46236559139784944,0.9032258064516129,0.10752688172043011,0.5476190476190477,0.30357142857142855,0.13690476190476192,False,False,False,False,False,False,False,False
POA3599,3599,154.0,53.0,1531.0,2.5,20.0,15.0,0.0,0.0,35.0,64.0,0.0,67.0,41.0,27.0,136.0,33.0,14.0,0.0,51.0,2021,35.0,0.47058823529411764,0.0,0.49264705882352944,0.5714285714285714,0.42857142857142855,1.0,0.0,0.6470588235294118,0.27450980392156865,0.0,False,False,False,False,False,False,False,False
POA3607,3607,160.0,46.0,1416.0,2.4,16.0,21.0,8.0,0.0,39.0,79.0,0.0,83.0,33.0,19.0,138.0,42.0,16.0,0.0,55.0,2021,37.0,0.572463768115942,0.0,0.6014492753623188,0.41025641025641024,0.5384615384615384,0.9487179487179487,0.20512820512820512,0.7636363636363637,0.2909090909090909,0.0,False,False,False,False,False,False,False,False
POA3608,3608,2825.0,52.0,1183.0,2.1,414.0,237.0,105.0,10.0,763.0,1207.0,44.0,1253.0,959.0,199.0,2409.0,748.0,410.0,33.0,1186.0,2021,651.0,0.5010377750103777,0.035115722266560255,0.5201328352013284,0.5425950196592398,0.3106159895150721,0.8532110091743119,0.13761467889908258,0.6306913996627319,0.3456998313659359,0.02782462057335582,False,False,False,False,False,False,False,False
POA3610,3610,1600.0,49.0,1122.0,2.2,190.0,147.0,49.0,0.0,389.0,633.0,35.0,671.0,638.0,81.0,1394.0,380.0,197.0,18.0,595.0,2021,337.0,0.45408895265423244,0.05216095380029806,0.4813486370157819,0.4884318766066838,0.37789203084832906,0.8663239074550129,0.12596401028277635,0.6386554621848739,0.3310924369747899,0.030252100840336135,False,False,False,False,False,False,False,False
POA3612,3612,1801.0,55.0,904.0,2.1,262.0,129.0,66.0,9.0,471.0,639.0,28.0,661.0,747.0,171.0,1586.0,458.0,286.0,25.0,762.0,2021,391.0,0.40290037831021436,0.04236006051437216,0.4167717528373266,0.5562632696390658,0.27388535031847133,0.8301486199575372,0.14012738853503184,0.6010498687664042,0.3753280839895013,0.03280839895013123,False,False,False,False,False,False,False,False
POA3614,3614,927.0,40.0,1993.0,2.8,103.0,135.0,16.0,0.0,257.0,491.0,18.0,506.0,154.0,56.0,716.0,257.0,51.0,7.0,313.0,2021,238.0,0.6857541899441341,0.03557312252964427,0.7067039106145251,0.40077821011673154,0.5252918287937743,0.9260700389105059,0.0622568093385214,0.8210862619808307,0.16293929712460065,0.022364217252396165,False,False,False,False,False,False,False,False
POA3616,3616,5605.0,44.0,1381.0,2.4,678.0,596.0,212.0,24.0,1506.0,2561.0,89.0,2652.0,1589.0,363.0,4607.0,1482.0,594.0,52.0,2131.0,2021,1274.0,0.5558932059908834,0.033559577677224735,0.5756457564575646,0.450199203187251,0.39575033200531207,0.8459495351925631,0.1407702523240372,0.6954481464101361,0.27874237447207884,0.024401689347724072,False,False,False,False,False,False,False,False
POA3617,3617,161.0,46.0,1174.0,2.7,18.0,22.0,5.0,0.0,44.0,79.0,5.0,80.0,41.0,11.0,138.0,48.0,9.0,0.0,58.0,2021,40.0,0.572463768115942,0.0625,0.5797101449275363,0.4090909090909091,0.5,0.9090909090909091,0.11363636363636363,0.8275862068965517,0.15517241379310345,0.0,False,False,False,False,False,False,False,False
POA3618,3618,679.0,47.0,1030.0,2.3,85.0,65.0,35.0,0.0,181.0,290.0,21.0,312.0,220.0,57.0,581.0,178.0,73.0,16.0,262.0,2021,150.0,0.4991394148020654,0.0673076923076923,0.5370051635111877,0.4696132596685083,0.35911602209944754,0.8287292817679558,0.19337016574585636,0.6793893129770993,0.2786259541984733,0.061068702290076333,False,False,False,False,False,False,False,False
POA3620,3620,8340.0,46.0,1202.0,2.4,1007.0,864.0,380.0,21.0,2281.0,3653.0,138.0,3792.0,2627.0,478.0,6900.0,2240.0,993.0,57.0,3288.0,2021,1871.0,0.5294202898550725,0.03639240506329114,0.5495652173913044,0.4414730381411662,0.3787812362998685,0.8202542744410346,0.16659359929855327,0.681265206812652,0.30200729927007297,0.017335766423357664,False,False,False,False,False,False,False,False
POA3621,3621,2437.0,41.0,1262.0,2.5,276.0,256.0,90.0,3.0,633.0,1128.0,45.0,1174.0,658.0,99.0,1932.0,616.0,265.0,17.0,899.0,2021,532.0,0.5838509316770186,0.03833049403747871,0.6076604554865425,0.43601895734597157,0.40442338072669826,0.8404423380726699,0.14218009478672985,0.6852057842046718,0.29477196885428253,0.018909899888765295,False,False,False,False,False,False,False,False
POA3622,3622,537.0,41.0,1490.0,2.8,56.0,66.0,16.0,0.0,141.0,267.0,3.0,273.0,115.0,37.0,421.0,138.0,29.0,3.0,176.0,2021,122.0,0.6342042755344418,0.01098901098901099,0.6484560570071259,0.3971631205673759,0.46808510638297873,0.8652482269503546,0.11347517730496454,0.7840909090909091,0.16477272727272727,0.017045454545454544,False,False,False,False,False,False,False,False
POA3623,3623,890.0,50.0,1125.0,2.2,135.0,68.0,50.0,5.0,255.0,403.0,14.0,416.0,287.0,42.0,748.0,252.0,116.0,8.0,374.0,2021,203.0,0.5387700534759359,0.03365384615384615,0.5561497326203209,0.5294117647058824,0.26666666666666666,0.796078431372549,0.19607843137254902,0.6737967914438503,0.31016042780748665,0.0213903743315508,False,False,False,False,False,False,False,False
POA3624,3624,563.0,42.0,1093.0,2.4,68.0,55.0,22.0,0.0,146.0,225.0,9.0,234.0,187.0,38.0,461.0,140.0,68.0,10.0,217.0,2021,123.0,0.4880694143167028,0.038461538461538464,0.5075921908893709,0.4657534246575342,0.3767123287671233,0.8424657534246576,0.1506849315068493,0.6451612903225806,0.31336405529953915,0.04608294930875576,False,False,False,False,False,False,False,False
POA3629,3629,9536.0,43.0,1167.0,2.3,976.0,815.0,552.0,45.0,2383.0,3893.0,221.0,4114.0,2945.0,856.0,7911.0,2338.0,1222.0,105.0,3669.0,2021,1791.0,0.49209960814056375,0.05371900826446281,0.5200353937555303,0.40956777171632397,0.3420058749475451,0.751573646663869,0.23164078892152748,0.6372308530934859,0.333060779503952,0.028618152085036794,False,False,False,False,False,False,False,False
POA3630,3630,32151.0,38.0,1287.0,2.4,3077.0,3021.0,1675.0,142.0,7919.0,13262.0,777.0,14038.0,9848.0,2092.0,25981.0,7722.0,3778.0,474.0,11969.0,2021,6098.0,0.510449944189985,0.055349764923778313,0.5403179246372349,0.3885591615102917,0.38148756156080316,0.7700467230710948,0.21151660563202423,0.6451666805915282,0.31564875929484504,0.03960230595705573,False,False,False,False,False,False,False,False
POA3631,3631,14605.0,38.0,1981.0,2.9,1482.0,2064.0,411.0,29.0,3985.0,7304.0,235.0,7538.0,3219.0,579.0,11335.0,3867.0,763.0,98.0,4724.0,2021,3546.0,0.6443758270842523,0.031175378084372513,0.6650198500220555,0.37189460476787956,0.5179422835633626,0.8898368883312422,0.10313676286072773,0.8185859441151566,0.1615156646909399,0.020745131244707875,False,False,False,False,False,False,False,False
POA3633,3633,620.0,41.0,1676.0,2.7,61.0,91.0,14.0,3.0,160.0,336.0,13.0,343.0,139.0,25.0,501.0,161.0,51.0,0.0,214.0,2021,152.0,0.6706586826347305,0.037900874635568516,0.6846307385229541,0.38125,0.56875,0.95,0.0875,0.7523364485981309,0.2383177570093458,0.0,False,False,False,False,False,False,False,False
POA3634,3634,1888.0,42.0,1652.0,2.7,213.0,232.0,72.0,6.0,520.0,953.0,19.0,977.0,390.0,136.0,1501.0,510.0,117.0,6.0,640.0,2021,445.0,0.6349100599600267,0.019447287615148412,0.6508994003997335,0.4096153846153846,0.4461538461538462,0.8557692307692307,0.13846153846153847,0.796875,0.1828125,0.009375,False,False,False,False,False,False,False,False
POA3635,3635,552.0,48.0,1416.0,2.3,76.0,56.0,12.0,0.0,149.0,278.0,12.0,285.0,136.0,48.0,468.0,146.0,63.0,3.0,215.0,2021,132.0,0.594017094017094,0.042105263157894736,0.6089743589743589,0.5100671140939598,0.37583892617449666,0.8859060402684564,0.08053691275167785,0.6790697674418604,0.2930232558139535,0.013953488372093023,False,False,False,False,False,False,False,False
POA3636,3636,5375.0,48.0,1172.0,2.3,672.0,469.0,257.0,17.0,1425.0,2216.0,83.0,2303.0,1797.0,399.0,4500.0,1402.0,683.0,47.0,2134.0,2021,1141.0,0.49244444444444446,0.03603994789405124,0.5117777777777778,0.47157894736842104,0.3291228070175439,0.8007017543859649,0.18035087719298246,0.6569821930646673,0.32005623242736647,0.022024367385192128,False,False,False,False,False,False,False,False
POA3637,3637,642.0,38.0,1431.0,2.8,68.0,82.0,19.0,0.0,171.0,300.0,5.0,309.0,137.0,42.0,490.0,168.0,31.0,3.0,200.0,2021,150.0,0.6122448979591837,0.016181229773462782,0.6306122448979592,0.39766081871345027,0.47953216374269003,0.8771929824561403,0.1111111111111111,0.84,0.155,0.015,False,False,False,False,False,False,False,False
POA3638,3638,2199.0,46.0,1184.0,2.3,252.0,212.0,97.0,8.0,561.0,1001.0,43.0,1042.0,714.0,83.0,1837.0,554.0,314.0,25.0,891.0,2021,464.0,0.5449101796407185,0.04126679462571977,0.5672291780076211,0.44919786096256686,0.3778966131907308,0.8270944741532977,0.17290552584670232,0.621773288439955,0.35241301907968575,0.028058361391694726,False,False,False,False,False,False,False,False
POA3639,3639,479.0,57.0,937.0,2.1,71.0,44.0,12.0,0.0,132.0,223.0,14.0,230.0,176.0,21.0,426.0,123.0,75.0,8.0,209.0,2021,115.0,0.5234741784037559,0.06086956521739131,0.539906103286385,0.5378787878787878,0.3333333333333333,0.8712121212121212,0.09090909090909091,0.5885167464114832,0.3588516746411483,0.03827751196172249,False,False,False,False,False,False,False,False
POA3640,3640,1025.0,38.0,1505.0,2.8,102.0,116.0,41.0,0.0,261.0,515.0,21.0,536.0,217.0,76.0,827.0,257.0,52.0,15.0,322.0,2021,218.0,0.6227327690447401,0.03917910447761194,0.6481257557436517,0.39080459770114945,0.4444444444444444,0.8352490421455939,0.15708812260536398,0.7981366459627329,0.16149068322981366,0.046583850931677016,False,False,False,False,False,False,False,False
POA3641,3641,1266.0,42.0,1339.0,2.5,145.0,129.0,49.0,5.0,329.0,563.0,17.0,576.0,329.0,94.0,999.0,317.0,127.0,15.0,455.0,2021,274.0,0.5635635635635635,0.029513888888888888,0.5765765765765766,0.44072948328267475,0.39209726443769,0.8328267477203647,0.14893617021276595,0.6967032967032967,0.27912087912087913,0.03296703296703297,False,False,False,False,False,False,False,False
POA3644,3644,9390.0,47.0,1178.0,2.3,1244.0,837.0,379.0,21.0,2483.0,3917.0,158.0,4082.0,3146.0,614.0,7839.0,2443.0,1167.0,119.0,3720.0,2021,2081.0,0.49968108177063403,0.03870651641352278,0.5207296849087893,0.5010068465565848,0.33709222714458315,0.838099073701168,0.15263793797825212,0.6567204301075269,0.31370967741935485,0.03198924731182796,False,False,False,False,False,False,False,False
POA3646,3646,601.0,49.0,1385.0,2.4,81.0,58.0,28.0,4.0,174.0,288.0,7.0,297.0,169.0,35.0,501.0,173.0,50.0,4.0,230.0,2021,139.0,0.5748502994011976,0.02356902356902357,0.592814371257485,0.46551724137931033,0.3333333333333333,0.7988505747126436,0.16091954022988506,0.7521739130434782,0.21739130434782608,0.017391304347826087,False,False,False,False,False,False,False,False
POA3647,3647,51.0,20.0,3374.0,3.3,0.0,0.0,0.0,0.0,7.0,24.0,3.0,26.0,19.0,0.0,50.0,5.0,0.0,0.0,5.0,2021,0.0,0.48,0.11538461538461539,0.52,0.0,0.0,0.0,0.0,1.0,0.0,0.0,False,True,True,True,False,False,False,False
POA3649,3649,478.0,45.0,1261.0,2.5,57.0,47.0,19.0,0.0,123.0,222.0,16.0,240.0,116.0,48.0,402.0,119.0,45.0,4.0,171.0,2021,104.0,0.5522388059701493,0.06666666666666667,0.5970149253731343,0.4634146341463415,0.3821138211382114,0.8455284552845529,0.15447154471544716,0.695906432748538,0.2631578947368421,0.023391812865497075,False,False,False,False,False,False,False,False
POA3658,3658,6251.0,41.0,1578.0,2.5,676.0,701.0,306.0,21.0,1702.0,2915.0,148.0,3059.0,1667.0,366.0,5095.0,1649.0,621.0,45.0,2317.0,2021,1377.0,0.5721295387634936,0.04838182412553122,0.6003925417075564,0.3971797884841363,0.4118683901292597,0.809048178613396,0.1797884841363102,0.7116961588260682,0.2680189900733707,0.019421665947345707,False,False,False,False,False,False,False,False
POA3659,3659,748.0,50.0,1775.0,2.5,108.0,77.0,38.0,0.0,228.0,381.0,16.0,398.0,221.0,24.0,641.0,224.0,61.0,7.0,289.0,2021,185.0,0.594383775351014,0.04020100502512563,0.6209048361934477,0.47368421052631576,0.33771929824561403,0.8114035087719298,0.16666666666666666,0.7750865051903114,0.21107266435986158,0.02422145328719723,False,False,False,False,False,False,False,False
POA3660,3660,7842.0,46.0,1214.0,2.3,897.0,659.0,467.0,35.0,2063.0,3328.0,190.0,3517.0,2603.0,573.0,6688.0,2014.0,1013.0,109.0,3137.0,2021,1556.0,0.49760765550239233,0.05402331532556156,0.5258672248803827,0.43480368395540475,0.31943771206980126,0.754241396025206,0.22636936500242366,0.6420146636914249,0.322919987248964,0.03474657315906918,False,False,False,False,False,False,False,False
POA3662,3662,1108.0,24.0,2510.0,3.2,64.0,140.0,5.0,0.0,214.0,687.0,13.0,703.0,73.0,69.0,838.0,212.0,15.0,0.0,233.0,2021,204.0,0.8198090692124105,0.01849217638691323,0.8389021479713604,0.29906542056074764,0.6542056074766355,0.9532710280373832,0.02336448598130841,0.9098712446351931,0.06437768240343347,0.0,False,False,False,False,False,False,False,False
POA3663,3663,183.0,51.0,2042.0,2.4,31.0,16.0,8.0,0.0,56.0,93.0,3.0,98.0,45.0,20.0,159.0,53.0,6.0,0.0,63.0,2021,47.0,0.5849056603773585,0.030612244897959183,0.6163522012578616,0.5535714285714286,0.2857142857142857,0.8392857142857143,0.14285714285714285,0.8412698412698413,0.09523809523809523,0.0,False,False,False,False,False,False,False,False
POA3664,3664,1139.0,49.0,1418.0,2.3,165.0,121.0,52.0,5.0,333.0,563.0,12.0,577.0,347.0,30.0,954.0,328.0,134.0,9.0,471.0,2021,286.0,0.590146750524109,0.02079722703639515,0.6048218029350105,0.4954954954954955,0.3633633633633634,0.8588588588588588,0.15615615615615616,0.6963906581740976,0.28450106157112526,0.01910828025477707,False,False,False,False,False,False,False,False
POA3665,3665,397.0,51.0,1261.0,2.4,61.0,31.0,14.0,0.0,109.0,190.0,5.0,191.0,117.0,30.0,332.0,108.0,41.0,3.0,154.0,2021,92.0,0.572289156626506,0.02617801047120419,0.5753012048192772,0.5596330275229358,0.28440366972477066,0.8440366972477065,0.12844036697247707,0.7012987012987013,0.2662337662337662,0.01948051948051948,False,False,False,False,False,False,False,False
POA3666,3666,5142.0,54.0,1153.0,2.1,745.0,409.0,222.0,23.0,1391.0,2172.0,70.0,2237.0,1778.0,424.0,4441.0,1376.0,724.0,44.0,2140.0,2021,1154.0,0.4890790362530961,0.031291908806437195,0.5037153794190498,0.5355859094176851,0.29403306973400434,0.8296189791516895,0.15959741193386054,0.6429906542056075,0.3383177570093458,0.020560747663551402,False,False,False,False,False,False,False,False
POA3669,3669,1475.0,57.0,1059.0,2.1,210.0,107.0,56.0,13.0,384.0,586.0,29.0,613.0,497.0,170.0,1281.0,384.0,212.0,18.0,609.0,2021,317.0,0.4574551131928181,0.04730831973898858,0.4785323965651834,0.546875,0.2786458333333333,0.8255208333333334,0.14583333333333334,0.6305418719211823,0.34811165845648606,0.029556650246305417,False,False,False,False,False,False,False,False
POA3670,3670,596.0,52.0,1312.0,2.3,97.0,59.0,21.0,6.0,182.0,297.0,10.0,306.0,179.0,30.0,508.0,180.0,61.0,3.0,248.0,2021,156.0,0.5846456692913385,0.032679738562091505,0.6023622047244095,0.532967032967033,0.3241758241758242,0.8571428571428571,0.11538461538461539,0.7258064516129032,0.24596774193548387,0.012096774193548387,False,False,False,False,False,False,False,False
POA3672,3672,10822.0,51.0,1142.0,2.1,1485.0,817.0,519.0,36.0,2861.0,4437.0,171.0,4615.0,3923.0,771.0,9306.0,2804.0,1657.0,143.0,4602.0,2021,2302.0,0.47678916827852996,0.037053087757313106,0.4959166129378895,0.5190492834673192,0.28556448794127925,0.8046137714085984,0.1814051031108004,0.6093003042155585,0.36006084311169056,0.031073446327683617,False,False,False,False,False,False,False,False
POA3673,3673,1818.0,52.0,1351.0,2.4,311.0,183.0,48.0,5.0,546.0,918.0,23.0,940.0,502.0,112.0,1566.0,531.0,169.0,10.0,709.0,2021,494.0,0.5862068965517241,0.02446808510638298,0.6002554278416348,0.5695970695970696,0.33516483516483514,0.9047619047619048,0.08791208791208792,0.7489421720733427,0.2383638928067701,0.014104372355430184,False,False,False,False,False,False,False,False
POA3675,3675,1936.0,48.0,1505.0,2.5,269.0,233.0,59.0,4.0,571.0,1004.0,25.0,1022.0,464.0,107.0,1595.0,556.0,149.0,7.0,719.0,2021,502.0,0.6294670846394984,0.02446183953033268,0.6407523510971787,0.4711033274956217,0.4080560420315236,0.8791593695271454,0.10332749562171628,0.7732962447844228,0.20723226703755215,0.009735744089012517,False,False,False,False,False,False,False,False
POA3677,3677,19214.0,44.0,1218.0,2.2,2141.0,1771.0,1023.0,59.0,4994.0,8563.0,317.0,8880.0,6072.0,948.0,15894.0,4926.0,2787.0,207.0,7914.0,2021,3912.0,0.5387567635585756,0.0356981981981982,0.5587013967534918,0.4287144573488186,0.35462555066079293,0.7833400080096116,0.20484581497797358,0.6224412433661866,0.3521607278241092,0.026156178923426837,False,False,False,False,False,False,False,False
POA3678,3678,6568.0,48.0,1658.0,2.6,938.0,780.0,150.0,17.0,1878.0,3419.0,54.0,3479.0,1577.0,320.0,5371.0,1844.0,499.0,43.0,2394.0,2021,1718.0,0.6365667473468628,0.015521701638401839,0.6477378514243157,0.4994675186368477,0.41533546325878595,0.9148029818956337,0.07987220447284345,0.7702589807852965,0.20843776106934,0.01796157059314954,False,False,False,False,False,False,False,False
POA3682,3682,645.0,45.0,1509.0,2.6,83.0,78.0,19.0,0.0,177.0,349.0,8.0,350.0,123.0,29.0,507.0,175.0,50.0,6.0,229.0,2021,161.0,0.6883629191321499,0.022857142857142857,0.6903353057199211,0.4689265536723164,0.4406779661016949,0.9096045197740112,0.10734463276836158,0.7641921397379913,0.2183406113537118,0.026200873362445413,False,False,False,False,False,False,False,False
POA3683,3683,1748.0,50.0,1338.0,2.2,247.0,181.0,60.0,8.0,489.0,816.0,34.0,851.0,544.0,102.0,1500.0,482.0,228.0,20.0,726.0,2021,428.0,0.544,0.0399529964747356,0.5673333333333334,0.5051124744376279,0.37014314928425357,0.8752556237218814,0.12269938650306748,0.6639118457300276,0.3140495867768595,0.027548209366391185,False,False,False,False,False,False,False,False
POA3685,3685,2935.0,49.0,1351.0,2.3,397.0,290.0,126.0,12.0,824.0,1374.0,40.0,1414.0,906.0,136.0,2465.0,813.0,354.0,20.0,1186.0,2021,687.0,0.5574036511156186,0.028288543140028287,0.573630831643002,0.4817961165048544,0.35194174757281554,0.8337378640776699,0.1529126213592233,0.6854974704890388,0.2984822934232715,0.016863406408094434,False,False,False,False,False,False,False,False
POA3687,3687,1061.0,49.0,1280.0,2.3,150.0,112.0,40.0,7.0,309.0,473.0,13.0,486.0,354.0,48.0,888.0,307.0,117.0,8.0,431.0,2021,262.0,0.5326576576576577,0.026748971193415638,0.5472972972972973,0.4854368932038835,0.36245954692556637,0.8478964401294499,0.12944983818770225,0.7122969837587007,0.271461716937355,0.018561484918793503,False,False,False,False,False,False,False,False
POA3688,3688,1334.0,42.0,1765.0,2.6,175.0,173.0,25.0,0.0,369.0,719.0,12.0,737.0,256.0,80.0,1072.0,364.0,96.0,11.0,473.0,2021,348.0,0.6707089552238806,0.016282225237449117,0.6875,0.4742547425474255,0.46883468834688347,0.943089430894309,0.06775067750677506,0.7695560253699789,0.2029598308668076,0.023255813953488372,False,False,False,False,False,False,False,False
POA3690,3690,35051.0,39.0,1400.0,2.4,3740.0,3528.0,2006.0,149.0,9422.0,16278.0,802.0,17080.0,9779.0,1472.0,28331.0,9246.0,4228.0,389.0,13858.0,2021,7268.0,0.5745649641735202,0.04695550351288056,0.6028731777911122,0.39694332413500316,0.37444279346210996,0.7713861175971132,0.21290596476331988,0.6671958435560686,0.3050945302352432,0.028070428633280416,False,False,False,False,False,False,False,False
POA3691,3691,12771.0,36.0,2076.0,2.8,1400.0,1690.0,319.0,16.0,3427.0,6750.0,148.0,6899.0,2521.0,477.0,9899.0,3360.0,680.0,76.0,4113.0,2021,3090.0,0.6818870592989191,0.021452384403536744,0.6969390847560359,0.4085205719288007,0.49314269039976655,0.9016632623285673,0.09308433031806244,0.8169219547775346,0.16532944322878676,0.018477996596158522,False,False,False,False,False,False,False,False
POA3695,3695,488.0,48.0,1823.0,2.8,75.0,61.0,12.0,0.0,150.0,279.0,3.0,279.0,107.0,20.0,407.0,143.0,27.0,0.0,171.0,2021,136.0,0.6855036855036855,0.010752688172043012,0.6855036855036855,0.5,0.4066666666666667,0.9066666666666666,0.08,0.8362573099415205,0.15789473684210525,0.0,False,False,False,False,False,False,False,False
POA3697,3697,568.0,52.0,1375.0,2.3,85.0,56.0,15.0,6.0,159.0,263.0,5.0,267.0,184.0,34.0,485.0,159.0,65.0,4.0,223.0,2021,141.0,0.5422680412371134,0.018726591760299626,0.5505154639175258,0.5345911949685535,0.3522012578616352,0.8867924528301887,0.09433962264150944,0.7130044843049327,0.2914798206278027,0.017937219730941704,False,False,False,False,False,False,False,False
POA3698,3698,1012.0,50.0,1392.0,2.2,158.0,92.0,21.0,0.0,282.0,468.0,14.0,479.0,335.0,51.0,866.0,276.0,128.0,9.0,409.0,2021,250.0,0.5404157043879908,0.029227557411273485,0.5531177829099307,0.5602836879432624,0.3262411347517731,0.8865248226950354,0.07446808510638298,0.6748166259168704,0.31295843520782396,0.022004889975550123,False,False,False,False,False,False,False,False
POA3699,3699,1242.0,41.0,1017.0,2.0,121.0,75.0,48.0,6.0,246.0,584.0,7.0,596.0,361.0,116.0,1070.0,243.0,173.0,20.0,433.0,2021,196.0,0.5457943925233645,0.01174496644295302,0.5570093457943925,0.491869918699187,0.3048780487804878,0.7967479674796748,0.1951219512195122,0.5612009237875288,0.3995381062355658,0.046189376443418015,False,False,False,False,False,False,False,False
POA3700,3700,1403.0,49.0,1223.0,2.2,196.0,127.0,48.0,4.0,374.0,605.0,29.0,634.0,451.0,89.0,1179.0,366.0,171.0,10.0,546.0,2021,323.0,0.5131467345207803,0.04574132492113565,0.53774385072095,0.5240641711229946,0.339572192513369,0.8636363636363636,0.12834224598930483,0.6703296703296703,0.3131868131868132,0.018315018315018316,False,False,False,False,False,False,False,False
POA3701,3701,1101.0,53.0,1381.0,2.3,188.0,93.0,14.0,0.0,300.0,512.0,11.0,524.0,301.0,97.0,930.0,297.0,112.0,9.0,413.0,2021,281.0,0.5505376344086022,0.02099236641221374,0.5634408602150538,0.6266666666666667,0.31,0.9366666666666666,0.04666666666666667,0.7191283292978208,0.2711864406779661,0.021791767554479417,False,False,False,False,False,False,False,False
POA3704,3704,26.0,57.0,1333.0,2.0,4.0,4.0,0.0,0.0,3.0,16.0,0.0,16.0,9.0,3.0,21.0,3.0,5.0,0.0,6.0,2021,8.0,0.7619047619047619,0.0,0.7619047619047619,,,,0.0,0.5,0.8333333333333334,0.0,True,True,True,True,False,False,True,True
POA3705,3705,254.0,54.0,1281.0,2.1,37.0,16.0,7.0,0.0,61.0,128.0,4.0,133.0,48.0,53.0,232.0,61.0,26.0,6.0,88.0,2021,53.0,0.5517241379310345,0.03007518796992481,0.5732758620689655,0.6065573770491803,0.26229508196721313,0.8688524590163934,0.11475409836065574,0.6931818181818182,0.29545454545454547,0.06818181818181818,False,False,False,False,False,False,False,False
POA3707,3707,1871.0,52.0,1111.0,2.2,264.0,161.0,51.0,9.0,483.0,833.0,37.0,863.0,570.0,143.0,1573.0,480.0,253.0,9.0,741.0,2021,425.0,0.5295613477431659,0.04287369640787949,0.5486331849968213,0.546583850931677,0.3333333333333333,0.8799171842650103,0.10559006211180125,0.6477732793522267,0.34143049932523617,0.012145748987854251,False,False,False,False,False,False,False,False
POA3708,3708,66.0,58.0,974.0,2.2,17.0,6.0,0.0,0.0,21.0,36.0,0.0,33.0,15.0,0.0,55.0,19.0,6.0,0.0,25.0,2021,23.0,0.6545454545454545,0.0,0.6,0.8095238095238095,0.2857142857142857,,0.0,0.76,0.24,0.0,False,False,True,True,False,False,True,True
POA3709,3709,307.0,62.0,1187.0,1.9,54.0,17.0,8.0,0.0,76.0,138.0,0.0,138.0,104.0,37.0,283.0,76.0,45.0,8.0,130.0,2021,71.0,0.4876325088339223,0.0,0.4876325088339223,0.7105263157894737,0.2236842105263158,0.9342105263157895,0.10526315789473684,0.5846153846153846,0.34615384615384615,0.06153846153846154,False,False,False,False,False,False,False,False
POA3711,3711,591.0,53.0,1367.0,2.2,97.0,52.0,16.0,0.0,162.0,268.0,9.0,276.0,190.0,45.0,513.0,155.0,67.0,7.0,233.0,2021,149.0,0.5224171539961013,0.03260869565217391,0.5380116959064327,0.5987654320987654,0.32098765432098764,0.9197530864197531,0.09876543209876543,0.6652360515021459,0.2875536480686695,0.030042918454935622,False,False,False,False,False,False,False,False
POA3712,3712,354.0,55.0,1067.0,2.0,55.0,28.0,12.0,0.0,90.0,164.0,5.0,165.0,125.0,22.0,312.0,92.0,66.0,5.0,166.0,2021,83.0,0.5256410256410257,0.030303030303030304,0.5288461538461539,0.6111111111111112,0.3111111111111111,0.9222222222222223,0.13333333333333333,0.5542168674698795,0.39759036144578314,0.030120481927710843,False,False,False,False,False,False,False,False
POA3713,3713,1023.0,57.0,946.0,1.9,146.0,53.0,40.0,5.0,240.0,390.0,22.0,414.0,414.0,84.0,920.0,242.0,208.0,23.0,466.0,2021,199.0,0.42391304347826086,0.05314009661835749,0.45,0.6083333333333333,0.22083333333333333,0.8291666666666667,0.16666666666666666,0.51931330472103,0.44635193133047213,0.04935622317596566,False,False,False,False,False,False,False,False
POA3714,3714,3749.0,52.0,1155.0,2.2,538.0,334.0,145.0,8.0,1037.0,1624.0,51.0,1674.0,1370.0,168.0,3206.0,1016.0,546.0,36.0,1599.0,2021,872.0,0.5065502183406113,0.03046594982078853,0.5221459762944479,0.5188042430086789,0.32208293153326906,0.840887174541948,0.1398264223722276,0.6353971232020013,0.34146341463414637,0.0225140712945591,False,False,False,False,False,False,False,False
POA3715,3715,371.0,53.0,1187.0,2.3,65.0,28.0,11.0,0.0,111.0,176.0,6.0,185.0,101.0,35.0,315.0,110.0,35.0,3.0,148.0,2021,93.0,0.5587301587301587,0.032432432432432434,0.5873015873015873,0.5855855855855856,0.25225225225225223,0.8378378378378378,0.0990990990990991,0.7432432432432432,0.23648648648648649,0.02027027027027027,False,False,False,False,False,False,False,False
POA3717,3717,3544.0,53.0,1216.0,2.2,511.0,291.0,141.0,11.0,949.0,1477.0,78.0,1552.0,1190.0,304.0,3049.0,932.0,454.0,37.0,1427.0,2021,802.0,0.4844211216792391,0.05025773195876289,0.5090193506067563,0.5384615384615384,0.3066385669125395,0.845100105374078,0.14857744994731295,0.6531184302733006,0.3181499649614576,0.02592852137351086,False,False,False,False,False,False,False,False
POA3718,3718,91.0,61.0,1249.0,2.1,19.0,3.0,6.0,0.0,28.0,49.0,0.0,49.0,30.0,9.0,84.0,24.0,9.0,0.0,37.0,2021,22.0,0.5833333333333334,0.0,0.5833333333333334,0.6785714285714286,0.10714285714285714,0.7857142857142857,0.21428571428571427,0.6486486486486487,0.24324324324324326,0.0,False,False,True,False,False,False,False,False
POA3719,3719,420.0,56.0,1268.0,2.2,81.0,34.0,13.0,0.0,135.0,207.0,5.0,214.0,135.0,26.0,376.0,127.0,44.0,0.0,174.0,2021,115.0,0.550531914893617,0.02336448598130841,0.5691489361702128,0.6,0.2518518518518518,0.8518518518518519,0.0962962962962963,0.7298850574712644,0.25287356321839083,0.0,False,False,False,False,False,False,False,False
POA3720,3720,666.0,54.0,1315.0,2.2,119.0,54.0,18.0,0.0,195.0,335.0,6.0,341.0,218.0,38.0,608.0,191.0,78.0,4.0,276.0,2021,173.0,0.5509868421052632,0.017595307917888565,0.5608552631578947,0.6102564102564103,0.27692307692307694,0.8871794871794871,0.09230769230769231,0.6920289855072463,0.2826086956521739,0.014492753623188406,False,False,False,False,False,False,False,False
POA3722,3722,5815.0,47.0,1360.0,2.3,785.0,556.0,211.0,16.0,1566.0,2739.0,51.0,2789.0,1701.0,266.0,4758.0,1542.0,675.0,42.0,2266.0,2021,1341.0,0.5756620428751577,0.01828612405880244,0.5861706599411517,0.5012771392081737,0.3550446998722861,0.8563218390804598,0.13473818646232438,0.6804942630185349,0.2978817299205649,0.018534863195057368,False,False,False,False,False,False,False,False
POA3723,3723,3727.0,47.0,1293.0,2.2,488.0,258.0,77.0,0.0,826.0,1554.0,30.0,1580.0,1077.0,459.0,3118.0,810.0,380.0,32.0,1218.0,2021,746.0,0.49839640795381657,0.0189873417721519,0.5067350865939705,0.5907990314769975,0.31234866828087166,0.9031476997578692,0.09322033898305085,0.6650246305418719,0.31198686371100165,0.026272577996715927,False,False,False,False,False,False,False,False
POA3725,3725,645.0,49.0,1475.0,2.5,98.0,69.0,12.0,0.0,176.0,304.0,10.0,306.0,172.0,53.0,527.0,171.0,54.0,5.0,229.0,2021,167.0,0.5768500948766604,0.032679738562091505,0.5806451612903226,0.5568181818181818,0.39204545454545453,0.9488636363636364,0.06818181818181818,0.7467248908296943,0.23580786026200873,0.021834061135371178,False,False,False,False,False,False,False,False
POA3726,3726,411.0,52.0,1112.0,2.4,59.0,40.0,8.0,0.0,114.0,176.0,9.0,186.0,128.0,43.0,347.0,113.0,45.0,0.0,159.0,2021,99.0,0.5072046109510087,0.04838709677419355,0.5360230547550432,0.5175438596491229,0.3508771929824561,0.868421052631579,0.07017543859649122,0.710691823899371,0.2830188679245283,0.0,False,False,False,False,False,False,False,False
POA3727,3727,303.0,52.0,1087.0,2.4,45.0,29.0,13.0,0.0,89.0,120.0,4.0,129.0,105.0,22.0,257.0,85.0,20.0,8.0,112.0,2021,74.0,0.4669260700389105,0.031007751937984496,0.5019455252918288,0.5056179775280899,0.3258426966292135,0.8314606741573034,0.14606741573033707,0.7589285714285714,0.17857142857142858,0.07142857142857142,False,False,False,False,False,False,False,False
POA3728,3728,687.0,47.0,1190.0,2.3,95.0,61.0,33.0,6.0,196.0,301.0,14.0,315.0,210.0,36.0,556.0,197.0,80.0,5.0,278.0,2021,156.0,0.5413669064748201,0.044444444444444446,0.5665467625899281,0.4846938775510204,0.3112244897959184,0.7959183673469388,0.1683673469387755,0.7086330935251799,0.28776978417266186,0.017985611510791366,False,False,False,False,False,False,False,False
POA3730,3730,9719.0,51.0,1192.0,2.3,1449.0,868.0,371.0,20.0,2699.0,3946.0,110.0,4048.0,3583.0,545.0,8178.0,2655.0,1099.0,88.0,3839.0,2021,2317.0,0.48251406211787723,0.02717391304347826,0.49498654927855223,0.5368655057428677,0.32160059281215264,0.8584660985550204,0.13745831789551685,0.6915863506121386,0.2862724667882261,0.022922636103151862,False,False,False,False,False,False,False,False
POA3732,3732,608.0,48.0,1381.0,2.4,88.0,62.0,24.0,3.0,175.0,301.0,8.0,314.0,150.0,44.0,506.0,169.0,55.0,5.0,238.0,2021,150.0,0.5948616600790514,0.025477707006369428,0.6205533596837944,0.5028571428571429,0.35428571428571426,0.8571428571428571,0.13714285714285715,0.7100840336134454,0.23109243697478993,0.02100840336134454,False,False,False,False,False,False,False,False
POA3733,3733,220.0,53.0,1137.0,2.1,42.0,11.0,8.0,5.0,62.0,117.0,3.0,115.0,57.0,10.0,188.0,61.0,35.0,4.0,99.0,2021,53.0,0.6223404255319149,0.02608695652173913,0.6117021276595744,0.6774193548387096,0.1774193548387097,0.8548387096774194,0.12903225806451613,0.6161616161616161,0.35353535353535354,0.04040404040404041,False,False,False,False,False,False,False,False
POA3735,3735,638.0,50.0,1531.0,2.4,108.0,69.0,23.0,5.0,194.0,364.0,9.0,374.0,140.0,30.0,540.0,194.0,62.0,0.0,253.0,2021,177.0,0.674074074074074,0.02406417112299465,0.6925925925925925,0.5567010309278351,0.3556701030927835,0.9123711340206185,0.11855670103092783,0.766798418972332,0.2450592885375494,0.0,False,False,False,False,False,False,False,False
POA3737,3737,4426.0,50.0,1211.0,2.3,646.0,430.0,161.0,14.0,1251.0,2093.0,54.0,2154.0,1422.0,190.0,3768.0,1233.0,549.0,38.0,1818.0,2021,1076.0,0.5554670912951167,0.025069637883008356,0.571656050955414,0.5163868904876099,0.3437250199840128,0.8601119104716227,0.1286970423661071,0.6782178217821783,0.30198019801980197,0.020902090209020903,False,False,False,False,False,False,False,False
POA3738,3738,197.0,49.0,1406.0,2.2,35.0,17.0,5.0,0.0,60.0,108.0,4.0,107.0,50.0,12.0,169.0,56.0,22.0,0.0,82.0,2021,52.0,0.6390532544378699,0.037383177570093455,0.6331360946745562,0.5833333333333334,0.2833333333333333,0.8666666666666667,0.08333333333333333,0.6829268292682927,0.2682926829268293,0.0,False,False,False,False,False,False,False,False
POA3739,3739,239.0,50.0,1362.0,2.3,39.0,15.0,12.0,3.0,62.0,122.0,3.0,120.0,48.0,28.0,204.0,61.0,24.0,0.0,86.0,2021,54.0,0.5980392156862745,0.025,0.5882352941176471,0.6290322580645161,0.24193548387096775,0.8709677419354839,0.1935483870967742,0.7093023255813954,0.27906976744186046,0.0,False,False,False,False,False,False,False,False
POA3740,3740,1183.0,46.0,1567.0,2.5,166.0,136.0,32.0,4.0,337.0,634.0,10.0,644.0,295.0,39.0,977.0,334.0,94.0,10.0,431.0,2021,302.0,0.6489252814738997,0.015527950310559006,0.6591606960081884,0.49258160237388726,0.4035608308605341,0.8961424332344213,0.09495548961424333,0.7749419953596288,0.21809744779582366,0.02320185614849188,False,False,False,False,False,False,False,False
POA3741,3741,3426.0,48.0,1389.0,2.2,482.0,296.0,107.0,7.0,882.0,1632.0,29.0,1660.0,958.0,306.0,2928.0,870.0,401.0,49.0,1321.0,2021,778.0,0.5573770491803278,0.01746987951807229,0.5669398907103825,0.546485260770975,0.3356009070294785,0.8820861678004536,0.12131519274376418,0.6585919757759273,0.303557910673732,0.03709311127933384,False,False,False,False,False,False,False,False
POA3744,3744,522.0,47.0,1615.0,2.5,62.0,58.0,12.0,0.0,143.0,223.0,4.0,230.0,145.0,33.0,410.0,135.0,39.0,4.0,182.0,2021,120.0,0.5439024390243903,0.017391304347826087,0.5609756097560976,0.43356643356643354,0.40559440559440557,0.8391608391608392,0.08391608391608392,0.7417582417582418,0.21428571428571427,0.02197802197802198,False,False,False,False,False,False,False,False
POA3746,3746,382.0,52.0,1312.0,2.3,55.0,47.0,7.0,4.0,113.0,157.0,13.0,172.0,139.0,20.0,331.0,106.0,45.0,3.0,155.0,2021,102.0,0.4743202416918429,0.0755813953488372,0.5196374622356495,0.48672566371681414,0.415929203539823,0.9026548672566371,0.061946902654867256,0.6838709677419355,0.2903225806451613,0.01935483870967742,False,False,False,False,False,False,False,False
POA3747,3747,5054.0,49.0,1436.0,2.3,711.0,479.0,193.0,10.0,1389.0,2349.0,66.0,2411.0,1635.0,214.0,4254.0,1368.0,578.0,46.0,1995.0,2021,1190.0,0.5521861777150917,0.027374533388635422,0.5667606958157029,0.5118790496760259,0.34485241180705545,0.8567314614830813,0.13894888408927286,0.6857142857142857,0.28972431077694233,0.02305764411027569,False,False,False,False,False,False,False,False
POA3749,3749,2123.0,50.0,1663.0,2.5,303.0,240.0,60.0,3.0,602.0,1001.0,18.0,1025.0,608.0,91.0,1726.0,592.0,182.0,5.0,779.0,2021,543.0,0.5799536500579374,0.0175609756097561,0.5938586326767091,0.5033222591362126,0.39867109634551495,0.9019933554817275,0.09966777408637874,0.7599486521181001,0.2336328626444159,0.006418485237483954,False,False,False,False,False,False,False,False
POA3750,3750,24407.0,30.0,1979.0,3.3,1540.0,4107.0,763.0,96.0,6501.0,11246.0,749.0,11998.0,4526.0,780.0,17301.0,6215.0,875.0,166.0,7257.0,2021,5647.0,0.6500202300445062,0.062427071178529754,0.6934859256690364,0.23688663282571912,0.6317489616982003,0.8686355945239194,0.11736655899092448,0.8564144963483533,0.12057323963070139,0.022874466032795922,False,False,False,False,False,False,False,False
POA3751,3751,150.0,53.0,1375.0,2.7,15.0,16.0,3.0,0.0,43.0,58.0,0.0,62.0,51.0,16.0,128.0,39.0,9.0,5.0,46.0,2021,31.0,0.453125,0.0,0.484375,0.3488372093023256,0.37209302325581395,0.7209302325581395,0.06976744186046512,0.8478260869565217,0.1956521739130435,0.10869565217391304,False,False,False,False,False,False,False,False
POA3752,3752,24989.0,36.0,2078.0,3.0,1736.0,3960.0,1034.0,77.0,6813.0,12943.0,704.0,13653.0,5465.0,659.0,19773.0,6616.0,1264.0,155.0,8033.0,2021,5696.0,0.6545794770646841,0.051563758880832054,0.6904870277651343,0.25480698664318213,0.5812417437252312,0.8360487303684133,0.15176867752825482,0.8236026391136562,0.15735092742437445,0.01929540644840035,False,False,False,False,False,False,False,False
POA3753,3753,4642.0,32.0,2266.0,3.2,351.0,762.0,137.0,7.0,1267.0,2350.0,105.0,2454.0,747.0,177.0,3378.0,1223.0,151.0,21.0,1396.0,2021,1113.0,0.6956779159265838,0.042787286063569685,0.7264653641207816,0.2770323599052881,0.601420678768745,0.8784530386740331,0.10812943962115233,0.8760744985673352,0.10816618911174786,0.01504297994269341,False,False,False,False,False,False,False,False
POA3754,3754,50494.0,33.0,2086.0,3.0,3575.0,7986.0,2303.0,138.0,13998.0,25205.0,1321.0,26523.0,9200.0,1167.0,36898.0,13646.0,2376.0,265.0,16292.0,2021,11561.0,0.6830993549785896,0.049805828903216075,0.718819448208575,0.25539362766109447,0.5705100728675525,0.8259037005286469,0.16452350335762253,0.8375890007365578,0.14583844831819298,0.016265651853670512,False,False,False,False,False,False,False,False
POA3755,3755,246.0,48.0,1520.0,2.7,29.0,32.0,7.0,0.0,69.0,100.0,5.0,104.0,82.0,27.0,213.0,70.0,10.0,0.0,81.0,2021,61.0,0.4694835680751174,0.04807692307692308,0.48826291079812206,0.42028985507246375,0.463768115942029,0.8840579710144928,0.10144927536231885,0.8641975308641975,0.12345679012345678,0.0,False,False,False,False,False,False,False,False
POA3756,3756,15931.0,33.0,1910.0,2.9,1356.0,2242.0,746.0,45.0,4398.0,7744.0,385.0,8129.0,3336.0,612.0,12069.0,4227.0,846.0,93.0,5166.0,2021,3598.0,0.6416438810174828,0.04736129905277402,0.6735437898748861,0.3083219645293315,0.5097771714415643,0.8180991359708959,0.1696225557071396,0.8182346109175378,0.16376306620209058,0.018002322880371662,False,False,False,False,False,False,False,False
POA3757,3757,9735.0,41.0,1754.0,2.8,910.0,1243.0,429.0,28.0,2606.0,4548.0,154.0,4706.0,2623.0,556.0,7891.0,2513.0,672.0,53.0,3241.0,2021,2153.0,0.5763528069953111,0.03272418189545261,0.5963756177924218,0.34919416730621644,0.4769762087490407,0.8261703760552571,0.16462010744435918,0.775377969762419,0.20734341252699784,0.01635297747608763,False,False,False,False,False,False,False,False
POA3758,3758,2281.0,40.0,2091.0,2.9,228.0,327.0,56.0,4.0,618.0,1117.0,32.0,1145.0,503.0,144.0,1796.0,597.0,102.0,15.0,712.0,2021,555.0,0.6219376391982183,0.02794759825327511,0.6375278396436526,0.36893203883495146,0.529126213592233,0.8980582524271845,0.09061488673139159,0.8384831460674157,0.14325842696629212,0.021067415730337078,False,False,False,False,False,False,False,False
POA3759,3759,1063.0,48.0,2367.0,2.9,120.0,143.0,41.0,4.0,305.0,578.0,16.0,597.0,262.0,38.0,897.0,298.0,47.0,7.0,351.0,2021,263.0,0.6443701226309922,0.02680067001675042,0.6655518394648829,0.39344262295081966,0.46885245901639344,0.8622950819672132,0.13442622950819672,0.8490028490028491,0.1339031339031339,0.019943019943019943,False,False,False,False,False,False,False,False
POA3760,3760,356.0,49.0,2468.0,2.9,34.0,57.0,11.0,0.0,98.0,209.0,4.0,215.0,68.0,16.0,299.0,100.0,16.0,0.0,116.0,2021,91.0,0.6989966555183946,0.018604651162790697,0.7190635451505016,0.3469387755102041,0.5816326530612245,0.9285714285714286,0.11224489795918367,0.8620689655172413,0.13793103448275862,0.0,False,False,False,False,False,False,False,False
POA3761,3761,1186.0,46.0,2216.0,2.8,134.0,157.0,55.0,0.0,345.0,587.0,20.0,608.0,322.0,60.0,993.0,327.0,57.0,10.0,398.0,2021,291.0,0.5911379657603223,0.03289473684210526,0.6122860020140987,0.3884057971014493,0.45507246376811594,0.8434782608695652,0.15942028985507245,0.821608040201005,0.14321608040201006,0.02512562814070352,False,False,False,False,False,False,False,False
POA3762,3762,117.0,48.0,2036.0,2.7,14.0,12.0,0.0,0.0,35.0,62.0,4.0,63.0,15.0,9.0,94.0,29.0,7.0,0.0,41.0,2021,26.0,0.6595744680851063,0.06349206349206349,0.6702127659574468,0.4,0.34285714285714286,0.7428571428571429,0.0,0.7073170731707317,0.17073170731707318,0.0,False,False,False,False,False,False,False,False
POA3763,3763,1662.0,43.0,1737.0,2.6,198.0,199.0,57.0,4.0,457.0,848.0,30.0,881.0,387.0,100.0,1378.0,448.0,144.0,16.0,608.0,2021,397.0,0.6153846153846154,0.0340522133938706,0.6393323657474601,0.43326039387308535,0.43544857768052514,0.8687089715536105,0.12472647702407003,0.7368421052631579,0.23684210526315788,0.02631578947368421,False,False,False,False,False,False,False,False
POA3764,3764,10578.0,41.0,1597.0,2.6,1138.0,1242.0,453.0,32.0,2868.0,4875.0,225.0,5097.0,2964.0,539.0,8598.0,2796.0,952.0,67.0,3812.0,2021,2380.0,0.5669923237962317,0.04414361389052384,0.5928122819260293,0.396792189679219,0.4330543933054393,0.8298465829846583,0.1579497907949791,0.7334732423924449,0.2497376705141658,0.01757607555089192,False,False,False,False,False,False,False,False
POA3765,3765,6900.0,41.0,2088.0,2.8,676.0,1004.0,218.0,15.0,1907.0,3473.0,110.0,3580.0,1787.0,182.0,5550.0,1841.0,448.0,31.0,2323.0,2021,1680.0,0.6257657657657658,0.030726256983240222,0.645045045045045,0.3544834819087572,0.5264813843733613,0.8809648662821186,0.11431567907708443,0.7925096857511839,0.1928540680154972,0.01334481274214378,False,False,False,False,False,False,False,False
POA3766,3766,1277.0,43.0,2087.0,2.6,138.0,181.0,34.0,0.0,354.0,664.0,25.0,687.0,316.0,28.0,1031.0,350.0,101.0,11.0,468.0,2021,319.0,0.6440349175557711,0.036390101892285295,0.6663433559650824,0.3898305084745763,0.5112994350282486,0.9011299435028248,0.096045197740113,0.7478632478632479,0.21581196581196582,0.023504273504273504,False,False,False,False,False,False,False,False
POA3767,3767,1271.0,45.0,2055.0,2.6,161.0,153.0,44.0,0.0,358.0,640.0,28.0,669.0,352.0,31.0,1050.0,352.0,99.0,14.0,459.0,2021,314.0,0.6095238095238096,0.04185351270553064,0.6371428571428571,0.44972067039106145,0.4273743016759777,0.8770949720670391,0.12290502793296089,0.7668845315904139,0.21568627450980393,0.030501089324618737,False,False,False,False,False,False,False,False
POA3770,3770,3306.0,40.0,2014.0,2.8,375.0,443.0,116.0,10.0,944.0,1765.0,43.0,1808.0,731.0,135.0,2682.0,915.0,169.0,13.0,1100.0,2021,818.0,0.6580909768829232,0.023783185840707963,0.674123788217748,0.3972457627118644,0.4692796610169492,0.8665254237288136,0.1228813559322034,0.8318181818181818,0.15363636363636363,0.011818181818181818,False,False,False,False,False,False,False,False
POA3775,3775,4080.0,44.0,1875.0,2.7,482.0,550.0,127.0,15.0,1177.0,2097.0,48.0,2145.0,1015.0,187.0,3357.0,1149.0,264.0,22.0,1430.0,2021,1032.0,0.6246648793565683,0.022377622377622378,0.6389633601429848,0.40951571792693287,0.4672897196261682,0.8768054375531011,0.10790144435004248,0.8034965034965035,0.18461538461538463,0.015384615384615385,False,False,False,False,False,False,False,False
POA3777,3777,10922.0,46.0,1517.0,2.5,1307.0,1192.0,496.0,30.0,3022.0,5142.0,176.0,5319.0,3295.0,500.0,9112.0,2966.0,1060.0,85.0,4105.0,2021,2499.0,0.5643107989464442,0.03308892648994172,0.5837357330992098,0.4324950363997353,0.3944407677035076,0.8269358041032429,0.16412971542025148,0.7225334957369062,0.2582216808769793,0.020706455542021926,False,False,False,False,False,False,False,False
POA3778,3778,201.0,51.0,1542.0,2.2,27.0,21.0,4.0,0.0,55.0,117.0,5.0,114.0,45.0,6.0,169.0,55.0,24.0,0.0,84.0,2021,48.0,0.6923076923076923,0.043859649122807015,0.6745562130177515,0.4909090909090909,0.38181818181818183,0.8727272727272727,0.07272727272727272,0.6547619047619048,0.2857142857142857,0.0,False,False,False,False,False,False,False,False
POA3779,3779,501.0,59.0,1078.0,2.0,109.0,29.0,13.0,0.0,153.0,196.0,12.0,206.0,207.0,36.0,453.0,152.0,64.0,3.0,224.0,2021,138.0,0.4326710816777042,0.05825242718446602,0.45474613686534215,0.7124183006535948,0.1895424836601307,0.9019607843137255,0.08496732026143791,0.6785714285714286,0.2857142857142857,0.013392857142857142,False,False,False,False,False,False,False,False
POA3781,3781,4638.0,36.0,1993.0,2.9,408.0,646.0,179.0,4.0,1241.0,2321.0,83.0,2404.0,896.0,311.0,3606.0,1196.0,269.0,33.0,1501.0,2021,1054.0,0.6436494731003882,0.034525790349417634,0.6666666666666666,0.3287671232876712,0.5205479452054794,0.8493150684931506,0.1442385173247381,0.7968021319120586,0.17921385742838108,0.021985343104596936,False,False,False,False,False,False,False,False
POA3782,3782,7974.0,43.0,2133.0,2.8,907.0,1119.0,249.0,11.0,2281.0,4146.0,137.0,4283.0,2019.0,221.0,6521.0,2215.0,467.0,47.0,2733.0,2021,2026.0,0.6357920564330625,0.03198692505253327,0.6568011041251341,0.3976326172731258,0.49057430951337133,0.8882069267864972,0.10916264796142043,0.8104646908159532,0.1708744968898646,0.017197219173069888,False,False,False,False,False,False,False,False
POA3783,3783,2559.0,41.0,2002.0,2.8,250.0,345.0,75.0,7.0,675.0,1255.0,38.0,1290.0,533.0,218.0,2039.0,646.0,152.0,14.0,812.0,2021,595.0,0.6154977930358019,0.02945736434108527,0.6326630701324178,0.37037037037037035,0.5111111111111111,0.8814814814814815,0.1111111111111111,0.7955665024630542,0.18719211822660098,0.017241379310344827,False,False,False,False,False,False,False,False
POA3785,3785,69.0,39.0,2187.0,2.7,10.0,5.0,3.0,0.0,24.0,32.0,3.0,35.0,13.0,0.0,54.0,19.0,0.0,0.0,24.0,2021,15.0,0.5925925925925926,0.08571428571428572,0.6481481481481481,0.4166666666666667,0.20833333333333334,0.625,0.125,0.7916666666666666,0.0,0.0,False,False,True,True,False,False,False,False
POA3786,3786,1524.0,45.0,2393.0,2.7,178.0,220.0,31.0,4.0,439.0,808.0,30.0,849.0,368.0,43.0,1253.0,422.0,103.0,5.0,531.0,2021,398.0,0.644852354349561,0.0353356890459364,0.6775738228252195,0.4054669703872437,0.5011389521640092,0.9066059225512528,0.07061503416856492,0.7947269303201506,0.19397363465160075,0.009416195856873822,False,False,False,False,False,False,False,False
POA3787,3787,961.0,47.0,2153.0,2.6,126.0,129.0,46.0,4.0,304.0,527.0,19.0,542.0,246.0,28.0,819.0,295.0,59.0,9.0,354.0,2021,255.0,0.6434676434676435,0.03505535055350553,0.6617826617826618,0.4144736842105263,0.4243421052631579,0.8388157894736842,0.1513157894736842,0.8333333333333334,0.16666666666666666,0.025423728813559324,False,False,False,False,False,False,False,False
POA3788,3788,1773.0,45.0,1995.0,2.5,205.0,217.0,73.0,5.0,494.0,892.0,36.0,929.0,465.0,62.0,1456.0,480.0,148.0,10.0,644.0,2021,422.0,0.6126373626373627,0.038751345532831,0.6380494505494505,0.4149797570850202,0.4392712550607287,0.854251012145749,0.14777327935222673,0.7453416149068323,0.22981366459627328,0.015527950310559006,False,False,False,False,False,False,False,False
POA3789,3789,294.0,47.0,2408.0,2.7,40.0,39.0,6.0,0.0,82.0,137.0,7.0,140.0,85.0,9.0,239.0,81.0,19.0,3.0,106.0,2021,79.0,0.5732217573221757,0.05,0.5857740585774058,0.4878048780487805,0.47560975609756095,0.9634146341463414,0.07317073170731707,0.7641509433962265,0.1792452830188679,0.02830188679245283,False,False,False,False,False,False,False,False
POA3791,3791,1418.0,47.0,2003.0,2.5,198.0,179.0,49.0,3.0,430.0,744.0,32.0,779.0,392.0,33.0,1208.0,420.0,125.0,9.0,554.0,2021,377.0,0.6158940397350994,0.0410783055198973,0.6448675496688742,0.4604651162790698,0.41627906976744183,0.8767441860465116,0.11395348837209303,0.7581227436823105,0.22563176895306858,0.016245487364620937,False,False,False,False,False,False,False,False
POA3792,3792,1046.0,46.0,2092.0,2.7,139.0,148.0,38.0,4.0,317.0,543.0,19.0,562.0,270.0,15.0,844.0,314.0,53.0,5.0,370.0,2021,287.0,0.6433649289099526,0.033807829181494664,0.6658767772511849,0.4384858044164038,0.4668769716088328,0.9053627760252366,0.11987381703470032,0.8486486486486486,0.14324324324324325,0.013513513513513514,False,False,False,False,False,False,False,False
POA3793,3793,3651.0,41.0,1722.0,2.7,369.0,481.0,160.0,14.0,1026.0,1763.0,60.0,1824.0,1000.0,123.0,2941.0,998.0,272.0,30.0,1301.0,2021,850.0,0.5994559673580415,0.03289473684210526,0.6201972118327099,0.35964912280701755,0.46881091617933723,0.8284600389863548,0.15594541910331383,0.7671022290545734,0.20906994619523445,0.023059185242121444,False,False,False,False,False,False,False,False
POA3795,3795,1323.0,41.0,2158.0,3.0,149.0,183.0,29.0,0.0,361.0,691.0,18.0,714.0,309.0,44.0,1068.0,340.0,67.0,10.0,416.0,2021,332.0,0.647003745318352,0.025210084033613446,0.6685393258426966,0.41274238227146814,0.5069252077562327,0.9196675900277008,0.08033240997229917,0.8173076923076923,0.16105769230769232,0.02403846153846154,False,False,False,False,False,False,False,False
POA3796,3796,9799.0,38.0,2045.0,2.8,970.0,1439.0,339.0,31.0,2776.0,5289.0,180.0,5471.0,2200.0,159.0,7831.0,2706.0,612.0,66.0,3378.0,2021,2409.0,0.675392670157068,0.03290074940595869,0.6986336355510152,0.34942363112391933,0.5183717579250721,0.8677953890489913,0.12211815561959655,0.8010657193605684,0.1811722912966252,0.019538188277087035,False,False,False,False,False,False,False,False
POA3797,3797,3764.0,44.0,1335.0,2.5,388.0,417.0,158.0,12.0,971.0,1655.0,64.0,1715.0,1118.0,260.0,3090.0,938.0,387.0,30.0,1349.0,2021,805.0,0.5355987055016181,0.037317784256559766,0.5550161812297735,0.3995880535530381,0.4294541709577755,0.8290422245108136,0.1627188465499485,0.6953298739807264,0.28687916975537436,0.02223869532987398,False,False,False,False,False,False,False,False
POA3799,3799,5951.0,46.0,1226.0,2.3,616.0,534.0,334.0,26.0,1508.0,2482.0,136.0,2619.0,1861.0,522.0,5005.0,1475.0,767.0,72.0,2315.0,2021,1150.0,0.4959040959040959,0.051928216876670485,0.5232767232767233,0.40848806366047746,0.3541114058355438,0.7625994694960212,0.22148541114058357,0.6371490280777538,0.33131749460043197,0.031101511879049675,False,False,False,False,False,False,False,False
POA3802,3802,24455.0,39.0,1740.0,2.9,2223.0,3489.0,1040.0,86.0,6842.0,11135.0,768.0,11905.0,7291.0,949.0,20150.0,6558.0,1262.0,199.0,8016.0,2021,5712.0,0.5526054590570719,0.06451070978580428,0.5908188585607941,0.32490499853843907,0.5099386144402221,0.8348436129786612,0.15200233849751535,0.8181137724550899,0.15743512974051896,0.024825349301397206,False,False,False,False,False,False,False,False
POA3803,3803,11355.0,36.0,1489.0,3.0,883.0,1446.0,486.0,44.0,2857.0,4572.0,387.0,4959.0,3540.0,623.0,9124.0,2724.0,685.0,116.0,3530.0,2021,2329.0,0.501096010521701,0.0780399274047187,0.54351161771153,0.30906545327266366,0.5061253062653133,0.8151907595379769,0.17010850542527126,0.771671388101983,0.19405099150141644,0.03286118980169972,False,False,False,False,False,False,False,False
POA3804,3804,8466.0,42.0,2630.0,3.4,787.0,1330.0,171.0,21.0,2303.0,4277.0,168.0,4445.0,2200.0,344.0,6987.0,2140.0,189.0,26.0,2358.0,2021,2117.0,0.612136825533133,0.03779527559055118,0.6361814798912265,0.3417281806339557,0.5775075987841946,0.9192357794181503,0.07425097698653929,0.90754877014419,0.08015267175572519,0.01102629346904156,False,False,False,False,False,False,False,False
POA3805,3805,58600.0,35.0,1942.0,3.1,4268.0,8712.0,2502.0,202.0,15687.0,28461.0,1832.0,30294.0,14097.0,2042.0,46432.0,14930.0,2633.0,357.0,17929.0,2021,12980.0,0.6129608890420399,0.06047402125833498,0.6524379738111648,0.2720724166507299,0.555364314400459,0.8274367310511889,0.15949512335054503,0.8327290981092086,0.1468570472418986,0.01991187461654303,False,False,False,False,False,False,False,False
POA3806,3806,51308.0,38.0,2122.0,2.9,4289.0,7816.0,1904.0,119.0,14118.0,25882.0,1327.0,27207.0,11875.0,1570.0,40653.0,13717.0,2939.0,295.0,16948.0,2021,12105.0,0.6366565813101124,0.04877421251883706,0.6692495018817799,0.30379657175237285,0.5536194928460122,0.857416064598385,0.13486329508428957,0.8093580363464715,0.17341279206986074,0.017406183620486192,False,False,False,False,False,False,False,False
POA3807,3807,7655.0,39.0,2303.0,2.9,653.0,1198.0,233.0,21.0,2101.0,4210.0,152.0,4362.0,1611.0,211.0,6181.0,2046.0,437.0,38.0,2524.0,2021,1851.0,0.681119559941757,0.03484640073360844,0.7057110499919107,0.3108043788672061,0.5702046644455021,0.8810090433127082,0.11089957163255593,0.8106180665610143,0.1731378763866878,0.015055467511885896,False,False,False,False,False,False,False,False
POA3808,3808,3147.0,42.0,2731.0,3.1,289.0,498.0,56.0,5.0,843.0,1680.0,48.0,1725.0,646.0,141.0,2512.0,822.0,102.0,7.0,925.0,2021,787.0,0.6687898089171974,0.02782608695652174,0.6867038216560509,0.3428232502965599,0.5907473309608541,0.933570581257414,0.066429418742586,0.8886486486486487,0.11027027027027027,0.0075675675675675675,False,False,False,False,False,False,False,False
POA3809,3809,19662.0,31.0,2123.0,2.9,1691.0,2941.0,806.0,68.0,5507.0,10526.0,468.0,10991.0,3225.0,557.0,14770.0,5375.0,1079.0,141.0,6593.0,2021,4632.0,0.7126607989167231,0.04258029296697298,0.7441435341909276,0.3070637370619212,0.5340475758126021,0.8411113128745233,0.14635917922643907,0.8152586076141362,0.1636584256029122,0.021386318822994084,False,False,False,False,False,False,False,False
POA3810,3810,55588.0,33.0,1677.0,2.8,4638.0,7145.0,2836.0,221.0,14845.0,26180.0,1441.0,27624.0,12482.0,2210.0,42311.0,14336.0,4056.0,524.0,18914.0,2021,11783.0,0.6187516248729644,0.05216478424558355,0.65287986575595,0.3124284270798249,0.4813068373189626,0.7937352643987875,0.19104075446278207,0.7579570688378978,0.21444432695357937,0.027704345987099505,False,False,False,False,False,False,False,False
POA3812,3812,2488.0,42.0,2014.0,2.9,257.0,326.0,77.0,8.0,674.0,1291.0,43.0,1334.0,541.0,159.0,2032.0,635.0,130.0,12.0,783.0,2021,583.0,0.6353346456692913,0.03223388305847077,0.656496062992126,0.38130563798219586,0.4836795252225519,0.8649851632047477,0.1142433234421365,0.8109833971902938,0.16602809706257982,0.01532567049808429,False,False,False,False,False,False,False,False
POA3813,3813,963.0,43.0,2111.0,2.9,96.0,118.0,36.0,0.0,250.0,495.0,18.0,515.0,223.0,70.0,809.0,242.0,62.0,5.0,311.0,2021,214.0,0.6118665018541409,0.03495145631067961,0.6365883807169345,0.384,0.472,0.856,0.144,0.7781350482315113,0.19935691318327975,0.01607717041800643,False,False,False,False,False,False,False,False
POA3814,3814,2604.0,40.0,1681.0,2.8,301.0,335.0,65.0,4.0,705.0,1273.0,51.0,1318.0,594.0,167.0,2076.0,687.0,164.0,20.0,864.0,2021,636.0,0.6131984585741811,0.038694992412746584,0.6348747591522158,0.4269503546099291,0.475177304964539,0.902127659574468,0.09219858156028368,0.7951388888888888,0.18981481481481483,0.023148148148148147,False,False,False,False,False,False,False,False
POA3815,3815,3693.0,39.0,1928.0,2.8,400.0,482.0,105.0,8.0,994.0,1779.0,44.0,1819.0,905.0,183.0,2904.0,966.0,228.0,17.0,1210.0,2021,882.0,0.612603305785124,0.024189114898295765,0.6263774104683195,0.4024144869215292,0.48490945674044267,0.8873239436619719,0.1056338028169014,0.7983471074380165,0.1884297520661157,0.014049586776859505,False,False,False,False,False,False,False,False
POA3816,3816,3227.0,37.0,1491.0,2.6,306.0,366.0,152.0,9.0,843.0,1462.0,64.0,1528.0,774.0,225.0,2527.0,817.0,290.0,24.0,1133.0,2021,672.0,0.5785516422635536,0.041884816753926704,0.6046695686584883,0.36298932384341637,0.43416370106761565,0.797153024911032,0.18030842230130487,0.7210944395410415,0.2559576345984113,0.02118270079435128,False,False,False,False,False,False,False,False
POA3818,3818,17313.0,40.0,1456.0,2.5,2084.0,1941.0,752.0,54.0,4835.0,7785.0,314.0,8096.0,5024.0,708.0,13832.0,4722.0,1597.0,125.0,6450.0,2021,4025.0,0.5628253325621747,0.03878458498023715,0.5853094274146906,0.431023784901758,0.4014477766287487,0.8324715615305067,0.15553257497414685,0.7320930232558139,0.2475968992248062,0.01937984496124031,False,False,False,False,False,False,False,False
POA3820,3820,20054.0,40.0,1566.0,2.5,2338.0,2204.0,854.0,67.0,5459.0,9342.0,391.0,9732.0,5844.0,816.0,16383.0,5380.0,2009.0,174.0,7559.0,2021,4542.0,0.5702252334737228,0.04017673653925195,0.5940303973631204,0.4282835684191244,0.40373694815900346,0.8320205165781278,0.15643890822494963,0.7117343563963487,0.2657758962825771,0.023018917846275962,False,False,False,False,False,False,False,False
POA3821,3821,3142.0,44.0,1834.0,2.7,371.0,399.0,76.0,10.0,860.0,1657.0,42.0,1695.0,652.0,188.0,2537.0,843.0,194.0,12.0,1047.0,2021,770.0,0.653133622388648,0.024778761061946902,0.6681119432400473,0.4313953488372093,0.46395348837209305,0.8953488372093024,0.08837209302325581,0.8051575931232091,0.18529130850047756,0.011461318051575931,False,False,False,False,False,False,False,False
POA3822,3822,1001.0,41.0,1790.0,2.8,111.0,131.0,31.0,7.0,276.0,508.0,17.0,531.0,211.0,66.0,803.0,272.0,52.0,9.0,330.0,2021,242.0,0.6326276463262764,0.032015065913371,0.6612702366127023,0.40217391304347827,0.4746376811594203,0.8768115942028986,0.11231884057971014,0.8242424242424242,0.15757575757575756,0.02727272727272727,False,False,False,False,False,False,False,False
POA3823,3823,2117.0,45.0,1375.0,2.4,333.0,211.0,71.0,9.0,627.0,991.0,30.0,1022.0,645.0,88.0,1755.0,605.0,226.0,13.0,849.0,2021,544.0,0.5646723646723647,0.029354207436399216,0.5823361823361823,0.5311004784688995,0.3365231259968102,0.8676236044657097,0.11323763955342903,0.7126030624263839,0.2661955241460542,0.015312131919905771,False,False,False,False,False,False,False,False
POA3824,3824,5438.0,43.0,1482.0,2.4,640.0,586.0,248.0,17.0,1491.0,2488.0,88.0,2572.0,1555.0,279.0,4403.0,1467.0,554.0,45.0,2067.0,2021,1226.0,0.5650692709516238,0.03421461897356143,0.5841471723824665,0.42924211938296447,0.39302481556002683,0.8222669349429913,0.16633132126089872,0.7097242380261248,0.2680212868892114,0.02177068214804064,False,False,False,False,False,False,False,False
POA3825,3825,21078.0,45.0,1073.0,2.2,2258.0,1885.0,1165.0,82.0,5392.0,8196.0,695.0,8889.0,7427.0,1309.0,17625.0,5295.0,3219.0,228.0,8743.0,2021,4143.0,0.46502127659574466,0.07818652266846664,0.5043404255319149,0.41876854599406527,0.3495919881305638,0.7683605341246291,0.21606083086053413,0.6056273590300812,0.3681802584925083,0.026078005261351938,False,False,False,False,False,False,False,False
POA3831,3831,2012.0,48.0,1391.0,2.5,268.0,212.0,54.0,4.0,547.0,882.0,39.0,919.0,597.0,147.0,1661.0,539.0,168.0,9.0,713.0,2021,480.0,0.5310054184226369,0.042437431991294884,0.5532811559301626,0.489945155393053,0.3875685557586837,0.8775137111517367,0.09872029250457039,0.7559607293127629,0.23562412342215988,0.012622720897615708,False,False,False,False,False,False,False,False
POA3832,3832,245.0,53.0,1208.0,2.2,39.0,23.0,11.0,0.0,77.0,124.0,4.0,126.0,76.0,8.0,213.0,73.0,32.0,0.0,112.0,2021,62.0,0.5821596244131455,0.031746031746031744,0.5915492957746479,0.5064935064935064,0.2987012987012987,0.8051948051948052,0.14285714285714285,0.6517857142857143,0.2857142857142857,0.0,False,False,False,False,False,False,False,False
POA3833,3833,340.0,56.0,954.0,2.0,44.0,22.0,8.0,0.0,78.0,128.0,12.0,144.0,115.0,43.0,303.0,75.0,50.0,5.0,128.0,2021,66.0,0.42244224422442245,0.08333333333333333,0.4752475247524752,0.5641025641025641,0.28205128205128205,0.8461538461538461,0.10256410256410256,0.5859375,0.390625,0.0390625,False,False,False,False,False,False,False,False
POA3835,3835,475.0,46.0,1220.0,2.4,65.0,55.0,21.0,0.0,139.0,231.0,4.0,234.0,134.0,26.0,392.0,137.0,43.0,0.0,185.0,2021,120.0,0.5892857142857143,0.017094017094017096,0.5969387755102041,0.4676258992805755,0.39568345323741005,0.8633093525179856,0.1510791366906475,0.7405405405405405,0.23243243243243245,0.0,False,False,False,False,False,False,False,False
POA3840,3840,17225.0,44.0,1038.0,2.2,1857.0,1444.0,976.0,80.0,4361.0,6068.0,627.0,6696.0,6130.0,1391.0,14219.0,4279.0,2334.0,198.0,6805.0,2021,3301.0,0.4267529362121106,0.09363799283154121,0.47091919262958015,0.42581976610869066,0.33111671634946116,0.7569364824581518,0.22380188030268286,0.6288023512123438,0.34298310066127846,0.029096252755326967,False,False,False,False,False,False,False,False
POA3842,3842,4924.0,38.0,1109.0,2.3,545.0,434.0,320.0,24.0,1326.0,1816.0,163.0,1983.0,1691.0,319.0,3993.0,1309.0,550.0,62.0,1925.0,2021,979.0,0.4547958928124217,0.08219868885526979,0.4966190833959429,0.4110105580693816,0.3273001508295626,0.7383107088989442,0.24132730015082957,0.68,0.2857142857142857,0.032207792207792206,False,False,False,False,False,False,False,False
POA3844,3844,31179.0,40.0,1551.0,2.4,3407.0,3332.0,1500.0,103.0,8336.0,14599.0,737.0,15334.0,8436.0,1661.0,25436.0,8204.0,3557.0,333.0,12098.0,2021,6739.0,0.5739503066519893,0.04806312769010043,0.6028463594904859,0.4087092130518234,0.3997120921305182,0.8084213051823417,0.17994241842610365,0.6781286163002149,0.2940155397586378,0.027525210778641097,False,False,False,False,False,False,False,False
POA3847,3847,2278.0,43.0,1302.0,2.4,290.0,231.0,81.0,10.0,612.0,960.0,65.0,1026.0,655.0,196.0,1887.0,601.0,229.0,21.0,857.0,2021,521.0,0.5087440381558028,0.06335282651072124,0.5437201907790143,0.4738562091503268,0.37745098039215685,0.8513071895424836,0.1323529411764706,0.7012835472578763,0.26721120186697783,0.024504084014002333,False,False,False,False,False,False,False,False
POA3850,3850,15472.0,42.0,1339.0,2.3,1735.0,1505.0,763.0,65.0,4065.0,6654.0,351.0,7009.0,4837.0,794.0,12637.0,4012.0,2019.0,163.0,6200.0,2021,3240.0,0.5265490227110865,0.050078470537879866,0.5546411331803435,0.4268142681426814,0.37023370233702335,0.7970479704797048,0.18769987699877,0.6470967741935484,0.32564516129032256,0.026290322580645162,False,False,False,False,False,False,False,False
POA3851,3851,6231.0,47.0,1120.0,2.3,802.0,518.0,152.0,20.0,1488.0,2267.0,118.0,2388.0,2690.0,327.0,5405.0,1461.0,640.0,52.0,2155.0,2021,1320.0,0.41942645698427383,0.049413735343383586,0.4418131359851989,0.5389784946236559,0.3481182795698925,0.8870967741935484,0.10215053763440861,0.6779582366589327,0.29698375870069604,0.024129930394431554,False,False,False,False,False,False,False,False
POA3852,3852,210.0,24.0,1625.0,2.1,0.0,0.0,0.0,0.0,4.0,192.0,0.0,198.0,7.0,3.0,204.0,6.0,7.0,0.0,8.0,2021,0.0,0.9411764705882353,0.0,0.9705882352941176,0.0,0.0,0.0,0.0,0.75,0.875,0.0,False,False,True,True,False,False,False,False
POA3854,3854,1478.0,41.0,1967.0,2.8,182.0,200.0,40.0,0.0,423.0,768.0,25.0,789.0,335.0,66.0,1196.0,411.0,86.0,6.0,509.0,2021,382.0,0.6421404682274248,0.031685678073510776,0.6596989966555183,0.4302600472813239,0.4728132387706856,0.9030732860520094,0.09456264775413711,0.8074656188605108,0.16895874263261296,0.011787819253438114,False,False,False,False,False,False,False,False
POA3856,3856,1085.0,39.0,1732.0,2.7,127.0,140.0,38.0,0.0,304.0,511.0,20.0,524.0,265.0,66.0,857.0,293.0,76.0,5.0,371.0,2021,267.0,0.5962660443407235,0.03816793893129771,0.6114352392065344,0.41776315789473684,0.4605263157894737,0.8782894736842105,0.125,0.7897574123989218,0.20485175202156333,0.013477088948787063,False,False,False,False,False,False,False,False
POA3857,3857,389.0,47.0,1571.0,2.7,58.0,40.0,9.0,0.0,110.0,182.0,14.0,192.0,101.0,40.0,331.0,110.0,17.0,3.0,129.0,2021,98.0,0.5498489425981873,0.07291666666666667,0.5800604229607251,0.5272727272727272,0.36363636363636365,0.8909090909090909,0.08181818181818182,0.8527131782945736,0.13178294573643412,0.023255813953488372,False,False,False,False,False,False,False,False
POA3858,3858,3125.0,46.0,1193.0,2.4,367.0,305.0,107.0,16.0,795.0,1290.0,40.0,1327.0,980.0,294.0,2596.0,783.0,336.0,23.0,1142.0,2021,672.0,0.49691833590138673,0.03014318010550113,0.5111710323574731,0.46163522012578617,0.3836477987421384,0.8452830188679246,0.13459119496855346,0.6856392294220666,0.29422066549912435,0.020140105078809107,False,False,False,False,False,False,False,False
POA3859,3859,945.0,42.0,1579.0,2.5,114.0,103.0,21.0,3.0,248.0,458.0,5.0,467.0,221.0,76.0,761.0,240.0,77.0,11.0,332.0,2021,217.0,0.6018396846254928,0.010706638115631691,0.6136662286465178,0.4596774193548387,0.4153225806451613,0.875,0.0846774193548387,0.7228915662650602,0.2319277108433735,0.03313253012048193,False,False,False,False,False,False,False,False
POA3860,3860,7455.0,43.0,1311.0,2.3,949.0,740.0,308.0,22.0,2018.0,3225.0,146.0,3371.0,2286.0,398.0,6063.0,1999.0,858.0,55.0,2912.0,2021,1689.0,0.5319148936170213,0.04331059032927915,0.5559953818241794,0.47026759167492566,0.3666997026759167,0.8369672943508424,0.15262636273538158,0.6864697802197802,0.29464285714285715,0.018887362637362636,False,False,False,False,False,False,False,False
POA3862,3862,3547.0,42.0,1388.0,2.5,478.0,399.0,105.0,13.0,998.0,1619.0,70.0,1690.0,999.0,188.0,2879.0,981.0,350.0,27.0,1350.0,2021,877.0,0.5623480375130253,0.04142011834319527,0.587009378256339,0.4789579158316633,0.3997995991983968,0.8787575150300602,0.10521042084168336,0.7266666666666667,0.25925925925925924,0.02,False,False,False,False,False,False,False,False
POA3864,3864,241.0,48.0,1274.0,2.5,40.0,21.0,6.0,0.0,73.0,103.0,13.0,121.0,60.0,25.0,204.0,63.0,22.0,0.0,92.0,2021,61.0,0.5049019607843137,0.10743801652892562,0.5931372549019608,0.547945205479452,0.2876712328767123,0.8356164383561644,0.0821917808219178,0.6847826086956522,0.2391304347826087,0.0,False,False,False,False,False,False,False,False
POA3865,3865,527.0,43.0,1292.0,2.5,80.0,47.0,13.0,0.0,140.0,252.0,7.0,261.0,142.0,43.0,447.0,138.0,48.0,6.0,188.0,2021,127.0,0.5637583892617449,0.02681992337164751,0.5838926174496645,0.5714285714285714,0.3357142857142857,0.9071428571428571,0.09285714285714286,0.7340425531914894,0.2553191489361702,0.031914893617021274,False,False,False,False,False,False,False,False
POA3869,3869,1738.0,43.0,1676.0,2.5,240.0,211.0,58.0,0.0,510.0,871.0,35.0,908.0,449.0,73.0,1431.0,501.0,154.0,7.0,661.0,2021,451.0,0.6086652690426275,0.03854625550660793,0.6345213137665968,0.47058823529411764,0.4137254901960784,0.884313725490196,0.11372549019607843,0.7579425113464447,0.2329803328290469,0.01059001512859304,False,False,False,False,False,False,False,False
POA3870,3870,1319.0,50.0,1219.0,2.3,176.0,129.0,46.0,3.0,350.0,560.0,39.0,600.0,421.0,97.0,1117.0,346.0,158.0,7.0,511.0,2021,305.0,0.5013428827215757,0.065,0.5371530886302597,0.5028571428571429,0.36857142857142855,0.8714285714285714,0.13142857142857142,0.6771037181996086,0.30919765166340507,0.0136986301369863,False,False,False,False,False,False,False,False
POA3871,3871,3039.0,48.0,1272.0,2.4,387.0,301.0,115.0,6.0,811.0,1306.0,59.0,1367.0,959.0,170.0,2501.0,792.0,357.0,16.0,1159.0,2021,688.0,0.5221911235505797,0.04316020482809071,0.5465813674530188,0.47718865598027127,0.3711467324290999,0.8483353884093712,0.14180024660912455,0.6833477135461605,0.3080241587575496,0.013805004314063849,False,False,False,False,False,False,False,False
POA3873,3873,324.0,41.0,1485.0,2.5,38.0,37.0,13.0,0.0,83.0,144.0,6.0,144.0,85.0,22.0,255.0,86.0,32.0,3.0,122.0,2021,75.0,0.5647058823529412,0.041666666666666664,0.5647058823529412,0.4578313253012048,0.4457831325301205,0.9036144578313253,0.1566265060240964,0.7049180327868853,0.26229508196721313,0.02459016393442623,False,False,False,False,False,False,False,False
POA3874,3874,610.0,58.0,1062.0,2.1,99.0,42.0,20.0,4.0,175.0,250.0,12.0,263.0,246.0,46.0,552.0,167.0,89.0,9.0,264.0,2021,141.0,0.4528985507246377,0.045627376425855515,0.47644927536231885,0.5657142857142857,0.24,0.8057142857142857,0.11428571428571428,0.6325757575757576,0.3371212121212121,0.03409090909090909,False,False,False,False,False,False,False,False
POA3875,3875,20015.0,46.0,1239.0,2.3,2535.0,1924.0,873.0,73.0,5402.0,8481.0,357.0,8840.0,6493.0,1245.0,16577.0,5323.0,2327.0,212.0,7867.0,2021,4459.0,0.5116124751161247,0.04038461538461539,0.5332689871508717,0.4692706405035172,0.3561643835616438,0.825435024065161,0.1616068122917438,0.676623871869836,0.29579255116308634,0.026948010677513665,False,False,False,False,False,False,False,False
POA3878,3878,1306.0,59.0,1209.0,2.2,264.0,91.0,49.0,0.0,408.0,508.0,18.0,530.0,593.0,44.0,1171.0,397.0,132.0,16.0,549.0,2021,355.0,0.43381725021349277,0.033962264150943396,0.45260461144321096,0.6470588235294118,0.22303921568627452,0.8700980392156863,0.12009803921568628,0.7231329690346083,0.24043715846994534,0.029143897996357013,False,False,False,False,False,False,False,False
POA3880,3880,4235.0,63.0,973.0,2.0,860.0,249.0,136.0,13.0,1265.0,1355.0,69.0,1420.0,2263.0,162.0,3846.0,1243.0,686.0,45.0,1970.0,2021,1109.0,0.35231409256370255,0.048591549295774646,0.36921476859074365,0.6798418972332015,0.19683794466403162,0.8766798418972332,0.1075098814229249,0.6309644670050761,0.34822335025380713,0.02284263959390863,False,False,False,False,False,False,False,False
POA3882,3882,1322.0,47.0,1390.0,2.5,186.0,146.0,46.0,3.0,379.0,605.0,26.0,629.0,413.0,45.0,1089.0,367.0,114.0,10.0,494.0,2021,332.0,0.5555555555555556,0.04133545310015898,0.5775941230486685,0.49076517150395776,0.38522427440633245,0.8759894459102903,0.12137203166226913,0.742914979757085,0.23076923076923078,0.020242914979757085,False,False,False,False,False,False,False,False
POA3885,3885,1876.0,47.0,1241.0,2.3,244.0,196.0,82.0,8.0,527.0,891.0,35.0,926.0,513.0,118.0,1556.0,516.0,209.0,14.0,740.0,2021,440.0,0.5726221079691517,0.03779697624190065,0.5951156812339332,0.4629981024667932,0.3719165085388994,0.8349146110056926,0.1555977229601518,0.6972972972972973,0.28243243243243243,0.01891891891891892,False,False,False,False,False,False,False,False
POA3886,3886,415.0,49.0,1132.0,2.4,63.0,35.0,12.0,0.0,115.0,161.0,10.0,174.0,132.0,31.0,339.0,113.0,38.0,3.0,153.0,2021,98.0,0.4749262536873156,0.05747126436781609,0.5132743362831859,0.5478260869565217,0.30434782608695654,0.8521739130434782,0.10434782608695652,0.738562091503268,0.24836601307189543,0.0196078431372549,False,False,False,False,False,False,False,False
POA3887,3887,268.0,55.0,939.0,2.1,38.0,25.0,10.0,0.0,65.0,105.0,4.0,111.0,103.0,32.0,242.0,62.0,36.0,12.0,104.0,2021,63.0,0.43388429752066116,0.036036036036036036,0.45867768595041325,0.5846153846153846,0.38461538461538464,0.9692307692307692,0.15384615384615385,0.5961538461538461,0.34615384615384615,0.11538461538461539,False,False,False,False,False,False,False,False
POA3888,3888,3502.0,54.0,892.0,2.1,469.0,273.0,131.0,13.0,886.0,1314.0,72.0,1386.0,1300.0,306.0,2993.0,869.0,571.0,44.0,1486.0,2021,742.0,0.43902439024390244,0.05194805194805195,0.46308052121617105,0.5293453724604966,0.30812641083521447,0.837471783295711,0.14785553047404063,0.5847913862718708,0.3842530282637954,0.029609690444145357,False,False,False,False,False,False,False,False
POA3889,3889,171.0,63.0,719.0,1.9,30.0,7.0,0.0,3.0,48.0,45.0,8.0,54.0,85.0,23.0,162.0,43.0,32.0,0.0,77.0,2021,37.0,0.2777777777777778,0.14814814814814814,0.3333333333333333,0.625,0.14583333333333334,0.7708333333333334,0.0,0.5584415584415584,0.4155844155844156,0.0,False,False,False,False,False,False,False,False
POA3890,3890,335.0,53.0,806.0,1.9,49.0,20.0,12.0,0.0,81.0,105.0,16.0,122.0,127.0,43.0,289.0,81.0,59.0,3.0,145.0,2021,69.0,0.3633217993079585,0.13114754098360656,0.42214532871972316,0.6049382716049383,0.24691358024691357,0.8518518518518519,0.14814814814814814,0.5586206896551724,0.4068965517241379,0.020689655172413793,False,False,False,False,False,False,False,False
POA3891,3891,121.0,60.0,756.0,2.0,20.0,4.0,0.0,0.0,26.0,38.0,4.0,47.0,35.0,20.0,101.0,25.0,22.0,0.0,42.0,2021,24.0,0.37623762376237624,0.0851063829787234,0.46534653465346537,0.7692307692307693,0.15384615384615385,0.9230769230769231,0.0,0.5952380952380952,0.5238095238095238,0.0,False,False,True,False,False,False,False,False
POA3892,3892,1183.0,59.0,1031.0,2.0,182.0,83.0,34.0,0.0,303.0,462.0,13.0,481.0,482.0,82.0,1044.0,298.0,194.0,8.0,499.0,2021,265.0,0.4425287356321839,0.02702702702702703,0.460727969348659,0.6006600660066007,0.2739273927392739,0.8745874587458746,0.11221122112211221,0.5971943887775552,0.38877755511022044,0.01603206412825651,False,False,False,False,False,False,False,False
POA3893,3893,25.0,61.0,1875.0,2.1,9.0,0.0,0.0,0.0,14.0,18.0,0.0,18.0,3.0,0.0,21.0,10.0,0.0,0.0,12.0,2021,9.0,0.8571428571428571,0.0,0.8571428571428571,0.6428571428571429,0.0,0.6428571428571429,0.0,0.8333333333333334,0.0,0.0,True,True,True,True,False,False,False,False
POA3895,3895,198.0,54.0,985.0,2.0,28.0,17.0,6.0,0.0,58.0,98.0,0.0,100.0,62.0,3.0,175.0,54.0,30.0,0.0,87.0,2021,45.0,0.56,0.0,0.5714285714285714,0.4827586206896552,0.29310344827586204,0.7758620689655172,0.10344827586206896,0.6206896551724138,0.3448275862068966,0.0,False,False,False,False,False,False,False,False
POA3896,3896,351.0,52.0,1353.0,2.2,49.0,32.0,16.0,5.0,91.0,166.0,4.0,173.0,100.0,23.0,291.0,94.0,51.0,0.0,144.0,2021,81.0,0.570446735395189,0.023121387283236993,0.5945017182130584,0.5384615384615384,0.3516483516483517,0.8901098901098901,0.17582417582417584,0.6527777777777778,0.3541666666666667,0.0,False,False,False,False,False,False,False,False
POA3898,3898,705.0,52.0,1202.0,2.1,96.0,43.0,19.0,0.0,162.0,338.0,9.0,349.0,183.0,106.0,635.0,164.0,87.0,8.0,252.0,2021,139.0,0.5322834645669291,0.025787965616045846,0.5496062992125984,0.5925925925925926,0.2654320987654321,0.8580246913580247,0.11728395061728394,0.6507936507936508,0.34523809523809523,0.031746031746031744,False,False,False,False,False,False,False,False
POA3900,3900,173.0,59.0,1017.0,1.8,30.0,5.0,8.0,0.0,41.0,73.0,3.0,77.0,48.0,30.0,154.0,43.0,30.0,4.0,78.0,2021,35.0,0.474025974025974,0.03896103896103896,0.5,0.7317073170731707,0.12195121951219512,0.8536585365853658,0.1951219512195122,0.5512820512820513,0.38461538461538464,0.05128205128205128,False,False,False,False,False,False,False,False
POA3902,3902,423.0,56.0,1077.0,2.2,75.0,31.0,11.0,3.0,124.0,160.0,8.0,166.0,168.0,39.0,372.0,124.0,46.0,6.0,172.0,2021,106.0,0.43010752688172044,0.04819277108433735,0.44623655913978494,0.6048387096774194,0.25,0.8548387096774194,0.08870967741935484,0.7209302325581395,0.26744186046511625,0.03488372093023256,False,False,False,False,False,False,False,False
POA3903,3903,861.0,51.0,1074.0,2.4,146.0,87.0,28.0,3.0,262.0,308.0,15.0,328.0,329.0,53.0,708.0,253.0,79.0,5.0,337.0,2021,233.0,0.4350282485875706,0.04573170731707317,0.4632768361581921,0.5572519083969466,0.3320610687022901,0.8893129770992366,0.10687022900763359,0.7507418397626113,0.2344213649851632,0.01483679525222552,False,False,False,False,False,False,False,False
POA3904,3904,1899.0,60.0,1219.0,2.1,403.0,135.0,51.0,7.0,587.0,756.0,13.0,771.0,799.0,103.0,1673.0,583.0,212.0,9.0,810.0,2021,538.0,0.45188284518828453,0.016861219195849545,0.460848774656306,0.686541737649063,0.22998296422487224,0.9165247018739353,0.0868824531516184,0.7197530864197531,0.2617283950617284,0.011111111111111112,False,False,False,False,False,False,False,False
POA3909,3909,8713.0,54.0,964.0,2.2,1229.0,646.0,370.0,20.0,2271.0,2939.0,166.0,3104.0,3612.0,744.0,7456.0,2226.0,1205.0,86.0,3521.0,2021,1875.0,0.39417918454935624,0.053479381443298966,0.41630901287553645,0.5411712901805372,0.28445618670189343,0.8256274768824307,0.16292382210479964,0.6322067594433399,0.34223232036353307,0.024424879295654643,False,False,False,False,False,False,False,False
POA3910,3910,23588.0,38.0,1919.0,2.7,2274.0,3205.0,1070.0,72.0,6624.0,12506.0,456.0,12962.0,5225.0,706.0,18894.0,6425.0,1934.0,162.0,8520.0,2021,5479.0,0.6619032497089022,0.03517975621046135,0.6860378956282418,0.3432971014492754,0.48384661835748793,0.8271437198067633,0.16153381642512077,0.7541079812206573,0.22699530516431926,0.019014084507042252,False,False,False,False,False,False,False,False
POA3911,3911,3514.0,41.0,1834.0,2.6,389.0,458.0,149.0,10.0,994.0,1884.0,57.0,1938.0,881.0,114.0,2934.0,958.0,319.0,16.0,1295.0,2021,847.0,0.6421267893660532,0.029411764705882353,0.6605316973415133,0.39134808853118713,0.4607645875251509,0.852112676056338,0.14989939637826963,0.7397683397683398,0.24633204633204633,0.012355212355212355,False,False,False,False,False,False,False,False
POA3912,3912,15633.0,40.0,1837.0,2.7,1686.0,2041.0,652.0,63.0,4451.0,8095.0,216.0,8313.0,3879.0,561.0,12747.0,4302.0,1209.0,89.0,5596.0,2021,3727.0,0.635051384639523,0.02598339949476723,0.6521534478700871,0.3787912828577848,0.45854864075488655,0.8373399236126713,0.14648393619411368,0.7687634024303074,0.21604717655468192,0.01590421729807005,False,False,False,False,False,False,False,False
POA3913,3913,3449.0,42.0,1858.0,2.7,375.0,435.0,165.0,4.0,985.0,1847.0,84.0,1921.0,859.0,91.0,2872.0,953.0,261.0,28.0,1231.0,2021,810.0,0.6431058495821727,0.04372722540343571,0.6688718662952646,0.38071065989847713,0.4416243654822335,0.8223350253807107,0.16751269035532995,0.7741673436230707,0.21202274573517466,0.022745735174654752,False,False,False,False,False,False,False,False
POA3915,3915,10723.0,42.0,1211.0,2.3,1150.0,981.0,657.0,47.0,2833.0,4321.0,202.0,4523.0,3595.0,656.0,8771.0,2775.0,1411.0,123.0,4305.0,2021,2131.0,0.49264622049937296,0.044660623479991154,0.515676661726143,0.4059301094246382,0.34627603247440875,0.752206141899047,0.23190963642781504,0.6445993031358885,0.3277584204413473,0.02857142857142857,False,False,False,False,False,False,False,False
POA3916,3916,1036.0,59.0,2109.0,2.2,188.0,91.0,20.0,0.0,299.0,458.0,13.0,476.0,391.0,45.0,911.0,297.0,105.0,5.0,402.0,2021,279.0,0.5027442371020856,0.0273109243697479,0.5225027442371021,0.6287625418060201,0.30434782608695654,0.9331103678929766,0.06688963210702341,0.7388059701492538,0.26119402985074625,0.012437810945273632,False,False,False,False,False,False,False,False
POA3918,3918,4276.0,46.0,1615.0,2.5,587.0,510.0,157.0,8.0,1261.0,2031.0,70.0,2105.0,1314.0,133.0,3546.0,1227.0,368.0,20.0,1617.0,2021,1097.0,0.5727580372250423,0.0332541567695962,0.5936266215454032,0.4655035685963521,0.40444091990483744,0.8699444885011896,0.12450436161776368,0.7588126159554731,0.22758194186765615,0.012368583797155226,False,False,False,False,False,False,False,False
POA3919,3919,3343.0,39.0,1447.0,2.5,342.0,380.0,188.0,13.0,919.0,1618.0,74.0,1696.0,853.0,139.0,2686.0,891.0,356.0,25.0,1272.0,2021,722.0,0.6023827252419955,0.04363207547169811,0.6314221891288161,0.3721436343852013,0.4134929270946681,0.7856365614798694,0.2045701849836779,0.7004716981132075,0.279874213836478,0.019654088050314465,False,False,False,False,False,False,False,False
POA3920,3920,1124.0,21.0,2323.0,3.0,35.0,52.0,5.0,0.0,93.0,939.0,9.0,948.0,42.0,29.0,1015.0,94.0,5.0,0.0,104.0,2021,87.0,0.9251231527093596,0.00949367088607595,0.9339901477832512,0.3763440860215054,0.5591397849462365,0.9354838709677419,0.053763440860215055,0.9038461538461539,0.04807692307692308,0.0,False,False,False,False,False,False,False,False
POA3921,3921,139.0,52.0,1014.0,2.3,20.0,9.0,0.0,0.0,33.0,57.0,3.0,58.0,50.0,16.0,120.0,33.0,19.0,0.0,54.0,2021,29.0,0.475,0.05172413793103448,0.48333333333333334,0.6060606060606061,0.2727272727272727,0.8787878787878788,0.0,0.6111111111111112,0.35185185185185186,0.0,False,False,False,False,False,False,False,False
POA3922,3922,10118.0,53.0,1104.0,2.1,1453.0,802.0,418.0,22.0,2690.0,3902.0,158.0,4062.0,3887.0,644.0,8600.0,2643.0,1411.0,103.0,4163.0,2021,2255.0,0.45372093023255816,0.038897095027080254,0.47232558139534886,0.5401486988847584,0.29814126394052043,0.8382899628252788,0.1553903345724907,0.6348786932500601,0.3389382656737929,0.024741772760028827,False,False,False,False,False,False,False,False
POA3923,3923,836.0,60.0,1254.0,2.1,153.0,57.0,18.0,0.0,232.0,329.0,4.0,338.0,336.0,78.0,756.0,232.0,95.0,3.0,329.0,2021,210.0,0.4351851851851852,0.011834319526627219,0.4470899470899471,0.6594827586206896,0.24568965517241378,0.9051724137931034,0.07758620689655173,0.7051671732522796,0.2887537993920973,0.00911854103343465,False,False,False,False,False,False,False,False
POA3925,3925,4550.0,47.0,1398.0,2.3,581.0,452.0,155.0,17.0,1201.0,1991.0,51.0,2043.0,1362.0,393.0,3795.0,1194.0,481.0,38.0,1717.0,2021,1033.0,0.5246376811594203,0.024963289280469897,0.5383399209486166,0.48376353039134057,0.37635303913405493,0.8601165695253955,0.12905911740216486,0.6953989516598719,0.28013977868375073,0.0221316249271986,False,False,False,False,False,False,False,False
POA3926,3926,3421.0,49.0,1871.0,2.5,494.0,381.0,107.0,7.0,992.0,1585.0,42.0,1620.0,1034.0,161.0,2817.0,965.0,276.0,14.0,1259.0,2021,875.0,0.5626553070642527,0.025925925925925925,0.5750798722044729,0.49798387096774194,0.3840725806451613,0.8820564516129032,0.10786290322580645,0.7664813343923749,0.2192216044479746,0.011119936457505957,False,False,False,False,False,False,False,False
POA3927,3927,1857.0,53.0,1906.0,2.4,269.0,195.0,52.0,4.0,518.0,825.0,13.0,846.0,609.0,116.0,1571.0,512.0,173.0,5.0,686.0,2021,464.0,0.5251432208784214,0.015366430260047281,0.5385105028644176,0.5193050193050193,0.3764478764478765,0.8957528957528957,0.10038610038610038,0.7463556851311953,0.2521865889212828,0.007288629737609329,False,False,False,False,False,False,False,False
POA3928,3928,453.0,56.0,2166.0,2.2,71.0,42.0,11.0,5.0,129.0,225.0,3.0,229.0,145.0,35.0,407.0,131.0,48.0,0.0,180.0,2021,113.0,0.5528255528255528,0.013100436681222707,0.5626535626535627,0.5503875968992248,0.32558139534883723,0.875968992248062,0.08527131782945736,0.7277777777777777,0.26666666666666666,0.0,False,False,False,False,False,False,False,False
POA3929,3929,1130.0,63.0,2104.0,2.1,202.0,77.0,23.0,0.0,300.0,446.0,11.0,451.0,457.0,119.0,1027.0,303.0,122.0,7.0,428.0,2021,279.0,0.4342745861733204,0.024390243902439025,0.439143135345667,0.6733333333333333,0.25666666666666665,0.93,0.07666666666666666,0.7079439252336449,0.2850467289719626,0.016355140186915886,False,False,False,False,False,False,False,False
POA3930,3930,18734.0,45.0,2547.0,2.8,1973.0,2765.0,503.0,21.0,5259.0,8937.0,305.0,9244.0,5156.0,492.0,14888.0,5152.0,1058.0,65.0,6271.0,2021,4738.0,0.6002821063944116,0.032994374729554306,0.6209027404621171,0.3751663814413387,0.5257653546301578,0.9009317360714965,0.09564555999239399,0.8215595598788072,0.16871312390368362,0.010365173018657312,False,False,False,False,False,False,False,False
POA3931,3931,25759.0,50.0,1451.0,2.3,3214.0,2628.0,1166.0,82.0,7088.0,11179.0,439.0,11614.0,9071.0,1205.0,21895.0,6986.0,3300.0,194.0,10476.0,2021,5842.0,0.510573190226079,0.0377992078525917,0.5304407398949532,0.45344243792325056,0.3707674943566591,0.8242099322799097,0.16450338600451467,0.6668575792287132,0.3150057273768614,0.018518518518518517,False,False,False,False,False,False,False,False
POA3933,3933,1004.0,48.0,2256.0,2.8,129.0,132.0,34.0,0.0,298.0,572.0,21.0,589.0,237.0,35.0,862.0,282.0,55.0,9.0,345.0,2021,261.0,0.6635730858468677,0.035653650254668934,0.6832946635730859,0.43288590604026844,0.4429530201342282,0.8758389261744967,0.11409395973154363,0.8173913043478261,0.15942028985507245,0.02608695652173913,False,False,False,False,False,False,False,False
POA3934,3934,19846.0,46.0,2097.0,2.7,2249.0,2638.0,655.0,41.0,5574.0,9421.0,271.0,9695.0,5747.0,585.0,16033.0,5494.0,1457.0,68.0,7022.0,2021,4887.0,0.5876005738165034,0.027952552862300153,0.604690326202208,0.4034804449228561,0.47326874775744526,0.8767491926803014,0.11750986724076068,0.782398177157505,0.207490743377955,0.00968385075477072,False,False,False,False,False,False,False,False
POA3936,3936,13366.0,51.0,1398.0,2.2,1962.0,1210.0,581.0,41.0,3798.0,5832.0,206.0,6042.0,4706.0,818.0,11569.0,3727.0,1539.0,131.0,5388.0,2021,3172.0,0.5041057999827124,0.034094670638861305,0.52225775780102,0.5165876777251185,0.3185887309110058,0.8351764086361243,0.15297525013164823,0.6917223459539718,0.2856347438752784,0.02431328878990349,False,False,False,False,False,False,False,False
POA3937,3937,1717.0,52.0,2313.0,2.6,233.0,198.0,46.0,4.0,474.0,824.0,20.0,848.0,488.0,109.0,1448.0,459.0,117.0,4.0,582.0,2021,431.0,0.569060773480663,0.02358490566037736,0.585635359116022,0.49156118143459915,0.4177215189873418,0.9092827004219409,0.0970464135021097,0.788659793814433,0.20103092783505155,0.006872852233676976,False,False,False,False,False,False,False,False
POA3938,3938,3311.0,55.0,1433.0,2.3,543.0,299.0,125.0,8.0,973.0,1442.0,58.0,1497.0,1249.0,168.0,2917.0,959.0,347.0,28.0,1334.0,2021,842.0,0.4943435035995886,0.038744154976619906,0.5131984916009599,0.5580678314491264,0.30729701952723537,0.8653648509763617,0.12846865364850976,0.7188905547226386,0.260119940029985,0.020989505247376312,False,False,False,False,False,False,False,False
POA3939,3939,15900.0,50.0,1228.0,2.2,2030.0,1412.0,806.0,64.0,4309.0,6505.0,243.0,6750.0,5721.0,1083.0,13555.0,4244.0,2094.0,168.0,6505.0,2021,3442.0,0.4798967170785688,0.036,0.4979712283290299,0.4711069853794384,0.32768623810628916,0.7987932234857276,0.18705035971223022,0.6524212144504228,0.3219062259800154,0.025826287471176018,False,False,False,False,False,False,False,False
POA3940,3940,5246.0,59.0,950.0,1.9,667.0,317.0,292.0,20.0,1297.0,1626.0,82.0,1712.0,2454.0,427.0,4589.0,1271.0,1010.0,57.0,2341.0,2021,984.0,0.354325561124428,0.04789719626168224,0.3730660274569623,0.5142636854279106,0.24441017733230533,0.7586738627602159,0.2251349267540478,0.542930371636053,0.43143955574540793,0.024348568987612132,False,False,False,False,False,False,False,False
POA3941,3941,13591.0,49.0,1351.0,2.3,1755.0,1275.0,584.0,41.0,3651.0,5732.0,207.0,5938.0,4549.0,957.0,11445.0,3587.0,1594.0,141.0,5320.0,2021,3030.0,0.5008300567933596,0.03486022229706972,0.5188291830493665,0.4806902218570255,0.3492193919474117,0.8299096138044372,0.15995617639003012,0.6742481203007519,0.29962406015037596,0.02650375939849624,False,False,False,False,False,False,False,False
POA3942,3942,2786.0,58.0,1490.0,2.1,503.0,218.0,64.0,4.0,795.0,1092.0,26.0,1116.0,1130.0,214.0,2463.0,785.0,341.0,18.0,1144.0,2021,721.0,0.44336175395858707,0.023297491039426525,0.4531059683313033,0.6327044025157232,0.2742138364779874,0.9069182389937107,0.08050314465408805,0.6861888111888111,0.2980769230769231,0.015734265734265736,False,False,False,False,False,False,False,False
POA3943,3943,2013.0,64.0,1658.0,2.0,396.0,123.0,38.0,5.0,566.0,742.0,23.0,759.0,895.0,183.0,1844.0,558.0,268.0,11.0,839.0,2021,519.0,0.40238611713665945,0.030303030303030304,0.4116052060737527,0.6996466431095406,0.21731448763250882,0.9169611307420494,0.06713780918727916,0.66507747318236,0.31942789034564956,0.013110846245530394,False,False,False,False,False,False,False,False
POA3944,3944,787.0,68.0,2470.0,1.8,175.0,27.0,8.0,0.0,218.0,303.0,7.0,309.0,392.0,58.0,759.0,212.0,115.0,4.0,328.0,2021,202.0,0.39920948616600793,0.022653721682847898,0.40711462450592883,0.8027522935779816,0.12385321100917432,0.926605504587156,0.03669724770642202,0.6463414634146342,0.35060975609756095,0.012195121951219513,False,False,False,False,False,False,False,False
POA3945,3945,1092.0,50.0,1582.0,2.5,174.0,110.0,25.0,0.0,309.0,530.0,19.0,551.0,280.0,67.0,898.0,301.0,86.0,16.0,401.0,2021,284.0,0.5902004454342984,0.034482758620689655,0.6135857461024499,0.5631067961165048,0.3559870550161812,0.919093851132686,0.08090614886731391,0.7506234413965087,0.2144638403990025,0.0399002493765586,False,False,False,False,False,False,False,False
POA3946,3946,303.0,51.0,1687.0,2.4,51.0,32.0,9.0,0.0,95.0,158.0,6.0,158.0,79.0,19.0,257.0,94.0,23.0,0.0,117.0,2021,83.0,0.6147859922178989,0.0379746835443038,0.6147859922178989,0.5368421052631579,0.3368421052631579,0.8736842105263158,0.09473684210526316,0.8034188034188035,0.19658119658119658,0.0,False,False,False,False,False,False,False,False
POA3950,3950,5133.0,47.0,1207.0,2.3,624.0,516.0,227.0,22.0,1387.0,2236.0,86.0,2319.0,1707.0,228.0,4255.0,1363.0,620.0,50.0,2039.0,2021,1140.0,0.5254994124559342,0.03708495040965933,0.545005875440658,0.44989185291997114,0.3720259552992069,0.821917808219178,0.16366258111031,0.6684649337910741,0.3040706228543404,0.024521824423737126,False,False,False,False,False,False,False,False
POA3951,3951,1020.0,49.0,1565.0,2.6,134.0,129.0,17.0,0.0,280.0,517.0,17.0,533.0,268.0,50.0,850.0,272.0,79.0,0.0,354.0,2021,263.0,0.6082352941176471,0.03189493433395872,0.6270588235294118,0.4785714285714286,0.4607142857142857,0.9392857142857143,0.060714285714285714,0.768361581920904,0.2231638418079096,0.0,False,False,False,False,False,False,False,False
POA3953,3953,8194.0,46.0,1316.0,2.4,1038.0,840.0,346.0,25.0,2245.0,3672.0,94.0,3769.0,2517.0,391.0,6675.0,2215.0,943.0,59.0,3216.0,2021,1878.0,0.5501123595505618,0.02494030246749801,0.5646441947565543,0.4623608017817372,0.3741648106904232,0.8365256124721604,0.15412026726057906,0.6887437810945274,0.29322139303482586,0.018345771144278607,False,False,False,False,False,False,False,False
POA3954,3954,366.0,53.0,1825.0,2.5,57.0,44.0,10.0,0.0,109.0,207.0,5.0,217.0,93.0,10.0,321.0,110.0,35.0,0.0,144.0,2021,101.0,0.6448598130841121,0.02304147465437788,0.67601246105919,0.5229357798165137,0.4036697247706422,0.926605504587156,0.09174311926605505,0.7638888888888888,0.24305555555555555,0.0,False,False,False,False,False,False,False,False
POA3956,3956,3037.0,51.0,1138.0,2.2,456.0,267.0,97.0,8.0,830.0,1320.0,51.0,1375.0,1021.0,179.0,2563.0,823.0,416.0,19.0,1260.0,2021,723.0,0.5150214592274678,0.03709090909090909,0.5364806866952789,0.5493975903614458,0.3216867469879518,0.8710843373493976,0.11686746987951807,0.6531746031746032,0.33015873015873015,0.01507936507936508,False,False,False,False,False,False,False,False
POA3957,3957,310.0,41.0,1625.0,2.7,37.0,38.0,8.0,0.0,86.0,153.0,0.0,154.0,78.0,11.0,242.0,81.0,22.0,0.0,109.0,2021,75.0,0.6322314049586777,0.0,0.6363636363636364,0.43023255813953487,0.4418604651162791,0.872093023255814,0.09302325581395349,0.7431192660550459,0.2018348623853211,0.0,False,False,False,False,False,False,False,False
POA3958,3958,284.0,47.0,1649.0,2.5,34.0,29.0,7.0,0.0,75.0,146.0,4.0,147.0,59.0,29.0,237.0,74.0,21.0,0.0,96.0,2021,63.0,0.6160337552742616,0.027210884353741496,0.620253164556962,0.4533333333333333,0.38666666666666666,0.84,0.09333333333333334,0.7708333333333334,0.21875,0.0,False,False,False,False,False,False,False,False
POA3959,3959,1223.0,53.0,1318.0,2.3,183.0,118.0,31.0,0.0,338.0,556.0,7.0,570.0,397.0,77.0,1044.0,337.0,146.0,10.0,484.0,2021,301.0,0.5325670498084292,0.012280701754385965,0.5459770114942529,0.5414201183431953,0.34911242603550297,0.8905325443786982,0.09171597633136094,0.6962809917355371,0.30165289256198347,0.02066115702479339,False,False,False,False,False,False,False,False
POA3960,3960,2715.0,58.0,1035.0,2.0,433.0,187.0,79.0,3.0,699.0,1045.0,34.0,1083.0,1110.0,201.0,2388.0,691.0,450.0,25.0,1164.0,2021,620.0,0.43760469011725295,0.03139427516158818,0.4535175879396985,0.6194563662374821,0.2675250357653791,0.8869814020028612,0.11301859799713877,0.5936426116838488,0.3865979381443299,0.02147766323024055,False,False,False,False,False,False,False,False
POA3962,3962,954.0,54.0,937.0,2.1,142.0,64.0,42.0,4.0,256.0,373.0,15.0,390.0,352.0,79.0,818.0,254.0,147.0,4.0,406.0,2021,206.0,0.4559902200488998,0.038461538461538464,0.4767726161369193,0.5546875,0.25,0.8046875,0.1640625,0.625615763546798,0.3620689655172414,0.009852216748768473,False,False,False,False,False,False,False,False
POA3964,3964,174.0,52.0,1178.0,2.1,26.0,17.0,0.0,0.0,46.0,91.0,0.0,91.0,45.0,3.0,146.0,47.0,26.0,4.0,77.0,2021,43.0,0.6232876712328768,0.0,0.6232876712328768,0.5652173913043478,0.3695652173913043,0.9347826086956522,0.0,0.6103896103896104,0.33766233766233766,0.05194805194805195,False,False,False,False,False,False,False,False
POA3965,3965,220.0,62.0,909.0,1.8,41.0,8.0,8.0,0.0,57.0,71.0,3.0,81.0,104.0,29.0,204.0,61.0,40.0,3.0,106.0,2021,49.0,0.3480392156862745,0.037037037037037035,0.39705882352941174,0.7192982456140351,0.14035087719298245,0.8596491228070176,0.14035087719298245,0.5754716981132075,0.37735849056603776,0.02830188679245283,False,False,False,False,False,False,False,False
POA3966,3966,544.0,49.0,987.0,2.3,69.0,54.0,16.0,0.0,140.0,239.0,8.0,250.0,176.0,37.0,453.0,142.0,76.0,4.0,217.0,2021,123.0,0.5275938189845475,0.032,0.5518763796909493,0.4928571428571429,0.38571428571428573,0.8785714285714286,0.11428571428571428,0.6543778801843319,0.35023041474654376,0.018433179723502304,False,False,False,False,False,False,False,False
POA3967,3967,108.0,55.0,1274.0,2.2,18.0,9.0,6.0,0.0,35.0,51.0,3.0,51.0,40.0,8.0,97.0,31.0,15.0,0.0,48.0,2021,27.0,0.5257731958762887,0.058823529411764705,0.5257731958762887,0.5142857142857142,0.2571428571428571,0.7714285714285715,0.17142857142857143,0.6458333333333334,0.3125,0.0,False,False,False,False,False,False,False,False
POA3971,3971,4195.0,54.0,978.0,2.1,650.0,335.0,150.0,16.0,1153.0,1630.0,104.0,1727.0,1575.0,308.0,3615.0,1123.0,599.0,41.0,1764.0,2021,985.0,0.4508990318118949,0.06022003474232773,0.477731673582296,0.5637467476149176,0.29054640069384213,0.8542931483087598,0.13009540329575023,0.6366213151927438,0.33956916099773243,0.023242630385487528,False,False,False,False,False,False,False,False
POA3975,3975,18048.0,33.0,2328.0,3.5,1040.0,3150.0,505.0,53.0,4749.0,8858.0,519.0,9376.0,3545.0,535.0,13458.0,4435.0,409.0,92.0,4940.0,2021,4190.0,0.6581958686283251,0.05535409556313993,0.6966859860306137,0.21899347230996,0.6632975363234365,0.8822910086333965,0.10633817645820173,0.8977732793522267,0.08279352226720647,0.01862348178137652,False,False,False,False,False,False,False,False
POA3976,3976,26082.0,33.0,1538.0,3.1,1697.0,3584.0,1272.0,126.0,6680.0,11108.0,978.0,12082.0,7084.0,1328.0,20488.0,6322.0,1329.0,271.0,7918.0,2021,5281.0,0.5421710269426006,0.0809468631021354,0.5897110503709488,0.2540419161676647,0.5365269461077844,0.7905688622754491,0.19041916167664671,0.7984339479666582,0.16784541550896692,0.034225814599646374,False,False,False,False,False,False,False,False
POA3977,3977,117143.0,33.0,1895.0,3.1,8513.0,17249.0,4948.0,435.0,31137.0,55823.0,3123.0,58951.0,25176.0,4285.0,88410.0,29722.0,5873.0,878.0,36470.0,2021,25762.0,0.6314104739282886,0.052976200573357536,0.6667910869811108,0.27340463114622476,0.5539711597135241,0.8273757908597489,0.15891062080483026,0.8149712092130518,0.16103646833013435,0.024074581848094325,False,False,False,False,False,False,False,False
POA3978,3978,43202.0,30.0,2158.0,3.2,2971.0,7427.0,1256.0,142.0,11799.0,22062.0,1019.0,23076.0,6625.0,1219.0,30926.0,11317.0,1424.0,267.0,13009.0,2021,10398.0,0.7133803272327491,0.04415843300398683,0.746168272650844,0.2518010000847529,0.6294601237392999,0.8812611238240529,0.10644969912704466,0.8699361980167576,0.10946267968329618,0.020524252440618035,False,False,False,False,False,False,False,False
POA3979,3979,365.0,45.0,1731.0,2.7,53.0,42.0,6.0,0.0,99.0,187.0,8.0,192.0,74.0,35.0,298.0,95.0,22.0,0.0,121.0,2021,95.0,0.62751677852349,0.041666666666666664,0.6442953020134228,0.5353535353535354,0.42424242424242425,0.9595959595959596,0.06060606060606061,0.7851239669421488,0.18181818181818182,0.0,False,False,False,False,False,False,False,False
POA3980,3980,3571.0,40.0,1847.0,2.7,360.0,487.0,127.0,17.0,986.0,1806.0,68.0,1872.0,804.0,183.0,2860.0,946.0,235.0,25.0,1208.0,2021,847.0,0.6314685314685314,0.03632478632478633,0.6545454545454545,0.36511156186612576,0.49391480730223125,0.859026369168357,0.12880324543610547,0.7831125827814569,0.1945364238410596,0.020695364238410598,False,False,False,False,False,False,False,False
POA3981,3981,5437.0,36.0,1756.0,2.7,532.0,694.0,225.0,21.0,1470.0,2738.0,74.0,2813.0,1217.0,241.0,4274.0,1421.0,401.0,37.0,1855.0,2021,1226.0,0.6406176883481516,0.02630643441166015,0.6581656527842771,0.3619047619047619,0.47210884353741495,0.8340136054421768,0.15306122448979592,0.7660377358490567,0.21617250673854446,0.019946091644204852,False,False,False,False,False,False,False,False
POA3984,3984,7374.0,45.0,1285.0,2.3,971.0,734.0,306.0,24.0,2042.0,3252.0,144.0,3394.0,2287.0,448.0,6133.0,1988.0,855.0,70.0,2914.0,2021,1705.0,0.5302462090330996,0.04242781378903948,0.5533996412848524,0.4755142017629775,0.3594515181194907,0.8349657198824681,0.14985308521057786,0.6822237474262183,0.2934111187371311,0.024021962937542895,False,False,False,False,False,False,False,False
POA3987,3987,1644.0,41.0,1828.0,2.9,189.0,211.0,48.0,4.0,447.0,809.0,23.0,834.0,365.0,113.0,1310.0,426.0,75.0,7.0,510.0,2021,400.0,0.6175572519083969,0.027577937649880094,0.6366412213740458,0.4228187919463087,0.4720357941834452,0.8948545861297539,0.10738255033557047,0.8352941176470589,0.14705882352941177,0.013725490196078431,False,False,False,False,False,False,False,False
POA3988,3988,1094.0,42.0,1618.0,2.6,144.0,144.0,23.0,4.0,315.0,558.0,25.0,578.0,259.0,49.0,890.0,305.0,88.0,9.0,403.0,2021,288.0,0.6269662921348315,0.04325259515570934,0.6494382022471911,0.45714285714285713,0.45714285714285713,0.9142857142857143,0.07301587301587302,0.7568238213399504,0.21836228287841192,0.022332506203473945,False,False,False,False,False,False,False,False
POA3990,3990,118.0,56.0,1562.0,2.5,30.0,11.0,5.0,0.0,37.0,65.0,3.0,71.0,27.0,12.0,110.0,42.0,6.0,0.0,45.0,2021,41.0,0.5909090909090909,0.04225352112676056,0.6454545454545455,0.8108108108108109,0.2972972972972973,,0.13513513513513514,0.9333333333333333,0.13333333333333333,0.0,False,False,False,False,False,False,True,True
POA3991,3991,405.0,49.0,1262.0,2.4,55.0,39.0,14.0,0.0,111.0,178.0,10.0,185.0,126.0,35.0,351.0,107.0,37.0,4.0,146.0,2021,94.0,0.5071225071225072,0.05405405405405406,0.5270655270655271,0.4954954954954955,0.35135135135135137,0.8468468468468469,0.12612612612612611,0.7328767123287672,0.2534246575342466,0.0273972602739726,False,False,False,False,False,False,False,False
POA3992,3992,1281.0,43.0,1402.0,2.4,175.0,137.0,54.0,5.0,367.0,641.0,21.0,659.0,312.0,79.0,1049.0,361.0,134.0,9.0,502.0,2021,312.0,0.6110581506196378,0.03186646433990895,0.6282173498570067,0.4768392370572207,0.37329700272479566,0.8501362397820164,0.14713896457765668,0.7191235059760956,0.26693227091633465,0.017928286852589643,False,False,False,False,False,False,False,False
POA3995,3995,11596.0,50.0,1034.0,2.2,1503.0,1021.0,576.0,32.0,3128.0,4555.0,222.0,4777.0,4463.0,671.0,9908.0,3083.0,1663.0,141.0,4886.0,2021,2524.0,0.45972951150585384,0.04647268159933012,0.4821356479612434,0.4804987212276215,0.3264066496163683,0.8069053708439897,0.18414322250639387,0.6309864920180106,0.3403602128530495,0.02885796152271797,False,False,False,False,False,False,False,False
POA3996,3996,6649.0,54.0,1291.0,2.2,1089.0,601.0,171.0,22.0,1878.0,2652.0,73.0,2722.0,2627.0,260.0,5613.0,1863.0,806.0,42.0,2709.0,2021,1690.0,0.47247461250668094,0.026818515797207936,0.48494566185640475,0.5798722044728435,0.3200212992545261,0.8998935037273695,0.09105431309904154,0.6877076411960132,0.29752676264304173,0.015503875968992248,False,False,False,False,False,False,False,False
POA4000,4000,20341.0,31.0,1860.0,1.9,2589.0,903.0,407.0,143.0,4044.0,12192.0,973.0,13169.0,4371.0,1602.0,19144.0,4014.0,3512.0,1246.0,8773.0,2021,3492.0,0.6368575010447137,0.07388564051940162,0.6878917676556624,0.6402077151335311,0.22329376854599406,0.8635014836795252,0.1006429277942631,0.45754018009802805,0.4003191610623504,0.142026672745925,False,False,False,False,False,False,False,False
POA4005,4005,17714.0,38.0,2258.0,1.9,2620.0,1149.0,413.0,105.0,4282.0,11097.0,416.0,11511.0,3533.0,1066.0,16112.0,4251.0,3466.0,716.0,8435.0,2021,3769.0,0.6887413108242304,0.03613934497437234,0.7144364448857994,0.6118636151331154,0.2683325548808968,0.8801961700140122,0.09645025688930406,0.5039715471250741,0.4109069353882632,0.08488441019561352,False,False,False,False,False,False,False,False
POA4006,4006,24411.0,31.0,1871.0,1.7,3664.0,866.0,470.0,185.0,5177.0,16871.0,813.0,17680.0,3637.0,1792.0,23114.0,5156.0,5856.0,1649.0,12657.0,2021,4530.0,0.7299039543134032,0.045984162895927605,0.7649043869516311,0.7077457987251304,0.16727834653274096,0.8750241452578713,0.0907861695962913,0.4073635142608833,0.46266887888125147,0.13028363751283875,False,False,False,False,False,False,False,False
POA4007,4007,15451.0,39.0,2130.0,2.1,2037.0,1303.0,457.0,102.0,3900.0,8927.0,390.0,9320.0,3458.0,800.0,13573.0,3851.0,2603.0,370.0,6814.0,2021,3340.0,0.657702792308259,0.04184549356223176,0.68665733441391,0.5223076923076924,0.3341025641025641,0.8564102564102564,0.11717948717948717,0.5651599647783975,0.3820076313472263,0.054299970648664514,False,False,False,False,False,False,False,False
POA4008,4008,373.0,40.0,1666.0,2.1,28.0,23.0,6.0,0.0,57.0,137.0,6.0,148.0,178.0,24.0,344.0,60.0,41.0,7.0,110.0,2021,51.0,0.39825581395348836,0.04054054054054054,0.43023255813953487,0.49122807017543857,0.40350877192982454,0.8947368421052632,0.10526315789473684,0.5454545454545454,0.37272727272727274,0.06363636363636363,False,False,False,False,False,False,False,False
POA4009,4009,11.0,38.0,824.0,1.8,0.0,0.0,0.0,0.0,0.0,5.0,0.0,5.0,0.0,0.0,11.0,0.0,3.0,0.0,0.0,2021,0.0,0.45454545454545453,0.0,0.45454545454545453,,,,,,,,True,True,True,True,False,False,True,False
POA4010,4010,3446.0,33.0,1972.0,1.9,501.0,186.0,101.0,41.0,828.0,2230.0,104.0,2334.0,614.0,188.0,3136.0,820.0,686.0,172.0,1677.0,2021,687.0,0.7110969387755102,0.044558697514995714,0.7442602040816326,0.605072463768116,0.2246376811594203,0.8297101449275363,0.12198067632850242,0.48896839594514013,0.4090638044126416,0.10256410256410256,False,False,False,False,False,False,False,False
POA4011,4011,15813.0,38.0,2115.0,2.3,1580.0,1820.0,561.0,98.0,4056.0,9028.0,379.0,9407.0,3255.0,474.0,13141.0,4003.0,2174.0,311.0,6492.0,2021,3400.0,0.6870101209953581,0.04028914638035506,0.7158511528802983,0.3895463510848126,0.44871794871794873,0.8382642998027613,0.13831360946745563,0.6166050523721504,0.3348736906962415,0.047905113986444856,False,False,False,False,False,False,False,False
POA4012,4012,23440.0,36.0,2016.0,2.3,2541.0,2570.0,865.0,162.0,6142.0,13820.0,549.0,14373.0,4482.0,760.0,19619.0,6041.0,3352.0,591.0,9982.0,2021,5111.0,0.7044191854834599,0.038196618659987476,0.7326061471022988,0.41370888961250407,0.4184304786714425,0.8321393682839466,0.14083360468902636,0.6051893408134642,0.3358044480064115,0.059206571829292724,False,False,False,False,False,False,False,False
POA4013,4013,4876.0,35.0,2041.0,2.4,489.0,567.0,184.0,37.0,1272.0,2810.0,134.0,2945.0,927.0,169.0,4051.0,1252.0,588.0,109.0,1950.0,2021,1056.0,0.6936558874352012,0.04550084889643464,0.7269809923475685,0.38443396226415094,0.44575471698113206,0.8301886792452831,0.14465408805031446,0.642051282051282,0.30153846153846153,0.0558974358974359,False,False,False,False,False,False,False,False
POA4014,4014,13190.0,37.0,2354.0,2.7,1332.0,1763.0,469.0,89.0,3654.0,7183.0,312.0,7493.0,2685.0,382.0,10560.0,3580.0,913.0,207.0,4706.0,2021,3095.0,0.6802083333333333,0.041638862938742825,0.709564393939394,0.3645320197044335,0.4824849480021894,0.8470169677066228,0.12835249042145594,0.7607309817254568,0.1940076498087548,0.0439864003399915,False,False,False,False,False,False,False,False
POA4017,4017,37756.0,41.0,1934.0,2.6,3717.0,4925.0,1744.0,165.0,10551.0,18817.0,915.0,19736.0,9688.0,1116.0,30538.0,10271.0,3184.0,386.0,13840.0,2021,8642.0,0.616183116117624,0.04636197811106607,0.6462767699259938,0.3522888825703725,0.4667803999620889,0.8190692825324614,0.16529238934698132,0.7421242774566474,0.2300578034682081,0.027890173410404624,False,False,False,False,False,False,False,False
POA4018,4018,14097.0,37.0,1568.0,2.4,1436.0,1639.0,674.0,74.0,3822.0,6718.0,367.0,7087.0,3958.0,400.0,11443.0,3712.0,1690.0,187.0,5583.0,2021,3075.0,0.5870838066940488,0.0517849583744885,0.6193305951236564,0.3757195185766614,0.42883307169021456,0.804552590266876,0.17634746206174778,0.6648755149561167,0.3027046390829303,0.03349453698728282,False,False,False,False,False,False,False,False
POA4019,4019,20576.0,47.0,1283.0,2.2,2412.0,1794.0,1213.0,87.0,5508.0,8982.0,644.0,9621.0,6860.0,976.0,17457.0,5379.0,3089.0,319.0,8787.0,2021,4206.0,0.5145213954287678,0.06693690884523439,0.5511256229592714,0.43790849673202614,0.32570806100217864,0.7636165577342048,0.22022512708787217,0.6121543188801639,0.35154205075679984,0.036303630363036306,False,False,False,False,False,False,False,False
POA4020,4020,25603.0,50.0,1365.0,2.2,3598.0,2328.0,1229.0,96.0,7251.0,11051.0,655.0,11707.0,9249.0,1087.0,22039.0,7104.0,3589.0,279.0,10974.0,2021,5926.0,0.5014292844502927,0.05594943196378235,0.5311947003040065,0.4962074196662529,0.32105916425320646,0.8172665839194594,0.16949386291545993,0.647348277747403,0.3270457444869692,0.025423728813559324,False,False,False,False,False,False,False,False
POA4021,4021,9745.0,43.0,1297.0,2.5,944.0,955.0,609.0,54.0,2568.0,3957.0,288.0,4246.0,3299.0,481.0,8019.0,2502.0,1045.0,133.0,3676.0,2021,1899.0,0.49345304900860454,0.06782854451248234,0.5294924554183813,0.367601246105919,0.3718847352024922,0.7394859813084113,0.2371495327102804,0.6806311207834603,0.2842763873775843,0.03618063112078346,False,False,False,False,False,False,False,False
POA4022,4022,7538.0,43.0,1305.0,2.5,817.0,721.0,441.0,20.0,2006.0,3010.0,179.0,3190.0,2640.0,306.0,6137.0,1961.0,787.0,79.0,2822.0,2021,1538.0,0.4904676552061268,0.0561128526645768,0.5197979468795828,0.40727816550348955,0.3594217347956132,0.7666999002991027,0.21984047856430708,0.6948972360028348,0.27888022678951097,0.02799433026222537,False,False,False,False,False,False,False,False
POA4025,4025,309.0,45.0,1224.0,1.9,27.0,3.0,0.0,0.0,37.0,158.0,0.0,162.0,49.0,95.0,306.0,37.0,25.0,0.0,62.0,2021,30.0,0.5163398692810458,0.0,0.5294117647058824,0.7297297297297297,0.08108108108108109,0.8108108108108109,0.0,0.5967741935483871,0.4032258064516129,0.0,False,False,False,False,False,False,False,False
POA4030,4030,18592.0,33.0,2131.0,2.2,2075.0,1788.0,538.0,156.0,4557.0,11479.0,471.0,11951.0,3166.0,812.0,15927.0,4504.0,2492.0,782.0,7777.0,2021,3863.0,0.7207258115150373,0.039410927955819595,0.7503610221636215,0.4553434276936581,0.3923633969716919,0.84770682466535,0.11806012727671714,0.5791436286485792,0.32043204320432045,0.10055291243410056,False,False,False,False,False,False,False,False
POA4031,4031,14292.0,35.0,2146.0,2.4,1433.0,1720.0,554.0,104.0,3814.0,8548.0,338.0,8883.0,2409.0,415.0,11707.0,3770.0,1734.0,298.0,5811.0,2021,3153.0,0.7301614418723841,0.03805020826297422,0.7587768002050056,0.375721027792344,0.4509701101206083,0.8266911379129522,0.14525432616675407,0.6487695749440716,0.29839958699019103,0.05128205128205128,False,False,False,False,False,False,False,False
POA4032,4032,18389.0,36.0,1582.0,2.2,2070.0,1627.0,843.0,171.0,4709.0,9329.0,560.0,9889.0,4889.0,1019.0,15801.0,4620.0,2745.0,505.0,7869.0,2021,3697.0,0.5904056705271818,0.056628577206997675,0.6258464654135815,0.43958377574856655,0.3455086005521342,0.7850923763007008,0.17901889997876408,0.5871139916126573,0.3488372093023256,0.06417588003558267,False,False,False,False,False,False,False,False
POA4034,4034,46741.0,39.0,1808.0,2.5,4870.0,5438.0,2104.0,292.0,12694.0,22932.0,1215.0,24149.0,12617.0,1771.0,38535.0,12375.0,4718.0,730.0,17821.0,2021,10308.0,0.5950953678474115,0.05031264234543874,0.6266770468405346,0.38364581692138017,0.4283913659996849,0.8120371829210651,0.1657475972900583,0.69440547668481,0.26474384153526737,0.0409629089276696,False,False,False,False,False,False,False,False
POA4035,4035,27323.0,40.0,2458.0,2.9,2809.0,4153.0,932.0,77.0,7981.0,14630.0,548.0,15180.0,6274.0,508.0,21953.0,7798.0,1415.0,144.0,9364.0,2021,6962.0,0.6664237234091013,0.03610013175230566,0.6914772468455337,0.3519609071544919,0.5203608570354592,0.8723217641899511,0.1167773461972184,0.8327637761640324,0.1511106364801367,0.015378043571123452,False,False,False,False,False,False,False,False
POA4036,4036,7000.0,36.0,1931.0,2.7,709.0,897.0,354.0,34.0,1991.0,3528.0,181.0,3703.0,1651.0,184.0,5537.0,1938.0,449.0,77.0,2462.0,2021,1606.0,0.6371681415929203,0.04887928706454226,0.6687737041719343,0.3561024610748368,0.45052737317930686,0.8066298342541437,0.17780010045203415,0.7871649065800163,0.18237205523964256,0.03127538586515029,False,False,False,False,False,False,False,False
POA4037,4037,7822.0,38.0,2771.0,3.1,741.0,1315.0,236.0,10.0,2305.0,4429.0,158.0,4590.0,1399.0,104.0,6098.0,2245.0,208.0,20.0,2478.0,2021,2056.0,0.7263037061331584,0.03442265795206972,0.7527058051820269,0.32147505422993494,0.5704989154013015,0.8919739696312364,0.10238611713665943,0.9059725585149314,0.08393866020984665,0.008071025020177562,False,False,False,False,False,False,False,False
POA4051,4051,29574.0,34.0,2318.0,2.5,2769.0,3585.0,996.0,181.0,7530.0,17356.0,693.0,18048.0,5185.0,993.0,24229.0,7438.0,2984.0,735.0,11161.0,2021,6354.0,0.7163316686615213,0.038397606382978726,0.744892484213133,0.36772908366533863,0.4760956175298805,0.8438247011952191,0.13227091633466134,0.6664277394498701,0.2673595555953768,0.06585431412955828,False,False,False,False,False,False,False,False
POA4053,4053,47604.0,36.0,2152.0,2.5,4908.0,5982.0,2048.0,249.0,13187.0,25936.0,1108.0,27042.0,10143.0,1315.0,38498.0,12988.0,4288.0,816.0,18093.0,2021,10890.0,0.6736973349264896,0.040973300791361585,0.7024261000571458,0.3721847273830287,0.4536285735952074,0.8258133009782361,0.15530446652005764,0.7178466810368651,0.23699773393024925,0.04510031503896535,False,False,False,False,False,False,False,False
POA4054,4054,13986.0,38.0,1949.0,2.6,1496.0,1733.0,733.0,58.0,4026.0,7090.0,314.0,7404.0,3505.0,346.0,11253.0,3949.0,1202.0,145.0,5296.0,2021,3229.0,0.6300542077668178,0.04240950837385197,0.6579578778992269,0.37158469945355194,0.4304520615996026,0.8020367610531545,0.18206656731246895,0.7456570996978852,0.22696374622356497,0.02737915407854985,False,False,False,False,False,False,False,False
POA4055,4055,22364.0,38.0,2496.0,2.9,2228.0,3436.0,794.0,63.0,6514.0,11735.0,473.0,12212.0,4881.0,334.0,17429.0,6375.0,991.0,107.0,7474.0,2021,5664.0,0.6733031154971599,0.03873239436619718,0.7006712949681565,0.342032545287074,0.527479275406816,0.8695118206938901,0.12189131102241327,0.852956917313353,0.1325929890286326,0.014316296494514316,False,False,False,False,False,False,False,False
POA4059,4059,13740.0,30.0,1934.0,2.3,1275.0,1253.0,434.0,121.0,3074.0,8093.0,554.0,8645.0,2736.0,446.0,11830.0,3052.0,1661.0,752.0,5465.0,2021,2528.0,0.6841081994928149,0.06408328513591671,0.7307692307692307,0.4147690305790501,0.407612231620039,0.8223812621990891,0.14118412491867274,0.5584629460201281,0.3039341262580055,0.1376029277218664,False,False,False,False,False,False,False,False
POA4060,4060,13450.0,38.0,2874.0,2.8,1055.0,1963.0,427.0,44.0,3498.0,7484.0,293.0,7776.0,2622.0,261.0,10656.0,3449.0,966.0,226.0,4637.0,2021,3018.0,0.7023273273273273,0.03768004115226337,0.7297297297297297,0.30160091480846196,0.561177815894797,0.8627787307032591,0.12206975414522585,0.7437998706059953,0.20832434763855942,0.048738408453741645,False,False,False,False,False,False,False,False
POA4061,4061,17318.0,42.0,2573.0,2.9,1627.0,2614.0,694.0,46.0,4978.0,8821.0,414.0,9234.0,4179.0,234.0,13642.0,4905.0,908.0,98.0,5914.0,2021,4241.0,0.646606069491277,0.04483430799220273,0.6768802228412256,0.32683808758537564,0.5251104861390117,0.8519485737243873,0.13941341904379267,0.8293878931349341,0.15353398714913763,0.01657084883327697,False,False,False,False,False,False,False,False
POA4064,4064,12191.0,33.0,2434.0,2.3,1367.0,1180.0,313.0,93.0,2952.0,7745.0,317.0,8056.0,1965.0,428.0,10450.0,2917.0,1529.0,549.0,4994.0,2021,2547.0,0.7411483253588517,0.03934955312810328,0.7709090909090909,0.46307588075880757,0.3997289972899729,0.8628048780487805,0.10602981029810297,0.5841009211053264,0.30616740088105726,0.10993191830196236,False,False,False,False,False,False,False,False
POA4065,4065,10171.0,38.0,3394.0,2.8,828.0,1520.0,307.0,40.0,2700.0,5593.0,199.0,5791.0,1887.0,240.0,7918.0,2675.0,658.0,144.0,3479.0,2021,2348.0,0.7063652437484214,0.03436366776031773,0.7313715584743622,0.30666666666666664,0.562962962962963,0.8696296296296296,0.11370370370370371,0.7688991089393504,0.1891348088531187,0.04139120436907157,False,False,False,False,False,False,False,False
POA4066,4066,18609.0,31.0,2013.0,2.2,2155.0,1533.0,483.0,194.0,4364.0,11215.0,607.0,11824.0,3927.0,593.0,16345.0,4324.0,2478.0,1077.0,7875.0,2021,3688.0,0.686142551238911,0.051336265223274696,0.7234016518813092,0.49381301558203483,0.3512832263978002,0.845096241979835,0.1106782768102658,0.5490793650793651,0.31466666666666665,0.13676190476190475,False,False,False,False,False,False,False,False
POA4067,4067,12220.0,25.0,1761.0,2.4,958.0,865.0,248.0,118.0,2195.0,5874.0,714.0,6586.0,3792.0,526.0,10907.0,2170.0,985.0,784.0,3936.0,2021,1823.0,0.5385532227010177,0.10841178256908594,0.603832401210232,0.43644646924829156,0.3940774487471526,0.8305239179954442,0.11298405466970388,0.5513211382113821,0.2502540650406504,0.1991869918699187,False,False,False,False,False,False,False,False
POA4068,4068,25676.0,34.0,2094.0,2.5,2507.0,2932.0,871.0,211.0,6519.0,13722.0,831.0,14551.0,6114.0,695.0,21365.0,6441.0,2539.0,997.0,9977.0,2021,5439.0,0.6422653873157033,0.05710947701188922,0.6810671659255793,0.38456818530449455,0.4497622334713913,0.8343304187758859,0.1336094493020402,0.6455848451438309,0.25448531622732284,0.09992983862884634,False,False,False,False,False,False,False,False
POA4069,4069,35527.0,42.0,3019.0,3.0,3388.0,5587.0,984.0,98.0,10067.0,17574.0,771.0,18344.0,9117.0,711.0,28167.0,9828.0,1590.0,243.0,11653.0,2021,8975.0,0.6239216103951433,0.04203009158307894,0.6512585649873966,0.3365451475116718,0.554981623125062,0.8915267706367339,0.09774510777788815,0.8433879687634086,0.13644555050201665,0.020852999227666695,False,False,False,False,False,False,False,False
POA4070,4070,12045.0,40.0,2435.0,3.0,1193.0,1865.0,464.0,21.0,3541.0,6140.0,299.0,6434.0,2754.0,202.0,9397.0,3441.0,523.0,37.0,4003.0,2021,3058.0,0.6534000212833884,0.046471868200186506,0.6846866021070555,0.33691047726630896,0.5266873764473312,0.8635978537136402,0.13103643038689636,0.859605296027979,0.1306520109917562,0.00924306769922558,False,False,False,False,False,False,False,False
POA4073,4073,9293.0,43.0,2543.0,2.8,941.0,1408.0,286.0,16.0,2655.0,4713.0,197.0,4912.0,2496.0,155.0,7561.0,2589.0,490.0,48.0,3132.0,2021,2349.0,0.6233302473217829,0.04010586319218241,0.6496495172596217,0.3544256120527307,0.5303201506591337,0.8847457627118644,0.10772128060263654,0.8266283524904214,0.15644955300127714,0.01532567049808429,False,False,False,False,False,False,False,False
POA4074,4074,24071.0,40.0,2271.0,2.8,2639.0,3442.0,933.0,81.0,7095.0,12361.0,543.0,12907.0,6026.0,450.0,19379.0,6901.0,1339.0,185.0,8420.0,2021,6081.0,0.6378554104958977,0.04207019446811808,0.6660302389184168,0.3719520789288231,0.4851303735024665,0.8570824524312897,0.13150105708245244,0.8195961995249407,0.15902612826603327,0.021971496437054632,False,False,False,False,False,False,False,False
POA4075,4075,25506.0,38.0,2239.0,2.6,2440.0,3433.0,950.0,113.0,6940.0,13365.0,603.0,13964.0,5806.0,674.0,20443.0,6821.0,2198.0,383.0,9397.0,2021,5873.0,0.6537690162891944,0.04318246920653108,0.683069999510835,0.3515850144092219,0.4946685878962536,0.8462536023054755,0.13688760806916425,0.7258699584973928,0.23390443758646376,0.04075768862402895,False,False,False,False,False,False,False,False
POA4076,4076,8353.0,35.0,1523.0,2.6,393.0,533.0,282.0,43.0,1249.0,2217.0,218.0,2436.0,4778.0,267.0,7469.0,1204.0,437.0,95.0,1739.0,2021,926.0,0.29682688445575045,0.08949096880131363,0.3261480787253983,0.3146517213771017,0.4267413931144916,0.7413931144915933,0.22578062449959968,0.6923519263944796,0.25129384703852786,0.05462909718228867,False,False,False,False,False,False,False,False
POA4077,4077,35805.0,32.0,1342.0,2.9,2405.0,3911.0,2289.0,252.0,8855.0,13796.0,1453.0,15242.0,10439.0,1971.0,27652.0,8423.0,2757.0,514.0,11694.0,2021,6316.0,0.49891508751627367,0.09532869702138827,0.5512078692318819,0.2715979672501412,0.4416713721061547,0.7132693393562959,0.258498023715415,0.7202839062767231,0.2357619291944587,0.043954164528818195,False,False,False,False,False,False,False,False
POA4078,4078,26263.0,36.0,1838.0,2.8,2245.0,3468.0,1415.0,110.0,7236.0,12767.0,820.0,13582.0,6472.0,750.0,20809.0,6947.0,1708.0,223.0,8886.0,2021,5713.0,0.613532606083906,0.060374024444117214,0.6526983516747561,0.31025428413488115,0.4792703150912106,0.7895245992260918,0.19555002763957988,0.7817915822642358,0.19221246905244205,0.025095656088228675,False,False,False,False,False,False,False,False
POA4101,4101,35246.0,32.0,1973.0,2.1,4106.0,2528.0,1103.0,229.0,7965.0,20068.0,1370.0,21437.0,7519.0,2533.0,31487.0,7891.0,5265.0,1592.0,14745.0,2021,6634.0,0.6373423952742402,0.06390819610953025,0.6808206561438054,0.5155053358443189,0.3173885750156937,0.8328939108600125,0.13848085373509103,0.5351644625296711,0.3570701932858596,0.10796880298406239,False,False,False,False,False,False,False,False
POA4102,4102,10823.0,29.0,1840.0,2.2,1135.0,642.0,275.0,110.0,2158.0,6346.0,458.0,6801.0,2450.0,614.0,9867.0,2133.0,1397.0,777.0,4310.0,2021,1777.0,0.6431539475017736,0.0673430377885605,0.6892672544846458,0.525949953660797,0.2974976830398517,0.8234476367006488,0.1274328081556997,0.49489559164733177,0.32412993039443155,0.1802784222737819,False,False,False,False,False,False,False,False
POA4103,4103,14995.0,33.0,1909.0,2.3,1611.0,1317.0,485.0,124.0,3546.0,9146.0,539.0,9681.0,2864.0,500.0,13045.0,3496.0,1962.0,832.0,6289.0,2021,2928.0,0.7011115369873515,0.05567606652205351,0.7421234189344577,0.4543147208121827,0.37140439932318103,0.8257191201353637,0.13677382966723067,0.5558912386706949,0.31197328669104785,0.13229448242963907,False,False,False,False,False,False,False,False
POA4104,4104,7062.0,39.0,1932.0,2.2,828.0,721.0,204.0,54.0,1807.0,3851.0,193.0,4049.0,1775.0,270.0,6100.0,1782.0,1009.0,190.0,2980.0,2021,1549.0,0.6313114754098361,0.047666090392689556,0.6637704918032787,0.4582180409518539,0.3990038738240177,0.8572219147758716,0.11289429994465966,0.5979865771812081,0.33859060402684565,0.06375838926174497,False,False,False,False,False,False,False,False
POA4105,4105,13929.0,36.0,2001.0,2.4,1493.0,1545.0,501.0,116.0,3655.0,7725.0,382.0,8108.0,2983.0,457.0,11544.0,3607.0,1650.0,420.0,5674.0,2021,3038.0,0.6691787941787942,0.04711396151948693,0.7023562023562023,0.4084815321477428,0.42270861833105333,0.8311901504787962,0.13707250341997265,0.6357067324638703,0.29080014099400775,0.07402185407120197,False,False,False,False,False,False,False,False
POA4106,4106,1672.0,34.0,1493.0,2.3,135.0,134.0,65.0,15.0,348.0,859.0,78.0,939.0,390.0,85.0,1413.0,339.0,244.0,57.0,639.0,2021,269.0,0.607926397735315,0.08306709265175719,0.6645435244161358,0.3879310344827586,0.3850574712643678,0.7729885057471264,0.1867816091954023,0.5305164319248826,0.38184663536776214,0.0892018779342723,False,False,False,False,False,False,False,False
POA4107,4107,6790.0,35.0,2133.0,2.7,624.0,836.0,284.0,50.0,1791.0,3668.0,187.0,3856.0,1396.0,178.0,5426.0,1760.0,521.0,146.0,2426.0,2021,1460.0,0.6760044231478068,0.04849585062240664,0.7106524143015113,0.34840871021775544,0.4667783361250698,0.8151870463428252,0.15857063093243998,0.7254740313272877,0.2147568013190437,0.060181368507831824,False,False,False,False,False,False,False,False
POA4108,4108,6188.0,34.0,1567.0,2.6,634.0,593.0,263.0,53.0,1540.0,3046.0,254.0,3304.0,1655.0,307.0,5267.0,1479.0,593.0,215.0,2284.0,2021,1227.0,0.5783178279855705,0.07687651331719128,0.6273020694892728,0.4116883116883117,0.38506493506493505,0.7967532467532468,0.17077922077922078,0.6475481611208407,0.2596322241681261,0.09413309982486866,False,False,False,False,False,False,False,False
POA4109,4109,37703.0,36.0,1689.0,3.0,3498.0,4269.0,1566.0,236.0,9568.0,16838.0,1355.0,18196.0,11765.0,1647.0,31609.0,8940.0,2241.0,908.0,12077.0,2021,7767.0,0.5326963839412825,0.07446691580567158,0.5756588313455029,0.3655936454849498,0.4461747491638796,0.8117683946488294,0.1636705685618729,0.7402500621015152,0.1855593276475946,0.07518423449532169,False,False,False,False,False,False,False,False
POA4110,4110,16461.0,32.0,1906.0,2.9,1304.0,2237.0,791.0,80.0,4407.0,7767.0,551.0,8320.0,3538.0,691.0,12545.0,4221.0,913.0,197.0,5330.0,2021,3541.0,0.619131127939418,0.06622596153846154,0.6632124352331606,0.2958928976628092,0.5076015429997731,0.8034944406625822,0.1794871794871795,0.7919324577861163,0.17129455909943714,0.03696060037523452,False,False,False,False,False,False,False,False
POA4111,4111,1085.0,28.0,1682.0,2.3,78.0,88.0,28.0,8.0,208.0,536.0,58.0,595.0,316.0,63.0,970.0,206.0,104.0,20.0,324.0,2021,166.0,0.5525773195876289,0.09747899159663866,0.6134020618556701,0.375,0.4230769230769231,0.7980769230769231,0.1346153846153846,0.6358024691358025,0.32098765432098764,0.06172839506172839,False,False,False,False,False,False,False,False
POA4112,4112,8737.0,34.0,2136.0,3.3,649.0,1383.0,272.0,27.0,2331.0,4004.0,270.0,4272.0,2176.0,229.0,6678.0,2232.0,271.0,68.0,2567.0,2021,2032.0,0.59958071278826,0.06320224719101124,0.6397124887690926,0.2784212784212784,0.5933075933075933,0.8717288717288717,0.11668811668811668,0.8694974678613168,0.10557070510323335,0.026490066225165563,False,False,False,False,False,False,False,False
POA4113,4113,29524.0,35.0,1823.0,2.9,2743.0,3877.0,1149.0,176.0,7944.0,14457.0,980.0,15441.0,7730.0,1031.0,24205.0,7575.0,1797.0,577.0,9949.0,2021,6620.0,0.5972732906424293,0.06346739200828962,0.6379260483371204,0.3452920443101712,0.48804128902316213,0.8333333333333334,0.14463746223564955,0.7613830535732234,0.18062116795657854,0.05799577847019801,False,False,False,False,False,False,False,False
POA4114,4114,29702.0,32.0,1080.0,2.8,1671.0,2534.0,2218.0,195.0,6621.0,8965.0,1550.0,10508.0,9635.0,2726.0,22877.0,6256.0,2661.0,493.0,9413.0,2021,4205.0,0.3918783057219041,0.14750666159116863,0.4593259605717533,0.2523787947439964,0.3827216432563057,0.635100438000302,0.3349947137894578,0.6646127695739934,0.2826941463932859,0.05237437586316796,False,False,False,False,False,False,False,False
POA4115,4115,20169.0,36.0,1967.0,3.0,1767.0,2960.0,833.0,72.0,5625.0,9938.0,564.0,10502.0,4808.0,495.0,15805.0,5383.0,920.0,181.0,6493.0,2021,4727.0,0.6287883581145207,0.0537040563702152,0.6644732679531794,0.3141333333333333,0.5262222222222223,0.8403555555555555,0.14808888888888888,0.8290466656399199,0.14169105190204836,0.027876174341598645,False,False,False,False,False,False,False,False
POA4116,4116,27459.0,35.0,1970.0,3.1,2245.0,4154.0,1162.0,99.0,7663.0,13254.0,812.0,14066.0,6399.0,854.0,21319.0,7249.0,1054.0,247.0,8548.0,2021,6399.0,0.6216989539847084,0.057727854400682496,0.65978704442047,0.2929662012266736,0.542085345165079,0.8350515463917526,0.15163773978859454,0.848034627983154,0.12330369677117455,0.02889564810481984,False,False,False,False,False,False,False,False
POA4117,4117,2954.0,28.0,1872.0,3.5,140.0,418.0,152.0,8.0,714.0,1212.0,92.0,1304.0,562.0,158.0,2025.0,684.0,97.0,19.0,799.0,2021,558.0,0.5985185185185186,0.0705521472392638,0.6439506172839506,0.19607843137254902,0.5854341736694678,0.7815126050420168,0.21288515406162464,0.8560700876095119,0.1214017521902378,0.023779724655819776,False,False,False,False,False,False,False,False
POA4118,4118,31493.0,35.0,1744.0,2.9,2731.0,4006.0,1709.0,140.0,8587.0,14917.0,1037.0,15951.0,7343.0,1240.0,24535.0,8196.0,1653.0,329.0,10176.0,2021,6737.0,0.6079885877318117,0.06501159801893298,0.6501324638271857,0.3180388960055898,0.46651915686502854,0.7845580528706184,0.19902177710492605,0.8054245283018868,0.16244103773584906,0.0323309748427673,False,False,False,False,False,False,False,False
POA4119,4119,6809.0,34.0,1992.0,3.1,535.0,1017.0,256.0,36.0,1844.0,3326.0,232.0,3560.0,1461.0,230.0,5251.0,1758.0,325.0,55.0,2145.0,2021,1552.0,0.633403161302609,0.0651685393258427,0.6779661016949152,0.2901301518438178,0.5515184381778742,0.841648590021692,0.13882863340563992,0.8195804195804196,0.15151515151515152,0.02564102564102564,False,False,False,False,False,False,False,False
POA4120,4120,10387.0,33.0,1949.0,2.1,1245.0,855.0,314.0,104.0,2515.0,6478.0,294.0,6769.0,1897.0,429.0,9101.0,2482.0,1589.0,519.0,4593.0,2021,2100.0,0.7117899131963521,0.04343329886246122,0.7437644214921437,0.49502982107355864,0.3399602385685885,0.8349900596421471,0.12485089463220676,0.540387546266057,0.3459612453733943,0.11299804049640758,False,False,False,False,False,False,False,False
POA4121,4121,26062.0,37.0,2452.0,2.7,2228.0,3641.0,967.0,147.0,6986.0,14098.0,548.0,14641.0,5208.0,681.0,20536.0,6884.0,1988.0,417.0,9292.0,2021,5869.0,0.6865017530190884,0.037429137354005874,0.7129431242695754,0.31892356140853134,0.5211852275980533,0.8401087890065846,0.138419696535929,0.7408523461041756,0.21394748170469222,0.04487731381833836,False,False,False,False,False,False,False,False
POA4122,4122,47147.0,36.0,1935.0,2.7,4286.0,5912.0,2029.0,286.0,12517.0,23619.0,1405.0,25014.0,11717.0,1637.0,38371.0,12172.0,3805.0,875.0,16852.0,2021,10198.0,0.6155429881942092,0.0561685456144559,0.6518985692319721,0.34241431652951987,0.4723176479987217,0.8147319645282416,0.16209954461931772,0.7222881557085212,0.22578922383099928,0.05192262046047947,False,False,False,False,False,False,False,False
POA4123,4123,22857.0,35.0,2089.0,2.9,2095.0,3425.0,903.0,66.0,6489.0,11448.0,640.0,12089.0,5018.0,577.0,17681.0,6229.0,1196.0,216.0,7637.0,2021,5520.0,0.6474746903455687,0.05294068988336504,0.6837282959108648,0.3228540607181384,0.5278163045153337,0.8506703652334721,0.13915857605177995,0.8156344114180961,0.1566059971192877,0.028283357339269347,False,False,False,False,False,False,False,False
POA4124,4124,23445.0,35.0,2040.0,3.1,2062.0,3252.0,984.0,68.0,6371.0,11422.0,648.0,12072.0,5161.0,858.0,18084.0,6009.0,1024.0,169.0,7208.0,2021,5314.0,0.6316080513160806,0.0536779324055666,0.6675514266755143,0.3236540574478104,0.5104379218333072,0.8340919792811176,0.15444985088683094,0.8336570477247502,0.14206437291897892,0.023446170921198668,False,False,False,False,False,False,False,False
POA4125,4125,12893.0,33.0,1598.0,2.8,1384.0,1520.0,561.0,52.0,3515.0,6015.0,405.0,6411.0,3133.0,711.0,10258.0,3306.0,901.0,146.0,4355.0,2021,2904.0,0.586371612400078,0.06317267197005147,0.6249756287775394,0.3937411095305832,0.43243243243243246,0.8261735419630156,0.15960170697012802,0.7591274397244546,0.20688863375430538,0.033524684270952926,False,False,False,False,False,False,False,False
POA4127,4127,27206.0,38.0,1602.0,2.7,2510.0,3058.0,1572.0,130.0,7272.0,12379.0,918.0,13300.0,7350.0,1146.0,21792.0,6991.0,2245.0,286.0,9518.0,2021,5568.0,0.5680524963289281,0.06902255639097744,0.6103157121879589,0.34515951595159516,0.4205170517051705,0.7656765676567657,0.21617161716171618,0.7345030468585837,0.23586888001681025,0.0300483294809834,False,False,False,False,False,False,False,False
POA4128,4128,16936.0,38.0,2125.0,2.8,1770.0,2362.0,710.0,45.0,4888.0,8978.0,465.0,9449.0,3672.0,429.0,13546.0,4700.0,947.0,122.0,5768.0,2021,4132.0,0.6627786800531522,0.04921155677849508,0.6975490919828732,0.3621112929623568,0.48322422258592473,0.8453355155482815,0.14525368248772505,0.8148404993065187,0.16418169209431346,0.02115117891816921,False,False,False,False,False,False,False,False
POA4129,4129,6764.0,34.0,1840.0,2.9,603.0,845.0,393.0,26.0,1871.0,3347.0,179.0,3527.0,1452.0,223.0,5199.0,1784.0,386.0,73.0,2242.0,2021,1448.0,0.64377764954799,0.05075134675361497,0.6783996922485094,0.32228754676643506,0.45163014430785675,0.7739176910742919,0.21004810261892037,0.7957181088314005,0.17216770740410348,0.03256021409455843,False,False,False,False,False,False,False,False
POA4130,4130,9140.0,41.0,2318.0,2.9,982.0,1285.0,337.0,18.0,2627.0,4810.0,213.0,5025.0,2144.0,209.0,7382.0,2498.0,444.0,58.0,3004.0,2021,2267.0,0.6515849363316174,0.042388059701492536,0.6807098347331346,0.37381043014845833,0.48915112295393987,0.8629615531023982,0.12828321279025504,0.8315579227696405,0.1478029294274301,0.019307589880159785,False,False,False,False,False,False,False,False
POA4131,4131,11781.0,32.0,1376.0,2.8,824.0,1174.0,774.0,76.0,2848.0,4520.0,520.0,5043.0,3204.0,970.0,9215.0,2706.0,863.0,187.0,3754.0,2021,1998.0,0.4905046120455779,0.10311322625421376,0.5472599023331525,0.2893258426966292,0.4122191011235955,0.7015449438202247,0.2717696629213483,0.7208311134789558,0.22988811933937134,0.04981353223228556,False,False,False,False,False,False,False,False
POA4132,4132,27070.0,29.0,1437.0,3.2,1471.0,3008.0,1760.0,135.0,6376.0,10049.0,1103.0,11157.0,6711.0,1739.0,19604.0,6030.0,1387.0,336.0,7753.0,2021,4479.0,0.5125994694960212,0.09886170117415076,0.5691185472352581,0.23070890840652447,0.47176913425345046,0.7024780426599749,0.27603513174404015,0.7777634464078421,0.17889849090674578,0.0433380626854121,False,False,False,False,False,False,False,False
POA4133,4133,22472.0,32.0,1505.0,2.8,1888.0,2442.0,1204.0,98.0,5631.0,9346.0,721.0,10063.0,5715.0,1470.0,17254.0,5337.0,1694.0,273.0,7295.0,2021,4330.0,0.5416714964645879,0.07164861373347908,0.5832270777790657,0.33528680518557985,0.43367075119872134,0.7689575563843012,0.21381637364588882,0.7315969842357779,0.23221384509938314,0.03742289239204935,False,False,False,False,False,False,False,False
POA4151,4151,18132.0,35.0,2105.0,2.3,2003.0,1919.0,519.0,158.0,4594.0,10985.0,433.0,11418.0,3468.0,560.0,15449.0,4542.0,2565.0,560.0,7667.0,2021,3922.0,0.7110492588517056,0.03792257838500613,0.7390769629102207,0.4360034828036569,0.4177187636047018,0.8537222464083587,0.11297344362211581,0.592409025694535,0.33455067170992564,0.07304030259553933,False,False,False,False,False,False,False,False
POA4152,4152,47570.0,38.0,2318.0,2.6,4844.0,6450.0,1825.0,239.0,13364.0,25865.0,1067.0,26933.0,10686.0,1082.0,38698.0,13099.0,3775.0,722.0,17596.0,2021,11294.0,0.6683807948731201,0.03961682694092749,0.6959791203679777,0.3624663274468722,0.48263992816522,0.8451062556120922,0.1365609099072134,0.7444305523982724,0.21453739486246876,0.041032052739258924,False,False,False,False,False,False,False,False
POA4153,4153,4498.0,39.0,2431.0,2.9,429.0,681.0,165.0,15.0,1290.0,2406.0,96.0,2494.0,995.0,121.0,3612.0,1235.0,221.0,39.0,1493.0,2021,1110.0,0.6661129568106312,0.038492381716118684,0.6904761904761905,0.3325581395348837,0.5279069767441861,0.8604651162790697,0.12790697674418605,0.8271935699933021,0.1480241125251172,0.026121902210314803,False,False,False,False,False,False,False,False
POA4154,4154,11449.0,37.0,3044.0,3.2,874.0,1976.0,371.0,18.0,3242.0,6230.0,193.0,6426.0,1883.0,166.0,8480.0,3170.0,343.0,49.0,3558.0,2021,2850.0,0.7346698113207547,0.030034235916588856,0.7577830188679245,0.26958667489204197,0.6095003084515731,0.879086983343615,0.11443553362122147,0.8909499718943227,0.09640247329960652,0.013771781899943788,False,False,False,False,False,False,False,False
POA4155,4155,1475.0,45.0,2905.0,3.2,155.0,211.0,44.0,3.0,410.0,754.0,32.0,784.0,364.0,50.0,1200.0,384.0,57.0,5.0,446.0,2021,366.0,0.6283333333333333,0.04081632653061224,0.6533333333333333,0.3780487804878049,0.5146341463414634,0.8926829268292683,0.1073170731707317,0.8609865470852018,0.12780269058295965,0.011210762331838564,False,False,False,False,False,False,False,False
POA4156,4156,3388.0,40.0,2902.0,3.2,307.0,580.0,81.0,4.0,969.0,1839.0,80.0,1918.0,729.0,48.0,2689.0,933.0,86.0,15.0,1032.0,2021,887.0,0.6838973596132392,0.04171011470281543,0.713276310896244,0.31682146542827655,0.5985552115583075,0.9153766769865841,0.08359133126934984,0.9040697674418605,0.08333333333333333,0.014534883720930232,False,False,False,False,False,False,False,False
POA4157,4157,19771.0,40.0,1794.0,2.6,2190.0,2397.0,972.0,68.0,5624.0,10045.0,461.0,10508.0,5012.0,674.0,16195.0,5410.0,1639.0,207.0,7257.0,2021,4587.0,0.620253164556962,0.04387133612485725,0.6488422352577956,0.38940256045519206,0.4262091038406828,0.8156116642958748,0.1728307254623044,0.745487115888108,0.2258509025768224,0.028524183546920216,False,False,False,False,False,False,False,False
POA4158,4158,3877.0,41.0,1488.0,2.3,442.0,400.0,252.0,16.0,1107.0,1895.0,111.0,2007.0,1005.0,115.0,3129.0,1086.0,480.0,52.0,1620.0,2021,842.0,0.6056248002556728,0.05530642750373692,0.6414189837008629,0.3992773261065944,0.36133694670280037,0.7606142728093948,0.22764227642276422,0.6703703703703704,0.2962962962962963,0.03209876543209877,False,False,False,False,False,False,False,False
POA4159,4159,14816.0,43.0,1903.0,2.7,1743.0,1869.0,606.0,51.0,4268.0,7196.0,309.0,7501.0,4044.0,610.0,12160.0,4132.0,1109.0,99.0,5344.0,2021,3612.0,0.5917763157894737,0.041194507399013466,0.616858552631579,0.4083880037488285,0.43791002811621366,0.8462980318650422,0.14198687910028115,0.7732035928143712,0.20752245508982037,0.018525449101796407,False,False,False,False,False,False,False,False
POA4160,4160,19044.0,44.0,2107.0,2.7,2218.0,2564.0,783.0,71.0,5637.0,9772.0,396.0,10170.0,5086.0,429.0,15690.0,5501.0,1223.0,104.0,6829.0,2021,4782.0,0.6228170809432759,0.03893805309734513,0.6481835564053537,0.39347170480752175,0.4548518715628881,0.8483235763704098,0.13890367216604577,0.8055352174549715,0.1790891785034412,0.015229169717381754,False,False,False,False,False,False,False,False
POA4161,4161,16472.0,38.0,1829.0,2.7,1716.0,2060.0,893.0,67.0,4734.0,8362.0,398.0,8761.0,4001.0,500.0,13257.0,4600.0,1111.0,144.0,5859.0,2021,3776.0,0.6307611073395187,0.04542860404063463,0.6608584144225692,0.36248415716096327,0.4351499788762146,0.7976341360371778,0.1886354034643008,0.7851169141491722,0.18962280252602834,0.02457757296466974,False,False,False,False,False,False,False,False
POA4163,4163,15850.0,51.0,1430.0,2.3,2135.0,1561.0,767.0,62.0,4523.0,6969.0,344.0,7316.0,5820.0,621.0,13754.0,4411.0,2044.0,140.0,6588.0,2021,3696.0,0.5066889632107023,0.047020229633679606,0.531917987494547,0.4720318372761442,0.3451249170904267,0.8171567543665709,0.1695777139066991,0.6695506982392229,0.31026108075288406,0.021250758955676987,False,False,False,False,False,False,False,False
POA4164,4164,19263.0,36.0,2218.0,2.9,1897.0,2799.0,787.0,60.0,5548.0,10233.0,396.0,10632.0,3978.0,520.0,15129.0,5393.0,892.0,122.0,6408.0,2021,4696.0,0.6763831052944675,0.03724604966139955,0.7027562958556415,0.34192501802451336,0.504506128334535,0.8464311463590483,0.14185291997116078,0.8416042446941323,0.13920099875156056,0.019038701622971287,False,False,False,False,False,False,False,False
POA4165,4165,39491.0,42.0,1970.0,2.7,4675.0,5255.0,1515.0,83.0,11529.0,19372.0,799.0,20164.0,10695.0,1032.0,31901.0,11190.0,2430.0,267.0,13887.0,2021,9930.0,0.6072536911068619,0.039625074390001985,0.6320804990439172,0.4054991759909793,0.4558070951513574,0.8613062711423367,0.13140775435857402,0.8057895873838842,0.17498379779650033,0.01922661481961547,False,False,False,False,False,False,False,False
POA4169,4169,15882.0,35.0,2057.0,2.0,2223.0,912.0,383.0,119.0,3636.0,9976.0,528.0,10507.0,3162.0,931.0,14601.0,3610.0,2721.0,941.0,7277.0,2021,3135.0,0.6832408739127457,0.050252212810507284,0.7196082460105472,0.6113861386138614,0.2508250825082508,0.8622112211221122,0.10533553355335533,0.4960835509138381,0.37391782327882367,0.1293115294764326,False,False,False,False,False,False,False,False
POA4170,4170,28030.0,34.0,2426.0,2.5,2837.0,3314.0,1030.0,184.0,7362.0,16898.0,646.0,17542.0,4315.0,1023.0,22884.0,7272.0,2659.0,850.0,10781.0,2021,6151.0,0.7384198566684146,0.036825903545775855,0.7665617898968712,0.3853572398804673,0.45014941591958707,0.8355066558000543,0.13990763379516435,0.6745199888693071,0.24663760319079864,0.07884240793989426,False,False,False,False,False,False,False,False
POA4171,4171,16886.0,38.0,2830.0,2.5,1773.0,2204.0,604.0,68.0,4652.0,9744.0,365.0,10105.0,3051.0,530.0,13688.0,4616.0,1602.0,256.0,6476.0,2021,3977.0,0.711864406779661,0.03612073231073726,0.7382378725891292,0.3811263972484953,0.47377472055030095,0.8549011177987962,0.1298366294067068,0.7127856701667696,0.2473749227918468,0.03953057442865967,False,False,False,False,False,False,False,False
POA4172,4172,4946.0,35.0,2362.0,2.6,540.0,592.0,220.0,40.0,1391.0,2947.0,105.0,3050.0,819.0,173.0,4043.0,1360.0,389.0,112.0,1861.0,2021,1132.0,0.7289141726440762,0.03442622950819672,0.7543903042295326,0.3882099209202013,0.42559309849029475,0.813803019410496,0.15815959741193386,0.7307898979043524,0.20902740462117142,0.06018269747447609,False,False,False,False,False,False,False,False
POA4173,4173,8463.0,38.0,1940.0,2.5,916.0,1068.0,396.0,49.0,2427.0,4598.0,177.0,4781.0,1880.0,232.0,6893.0,2358.0,749.0,128.0,3238.0,2021,1984.0,0.6670535325692731,0.03702154361012341,0.6936022051356449,0.37742068397198186,0.4400494437577256,0.8174701277297075,0.1631644004944376,0.7282273008029648,0.23131562693020383,0.03953057442865967,False,False,False,False,False,False,False,False
POA4174,4174,2843.0,36.0,2140.0,2.7,275.0,397.0,125.0,21.0,813.0,1588.0,57.0,1655.0,541.0,97.0,2289.0,800.0,184.0,37.0,1019.0,2021,672.0,0.6937527304499782,0.03444108761329305,0.7230231542158148,0.33825338253382536,0.4883148831488315,0.8265682656826568,0.15375153751537515,0.7850834151128557,0.18056918547595682,0.03631010794896958,False,False,False,False,False,False,False,False
POA4178,4178,26887.0,41.0,1840.0,2.5,2741.0,3188.0,1391.0,124.0,7435.0,13400.0,642.0,14044.0,6851.0,1037.0,21933.0,7223.0,2718.0,337.0,10276.0,2021,5929.0,0.6109515342178452,0.04571347194531473,0.6403136825787626,0.36866173503698724,0.428782784129119,0.7974445191661063,0.18708809683927372,0.702899961074348,0.26449980537174,0.032794861813935386,False,False,False,False,False,False,False,False
POA4179,4179,20222.0,42.0,2085.0,2.6,2083.0,2678.0,922.0,75.0,5752.0,10156.0,479.0,10639.0,5004.0,585.0,16230.0,5634.0,1692.0,157.0,7482.0,2021,4761.0,0.6257547751078251,0.04502302848012031,0.6555144793592114,0.36213490959666206,0.46557719054242,0.827712100139082,0.16029207232267037,0.7530072173215717,0.22614274258219727,0.02098369419941192,False,False,False,False,False,False,False,False
POA4183,4183,2156.0,52.0,1147.0,2.1,298.0,155.0,86.0,4.0,544.0,863.0,28.0,893.0,755.0,195.0,1842.0,534.0,277.0,31.0,842.0,2021,453.0,0.46851248642779586,0.03135498320268757,0.48479913137893593,0.5477941176470589,0.2849264705882353,0.8327205882352942,0.15808823529411764,0.6342042755344418,0.32897862232779096,0.03681710213776722,False,False,False,False,False,False,False,False
POA4184,4184,8481.0,61.0,761.0,1.9,1404.0,379.0,414.0,39.0,2240.0,2098.0,326.0,2421.0,4686.0,681.0,7784.0,2206.0,1681.0,233.0,4114.0,2021,1783.0,0.26952723535457346,0.13465510119785212,0.31102261048304214,0.6267857142857143,0.16919642857142858,0.7959821428571429,0.18482142857142858,0.5362177929022849,0.40860476421973746,0.056635877491492466,False,False,False,False,False,False,False,False
POA4205,4205,6333.0,48.0,1074.0,2.2,734.0,480.0,341.0,30.0,1587.0,2153.0,197.0,2348.0,2480.0,548.0,5374.0,1549.0,861.0,77.0,2489.0,2021,1214.0,0.4006326758466692,0.08390119250425894,0.4369184964644585,0.46250787649653435,0.30245746691871456,0.7649653434152489,0.2148708254568368,0.6223382884692648,0.3459220570510245,0.030936118923262354,False,False,False,False,False,False,False,False
POA4207,4207,68477.0,34.0,1494.0,2.7,6395.0,7412.0,4016.0,293.0,18113.0,29763.0,2073.0,31840.0,17485.0,3753.0,53078.0,17363.0,5445.0,834.0,23644.0,2021,13807.0,0.560740796563548,0.065106783919598,0.5998718866573721,0.35306133716115495,0.4092088555181361,0.7622701926792911,0.22171920719924915,0.7343512096092032,0.23029098291321265,0.035273219421417694,False,False,False,False,False,False,False,False
POA4208,4208,24342.0,34.0,2136.0,3.1,2191.0,3533.0,1006.0,56.0,6786.0,12399.0,568.0,12964.0,4512.0,799.0,18278.0,6536.0,942.0,178.0,7655.0,2021,5724.0,0.6783564941459679,0.043813637766121565,0.7092679724258671,0.32287061597406425,0.5206307102858827,0.843501326259947,0.14824638962569997,0.8538210320052253,0.12305682560418027,0.0232527759634226,False,False,False,False,False,False,False,False
POA4209,4209,74284.0,30.0,1932.0,3.1,5969.0,9712.0,4086.0,250.0,20020.0,35940.0,2271.0,38214.0,13263.0,3570.0,55050.0,19324.0,2664.0,948.0,22937.0,2021,15681.0,0.6528610354223433,0.05942848170827445,0.6941689373297003,0.29815184815184814,0.4851148851148851,0.7832667332667332,0.20409590409590408,0.8424815799799451,0.11614422112743603,0.04133060121201552,False,False,False,False,False,False,False,False
POA4210,4210,22605.0,36.0,2133.0,3.0,1998.0,3307.0,990.0,62.0,6353.0,11849.0,578.0,12426.0,4370.0,653.0,17446.0,6084.0,1004.0,181.0,7264.0,2021,5305.0,0.6791814742634414,0.046515370996298086,0.7122549581565975,0.31449708798992604,0.5205414764678105,0.8350385644577365,0.15583189044545884,0.8375550660792952,0.138215859030837,0.024917400881057268,False,False,False,False,False,False,False,False
POA4211,4211,62508.0,39.0,1727.0,2.7,6387.0,7742.0,3155.0,234.0,17518.0,31057.0,1693.0,32756.0,15313.0,2365.0,50431.0,16856.0,4482.0,837.0,22179.0,2021,14129.0,0.6158315321925006,0.051685187446574674,0.6495211278776942,0.3645964151158808,0.44194542756022376,0.8065418426761046,0.1801004680899646,0.7599981964921773,0.20208305153523604,0.037738401190315164,False,False,False,False,False,False,False,False
POA4212,4212,33470.0,45.0,1977.0,2.6,4356.0,4055.0,1252.0,101.0,9770.0,16036.0,887.0,16924.0,9610.0,1601.0,28135.0,9481.0,2137.0,349.0,11960.0,2021,8411.0,0.5699662342278301,0.05241077759394942,0.6015283454771637,0.4458546571136131,0.4150460593654043,0.8609007164790174,0.12814738996929376,0.7927257525083612,0.17867892976588629,0.029180602006688962,False,False,False,False,False,False,False,False
POA4213,4213,31153.0,40.0,2057.0,3.0,2867.0,4374.0,1352.0,86.0,8679.0,15350.0,745.0,16097.0,7179.0,1301.0,24578.0,8212.0,1408.0,274.0,9900.0,2021,7241.0,0.6245422735779966,0.046281915884947504,0.6549353079990236,0.33033759649729233,0.5039751123401314,0.8343127088374237,0.15577831547413296,0.8294949494949495,0.14222222222222222,0.027676767676767678,False,False,False,False,False,False,False,False
POA4214,4214,38871.0,40.0,1740.0,2.7,3852.0,4634.0,1836.0,153.0,10475.0,18638.0,1182.0,19821.0,10352.0,2069.0,32240.0,10063.0,2567.0,673.0,13301.0,2021,8486.0,0.5781017369727047,0.0596337218102013,0.6147952853598014,0.3677326968973747,0.44238663484486873,0.8101193317422435,0.1752744630071599,0.7565596571686339,0.19299300804450792,0.05059769942109616,False,False,False,False,False,False,False,False
POA4215,4215,55425.0,40.0,1239.0,2.1,6164.0,3596.0,3014.0,400.0,13179.0,25544.0,2115.0,27659.0,17268.0,3972.0,48896.0,12967.0,8540.0,2092.0,23596.0,2021,9760.0,0.5224149214659686,0.07646697277558842,0.5656699934554974,0.4677137870855148,0.2728583352302906,0.7405721223158055,0.22869716973973747,0.5495422953042889,0.3619257501271402,0.08865909476182404,False,False,False,False,False,False,False,False
POA4216,4216,39714.0,50.0,1336.0,2.2,5809.0,3369.0,1852.0,174.0,11216.0,17284.0,1016.0,18302.0,14216.0,2279.0,34789.0,11003.0,5232.0,702.0,16930.0,2021,9178.0,0.49682370864353675,0.055513058682111247,0.5260858317284199,0.5179208273894437,0.30037446504992865,0.8182952924393724,0.1651212553495007,0.6499113998818665,0.30903721204961604,0.041464855286473715,False,False,False,False,False,False,False,False
POA4217,4217,45197.0,44.0,1466.0,2.1,5998.0,3367.0,1534.0,204.0,11104.0,21423.0,1469.0,22893.0,12904.0,4413.0,40202.0,10907.0,6212.0,1344.0,18462.0,2021,9365.0,0.532883936122581,0.06416808631459398,0.569449281130292,0.5401657060518732,0.3032240634005764,0.8433897694524496,0.13814841498559077,0.5907810638067381,0.33647492146029684,0.07279818004549886,False,False,False,False,False,False,False,False
POA4218,4218,35371.0,41.0,1751.0,2.3,4443.0,3163.0,1385.0,172.0,9162.0,18406.0,874.0,19287.0,9063.0,2282.0,30629.0,9016.0,4087.0,1147.0,14249.0,2021,7606.0,0.6009337555911065,0.04531549748535283,0.6296973456528127,0.48493778650949576,0.34523029906134034,0.8301680855708361,0.15116786727788692,0.6327461576250965,0.28682714576461504,0.08049687697382273,False,False,False,False,False,False,False,False
POA4220,4220,32574.0,41.0,1746.0,2.4,3673.0,3397.0,1357.0,134.0,8565.0,16538.0,758.0,17297.0,8259.0,1824.0,27378.0,8426.0,3417.0,886.0,12726.0,2021,7070.0,0.6040616553437066,0.043822628201422215,0.6317846446051574,0.42883829538820784,0.39661412726211326,0.825452422650321,0.15843549328663165,0.6621090680496621,0.2685054219707685,0.06962124783906962,False,False,False,False,False,False,False,False
POA4221,4221,28889.0,40.0,1729.0,2.5,3099.0,3231.0,1335.0,102.0,7766.0,14691.0,664.0,15354.0,7255.0,1289.0,23900.0,7573.0,2847.0,609.0,11030.0,2021,6330.0,0.6146861924686192,0.04324605965872085,0.6424267782426778,0.3990471285088849,0.4160442956476951,0.81509142415658,0.17190316765387587,0.686582048957389,0.2581142339075249,0.05521305530371713,False,False,False,False,False,False,False,False
POA4223,4223,15156.0,42.0,1749.0,2.6,1603.0,1826.0,694.0,59.0,4175.0,7335.0,319.0,7651.0,3993.0,670.0,12321.0,4036.0,1251.0,210.0,5489.0,2021,3429.0,0.5953250547845143,0.041693896222715986,0.6209723236750264,0.38395209580838324,0.43736526946107784,0.8213173652694611,0.16622754491017963,0.7352887593368556,0.2279103661869193,0.03825833485152123,False,False,False,False,False,False,False,False
POA4224,4224,7175.0,39.0,1737.0,2.4,718.0,767.0,336.0,30.0,1851.0,3637.0,163.0,3796.0,1588.0,522.0,5910.0,1810.0,716.0,160.0,2682.0,2021,1485.0,0.6153976311336717,0.04293993677555322,0.6423011844331641,0.3878984332793085,0.4143706104808212,0.8022690437601296,0.18152350081037277,0.6748695003728561,0.2669649515287099,0.05965697240865026,False,False,False,False,False,False,False,False
POA4225,4225,8374.0,49.0,1351.0,1.9,1290.0,478.0,305.0,37.0,2109.0,4022.0,243.0,4266.0,2752.0,642.0,7667.0,2082.0,1393.0,295.0,3765.0,2021,1768.0,0.5245858875701056,0.056962025316455694,0.5564105908438763,0.6116642958748222,0.22664770033191087,0.838311996206733,0.14461830251303937,0.552988047808765,0.3699867197875166,0.07835325365205843,False,False,False,False,False,False,False,False
POA4226,4226,37266.0,40.0,1729.0,2.6,4096.0,4273.0,1854.0,123.0,10351.0,18334.0,980.0,19316.0,10161.0,1603.0,31079.0,10092.0,2880.0,617.0,13599.0,2021,8369.0,0.5899160204639788,0.050735141851314974,0.6215129186910776,0.39571055936624483,0.4128103564872959,0.8085209158535407,0.17911312916626412,0.742113390690492,0.21178027796161483,0.04537098316052651,False,False,False,False,False,False,False,False
POA4227,4227,23904.0,36.0,1791.0,2.7,2179.0,2939.0,1271.0,111.0,6496.0,12323.0,607.0,12924.0,5179.0,1059.0,19166.0,6321.0,1781.0,447.0,8542.0,2021,5118.0,0.6429614943128457,0.04696688331785825,0.6743191067515392,0.3354371921182266,0.4524322660098522,0.7878694581280788,0.1956588669950739,0.7399906345118239,0.20849918051978458,0.052329665183797704,False,False,False,False,False,False,False,False
POA4228,4228,5585.0,43.0,2330.0,3.2,538.0,771.0,164.0,14.0,1491.0,2691.0,130.0,2828.0,1327.0,284.0,4434.0,1389.0,179.0,41.0,1611.0,2021,1309.0,0.6069012178619756,0.04596888260254597,0.6377988272440235,0.3608316566063045,0.5171026156941649,0.8779342723004695,0.10999329309188464,0.8621973929236499,0.1111111111111111,0.025450031036623216,False,False,False,False,False,False,False,False
POA4270,4270,4388.0,41.0,2211.0,3.1,475.0,610.0,149.0,12.0,1248.0,2200.0,104.0,2303.0,1013.0,196.0,3513.0,1154.0,159.0,36.0,1346.0,2021,1085.0,0.6262453743239397,0.04515848892748589,0.6555650441218331,0.38060897435897434,0.48878205128205127,0.8693910256410257,0.11939102564102565,0.8573551263001485,0.11812778603268945,0.02674591381872214,False,False,False,False,False,False,False,False
POA4272,4272,8105.0,50.0,1508.0,2.5,1159.0,874.0,308.0,17.0,2362.0,3504.0,140.0,3646.0,2742.0,399.0,6791.0,2289.0,666.0,84.0,3035.0,2021,2033.0,0.5159770284199676,0.03839824465167307,0.536887056398174,0.49068585944115156,0.37002540220152413,0.8607112616426758,0.13039796782387808,0.7542009884678748,0.21943986820428335,0.027677100494233938,False,False,False,False,False,False,False,False
POA4275,4275,3895.0,41.0,1940.0,2.8,442.0,487.0,116.0,6.0,1052.0,1946.0,59.0,2005.0,884.0,269.0,3163.0,1006.0,196.0,32.0,1230.0,2021,929.0,0.6152386974391401,0.02942643391521197,0.6338918748024028,0.42015209125475284,0.4629277566539924,0.8830798479087453,0.11026615969581749,0.8178861788617886,0.15934959349593497,0.026016260162601626,False,False,False,False,False,False,False,False
POA4280,4280,21258.0,35.0,2095.0,3.2,1906.0,2956.0,899.0,49.0,5808.0,10212.0,541.0,10755.0,4504.0,1019.0,16280.0,5421.0,728.0,138.0,6286.0,2021,4862.0,0.6272727272727273,0.0503021850302185,0.6606265356265356,0.328168044077135,0.5089531680440771,0.8371212121212122,0.15478650137741046,0.8623926185173402,0.11581291759465479,0.021953547566019728,False,False,False,False,False,False,False,False
POA4285,4285,21763.0,41.0,1476.0,2.7,2433.0,2475.0,1034.0,71.0,6024.0,9504.0,556.0,10066.0,6079.0,1215.0,17359.0,5772.0,1610.0,165.0,7544.0,2021,4908.0,0.5474969756322369,0.0552354460560302,0.5798721124488738,0.4038844621513944,0.4108565737051793,0.8147410358565738,0.17164674634794155,0.7651113467656415,0.21341463414634146,0.02187168610816543,False,False,False,False,False,False,False,False
POA4287,4287,938.0,47.0,1111.0,2.4,109.0,58.0,21.0,6.0,198.0,295.0,9.0,303.0,461.0,41.0,801.0,188.0,84.0,7.0,284.0,2021,167.0,0.3682896379525593,0.0297029702970297,0.3782771535580524,0.5505050505050505,0.29292929292929293,0.8434343434343434,0.10606060606060606,0.6619718309859155,0.29577464788732394,0.02464788732394366,False,False,False,False,False,False,False,False
POA4300,4300,68675.0,32.0,2032.0,3.0,5179.0,9527.0,3417.0,245.0,18365.0,33583.0,2183.0,35760.0,12760.0,2517.0,51039.0,17766.0,3640.0,655.0,22060.0,2021,14706.0,0.6579870295264406,0.06104586129753915,0.700640686533827,0.28200381159814863,0.5187585080315819,0.8007623196297304,0.1860604410563572,0.8053490480507707,0.16500453309156846,0.029691749773345422,False,False,False,False,False,False,False,False
POA4301,4301,36527.0,28.0,1556.0,3.0,2421.0,4175.0,2367.0,167.0,9125.0,15465.0,1482.0,16947.0,7667.0,1692.0,26309.0,8730.0,2270.0,408.0,11405.0,2021,6596.0,0.5878216579877609,0.08744910603646663,0.6441521912653465,0.2653150684931507,0.4575342465753425,0.7228493150684931,0.2593972602739726,0.7654537483559842,0.19903551074090312,0.03577378342832091,False,False,False,False,False,False,False,False
POA4303,4303,4173.0,37.0,1169.0,2.5,352.0,304.0,294.0,39.0,987.0,1360.0,192.0,1552.0,1419.0,368.0,3342.0,953.0,397.0,77.0,1427.0,2021,656.0,0.4069419509275883,0.12371134020618557,0.46439257929383604,0.3566362715298885,0.3080040526849038,0.6646403242147924,0.2978723404255319,0.6678346180798879,0.2782060266292922,0.0539593552908199,False,False,False,False,False,False,False,False
POA4304,4304,17815.0,37.0,1300.0,2.4,1657.0,1657.0,1212.0,134.0,4656.0,7385.0,635.0,8017.0,5350.0,938.0,14312.0,4534.0,2121.0,276.0,6936.0,2021,3314.0,0.5160005589714924,0.07920668579269054,0.5601593068753493,0.3558848797250859,0.3558848797250859,0.7117697594501718,0.2603092783505155,0.6536908881199539,0.30579584775086505,0.039792387543252594,False,False,False,False,False,False,False,False
POA4305,4305,64356.0,37.0,1416.0,2.5,5984.0,6547.0,4198.0,311.0,17034.0,27670.0,2192.0,29862.0,18310.0,3022.0,51201.0,16586.0,6613.0,790.0,23982.0,2021,12531.0,0.5404191324388196,0.07340432656888353,0.5832307962735103,0.35129740518962077,0.38434894916050255,0.7356463543501233,0.2464482799107667,0.6916020348594779,0.27574847802518554,0.03294137269618881,False,False,False,False,False,False,False,False
POA4306,4306,43997.0,34.0,2114.0,2.9,4385.0,6000.0,1639.0,110.0,12129.0,22536.0,869.0,23404.0,9226.0,1602.0,34224.0,11728.0,2234.0,309.0,14279.0,2021,10385.0,0.6584852734922861,0.037130405058964276,0.6838475923328659,0.3615302168356831,0.49468216670789017,0.8562123835435732,0.13513067853903868,0.8213460326353386,0.15645353316058547,0.021640170880313746,False,False,False,False,False,False,False,False
POA4307,4307,1575.0,43.0,1722.0,2.8,213.0,189.0,54.0,0.0,461.0,805.0,31.0,831.0,391.0,71.0,1294.0,445.0,84.0,16.0,541.0,2021,402.0,0.6221020092735703,0.03730445246690734,0.6421947449768161,0.46203904555314534,0.40997830802603036,0.8720173535791758,0.11713665943600868,0.822550831792976,0.15526802218114602,0.029574861367837338,False,False,False,False,False,False,False,False
POA4309,4309,3366.0,45.0,1368.0,2.5,465.0,367.0,118.0,7.0,954.0,1531.0,57.0,1586.0,936.0,220.0,2738.0,929.0,260.0,25.0,1213.0,2021,832.0,0.5591672753834916,0.035939470365699874,0.579254930606282,0.48742138364779874,0.38469601677148846,0.8721174004192872,0.12368972746331237,0.7658697444352844,0.21434460016488047,0.020610057708161583,False,False,False,False,False,False,False,False
POA4310,4310,6017.0,50.0,1229.0,2.4,900.0,588.0,216.0,12.0,1713.0,2562.0,96.0,2659.0,2125.0,338.0,5122.0,1674.0,577.0,47.0,2302.0,2021,1488.0,0.5001952362358454,0.03610379842045882,0.5191331511128465,0.5253940455341506,0.3432574430823117,0.8686514886164624,0.12609457092819615,0.7271937445699392,0.25065160729800173,0.02041702867072111,False,False,False,False,False,False,False,False
POA4311,4311,10412.0,43.0,1334.0,2.7,1203.0,1075.0,550.0,40.0,2873.0,4013.0,317.0,4331.0,3494.0,565.0,8384.0,2746.0,772.0,118.0,3648.0,2021,2278.0,0.47864980916030536,0.07319325790810437,0.5165791984732825,0.4187260703097807,0.37417333797424296,0.7928994082840237,0.19143752175426385,0.7527412280701754,0.21162280701754385,0.03234649122807018,False,False,False,False,False,False,False,False
POA4312,4312,2590.0,57.0,990.0,2.2,465.0,184.0,87.0,13.0,756.0,923.0,47.0,967.0,1190.0,149.0,2302.0,731.0,328.0,42.0,1104.0,2021,649.0,0.4009556907037359,0.04860392967942089,0.4200695047784535,0.6150793650793651,0.24338624338624337,0.8584656084656085,0.11507936507936507,0.6621376811594203,0.2971014492753623,0.03804347826086957,False,False,False,False,False,False,False,False
POA4313,4313,2316.0,52.0,1047.0,2.3,327.0,202.0,113.0,6.0,646.0,877.0,39.0,920.0,919.0,109.0,1952.0,639.0,275.0,34.0,938.0,2021,529.0,0.4492827868852459,0.042391304347826085,0.4713114754098361,0.5061919504643962,0.3126934984520124,0.8188854489164087,0.17492260061919504,0.6812366737739872,0.2931769722814499,0.03624733475479744,False,False,False,False,False,False,False,False
POA4314,4314,3255.0,57.0,831.0,2.1,517.0,221.0,130.0,15.0,883.0,951.0,86.0,1039.0,1476.0,290.0,2810.0,859.0,458.0,49.0,1371.0,2021,738.0,0.3384341637010676,0.08277189605389798,0.3697508896797153,0.5855039637599094,0.25028312570781425,0.8357870894677236,0.14722536806342015,0.6265499635302699,0.33406272793581326,0.03574033552151714,False,False,False,False,False,False,False,False
POA4340,4340,6007.0,43.0,1414.0,2.5,693.0,565.0,308.0,19.0,1588.0,2498.0,141.0,2643.0,1698.0,575.0,4911.0,1529.0,485.0,74.0,2089.0,2021,1258.0,0.5086540419466504,0.053348467650397274,0.5381795968234575,0.4363979848866499,0.35579345088161207,0.792191435768262,0.19395465994962216,0.7319291527046433,0.23216850167544278,0.03542364767831498,False,False,False,False,False,False,False,False
POA4341,4341,15952.0,41.0,1432.0,2.7,1809.0,1731.0,801.0,60.0,4410.0,6531.0,461.0,6998.0,4882.0,831.0,12702.0,4235.0,1205.0,206.0,5645.0,2021,3540.0,0.5141709966934341,0.06587596456130324,0.5509368603369548,0.41020408163265304,0.3925170068027211,0.8027210884353742,0.1816326530612245,0.75022143489814,0.21346324180690876,0.03649247121346324,False,False,False,False,False,False,False,False
POA4342,4342,2702.0,41.0,1352.0,2.6,300.0,256.0,132.0,4.0,696.0,1171.0,82.0,1252.0,819.0,159.0,2230.0,665.0,216.0,66.0,947.0,2021,556.0,0.5251121076233184,0.06549520766773163,0.5614349775784754,0.43103448275862066,0.367816091954023,0.7988505747126436,0.1896551724137931,0.7022175290390708,0.22808870116156282,0.06969376979936642,False,False,False,False,False,False,False,False
POA4343,4343,12173.0,36.0,1356.0,2.7,1240.0,1137.0,504.0,59.0,2945.0,5393.0,276.0,5668.0,3707.0,771.0,10150.0,2845.0,951.0,295.0,4095.0,2021,2377.0,0.5313300492610837,0.048694424841213835,0.5584236453201971,0.42105263157894735,0.38607809847198643,0.8071307300509338,0.17113752122241085,0.6947496947496947,0.23223443223443224,0.07203907203907203,False,False,False,False,False,False,False,False
POA4344,4344,2709.0,42.0,1555.0,2.7,317.0,300.0,113.0,11.0,739.0,1254.0,59.0,1309.0,626.0,250.0,2186.0,702.0,182.0,27.0,908.0,2021,617.0,0.5736505032021958,0.04507257448433919,0.5988106129917657,0.428958051420839,0.4059539918809202,0.8349120433017592,0.15290933694181327,0.7731277533039648,0.20044052863436124,0.02973568281938326,False,False,False,False,False,False,False,False
POA4346,4346,1013.0,40.0,1522.0,2.5,121.0,116.0,44.0,7.0,288.0,490.0,21.0,508.0,237.0,54.0,799.0,284.0,86.0,9.0,375.0,2021,237.0,0.6132665832290363,0.04133858267716536,0.6357947434292867,0.4201388888888889,0.4027777777777778,0.8229166666666666,0.1527777777777778,0.7573333333333333,0.22933333333333333,0.024,False,False,False,False,False,False,False,False
POA4347,4347,1344.0,40.0,1391.0,2.6,159.0,130.0,58.0,4.0,347.0,645.0,23.0,669.0,387.0,60.0,1112.0,341.0,116.0,20.0,473.0,2021,289.0,0.5800359712230215,0.0343796711509716,0.6016187050359713,0.45821325648414984,0.3746397694524496,0.8328530259365994,0.16714697406340057,0.7209302325581395,0.2452431289640592,0.042283298097251586,False,False,False,False,False,False,False,False
POA4350,4350,115218.0,38.0,1428.0,2.4,12541.0,11076.0,5676.0,553.0,29855.0,52655.0,3079.0,55736.0,32741.0,4903.0,93382.0,29295.0,13621.0,1604.0,44520.0,2021,23617.0,0.5638666980788589,0.05524257212573561,0.5968602086055128,0.4200636409311673,0.37099313347847934,0.7910567744096466,0.19011890805560208,0.6580188679245284,0.305952380952381,0.036028751123090744,False,False,False,False,False,False,False,False
POA4352,4352,31026.0,39.0,2001.0,2.9,3761.0,4257.0,825.0,61.0,8906.0,15583.0,511.0,16092.0,6995.0,1035.0,24125.0,8676.0,1502.0,142.0,10320.0,2021,8018.0,0.6459274611398964,0.031754909271687795,0.6670259067357514,0.42229957332135637,0.4779923646979564,0.9002919380193128,0.09263417920503032,0.8406976744186047,0.14554263565891473,0.01375968992248062,False,False,False,False,False,False,False,False
POA4353,4353,348.0,44.0,1281.0,2.7,37.0,48.0,6.0,0.0,90.0,171.0,3.0,174.0,82.0,20.0,276.0,88.0,27.0,0.0,116.0,2021,85.0,0.6195652173913043,0.017241379310344827,0.6304347826086957,0.4111111111111111,0.5333333333333333,0.9444444444444444,0.06666666666666667,0.7586206896551724,0.23275862068965517,0.0,False,False,False,False,False,False,False,False
POA4354,4354,1283.0,45.0,1276.0,2.6,169.0,119.0,54.0,12.0,355.0,557.0,28.0,583.0,384.0,68.0,1038.0,346.0,105.0,8.0,457.0,2021,288.0,0.5366088631984586,0.048027444253859346,0.5616570327552987,0.476056338028169,0.3352112676056338,0.8112676056338028,0.15211267605633802,0.7571115973741794,0.22975929978118162,0.0175054704595186,False,False,False,False,False,False,False,False
POA4355,4355,2812.0,55.0,969.0,2.2,430.0,195.0,114.0,21.0,754.0,925.0,49.0,977.0,1098.0,333.0,2406.0,738.0,335.0,26.0,1104.0,2021,625.0,0.38445552784704906,0.05015353121801433,0.4060681629260183,0.5702917771883289,0.25862068965517243,0.8289124668435013,0.15119363395225463,0.6684782608695652,0.30344202898550726,0.02355072463768116,False,False,False,False,False,False,False,False
POA4356,4356,5218.0,42.0,1417.0,2.6,582.0,569.0,190.0,16.0,1354.0,2379.0,74.0,2455.0,1301.0,370.0,4127.0,1332.0,418.0,26.0,1777.0,2021,1151.0,0.5764477828931427,0.03014256619144603,0.5948630966803974,0.4298375184638109,0.4202363367799114,0.8500738552437223,0.14032496307237813,0.7495779403489027,0.23522791221159256,0.014631401238041642,False,False,False,False,False,False,False,False
POA4357,4357,2531.0,47.0,1139.0,2.4,328.0,214.0,84.0,5.0,636.0,1028.0,67.0,1091.0,815.0,207.0,2117.0,615.0,275.0,38.0,934.0,2021,542.0,0.485592820028342,0.0614115490375802,0.5153519130845536,0.5157232704402516,0.33647798742138363,0.8522012578616353,0.1320754716981132,0.658458244111349,0.2944325481798715,0.04068522483940043,False,False,False,False,False,False,False,False
POA4358,4358,2967.0,33.0,1648.0,2.7,326.0,365.0,121.0,5.0,811.0,1474.0,43.0,1513.0,569.0,185.0,2268.0,794.0,205.0,37.0,1038.0,2021,691.0,0.6499118165784833,0.028420356906807668,0.6671075837742504,0.40197287299630086,0.45006165228113443,0.8520345252774353,0.14919852034525277,0.7649325626204239,0.197495183044316,0.03564547206165703,False,False,False,False,False,False,False,False
POA4359,4359,1388.0,41.0,1625.0,2.6,188.0,162.0,42.0,5.0,385.0,679.0,20.0,697.0,303.0,118.0,1115.0,377.0,97.0,15.0,482.0,2021,350.0,0.6089686098654709,0.028694404591104734,0.6251121076233184,0.4883116883116883,0.42077922077922075,0.9090909090909091,0.10909090909090909,0.7821576763485477,0.2012448132780083,0.03112033195020747,False,False,False,False,False,False,False,False
POA4360,4360,609.0,46.0,1215.0,2.5,66.0,61.0,23.0,0.0,154.0,236.0,11.0,246.0,183.0,65.0,495.0,153.0,51.0,0.0,210.0,2021,127.0,0.4767676767676768,0.044715447154471545,0.49696969696969695,0.42857142857142855,0.3961038961038961,0.8246753246753247,0.14935064935064934,0.7285714285714285,0.24285714285714285,0.0,False,False,False,False,False,False,False,False
POA4361,4361,2654.0,49.0,1105.0,2.4,375.0,247.0,115.0,12.0,744.0,1131.0,63.0,1194.0,874.0,115.0,2181.0,724.0,293.0,30.0,1047.0,2021,622.0,0.5185694635488308,0.052763819095477386,0.547455295735901,0.5040322580645161,0.33198924731182794,0.8360215053763441,0.15456989247311828,0.6914995224450812,0.279847182425979,0.02865329512893983,False,False,False,False,False,False,False,False
POA4362,4362,2613.0,49.0,1110.0,2.4,377.0,247.0,99.0,3.0,724.0,1082.0,39.0,1121.0,870.0,160.0,2151.0,714.0,264.0,18.0,992.0,2021,624.0,0.503021850302185,0.03479036574487065,0.5211529521152952,0.5207182320441989,0.3411602209944751,0.861878453038674,0.13674033149171272,0.719758064516129,0.2661290322580645,0.018145161290322582,False,False,False,False,False,False,False,False
POA4363,4363,626.0,42.0,1398.0,2.7,65.0,72.0,26.0,5.0,163.0,273.0,16.0,281.0,148.0,61.0,493.0,156.0,34.0,7.0,199.0,2021,137.0,0.5537525354969574,0.05693950177935943,0.5699797160243407,0.3987730061349693,0.44171779141104295,0.8404907975460123,0.15950920245398773,0.7839195979899497,0.1708542713567839,0.035175879396984924,False,False,False,False,False,False,False,False
POA4364,4364,182.0,41.0,1357.0,2.6,19.0,17.0,9.0,0.0,47.0,83.0,9.0,90.0,39.0,19.0,147.0,43.0,15.0,0.0,60.0,2021,36.0,0.564625850340136,0.1,0.6122448979591837,0.40425531914893614,0.3617021276595745,0.7659574468085106,0.19148936170212766,0.7166666666666667,0.25,0.0,False,False,False,False,False,False,False,False
POA4365,4365,596.0,53.0,964.0,2.2,86.0,41.0,33.0,0.0,156.0,190.0,9.0,195.0,249.0,74.0,518.0,148.0,74.0,5.0,227.0,2021,127.0,0.3667953667953668,0.046153846153846156,0.3764478764478765,0.5512820512820513,0.26282051282051283,0.8141025641025641,0.21153846153846154,0.6519823788546255,0.32599118942731276,0.022026431718061675,False,False,False,False,False,False,False,False
POA4370,4370,19195.0,45.0,1145.0,2.4,2394.0,1746.0,957.0,70.0,5169.0,8105.0,438.0,8546.0,5979.0,1187.0,15706.0,5041.0,2192.0,180.0,7414.0,2021,4140.0,0.51604482363428,0.051252047741633514,0.5441232649942697,0.4631456761462565,0.3377829367382472,0.8009286128845038,0.18514219384793965,0.679929862422444,0.29565686538980307,0.024278392230914485,False,False,False,False,False,False,False,False
POA4371,4371,695.0,52.0,1255.0,2.4,113.0,76.0,19.0,3.0,205.0,315.0,17.0,329.0,213.0,37.0,580.0,201.0,70.0,4.0,273.0,2021,189.0,0.5431034482758621,0.05167173252279635,0.5672413793103448,0.551219512195122,0.37073170731707317,0.9219512195121952,0.09268292682926829,0.7362637362637363,0.2564102564102564,0.014652014652014652,False,False,False,False,False,False,False,False
POA4372,4372,148.0,56.0,1271.0,2.2,18.0,12.0,3.0,0.0,38.0,73.0,0.0,76.0,42.0,9.0,123.0,40.0,16.0,0.0,60.0,2021,30.0,0.5934959349593496,0.0,0.6178861788617886,0.47368421052631576,0.3157894736842105,0.7894736842105263,0.07894736842105263,0.6666666666666666,0.26666666666666666,0.0,False,False,False,False,False,False,False,False
POA4373,4373,983.0,56.0,956.0,2.1,156.0,68.0,41.0,9.0,265.0,389.0,12.0,403.0,377.0,87.0,869.0,261.0,122.0,9.0,394.0,2021,224.0,0.4476409666283084,0.02977667493796526,0.46375143843498273,0.5886792452830188,0.25660377358490566,0.8452830188679246,0.15471698113207547,0.6624365482233503,0.3096446700507614,0.02284263959390863,False,False,False,False,False,False,False,False
POA4374,4374,402.0,52.0,1194.0,2.3,70.0,29.0,18.0,0.0,118.0,191.0,6.0,190.0,125.0,24.0,343.0,109.0,47.0,5.0,164.0,2021,99.0,0.5568513119533528,0.031578947368421054,0.5539358600583091,0.5932203389830508,0.2457627118644068,0.8389830508474576,0.15254237288135594,0.6646341463414634,0.2865853658536585,0.03048780487804878,False,False,False,False,False,False,False,False
POA4375,4375,229.0,42.0,1078.0,2.4,31.0,21.0,9.0,0.0,59.0,85.0,6.0,92.0,68.0,25.0,180.0,54.0,22.0,0.0,81.0,2021,52.0,0.4722222222222222,0.06521739130434782,0.5111111111111111,0.5254237288135594,0.3559322033898305,0.8813559322033898,0.15254237288135594,0.6666666666666666,0.2716049382716049,0.0,False,False,False,False,False,False,False,False
POA4376,4376,351.0,49.0,955.0,2.3,47.0,23.0,11.0,0.0,83.0,133.0,6.0,143.0,125.0,35.0,302.0,81.0,41.0,8.0,128.0,2021,70.0,0.44039735099337746,0.04195804195804196,0.4735099337748344,0.5662650602409639,0.27710843373493976,0.8433734939759037,0.13253012048192772,0.6328125,0.3203125,0.0625,False,False,False,False,False,False,False,False
POA4377,4377,625.0,52.0,1139.0,2.4,98.0,62.0,13.0,0.0,174.0,241.0,3.0,244.0,208.0,53.0,508.0,173.0,50.0,0.0,227.0,2021,160.0,0.4744094488188976,0.012295081967213115,0.48031496062992124,0.5632183908045977,0.3563218390804598,0.9195402298850575,0.07471264367816093,0.762114537444934,0.22026431718061673,0.0,False,False,False,False,False,False,False,False
POA4378,4378,571.0,44.0,1408.0,2.7,86.0,54.0,21.0,3.0,160.0,254.0,16.0,272.0,171.0,32.0,469.0,160.0,30.0,6.0,196.0,2021,140.0,0.5415778251599147,0.058823529411764705,0.579957356076759,0.5375,0.3375,0.875,0.13125,0.8163265306122449,0.15306122448979592,0.030612244897959183,False,False,False,False,False,False,False,False
POA4380,4380,8093.0,50.0,1035.0,2.3,1129.0,686.0,308.0,26.0,2150.0,3177.0,142.0,3317.0,2924.0,555.0,6797.0,2115.0,1017.0,68.0,3199.0,2021,1815.0,0.46741209357069297,0.04280976786252638,0.4880094159187877,0.5251162790697674,0.31906976744186044,0.8441860465116279,0.14325581395348838,0.6611441075336042,0.31791184745232887,0.021256642700844014,False,False,False,False,False,False,False,False
POA4381,4381,692.0,47.0,1036.0,2.4,106.0,60.0,27.0,4.0,189.0,266.0,7.0,271.0,217.0,76.0,565.0,186.0,61.0,3.0,248.0,2021,166.0,0.47079646017699117,0.025830258302583026,0.479646017699115,0.5608465608465608,0.31746031746031744,0.8783068783068783,0.14285714285714285,0.75,0.24596774193548387,0.012096774193548387,False,False,False,False,False,False,False,False
POA4382,4382,462.0,53.0,1278.0,2.3,84.0,40.0,15.0,0.0,144.0,242.0,10.0,251.0,134.0,21.0,408.0,135.0,48.0,6.0,190.0,2021,124.0,0.5931372549019608,0.0398406374501992,0.6151960784313726,0.5833333333333334,0.2777777777777778,0.8611111111111112,0.10416666666666667,0.7105263157894737,0.25263157894736843,0.031578947368421054,False,False,False,False,False,False,False,False
POA4383,4383,607.0,56.0,825.0,2.0,93.0,33.0,31.0,3.0,160.0,175.0,23.0,203.0,286.0,45.0,526.0,159.0,95.0,10.0,270.0,2021,126.0,0.33269961977186313,0.11330049261083744,0.38593155893536124,0.58125,0.20625,0.7875,0.19375,0.5888888888888889,0.35185185185185186,0.037037037037037035,False,False,False,False,False,False,False,False
POA4384,4384,49.0,44.0,1625.0,2.8,6.0,6.0,0.0,0.0,11.0,24.0,0.0,24.0,9.0,3.0,42.0,9.0,6.0,0.0,16.0,2021,12.0,0.5714285714285714,0.0,0.5714285714285714,0.5454545454545454,0.5454545454545454,,0.0,0.5625,0.375,0.0,False,True,True,True,False,False,True,True
POA4385,4385,1166.0,51.0,868.0,2.2,160.0,99.0,38.0,6.0,304.0,449.0,28.0,477.0,407.0,89.0,972.0,302.0,178.0,14.0,486.0,2021,259.0,0.4619341563786008,0.05870020964360587,0.49074074074074076,0.5263157894736842,0.3256578947368421,0.8519736842105263,0.125,0.6213991769547325,0.3662551440329218,0.02880658436213992,False,False,False,False,False,False,False,False
POA4387,4387,1338.0,50.0,1019.0,2.2,171.0,108.0,81.0,0.0,357.0,544.0,23.0,567.0,424.0,114.0,1105.0,351.0,177.0,11.0,540.0,2021,279.0,0.49230769230769234,0.04056437389770723,0.5131221719457013,0.4789915966386555,0.3025210084033613,0.7815126050420168,0.226890756302521,0.65,0.3277777777777778,0.020370370370370372,False,False,False,False,False,False,False,False
POA4388,4388,348.0,46.0,1050.0,2.3,52.0,31.0,14.0,0.0,101.0,132.0,9.0,143.0,116.0,19.0,284.0,97.0,38.0,7.0,138.0,2021,83.0,0.4647887323943662,0.06293706293706294,0.5035211267605634,0.5148514851485149,0.3069306930693069,0.8217821782178217,0.13861386138613863,0.7028985507246377,0.2753623188405797,0.050724637681159424,False,False,False,False,False,False,False,False
POA4390,4390,6719.0,37.0,1641.0,2.6,702.0,727.0,249.0,26.0,1705.0,3319.0,106.0,3425.0,1322.0,488.0,5230.0,1668.0,616.0,77.0,2360.0,2021,1429.0,0.6346080305927342,0.030948905109489052,0.6548757170172084,0.4117302052785924,0.42639296187683284,0.8381231671554252,0.14604105571847506,0.7067796610169491,0.26101694915254237,0.032627118644067796,False,False,False,False,False,False,False,False
POA4400,4400,2159.0,35.0,1652.0,2.8,246.0,276.0,86.0,4.0,611.0,1001.0,56.0,1054.0,487.0,90.0,1634.0,591.0,122.0,13.0,728.0,2021,522.0,0.6126070991432069,0.05313092979127135,0.6450428396572827,0.4026186579378069,0.45171849427168576,0.8543371522094927,0.1407528641571195,0.8118131868131868,0.16758241758241757,0.017857142857142856,False,False,False,False,False,False,False,False
POA4401,4401,5823.0,41.0,1291.0,2.5,614.0,555.0,329.0,22.0,1518.0,2536.0,156.0,2685.0,1638.0,323.0,4654.0,1478.0,526.0,56.0,2058.0,2021,1169.0,0.5449076063601204,0.05810055865921788,0.5769230769230769,0.4044795783926219,0.36561264822134387,0.7700922266139657,0.21673254281949933,0.718172983479106,0.2555879494655005,0.027210884353741496,False,False,False,False,False,False,False,False
POA4402,4402,297.0,57.0,758.0,2.2,48.0,20.0,11.0,0.0,76.0,76.0,18.0,97.0,134.0,39.0,265.0,74.0,34.0,3.0,114.0,2021,68.0,0.28679245283018867,0.18556701030927836,0.3660377358490566,0.631578947368421,0.2631578947368421,0.8947368421052632,0.14473684210526316,0.6491228070175439,0.2982456140350877,0.02631578947368421,False,False,False,False,False,False,False,False
POA4403,4403,850.0,41.0,1360.0,2.6,86.0,95.0,24.0,0.0,210.0,388.0,22.0,410.0,178.0,77.0,661.0,202.0,69.0,9.0,279.0,2021,181.0,0.5869894099848714,0.05365853658536585,0.6202723146747352,0.4095238095238095,0.4523809523809524,0.861904761904762,0.11428571428571428,0.7240143369175627,0.24731182795698925,0.03225806451612903,False,False,False,False,False,False,False,False
POA4404,4404,474.0,41.0,1699.0,2.4,61.0,56.0,7.0,0.0,122.0,278.0,7.0,280.0,51.0,43.0,377.0,122.0,37.0,3.0,165.0,2021,117.0,0.7374005305039788,0.025,0.7427055702917772,0.5,0.45901639344262296,0.9590163934426229,0.05737704918032787,0.7393939393939394,0.22424242424242424,0.01818181818181818,False,False,False,False,False,False,False,False
POA4405,4405,14360.0,36.0,1447.0,2.6,1459.0,1519.0,679.0,64.0,3724.0,6567.0,335.0,6903.0,3387.0,856.0,11142.0,3647.0,1286.0,146.0,5084.0,2021,2978.0,0.5893914916532041,0.048529624800811244,0.6195476575121163,0.3917830290010741,0.40789473684210525,0.7996777658431794,0.18233082706766918,0.7173485444531865,0.25295043273013373,0.028717545239968528,False,False,False,False,False,False,False,False
POA4406,4406,1712.0,42.0,1388.0,2.6,213.0,202.0,46.0,0.0,466.0,881.0,19.0,897.0,336.0,147.0,1380.0,444.0,128.0,13.0,586.0,2021,415.0,0.6384057971014493,0.021181716833890748,0.65,0.4570815450643777,0.4334763948497854,0.8905579399141631,0.09871244635193133,0.757679180887372,0.21843003412969283,0.02218430034129693,False,False,False,False,False,False,False,False
POA4407,4407,506.0,47.0,1292.0,2.3,69.0,52.0,14.0,0.0,128.0,246.0,10.0,259.0,123.0,45.0,428.0,132.0,50.0,3.0,187.0,2021,121.0,0.5747663551401869,0.03861003861003861,0.6051401869158879,0.5390625,0.40625,0.9453125,0.109375,0.7058823529411765,0.26737967914438504,0.016042780748663103,False,False,False,False,False,False,False,False
POA4408,4408,538.0,48.0,1057.0,2.3,72.0,49.0,18.0,0.0,142.0,245.0,12.0,257.0,142.0,39.0,440.0,137.0,71.0,7.0,213.0,2021,121.0,0.5568181818181818,0.04669260700389105,0.5840909090909091,0.5070422535211268,0.34507042253521125,0.852112676056338,0.1267605633802817,0.6431924882629108,0.3333333333333333,0.03286384976525822,False,False,False,False,False,False,False,False
POA4410,4410,1156.0,51.0,1011.0,2.3,154.0,104.0,43.0,7.0,304.0,416.0,31.0,452.0,403.0,104.0,954.0,303.0,139.0,5.0,453.0,2021,258.0,0.4360587002096436,0.06858407079646017,0.47379454926624737,0.506578947368421,0.34210526315789475,0.8486842105263158,0.14144736842105263,0.6688741721854304,0.3068432671081678,0.011037527593818985,False,False,False,False,False,False,False,False
POA4411,4411,291.0,41.0,1531.0,2.7,33.0,35.0,14.0,0.0,75.0,129.0,7.0,138.0,56.0,33.0,219.0,81.0,20.0,4.0,100.0,2021,68.0,0.589041095890411,0.050724637681159424,0.6301369863013698,0.44,0.4666666666666667,0.9066666666666666,0.18666666666666668,0.81,0.2,0.04,False,False,False,False,False,False,False,False
POA4412,4412,211.0,40.0,1264.0,2.2,16.0,24.0,5.0,0.0,50.0,107.0,0.0,112.0,28.0,33.0,167.0,46.0,22.0,0.0,70.0,2021,40.0,0.6407185628742516,0.0,0.6706586826347305,0.32,0.48,0.8,0.1,0.6571428571428571,0.3142857142857143,0.0,False,False,False,False,False,False,False,False
POA4413,4413,8675.0,35.0,1560.0,2.6,833.0,877.0,343.0,25.0,2073.0,3886.0,144.0,4023.0,1835.0,848.0,6711.0,2049.0,766.0,93.0,2901.0,2021,1710.0,0.5790493220086426,0.035794183445190156,0.599463567277604,0.4018330921369995,0.4230583695127834,0.8248914616497829,0.16546068499758804,0.7063081695966908,0.26404688038607377,0.03205791106514995,False,False,False,False,False,False,False,False
POA4415,4415,2166.0,41.0,1252.0,2.3,231.0,182.0,90.0,18.0,517.0,926.0,39.0,966.0,559.0,231.0,1753.0,507.0,254.0,22.0,791.0,2021,413.0,0.5282373074729035,0.040372670807453416,0.5510553337136338,0.44680851063829785,0.3520309477756286,0.7988394584139265,0.17408123791102514,0.640960809102402,0.3211125158027813,0.02781289506953224,False,False,False,False,False,False,False,False
POA4416,4416,412.0,37.0,1466.0,2.5,45.0,43.0,15.0,0.0,111.0,247.0,5.0,251.0,49.0,25.0,325.0,106.0,38.0,3.0,143.0,2021,88.0,0.76,0.0199203187250996,0.7723076923076924,0.40540540540540543,0.38738738738738737,0.7927927927927928,0.13513513513513514,0.7412587412587412,0.26573426573426573,0.02097902097902098,False,False,False,False,False,False,False,False
POA4417,4417,699.0,40.0,1285.0,2.5,81.0,81.0,26.0,0.0,181.0,316.0,4.0,317.0,160.0,44.0,522.0,177.0,85.0,3.0,262.0,2021,162.0,0.6053639846743295,0.012618296529968454,0.60727969348659,0.44751381215469616,0.44751381215469616,0.8950276243093923,0.143646408839779,0.6755725190839694,0.3244274809160305,0.011450381679389313,False,False,False,False,False,False,False,False
POA4418,4418,86.0,48.0,1125.0,2.4,13.0,7.0,4.0,0.0,22.0,56.0,0.0,59.0,13.0,3.0,74.0,23.0,10.0,0.0,37.0,2021,20.0,0.7567567567567568,0.0,0.7972972972972973,0.5909090909090909,0.3181818181818182,0.9090909090909091,0.18181818181818182,0.6216216216216216,0.2702702702702703,0.0,False,False,True,False,False,False,False,False
POA4419,4419,1082.0,35.0,1428.0,2.3,119.0,79.0,23.0,0.0,227.0,537.0,11.0,550.0,148.0,182.0,879.0,222.0,100.0,10.0,338.0,2021,198.0,0.6109215017064846,0.02,0.6257110352673493,0.5242290748898678,0.34801762114537443,0.8722466960352423,0.1013215859030837,0.6568047337278107,0.2958579881656805,0.029585798816568046,False,False,False,False,False,False,False,False
POA4420,4420,1219.0,40.0,1529.0,2.5,149.0,137.0,23.0,3.0,308.0,623.0,10.0,632.0,234.0,103.0,964.0,304.0,109.0,10.0,416.0,2021,286.0,0.6462655601659751,0.015822784810126583,0.6556016597510373,0.4837662337662338,0.4448051948051948,0.9285714285714286,0.07467532467532467,0.7307692307692307,0.2620192307692308,0.02403846153846154,False,False,False,False,False,False,False,False
POA4421,4421,2178.0,48.0,854.0,2.2,231.0,137.0,112.0,14.0,497.0,591.0,124.0,716.0,869.0,199.0,1785.0,478.0,300.0,53.0,839.0,2021,368.0,0.3310924369747899,0.17318435754189945,0.4011204481792717,0.4647887323943662,0.27565392354124746,0.7404426559356136,0.22535211267605634,0.5697258641239571,0.3575685339690107,0.0631704410011919,False,False,False,False,False,False,False,False
POA4422,4422,447.0,47.0,1239.0,2.5,52.0,48.0,9.0,0.0,108.0,219.0,9.0,231.0,88.0,55.0,376.0,109.0,51.0,0.0,156.0,2021,100.0,0.5824468085106383,0.03896103896103896,0.6143617021276596,0.48148148148148145,0.4444444444444444,0.9259259259259259,0.08333333333333333,0.6987179487179487,0.3269230769230769,0.0,False,False,False,False,False,False,False,False
POA4423,4423,197.0,38.0,1031.0,2.6,24.0,24.0,6.0,0.0,52.0,106.0,0.0,106.0,26.0,20.0,151.0,47.0,22.0,0.0,73.0,2021,48.0,0.7019867549668874,0.0,0.7019867549668874,0.46153846153846156,0.46153846153846156,0.9230769230769231,0.11538461538461539,0.6438356164383562,0.3013698630136986,0.0,False,False,False,False,False,False,False,False
POA4424,4424,235.0,37.0,1437.0,2.7,23.0,29.0,4.0,0.0,62.0,117.0,3.0,126.0,35.0,11.0,169.0,62.0,19.0,0.0,79.0,2021,52.0,0.6923076923076923,0.023809523809523808,0.7455621301775148,0.3709677419354839,0.46774193548387094,0.8387096774193549,0.06451612903225806,0.7848101265822784,0.24050632911392406,0.0,False,False,False,False,False,False,False,False
POA4425,4425,170.0,41.0,1343.0,2.3,23.0,13.0,7.0,0.0,45.0,92.0,0.0,91.0,26.0,11.0,133.0,48.0,23.0,0.0,69.0,2021,36.0,0.6917293233082706,0.0,0.6842105263157895,0.5111111111111111,0.28888888888888886,0.8,0.15555555555555556,0.6956521739130435,0.3333333333333333,0.0,False,False,False,False,False,False,False,False
POA4426,4426,146.0,50.0,1281.0,2.3,17.0,12.0,9.0,0.0,30.0,75.0,0.0,75.0,24.0,25.0,128.0,31.0,18.0,4.0,48.0,2021,29.0,0.5859375,0.0,0.5859375,0.5666666666666667,0.4,0.9666666666666667,0.3,0.6458333333333334,0.375,0.08333333333333333,False,False,False,False,False,False,False,False
POA4427,4427,315.0,50.0,1021.0,2.4,37.0,24.0,9.0,0.0,74.0,112.0,7.0,119.0,102.0,40.0,267.0,73.0,24.0,3.0,105.0,2021,61.0,0.41947565543071164,0.058823529411764705,0.44569288389513106,0.5,0.32432432432432434,0.8243243243243243,0.12162162162162163,0.6952380952380952,0.22857142857142856,0.02857142857142857,False,False,False,False,False,False,False,False
POA4428,4428,627.0,42.0,1483.0,2.5,85.0,71.0,11.0,0.0,167.0,320.0,5.0,323.0,135.0,43.0,499.0,166.0,53.0,0.0,217.0,2021,156.0,0.6412825651302605,0.015479876160990712,0.6472945891783567,0.5089820359281437,0.4251497005988024,0.9341317365269461,0.0658682634730539,0.7649769585253456,0.24423963133640553,0.0,False,False,False,False,False,False,False,False
POA4454,4454,730.0,43.0,1509.0,2.4,76.0,63.0,25.0,3.0,166.0,387.0,5.0,391.0,103.0,104.0,599.0,162.0,67.0,5.0,231.0,2021,139.0,0.6460767946577629,0.01278772378516624,0.6527545909849749,0.4578313253012048,0.3795180722891566,0.8373493975903614,0.15060240963855423,0.7012987012987013,0.29004329004329005,0.021645021645021644,False,False,False,False,False,False,False,False
POA4455,4455,8610.0,36.0,1772.0,2.5,834.0,931.0,317.0,30.0,2119.0,4451.0,114.0,4567.0,1385.0,777.0,6728.0,2093.0,889.0,103.0,3082.0,2021,1765.0,0.661563614744352,0.02496168162907817,0.6788049940546967,0.39358187824445495,0.43935818782444547,0.8329400660689005,0.14959886739027844,0.6791044776119403,0.2884490590525633,0.033419857235561325,False,False,False,False,False,False,False,False
POA4461,4461,38.0,58.0,1187.0,2.1,6.0,3.0,0.0,0.0,8.0,19.0,0.0,17.0,7.0,0.0,31.0,11.0,3.0,0.0,13.0,2021,9.0,0.6129032258064516,0.0,0.5483870967741935,0.75,0.375,,0.0,0.8461538461538461,0.23076923076923078,0.0,False,True,True,True,False,False,True,True
POA4462,4462,128.0,49.0,1292.0,2.3,18.0,14.0,0.0,0.0,34.0,69.0,4.0,68.0,26.0,11.0,106.0,30.0,16.0,3.0,49.0,2021,32.0,0.6509433962264151,0.058823529411764705,0.6415094339622641,0.5294117647058824,0.4117647058823529,0.9411764705882353,0.0,0.6122448979591837,0.32653061224489793,0.061224489795918366,False,False,False,False,False,False,False,False
POA4465,4465,1263.0,44.0,1037.0,2.3,139.0,121.0,36.0,4.0,306.0,561.0,20.0,583.0,329.0,111.0,1020.0,298.0,153.0,18.0,468.0,2021,260.0,0.55,0.03430531732418525,0.5715686274509804,0.4542483660130719,0.3954248366013072,0.8496732026143791,0.11764705882352941,0.6367521367521367,0.3269230769230769,0.038461538461538464,False,False,False,False,False,False,False,False
POA4467,4467,157.0,47.0,1333.0,2.5,20.0,17.0,0.0,0.0,40.0,89.0,0.0,91.0,24.0,17.0,133.0,35.0,14.0,0.0,57.0,2021,37.0,0.6691729323308271,0.0,0.6842105263157895,0.5,0.425,0.925,0.0,0.6140350877192983,0.24561403508771928,0.0,False,False,False,False,False,False,False,False
POA4468,4468,260.0,50.0,1109.0,2.3,38.0,24.0,9.0,0.0,73.0,141.0,5.0,151.0,61.0,18.0,227.0,70.0,32.0,0.0,102.0,2021,62.0,0.6211453744493393,0.033112582781456956,0.6651982378854625,0.5205479452054794,0.3287671232876712,0.8493150684931506,0.1232876712328767,0.6862745098039216,0.3137254901960784,0.0,False,False,False,False,False,False,False,False
POA4470,4470,3184.0,42.0,1345.0,2.2,356.0,260.0,133.0,14.0,762.0,1468.0,51.0,1516.0,742.0,362.0,2620.0,752.0,441.0,37.0,1226.0,2021,616.0,0.5603053435114503,0.033641160949868076,0.5786259541984733,0.4671916010498688,0.34120734908136485,0.8083989501312336,0.17454068241469817,0.6133768352365416,0.35970636215334423,0.030179445350734094,False,False,False,False,False,False,False,False
POA4472,4472,1408.0,49.0,1162.0,2.2,213.0,125.0,45.0,4.0,383.0,667.0,14.0,680.0,403.0,100.0,1186.0,379.0,186.0,5.0,565.0,2021,338.0,0.5623946037099494,0.020588235294117647,0.5733558178752108,0.556135770234987,0.3263707571801567,0.8825065274151436,0.1174934725848564,0.6707964601769911,0.3292035398230089,0.008849557522123894,False,False,False,False,False,False,False,False
POA4474,4474,72.0,47.0,1187.0,2.5,11.0,10.0,0.0,0.0,19.0,42.0,0.0,43.0,18.0,0.0,64.0,18.0,4.0,0.0,26.0,2021,21.0,0.65625,0.0,0.671875,0.5789473684210527,0.5263157894736842,,0.0,0.6923076923076923,0.15384615384615385,0.0,False,False,True,True,False,False,True,True
POA4477,4477,530.0,46.0,1131.0,2.3,60.0,56.0,17.0,0.0,130.0,254.0,9.0,265.0,127.0,36.0,424.0,128.0,64.0,4.0,202.0,2021,116.0,0.5990566037735849,0.033962264150943396,0.625,0.46153846153846156,0.4307692307692308,0.8923076923076924,0.13076923076923078,0.6336633663366337,0.31683168316831684,0.019801980198019802,False,False,False,False,False,False,False,False
POA4478,4478,500.0,42.0,1379.0,2.4,68.0,50.0,11.0,0.0,134.0,278.0,9.0,282.0,85.0,39.0,406.0,134.0,49.0,10.0,193.0,2021,118.0,0.6847290640394089,0.031914893617021274,0.6945812807881774,0.5074626865671642,0.373134328358209,0.8805970149253731,0.08208955223880597,0.694300518134715,0.2538860103626943,0.05181347150259067,False,False,False,False,False,False,False,False
POA4479,4479,7.0,59.0,1312.0,2.2,0.0,0.0,0.0,0.0,3.0,8.0,0.0,8.0,0.0,0.0,7.0,3.0,0.0,0.0,9.0,2021,0.0,,0.0,,0.0,0.0,0.0,0.0,0.3333333333333333,0.0,0.0,True,True,True,True,False,False,True,True
POA4480,4480,625.0,40.0,1330.0,2.3,77.0,69.0,14.0,0.0,162.0,350.0,6.0,354.0,112.0,31.0,496.0,151.0,94.0,3.0,255.0,2021,146.0,0.7056451612903226,0.01694915254237288,0.7137096774193549,0.47530864197530864,0.42592592592592593,0.9012345679012346,0.08641975308641975,0.592156862745098,0.3686274509803922,0.011764705882352941,False,False,False,False,False,False,False,False
POA4481,4481,118.0,38.0,2125.0,2.3,17.0,6.0,4.0,0.0,26.0,74.0,0.0,70.0,18.0,14.0,109.0,26.0,15.0,3.0,37.0,2021,23.0,0.6788990825688074,0.0,0.6422018348623854,0.6538461538461539,0.23076923076923078,0.8846153846153846,0.15384615384615385,0.7027027027027027,0.40540540540540543,0.08108108108108109,False,False,True,False,False,False,False,False
POA4482,4482,110.0,40.0,1792.0,2.2,14.0,9.0,3.0,0.0,22.0,68.0,0.0,74.0,8.0,18.0,98.0,29.0,11.0,0.0,41.0,2021,23.0,0.6938775510204082,0.0,0.7551020408163265,0.6363636363636364,0.4090909090909091,,0.13636363636363635,0.7073170731707317,0.2682926829268293,0.0,False,False,True,False,False,False,True,True
POA4486,4486,669.0,45.0,1257.0,2.2,82.0,57.0,20.0,3.0,173.0,343.0,19.0,360.0,144.0,47.0,560.0,167.0,96.0,5.0,261.0,2021,139.0,0.6125,0.05277777777777778,0.6428571428571429,0.47398843930635837,0.32947976878612717,0.8034682080924855,0.11560693641618497,0.6398467432950191,0.367816091954023,0.019157088122605363,False,False,False,False,False,False,False,False
POA4487,4487,3179.0,38.0,1400.0,2.5,333.0,316.0,148.0,14.0,818.0,1519.0,70.0,1584.0,674.0,262.0,2515.0,794.0,332.0,27.0,1154.0,2021,649.0,0.6039761431411531,0.04419191919191919,0.6298210735586481,0.4070904645476773,0.3863080684596577,0.793398533007335,0.18092909535452323,0.6880415944540728,0.2876949740034662,0.02339688041594454,False,False,False,False,False,False,False,False
POA4488,4488,247.0,43.0,1069.0,2.5,24.0,30.0,3.0,3.0,64.0,125.0,4.0,128.0,38.0,25.0,188.0,62.0,29.0,0.0,90.0,2021,54.0,0.6648936170212766,0.03125,0.6808510638297872,0.375,0.46875,0.84375,0.046875,0.6888888888888889,0.32222222222222224,0.0,False,False,False,False,False,False,False,False
POA4489,4489,78.0,51.0,833.0,2.3,10.0,6.0,3.0,0.0,21.0,36.0,7.0,38.0,21.0,0.0,65.0,16.0,10.0,4.0,29.0,2021,16.0,0.5538461538461539,0.18421052631578946,0.5846153846153846,0.47619047619047616,0.2857142857142857,0.7619047619047619,0.14285714285714285,0.5517241379310345,0.3448275862068966,0.13793103448275862,False,False,True,True,False,False,False,False
POA4490,4490,1508.0,43.0,920.0,2.2,159.0,119.0,85.0,10.0,379.0,557.0,44.0,605.0,481.0,91.0,1178.0,369.0,237.0,19.0,625.0,2021,278.0,0.47283531409168084,0.07272727272727272,0.5135823429541596,0.41952506596306066,0.31398416886543534,0.7335092348284961,0.22427440633245382,0.5904,0.3792,0.0304,False,False,False,False,False,False,False,False
POA4491,4491,94.0,57.0,959.0,2.0,19.0,3.0,0.0,0.0,27.0,50.0,3.0,55.0,19.0,3.0,78.0,30.0,14.0,3.0,44.0,2021,22.0,0.6410256410256411,0.05454545454545454,0.7051282051282052,0.7037037037037037,0.1111111111111111,0.8148148148148148,0.0,0.6818181818181818,0.3181818181818182,0.06818181818181818,False,False,True,False,False,False,False,False
POA4492,4492,322.0,35.0,1625.0,2.5,28.0,34.0,7.0,0.0,70.0,210.0,4.0,209.0,30.0,17.0,263.0,67.0,39.0,0.0,109.0,2021,62.0,0.7984790874524715,0.019138755980861243,0.7946768060836502,0.4,0.4857142857142857,0.8857142857142857,0.1,0.6146788990825688,0.3577981651376147,0.0,False,False,False,False,False,False,False,False
POA4493,4493,19.0,65.0,1875.0,2.0,3.0,0.0,0.0,0.0,3.0,11.0,0.0,11.0,3.0,0.0,16.0,5.0,0.0,0.0,7.0,2021,3.0,0.6875,0.0,0.6875,1.0,0.0,1.0,0.0,0.7142857142857143,0.0,0.0,True,True,True,True,False,False,False,False
POA4494,4494,160.0,35.0,1406.0,2.6,10.0,12.0,8.0,0.0,32.0,83.0,3.0,86.0,19.0,23.0,125.0,30.0,16.0,0.0,44.0,2021,22.0,0.664,0.03488372093023256,0.688,0.3125,0.375,0.6875,0.25,0.6818181818181818,0.36363636363636365,0.0,False,False,False,False,False,False,False,False
POA4496,4496,208.0,38.0,1300.0,2.5,21.0,26.0,5.0,0.0,48.0,103.0,5.0,106.0,37.0,21.0,164.0,44.0,26.0,0.0,75.0,2021,47.0,0.6280487804878049,0.04716981132075472,0.6463414634146342,0.4375,0.5416666666666666,0.9791666666666666,0.10416666666666667,0.5866666666666667,0.3466666666666667,0.0,False,False,False,False,False,False,False,False
POA4497,4497,315.0,42.0,1228.0,2.7,32.0,41.0,8.0,0.0,77.0,180.0,8.0,185.0,51.0,20.0,255.0,74.0,28.0,7.0,104.0,2021,73.0,0.7058823529411765,0.043243243243243246,0.7254901960784313,0.4155844155844156,0.5324675324675324,0.948051948051948,0.1038961038961039,0.7115384615384616,0.2692307692307692,0.0673076923076923,False,False,False,False,False,False,False,False
POA4498,4498,188.0,32.0,1625.0,2.9,12.0,28.0,3.0,0.0,46.0,98.0,5.0,103.0,17.0,16.0,132.0,41.0,13.0,0.0,55.0,2021,40.0,0.7424242424242424,0.04854368932038835,0.7803030303030303,0.2608695652173913,0.6086956521739131,0.8695652173913043,0.06521739130434782,0.7454545454545455,0.23636363636363636,0.0,False,False,False,False,False,False,False,False
POA4500,4500,45656.0,36.0,1947.0,2.8,4395.0,6200.0,2124.0,192.0,12909.0,23133.0,1220.0,24356.0,10344.0,1244.0,35942.0,12452.0,2859.0,416.0,15730.0,2021,10595.0,0.6436202771131267,0.05009032681885367,0.6776473206833231,0.3404601440855217,0.48028507243008756,0.8207452165156093,0.16453636997443644,0.7916083916083916,0.1817546090273363,0.026446280991735537,False,False,False,False,False,False,False,False
POA4501,4501,5905.0,37.0,1371.0,2.4,535.0,579.0,396.0,34.0,1542.0,2688.0,204.0,2888.0,1633.0,264.0,4786.0,1512.0,703.0,105.0,2314.0,2021,1114.0,0.5616381111575428,0.07063711911357341,0.60342666109486,0.3469520103761349,0.3754863813229572,0.7224383916990921,0.25680933852140075,0.6534140017286084,0.30380293863439933,0.045375972342264474,False,False,False,False,False,False,False,False
POA4502,4502,8722.0,38.0,1853.0,2.7,941.0,1114.0,430.0,32.0,2523.0,4367.0,297.0,4664.0,2106.0,235.0,7013.0,2452.0,599.0,98.0,3148.0,2021,2055.0,0.6227006987024098,0.06367924528301887,0.6650506202766291,0.37296868806975825,0.4415378517637733,0.8145065398335315,0.17043202536662702,0.7789072426937739,0.190279542566709,0.031130876747141042,False,False,False,False,False,False,False,False
POA4503,4503,52483.0,33.0,1705.0,2.7,5066.0,6302.0,2999.0,215.0,14586.0,25751.0,1577.0,27330.0,11350.0,2049.0,40731.0,14133.0,4001.0,654.0,18785.0,2021,11368.0,0.632221158331492,0.05770215879985364,0.6709876997864035,0.3473193473193473,0.43205813794049086,0.7793774852598382,0.20560811737282325,0.752355602874634,0.21298908703752994,0.03481501197764174,False,False,False,False,False,False,False,False
POA4504,4504,20910.0,33.0,2207.0,3.1,1724.0,3116.0,918.0,53.0,5807.0,10762.0,535.0,11305.0,3883.0,528.0,15708.0,5619.0,721.0,116.0,6454.0,2021,4840.0,0.6851285968933027,0.04732419283502875,0.7196969696969697,0.29688307215429655,0.5365937661443086,0.8334768382986051,0.15808506974341313,0.8706228695382708,0.11171366594360087,0.017973349860551595,False,False,False,False,False,False,False,False
POA4505,4505,26144.0,37.0,1753.0,2.7,2926.0,3126.0,1209.0,80.0,7336.0,12556.0,648.0,13198.0,6771.0,1031.0,21003.0,7009.0,1814.0,255.0,9076.0,2021,6052.0,0.5978193591391706,0.049098348234581,0.628386420987478,0.3988549618320611,0.4261177753544166,0.8249727371864777,0.16480370774263903,0.7722565006610842,0.1998677831643896,0.028096077567210224,False,False,False,False,False,False,False,False
POA4506,4506,25306.0,34.0,1449.0,2.7,2455.0,2632.0,1621.0,106.0,6813.0,11199.0,842.0,12045.0,6629.0,1220.0,19892.0,6540.0,1795.0,358.0,8696.0,2021,5087.0,0.5629901467926804,0.06990452469904525,0.6055198069575709,0.36034052546602086,0.3863202700719213,0.7466607955379422,0.23792749156025245,0.7520699172033118,0.2064167433302668,0.041168353265869366,False,False,False,False,False,False,False,False
POA4507,4507,20612.0,63.0,961.0,2.0,4222.0,1203.0,821.0,67.0,6309.0,6047.0,414.0,6462.0,11249.0,1033.0,18748.0,6201.0,3097.0,257.0,9553.0,2021,5425.0,0.3225410710475784,0.06406685236768803,0.34467676552165566,0.6692027262640672,0.19067998097955302,0.8598827072436203,0.13013155809161514,0.6491154611116927,0.32419135350151784,0.026902543703548623,False,False,False,False,False,False,False,False
POA4508,4508,19573.0,40.0,1270.0,2.5,1876.0,1874.0,1342.0,105.0,5199.0,7666.0,749.0,8421.0,6276.0,1063.0,15759.0,4995.0,1889.0,232.0,7120.0,2021,3750.0,0.48645218605241447,0.0889443059019119,0.5343613173424709,0.36083862281207923,0.36045393344874016,0.7212925562608193,0.2581265628005386,0.7015449438202247,0.26530898876404496,0.03258426966292135,False,False,False,False,False,False,False,False
POA4509,4509,37952.0,33.0,2113.0,3.0,2963.0,5657.0,1794.0,96.0,10505.0,19344.0,1073.0,20414.0,6889.0,1015.0,28324.0,10219.0,1894.0,302.0,12413.0,2021,8620.0,0.6829543849738737,0.05256196727735868,0.7207315350939133,0.2820561637315564,0.5385054735840076,0.820561637315564,0.17077582103760114,0.8232498187384194,0.1525819705147829,0.024329332151776364,False,False,False,False,False,False,False,False
POA4510,4510,55940.0,38.0,1318.0,2.6,5743.0,5428.0,3359.0,241.0,14770.0,22003.0,1841.0,23846.0,17692.0,3101.0,44635.0,14178.0,4824.0,782.0,19782.0,2021,11171.0,0.49295395989694185,0.07720372389499287,0.5342444270191554,0.3888287068381855,0.367501692620176,0.7563303994583616,0.22742044685172647,0.7167121625720352,0.24385805277525022,0.039530886664644625,False,False,False,False,False,False,False,False
POA4511,4511,9929.0,50.0,1204.0,2.4,1603.0,942.0,461.0,28.0,3037.0,3675.0,260.0,3933.0,4081.0,365.0,8377.0,2968.0,848.0,90.0,3903.0,2021,2545.0,0.43870120568222515,0.06610729722857869,0.4694998209382834,0.5278235100428054,0.3101745143233454,0.8379980243661508,0.1517945340796839,0.7604406866512938,0.21726876761465538,0.023059185242121444,False,False,False,False,False,False,False,False
POA4512,4512,3677.0,43.0,2115.0,3.0,424.0,477.0,104.0,10.0,1011.0,1838.0,65.0,1902.0,897.0,210.0,3014.0,948.0,136.0,31.0,1110.0,2021,901.0,0.6098208360982084,0.0341745531019979,0.6310550763105508,0.41938674579624136,0.47181008902077154,0.8911968348170128,0.10286844708209693,0.8540540540540541,0.12252252252252252,0.027927927927927927,False,False,False,False,False,False,False,False
POA4514,4514,8605.0,39.0,1616.0,2.7,917.0,815.0,281.0,20.0,2035.0,3204.0,148.0,3352.0,3564.0,352.0,7268.0,1934.0,465.0,68.0,2465.0,2021,1732.0,0.4408365437534397,0.0441527446300716,0.46119977985690697,0.4506142506142506,0.4004914004914005,0.8511056511056511,0.13808353808353807,0.7845841784989858,0.18864097363083165,0.027586206896551724,False,False,False,False,False,False,False,False
POA4515,4515,4467.0,42.0,1403.0,2.6,548.0,451.0,169.0,5.0,1169.0,2028.0,84.0,2113.0,1212.0,365.0,3686.0,1136.0,341.0,56.0,1533.0,2021,999.0,0.5501899077590885,0.03975390440132513,0.5732501356483993,0.46877673224978617,0.3857998289136014,0.8545765611633875,0.14456800684345594,0.741030658838878,0.22243966079582517,0.0365296803652968,False,False,False,False,False,False,False,False
POA4516,4516,4290.0,40.0,2183.0,3.1,479.0,619.0,129.0,6.0,1234.0,2192.0,108.0,2298.0,1002.0,154.0,3451.0,1145.0,140.0,23.0,1308.0,2021,1098.0,0.6351782092147203,0.04699738903394256,0.6658939437844104,0.3881685575364668,0.5016207455429498,0.8897893030794165,0.10453808752025932,0.8753822629969419,0.10703363914373089,0.017584097859327217,False,False,False,False,False,False,False,False
POA4517,4517,941.0,43.0,1442.0,2.4,129.0,97.0,34.0,0.0,259.0,411.0,23.0,430.0,287.0,66.0,785.0,254.0,92.0,7.0,355.0,2021,226.0,0.5235668789808917,0.053488372093023255,0.5477707006369427,0.4980694980694981,0.3745173745173745,0.8725868725868726,0.13127413127413126,0.7154929577464789,0.2591549295774648,0.01971830985915493,False,False,False,False,False,False,False,False
POA4518,4518,5601.0,42.0,1740.0,2.8,722.0,662.0,223.0,9.0,1615.0,2639.0,106.0,2742.0,1540.0,250.0,4537.0,1552.0,302.0,64.0,1910.0,2021,1384.0,0.5816618911174785,0.03865791393143691,0.6043641172581,0.4470588235294118,0.40990712074303404,0.8569659442724458,0.13808049535603714,0.812565445026178,0.1581151832460733,0.033507853403141365,False,False,False,False,False,False,False,False
POA4519,4519,9477.0,41.0,1534.0,2.7,1078.0,1093.0,454.0,34.0,2662.0,4222.0,242.0,4463.0,2753.0,465.0,7683.0,2553.0,653.0,93.0,3297.0,2021,2171.0,0.549524925159443,0.054223616401523636,0.5808928803852662,0.4049586776859504,0.41059353869271226,0.8155522163786627,0.17054845980465816,0.7743403093721565,0.1980588413709433,0.028207461328480437,False,False,False,False,False,False,False,False
POA4520,4520,13885.0,45.0,2795.0,3.0,1646.0,2054.0,339.0,15.0,4052.0,7008.0,264.0,7269.0,3447.0,421.0,11135.0,3872.0,486.0,63.0,4426.0,2021,3700.0,0.6293668612483161,0.03631861328931077,0.6528064660978895,0.4062191510365252,0.5069101678183613,0.9131293188548865,0.08366238894373149,0.8748305467690918,0.10980569362855852,0.014234071396294623,False,False,False,False,False,False,False,False
POA4521,4521,5174.0,44.0,2189.0,2.8,711.0,678.0,123.0,14.0,1521.0,2580.0,86.0,2666.0,1262.0,241.0,4170.0,1451.0,283.0,30.0,1760.0,2021,1389.0,0.6187050359712231,0.03225806451612903,0.6393285371702638,0.46745562130177515,0.4457593688362919,0.9132149901380671,0.08086785009861933,0.8244318181818182,0.16079545454545455,0.017045454545454544,False,False,False,False,False,False,False,False
POA4550,4550,4908.0,42.0,1646.0,2.7,612.0,595.0,228.0,18.0,1450.0,2369.0,116.0,2481.0,1364.0,174.0,4023.0,1386.0,318.0,59.0,1764.0,2021,1207.0,0.5888640318170519,0.04675534058847239,0.6167039522744221,0.4220689655172414,0.4103448275862069,0.8324137931034483,0.15724137931034482,0.7857142857142857,0.18027210884353742,0.03344671201814059,False,False,False,False,False,False,False,False
POA4551,4551,68286.0,44.0,1489.0,2.5,8842.0,7249.0,3024.0,218.0,19333.0,30593.0,1526.0,32117.0,21358.0,2912.0,56386.0,18883.0,6450.0,828.0,26162.0,2021,16091.0,0.5425637569609477,0.04751377775010119,0.5695917426311495,0.45735271297780994,0.3749547405989758,0.8323074535767858,0.1564164899394817,0.7217720357770813,0.2465407843437046,0.0316489565017965,False,False,False,False,False,False,False,False
POA4552,4552,9019.0,56.0,1259.0,2.3,1533.0,724.0,374.0,26.0,2653.0,3484.0,185.0,3670.0,3725.0,493.0,7890.0,2580.0,927.0,100.0,3611.0,2021,2257.0,0.4415716096324461,0.05040871934604905,0.46514575411913817,0.5778364116094987,0.2728986053524312,0.8507350169619299,0.14097248398039955,0.7144835225699252,0.2567155912489615,0.027693159789531987,False,False,False,False,False,False,False,False
POA4553,4553,10748.0,34.0,2171.0,3.0,1038.0,1504.0,395.0,51.0,2990.0,5712.0,212.0,5925.0,1984.0,454.0,8366.0,2865.0,440.0,142.0,3445.0,2021,2542.0,0.6827635668180732,0.035780590717299575,0.7082237628496294,0.34715719063545153,0.5030100334448161,0.8501672240802676,0.13210702341137123,0.8316400580551524,0.12772133526850507,0.041219158200290276,False,False,False,False,False,False,False,False
POA4554,4554,2000.0,45.0,1893.0,2.9,231.0,244.0,65.0,6.0,544.0,924.0,46.0,971.0,548.0,131.0,1641.0,501.0,94.0,16.0,614.0,2021,475.0,0.5630712979890311,0.04737384140061792,0.5917123705057892,0.42463235294117646,0.4485294117647059,0.8731617647058824,0.11948529411764706,0.8159609120521173,0.15309446254071662,0.026058631921824105,False,False,False,False,False,False,False,False
POA4555,4555,7723.0,43.0,1768.0,2.7,909.0,929.0,317.0,24.0,2177.0,3731.0,159.0,3887.0,2104.0,305.0,6301.0,2089.0,524.0,81.0,2691.0,2021,1838.0,0.5921282336137121,0.04090558271160278,0.6168862085383272,0.41754708314193845,0.4267340376665136,0.844281120808452,0.1456132292145154,0.7762913415087328,0.19472315124489037,0.030100334448160536,False,False,False,False,False,False,False,False
POA4556,4556,47150.0,42.0,1687.0,2.5,5655.0,5339.0,1806.0,133.0,12932.0,22286.0,1008.0,23297.0,13593.0,2001.0,38896.0,12624.0,3991.0,659.0,17270.0,2021,10994.0,0.5729638009049773,0.04326737348156415,0.5989561908679556,0.4372873492112589,0.4128518403959171,0.850139189607176,0.13965357253325086,0.7309785755645628,0.23109438332368268,0.03815865662999421,False,False,False,False,False,False,False,False
POA4557,4557,20161.0,39.0,1730.0,2.5,2192.0,2234.0,1032.0,56.0,5519.0,10394.0,435.0,10830.0,4754.0,807.0,16399.0,5408.0,1782.0,414.0,7605.0,2021,4426.0,0.6338191353131288,0.04016620498614958,0.660406122324532,0.3971734009784381,0.40478347526725855,0.8019568762456967,0.18699039681101648,0.7111111111111111,0.23431952662721894,0.054437869822485205,False,False,False,False,False,False,False,False
POA4558,4558,23327.0,46.0,1384.0,2.1,3272.0,1609.0,1025.0,103.0,6009.0,10797.0,504.0,11306.0,7422.0,1874.0,20591.0,5899.0,3212.0,663.0,9771.0,2021,4881.0,0.5243553008595988,0.044578100123828054,0.5490748385216843,0.54451655849559,0.26776501913795975,0.8122815776335497,0.17057746713263439,0.6037253095896019,0.32872786818135297,0.06785385323917716,False,False,False,False,False,False,False,False
POA4559,4559,7444.0,43.0,1785.0,2.8,828.0,965.0,271.0,14.0,2072.0,3651.0,174.0,3827.0,1937.0,311.0,6066.0,1991.0,513.0,65.0,2571.0,2021,1793.0,0.6018793273986153,0.045466422785471645,0.6308935047807451,0.3996138996138996,0.4657335907335907,0.8653474903474904,0.13079150579150578,0.7744068455853753,0.19953325554259044,0.025281991443018282,False,False,False,False,False,False,False,False
POA4560,4560,36706.0,43.0,1415.0,2.5,4513.0,3943.0,1734.0,112.0,10293.0,16284.0,845.0,17131.0,11364.0,1518.0,30012.0,9969.0,3419.0,433.0,13825.0,2021,8456.0,0.5425829668132747,0.04932578366703637,0.5708050113288018,0.4384533177887885,0.3830758768094822,0.8215291945982707,0.16846400466336345,0.7210849909584087,0.24730560578661845,0.03132007233273056,False,False,False,False,False,False,False,False
POA4561,4561,8637.0,41.0,1848.0,2.8,1044.0,1105.0,294.0,23.0,2468.0,4250.0,203.0,4450.0,2108.0,330.0,6890.0,2359.0,467.0,90.0,2927.0,2021,2149.0,0.6168359941944848,0.04561797752808989,0.6458635703918723,0.42301458670988656,0.44773095623987036,0.8707455429497569,0.11912479740680713,0.8059446532285617,0.15954902630679876,0.030748206354629312,False,False,False,False,False,False,False,False
POA4562,4562,8793.0,46.0,1945.0,2.8,1124.0,1119.0,297.0,17.0,2563.0,4251.0,166.0,4409.0,2367.0,389.0,7171.0,2459.0,392.0,88.0,2933.0,2021,2243.0,0.592804350857621,0.03765026083012021,0.6148375400920374,0.4385485758876317,0.43659773702692156,0.8751463129145532,0.11587982832618025,0.8383907262188885,0.13365155131264916,0.030003409478349813,False,False,False,False,False,False,False,False
POA4563,4563,9826.0,50.0,1436.0,2.5,1489.0,1023.0,350.0,25.0,2884.0,4141.0,205.0,4346.0,3342.0,572.0,8261.0,2786.0,780.0,87.0,3650.0,2021,2512.0,0.5012710325626437,0.04716981132075472,0.5260864302142598,0.5162968099861304,0.35471567267683773,0.871012482662968,0.12135922330097088,0.7632876712328767,0.2136986301369863,0.023835616438356164,False,False,False,False,False,False,False,False
POA4564,4564,11659.0,49.0,1495.0,2.3,1790.0,1039.0,497.0,38.0,3370.0,5325.0,254.0,5574.0,3851.0,602.0,10032.0,3291.0,1090.0,191.0,4567.0,2021,2829.0,0.5308014354066986,0.04556871187656979,0.555622009569378,0.5311572700296736,0.30830860534124627,0.8394658753709199,0.14747774480712167,0.7206043354499672,0.23866871031311582,0.0418217648346836,False,False,False,False,False,False,False,False
POA4565,4565,15033.0,51.0,1302.0,2.4,2019.0,1448.0,668.0,32.0,4174.0,6162.0,294.0,6459.0,5485.0,919.0,12858.0,4064.0,1510.0,218.0,5793.0,2021,3467.0,0.47923471768548764,0.04551788202508128,0.5023331777881475,0.48370867273598467,0.34690943938667945,0.8306181121226641,0.16003833253473887,0.7015363369583981,0.2606594165372001,0.037631624374244776,False,False,False,False,False,False,False,False
POA4566,4566,8716.0,56.0,1399.0,2.2,1576.0,686.0,317.0,17.0,2598.0,3495.0,141.0,3635.0,3678.0,397.0,7704.0,2558.0,1053.0,105.0,3721.0,2021,2262.0,0.45366043613707163,0.03878954607977992,0.47183281412253375,0.6066204772902233,0.2640492686682063,0.8706697459584296,0.12201693610469592,0.6874496103198066,0.2829884439666756,0.028218220908357967,False,False,False,False,False,False,False,False
POA4567,4567,11979.0,49.0,1833.0,2.3,1789.0,1132.0,447.0,20.0,3388.0,5550.0,241.0,5787.0,3852.0,600.0,10239.0,3347.0,1097.0,233.0,4679.0,2021,2921.0,0.5420451215939056,0.041645066528425784,0.5651919132727805,0.5280401416765053,0.33412042502951594,0.8621605667060213,0.13193624557260922,0.715323787134003,0.23445180594144047,0.04979696516349647,False,False,False,False,False,False,False,False
POA4568,4568,3736.0,48.0,1421.0,2.6,520.0,416.0,162.0,8.0,1105.0,1624.0,80.0,1699.0,1262.0,162.0,3115.0,1063.0,257.0,44.0,1361.0,2021,936.0,0.5213483146067416,0.047086521483225424,0.5454253611556983,0.47058823529411764,0.3764705882352941,0.8470588235294118,0.14660633484162897,0.78104335047759,0.1888317413666422,0.03232916972814107,False,False,False,False,False,False,False,False
POA4569,4569,1756.0,46.0,1294.0,2.5,203.0,180.0,96.0,0.0,477.0,748.0,49.0,794.0,532.0,105.0,1434.0,462.0,157.0,28.0,643.0,2021,383.0,0.5216178521617852,0.061712846347607056,0.5536959553695955,0.42557651991614254,0.37735849056603776,0.8029350104821803,0.20125786163522014,0.71850699844479,0.24416796267496113,0.04354587869362364,False,False,False,False,False,False,False,False
POA4570,4570,46427.0,46.0,1169.0,2.4,5881.0,4420.0,2285.0,156.0,12745.0,18148.0,1207.0,19362.0,16355.0,2627.0,38338.0,12305.0,4605.0,564.0,17477.0,2021,10301.0,0.47336845949188794,0.06233860138415453,0.5050341697532474,0.4614358571989015,0.3468026677128286,0.8082385249117301,0.17928599450765006,0.7040682039251588,0.26348915717800536,0.032270984722778506,False,False,False,False,False,False,False,False
POA4571,4571,903.0,49.0,1254.0,2.4,116.0,83.0,39.0,0.0,240.0,392.0,17.0,410.0,258.0,72.0,744.0,233.0,82.0,17.0,334.0,2021,199.0,0.5268817204301075,0.041463414634146344,0.5510752688172043,0.48333333333333334,0.3458333333333333,0.8291666666666667,0.1625,0.6976047904191617,0.24550898203592814,0.05089820359281437,False,False,False,False,False,False,False,False
POA4572,4572,4235.0,47.0,1682.0,2.1,595.0,326.0,145.0,10.0,1077.0,2235.0,106.0,2345.0,1171.0,263.0,3772.0,1064.0,606.0,127.0,1803.0,2021,921.0,0.5925238600212089,0.045202558635394456,0.6216861081654295,0.552460538532962,0.30269266480965645,0.8551532033426184,0.13463324048282266,0.5901275651691625,0.33610648918469216,0.0704381586245147,False,False,False,False,False,False,False,False
POA4573,4573,31392.0,42.0,1771.0,2.6,3640.0,3756.0,1315.0,71.0,8774.0,15153.0,641.0,15792.0,8203.0,1177.0,25173.0,8632.0,2476.0,433.0,11546.0,2021,7396.0,0.6019544750327732,0.04059017223910841,0.6273388153974496,0.41486209254615913,0.42808297241850923,0.8429450649646684,0.14987462958741737,0.7476182227611294,0.21444656157976788,0.037502165252035334,False,False,False,False,False,False,False,False
POA4574,4574,1432.0,49.0,1244.0,2.4,214.0,132.0,45.0,6.0,405.0,643.0,16.0,663.0,446.0,83.0,1193.0,378.0,145.0,19.0,544.0,2021,346.0,0.5389773679798826,0.024132730015082957,0.5557418273260687,0.528395061728395,0.32592592592592595,0.854320987654321,0.1111111111111111,0.6948529411764706,0.2665441176470588,0.034926470588235295,False,False,False,False,False,False,False,False
POA4575,4575,28022.0,43.0,1696.0,2.5,3449.0,2936.0,1194.0,90.0,7662.0,13420.0,575.0,13996.0,8185.0,1271.0,23448.0,7510.0,2606.0,530.0,10646.0,2021,6385.0,0.572330262708973,0.04108316661903401,0.5968952575912658,0.4501435656486557,0.3831897676846776,0.8333333333333334,0.1558339859044636,0.7054292692090927,0.24478677437535223,0.049783956415555136,False,False,False,False,False,False,False,False
POA4580,4580,5219.0,63.0,772.0,2.0,1108.0,255.0,178.0,9.0,1553.0,1224.0,92.0,1321.0,3074.0,376.0,4770.0,1526.0,781.0,71.0,2377.0,2021,1363.0,0.25660377358490566,0.0696442089326268,0.27693920335429767,0.7134578235672892,0.16419832582099164,0.8776561493882807,0.11461687057308435,0.6419856962557846,0.3285654185948675,0.029869583508624318,False,False,False,False,False,False,False,False
POA4581,4581,1415.0,55.0,1006.0,1.9,227.0,73.0,38.0,5.0,338.0,583.0,18.0,599.0,513.0,156.0,1265.0,337.0,219.0,25.0,582.0,2021,300.0,0.4608695652173913,0.03005008347245409,0.4735177865612648,0.6715976331360947,0.21597633136094674,0.8875739644970414,0.11242603550295859,0.5790378006872853,0.37628865979381443,0.0429553264604811,False,False,False,False,False,False,False,False
POA4600,4600,910.0,53.0,948.0,2.1,153.0,57.0,31.0,3.0,251.0,293.0,23.0,321.0,382.0,70.0,765.0,245.0,131.0,13.0,386.0,2021,210.0,0.38300653594771245,0.07165109034267912,0.4196078431372549,0.6095617529880478,0.22709163346613545,0.8366533864541833,0.12350597609561753,0.6347150259067358,0.3393782383419689,0.03367875647668394,False,False,False,False,False,False,False,False
POA4601,4601,1145.0,49.0,1014.0,2.3,158.0,110.0,33.0,0.0,301.0,468.0,30.0,496.0,382.0,83.0,961.0,299.0,151.0,13.0,458.0,2021,268.0,0.4869927159209157,0.06048387096774194,0.5161290322580645,0.5249169435215947,0.3654485049833887,0.8903654485049833,0.10963455149501661,0.6528384279475983,0.3296943231441048,0.028384279475982533,False,False,False,False,False,False,False,False
POA4605,4605,4770.0,41.0,991.0,2.5,497.0,344.0,328.0,31.0,1202.0,1493.0,113.0,1607.0,1749.0,363.0,3715.0,1136.0,444.0,37.0,1623.0,2021,841.0,0.4018842530282638,0.07031736154324829,0.4325706594885599,0.413477537437604,0.28618968386023297,0.699667221297837,0.27287853577371046,0.6999383857054837,0.2735674676524954,0.02279728897104128,False,False,False,False,False,False,False,False
POA4606,4606,2399.0,52.0,1003.0,2.2,314.0,204.0,111.0,13.0,648.0,889.0,51.0,945.0,935.0,180.0,2053.0,636.0,320.0,21.0,976.0,2021,518.0,0.4330248416950804,0.05396825396825397,0.4603019970774476,0.4845679012345679,0.3148148148148148,0.7993827160493827,0.1712962962962963,0.6516393442622951,0.32786885245901637,0.02151639344262295,False,False,False,False,False,False,False,False
POA4608,4608,920.0,50.0,1055.0,2.3,134.0,74.0,35.0,7.0,251.0,385.0,13.0,393.0,301.0,71.0,766.0,240.0,106.0,12.0,359.0,2021,208.0,0.5026109660574413,0.03307888040712468,0.5130548302872062,0.5338645418326693,0.2948207171314741,0.8286852589641435,0.1394422310756972,0.6685236768802229,0.29526462395543174,0.033426183844011144,False,False,False,False,False,False,False,False
POA4610,4610,15212.0,41.0,1249.0,2.4,1789.0,1411.0,694.0,77.0,3965.0,6476.0,312.0,6791.0,4589.0,924.0,12303.0,3885.0,1608.0,211.0,5699.0,2021,3200.0,0.5263756807282777,0.045943160064791634,0.5519791920669755,0.45119798234552333,0.3558638083228247,0.807061790668348,0.175031525851198,0.6816985436041411,0.2821547639936831,0.037024039305141254,False,False,False,False,False,False,False,False
POA4611,4611,129.0,48.0,1125.0,2.4,16.0,16.0,4.0,0.0,34.0,55.0,3.0,54.0,35.0,15.0,112.0,36.0,7.0,0.0,50.0,2021,32.0,0.49107142857142855,0.05555555555555555,0.48214285714285715,0.47058823529411764,0.47058823529411764,0.9411764705882353,0.11764705882352941,0.72,0.14,0.0,False,False,False,False,False,False,False,False
POA4612,4612,250.0,53.0,732.0,2.2,27.0,16.0,10.0,0.0,54.0,78.0,0.0,77.0,97.0,35.0,209.0,60.0,36.0,3.0,91.0,2021,43.0,0.37320574162679426,0.0,0.3684210526315789,0.5,0.2962962962962963,0.7962962962962963,0.18518518518518517,0.6593406593406593,0.3956043956043956,0.03296703296703297,False,False,False,False,False,False,False,False
POA4613,4613,886.0,53.0,784.0,2.2,135.0,56.0,26.0,0.0,223.0,258.0,24.0,284.0,360.0,101.0,738.0,214.0,124.0,17.0,350.0,2021,191.0,0.34959349593495936,0.08450704225352113,0.38482384823848237,0.6053811659192825,0.25112107623318386,0.8565022421524664,0.11659192825112108,0.6114285714285714,0.35428571428571426,0.04857142857142857,False,False,False,False,False,False,False,False
POA4614,4614,1226.0,54.0,811.0,2.2,185.0,81.0,59.0,15.0,336.0,318.0,25.0,349.0,582.0,101.0,1025.0,330.0,159.0,21.0,509.0,2021,266.0,0.3102439024390244,0.07163323782234957,0.3404878048780488,0.5505952380952381,0.24107142857142858,0.7916666666666666,0.17559523809523808,0.6483300589390962,0.31237721021611004,0.0412573673870334,False,False,False,False,False,False,False,False
POA4615,4615,7356.0,52.0,909.0,2.2,998.0,547.0,321.0,30.0,1895.0,2183.0,197.0,2384.0,3181.0,706.0,6275.0,1852.0,912.0,105.0,2872.0,2021,1545.0,0.3478884462151394,0.08263422818791946,0.3799203187250996,0.5266490765171504,0.28865435356200525,0.8153034300791556,0.16939313984168866,0.6448467966573816,0.31754874651810583,0.03655988857938719,False,False,False,False,False,False,False,False
POA4620,4620,448.0,56.0,945.0,2.1,66.0,28.0,17.0,6.0,116.0,157.0,18.0,178.0,162.0,58.0,399.0,114.0,61.0,9.0,178.0,2021,94.0,0.39348370927318294,0.10112359550561797,0.44611528822055135,0.5689655172413793,0.2413793103448276,0.8103448275862069,0.14655172413793102,0.6404494382022472,0.34269662921348315,0.05056179775280899,False,False,False,False,False,False,False,False
POA4621,4621,1808.0,53.0,791.0,2.2,260.0,143.0,62.0,7.0,471.0,564.0,50.0,612.0,744.0,172.0,1530.0,461.0,253.0,30.0,739.0,2021,403.0,0.3686274509803922,0.08169934640522876,0.4,0.5520169851380042,0.3036093418259023,0.8556263269639066,0.1316348195329087,0.6238159675236806,0.3423545331529093,0.04059539918809202,False,False,False,False,False,False,False,False
POA4625,4625,2681.0,48.0,1120.0,2.3,343.0,225.0,99.0,7.0,671.0,1184.0,58.0,1238.0,772.0,267.0,2274.0,661.0,306.0,30.0,996.0,2021,568.0,0.5206684256816183,0.046849757673667204,0.544415127528584,0.511177347242921,0.3353204172876304,0.8464977645305514,0.14754098360655737,0.6636546184738956,0.3072289156626506,0.030120481927710843,False,False,False,False,False,False,False,False
POA4626,4626,1992.0,42.0,1263.0,2.3,260.0,167.0,53.0,11.0,489.0,1019.0,20.0,1040.0,435.0,192.0,1670.0,480.0,212.0,45.0,739.0,2021,427.0,0.6101796407185629,0.019230769230769232,0.6227544910179641,0.5316973415132924,0.34151329243353784,0.8732106339468303,0.1083844580777096,0.6495263870094723,0.2868741542625169,0.06089309878213803,False,False,False,False,False,False,False,False
POA4627,4627,848.0,47.0,980.0,2.3,103.0,71.0,38.0,6.0,215.0,352.0,23.0,381.0,217.0,89.0,685.0,208.0,97.0,6.0,318.0,2021,174.0,0.5138686131386861,0.06036745406824147,0.5562043795620438,0.4790697674418605,0.3302325581395349,0.8093023255813954,0.17674418604651163,0.6540880503144654,0.3050314465408805,0.018867924528301886,False,False,False,False,False,False,False,False
POA4630,4630,2337.0,51.0,990.0,2.2,343.0,193.0,78.0,7.0,618.0,1022.0,62.0,1081.0,699.0,188.0,1971.0,615.0,302.0,27.0,943.0,2021,536.0,0.5185185185185185,0.05735430157261795,0.5484525621511923,0.5550161812297735,0.3122977346278317,0.8673139158576052,0.1262135922330097,0.6521739130434783,0.32025450689289503,0.02863202545068929,False,False,False,False,False,False,False,False
POA4650,4650,34942.0,49.0,1035.0,2.3,4592.0,2876.0,1783.0,134.0,9378.0,11816.0,1195.0,13009.0,14649.0,2012.0,29670.0,9135.0,4010.0,471.0,13619.0,2021,7468.0,0.39824738793394,0.09185948189714813,0.4384563532187395,0.48965664320750696,0.30667519727020687,0.7963318404777138,0.19012582640221795,0.6707540935457816,0.2944415889566047,0.034584037007122405,False,False,False,False,False,False,False,False
POA4655,4655,66789.0,51.0,1109.0,2.3,9957.0,5552.0,3314.0,237.0,19056.0,23193.0,1997.0,25196.0,27711.0,3495.0,56399.0,18537.0,6989.0,926.0,26450.0,2021,15509.0,0.41123069557970887,0.07925861247817113,0.4467455096721573,0.5225125944584383,0.29135180520570947,0.8138643996641478,0.17390848026868178,0.7008317580340264,0.264234404536862,0.03500945179584121,False,False,False,False,False,False,False,False
POA4659,4659,5358.0,60.0,858.0,2.1,1099.0,317.0,188.0,29.0,1629.0,1380.0,149.0,1531.0,2890.0,349.0,4772.0,1586.0,632.0,91.0,2308.0,2021,1416.0,0.28918692372170995,0.09732201175702156,0.3208298407376362,0.6746470227133211,0.19459791282995703,0.8692449355432781,0.11540822590546347,0.6871750433275563,0.2738301559792028,0.039428076256499134,False,False,False,False,False,False,False,False
POA4660,4660,8048.0,56.0,945.0,2.2,1405.0,572.0,271.0,19.0,2273.0,2726.0,205.0,2927.0,3482.0,652.0,7062.0,2215.0,908.0,99.0,3227.0,2021,1977.0,0.3860096290002832,0.0700375811411001,0.4144718210138771,0.6181258249010119,0.25164980202375714,0.8697756269247691,0.11922569291684998,0.686396033467617,0.2813758909203595,0.030678648899907034,False,False,False,False,False,False,False,False
POA4662,4662,841.0,45.0,1125.0,2.6,88.0,64.0,49.0,7.0,210.0,261.0,28.0,284.0,315.0,73.0,671.0,202.0,71.0,10.0,283.0,2021,152.0,0.3889716840536513,0.09859154929577464,0.4232488822652757,0.41904761904761906,0.3047619047619048,0.7238095238095238,0.23333333333333334,0.7137809187279152,0.2508833922261484,0.0353356890459364,False,False,False,False,False,False,False,False
POA4670,4670,84718.0,46.0,1194.0,2.4,10988.0,7656.0,4213.0,334.0,23186.0,33942.0,2401.0,36346.0,29583.0,4433.0,70365.0,22597.0,9086.0,1085.0,32768.0,2021,18644.0,0.48237049669580045,0.06605953887635503,0.5165352092659703,0.473906667816786,0.33019925817303547,0.8041059259898214,0.1817044768394721,0.689605712890625,0.27728271484375,0.033111572265625,False,False,False,False,False,False,False,False
POA4671,4671,6285.0,52.0,958.0,2.3,874.0,485.0,264.0,24.0,1655.0,2049.0,219.0,2267.0,2527.0,600.0,5401.0,1621.0,670.0,117.0,2412.0,2021,1359.0,0.3793741899648213,0.09660344067048963,0.4197370857248658,0.5280966767371601,0.2930513595166163,0.8211480362537764,0.1595166163141994,0.6720563847429519,0.2777777777777778,0.048507462686567165,False,False,False,False,False,False,False,False
POA4673,4673,669.0,53.0,1138.0,2.3,111.0,53.0,27.0,0.0,192.0,251.0,18.0,274.0,263.0,50.0,587.0,181.0,70.0,11.0,265.0,2021,164.0,0.42759795570698467,0.06569343065693431,0.46678023850085176,0.578125,0.2760416666666667,0.8541666666666666,0.140625,0.6830188679245283,0.2641509433962264,0.04150943396226415,False,False,False,False,False,False,False,False
POA4674,4674,1579.0,55.0,864.0,2.2,257.0,105.0,51.0,12.0,423.0,456.0,72.0,531.0,692.0,165.0,1393.0,417.0,192.0,22.0,632.0,2021,362.0,0.3273510409188801,0.13559322033898305,0.3811916726489591,0.607565011820331,0.24822695035460993,0.8557919621749409,0.12056737588652482,0.6598101265822784,0.3037974683544304,0.03481012658227848,False,False,False,False,False,False,False,False
POA4676,4676,177.0,57.0,880.0,2.1,19.0,9.0,14.0,0.0,42.0,61.0,12.0,69.0,56.0,30.0,156.0,42.0,20.0,0.0,69.0,2021,28.0,0.391025641025641,0.17391304347826086,0.4423076923076923,0.4523809523809524,0.21428571428571427,0.6666666666666666,0.3333333333333333,0.6086956521739131,0.2898550724637681,0.0,False,False,False,False,False,False,False,False
POA4677,4677,4217.0,50.0,1072.0,2.3,588.0,352.0,120.0,14.0,1078.0,1578.0,139.0,1723.0,1386.0,442.0,3550.0,1062.0,427.0,62.0,1554.0,2021,940.0,0.4445070422535211,0.08067324434126523,0.4853521126760563,0.5454545454545454,0.32653061224489793,0.8719851576994434,0.11131725417439703,0.6833976833976834,0.2747747747747748,0.039897039897039896,False,False,False,False,False,False,False,False
POA4678,4678,818.0,55.0,1187.0,2.3,143.0,63.0,24.0,7.0,242.0,338.0,26.0,362.0,289.0,56.0,705.0,238.0,73.0,13.0,323.0,2021,206.0,0.4794326241134752,0.0718232044198895,0.5134751773049645,0.5909090909090909,0.2603305785123967,0.8512396694214877,0.09917355371900827,0.7368421052631579,0.2260061919504644,0.04024767801857585,False,False,False,False,False,False,False,False
POA4680,4680,55339.0,36.0,1746.0,2.6,5627.0,6359.0,2538.0,167.0,14692.0,25599.0,1992.0,27588.0,12535.0,2838.0,42958.0,14423.0,5102.0,609.0,20141.0,2021,11986.0,0.5959076307090647,0.07220530665506741,0.6422086689324457,0.3829975496869044,0.4328205826300027,0.8158181323169071,0.17274707323713587,0.7161014845340351,0.25331413534581204,0.030236830346060273,False,False,False,False,False,False,False,False
POA4694,4694,112.0,49.0,1350.0,2.3,20.0,5.0,5.0,0.0,31.0,57.0,0.0,58.0,29.0,10.0,102.0,26.0,12.0,0.0,40.0,2021,25.0,0.5588235294117647,0.0,0.5686274509803921,0.6451612903225806,0.16129032258064516,0.8064516129032258,0.16129032258064516,0.65,0.3,0.0,False,False,False,False,False,False,False,False
POA4695,4695,1114.0,43.0,1519.0,2.6,148.0,111.0,41.0,7.0,301.0,428.0,24.0,451.0,319.0,113.0,878.0,288.0,81.0,9.0,376.0,2021,259.0,0.4874715261958998,0.05321507760532151,0.5136674259681093,0.49169435215946844,0.3687707641196013,0.8604651162790697,0.1362126245847176,0.7659574468085106,0.2154255319148936,0.023936170212765957,False,False,False,False,False,False,False,False
POA4697,4697,143.0,47.0,1125.0,2.4,20.0,12.0,4.0,0.0,36.0,44.0,4.0,48.0,41.0,28.0,120.0,30.0,5.0,0.0,43.0,2021,32.0,0.36666666666666664,0.08333333333333333,0.4,0.5555555555555556,0.3333333333333333,0.8888888888888888,0.1111111111111111,0.6976744186046512,0.11627906976744186,0.0,False,False,False,False,False,False,False,False
POA4699,4699,451.0,44.0,1262.0,2.7,58.0,52.0,18.0,0.0,128.0,186.0,0.0,193.0,120.0,39.0,352.0,123.0,37.0,0.0,160.0,2021,110.0,0.5284090909090909,0.0,0.5482954545454546,0.453125,0.40625,0.859375,0.140625,0.76875,0.23125,0.0,False,False,False,False,False,False,False,False
POA4700,4700,17312.0,39.0,1403.0,2.3,1551.0,1484.0,972.0,120.0,4129.0,7818.0,525.0,8345.0,4775.0,1163.0,14282.0,4042.0,2282.0,275.0,6601.0,2021,3035.0,0.5474023246043972,0.06291192330736968,0.5843019184988096,0.37563574715427467,0.3594090578832647,0.7350448050375393,0.2354080891256963,0.6123314649295561,0.3457051961823966,0.04166035449174368,False,False,False,False,False,False,False,False
POA4701,4701,43828.0,37.0,1496.0,2.5,4396.0,4620.0,2309.0,202.0,11526.0,20268.0,1139.0,21413.0,10919.0,2648.0,34977.0,11270.0,4382.0,529.0,16176.0,2021,9016.0,0.5794665065614547,0.05319198617662168,0.6122023043714441,0.38139857712996705,0.40083289953149404,0.7822314766614611,0.20032968939788304,0.6967111770524234,0.27089515331355096,0.03270276953511375,False,False,False,False,False,False,False,False
POA4702,4702,29819.0,37.0,1649.0,2.7,3147.0,3208.0,1207.0,91.0,7652.0,13500.0,639.0,14137.0,7043.0,2328.0,23511.0,7412.0,2220.0,252.0,9876.0,2021,6355.0,0.5741993109608269,0.0452005375963783,0.6012930117817192,0.4112650287506534,0.41923680083638265,0.8305018295870361,0.15773653946680607,0.7505062778452815,0.22478736330498178,0.02551640340218712,False,False,False,False,False,False,False,False
POA4703,4703,25129.0,43.0,1636.0,2.5,3133.0,2658.0,971.0,76.0,6833.0,11513.0,536.0,12045.0,6717.0,1704.0,20470.0,6640.0,2187.0,235.0,9065.0,2021,5791.0,0.5624328285295555,0.044499792444997924,0.5884220810942843,0.45851017122786475,0.38899458510171225,0.847504756329577,0.1421044929020928,0.7324875896304468,0.24125758411472698,0.02592388306674021,False,False,False,False,False,False,False,False
POA4704,4704,126.0,48.0,1399.0,2.2,19.0,9.0,8.0,0.0,35.0,67.0,6.0,70.0,27.0,8.0,102.0,32.0,16.0,3.0,53.0,2021,28.0,0.6568627450980392,0.08571428571428572,0.6862745098039216,0.5428571428571428,0.2571428571428571,0.8,0.22857142857142856,0.6037735849056604,0.3018867924528302,0.05660377358490566,False,False,False,False,False,False,False,False
POA4705,4705,405.0,46.0,1577.0,2.5,57.0,40.0,5.0,0.0,107.0,228.0,3.0,230.0,44.0,63.0,335.0,100.0,40.0,3.0,138.0,2021,97.0,0.6805970149253732,0.013043478260869565,0.6865671641791045,0.5327102803738317,0.37383177570093457,0.9065420560747663,0.04672897196261682,0.7246376811594203,0.2898550724637681,0.021739130434782608,False,False,False,False,False,False,False,False
POA4706,4706,72.0,51.0,1062.0,2.1,12.0,5.0,7.0,0.0,23.0,36.0,0.0,31.0,20.0,8.0,59.0,26.0,12.0,0.0,38.0,2021,17.0,0.6101694915254238,0.0,0.5254237288135594,0.5217391304347826,0.21739130434782608,0.7391304347826086,0.30434782608695654,0.6842105263157895,0.3157894736842105,0.0,False,False,True,False,False,False,False,False
POA4707,4707,254.0,52.0,977.0,2.0,21.0,21.0,13.0,0.0,57.0,108.0,5.0,115.0,76.0,32.0,216.0,58.0,48.0,4.0,111.0,2021,42.0,0.5,0.043478260869565216,0.5324074074074074,0.3684210526315789,0.3684210526315789,0.7368421052631579,0.22807017543859648,0.5225225225225225,0.43243243243243246,0.036036036036036036,False,False,False,False,False,False,False,False
POA4709,4709,732.0,29.0,3125.0,2.9,59.0,99.0,13.0,0.0,174.0,389.0,16.0,407.0,76.0,45.0,534.0,172.0,38.0,10.0,219.0,2021,158.0,0.7284644194756554,0.03931203931203931,0.7621722846441947,0.3390804597701149,0.5689655172413793,0.9080459770114943,0.07471264367816093,0.7853881278538812,0.1735159817351598,0.045662100456621,False,False,False,False,False,False,False,False
POA4710,4710,5119.0,48.0,1272.0,2.4,716.0,429.0,256.0,19.0,1425.0,1935.0,110.0,2051.0,1783.0,360.0,4191.0,1397.0,494.0,50.0,1939.0,2021,1145.0,0.4617036506800286,0.05363237445148708,0.48938200906704843,0.5024561403508772,0.30105263157894735,0.8035087719298246,0.17964912280701753,0.7204744713769985,0.25477050025786485,0.025786487880350695,False,False,False,False,False,False,False,False
POA4711,4711,1787.0,44.0,2276.0,3.0,238.0,247.0,51.0,4.0,542.0,943.0,29.0,971.0,403.0,82.0,1459.0,518.0,55.0,4.0,579.0,2021,485.0,0.6463331048663468,0.029866117404737384,0.6655243317340644,0.43911439114391143,0.45571955719557194,0.8948339483394834,0.0940959409594096,0.8946459412780656,0.09499136442141623,0.0069084628670120895,False,False,False,False,False,False,False,False
POA4712,4712,262.0,45.0,1300.0,2.4,26.0,26.0,11.0,5.0,68.0,122.0,6.0,124.0,60.0,16.0,202.0,68.0,36.0,0.0,103.0,2021,52.0,0.6039603960396039,0.04838709677419355,0.6138613861386139,0.38235294117647056,0.38235294117647056,0.7647058823529411,0.16176470588235295,0.6601941747572816,0.34951456310679613,0.0,False,False,False,False,False,False,False,False
POA4713,4713,1019.0,23.0,684.0,3.3,25.0,49.0,145.0,12.0,232.0,194.0,53.0,254.0,378.0,29.0,663.0,198.0,69.0,5.0,273.0,2021,74.0,0.29260935143288086,0.20866141732283464,0.38310708898944196,0.10775862068965517,0.21120689655172414,0.31896551724137934,0.625,0.7252747252747253,0.25274725274725274,0.018315018315018316,False,False,False,False,False,False,False,False
POA4714,4714,2945.0,53.0,813.0,2.1,309.0,175.0,158.0,20.0,670.0,754.0,130.0,884.0,1262.0,402.0,2544.0,647.0,472.0,54.0,1168.0,2021,484.0,0.29638364779874216,0.14705882352941177,0.3474842767295597,0.46119402985074626,0.26119402985074625,0.7223880597014926,0.23582089552238805,0.5539383561643836,0.4041095890410959,0.046232876712328765,False,False,False,False,False,False,False,False
POA4715,4715,7068.0,36.0,1908.0,2.5,697.0,797.0,232.0,28.0,1749.0,3455.0,95.0,3552.0,1255.0,748.0,5554.0,1729.0,610.0,79.0,2421.0,2021,1494.0,0.6220741807706158,0.026745495495495496,0.6395390709398632,0.3985134362492853,0.4556889651229274,0.8542024013722127,0.13264722698684964,0.7141676992978109,0.25196199917389506,0.032631144155307726,False,False,False,False,False,False,False,False
POA4716,4716,825.0,43.0,1668.0,2.5,112.0,99.0,15.0,5.0,231.0,440.0,22.0,456.0,161.0,39.0,660.0,229.0,75.0,8.0,312.0,2021,211.0,0.6666666666666666,0.04824561403508772,0.6909090909090909,0.48484848484848486,0.42857142857142855,0.9134199134199135,0.06493506493506493,0.7339743589743589,0.2403846153846154,0.02564102564102564,False,False,False,False,False,False,False,False
POA4717,4717,4702.0,31.0,2358.0,2.6,378.0,495.0,180.0,19.0,1070.0,2303.0,120.0,2420.0,538.0,647.0,3607.0,1058.0,386.0,48.0,1492.0,2021,873.0,0.6384807319101746,0.049586776859504134,0.6709176601053507,0.3532710280373832,0.46261682242990654,0.8158878504672897,0.16822429906542055,0.7091152815013405,0.2587131367292225,0.032171581769437,False,False,False,False,False,False,False,False
POA4718,4718,2582.0,35.0,1797.0,2.5,225.0,266.0,81.0,6.0,580.0,1131.0,34.0,1165.0,429.0,371.0,1968.0,575.0,241.0,19.0,838.0,2021,491.0,0.5746951219512195,0.029184549356223177,0.5919715447154471,0.3879310344827586,0.4586206896551724,0.846551724137931,0.1396551724137931,0.6861575178997613,0.28758949880668255,0.022673031026252982,False,False,False,False,False,False,False,False
POA4719,4719,1084.0,41.0,1375.0,2.3,120.0,102.0,29.0,0.0,254.0,536.0,17.0,551.0,212.0,110.0,877.0,257.0,134.0,7.0,397.0,2021,222.0,0.6111744583808438,0.030852994555353903,0.6282782212086659,0.47244094488188976,0.4015748031496063,0.8740157480314961,0.1141732283464567,0.6473551637279596,0.33753148614609574,0.017632241813602016,False,False,False,False,False,False,False,False
POA4720,4720,15031.0,32.0,2203.0,2.7,1315.0,1882.0,515.0,45.0,3749.0,8035.0,261.0,8295.0,1843.0,1100.0,11239.0,3676.0,1141.0,169.0,4981.0,2021,3197.0,0.714921256339532,0.03146473779385172,0.7380549870984963,0.3507602027207255,0.5020005334755935,0.852760736196319,0.13736996532408643,0.7380044167837784,0.22907046777755471,0.03392892993374824,False,False,False,False,False,False,False,False
POA4721,4721,3962.0,36.0,1882.0,2.5,380.0,417.0,92.0,10.0,901.0,2045.0,45.0,2084.0,592.0,430.0,3110.0,883.0,363.0,35.0,1288.0,2021,797.0,0.657556270096463,0.021593090211132437,0.670096463022508,0.42175360710321863,0.462819089900111,0.8845726970033296,0.10210876803551609,0.6855590062111802,0.28183229813664595,0.02717391304347826,False,False,False,False,False,False,False,False
POA4722,4722,1640.0,39.0,1838.0,2.6,183.0,167.0,34.0,6.0,393.0,830.0,10.0,839.0,268.0,196.0,1306.0,386.0,136.0,3.0,528.0,2021,350.0,0.6355283307810107,0.011918951132300357,0.6424196018376723,0.46564885496183206,0.42493638676844786,0.8905852417302799,0.08651399491094147,0.7310606060606061,0.25757575757575757,0.005681818181818182,False,False,False,False,False,False,False,False
POA4723,4723,1596.0,35.0,1925.0,2.6,160.0,170.0,45.0,3.0,369.0,750.0,8.0,758.0,236.0,208.0,1203.0,369.0,122.0,12.0,502.0,2021,330.0,0.6234413965087282,0.010554089709762533,0.6300914380714879,0.43360433604336046,0.46070460704607047,0.8943089430894309,0.12195121951219512,0.7350597609561753,0.24302788844621515,0.02390438247011952,False,False,False,False,False,False,False,False
POA4724,4724,559.0,44.0,1547.0,2.5,65.0,62.0,16.0,3.0,144.0,330.0,10.0,341.0,84.0,47.0,473.0,137.0,60.0,3.0,200.0,2021,127.0,0.6976744186046512,0.02932551319648094,0.7209302325581395,0.4513888888888889,0.4305555555555556,0.8819444444444444,0.1111111111111111,0.685,0.3,0.015,False,False,False,False,False,False,False,False
POA4725,4725,1540.0,43.0,1487.0,2.2,179.0,132.0,55.0,9.0,374.0,754.0,16.0,766.0,331.0,150.0,1244.0,370.0,198.0,15.0,581.0,2021,311.0,0.6061093247588425,0.020887728459530026,0.6157556270096463,0.4786096256684492,0.35294117647058826,0.8315508021390374,0.14705882352941177,0.6368330464716007,0.3407917383820998,0.025817555938037865,False,False,False,False,False,False,False,False
POA4726,4726,372.0,41.0,1320.0,2.3,39.0,37.0,18.0,0.0,89.0,181.0,5.0,183.0,91.0,17.0,291.0,89.0,55.0,7.0,145.0,2021,76.0,0.6219931271477663,0.0273224043715847,0.6288659793814433,0.43820224719101125,0.4157303370786517,0.8539325842696629,0.20224719101123595,0.6137931034482759,0.3793103448275862,0.04827586206896552,False,False,False,False,False,False,False,False
POA4727,4727,310.0,43.0,1325.0,2.2,31.0,27.0,12.0,0.0,70.0,157.0,6.0,163.0,34.0,50.0,248.0,72.0,33.0,5.0,107.0,2021,58.0,0.6330645161290323,0.03680981595092025,0.657258064516129,0.44285714285714284,0.38571428571428573,0.8285714285714286,0.17142857142857143,0.6728971962616822,0.308411214953271,0.04672897196261682,False,False,False,False,False,False,False,False
POA4728,4728,229.0,38.0,1292.0,2.5,17.0,26.0,3.0,0.0,57.0,93.0,0.0,99.0,52.0,21.0,165.0,53.0,24.0,0.0,78.0,2021,43.0,0.5636363636363636,0.0,0.6,0.2982456140350877,0.45614035087719296,0.7543859649122807,0.05263157894736842,0.6794871794871795,0.3076923076923077,0.0,False,False,False,False,False,False,False,False
POA4730,4730,3177.0,39.0,1623.0,2.3,322.0,287.0,121.0,18.0,743.0,1678.0,31.0,1702.0,557.0,314.0,2574.0,732.0,390.0,41.0,1165.0,2021,609.0,0.6519036519036518,0.018213866039952998,0.6612276612276612,0.43337819650067294,0.38627187079407804,0.819650067294751,0.16285329744279947,0.6283261802575107,0.33476394849785407,0.0351931330472103,False,False,False,False,False,False,False,False
POA4731,4731,218.0,54.0,1036.0,2.2,42.0,18.0,6.0,0.0,64.0,104.0,4.0,114.0,57.0,13.0,186.0,59.0,28.0,7.0,88.0,2021,60.0,0.5591397849462365,0.03508771929824561,0.6129032258064516,0.65625,0.28125,0.9375,0.09375,0.6704545454545454,0.3181818181818182,0.07954545454545454,False,False,False,False,False,False,False,False
POA4732,4732,158.0,45.0,1042.0,2.4,17.0,20.0,3.0,0.0,36.0,71.0,3.0,79.0,25.0,22.0,127.0,30.0,24.0,0.0,54.0,2021,37.0,0.5590551181102362,0.0379746835443038,0.6220472440944882,0.4722222222222222,0.5555555555555556,,0.08333333333333333,0.5555555555555556,0.4444444444444444,0.0,False,False,False,False,False,False,True,True
POA4733,4733,158.0,39.0,1812.0,3.1,18.0,19.0,0.0,0.0,38.0,95.0,0.0,95.0,17.0,19.0,133.0,35.0,6.0,0.0,41.0,2021,37.0,0.7142857142857143,0.0,0.7142857142857143,0.47368421052631576,0.5,0.9736842105263158,0.0,0.8536585365853658,0.14634146341463414,0.0,False,False,False,False,False,False,False,False
POA4735,4735,960.0,47.0,1276.0,2.0,115.0,69.0,27.0,0.0,216.0,463.0,5.0,470.0,195.0,135.0,799.0,216.0,161.0,12.0,390.0,2021,184.0,0.5794743429286608,0.010638297872340425,0.5882352941176471,0.5324074074074074,0.3194444444444444,0.8518518518518519,0.125,0.5538461538461539,0.4128205128205128,0.03076923076923077,False,False,False,False,False,False,False,False
POA4736,4736,131.0,39.0,1437.0,2.2,14.0,9.0,3.0,0.0,29.0,76.0,0.0,73.0,18.0,15.0,108.0,28.0,22.0,0.0,50.0,2021,23.0,0.7037037037037037,0.0,0.6759259259259259,0.4827586206896552,0.3103448275862069,0.7931034482758621,0.10344827586206896,0.56,0.44,0.0,False,False,True,False,False,False,False,False
POA4737,4737,8325.0,41.0,1650.0,2.6,1003.0,887.0,307.0,34.0,2237.0,3633.0,183.0,3821.0,2166.0,727.0,6713.0,2172.0,641.0,75.0,2887.0,2021,1890.0,0.5411887382690302,0.04789322166971997,0.5691941009980634,0.4483683504693786,0.3965131873044256,0.8448815377738041,0.13723737147966025,0.7523380671977832,0.22202978870800139,0.025978524419812955,False,False,False,False,False,False,False,False
POA4738,4738,1155.0,48.0,1510.0,2.5,175.0,114.0,26.0,0.0,318.0,522.0,13.0,536.0,315.0,99.0,950.0,304.0,91.0,7.0,396.0,2021,289.0,0.5494736842105263,0.024253731343283583,0.5642105263157895,0.550314465408805,0.3584905660377358,0.9088050314465409,0.08176100628930817,0.7676767676767676,0.2297979797979798,0.017676767676767676,False,False,False,False,False,False,False,False
POA4739,4739,340.0,54.0,966.0,2.1,52.0,24.0,12.0,0.0,84.0,159.0,3.0,164.0,90.0,35.0,296.0,86.0,50.0,0.0,135.0,2021,76.0,0.5371621621621622,0.018292682926829267,0.5540540540540541,0.6190476190476191,0.2857142857142857,0.9047619047619048,0.14285714285714285,0.6370370370370371,0.37037037037037035,0.0,False,False,False,False,False,False,False,False
POA4740,4740,85500.0,38.0,1839.0,2.5,9015.0,9349.0,3668.0,353.0,22388.0,42031.0,1807.0,43835.0,18427.0,6349.0,68614.0,21878.0,7944.0,1046.0,30868.0,2021,18364.0,0.6125717783542717,0.041222767195163684,0.6388637887311628,0.4026710737895301,0.41758978023941395,0.8202608540289441,0.16383777023405396,0.7087598807826876,0.25735389400025915,0.033886225217053256,False,False,False,False,False,False,False,False
POA4741,4741,7346.0,44.0,1768.0,2.6,886.0,781.0,179.0,17.0,1863.0,3297.0,107.0,3402.0,1610.0,1118.0,6133.0,1811.0,469.0,44.0,2324.0,2021,1667.0,0.537583564324148,0.031452087007642564,0.554704060003261,0.475577026301664,0.4192163177670424,0.8947933440687064,0.09608158883521202,0.7792598967297762,0.20180722891566266,0.0189328743545611,False,False,False,False,False,False,False,False
POA4742,4742,1192.0,37.0,1955.0,2.5,85.0,92.0,23.0,6.0,203.0,498.0,16.0,514.0,131.0,351.0,989.0,194.0,83.0,14.0,283.0,2021,177.0,0.5035389282103134,0.0311284046692607,0.5197168857431749,0.4187192118226601,0.45320197044334976,0.8719211822660099,0.11330049261083744,0.6855123674911661,0.29328621908127206,0.04946996466431095,False,False,False,False,False,False,False,False
POA4743,4743,556.0,35.0,2394.0,2.4,40.0,45.0,18.0,0.0,105.0,305.0,9.0,313.0,28.0,112.0,450.0,106.0,55.0,3.0,163.0,2021,85.0,0.6777777777777778,0.02875399361022364,0.6955555555555556,0.38095238095238093,0.42857142857142855,0.8095238095238095,0.17142857142857143,0.6503067484662577,0.3374233128834356,0.018404907975460124,False,False,False,False,False,False,False,False
POA4744,4744,9425.0,31.0,3079.0,2.8,605.0,1124.0,264.0,21.0,2016.0,4731.0,113.0,4846.0,703.0,1571.0,7120.0,1989.0,568.0,82.0,2634.0,2021,1729.0,0.6644662921348314,0.02331820057779612,0.6806179775280898,0.30009920634920634,0.5575396825396826,0.8576388888888888,0.13095238095238096,0.755125284738041,0.21564160971905846,0.031131359149582385,False,False,False,False,False,False,False,False
POA4745,4745,2918.0,32.0,2444.0,2.5,225.0,281.0,96.0,7.0,609.0,1405.0,32.0,1439.0,293.0,555.0,2284.0,611.0,231.0,28.0,864.0,2021,506.0,0.6151488616462347,0.022237665045170257,0.6300350262697023,0.3694581280788177,0.4614121510673235,0.8308702791461412,0.15763546798029557,0.7071759259259259,0.2673611111111111,0.032407407407407406,False,False,False,False,False,False,False,False
POA4746,4746,1989.0,32.0,2660.0,2.7,119.0,187.0,29.0,0.0,336.0,854.0,17.0,870.0,134.0,602.0,1599.0,331.0,126.0,15.0,467.0,2021,306.0,0.5340838023764853,0.01954022988505747,0.5440900562851783,0.3541666666666667,0.5565476190476191,0.9107142857142857,0.08630952380952381,0.708779443254818,0.2698072805139186,0.032119914346895075,False,False,False,False,False,False,False,False
POA4750,4750,6025.0,36.0,2077.0,2.8,604.0,760.0,270.0,19.0,1658.0,3044.0,125.0,3164.0,1071.0,417.0,4648.0,1619.0,378.0,42.0,2040.0,2021,1364.0,0.6549053356282272,0.039506953223767384,0.6807228915662651,0.36429433051869725,0.4583835946924005,0.8226779252110977,0.16284680337756333,0.7936274509803921,0.18529411764705883,0.020588235294117647,False,False,False,False,False,False,False,False
POA4751,4751,4681.0,37.0,2156.0,2.7,561.0,585.0,150.0,5.0,1296.0,2395.0,57.0,2454.0,855.0,360.0,3663.0,1259.0,269.0,49.0,1572.0,2021,1146.0,0.6538356538356538,0.023227383863080684,0.6699426699426699,0.43287037037037035,0.4513888888888889,0.8842592592592593,0.11574074074074074,0.8008905852417303,0.17111959287531806,0.031170483460559797,False,False,False,False,False,False,False,False
POA4753,4753,4627.0,33.0,2367.0,3.0,450.0,682.0,126.0,8.0,1277.0,2311.0,72.0,2385.0,715.0,318.0,3423.0,1249.0,172.0,24.0,1446.0,2021,1132.0,0.675138767163307,0.03018867924528302,0.6967572304995618,0.3523884103367267,0.5340642129992169,0.8864526233359437,0.09866875489428348,0.863762102351314,0.11894882434301521,0.016597510373443983,False,False,False,False,False,False,False,False
POA4754,4754,2505.0,36.0,1968.0,2.9,241.0,274.0,92.0,7.0,620.0,1079.0,41.0,1120.0,494.0,298.0,1911.0,602.0,113.0,19.0,735.0,2021,515.0,0.564625850340136,0.03660714285714286,0.5860805860805861,0.38870967741935486,0.44193548387096776,0.8306451612903226,0.14838709677419354,0.819047619047619,0.15374149659863945,0.02585034013605442,False,False,False,False,False,False,False,False
POA4756,4756,655.0,48.0,1205.0,2.3,66.0,58.0,25.0,0.0,151.0,259.0,9.0,268.0,168.0,102.0,541.0,152.0,77.0,12.0,234.0,2021,124.0,0.4787430683918669,0.033582089552238806,0.4953789279112754,0.4370860927152318,0.3841059602649007,0.8211920529801324,0.16556291390728478,0.6495726495726496,0.32905982905982906,0.05128205128205128,False,False,False,False,False,False,False,False
POA4757,4757,362.0,48.0,1013.0,2.5,44.0,27.0,13.0,0.0,87.0,120.0,8.0,128.0,105.0,48.0,285.0,83.0,25.0,3.0,121.0,2021,71.0,0.42105263157894735,0.0625,0.44912280701754387,0.5057471264367817,0.3103448275862069,0.8160919540229885,0.14942528735632185,0.6859504132231405,0.2066115702479339,0.024793388429752067,False,False,False,False,False,False,False,False
POA4798,4798,691.0,47.0,1328.0,2.4,77.0,62.0,26.0,0.0,161.0,266.0,11.0,280.0,184.0,93.0,553.0,157.0,62.0,8.0,231.0,2021,139.0,0.4810126582278481,0.039285714285714285,0.5063291139240507,0.4782608695652174,0.38509316770186336,0.8633540372670807,0.16149068322981366,0.6796536796536796,0.2683982683982684,0.03463203463203463,False,False,False,False,False,False,False,False
POA4799,4799,971.0,52.0,1105.0,2.4,157.0,83.0,24.0,0.0,270.0,392.0,21.0,409.0,333.0,94.0,835.0,255.0,97.0,8.0,360.0,2021,240.0,0.4694610778443114,0.05134474327628362,0.48982035928143713,0.5814814814814815,0.3074074074074074,0.8888888888888888,0.08888888888888889,0.7083333333333334,0.26944444444444443,0.022222222222222223,False,False,False,False,False,False,False,False
POA4800,4800,10081.0,44.0,1489.0,2.5,1209.0,1087.0,358.0,25.0,2679.0,4730.0,181.0,4905.0,2484.0,771.0,8166.0,2599.0,862.0,91.0,3559.0,2021,2296.0,0.5792309576291942,0.03690112130479103,0.600661278471712,0.45128779395296753,0.4057484135871594,0.8570362075401269,0.13363195222097798,0.7302613093565609,0.2422028659735881,0.025568980050576003,False,False,False,False,False,False,False,False
POA4802,4802,13393.0,36.0,1622.0,2.3,1321.0,991.0,447.0,34.0,2790.0,7364.0,326.0,7691.0,2126.0,1574.0,11389.0,2752.0,1174.0,290.0,4214.0,2021,2312.0,0.6465888137676705,0.04238720582499025,0.6753007287733778,0.47347670250896057,0.35519713261648744,0.828673835125448,0.16021505376344086,0.6530612244897959,0.2785951589938301,0.06881822496440437,False,False,False,False,False,False,False,False
POA4804,4804,2125.0,43.0,1242.0,2.3,218.0,164.0,76.0,3.0,466.0,813.0,62.0,878.0,512.0,377.0,1763.0,460.0,240.0,14.0,709.0,2021,382.0,0.46114577424844017,0.07061503416856492,0.49801474758933634,0.4678111587982833,0.351931330472103,0.8197424892703863,0.1630901287553648,0.6488011283497884,0.3385049365303244,0.019746121297602257,False,False,False,False,False,False,False,False
POA4805,4805,11646.0,42.0,1344.0,2.4,1352.0,1034.0,413.0,48.0,2851.0,5089.0,255.0,5339.0,3120.0,1080.0,9532.0,2784.0,1229.0,183.0,4184.0,2021,2386.0,0.5338858581619806,0.047761753137291627,0.5601133025597985,0.47421957207997195,0.3626797614871975,0.8368993335671694,0.14486145212206245,0.6653919694072657,0.2937380497131931,0.04373804971319312,False,False,False,False,False,False,False,False
POA4806,4806,3771.0,49.0,1271.0,2.4,530.0,361.0,152.0,8.0,1048.0,1648.0,66.0,1710.0,1172.0,279.0,3168.0,1026.0,384.0,28.0,1431.0,2021,891.0,0.5202020202020202,0.03859649122807018,0.5397727272727273,0.5057251908396947,0.34446564885496184,0.8501908396946565,0.1450381679389313,0.7169811320754716,0.26834381551362685,0.019566736547868623,False,False,False,False,False,False,False,False
POA4807,4807,10785.0,44.0,1353.0,2.3,1329.0,1012.0,419.0,47.0,2805.0,5081.0,173.0,5259.0,2859.0,887.0,9001.0,2766.0,1296.0,109.0,4171.0,2021,2341.0,0.5644928341295412,0.032895987830386005,0.5842684146205978,0.4737967914438503,0.3607843137254902,0.8345811051693405,0.14937611408199644,0.6631503236633901,0.3107168544713498,0.026132821865260128,False,False,False,False,False,False,False,False
POA4808,4808,1110.0,46.0,1496.0,2.5,132.0,136.0,31.0,3.0,305.0,543.0,16.0,565.0,263.0,76.0,900.0,298.0,103.0,7.0,411.0,2021,268.0,0.6033333333333334,0.02831858407079646,0.6277777777777778,0.43278688524590164,0.4459016393442623,0.8786885245901639,0.10163934426229508,0.7250608272506083,0.25060827250608275,0.0170316301703163,False,False,False,False,False,False,False,False
POA4809,4809,985.0,47.0,1303.0,2.4,121.0,96.0,22.0,0.0,242.0,443.0,18.0,459.0,281.0,70.0,815.0,239.0,114.0,14.0,363.0,2021,217.0,0.5435582822085889,0.0392156862745098,0.5631901840490797,0.5,0.39669421487603307,0.8966942148760331,0.09090909090909091,0.6584022038567493,0.3140495867768595,0.03856749311294766,False,False,False,False,False,False,False,False
POA4810,4810,21697.0,40.0,1610.0,2.0,2523.0,1601.0,841.0,109.0,5064.0,11439.0,538.0,11976.0,5104.0,1734.0,18814.0,5017.0,3855.0,545.0,9421.0,2021,4124.0,0.6080046773679175,0.04492317969271877,0.6365472520463484,0.4982227488151659,0.3161532385466035,0.8143759873617693,0.1660742496050553,0.5325337013055939,0.40919223012419065,0.05784948519265471,False,False,False,False,False,False,False,False
POA4811,4811,13688.0,36.0,1807.0,2.4,1389.0,1315.0,585.0,61.0,3359.0,6639.0,318.0,6959.0,3814.0,716.0,11491.0,3267.0,1240.0,255.0,4769.0,2021,2704.0,0.5777565050909408,0.04569622072136801,0.6056043860412497,0.4135159273593331,0.3914855611789223,0.8050014885382555,0.17415897588568027,0.6850492765778989,0.2600125812539316,0.053470329209477876,False,False,False,False,False,False,False,False
POA4812,4812,19110.0,39.0,1352.0,2.2,1841.0,1619.0,1098.0,124.0,4676.0,9127.0,569.0,9691.0,4884.0,1272.0,15847.0,4598.0,2998.0,344.0,7932.0,2021,3460.0,0.575944973812078,0.05871427097306779,0.6115353063671357,0.3937125748502994,0.3462360992301112,0.7399486740804107,0.23481608212147134,0.5796772566817953,0.37796268280383255,0.04336863338376198,False,False,False,False,False,False,False,False
POA4814,4814,46193.0,34.0,1717.0,2.6,4266.0,4625.0,2209.0,277.0,11375.0,22340.0,1339.0,23685.0,10766.0,3377.0,37822.0,11091.0,3847.0,881.0,15821.0,2021,8891.0,0.5906615197504098,0.056533671099852224,0.6262228332716409,0.375032967032967,0.4065934065934066,0.7816263736263737,0.1941978021978022,0.7010302762151571,0.24315782820302131,0.05568548132229315,False,False,False,False,False,False,False,False
POA4815,4815,21397.0,35.0,1486.0,2.7,2076.0,2147.0,1347.0,83.0,5656.0,9099.0,664.0,9765.0,5454.0,1407.0,16624.0,5464.0,1629.0,252.0,7345.0,2021,4223.0,0.5473411934552455,0.06799795186891962,0.5874037536092397,0.36704384724186706,0.3795968882602546,0.7466407355021216,0.23815417256011315,0.7439074200136147,0.22178352620830497,0.03430905377808033,False,False,False,False,False,False,False,False
POA4816,4816,9284.0,44.0,1300.0,2.6,1146.0,813.0,394.0,56.0,2423.0,3451.0,224.0,3671.0,3039.0,811.0,7524.0,2283.0,779.0,100.0,3161.0,2021,1959.0,0.4586656034024455,0.06101879596840098,0.48790536948431684,0.4729673957903425,0.33553446141147336,0.8085018572018159,0.16260833677259595,0.7222397975324264,0.2464409996836444,0.03163555836760519,False,False,False,False,False,False,False,False
POA4817,4817,30785.0,36.0,1866.0,2.7,3338.0,3604.0,1589.0,121.0,8646.0,15529.0,745.0,16277.0,6808.0,1344.0,24425.0,8391.0,2091.0,335.0,10817.0,2021,6942.0,0.635783009211873,0.04577010505621429,0.6664073694984647,0.38607448531112654,0.4168401572981726,0.8029146426092991,0.18378440897524867,0.775723398354442,0.19330683183877231,0.030969769806785615,False,False,False,False,False,False,False,False
POA4818,4818,32004.0,32.0,2074.0,2.8,3159.0,4213.0,1380.0,89.0,8838.0,16405.0,685.0,17080.0,5323.0,1576.0,23982.0,8622.0,1714.0,372.0,10702.0,2021,7372.0,0.6840547076974397,0.04010538641686183,0.7122008172796264,0.3574338085539715,0.47669155917628425,0.8341253677302557,0.1561439239646979,0.8056438048962811,0.16015698000373763,0.03475985797047281,False,False,False,False,False,False,False,False
POA4819,4819,2475.0,58.0,1001.0,1.9,400.0,131.0,85.0,14.0,631.0,996.0,61.0,1057.0,963.0,221.0,2245.0,627.0,385.0,51.0,1064.0,2021,531.0,0.443652561247216,0.05771050141911069,0.4708240534521158,0.6339144215530903,0.2076069730586371,0.8415213946117274,0.1347068145800317,0.5892857142857143,0.3618421052631579,0.047932330827067667,False,False,False,False,False,False,False,False
POA4820,4820,10732.0,41.0,1341.0,2.4,1130.0,869.0,509.0,46.0,2554.0,4342.0,240.0,4575.0,2831.0,1154.0,8562.0,2492.0,1101.0,106.0,3703.0,2021,1999.0,0.5071245036206494,0.05245901639344262,0.5343377715487035,0.442443226311668,0.34025058731401725,0.7826938136256852,0.19929522317932655,0.6729678638941399,0.2973264920334864,0.02862543883337834,False,False,False,False,False,False,False,False
POA4821,4821,1451.0,41.0,1352.0,2.3,156.0,124.0,44.0,0.0,327.0,699.0,18.0,718.0,288.0,165.0,1175.0,322.0,177.0,19.0,520.0,2021,280.0,0.5948936170212766,0.025069637883008356,0.6110638297872341,0.47706422018348627,0.37920489296636084,0.8562691131498471,0.1345565749235474,0.6192307692307693,0.3403846153846154,0.03653846153846154,False,False,False,False,False,False,False,False
POA4822,4822,779.0,36.0,1770.0,2.6,87.0,75.0,18.0,0.0,181.0,426.0,5.0,428.0,79.0,107.0,619.0,174.0,61.0,4.0,242.0,2021,162.0,0.6882067851373183,0.011682242990654205,0.691437802907916,0.48066298342541436,0.4143646408839779,0.8950276243093923,0.09944751381215469,0.71900826446281,0.25206611570247933,0.01652892561983471,False,False,False,False,False,False,False,False
POA4823,4823,961.0,34.0,1735.0,2.5,69.0,89.0,19.0,0.0,167.0,528.0,4.0,537.0,83.0,181.0,798.0,164.0,94.0,11.0,263.0,2021,158.0,0.6616541353383458,0.0074487895716946,0.6729323308270677,0.41317365269461076,0.5329341317365269,0.9461077844311377,0.11377245508982035,0.623574144486692,0.3574144486692015,0.04182509505703422,False,False,False,False,False,False,False,False
POA4824,4824,3380.0,34.0,1930.0,2.5,252.0,281.0,109.0,22.0,652.0,1712.0,73.0,1784.0,484.0,444.0,2714.0,640.0,315.0,33.0,993.0,2021,533.0,0.6308032424465734,0.04091928251121076,0.6573323507737656,0.38650306748466257,0.43098159509202455,0.8174846625766872,0.16717791411042945,0.6445115810674723,0.31722054380664655,0.03323262839879154,False,False,False,False,False,False,False,False
POA4825,4825,19299.0,31.0,2212.0,2.6,1574.0,2036.0,920.0,84.0,4614.0,9546.0,425.0,9969.0,3189.0,1625.0,14783.0,4449.0,1833.0,251.0,6534.0,2021,3610.0,0.6457417303659609,0.04263215969505467,0.6743556788202665,0.341135674035544,0.4412657130472475,0.7824013870827915,0.19939315127871696,0.6808999081726355,0.2805325987144169,0.038414447505356594,False,False,False,False,False,False,False,False
POA4828,4828,236.0,36.0,1339.0,2.5,18.0,12.0,12.0,0.0,42.0,110.0,5.0,108.0,48.0,30.0,187.0,44.0,21.0,4.0,69.0,2021,30.0,0.5882352941176471,0.046296296296296294,0.5775401069518716,0.42857142857142855,0.2857142857142857,0.7142857142857143,0.2857142857142857,0.6376811594202898,0.30434782608695654,0.057971014492753624,False,False,False,False,False,False,False,False
POA4829,4829,516.0,37.0,1571.0,2.3,50.0,32.0,24.0,0.0,106.0,275.0,18.0,291.0,58.0,71.0,419.0,98.0,64.0,5.0,164.0,2021,82.0,0.6563245823389021,0.061855670103092786,0.6945107398568019,0.4716981132075472,0.3018867924528302,0.7735849056603774,0.22641509433962265,0.5975609756097561,0.3902439024390244,0.03048780487804878,False,False,False,False,False,False,False,False
POA4830,4830,1739.0,26.0,1223.0,3.7,85.0,178.0,90.0,16.0,373.0,397.0,53.0,448.0,689.0,111.0,1248.0,303.0,80.0,11.0,391.0,2021,263.0,0.31810897435897434,0.11830357142857142,0.358974358974359,0.22788203753351208,0.4772117962466488,0.7050938337801609,0.24128686327077747,0.7749360613810742,0.20460358056265984,0.028132992327365727,False,False,False,False,False,False,False,False
POA4849,4849,1368.0,60.0,852.0,1.9,210.0,70.0,54.0,6.0,340.0,423.0,36.0,462.0,635.0,129.0,1227.0,340.0,233.0,29.0,604.0,2021,280.0,0.34474327628361856,0.07792207792207792,0.3765281173594132,0.6176470588235294,0.20588235294117646,0.8235294117647058,0.1588235294117647,0.5629139072847682,0.38576158940397354,0.048013245033112585,False,False,False,False,False,False,False,False
POA4850,4850,10923.0,51.0,1161.0,2.2,1619.0,931.0,412.0,30.0,2995.0,4680.0,206.0,4884.0,3570.0,829.0,9281.0,2952.0,1391.0,94.0,4438.0,2021,2550.0,0.5042560068958086,0.04217854217854218,0.5262363969399849,0.5405676126878131,0.31085141903171953,0.8514190317195326,0.1375626043405676,0.6651644885083371,0.31342947273546645,0.02118071203244705,False,False,False,False,False,False,False,False
POA4852,4852,4055.0,50.0,1244.0,2.2,632.0,306.0,152.0,10.0,1096.0,1775.0,93.0,1869.0,1207.0,347.0,3426.0,1088.0,446.0,69.0,1599.0,2021,938.0,0.518096906012843,0.04975922953451043,0.5455341506129597,0.5766423357664233,0.2791970802919708,0.8558394160583942,0.1386861313868613,0.6804252657911195,0.2789243277048155,0.043151969981238276,False,False,False,False,False,False,False,False
POA4854,4854,5525.0,43.0,1296.0,2.4,677.0,503.0,216.0,24.0,1419.0,2494.0,99.0,2598.0,1468.0,474.0,4542.0,1383.0,538.0,96.0,2012.0,2021,1180.0,0.5490973139586085,0.03810623556581986,0.571994715984148,0.4770965468639887,0.3544749823819591,0.8315715292459479,0.1522198731501057,0.687375745526839,0.2673956262425447,0.04771371769383698,False,False,False,False,False,False,False,False
POA4855,4855,809.0,46.0,1225.0,2.3,100.0,77.0,32.0,0.0,210.0,349.0,23.0,370.0,223.0,79.0,673.0,206.0,85.0,11.0,304.0,2021,177.0,0.5185735512630015,0.062162162162162166,0.549777117384844,0.47619047619047616,0.36666666666666664,0.8428571428571429,0.1523809523809524,0.6776315789473685,0.27960526315789475,0.03618421052631579,False,False,False,False,False,False,False,False
POA4856,4856,718.0,47.0,1171.0,2.4,90.0,65.0,36.0,0.0,191.0,301.0,15.0,312.0,202.0,81.0,601.0,188.0,64.0,13.0,262.0,2021,155.0,0.5008319467554077,0.04807692307692308,0.519134775374376,0.4712041884816754,0.3403141361256545,0.8115183246073299,0.18848167539267016,0.7175572519083969,0.24427480916030533,0.04961832061068702,False,False,False,False,False,False,False,False
POA4858,4858,1515.0,44.0,1419.0,2.5,182.0,163.0,59.0,3.0,412.0,693.0,21.0,715.0,393.0,90.0,1199.0,404.0,140.0,12.0,553.0,2021,345.0,0.5779816513761468,0.02937062937062937,0.5963302752293578,0.441747572815534,0.39563106796116504,0.837378640776699,0.14320388349514562,0.7305605786618445,0.25316455696202533,0.0216998191681736,False,False,False,False,False,False,False,False
POA4859,4859,528.0,46.0,1154.0,2.3,55.0,43.0,20.0,8.0,131.0,208.0,11.0,219.0,148.0,71.0,441.0,126.0,54.0,7.0,181.0,2021,98.0,0.47165532879818595,0.0502283105022831,0.4965986394557823,0.4198473282442748,0.3282442748091603,0.7480916030534351,0.15267175572519084,0.6961325966850829,0.2983425414364641,0.03867403314917127,False,False,False,False,False,False,False,False
POA4860,4860,11316.0,42.0,1175.0,2.4,1240.0,1010.0,533.0,68.0,2849.0,4659.0,334.0,4997.0,3378.0,811.0,9179.0,2762.0,1309.0,142.0,4219.0,2021,2250.0,0.5075716308966118,0.06684010406243747,0.5443948142499183,0.43524043524043526,0.3545103545103545,0.7897507897507897,0.18708318708318708,0.6546575017776725,0.3102630955202655,0.033657264754681206,False,False,False,False,False,False,False,False
POA4861,4861,1541.0,47.0,1131.0,2.3,176.0,141.0,63.0,14.0,397.0,584.0,57.0,641.0,510.0,127.0,1278.0,395.0,183.0,10.0,587.0,2021,317.0,0.4569640062597809,0.08892355694227769,0.5015649452269171,0.4433249370277078,0.35516372795969775,0.7984886649874056,0.15869017632241814,0.6729131175468483,0.31175468483816016,0.017035775127768313,False,False,False,False,False,False,False,False
POA4865,4865,8623.0,38.0,1750.0,2.7,920.0,973.0,398.0,28.0,2316.0,4134.0,206.0,4337.0,1864.0,558.0,6762.0,2251.0,579.0,78.0,2906.0,2021,1893.0,0.611357586512866,0.04749827069402813,0.6413782904466134,0.39723661485319517,0.4201208981001727,0.8173575129533679,0.17184801381692574,0.7746042670337233,0.19924294562973158,0.026841018582243633,False,False,False,False,False,False,False,False
POA4868,4868,22896.0,38.0,1554.0,2.6,2316.0,2348.0,1323.0,118.0,6117.0,10711.0,685.0,11396.0,5304.0,1508.0,18214.0,5904.0,1914.0,302.0,8114.0,2021,4664.0,0.5880641264961018,0.060108810108810105,0.6256725595695619,0.3786169691025012,0.3838482916462318,0.762465260748733,0.21628249141736144,0.7276312546216416,0.23588858762632486,0.03721962040916934,False,False,False,False,False,False,False,False
POA4869,4869,20619.0,32.0,1745.0,2.9,1731.0,2386.0,1147.0,76.0,5344.0,9541.0,609.0,10150.0,4004.0,1338.0,15486.0,5136.0,1205.0,216.0,6560.0,2021,4117.0,0.6161048689138576,0.06,0.6554307116104869,0.3239146706586826,0.44648203592814373,0.7703967065868264,0.21463323353293412,0.7829268292682927,0.1836890243902439,0.032926829268292684,False,False,False,False,False,False,False,False
POA4870,4870,73803.0,39.0,1510.0,2.4,6775.0,6703.0,3678.0,328.0,17482.0,35077.0,2256.0,37334.0,16733.0,6658.0,60723.0,17027.0,8709.0,1432.0,27162.0,2021,13478.0,0.5776559129160285,0.060427492366207744,0.6148246957495512,0.38754147122754834,0.3834229493192999,0.7709644205468482,0.2103878274796934,0.62686841911494,0.320631764965761,0.052720712760474193,False,False,False,False,False,False,False,False
POA4871,4871,10798.0,42.0,1250.0,2.7,1133.0,972.0,505.0,49.0,2655.0,4107.0,412.0,4512.0,3226.0,1026.0,8773.0,2445.0,919.0,91.0,3454.0,2021,2105.0,0.46814088681180893,0.09131205673758866,0.5143052547589194,0.42674199623352166,0.36610169491525424,0.7928436911487758,0.1902071563088512,0.7078749276201506,0.2660683265778807,0.026346265199768383,False,False,False,False,False,False,False,False
POA4872,4872,4248.0,49.0,1253.0,2.4,570.0,376.0,163.0,11.0,1118.0,1770.0,101.0,1869.0,1243.0,450.0,3559.0,1079.0,425.0,42.0,1545.0,2021,946.0,0.49733071087384095,0.05403959336543606,0.5251475133464456,0.5098389982110912,0.3363148479427549,0.8461538461538461,0.14579606440071557,0.6983818770226538,0.2750809061488673,0.027184466019417475,False,False,False,False,False,False,False,False
POA4873,4873,6771.0,47.0,1218.0,2.3,831.0,594.0,286.0,34.0,1741.0,2955.0,130.0,3083.0,1890.0,567.0,5543.0,1711.0,755.0,87.0,2557.0,2021,1425.0,0.5331048168861627,0.042166720726565035,0.5561970052318239,0.47731188971855254,0.3411832280298679,0.8184951177484204,0.16427340608845492,0.6691435275713727,0.295267892061009,0.03402424716464607,False,False,False,False,False,False,False,False
POA4874,4874,5603.0,30.0,2606.0,3.0,394.0,643.0,192.0,28.0,1254.0,2556.0,111.0,2673.0,740.0,751.0,4167.0,1193.0,314.0,52.0,1562.0,2021,1037.0,0.6133909287257019,0.04152637485970819,0.6414686825053996,0.3141945773524721,0.5127591706539075,0.8269537480063796,0.15311004784688995,0.763764404609475,0.20102432778489115,0.03329065300896287,False,False,False,False,False,False,False,False
POA4875,4875,7526.0,28.0,1362.0,3.3,340.0,746.0,577.0,50.0,1709.0,2525.0,199.0,2727.0,2163.0,405.0,5295.0,1462.0,448.0,41.0,1947.0,2021,1086.0,0.4768649669499528,0.07297396406307298,0.515014164305949,0.1989467524868344,0.43651258045640723,0.6354593329432416,0.33762434172030426,0.7508988186954288,0.2300975860297894,0.021058038007190548,False,False,False,False,False,False,False,False
POA4876,4876,2801.0,24.0,1324.0,3.5,106.0,257.0,217.0,19.0,600.0,847.0,136.0,986.0,627.0,225.0,1837.0,538.0,148.0,11.0,688.0,2021,363.0,0.46107784431137727,0.13793103448275862,0.5367446924333152,0.17666666666666667,0.42833333333333334,0.605,0.3616666666666667,0.7819767441860465,0.21511627906976744,0.015988372093023256,False,False,False,False,False,False,False,False
POA4877,4877,5462.0,45.0,1426.0,2.2,762.0,372.0,131.0,11.0,1282.0,2819.0,110.0,2936.0,1252.0,674.0,4864.0,1256.0,572.0,144.0,1973.0,2021,1134.0,0.5795641447368421,0.03746594005449591,0.6036184210526315,0.594383775351014,0.29017160686427457,0.8845553822152886,0.10218408736349453,0.6365940192600101,0.2899138367967562,0.07298530157121136,False,False,False,False,False,False,False,False
POA4878,4878,15044.0,41.0,1555.0,2.4,1660.0,1438.0,769.0,56.0,3927.0,7496.0,435.0,7926.0,3696.0,844.0,12466.0,3850.0,1631.0,301.0,5791.0,2021,3098.0,0.6013155783731751,0.05488266464799394,0.6358094015722766,0.42271454036159917,0.36618283677107205,0.7888973771326713,0.1958237840590782,0.6648247280262476,0.28164393023657397,0.05197720600932482,False,False,False,False,False,False,False,False
POA4879,4879,21919.0,44.0,1701.0,2.4,2930.0,2271.0,957.0,72.0,6238.0,10939.0,552.0,11496.0,5344.0,1199.0,18039.0,6137.0,1875.0,310.0,8324.0,2021,5201.0,0.6064083374909918,0.04801670146137787,0.6372858805920506,0.46970182750881695,0.3640589932670728,0.8337608207758898,0.15341455594741904,0.7372657376261412,0.22525228255646323,0.03724171071600192,False,False,False,False,False,False,False,False
POA4880,4880,14331.0,40.0,1304.0,2.5,1510.0,1208.0,632.0,57.0,3406.0,5653.0,331.0,5986.0,4820.0,1115.0,11933.0,3316.0,1243.0,174.0,4733.0,2021,2718.0,0.47372831643341995,0.055295689943200804,0.5016341238582084,0.44333529066353494,0.35466823253082796,0.7980035231943629,0.18555490311215503,0.7006127192055779,0.2626241284597507,0.03676315233467146,False,False,False,False,False,False,False,False
POA4881,4881,4826.0,47.0,1352.0,2.5,619.0,436.0,199.0,16.0,1276.0,1952.0,146.0,2098.0,1413.0,470.0,3979.0,1215.0,443.0,75.0,1735.0,2021,1055.0,0.49057552148781103,0.06959008579599618,0.5272681578286001,0.48510971786833856,0.34169278996865204,0.8268025078369906,0.15595611285266459,0.7002881844380403,0.2553314121037464,0.043227665706051875,False,False,False,False,False,False,False,False
POA4882,4882,3177.0,44.0,1479.0,2.5,446.0,324.0,95.0,10.0,869.0,1468.0,35.0,1502.0,854.0,254.0,2608.0,852.0,259.0,32.0,1144.0,2021,770.0,0.5628834355828221,0.02330226364846871,0.575920245398773,0.5132336018411968,0.37284234752589185,0.8860759493670886,0.1093210586881473,0.7447552447552448,0.2263986013986014,0.027972027972027972,False,False,False,False,False,False,False,False
POA4883,4883,8949.0,46.0,1153.0,2.3,1066.0,724.0,456.0,45.0,2289.0,3658.0,190.0,3844.0,2847.0,716.0,7407.0,2249.0,1137.0,121.0,3500.0,2021,1790.0,0.4938571621439179,0.049427679500520294,0.5189685432698798,0.4657055482743556,0.3162953254696374,0.782000873743993,0.19921363040629095,0.6425714285714286,0.32485714285714284,0.03457142857142857,False,False,False,False,False,False,False,False
POA4884,4884,1901.0,53.0,1332.0,2.3,309.0,160.0,77.0,0.0,547.0,845.0,31.0,876.0,629.0,101.0,1613.0,542.0,192.0,23.0,759.0,2021,469.0,0.5238685678859268,0.03538812785388128,0.5430874147551147,0.5648994515539305,0.29250457038391225,0.8574040219378428,0.14076782449725778,0.7140974967061924,0.25296442687747034,0.030303030303030304,False,False,False,False,False,False,False,False
POA4885,4885,4021.0,51.0,1269.0,2.4,554.0,380.0,161.0,10.0,1099.0,1666.0,69.0,1738.0,1240.0,318.0,3285.0,1071.0,390.0,31.0,1492.0,2021,934.0,0.5071537290715373,0.039700805523590336,0.5290715372907153,0.5040946314831665,0.34576888080072793,0.8498635122838945,0.1464968152866242,0.717828418230563,0.2613941018766756,0.020777479892761394,False,False,False,False,False,False,False,False
POA4886,4886,965.0,51.0,1039.0,2.2,125.0,79.0,31.0,0.0,235.0,379.0,21.0,400.0,281.0,121.0,801.0,229.0,116.0,17.0,366.0,2021,204.0,0.4731585518102372,0.0525,0.4993757802746567,0.5319148936170213,0.33617021276595743,0.8680851063829788,0.13191489361702127,0.6256830601092896,0.31693989071038253,0.04644808743169399,False,False,False,False,False,False,False,False
POA4887,4887,2127.0,50.0,955.0,2.2,252.0,143.0,85.0,12.0,492.0,698.0,49.0,747.0,771.0,221.0,1740.0,480.0,268.0,27.0,776.0,2021,395.0,0.4011494252873563,0.06559571619812583,0.42931034482758623,0.5121951219512195,0.29065040650406504,0.8028455284552846,0.17276422764227642,0.6185567010309279,0.34536082474226804,0.03479381443298969,False,False,False,False,False,False,False,False
POA4888,4888,2752.0,52.0,859.0,2.2,380.0,178.0,148.0,15.0,718.0,904.0,116.0,1020.0,1037.0,281.0,2336.0,693.0,345.0,43.0,1078.0,2021,558.0,0.386986301369863,0.11372549019607843,0.4366438356164384,0.5292479108635098,0.2479108635097493,0.7771587743732591,0.20612813370473537,0.6428571428571429,0.3200371057513915,0.039888682745825604,False,False,False,False,False,False,False,False
POA4890,4890,1437.0,30.0,1698.0,3.0,96.0,113.0,102.0,13.0,324.0,548.0,54.0,600.0,324.0,124.0,1055.0,300.0,95.0,8.0,405.0,2021,209.0,0.5194312796208531,0.09,0.5687203791469194,0.2962962962962963,0.3487654320987654,0.6450617283950617,0.3148148148148148,0.7407407407407407,0.2345679012345679,0.019753086419753086,False,False,False,False,False,False,False,False
POA4891,4891,487.0,55.0,974.0,1.8,79.0,19.0,20.0,0.0,119.0,225.0,12.0,236.0,158.0,48.0,447.0,116.0,108.0,6.0,236.0,2021,98.0,0.5033557046979866,0.05084745762711865,0.5279642058165548,0.6638655462184874,0.15966386554621848,0.8235294117647058,0.16806722689075632,0.4915254237288136,0.4576271186440678,0.025423728813559324,False,False,False,False,False,False,False,False
POA4892,4892,5329.0,30.0,1080.0,3.4,283.0,417.0,389.0,67.0,1155.0,1281.0,379.0,1665.0,1839.0,575.0,4079.0,963.0,272.0,27.0,1262.0,2021,700.0,0.3140475606766364,0.22762762762762762,0.4081882814415298,0.24502164502164503,0.36103896103896105,0.6060606060606061,0.3367965367965368,0.7630744849445324,0.21553090332805072,0.021394611727416798,False,False,False,False,False,False,False,False
POA4895,4895,4594.0,40.0,1028.0,2.4,382.0,371.0,272.0,36.0,1057.0,1505.0,168.0,1674.0,1392.0,552.0,3611.0,1001.0,531.0,47.0,1578.0,2021,753.0,0.4167820548324564,0.1003584229390681,0.4635834948767654,0.36140018921475875,0.3509933774834437,0.7123935666982024,0.25733207190160834,0.6343472750316856,0.3365019011406844,0.029784537389100127,False,False,False,False,False,False,False,False
POA5000,5000,18202.0,31.0,1365.0,1.8,2208.0,576.0,393.0,148.0,3328.0,9124.0,1069.0,10193.0,5792.0,1274.0,17259.0,3317.0,3741.0,1192.0,8254.0,2021,2784.0,0.5286517179442609,0.10487589522221132,0.5905904165942407,0.6634615384615384,0.17307692307692307,0.8365384615384616,0.1180889423076923,0.4018657620547613,0.45323479525078747,0.14441482917373394,False,False,False,False,False,False,False,False
POA5006,5006,6823.0,39.0,1867.0,1.9,907.0,398.0,151.0,45.0,1494.0,3522.0,228.0,3749.0,2153.0,412.0,6316.0,1484.0,1194.0,183.0,2862.0,2021,1305.0,0.5576314122862571,0.06081621765804215,0.5935718809373021,0.607095046854083,0.26639892904953144,0.8734939759036144,0.10107095046854082,0.5185185185185185,0.4171907756813417,0.0639412997903564,False,False,False,False,False,False,False,False
POA5007,5007,8200.0,35.0,1673.0,2.1,965.0,584.0,360.0,80.0,1990.0,4620.0,266.0,4888.0,2068.0,337.0,7296.0,1967.0,1291.0,350.0,3610.0,2021,1549.0,0.6332236842105263,0.0544189852700491,0.6699561403508771,0.4849246231155779,0.29346733668341707,0.778391959798995,0.18090452261306533,0.5448753462603878,0.35761772853185597,0.09695290858725762,False,False,False,False,False,False,False,False
POA5008,5008,14384.0,37.0,1489.0,2.4,1327.0,1573.0,685.0,113.0,3702.0,7192.0,447.0,7642.0,3988.0,495.0,12121.0,3608.0,1724.0,327.0,5657.0,2021,2900.0,0.5933503836317136,0.058492541219576026,0.6304760333305833,0.35845488924905455,0.4249054565099946,0.7833603457590491,0.18503511615343057,0.6377938836839314,0.3047551705851158,0.05780449001237405,False,False,False,False,False,False,False,False
POA5009,5009,5471.0,38.0,1561.0,2.4,539.0,621.0,255.0,28.0,1443.0,2833.0,175.0,3008.0,1453.0,162.0,4623.0,1416.0,620.0,99.0,2138.0,2021,1160.0,0.6128055375297425,0.0581781914893617,0.6506597447544884,0.37352737352737353,0.4303534303534304,0.8038808038808039,0.17671517671517672,0.6623012160898035,0.2899906454630496,0.04630495790458372,False,False,False,False,False,False,False,False
POA5010,5010,6109.0,38.0,1229.0,2.6,439.0,706.0,307.0,57.0,1509.0,2565.0,219.0,2787.0,2075.0,235.0,5100.0,1452.0,623.0,92.0,2168.0,2021,1145.0,0.5029411764705882,0.07857911733046287,0.5464705882352942,0.29092113982770046,0.46785950960901257,0.7587806494367131,0.20344599072233266,0.6697416974169742,0.2873616236162362,0.042435424354243544,False,False,False,False,False,False,False,False
POA5011,5011,13986.0,36.0,1729.0,2.4,1396.0,1649.0,616.0,83.0,3742.0,7695.0,365.0,8061.0,3172.0,417.0,11650.0,3661.0,1550.0,251.0,5462.0,2021,3045.0,0.6605150214592275,0.04527974196749783,0.691931330472103,0.3730625334045965,0.44067343666488507,0.8137359700694815,0.16461785141635488,0.670267301354815,0.28377883559135847,0.045953863053826434,False,False,False,False,False,False,False,False
POA5012,5012,11757.0,35.0,1320.0,2.7,760.0,1415.0,689.0,88.0,2959.0,5149.0,447.0,5591.0,3553.0,489.0,9633.0,2839.0,1064.0,207.0,4114.0,2021,2175.0,0.534516765285996,0.07994991951350384,0.5804007059067788,0.2568435282189929,0.47820209530246705,0.73504562352146,0.23284893545116594,0.6900826446280992,0.25862907146329606,0.05031599416626155,False,False,False,False,False,False,False,False
POA5013,5013,10654.0,39.0,1254.0,2.4,808.0,1120.0,668.0,88.0,2690.0,4763.0,392.0,5157.0,3378.0,439.0,8972.0,2613.0,1326.0,166.0,4109.0,2021,1928.0,0.5308738296923763,0.07601318596082994,0.5747882300490414,0.3003717472118959,0.4163568773234201,0.7167286245353159,0.2483271375464684,0.63592114869798,0.32270625456315405,0.040399123874422,False,False,False,False,False,False,False,False
POA5014,5014,12539.0,41.0,1372.0,2.3,1264.0,1371.0,683.0,80.0,3400.0,6273.0,340.0,6606.0,3712.0,351.0,10668.0,3336.0,1841.0,166.0,5340.0,2021,2635.0,0.5880202474690663,0.05146836209506509,0.6192350956130483,0.37176470588235294,0.4032352941176471,0.775,0.20088235294117648,0.6247191011235955,0.3447565543071161,0.031086142322097377,False,False,False,False,False,False,False,False
POA5015,5015,6006.0,42.0,1430.0,2.1,722.0,493.0,340.0,35.0,1586.0,3184.0,228.0,3408.0,1553.0,225.0,5187.0,1555.0,1100.0,102.0,2760.0,2021,1215.0,0.6138422980528244,0.06690140845070422,0.6570271833429728,0.4552332912988651,0.3108448928121059,0.766078184110971,0.21437578814627994,0.5634057971014492,0.39855072463768115,0.03695652173913044,False,False,False,False,False,False,False,False
POA5016,5016,9306.0,43.0,1655.0,2.3,1019.0,1038.0,456.0,29.0,2541.0,4713.0,233.0,4949.0,2626.0,246.0,7823.0,2504.0,1161.0,101.0,3769.0,2021,2057.0,0.602454301418893,0.047080218225904226,0.632621756359453,0.40102321920503736,0.4085005903187721,0.8095238095238095,0.179456906729634,0.664367206155479,0.30803926771026796,0.026797559034226585,False,False,False,False,False,False,False,False
POA5017,5017,5200.0,40.0,1144.0,2.3,469.0,474.0,433.0,40.0,1418.0,2133.0,186.0,2316.0,1740.0,227.0,4285.0,1389.0,693.0,88.0,2169.0,2021,943.0,0.4977829638273045,0.08031088082901554,0.54049008168028,0.3307475317348378,0.3342736248236953,0.6650211565585331,0.3053596614950635,0.640387275242047,0.31950207468879666,0.04057169202397418,False,False,False,False,False,False,False,False
POA5018,5018,5600.0,51.0,1566.0,2.3,870.0,610.0,232.0,14.0,1731.0,2705.0,128.0,2831.0,1905.0,138.0,4873.0,1696.0,592.0,38.0,2330.0,2021,1480.0,0.5550995280114919,0.04521370540445072,0.5809562897599015,0.5025996533795494,0.35239745811669554,0.8549971114962449,0.1340265742345465,0.7278969957081545,0.25407725321888414,0.01630901287553648,False,False,False,False,False,False,False,False
POA5019,5019,9385.0,48.0,1437.0,2.1,1063.0,883.0,486.0,52.0,2487.0,4478.0,236.0,4708.0,2933.0,451.0,8090.0,2450.0,1410.0,123.0,3978.0,2021,1946.0,0.5535228677379481,0.05012744265080714,0.5819530284301607,0.4274225975070366,0.3550462404503418,0.7824688379573783,0.195416164053076,0.615887380593263,0.35444947209653094,0.03092006033182504,False,False,False,False,False,False,False,False
POA5020,5020,3236.0,48.0,1758.0,2.5,457.0,383.0,135.0,15.0,984.0,1577.0,58.0,1630.0,1017.0,64.0,2711.0,962.0,295.0,19.0,1279.0,2021,840.0,0.5817041682036149,0.03558282208588957,0.6012541497602361,0.4644308943089431,0.38922764227642276,0.8536585365853658,0.13719512195121952,0.7521501172791243,0.23064894448788115,0.014855355746677092,False,False,False,False,False,False,False,False
POA5021,5021,6768.0,54.0,1548.0,2.2,1116.0,667.0,232.0,24.0,2044.0,3074.0,115.0,3194.0,2666.0,153.0,6007.0,1998.0,881.0,61.0,2941.0,2021,1783.0,0.5117363076410854,0.03600500939261114,0.5317130014982521,0.5459882583170255,0.32632093933463796,0.8723091976516634,0.11350293542074363,0.6793607616456987,0.2995579734784087,0.02074124447466848,False,False,False,False,False,False,False,False
POA5022,5022,16343.0,47.0,1871.0,2.3,1986.0,1962.0,559.0,63.0,4564.0,8444.0,314.0,8762.0,4694.0,418.0,13875.0,4504.0,1963.0,164.0,6633.0,2021,3948.0,0.6085765765765766,0.03583656699383703,0.6314954954954954,0.4351446099912358,0.42988606485539,0.8650306748466258,0.12248028045574058,0.6790290969395447,0.2959445198251168,0.024724860545756067,False,False,False,False,False,False,False,False
POA5023,5023,17880.0,39.0,1347.0,2.3,1757.0,1891.0,993.0,121.0,4763.0,8664.0,442.0,9105.0,5384.0,667.0,15158.0,4685.0,2425.0,305.0,7415.0,2021,3648.0,0.5715793640321942,0.048544755628775395,0.6006729119936667,0.36888515641402475,0.3970186857022885,0.7659038421163132,0.2084820491287004,0.6318273769386379,0.3270397842211733,0.041132838840188805,False,False,False,False,False,False,False,False
POA5024,5024,14670.0,45.0,1672.0,2.5,1642.0,1867.0,537.0,61.0,4110.0,7240.0,353.0,7593.0,4358.0,388.0,12347.0,4057.0,1510.0,126.0,5695.0,2021,3509.0,0.5863772576334332,0.04649018833135783,0.6149671985097594,0.3995133819951338,0.45425790754257905,0.8537712895377129,0.13065693430656936,0.7123792800702371,0.26514486391571557,0.02212467076382792,False,False,False,False,False,False,False,False
POA5025,5025,9358.0,41.0,1710.0,2.5,1019.0,1168.0,388.0,51.0,2627.0,4711.0,219.0,4932.0,2638.0,251.0,7827.0,2585.0,854.0,126.0,3561.0,2021,2187.0,0.6018908905072186,0.04440389294403893,0.6301264852433883,0.38789493719071183,0.44461362771221924,0.8325085649029311,0.1476969927674153,0.7259196854816062,0.2398202752035945,0.03538331929233361,False,False,False,False,False,False,False,False
POA5031,5031,10108.0,37.0,1664.0,2.3,1057.0,938.0,452.0,82.0,2525.0,5741.0,267.0,6016.0,2504.0,280.0,8800.0,2499.0,1286.0,424.0,4210.0,2021,1995.0,0.6523863636363636,0.044381648936170214,0.6836363636363636,0.4186138613861386,0.3714851485148515,0.7900990099009901,0.179009900990099,0.5935866983372922,0.30546318289786223,0.1007125890736342,False,False,False,False,False,False,False,False
POA5032,5032,13452.0,40.0,1635.0,2.4,1406.0,1638.0,493.0,77.0,3602.0,7040.0,333.0,7375.0,3685.0,328.0,11394.0,3542.0,1686.0,240.0,5468.0,2021,3044.0,0.6178690538880113,0.045152542372881355,0.6472704932420572,0.3903387007218212,0.45474736257634646,0.8450860632981677,0.13686840644086617,0.6477688368690563,0.3083394294074616,0.043891733723482075,False,False,False,False,False,False,False,False
POA5033,5033,8870.0,37.0,1418.0,2.3,836.0,852.0,405.0,83.0,2174.0,4697.0,255.0,4959.0,2448.0,265.0,7676.0,2137.0,1240.0,286.0,3660.0,2021,1688.0,0.6119072433559145,0.0514216575922565,0.6460396039603961,0.3845446182152714,0.39190432382704693,0.7764489420423183,0.18629254829806807,0.583879781420765,0.33879781420765026,0.07814207650273224,False,False,False,False,False,False,False,False
POA5034,5034,10148.0,41.0,2020.0,2.4,1153.0,1190.0,328.0,48.0,2714.0,5477.0,232.0,5711.0,2638.0,221.0,8563.0,2687.0,1193.0,200.0,4076.0,2021,2343.0,0.6396122854139904,0.04062335843109788,0.6669391568375569,0.42483419307295506,0.4384672070744289,0.863301400147384,0.1208548268238762,0.6592247301275761,0.2926889106967615,0.04906771344455348,False,False,False,False,False,False,False,False
POA5035,5035,6364.0,37.0,1627.0,2.3,702.0,678.0,237.0,42.0,1656.0,3474.0,188.0,3656.0,1593.0,147.0,5399.0,1646.0,896.0,166.0,2712.0,2021,1380.0,0.6434524912020745,0.05142231947483589,0.6771624374884238,0.42391304347826086,0.40942028985507245,0.8333333333333334,0.1431159420289855,0.6069321533923304,0.3303834808259587,0.0612094395280236,False,False,False,False,False,False,False,False
POA5037,5037,11702.0,37.0,1575.0,2.3,1165.0,1240.0,439.0,80.0,2922.0,6195.0,324.0,6520.0,3157.0,367.0,10044.0,2876.0,1512.0,319.0,4711.0,2021,2405.0,0.6167861409796893,0.04969325153374233,0.6491437674233373,0.39869952087611227,0.4243668720054757,0.823066392881588,0.15023956194387406,0.6104860963701975,0.3209509658246657,0.06771386117597113,False,False,False,False,False,False,False,False
POA5038,5038,17401.0,36.0,1553.0,2.3,1945.0,1868.0,659.0,141.0,4610.0,9653.0,542.0,10192.0,4159.0,491.0,14843.0,4521.0,2379.0,473.0,7373.0,2021,3813.0,0.6503402277167688,0.05317896389324961,0.6866536414471468,0.42190889370932755,0.4052060737527115,0.827114967462039,0.14295010845986986,0.6131832361318323,0.32266377322663775,0.0641529906415299,False,False,False,False,False,False,False,False
POA5039,5039,9202.0,37.0,1554.0,2.4,852.0,1071.0,388.0,45.0,2356.0,4725.0,262.0,4988.0,2310.0,284.0,7580.0,2308.0,1251.0,205.0,3762.0,2021,1923.0,0.6233509234828496,0.05252606255012029,0.658047493403694,0.3616298811544992,0.45458404074702885,0.816213921901528,0.16468590831918506,0.6135034556087188,0.33253588516746413,0.0544922913343966,False,False,False,False,False,False,False,False
POA5040,5040,2508.0,45.0,1468.0,2.4,322.0,268.0,75.0,9.0,673.0,1048.0,43.0,1085.0,937.0,85.0,2110.0,668.0,254.0,19.0,937.0,2021,590.0,0.4966824644549763,0.03963133640552995,0.514218009478673,0.4784546805349183,0.39821693907875183,0.8766716196136701,0.11144130757800892,0.7129135538954109,0.2710779082177161,0.020277481323372464,False,False,False,False,False,False,False,False
POA5041,5041,13540.0,42.0,2025.0,2.6,1303.0,1857.0,465.0,60.0,3687.0,7113.0,297.0,7406.0,3484.0,234.0,11130.0,3638.0,1238.0,147.0,5020.0,2021,3160.0,0.6390835579514825,0.040102619497704564,0.6654088050314465,0.3534038513696772,0.5036615134255492,0.8570653647952264,0.12611879576891782,0.7247011952191235,0.24661354581673306,0.029282868525896413,False,False,False,False,False,False,False,False
POA5042,5042,11832.0,36.0,1476.0,2.4,1234.0,1187.0,443.0,67.0,2930.0,5741.0,396.0,6137.0,3528.0,512.0,10179.0,2879.0,1355.0,297.0,4529.0,2021,2421.0,0.5640043226250123,0.0645266416816034,0.6029079477355339,0.421160409556314,0.40511945392491466,0.8262798634812286,0.15119453924914675,0.6356811658202693,0.29918304261426365,0.0655773901523515,False,False,False,False,False,False,False,False
POA5043,5043,20327.0,38.0,1307.0,2.2,2086.0,1905.0,1016.0,156.0,5151.0,9673.0,590.0,10263.0,6459.0,738.0,17456.0,5060.0,3188.0,490.0,8736.0,2021,3991.0,0.5541361136571953,0.05748806391893209,0.587935380384968,0.4049699087555814,0.36983110075713455,0.774801009512716,0.1972432537371384,0.5792124542124543,0.3649267399267399,0.05608974358974359,False,False,False,False,False,False,False,False
POA5044,5044,11578.0,47.0,1724.0,2.3,1347.0,1315.0,416.0,32.0,3109.0,5761.0,185.0,5944.0,3705.0,226.0,9873.0,3063.0,1576.0,135.0,4768.0,2021,2662.0,0.5835105844221614,0.031123822341857336,0.6020459839967588,0.4332582824059183,0.4229655837889997,0.856223866194918,0.1338050820199421,0.6424077181208053,0.33053691275167785,0.028313758389261746,False,False,False,False,False,False,False,False
POA5045,5045,16071.0,47.0,1600.0,2.1,2242.0,1460.0,531.0,60.0,4297.0,8357.0,357.0,8719.0,4944.0,470.0,14131.0,4257.0,2758.0,260.0,7271.0,2021,3702.0,0.5913948057462317,0.040945062507168256,0.6170122425872195,0.5217593670002327,0.33977193390737725,0.86153130090761,0.12357458692110775,0.5854765506807866,0.37931508733324165,0.035758492642002475,False,False,False,False,False,False,False,False
POA5046,5046,9756.0,40.0,1421.0,2.2,1119.0,959.0,476.0,56.0,2610.0,4755.0,239.0,4998.0,3030.0,298.0,8325.0,2572.0,1400.0,188.0,4160.0,2021,2078.0,0.5711711711711712,0.047819127651060424,0.6003603603603603,0.42873563218390803,0.3674329501915709,0.7961685823754789,0.18237547892720307,0.6182692307692308,0.33653846153846156,0.04519230769230769,False,False,False,False,False,False,False,False
POA5047,5047,8981.0,37.0,1434.0,2.4,950.0,933.0,488.0,57.0,2435.0,4347.0,258.0,4607.0,2662.0,274.0,7544.0,2383.0,1048.0,223.0,3655.0,2021,1883.0,0.5762195121951219,0.05600173648795311,0.6106839872746553,0.39014373716632444,0.38316221765913755,0.773305954825462,0.20041067761806983,0.651983584131327,0.28673050615595075,0.06101231190150479,False,False,False,False,False,False,False,False
POA5048,5048,15510.0,47.0,1576.0,2.3,1867.0,1649.0,611.0,70.0,4193.0,7249.0,313.0,7561.0,5188.0,475.0,13221.0,4150.0,2005.0,207.0,6361.0,2021,3516.0,0.5482943801527872,0.041396640655997886,0.5718932002117842,0.44526591938945864,0.3932745051275936,0.8385404245170522,0.14571905556880516,0.6524131425876435,0.31520201226222294,0.03254205313629933,False,False,False,False,False,False,False,False
POA5049,5049,10380.0,44.0,1853.0,2.5,1301.0,1294.0,414.0,24.0,3034.0,5227.0,259.0,5488.0,2860.0,278.0,8625.0,3000.0,881.0,120.0,3999.0,2021,2595.0,0.6060289855072464,0.047193877551020405,0.6362898550724637,0.4288068556361239,0.42649967040210945,0.8553065260382333,0.13645352669742913,0.7501875468867217,0.22030507626906726,0.030007501875468866,False,False,False,False,False,False,False,False
POA5050,5050,5734.0,45.0,1871.0,2.6,680.0,729.0,220.0,16.0,1643.0,2770.0,132.0,2901.0,1771.0,114.0,4789.0,1613.0,454.0,61.0,2128.0,2021,1409.0,0.5784088536228857,0.045501551189245086,0.6057632073501775,0.4138770541692027,0.443700547778454,0.8575776019476568,0.13390139987827146,0.7579887218045113,0.21334586466165414,0.028665413533834585,False,False,False,False,False,False,False,False
POA5051,5051,15130.0,42.0,2172.0,2.7,1674.0,2224.0,479.0,38.0,4421.0,7903.0,263.0,8167.0,3795.0,215.0,12180.0,4352.0,1011.0,91.0,5457.0,2021,3898.0,0.6488505747126436,0.03220276723399045,0.6705254515599344,0.37864736484958156,0.503053607781045,0.8817009726306265,0.10834652793485637,0.7975077881619937,0.18526663001649257,0.016675829210188748,False,False,False,False,False,False,False,False
POA5052,5052,6756.0,45.0,2168.0,2.6,791.0,948.0,194.0,16.0,1957.0,3369.0,136.0,3497.0,1928.0,157.0,5581.0,1927.0,491.0,49.0,2466.0,2021,1739.0,0.603655258914173,0.03889047755218759,0.6265902168070239,0.40419008686765456,0.4844149207971385,0.888605007664793,0.09913132345426673,0.7814274128142741,0.19910786699107866,0.019870235198702353,False,False,False,False,False,False,False,False
POA5061,5061,9752.0,44.0,2291.0,2.4,1168.0,1172.0,319.0,54.0,2711.0,5124.0,216.0,5339.0,2732.0,189.0,8260.0,2688.0,1084.0,158.0,3928.0,2021,2340.0,0.6203389830508474,0.04045701442217644,0.6463680387409201,0.43083732939874586,0.43231279970490594,0.8631501291036517,0.11766875691626706,0.6843177189409368,0.2759674134419552,0.040224032586558045,False,False,False,False,False,False,False,False
POA5062,5062,15502.0,44.0,2194.0,2.6,1671.0,2091.0,508.0,45.0,4316.0,7873.0,318.0,8193.0,4441.0,273.0,12898.0,4256.0,1392.0,143.0,5790.0,2021,3762.0,0.6104047139091332,0.038813621384108384,0.6352147619786014,0.3871640407784986,0.4844763670064875,0.8716404077849861,0.11770157553290084,0.7350604490500864,0.24041450777202072,0.024697754749568222,False,False,False,False,False,False,False,False
POA5063,5063,12742.0,42.0,1916.0,2.3,1280.0,1481.0,488.0,53.0,3303.0,6513.0,320.0,6831.0,3516.0,294.0,10643.0,3272.0,1651.0,233.0,5155.0,2021,2761.0,0.6119515174292962,0.04684526423656858,0.6418303110025368,0.3875264910687254,0.4483802603693612,0.8359067514380866,0.14774447471995156,0.6347235693501455,0.32027158098933073,0.0451988360814743,False,False,False,False,False,False,False,False
POA5064,5064,10756.0,46.0,2131.0,2.6,1134.0,1409.0,309.0,33.0,2886.0,4735.0,208.0,4938.0,3723.0,223.0,8889.0,2832.0,888.0,69.0,3795.0,2021,2543.0,0.5326808414894814,0.042122316727420006,0.5555180560242997,0.39293139293139295,0.48821898821898824,0.8811503811503811,0.10706860706860707,0.7462450592885376,0.2339920948616601,0.01818181818181818,False,False,False,False,False,False,False,False
POA5065,5065,10987.0,43.0,1859.0,2.4,1143.0,1400.0,341.0,34.0,2916.0,5078.0,270.0,5342.0,3585.0,205.0,9139.0,2885.0,1396.0,103.0,4381.0,2021,2543.0,0.5556406609038188,0.05054286783976039,0.5845278476857424,0.39197530864197533,0.48010973936899864,0.872085048010974,0.11694101508916324,0.6585254508103173,0.318648710340105,0.023510614015065052,False,False,False,False,False,False,False,False
POA5066,5066,12237.0,45.0,2399.0,2.7,1313.0,1850.0,381.0,25.0,3572.0,6058.0,239.0,6305.0,3529.0,157.0,9990.0,3510.0,890.0,63.0,4462.0,2021,3163.0,0.6064064064064064,0.03790642347343378,0.6311311311311312,0.3675811870100784,0.5179171332586786,0.885498320268757,0.10666293393057111,0.7866427610936799,0.1994621246077992,0.01411922904527118,False,False,False,False,False,False,False,False
POA5067,5067,10773.0,40.0,1820.0,2.1,1374.0,955.0,356.0,63.0,2746.0,5828.0,320.0,6149.0,2895.0,374.0,9419.0,2718.0,1774.0,305.0,4793.0,2021,2329.0,0.6187493364476059,0.05204098227354041,0.6528293874084298,0.5003641660597232,0.34777858703568826,0.8481427530954115,0.12964311726147124,0.5670769872731066,0.370123096181932,0.06363446693094095,False,False,False,False,False,False,False,False
POA5068,5068,12648.0,44.0,1725.0,2.3,1326.0,1444.0,472.0,52.0,3293.0,6187.0,303.0,6490.0,3968.0,332.0,10791.0,3245.0,1826.0,180.0,5247.0,2021,2770.0,0.5733481605041238,0.04668721109399075,0.601427115188583,0.4026723352566049,0.4385059216519891,0.8411782569085939,0.1433343455815366,0.6184486373165619,0.3480083857442348,0.03430531732418525,False,False,False,False,False,False,False,False
POA5069,5069,8387.0,41.0,1976.0,2.3,910.0,997.0,253.0,30.0,2189.0,4469.0,216.0,4680.0,2214.0,211.0,7109.0,2165.0,1089.0,171.0,3420.0,2021,1907.0,0.6286397524265016,0.046153846153846156,0.6583204388802926,0.41571493832800366,0.455459113750571,0.8711740520785747,0.11557788944723618,0.6330409356725146,0.31842105263157894,0.05,False,False,False,False,False,False,False,False
POA5070,5070,15393.0,41.0,1507.0,2.2,1688.0,1669.0,599.0,82.0,4039.0,7691.0,383.0,8075.0,4600.0,456.0,13135.0,3972.0,2228.0,285.0,6483.0,2021,3357.0,0.5855348306052531,0.04743034055727554,0.6147696992767415,0.41792522901708345,0.41322109433027976,0.8311463233473632,0.1483040356523892,0.6126793151318833,0.34366805491284896,0.04396112910689495,False,False,False,False,False,False,False,False
POA5072,5072,13937.0,41.0,1797.0,2.5,1424.0,1797.0,499.0,63.0,3789.0,6926.0,352.0,7277.0,4032.0,327.0,11635.0,3717.0,1520.0,193.0,5432.0,2021,3221.0,0.59527288354104,0.04837158169575374,0.6254404813064031,0.37582475587226183,0.4742676167854315,0.8500923726576933,0.1316970176827659,0.6842783505154639,0.27982326951399117,0.03553019145802651,False,False,False,False,False,False,False,False
POA5073,5073,16831.0,40.0,1667.0,2.5,1692.0,2170.0,766.0,85.0,4714.0,8399.0,458.0,8859.0,4729.0,373.0,13959.0,4619.0,1650.0,214.0,6482.0,2021,3862.0,0.6016906655204528,0.05169883734055763,0.6346443154953794,0.35893084429359357,0.46033092914722107,0.8192617734408146,0.16249469664828173,0.7125887071891391,0.2545510644862697,0.0330145016970071,False,False,False,False,False,False,False,False
POA5074,5074,14380.0,39.0,1447.0,2.4,1481.0,1686.0,673.0,73.0,3910.0,6984.0,388.0,7372.0,4182.0,490.0,12050.0,3827.0,1679.0,233.0,5744.0,2021,3167.0,0.5795850622406639,0.05263157894736842,0.6117842323651452,0.37877237851662404,0.43120204603580564,0.8099744245524296,0.1721227621483376,0.6662604456824512,0.29230501392757663,0.040564066852367686,False,False,False,False,False,False,False,False
POA5075,5075,11283.0,43.0,1477.0,2.5,1320.0,1342.0,437.0,46.0,3149.0,5513.0,273.0,5786.0,3524.0,321.0,9636.0,3083.0,1191.0,112.0,4384.0,2021,2662.0,0.5721253632212536,0.047182855167646046,0.6004566210045662,0.41918069228326454,0.42616703715465226,0.8453477294379168,0.13877421403620196,0.7032390510948905,0.2716697080291971,0.025547445255474453,False,False,False,False,False,False,False,False
POA5076,5076,9619.0,43.0,1938.0,2.7,1087.0,1428.0,348.0,28.0,2892.0,5131.0,231.0,5365.0,2522.0,174.0,8065.0,2829.0,667.0,51.0,3551.0,2021,2515.0,0.636205827650341,0.04305684995340168,0.6652200867947923,0.37586445366528354,0.49377593360995853,0.8696403872752421,0.12033195020746888,0.796676992396508,0.1878344128414531,0.014362151506617854,False,False,False,False,False,False,False,False
POA5081,5081,9874.0,43.0,2056.0,2.4,1150.0,1143.0,297.0,38.0,2625.0,4937.0,205.0,5144.0,2901.0,307.0,8358.0,2585.0,1175.0,149.0,3913.0,2021,2293.0,0.5906915530031108,0.03985225505443235,0.6154582435989471,0.4380952380952381,0.43542857142857144,0.8735238095238095,0.11314285714285714,0.6606184513161257,0.30028111423460263,0.03807820086889854,False,False,False,False,False,False,False,False
POA5082,5082,16310.0,37.0,1995.0,2.5,1643.0,2004.0,545.0,96.0,4284.0,8954.0,407.0,9358.0,3647.0,485.0,13490.0,4220.0,1684.0,390.0,6290.0,2021,3647.0,0.6637509266123054,0.04349219918786065,0.6936990363232024,0.3835200746965453,0.4677871148459384,0.8513071895424836,0.12721755368814192,0.670906200317965,0.26772655007949125,0.06200317965023847,False,False,False,False,False,False,False,False
POA5083,5083,7953.0,37.0,1779.0,2.4,755.0,981.0,321.0,55.0,2110.0,4333.0,219.0,4545.0,1890.0,151.0,6589.0,2078.0,944.0,173.0,3194.0,2021,1736.0,0.6576111701320383,0.048184818481848184,0.6897860069813325,0.3578199052132701,0.46492890995260666,0.8227488151658767,0.15213270142180094,0.6505948653725736,0.29555416405760804,0.05416405760801503,False,False,False,False,False,False,False,False
POA5084,5084,10908.0,33.0,1314.0,2.7,744.0,1096.0,509.0,86.0,2435.0,4581.0,484.0,5066.0,3394.0,544.0,9008.0,2354.0,1052.0,376.0,3784.0,2021,1840.0,0.5085479573712256,0.09553888669561784,0.5623889875666075,0.3055441478439425,0.45010266940451743,0.75564681724846,0.20903490759753593,0.622093023255814,0.27801268498942916,0.09936575052854123,False,False,False,False,False,False,False,False
POA5085,5085,24786.0,34.0,1692.0,2.6,2090.0,2967.0,976.0,161.0,6196.0,12127.0,728.0,12850.0,6602.0,691.0,20149.0,6028.0,2440.0,502.0,8969.0,2021,5057.0,0.6018660975730805,0.056653696498054476,0.6377487716511986,0.33731439638476435,0.4788573273079406,0.816171723692705,0.15752098127824402,0.6720927639647676,0.27204816590478315,0.0559705652804103,False,False,False,False,False,False,False,False
POA5086,5086,17619.0,36.0,1574.0,2.6,1559.0,2257.0,788.0,79.0,4689.0,8528.0,511.0,9033.0,4713.0,556.0,14305.0,4561.0,1778.0,261.0,6598.0,2021,3816.0,0.5961551904928347,0.05657035314956271,0.6314575323313527,0.33248027297931326,0.4813393047558115,0.8138195777351248,0.16805288974194924,0.6912700818429828,0.26947559866626253,0.03955744164898454,False,False,False,False,False,False,False,False
POA5087,5087,12541.0,36.0,1536.0,2.4,1270.0,1439.0,515.0,74.0,3301.0,6362.0,370.0,6728.0,3271.0,412.0,10411.0,3235.0,1510.0,273.0,5022.0,2021,2709.0,0.6110844299298819,0.054994054696789536,0.6462395543175488,0.3847318994244168,0.4359285065131778,0.8206604059375947,0.1560133292941533,0.6441656710473915,0.30067702110712863,0.05436081242532855,False,False,False,False,False,False,False,False
POA5088,5088,3716.0,37.0,1363.0,2.4,352.0,420.0,197.0,31.0,1000.0,1773.0,129.0,1902.0,1025.0,135.0,3071.0,971.0,441.0,65.0,1476.0,2021,772.0,0.5773363725170955,0.06782334384858044,0.6193422338000651,0.352,0.42,0.772,0.197,0.657859078590786,0.29878048780487804,0.04403794037940379,False,False,False,False,False,False,False,False
POA5089,5089,6956.0,41.0,2038.0,2.7,834.0,967.0,258.0,8.0,2067.0,3631.0,154.0,3776.0,1792.0,143.0,5711.0,2029.0,414.0,39.0,2482.0,2021,1801.0,0.6357905795832604,0.04078389830508475,0.6611801786026965,0.4034833091436865,0.4678277697145622,0.8713110788582487,0.12481857764876633,0.8174858984689767,0.16680096696212732,0.015713134568896052,False,False,False,False,False,False,False,False
POA5090,5090,8184.0,46.0,1270.0,2.3,962.0,872.0,320.0,23.0,2172.0,3476.0,174.0,3646.0,3065.0,242.0,6959.0,2133.0,1099.0,64.0,3296.0,2021,1834.0,0.49949705417445034,0.047723532638507954,0.5239258514154332,0.4429097605893186,0.4014732965009208,0.8443830570902394,0.14732965009208104,0.6471480582524272,0.33343446601941745,0.019417475728155338,False,False,False,False,False,False,False,False
POA5091,5091,7872.0,42.0,1713.0,2.6,969.0,1032.0,329.0,19.0,2348.0,3937.0,170.0,4103.0,2226.0,163.0,6495.0,2316.0,630.0,55.0,3002.0,2021,2001.0,0.6061585835257891,0.04143309773336583,0.6317167051578138,0.4126916524701874,0.4395229982964225,0.8522146507666098,0.14011925042589438,0.7714856762158561,0.20986009327115257,0.01832111925383078,False,False,False,False,False,False,False,False
POA5092,5092,18288.0,39.0,1492.0,2.5,1991.0,2214.0,876.0,86.0,5160.0,8842.0,507.0,9355.0,5234.0,473.0,15062.0,5045.0,1769.0,186.0,6997.0,2021,4205.0,0.5870402337007038,0.054195617316942814,0.6210994555835878,0.38585271317829456,0.4290697674418605,0.814922480620155,0.1697674418604651,0.7210232956981564,0.2528226382735458,0.02658282120908961,False,False,False,False,False,False,False,False
POA5093,5093,9426.0,39.0,1417.0,2.5,1006.0,1083.0,500.0,57.0,2640.0,4304.0,303.0,4606.0,2896.0,264.0,7773.0,2585.0,898.0,111.0,3587.0,2021,2089.0,0.5537115656760582,0.06578376031263569,0.5925640036022128,0.38106060606060604,0.4102272727272727,0.7912878787878788,0.1893939393939394,0.7206579314190131,0.2503484806244773,0.03094507945358238,False,False,False,False,False,False,False,False
POA5094,5094,912.0,38.0,1320.0,2.6,88.0,103.0,45.0,13.0,248.0,396.0,38.0,436.0,285.0,61.0,786.0,238.0,79.0,17.0,334.0,2021,191.0,0.5038167938931297,0.0871559633027523,0.55470737913486,0.3548387096774194,0.4153225806451613,0.7701612903225806,0.1814516129032258,0.7125748502994012,0.23652694610778444,0.05089820359281437,False,False,False,False,False,False,False,False
POA5095,5095,21372.0,34.0,1659.0,2.6,1967.0,2635.0,927.0,114.0,5645.0,11042.0,710.0,11748.0,5075.0,600.0,17426.0,5473.0,2021.0,433.0,7925.0,2021,4602.0,0.63365086652129,0.06043581886278516,0.6741650407437163,0.3484499557130204,0.466784765279008,0.8152347209920283,0.1642161204605846,0.6905993690851735,0.25501577287066246,0.05463722397476341,False,False,False,False,False,False,False,False
POA5096,5096,13765.0,38.0,1442.0,2.6,1385.0,1641.0,764.0,72.0,3859.0,6554.0,444.0,6991.0,3868.0,365.0,11224.0,3751.0,1226.0,141.0,5117.0,2021,3026.0,0.5839272986457591,0.06351022743527393,0.6228617248752673,0.35890126975900494,0.42523969940399065,0.7841409691629956,0.19797875097175435,0.733046707054915,0.239593511823334,0.027555208129763534,False,False,False,False,False,False,False,False
POA5097,5097,13908.0,42.0,1564.0,2.4,1699.0,1652.0,648.0,50.0,4044.0,6842.0,351.0,7190.0,4090.0,291.0,11569.0,3990.0,1364.0,101.0,5457.0,2021,3351.0,0.5914080732993344,0.04881780250347705,0.6214884605411012,0.42012858555885263,0.4085064292779426,0.8286350148367952,0.16023738872403562,0.7311709730621221,0.24995418728238958,0.018508337914605093,False,False,False,False,False,False,False,False
POA5098,5098,13058.0,40.0,1375.0,2.5,1337.0,1489.0,653.0,61.0,3537.0,5739.0,376.0,6120.0,4164.0,525.0,10804.0,3446.0,1269.0,144.0,4863.0,2021,2826.0,0.5311921510551647,0.06143790849673202,0.5664568678267309,0.3780039581566299,0.42097823013853547,0.7989821882951654,0.18461973423805486,0.7086160806086778,0.26095003084515733,0.02961135101789019,False,False,False,False,False,False,False,False
POA5106,5106,99.0,79.0,525.0,1.1,0.0,0.0,0.0,0.0,0.0,0.0,0.0,4.0,85.0,6.0,99.0,0.0,15.0,0.0,17.0,2021,0.0,0.0,0.0,0.04040404040404041,,,,,0.0,0.8823529411764706,0.0,False,True,True,True,False,False,True,False
POA5107,5107,18636.0,36.0,1385.0,2.9,1472.0,2415.0,988.0,91.0,4979.0,7756.0,685.0,8444.0,5754.0,576.0,14772.0,4763.0,1265.0,170.0,6199.0,2021,3887.0,0.5250473869482806,0.08112269066792989,0.5716219875440022,0.2956416951195019,0.4850371560554328,0.7806788511749347,0.19843342036553524,0.7683497338280367,0.20406517180190353,0.027423778028714308,False,False,False,False,False,False,False,False
POA5108,5108,43329.0,36.0,1226.0,2.7,3313.0,4826.0,2735.0,237.0,11100.0,17326.0,1751.0,19071.0,13523.0,1911.0,34510.0,10668.0,4192.0,524.0,15377.0,2021,8139.0,0.5020573746740076,0.09181479733626972,0.5526224282816575,0.2984684684684685,0.4347747747747748,0.7332432432432432,0.2463963963963964,0.6937634128893803,0.27261494439747674,0.03407686804968459,False,False,False,False,False,False,False,False
POA5109,5109,20748.0,39.0,1255.0,2.5,2059.0,2291.0,1210.0,84.0,5648.0,8752.0,660.0,9418.0,6703.0,685.0,16801.0,5487.0,2148.0,186.0,7821.0,2021,4350.0,0.5209213737277543,0.07007857294542366,0.5605618713171835,0.36455382436260625,0.4056303116147309,0.7701841359773371,0.21423512747875353,0.7015726889144611,0.2746451860375911,0.023782125047947834,False,False,False,False,False,False,False,False
POA5110,5110,9345.0,36.0,1403.0,2.8,749.0,1165.0,498.0,36.0,2457.0,3985.0,317.0,4299.0,2581.0,439.0,7318.0,2351.0,674.0,79.0,3099.0,2021,1914.0,0.5445476906258541,0.07373807862293556,0.5874555889587318,0.30484330484330485,0.47415547415547415,0.778998778998779,0.2026862026862027,0.7586318167150694,0.2174895127460471,0.025492094223943208,False,False,False,False,False,False,False,False
POA5111,5111,376.0,23.0,1350.0,1.0,0.0,0.0,0.0,0.0,0.0,361.0,0.0,361.0,3.0,13.0,376.0,0.0,9.0,0.0,9.0,2021,0.0,0.9601063829787234,0.0,0.9601063829787234,,,,,0.0,1.0,0.0,False,False,True,True,False,False,True,False
POA5112,5112,20445.0,37.0,992.0,2.5,1524.0,1881.0,1447.0,114.0,4970.0,6815.0,1001.0,7815.0,7342.0,1223.0,16376.0,4818.0,2589.0,276.0,7682.0,2021,3405.0,0.41615779189057156,0.12808701215611004,0.4772227650219834,0.3066398390342052,0.3784708249496982,0.6851106639839034,0.29114688128772637,0.6271804217651653,0.33702160895600103,0.03592814371257485,False,False,False,False,False,False,False,False
POA5113,5113,19570.0,34.0,944.0,2.5,1252.0,1542.0,1734.0,159.0,4691.0,5668.0,1140.0,6800.0,7124.0,1286.0,15216.0,4548.0,2333.0,350.0,7232.0,2021,2794.0,0.3725026288117771,0.1676470588235294,0.4468980021030494,0.2668940524408442,0.3287145597953528,0.595608612236197,0.36964399914730334,0.6288716814159292,0.3225940265486726,0.04839601769911504,False,False,False,False,False,False,False,False
POA5114,5114,36847.0,33.0,1481.0,2.8,3114.0,4281.0,2402.0,149.0,9950.0,16529.0,1295.0,17825.0,8877.0,1333.0,28030.0,9650.0,2670.0,354.0,12670.0,2021,7395.0,0.5896896182661434,0.0726507713884993,0.6359257937923654,0.312964824120603,0.43025125628140704,0.74321608040201,0.2414070351758794,0.7616416732438832,0.2107340173638516,0.02794001578531965,False,False,False,False,False,False,False,False
POA5115,5115,13032.0,29.0,1439.0,2.7,1032.0,1451.0,1007.0,48.0,3535.0,5947.0,461.0,6405.0,2766.0,378.0,9552.0,3423.0,1030.0,157.0,4616.0,2021,2483.0,0.6225921273031826,0.07197501951600312,0.6705402010050251,0.29193776520509196,0.41046676096181045,0.7024045261669024,0.28486562942008486,0.7415511265164645,0.2231369150779896,0.03401213171577123,False,False,False,False,False,False,False,False
POA5116,5116,10731.0,38.0,1301.0,2.4,1093.0,1095.0,740.0,35.0,2959.0,4784.0,318.0,5094.0,3230.0,338.0,8667.0,2902.0,1223.0,104.0,4232.0,2021,2188.0,0.5519787700473059,0.0624263839811543,0.5877466251298027,0.36938154782020954,0.37005745184183847,0.739438999662048,0.2500844880027036,0.6857277882797732,0.28898865784499056,0.024574669187145556,False,False,False,False,False,False,False,False
POA5117,5117,4051.0,35.0,2248.0,3.1,407.0,641.0,85.0,9.0,1137.0,2179.0,64.0,2244.0,802.0,95.0,3141.0,1105.0,160.0,16.0,1276.0,2021,1048.0,0.693728112066221,0.0285204991087344,0.7144221585482331,0.3579595426561126,0.5637642919964819,0.9217238346525946,0.07475813544415127,0.8659874608150471,0.12539184952978055,0.012539184952978056,False,False,False,False,False,False,False,False
POA5118,5118,19229.0,43.0,1488.0,2.5,2244.0,2172.0,924.0,71.0,5407.0,9263.0,465.0,9727.0,5489.0,685.0,15904.0,5315.0,1959.0,170.0,7440.0,2021,4416.0,0.582432092555332,0.04780507864706487,0.6116071428571429,0.415017569816904,0.40170149805807287,0.8167190678749768,0.17088958757166636,0.7143817204301075,0.2633064516129032,0.0228494623655914,False,False,False,False,False,False,False,False
POA5120,5120,2859.0,35.0,1763.0,2.8,273.0,382.0,97.0,13.0,762.0,1417.0,57.0,1473.0,589.0,169.0,2226.0,734.0,198.0,16.0,947.0,2021,655.0,0.6365678346810423,0.038696537678207736,0.6617250673854448,0.35826771653543305,0.5013123359580053,0.8595800524934383,0.1272965879265092,0.7750791974656811,0.20908130939809927,0.01689545934530095,False,False,False,False,False,False,False,False
POA5121,5121,2347.0,37.0,1390.0,2.5,297.0,250.0,96.0,11.0,650.0,1079.0,46.0,1125.0,693.0,99.0,1921.0,626.0,236.0,24.0,885.0,2021,547.0,0.5616866215512754,0.04088888888888889,0.5856324830817282,0.45692307692307693,0.38461538461538464,0.8415384615384616,0.1476923076923077,0.7073446327683616,0.26666666666666666,0.02711864406779661,False,False,False,False,False,False,False,False
POA5125,5125,20405.0,42.0,1841.0,2.6,2166.0,2793.0,887.0,55.0,5911.0,10762.0,423.0,11183.0,5160.0,428.0,16781.0,5802.0,1727.0,77.0,7605.0,2021,4959.0,0.6413205410881354,0.037825270499865865,0.6664084381145343,0.366435459313145,0.4725088817458975,0.8389443410590425,0.15005921163931654,0.7629191321499014,0.22708744247205787,0.01012491781722551,False,False,False,False,False,False,False,False
POA5126,5126,7406.0,40.0,1809.0,2.6,848.0,975.0,333.0,15.0,2172.0,3858.0,155.0,4011.0,1871.0,172.0,6049.0,2150.0,581.0,65.0,2792.0,2021,1823.0,0.6377913704744586,0.038643729743206186,0.6630848074061828,0.39042357274401474,0.4488950276243094,0.8393186003683242,0.15331491712707182,0.7700573065902578,0.2080945558739255,0.02328080229226361,False,False,False,False,False,False,False,False
POA5127,5127,7865.0,42.0,1733.0,2.5,907.0,1038.0,397.0,20.0,2359.0,4075.0,190.0,4265.0,2115.0,159.0,6542.0,2312.0,664.0,53.0,3022.0,2021,1945.0,0.6228981962702538,0.044548651817116064,0.6519413023540201,0.3844849512505299,0.4400169563374311,0.824501907587961,0.16829164900381519,0.7650562541363336,0.21972203838517537,0.01753805426869623,False,False,False,False,False,False,False,False
POA5131,5131,979.0,49.0,2243.0,2.9,135.0,134.0,26.0,0.0,299.0,570.0,11.0,581.0,243.0,21.0,845.0,290.0,39.0,7.0,329.0,2021,269.0,0.6745562130177515,0.0189328743545611,0.6875739644970414,0.451505016722408,0.44816053511705684,0.8996655518394648,0.08695652173913043,0.8814589665653495,0.11854103343465046,0.02127659574468085,False,False,False,False,False,False,False,False
POA5132,5132,435.0,47.0,2092.0,2.8,62.0,58.0,4.0,0.0,132.0,218.0,6.0,224.0,127.0,13.0,365.0,124.0,20.0,6.0,147.0,2021,120.0,0.5972602739726027,0.026785714285714284,0.6136986301369863,0.4696969696969697,0.4393939393939394,0.9090909090909091,0.030303030303030304,0.8435374149659864,0.1360544217687075,0.04081632653061224,False,False,False,False,False,False,False,False
POA5133,5133,378.0,47.0,2233.0,2.9,40.0,61.0,9.0,0.0,102.0,196.0,8.0,202.0,92.0,11.0,309.0,102.0,14.0,3.0,123.0,2021,101.0,0.6343042071197411,0.039603960396039604,0.6537216828478964,0.39215686274509803,0.5980392156862745,0.9901960784313726,0.08823529411764706,0.8292682926829268,0.11382113821138211,0.024390243902439025,False,False,False,False,False,False,False,False
POA5134,5134,457.0,46.0,1895.0,2.7,53.0,59.0,7.0,0.0,121.0,218.0,10.0,224.0,119.0,28.0,373.0,118.0,24.0,0.0,145.0,2021,112.0,0.5844504021447721,0.044642857142857144,0.6005361930294906,0.4380165289256198,0.48760330578512395,0.9256198347107438,0.05785123966942149,0.8137931034482758,0.16551724137931034,0.0,False,False,False,False,False,False,False,False
POA5136,5136,548.0,41.0,2316.0,2.8,55.0,75.0,13.0,9.0,148.0,270.0,13.0,282.0,132.0,17.0,432.0,149.0,25.0,5.0,179.0,2021,130.0,0.625,0.04609929078014184,0.6527777777777778,0.3716216216216216,0.5067567567567568,0.8783783783783784,0.08783783783783784,0.8324022346368715,0.13966480446927373,0.027932960893854747,False,False,False,False,False,False,False,False
POA5137,5137,550.0,50.0,2312.0,2.7,80.0,77.0,14.0,0.0,169.0,296.0,16.0,307.0,145.0,23.0,473.0,170.0,22.0,0.0,192.0,2021,157.0,0.6257928118393234,0.05211726384364821,0.6490486257928119,0.47337278106508873,0.4556213017751479,0.9289940828402367,0.08284023668639054,0.8854166666666666,0.11458333333333333,0.0,False,False,False,False,False,False,False,False
POA5138,5138,364.0,43.0,1988.0,2.9,45.0,52.0,7.0,0.0,100.0,182.0,5.0,188.0,72.0,24.0,287.0,103.0,14.0,0.0,116.0,2021,97.0,0.6341463414634146,0.026595744680851064,0.6550522648083623,0.45,0.52,0.97,0.07,0.8879310344827587,0.1206896551724138,0.0,False,False,False,False,False,False,False,False
POA5139,5139,290.0,38.0,2089.0,2.8,33.0,36.0,16.0,0.0,82.0,152.0,3.0,153.0,54.0,9.0,222.0,82.0,14.0,4.0,97.0,2021,69.0,0.6846846846846847,0.0196078431372549,0.6891891891891891,0.4024390243902439,0.43902439024390244,0.8414634146341463,0.1951219512195122,0.845360824742268,0.14432989690721648,0.041237113402061855,False,False,False,False,False,False,False,False
POA5140,5140,454.0,40.0,2625.0,2.7,53.0,71.0,17.0,0.0,138.0,254.0,12.0,267.0,92.0,11.0,373.0,136.0,21.0,3.0,163.0,2021,124.0,0.6809651474530831,0.0449438202247191,0.7158176943699732,0.38405797101449274,0.5144927536231884,0.8985507246376812,0.12318840579710146,0.8343558282208589,0.12883435582822086,0.018404907975460124,False,False,False,False,False,False,False,False
POA5141,5141,772.0,43.0,2241.0,2.9,94.0,107.0,15.0,0.0,218.0,389.0,7.0,399.0,191.0,38.0,630.0,209.0,29.0,7.0,247.0,2021,201.0,0.6174603174603175,0.017543859649122806,0.6333333333333333,0.43119266055045874,0.4908256880733945,0.9220183486238532,0.06880733944954129,0.8461538461538461,0.11740890688259109,0.02834008097165992,False,False,False,False,False,False,False,False
POA5142,5142,581.0,43.0,2079.0,2.5,68.0,83.0,18.0,0.0,162.0,315.0,9.0,326.0,130.0,19.0,476.0,163.0,51.0,4.0,219.0,2021,151.0,0.6617647058823529,0.027607361963190184,0.6848739495798319,0.41975308641975306,0.5123456790123457,0.9320987654320988,0.1111111111111111,0.7442922374429224,0.2328767123287671,0.0182648401826484,False,False,False,False,False,False,False,False
POA5144,5144,428.0,53.0,1699.0,2.6,62.0,57.0,3.0,0.0,129.0,214.0,10.0,225.0,139.0,12.0,370.0,125.0,31.0,4.0,159.0,2021,119.0,0.5783783783783784,0.044444444444444446,0.6081081081081081,0.4806201550387597,0.4418604651162791,0.9224806201550387,0.023255813953488372,0.7861635220125787,0.1949685534591195,0.025157232704402517,False,False,False,False,False,False,False,False
POA5150,5150,57.0,44.0,2666.0,2.6,9.0,4.0,0.0,0.0,12.0,27.0,0.0,25.0,20.0,6.0,47.0,16.0,4.0,0.0,20.0,2021,13.0,0.574468085106383,0.0,0.5319148936170213,0.75,0.3333333333333333,,0.0,0.8,0.2,0.0,False,True,True,True,False,False,True,True
POA5151,5151,405.0,41.0,2386.0,2.8,39.0,62.0,12.0,0.0,118.0,228.0,3.0,232.0,87.0,16.0,338.0,118.0,19.0,0.0,138.0,2021,101.0,0.6745562130177515,0.01293103448275862,0.6863905325443787,0.3305084745762712,0.5254237288135594,0.8559322033898306,0.1016949152542373,0.855072463768116,0.13768115942028986,0.0,False,False,False,False,False,False,False,False
POA5152,5152,6389.0,46.0,2430.0,2.6,793.0,897.0,165.0,15.0,1876.0,3249.0,112.0,3362.0,1734.0,127.0,5224.0,1857.0,462.0,33.0,2347.0,2021,1690.0,0.621937212863706,0.03331350386674598,0.6435681470137825,0.4227078891257996,0.47814498933901917,0.9008528784648188,0.08795309168443496,0.7912228376651044,0.19684703877290158,0.01406050276949297,False,False,False,False,False,False,False,False
POA5153,5153,6732.0,45.0,2033.0,2.7,811.0,907.0,188.0,8.0,1916.0,3518.0,123.0,3641.0,1665.0,306.0,5608.0,1881.0,423.0,49.0,2356.0,2021,1718.0,0.6273181169757489,0.033781928041746775,0.6492510699001427,0.4232776617954071,0.4733820459290188,0.8966597077244259,0.09812108559498957,0.7983870967741935,0.17954159592529711,0.020797962648556875,False,False,False,False,False,False,False,False
POA5154,5154,3471.0,45.0,2561.0,2.8,414.0,513.0,105.0,6.0,1034.0,1745.0,69.0,1816.0,921.0,54.0,2791.0,1018.0,160.0,6.0,1192.0,2021,927.0,0.6252239340738087,0.037995594713656385,0.6506628448584737,0.40038684719535783,0.4961315280464217,0.8965183752417795,0.10154738878143134,0.8540268456375839,0.1342281879194631,0.0050335570469798654,False,False,False,False,False,False,False,False
POA5155,5155,3994.0,41.0,2074.0,2.6,425.0,537.0,161.0,6.0,1133.0,2124.0,74.0,2196.0,859.0,78.0,3136.0,1120.0,355.0,27.0,1503.0,2021,962.0,0.6772959183673469,0.033697632058287796,0.7002551020408163,0.37511032656663723,0.47396293027360986,0.8490732568402471,0.14210061782877317,0.7451763140385895,0.23619427811044577,0.017964071856287425,False,False,False,False,False,False,False,False
POA5156,5156,1005.0,41.0,2229.0,2.7,121.0,141.0,29.0,4.0,300.0,527.0,26.0,548.0,218.0,44.0,810.0,290.0,56.0,3.0,353.0,2021,262.0,0.6506172839506172,0.04744525547445255,0.6765432098765433,0.4033333333333333,0.47,0.8733333333333333,0.09666666666666666,0.8215297450424929,0.15864022662889518,0.0084985835694051,False,False,False,False,False,False,False,False
POA5157,5157,3015.0,48.0,1936.0,2.7,415.0,403.0,73.0,5.0,899.0,1601.0,60.0,1660.0,763.0,131.0,2557.0,875.0,171.0,14.0,1059.0,2021,818.0,0.6261243644896363,0.03614457831325301,0.6491982792334767,0.46162402669632924,0.4482758620689655,0.9098998887652948,0.08120133481646273,0.826251180358829,0.16147308781869688,0.013220018885741265,False,False,False,False,False,False,False,False
POA5158,5158,25087.0,41.0,1857.0,2.6,2897.0,3556.0,1058.0,54.0,7560.0,13395.0,604.0,13999.0,6082.0,422.0,20503.0,7420.0,1701.0,147.0,9262.0,2021,6453.0,0.6533190264839291,0.04314593899564255,0.6827781300297517,0.3832010582010582,0.4703703703703704,0.8535714285714285,0.13994708994708996,0.8011228676311811,0.18365363852299718,0.015871302094580004,False,False,False,False,False,False,False,False
POA5159,5159,33635.0,43.0,1801.0,2.6,4106.0,4474.0,1336.0,80.0,10000.0,17216.0,765.0,17980.0,9261.0,617.0,27866.0,9831.0,2500.0,180.0,12507.0,2021,8580.0,0.617813823297208,0.04254727474972191,0.645230747147061,0.4106,0.4474,0.858,0.1336,0.7860398177020869,0.19988806268489645,0.014391940513312544,False,False,False,False,False,False,False,False
POA5160,5160,23.0,48.0,725.0,1.6,3.0,0.0,0.0,0.0,3.0,14.0,0.0,11.0,6.0,3.0,26.0,6.0,7.0,0.0,15.0,2021,3.0,0.5384615384615384,0.0,0.4230769230769231,1.0,0.0,1.0,0.0,0.4,0.4666666666666667,0.0,True,True,True,True,False,False,False,False
POA5161,5161,10286.0,40.0,1334.0,2.4,1159.0,1151.0,560.0,52.0,2923.0,4889.0,289.0,5175.0,3067.0,292.0,8541.0,2873.0,1245.0,88.0,4212.0,2021,2310.0,0.5724154080318464,0.05584541062801932,0.6059009483667018,0.396510434485118,0.3937735203557988,0.7902839548409168,0.19158398905234347,0.6820987654320988,0.2955840455840456,0.020892687559354226,False,False,False,False,False,False,False,False
POA5162,5162,35328.0,41.0,1308.0,2.4,3860.0,3871.0,2061.0,170.0,9953.0,16305.0,984.0,17291.0,10912.0,1186.0,29387.0,9743.0,4063.0,376.0,14180.0,2021,7731.0,0.5548371728995815,0.05690821814816957,0.5883894238949195,0.38782276700492313,0.38892796141866776,0.7767507284235908,0.20707324424796544,0.6870944992947814,0.2865303244005642,0.026516220028208744,False,False,False,False,False,False,False,False
POA5163,5163,14922.0,40.0,1209.0,2.4,1525.0,1460.0,1001.0,54.0,4046.0,6245.0,508.0,6756.0,4828.0,669.0,12253.0,3946.0,1644.0,183.0,5768.0,2021,2985.0,0.5096711009548682,0.07519242155121374,0.5513751734269159,0.3769154720711814,0.36085022244191794,0.7377656945130994,0.24740484429065743,0.684119278779473,0.28502080443828015,0.031726768377253814,False,False,False,False,False,False,False,False
POA5164,5164,5239.0,41.0,889.0,2.2,434.0,389.0,392.0,33.0,1241.0,1647.0,219.0,1862.0,1982.0,495.0,4339.0,1225.0,825.0,87.0,2130.0,2021,823.0,0.3795805485134824,0.11761546723952739,0.4291311362064992,0.34971796937953264,0.3134568896051571,0.6631748589846898,0.3158742949234488,0.5751173708920188,0.3873239436619718,0.04084507042253521,False,False,False,False,False,False,False,False
POA5165,5165,5962.0,39.0,1194.0,2.2,617.0,492.0,452.0,36.0,1595.0,2672.0,229.0,2898.0,1876.0,238.0,5015.0,1572.0,852.0,120.0,2545.0,2021,1109.0,0.5328015952143569,0.0790200138026225,0.5778664007976072,0.386833855799373,0.3084639498432602,0.6952978056426332,0.28338557993730407,0.6176817288801572,0.33477406679764243,0.047151277013752456,False,False,False,False,False,False,False,False
POA5166,5166,1844.0,44.0,1072.0,2.2,215.0,161.0,136.0,8.0,515.0,744.0,73.0,816.0,689.0,61.0,1569.0,508.0,270.0,38.0,816.0,2021,376.0,0.47418738049713194,0.08946078431372549,0.5200764818355641,0.4174757281553398,0.312621359223301,0.7300970873786408,0.26407766990291265,0.6225490196078431,0.33088235294117646,0.04656862745098039,False,False,False,False,False,False,False,False
POA5167,5167,6303.0,43.0,1439.0,2.4,740.0,696.0,312.0,29.0,1776.0,3092.0,161.0,3252.0,1812.0,174.0,5238.0,1741.0,692.0,67.0,2503.0,2021,1436.0,0.5903016418480336,0.0495079950799508,0.6208476517754868,0.4166666666666667,0.3918918918918919,0.8085585585585585,0.17567567567567569,0.6955653216140631,0.2764682381142629,0.026767878545745107,False,False,False,False,False,False,False,False
POA5168,5168,5772.0,40.0,1250.0,2.3,600.0,596.0,349.0,29.0,1570.0,2597.0,180.0,2775.0,1750.0,214.0,4738.0,1540.0,720.0,71.0,2330.0,2021,1196.0,0.5481215702828197,0.06486486486486487,0.5856901646264246,0.3821656050955414,0.3796178343949045,0.7617834394904459,0.22229299363057325,0.6609442060085837,0.3090128755364807,0.030472103004291845,False,False,False,False,False,False,False,False
POA5169,5169,20086.0,37.0,1527.0,2.5,2140.0,2435.0,1076.0,65.0,5728.0,9689.0,561.0,10249.0,5031.0,634.0,15915.0,5630.0,1794.0,178.0,7612.0,2021,4575.0,0.6087967326421615,0.05473704751683091,0.6439836632108075,0.37360335195530725,0.42510474860335196,0.7987081005586593,0.1878491620111732,0.7396216500262743,0.23568050446663164,0.023384130320546506,False,False,False,False,False,False,False,False
POA5170,5170,1213.0,46.0,1380.0,2.4,147.0,132.0,63.0,6.0,348.0,611.0,45.0,659.0,338.0,33.0,1039.0,348.0,138.0,7.0,493.0,2021,279.0,0.588065447545717,0.06828528072837632,0.6342637151106834,0.4224137931034483,0.3793103448275862,0.8017241379310345,0.1810344827586207,0.7058823529411765,0.2799188640973631,0.014198782961460446,False,False,False,False,False,False,False,False
POA5171,5171,6265.0,49.0,1503.0,2.5,865.0,749.0,206.0,14.0,1837.0,2946.0,115.0,3056.0,1918.0,273.0,5247.0,1801.0,544.0,27.0,2373.0,2021,1614.0,0.5614636935391653,0.03763089005235602,0.5824280541261674,0.4708764289602613,0.40772999455634185,0.8786064235166031,0.11213935764833968,0.7589549093973873,0.2292456805731142,0.011378002528445006,False,False,False,False,False,False,False,False
POA5172,5172,4189.0,47.0,1809.0,2.6,568.0,537.0,137.0,3.0,1246.0,2110.0,83.0,2192.0,1103.0,164.0,3464.0,1229.0,274.0,13.0,1515.0,2021,1105.0,0.609122401847575,0.03786496350364964,0.6327944572748267,0.45585874799357945,0.43097913322632425,0.8868378812199037,0.10995184590690209,0.8112211221122112,0.18085808580858087,0.008580858085808581,False,False,False,False,False,False,False,False
POA5173,5173,13213.0,40.0,1290.0,2.5,1365.0,1402.0,819.0,45.0,3628.0,5797.0,374.0,6168.0,3803.0,563.0,10534.0,3560.0,1370.0,142.0,5072.0,2021,2767.0,0.5503132713119423,0.060635538261997406,0.5855325612303018,0.3762403528114664,0.386438809261301,0.7626791620727673,0.22574421168687983,0.7018927444794952,0.2701104100946372,0.027996845425867507,False,False,False,False,False,False,False,False
POA5174,5174,3004.0,42.0,1445.0,2.5,381.0,340.0,136.0,4.0,865.0,1453.0,82.0,1533.0,788.0,150.0,2470.0,849.0,256.0,34.0,1143.0,2021,721.0,0.5882591093117409,0.05348988910632746,0.6206477732793523,0.44046242774566474,0.3930635838150289,0.8335260115606936,0.15722543352601157,0.7427821522309711,0.22397200349956256,0.02974628171478565,False,False,False,False,False,False,False,False
POA5201,5201,2305.0,41.0,1973.0,2.7,292.0,291.0,72.0,13.0,673.0,1203.0,35.0,1240.0,480.0,137.0,1853.0,654.0,122.0,9.0,792.0,2021,583.0,0.6492174851592013,0.028225806451612902,0.6691851052347545,0.4338781575037147,0.4323922734026746,0.8662704309063893,0.10698365527488855,0.8257575757575758,0.15404040404040403,0.011363636363636364,False,False,False,False,False,False,False,False
POA5202,5202,938.0,40.0,1537.0,2.7,105.0,121.0,23.0,0.0,256.0,466.0,18.0,486.0,203.0,46.0,733.0,250.0,65.0,11.0,323.0,2021,226.0,0.635743519781719,0.037037037037037035,0.6630286493860846,0.41015625,0.47265625,0.8828125,0.08984375,0.7739938080495357,0.20123839009287925,0.034055727554179564,False,False,False,False,False,False,False,False
POA5203,5203,1320.0,56.0,1069.0,2.2,205.0,118.0,39.0,0.0,363.0,541.0,33.0,579.0,526.0,52.0,1158.0,360.0,192.0,11.0,555.0,2021,323.0,0.46718480138169255,0.05699481865284974,0.5,0.5647382920110193,0.325068870523416,0.8898071625344353,0.10743801652892562,0.6486486486486487,0.34594594594594597,0.01981981981981982,False,False,False,False,False,False,False,False
POA5204,5204,3373.0,60.0,947.0,2.0,651.0,223.0,98.0,8.0,977.0,1180.0,72.0,1249.0,1552.0,181.0,2982.0,967.0,506.0,30.0,1505.0,2021,874.0,0.39570757880617036,0.057646116893514815,0.41884641180415827,0.6663254861821903,0.22824974411463664,0.8945752302968271,0.10030706243602866,0.6425249169435215,0.3362126245847176,0.019933554817275746,False,False,False,False,False,False,False,False
POA5210,5210,1877.0,41.0,1647.0,2.7,233.0,242.0,49.0,6.0,534.0,906.0,34.0,938.0,486.0,77.0,1506.0,522.0,105.0,19.0,642.0,2021,475.0,0.601593625498008,0.03624733475479744,0.6228419654714475,0.4363295880149813,0.45318352059925093,0.8895131086142322,0.09176029962546817,0.8130841121495327,0.16355140186915887,0.029595015576323987,False,False,False,False,False,False,False,False
POA5211,5211,16845.0,60.0,994.0,2.1,2981.0,1234.0,683.0,56.0,4959.0,5645.0,317.0,5964.0,8210.0,586.0,14754.0,4883.0,2419.0,141.0,7446.0,2021,4215.0,0.38260810627626407,0.053152246814218644,0.40422936152907685,0.6011292599314378,0.24884049203468442,0.8499697519661222,0.1377293809235733,0.655788342734354,0.3248724147193124,0.01893634165995165,False,False,False,False,False,False,False,False
POA5212,5212,2251.0,61.0,1073.0,2.1,425.0,163.0,78.0,5.0,668.0,761.0,35.0,794.0,1124.0,62.0,1979.0,660.0,277.0,14.0,954.0,2021,588.0,0.38453764527539164,0.04408060453400504,0.4012127337038909,0.6362275449101796,0.2440119760479042,0.8802395209580839,0.11676646706586827,0.6918238993710691,0.29035639412997905,0.014675052410901468,False,False,False,False,False,False,False,False
POA5213,5213,1298.0,49.0,1330.0,2.3,195.0,137.0,33.0,0.0,366.0,595.0,19.0,612.0,435.0,43.0,1090.0,368.0,142.0,16.0,519.0,2021,332.0,0.5458715596330275,0.03104575163398693,0.5614678899082569,0.5327868852459017,0.3743169398907104,0.907103825136612,0.09016393442622951,0.7090558766859345,0.27360308285163776,0.030828516377649325,False,False,False,False,False,False,False,False
POA5214,5214,9557.0,62.0,938.0,2.0,1816.0,596.0,336.0,40.0,2785.0,3001.0,205.0,3205.0,4959.0,422.0,8585.0,2751.0,1481.0,98.0,4326.0,2021,2412.0,0.349563191613279,0.06396255850234009,0.37332556785090276,0.652064631956912,0.21400359066427288,0.8660682226211849,0.12064631956912028,0.6359223300970874,0.34234858992140543,0.022653721682847898,False,False,False,False,False,False,False,False
POA5220,5220,155.0,43.0,1100.0,2.3,17.0,8.0,11.0,0.0,36.0,66.0,5.0,76.0,36.0,15.0,123.0,37.0,17.0,5.0,59.0,2021,25.0,0.5365853658536586,0.06578947368421052,0.6178861788617886,0.4722222222222222,0.2222222222222222,0.6944444444444444,0.3055555555555556,0.6271186440677966,0.288135593220339,0.0847457627118644,False,False,False,False,False,False,False,False
POA5221,5221,331.0,62.0,861.0,1.8,67.0,14.0,11.0,0.0,90.0,115.0,10.0,127.0,154.0,19.0,302.0,90.0,67.0,3.0,154.0,2021,81.0,0.38079470198675497,0.07874015748031496,0.4205298013245033,0.7444444444444445,0.15555555555555556,0.9,0.12222222222222222,0.5844155844155844,0.43506493506493504,0.01948051948051948,False,False,False,False,False,False,False,False
POA5222,5222,678.0,56.0,1004.0,2.0,126.0,41.0,16.0,5.0,188.0,315.0,18.0,336.0,228.0,41.0,603.0,194.0,104.0,0.0,295.0,2021,167.0,0.5223880597014925,0.05357142857142857,0.5572139303482587,0.6702127659574468,0.21808510638297873,0.8882978723404256,0.0851063829787234,0.6576271186440678,0.3525423728813559,0.0,False,False,False,False,False,False,False,False
POA5223,5223,3734.0,48.0,1209.0,2.2,506.0,326.0,87.0,15.0,931.0,1783.0,58.0,1836.0,952.0,302.0,3084.0,917.0,472.0,40.0,1430.0,2021,832.0,0.5781452658884566,0.03159041394335512,0.5953307392996109,0.5435016111707841,0.3501611170784103,0.8936627282491945,0.09344790547798067,0.6412587412587413,0.3300699300699301,0.027972027972027972,False,False,False,False,False,False,False,False
POA5231,5231,1284.0,46.0,1912.0,2.6,172.0,174.0,31.0,0.0,380.0,679.0,26.0,706.0,291.0,74.0,1074.0,380.0,79.0,4.0,465.0,2021,346.0,0.6322160148975792,0.036827195467422094,0.6573556797020484,0.45263157894736844,0.45789473684210524,0.9105263157894737,0.08157894736842106,0.8172043010752689,0.16989247311827957,0.008602150537634409,False,False,False,False,False,False,False,False
POA5232,5232,425.0,52.0,1875.0,2.8,75.0,55.0,7.0,0.0,136.0,240.0,12.0,251.0,117.0,5.0,372.0,132.0,15.0,0.0,143.0,2021,130.0,0.6451612903225806,0.04780876494023904,0.6747311827956989,0.5514705882352942,0.40441176470588236,0.9558823529411765,0.051470588235294115,0.9230769230769231,0.1048951048951049,0.0,False,False,False,False,False,False,False,False
POA5233,5233,1513.0,48.0,1787.0,2.6,185.0,201.0,45.0,0.0,426.0,780.0,28.0,806.0,400.0,78.0,1283.0,418.0,106.0,10.0,532.0,2021,386.0,0.607950116913484,0.034739454094292806,0.6282151208106002,0.43427230046948356,0.47183098591549294,0.9061032863849765,0.1056338028169014,0.7857142857142857,0.19924812030075187,0.018796992481203006,False,False,False,False,False,False,False,False
POA5234,5234,1376.0,43.0,1754.0,2.7,158.0,177.0,41.0,4.0,379.0,702.0,22.0,728.0,317.0,62.0,1109.0,375.0,92.0,7.0,477.0,2021,335.0,0.6330027051397655,0.03021978021978022,0.6564472497745717,0.41688654353562005,0.46701846965699206,0.8839050131926122,0.10817941952506596,0.7861635220125787,0.1928721174004193,0.014675052410901468,False,False,False,False,False,False,False,False
POA5235,5235,2640.0,48.0,1365.0,2.4,361.0,281.0,89.0,3.0,727.0,1266.0,49.0,1316.0,725.0,170.0,2204.0,725.0,284.0,26.0,1029.0,2021,642.0,0.574410163339383,0.03723404255319149,0.5970961887477314,0.4965612104539202,0.38651994497936726,0.8830811554332875,0.12242090784044017,0.7045675413022352,0.2759961127308066,0.025267249757045675,False,False,False,False,False,False,False,False
POA5236,5236,342.0,45.0,1192.0,2.4,41.0,43.0,12.0,0.0,93.0,170.0,3.0,178.0,80.0,19.0,280.0,93.0,43.0,6.0,138.0,2021,84.0,0.6071428571428571,0.016853932584269662,0.6357142857142857,0.44086021505376344,0.46236559139784944,0.9032258064516129,0.12903225806451613,0.6739130434782609,0.3115942028985507,0.043478260869565216,False,False,False,False,False,False,False,False
POA5237,5237,358.0,50.0,1192.0,2.3,49.0,32.0,21.0,4.0,108.0,172.0,11.0,187.0,111.0,12.0,309.0,105.0,43.0,4.0,149.0,2021,81.0,0.5566343042071198,0.058823529411764705,0.6051779935275081,0.4537037037037037,0.2962962962962963,0.75,0.19444444444444445,0.7046979865771812,0.28859060402684567,0.026845637583892617,False,False,False,False,False,False,False,False
POA5238,5238,4422.0,57.0,838.0,2.0,711.0,295.0,180.0,16.0,1203.0,1546.0,109.0,1658.0,1929.0,284.0,3868.0,1185.0,710.0,40.0,1933.0,2021,1006.0,0.3996897621509824,0.06574185765983112,0.4286452947259566,0.5910224438902744,0.24522028262676643,0.8362427265170407,0.14962593516209477,0.6130367304707708,0.36730470770822554,0.020693222969477496,False,False,False,False,False,False,False,False
POA5240,5240,534.0,43.0,1968.0,2.8,62.0,73.0,11.0,3.0,153.0,302.0,6.0,305.0,115.0,25.0,445.0,145.0,31.0,4.0,184.0,2021,135.0,0.6786516853932584,0.019672131147540985,0.6853932584269663,0.40522875816993464,0.477124183006536,0.8823529411764706,0.0718954248366013,0.7880434782608695,0.16847826086956522,0.021739130434782608,False,False,False,False,False,False,False,False
POA5241,5241,2534.0,43.0,1529.0,2.5,308.0,295.0,102.0,5.0,704.0,1232.0,48.0,1284.0,668.0,118.0,2061.0,690.0,256.0,13.0,959.0,2021,603.0,0.5977680737506065,0.037383177570093455,0.6229985443959243,0.4375,0.4190340909090909,0.8565340909090909,0.14488636363636365,0.7194994786235662,0.2669447340980188,0.013555787278415016,False,False,False,False,False,False,False,False
POA5242,5242,1756.0,44.0,1851.0,2.7,194.0,237.0,63.0,4.0,497.0,874.0,21.0,896.0,456.0,84.0,1436.0,489.0,123.0,12.0,622.0,2021,431.0,0.6086350974930362,0.0234375,0.6239554317548747,0.3903420523138833,0.4768611670020121,0.8672032193158954,0.1267605633802817,0.7861736334405145,0.1977491961414791,0.01929260450160772,False,False,False,False,False,False,False,False
POA5243,5243,865.0,48.0,2024.0,2.5,122.0,98.0,29.0,0.0,251.0,446.0,14.0,458.0,221.0,40.0,723.0,248.0,68.0,0.0,319.0,2021,220.0,0.6168741355463347,0.03056768558951965,0.6334716459197787,0.4860557768924303,0.3904382470119522,0.8764940239043825,0.11553784860557768,0.7774294670846394,0.21316614420062696,0.0,False,False,False,False,False,False,False,False
POA5244,5244,4451.0,45.0,1714.0,2.6,546.0,551.0,137.0,6.0,1240.0,2286.0,64.0,2344.0,1187.0,187.0,3723.0,1208.0,362.0,18.0,1589.0,2021,1097.0,0.6140209508460919,0.027303754266211604,0.6295997851195273,0.4403225806451613,0.4443548387096774,0.8846774193548387,0.11048387096774194,0.7602265575833858,0.2278162366268093,0.011327879169288861,False,False,False,False,False,False,False,False
POA5245,5245,3252.0,51.0,1788.0,2.5,404.0,389.0,93.0,0.0,888.0,1511.0,51.0,1566.0,1066.0,126.0,2755.0,875.0,277.0,22.0,1171.0,2021,793.0,0.5484573502722323,0.032567049808429116,0.5684210526315789,0.45495495495495497,0.4380630630630631,0.8930180180180181,0.10472972972972973,0.7472245943637916,0.23654995730145176,0.018787361229718188,False,False,False,False,False,False,False,False
POA5250,5250,3767.0,41.0,2127.0,2.8,421.0,519.0,157.0,5.0,1109.0,1981.0,64.0,2044.0,861.0,76.0,2980.0,1086.0,213.0,11.0,1313.0,2021,940.0,0.6647651006711409,0.03131115459882583,0.6859060402684564,0.37962128043282234,0.46798917944093776,0.8476104598737602,0.14156898106402163,0.8271134805788272,0.16222391469916222,0.008377760853008377,False,False,False,False,False,False,False,False
POA5251,5251,19184.0,37.0,1634.0,2.5,2098.0,2277.0,942.0,61.0,5379.0,9700.0,366.0,10070.0,4775.0,560.0,15402.0,5303.0,1820.0,202.0,7329.0,2021,4375.0,0.6297883391767303,0.03634558093346574,0.6538111933515128,0.39003532255066,0.4233128834355828,0.8133482059862428,0.17512548800892358,0.72356392413699,0.24832855778414517,0.02756174102878974,False,False,False,False,False,False,False,False
POA5252,5252,6783.0,37.0,1768.0,2.6,707.0,910.0,296.0,18.0,1927.0,3628.0,149.0,3776.0,1314.0,230.0,5312.0,1908.0,520.0,42.0,2473.0,2021,1617.0,0.6829819277108434,0.03945974576271186,0.7108433734939759,0.3668915412558381,0.4722366372599896,0.8391281785158277,0.15360664244940322,0.7715325515568136,0.21027092600080874,0.016983420946219168,False,False,False,False,False,False,False,False
POA5253,5253,19261.0,43.0,1083.0,2.3,2210.0,1703.0,995.0,78.0,4993.0,7549.0,543.0,8089.0,6993.0,941.0,16027.0,4880.0,2450.0,227.0,7551.0,2021,3913.0,0.4710176577026268,0.06712819878847819,0.5047108005241155,0.44261966753454834,0.3410775085119167,0.783697176046465,0.19927899058682155,0.6462720169513971,0.3244603363792875,0.03006224341146868,False,False,False,False,False,False,False,False
POA5254,5254,2502.0,44.0,1369.0,2.5,317.0,283.0,98.0,8.0,713.0,1236.0,58.0,1292.0,644.0,123.0,2063.0,694.0,217.0,17.0,925.0,2021,600.0,0.5991274842462433,0.04489164086687306,0.6262724188075618,0.44460028050490885,0.39691444600280507,0.8415147265077139,0.13744740532959326,0.7502702702702703,0.23459459459459459,0.018378378378378378,False,False,False,False,False,False,False,False
POA5255,5255,10143.0,47.0,1364.0,2.5,1360.0,1108.0,423.0,27.0,2909.0,4644.0,172.0,4822.0,3164.0,426.0,8408.0,2848.0,947.0,64.0,3865.0,2021,2468.0,0.5523311132254995,0.03566984653670676,0.5735014272121789,0.46751460983155724,0.38088690271570985,0.8484015125472671,0.14541079408731522,0.736869340232859,0.24501940491591204,0.016558861578266495,False,False,False,False,False,False,False,False
POA5256,5256,1547.0,56.0,874.0,2.0,239.0,120.0,54.0,5.0,410.0,587.0,29.0,616.0,657.0,108.0,1379.0,406.0,250.0,22.0,683.0,2021,359.0,0.425670775924583,0.04707792207792208,0.4467005076142132,0.5829268292682926,0.2926829268292683,0.875609756097561,0.13170731707317074,0.5944363103953147,0.36603221083455345,0.032210834553440704,False,False,False,False,False,False,False,False
POA5259,5259,1111.0,49.0,1255.0,2.3,187.0,97.0,36.0,7.0,327.0,490.0,21.0,516.0,347.0,56.0,915.0,314.0,110.0,13.0,439.0,2021,284.0,0.5355191256830601,0.040697674418604654,0.5639344262295082,0.5718654434250765,0.2966360856269113,0.8685015290519877,0.11009174311926606,0.715261958997722,0.2505694760820046,0.029612756264236904,False,False,False,False,False,False,False,False
POA5260,5260,1797.0,49.0,912.0,2.2,216.0,127.0,100.0,9.0,449.0,638.0,58.0,699.0,658.0,183.0,1537.0,440.0,260.0,24.0,726.0,2021,343.0,0.41509433962264153,0.08297567954220315,0.4547820429407938,0.48106904231625836,0.2828507795100223,0.7639198218262806,0.22271714922049,0.6060606060606061,0.3581267217630854,0.03305785123966942,False,False,False,False,False,False,False,False
POA5261,5261,335.0,45.0,1163.0,2.4,48.0,41.0,9.0,0.0,94.0,190.0,9.0,193.0,60.0,23.0,274.0,94.0,38.0,0.0,126.0,2021,89.0,0.6934306569343066,0.046632124352331605,0.7043795620437956,0.5106382978723404,0.43617021276595747,0.9468085106382979,0.09574468085106383,0.746031746031746,0.30158730158730157,0.0,False,False,False,False,False,False,False,False
POA5262,5262,476.0,44.0,1458.0,2.4,59.0,57.0,11.0,0.0,125.0,250.0,3.0,252.0,87.0,34.0,372.0,125.0,42.0,10.0,173.0,2021,116.0,0.6720430107526881,0.011904761904761904,0.6774193548387096,0.472,0.456,0.928,0.088,0.7225433526011561,0.24277456647398843,0.057803468208092484,False,False,False,False,False,False,False,False
POA5263,5263,135.0,53.0,1708.0,2.1,30.0,11.0,3.0,0.0,43.0,91.0,0.0,91.0,20.0,4.0,115.0,45.0,15.0,0.0,56.0,2021,41.0,0.7913043478260869,0.0,0.7913043478260869,0.6976744186046512,0.2558139534883721,0.9534883720930233,0.06976744186046512,0.8035714285714286,0.26785714285714285,0.0,False,False,False,False,False,False,False,False
POA5264,5264,1287.0,54.0,1039.0,2.1,195.0,91.0,39.0,3.0,328.0,543.0,13.0,562.0,423.0,119.0,1105.0,325.0,193.0,9.0,525.0,2021,286.0,0.49140271493212667,0.023131672597864767,0.5085972850678733,0.5945121951219512,0.2774390243902439,0.8719512195121951,0.11890243902439024,0.6190476190476191,0.3676190476190476,0.017142857142857144,False,False,False,False,False,False,False,False
POA5265,5265,428.0,48.0,1088.0,2.1,50.0,42.0,12.0,6.0,108.0,200.0,7.0,209.0,126.0,28.0,363.0,106.0,65.0,8.0,177.0,2021,92.0,0.5509641873278237,0.03349282296650718,0.5757575757575758,0.46296296296296297,0.3888888888888889,0.8518518518518519,0.1111111111111111,0.5988700564971752,0.3672316384180791,0.04519774011299435,False,False,False,False,False,False,False,False
POA5266,5266,611.0,37.0,1461.0,2.3,77.0,61.0,12.0,0.0,153.0,333.0,4.0,338.0,101.0,51.0,488.0,146.0,79.0,10.0,236.0,2021,138.0,0.6823770491803278,0.011834319526627219,0.6926229508196722,0.5032679738562091,0.39869281045751637,0.9019607843137255,0.0784313725490196,0.6186440677966102,0.3347457627118644,0.0423728813559322,False,False,False,False,False,False,False,False
POA5267,5267,2026.0,42.0,1412.0,2.4,255.0,210.0,49.0,6.0,519.0,1070.0,18.0,1083.0,392.0,160.0,1633.0,518.0,218.0,22.0,760.0,2021,465.0,0.6552357624004899,0.01662049861495845,0.6631965707287202,0.4913294797687861,0.4046242774566474,0.8959537572254336,0.09441233140655106,0.6815789473684211,0.2868421052631579,0.02894736842105263,False,False,False,False,False,False,False,False
POA5268,5268,3695.0,41.0,1483.0,2.4,438.0,381.0,111.0,17.0,947.0,1992.0,39.0,2029.0,827.0,203.0,3059.0,939.0,365.0,62.0,1367.0,2021,819.0,0.651193200392285,0.019221291276490884,0.6632886564236679,0.4625131995776135,0.40232312565997885,0.8648363252375924,0.11721224920802534,0.6869056327724945,0.2670080468178493,0.04535479151426482,False,False,False,False,False,False,False,False
POA5269,5269,293.0,38.0,1449.0,2.7,19.0,33.0,12.0,0.0,71.0,140.0,7.0,149.0,57.0,31.0,236.0,71.0,20.0,3.0,95.0,2021,52.0,0.5932203389830508,0.04697986577181208,0.6313559322033898,0.2676056338028169,0.4647887323943662,0.7323943661971831,0.16901408450704225,0.7473684210526316,0.21052631578947367,0.031578947368421054,False,False,False,False,False,False,False,False
POA5270,5270,624.0,47.0,1829.0,2.5,97.0,66.0,13.0,0.0,182.0,352.0,4.0,352.0,107.0,45.0,511.0,180.0,43.0,3.0,227.0,2021,163.0,0.6888454011741683,0.011363636363636364,0.6888454011741683,0.532967032967033,0.3626373626373626,0.8956043956043956,0.07142857142857142,0.7929515418502202,0.1894273127753304,0.013215859030837005,False,False,False,False,False,False,False,False
POA5271,5271,7663.0,41.0,1425.0,2.4,953.0,797.0,218.0,19.0,1989.0,3789.0,105.0,3895.0,1858.0,475.0,6230.0,1959.0,834.0,110.0,2902.0,2021,1750.0,0.6081861958266452,0.026957637997432605,0.6252006420545746,0.4791352438411262,0.4007038712921066,0.8798391151332328,0.10960281548516843,0.6750516884906961,0.28738800827015853,0.03790489317711923,False,False,False,False,False,False,False,False
POA5272,5272,908.0,44.0,1442.0,2.5,117.0,109.0,8.0,0.0,240.0,498.0,11.0,507.0,175.0,60.0,743.0,242.0,89.0,4.0,333.0,2021,226.0,0.6702557200538358,0.021696252465483234,0.6823687752355316,0.4875,0.45416666666666666,0.9416666666666667,0.03333333333333333,0.7267267267267268,0.2672672672672673,0.012012012012012012,False,False,False,False,False,False,False,False
POA5273,5273,112.0,41.0,1562.0,2.5,16.0,13.0,3.0,0.0,37.0,69.0,0.0,66.0,19.0,9.0,91.0,38.0,4.0,0.0,46.0,2021,29.0,0.7582417582417582,0.0,0.7252747252747253,0.43243243243243246,0.35135135135135137,0.7837837837837838,0.08108108108108109,0.8260869565217391,0.08695652173913043,0.0,False,False,False,False,False,False,False,False
POA5275,5275,2380.0,53.0,1155.0,2.1,381.0,198.0,64.0,9.0,653.0,1092.0,29.0,1125.0,802.0,135.0,2063.0,652.0,340.0,28.0,1009.0,2021,579.0,0.5293262239457102,0.025777777777777778,0.5453223460979156,0.5834609494640123,0.30321592649310875,0.886676875957121,0.09800918836140889,0.6461843409316155,0.33696729435084244,0.027750247770069375,False,False,False,False,False,False,False,False
POA5276,5276,1335.0,54.0,1227.0,2.1,235.0,110.0,31.0,5.0,378.0,631.0,14.0,638.0,445.0,67.0,1155.0,376.0,168.0,11.0,559.0,2021,345.0,0.5463203463203463,0.0219435736677116,0.5523809523809524,0.6216931216931217,0.291005291005291,0.9126984126984127,0.082010582010582,0.6726296958855098,0.3005366726296959,0.01967799642218247,False,False,False,False,False,False,False,False
POA5277,5277,2885.0,47.0,1253.0,2.2,376.0,270.0,109.0,9.0,768.0,1366.0,62.0,1431.0,799.0,167.0,2394.0,758.0,388.0,18.0,1165.0,2021,646.0,0.570593149540518,0.04332634521313766,0.5977443609022557,0.4895833333333333,0.3515625,0.8411458333333334,0.14192708333333334,0.6506437768240343,0.33304721030042916,0.015450643776824034,False,False,False,False,False,False,False,False
POA5278,5278,529.0,48.0,1179.0,2.3,74.0,46.0,23.0,4.0,141.0,236.0,16.0,249.0,134.0,59.0,443.0,140.0,49.0,4.0,198.0,2021,120.0,0.5327313769751693,0.0642570281124498,0.5620767494356659,0.524822695035461,0.3262411347517731,0.851063829787234,0.16312056737588654,0.7070707070707071,0.2474747474747475,0.020202020202020204,False,False,False,False,False,False,False,False
POA5279,5279,557.0,48.0,1175.0,2.3,75.0,50.0,21.0,0.0,148.0,215.0,10.0,223.0,182.0,61.0,462.0,147.0,55.0,4.0,207.0,2021,125.0,0.4653679653679654,0.04484304932735426,0.48268398268398266,0.5067567567567568,0.33783783783783783,0.8445945945945946,0.14189189189189189,0.7101449275362319,0.26570048309178745,0.01932367149758454,False,False,False,False,False,False,False,False
POA5280,5280,7561.0,50.0,1095.0,2.2,1016.0,676.0,293.0,30.0,2015.0,3151.0,144.0,3302.0,2637.0,455.0,6392.0,1989.0,1014.0,44.0,3045.0,2021,1692.0,0.49295994993742176,0.043609933373712904,0.5165832290362954,0.5042183622828784,0.33548387096774196,0.8397022332506203,0.14540942928039702,0.6532019704433497,0.3330049261083744,0.01444991789819376,False,False,False,False,False,False,False,False
POA5290,5290,25591.0,41.0,1197.0,2.2,2907.0,2372.0,1340.0,100.0,6716.0,11622.0,593.0,12222.0,7632.0,1163.0,21015.0,6620.0,3672.0,241.0,10528.0,2021,5279.0,0.5530335474660957,0.04851906398298151,0.5815845824411134,0.43284693269803454,0.35318642048838594,0.7860333531864205,0.19952352590827874,0.6287993920972644,0.3487841945288754,0.022891337386018236,False,False,False,False,False,False,False,False
POA5291,5291,10151.0,43.0,1861.0,2.7,1223.0,1188.0,229.0,23.0,2665.0,5007.0,129.0,5136.0,2598.0,557.0,8294.0,2613.0,564.0,59.0,3238.0,2021,2411.0,0.6036894140342416,0.02511682242990654,0.6192428261393779,0.45891181988742963,0.44577861163227017,0.9046904315196999,0.08592870544090056,0.8069796170475603,0.17418159357628166,0.018221124150710314,False,False,False,False,False,False,False,False
POA5301,5301,503.0,51.0,1134.0,2.3,84.0,50.0,11.0,0.0,148.0,254.0,0.0,254.0,133.0,26.0,414.0,144.0,64.0,6.0,206.0,2021,134.0,0.6135265700483091,0.0,0.6135265700483091,0.5675675675675675,0.33783783783783783,0.9054054054054054,0.07432432432432433,0.6990291262135923,0.3106796116504854,0.02912621359223301,False,False,False,False,False,False,False,False
POA5302,5302,855.0,46.0,1368.0,2.3,117.0,87.0,21.0,3.0,226.0,389.0,12.0,409.0,231.0,66.0,702.0,224.0,103.0,6.0,333.0,2021,204.0,0.5541310541310541,0.029339853300733496,0.5826210826210826,0.5176991150442478,0.38495575221238937,0.9026548672566371,0.09292035398230089,0.6726726726726727,0.30930930930930933,0.018018018018018018,False,False,False,False,False,False,False,False
POA5303,5303,159.0,40.0,1687.0,2.4,16.0,20.0,5.0,0.0,37.0,82.0,0.0,87.0,32.0,10.0,128.0,44.0,14.0,4.0,57.0,2021,36.0,0.640625,0.0,0.6796875,0.43243243243243246,0.5405405405405406,0.972972972972973,0.13513513513513514,0.7719298245614035,0.24561403508771928,0.07017543859649122,False,False,False,False,False,False,False,False
POA5304,5304,840.0,42.0,1237.0,2.1,115.0,68.0,23.0,0.0,200.0,427.0,15.0,438.0,217.0,53.0,709.0,199.0,141.0,14.0,352.0,2021,183.0,0.6022566995768688,0.03424657534246575,0.6177715091678421,0.575,0.34,0.915,0.115,0.5653409090909091,0.4005681818181818,0.03977272727272727,False,False,False,False,False,False,False,False
POA5306,5306,72.0,55.0,1062.0,2.1,8.0,4.0,0.0,0.0,18.0,35.0,0.0,35.0,12.0,9.0,63.0,21.0,10.0,0.0,26.0,2021,12.0,0.5555555555555556,0.0,0.5555555555555556,0.4444444444444444,0.2222222222222222,0.6666666666666666,0.0,0.8076923076923077,0.38461538461538464,0.0,False,False,True,True,False,False,False,False
POA5307,5307,560.0,54.0,831.0,2.1,72.0,43.0,19.0,7.0,139.0,210.0,9.0,221.0,214.0,33.0,470.0,140.0,90.0,0.0,236.0,2021,115.0,0.44680851063829785,0.04072398190045249,0.4702127659574468,0.5179856115107914,0.30935251798561153,0.8273381294964028,0.1366906474820144,0.5932203389830508,0.3813559322033898,0.0,False,False,False,False,False,False,False,False
POA5308,5308,138.0,45.0,924.0,2.2,15.0,16.0,0.0,0.0,31.0,67.0,0.0,73.0,30.0,9.0,119.0,34.0,24.0,0.0,50.0,2021,31.0,0.5630252100840336,0.0,0.6134453781512605,0.4838709677419355,0.5161290322580645,1.0,0.0,0.68,0.48,0.0,False,False,False,False,False,False,False,False
POA5309,5309,135.0,45.0,966.0,2.7,11.0,15.0,4.0,0.0,28.0,65.0,0.0,68.0,28.0,15.0,110.0,33.0,13.0,0.0,41.0,2021,26.0,0.5909090909090909,0.0,0.6181818181818182,0.39285714285714285,0.5357142857142857,0.9285714285714286,0.14285714285714285,0.8048780487804879,0.3170731707317073,0.0,False,False,True,False,False,False,False,False
POA5310,5310,32.0,42.0,1125.0,2.9,0.0,3.0,0.0,0.0,9.0,10.0,0.0,13.0,12.0,0.0,26.0,11.0,4.0,0.0,12.0,2021,3.0,0.38461538461538464,0.0,0.5,0.0,0.3333333333333333,0.3333333333333333,0.0,0.9166666666666666,0.3333333333333333,0.0,False,True,True,True,False,False,False,False
POA5311,5311,398.0,49.0,1097.0,2.3,56.0,35.0,4.0,4.0,98.0,186.0,10.0,197.0,109.0,43.0,344.0,103.0,49.0,0.0,152.0,2021,91.0,0.5406976744186046,0.050761421319796954,0.5726744186046512,0.5714285714285714,0.35714285714285715,0.9285714285714286,0.04081632653061224,0.6776315789473685,0.3223684210526316,0.0,False,False,False,False,False,False,False,False
POA5320,5320,699.0,57.0,789.0,1.9,112.0,40.0,27.0,0.0,179.0,219.0,17.0,244.0,316.0,50.0,612.0,180.0,132.0,4.0,317.0,2021,152.0,0.35784313725490197,0.06967213114754098,0.39869281045751637,0.6256983240223464,0.22346368715083798,0.8491620111731844,0.15083798882681565,0.5678233438485805,0.416403785488959,0.012618296529968454,False,False,False,False,False,False,False,False
POA5321,5321,547.0,47.0,866.0,2.1,48.0,23.0,10.0,7.0,83.0,119.0,16.0,134.0,331.0,38.0,504.0,76.0,54.0,4.0,142.0,2021,71.0,0.2361111111111111,0.11940298507462686,0.26587301587301587,0.5783132530120482,0.27710843373493976,0.8554216867469879,0.12048192771084337,0.5352112676056338,0.38028169014084506,0.028169014084507043,False,False,False,False,False,False,False,False
POA5322,5322,942.0,50.0,1261.0,2.3,138.0,95.0,26.0,10.0,273.0,471.0,16.0,483.0,279.0,32.0,800.0,268.0,108.0,10.0,391.0,2021,233.0,0.58875,0.033126293995859216,0.60375,0.5054945054945055,0.34798534798534797,0.8534798534798534,0.09523809523809523,0.6854219948849105,0.27621483375959077,0.02557544757033248,False,False,False,False,False,False,False,False
POA5330,5330,3376.0,49.0,1032.0,2.2,474.0,291.0,125.0,7.0,907.0,1432.0,62.0,1494.0,1114.0,213.0,2822.0,887.0,442.0,34.0,1371.0,2021,765.0,0.5074415308291992,0.041499330655957165,0.5294117647058824,0.5226019845644984,0.32083792723263505,0.8434399117971334,0.1378169790518192,0.6469730123997083,0.3223924142961342,0.024799416484318017,False,False,False,False,False,False,False,False
POA5331,5331,312.0,53.0,1257.0,2.2,59.0,26.0,9.0,0.0,90.0,124.0,5.0,133.0,123.0,13.0,273.0,93.0,35.0,3.0,126.0,2021,85.0,0.4542124542124542,0.03759398496240601,0.48717948717948717,0.6555555555555556,0.28888888888888886,0.9444444444444444,0.1,0.7380952380952381,0.2777777777777778,0.023809523809523808,False,False,False,False,False,False,False,False
POA5332,5332,375.0,52.0,1134.0,2.3,60.0,29.0,9.0,0.0,103.0,157.0,11.0,168.0,128.0,22.0,314.0,96.0,44.0,8.0,151.0,2021,89.0,0.5,0.06547619047619048,0.535031847133758,0.5825242718446602,0.2815533980582524,0.8640776699029126,0.08737864077669903,0.6357615894039735,0.2913907284768212,0.052980132450331126,False,False,False,False,False,False,False,False
POA5333,5333,6121.0,45.0,1243.0,2.3,804.0,589.0,240.0,19.0,1651.0,2754.0,80.0,2831.0,1843.0,320.0,4995.0,1647.0,716.0,50.0,2408.0,2021,1393.0,0.5513513513513514,0.0282585658777817,0.5667667667667667,0.48697758933979407,0.3567534827377347,0.8437310720775287,0.145366444579043,0.6839700996677741,0.2973421926910299,0.020764119601328904,False,False,False,False,False,False,False,False
POA5340,5340,1457.0,43.0,1377.0,2.4,191.0,133.0,54.0,6.0,381.0,729.0,19.0,751.0,383.0,99.0,1230.0,374.0,145.0,15.0,538.0,2021,324.0,0.5926829268292683,0.02529960053262317,0.6105691056910569,0.5013123359580053,0.34908136482939633,0.8503937007874016,0.14173228346456693,0.6951672862453532,0.2695167286245353,0.027881040892193308,False,False,False,False,False,False,False,False
POA5341,5341,7914.0,44.0,1193.0,2.3,994.0,782.0,360.0,33.0,2168.0,3589.0,196.0,3782.0,2429.0,386.0,6605.0,2127.0,934.0,88.0,3153.0,2021,1776.0,0.5433762301286904,0.05182443151771549,0.5725965177895533,0.4584870848708487,0.3607011070110701,0.8191881918819188,0.16605166051660517,0.6745956232159848,0.29622581668252457,0.027909927053599747,False,False,False,False,False,False,False,False
POA5342,5342,1110.0,47.0,1488.0,2.5,151.0,128.0,50.0,0.0,328.0,607.0,22.0,630.0,280.0,25.0,937.0,322.0,89.0,14.0,426.0,2021,279.0,0.647812166488794,0.03492063492063492,0.6723585912486659,0.4603658536585366,0.3902439024390244,0.850609756097561,0.1524390243902439,0.755868544600939,0.20892018779342722,0.03286384976525822,False,False,False,False,False,False,False,False
POA5343,5343,4977.0,43.0,1075.0,2.2,578.0,400.0,295.0,28.0,1306.0,2072.0,150.0,2230.0,1663.0,301.0,4186.0,1292.0,717.0,63.0,2073.0,2021,978.0,0.49498327759197325,0.06726457399103139,0.5327281414237935,0.442572741194487,0.30627871362940273,0.7488514548238897,0.22588055130168452,0.623251326579836,0.3458755426917511,0.030390738060781478,False,False,False,False,False,False,False,False
POA5344,5344,919.0,48.0,1482.0,2.5,132.0,91.0,32.0,0.0,248.0,467.0,18.0,487.0,247.0,59.0,794.0,249.0,81.0,5.0,328.0,2021,223.0,0.5881612090680101,0.03696098562628337,0.6133501259445844,0.532258064516129,0.36693548387096775,0.8991935483870968,0.12903225806451613,0.7591463414634146,0.24695121951219512,0.01524390243902439,False,False,False,False,False,False,False,False
POA5345,5345,3545.0,47.0,1100.0,2.2,467.0,310.0,178.0,10.0,968.0,1407.0,79.0,1488.0,1301.0,174.0,2962.0,948.0,514.0,30.0,1487.0,2021,777.0,0.475016880486158,0.05309139784946237,0.5023632680621202,0.4824380165289256,0.3202479338842975,0.8026859504132231,0.18388429752066116,0.6375252185608608,0.3456624075319435,0.020174848688634835,False,False,False,False,False,False,False,False
POA5346,5346,375.0,50.0,1277.0,2.4,57.0,39.0,16.0,4.0,112.0,181.0,7.0,187.0,106.0,17.0,316.0,115.0,34.0,4.0,147.0,2021,96.0,0.5727848101265823,0.0374331550802139,0.5917721518987342,0.5089285714285714,0.3482142857142857,0.8571428571428571,0.14285714285714285,0.782312925170068,0.23129251700680273,0.027210884353741496,False,False,False,False,False,False,False,False
POA5350,5350,553.0,41.0,2205.0,3.0,72.0,81.0,8.0,3.0,164.0,307.0,17.0,322.0,100.0,16.0,443.0,160.0,21.0,0.0,186.0,2021,153.0,0.6930022573363431,0.052795031055900624,0.7268623024830699,0.43902439024390244,0.49390243902439024,0.9329268292682927,0.04878048780487805,0.8602150537634409,0.11290322580645161,0.0,False,False,False,False,False,False,False,False
POA5351,5351,6195.0,43.0,1786.0,2.7,792.0,827.0,195.0,12.0,1828.0,3198.0,106.0,3305.0,1497.0,196.0,4997.0,1786.0,407.0,23.0,2220.0,2021,1619.0,0.6399839903942366,0.03207261724659607,0.6613968381028618,0.43326039387308535,0.4524070021881838,0.8856673960612691,0.10667396061269147,0.8045045045045045,0.18333333333333332,0.01036036036036036,False,False,False,False,False,False,False,False
POA5352,5352,5332.0,48.0,1489.0,2.3,762.0,577.0,176.0,9.0,1520.0,2557.0,73.0,2635.0,1649.0,176.0,4456.0,1502.0,596.0,34.0,2133.0,2021,1339.0,0.5738330341113106,0.027703984819734344,0.5913375224416517,0.5013157894736842,0.3796052631578947,0.8809210526315789,0.11578947368421053,0.7041725269573371,0.27941865916549463,0.015939990623534926,False,False,False,False,False,False,False,False
POA5353,5353,3922.0,47.0,1307.0,2.4,534.0,425.0,151.0,13.0,1117.0,1888.0,73.0,1968.0,1087.0,186.0,3239.0,1107.0,412.0,36.0,1552.0,2021,959.0,0.5828959555418339,0.03709349593495935,0.6075949367088608,0.4780662488809311,0.38048343777976723,0.8585496866606983,0.135183527305282,0.7132731958762887,0.2654639175257732,0.023195876288659795,False,False,False,False,False,False,False,False
POA5354,5354,416.0,59.0,818.0,1.7,52.0,11.0,13.0,0.0,79.0,115.0,7.0,122.0,146.0,117.0,392.0,76.0,80.0,6.0,160.0,2021,63.0,0.29336734693877553,0.05737704918032787,0.3112244897959184,0.6582278481012658,0.13924050632911392,0.7974683544303798,0.16455696202531644,0.475,0.5,0.0375,False,False,False,False,False,False,False,False
POA5355,5355,8281.0,44.0,1384.0,2.4,1075.0,920.0,328.0,17.0,2338.0,3976.0,142.0,4115.0,2511.0,236.0,6865.0,2318.0,953.0,53.0,3316.0,2021,1995.0,0.5791697013838311,0.03450789793438639,0.5994173343044428,0.45979469632164244,0.39349871685201027,0.8532934131736527,0.14029084687767324,0.6990349819059107,0.28739445114595896,0.015983112183353437,False,False,False,False,False,False,False,False
POA5356,5356,799.0,44.0,1472.0,2.6,100.0,93.0,27.0,4.0,227.0,398.0,18.0,418.0,193.0,54.0,664.0,220.0,58.0,4.0,281.0,2021,193.0,0.5993975903614458,0.0430622009569378,0.6295180722891566,0.44052863436123346,0.40969162995594716,0.8502202643171806,0.11894273127753303,0.7829181494661922,0.20640569395017794,0.014234875444839857,False,False,False,False,False,False,False,False
POA5357,5357,442.0,57.0,890.0,2.0,60.0,31.0,13.0,7.0,105.0,145.0,5.0,157.0,174.0,48.0,379.0,105.0,70.0,8.0,183.0,2021,91.0,0.38258575197889183,0.03184713375796178,0.41424802110817943,0.5714285714285714,0.29523809523809524,0.8666666666666667,0.12380952380952381,0.5737704918032787,0.3825136612021858,0.04371584699453552,False,False,False,False,False,False,False,False
POA5360,5360,1229.0,43.0,1867.0,2.7,134.0,164.0,41.0,0.0,344.0,650.0,18.0,667.0,228.0,90.0,987.0,338.0,63.0,6.0,408.0,2021,298.0,0.6585612968591692,0.026986506746626688,0.6757852077001013,0.38953488372093026,0.47674418604651164,0.8662790697674418,0.11918604651162791,0.8284313725490197,0.15441176470588236,0.014705882352941176,False,False,False,False,False,False,False,False
POA5371,5371,1333.0,38.0,1985.0,2.9,118.0,195.0,45.0,6.0,366.0,732.0,22.0,761.0,251.0,60.0,1067.0,351.0,67.0,9.0,432.0,2021,313.0,0.6860356138706654,0.02890932982917214,0.7132146204311153,0.3224043715846995,0.5327868852459017,0.855191256830601,0.12295081967213115,0.8125,0.1550925925925926,0.020833333333333332,False,False,False,False,False,False,False,False
POA5372,5372,2688.0,33.0,1755.0,2.9,274.0,344.0,113.0,8.0,741.0,1281.0,42.0,1321.0,643.0,64.0,2033.0,726.0,143.0,16.0,891.0,2021,618.0,0.6301032956222331,0.03179409538228615,0.6497786522380719,0.3697705802968961,0.4642375168690958,0.8340080971659919,0.1524966261808367,0.8148148148148148,0.16049382716049382,0.017957351290684626,False,False,False,False,False,False,False,False
POA5373,5373,3447.0,49.0,1202.0,2.3,468.0,331.0,157.0,5.0,959.0,1534.0,71.0,1603.0,1142.0,128.0,2876.0,942.0,441.0,29.0,1419.0,2021,799.0,0.5333796940194715,0.044291952588895823,0.5573713490959666,0.4880083420229406,0.34515119916579773,0.8331595411887383,0.16371220020855057,0.6638477801268499,0.3107822410147992,0.0204369274136716,False,False,False,False,False,False,False,False
POA5374,5374,1493.0,51.0,963.0,2.2,198.0,138.0,54.0,5.0,404.0,630.0,38.0,670.0,520.0,66.0,1259.0,398.0,196.0,13.0,607.0,2021,336.0,0.5003971405877681,0.056716417910447764,0.5321683876092137,0.4900990099009901,0.3415841584158416,0.8316831683168316,0.13366336633663367,0.6556836902800659,0.3228995057660626,0.0214168039538715,False,False,False,False,False,False,False,False
POA5381,5381,336.0,53.0,739.0,2.1,40.0,35.0,12.0,4.0,86.0,127.0,12.0,141.0,136.0,13.0,291.0,86.0,53.0,5.0,145.0,2021,75.0,0.436426116838488,0.0851063829787234,0.4845360824742268,0.46511627906976744,0.4069767441860465,0.872093023255814,0.13953488372093023,0.593103448275862,0.36551724137931035,0.034482758620689655,False,False,False,False,False,False,False,False
POA5400,5400,1063.0,32.0,1708.0,2.7,101.0,126.0,29.0,5.0,260.0,547.0,20.0,567.0,247.0,39.0,855.0,257.0,60.0,10.0,323.0,2021,227.0,0.639766081871345,0.03527336860670194,0.6631578947368421,0.38846153846153847,0.4846153846153846,0.8730769230769231,0.11153846153846154,0.7956656346749226,0.18575851393188855,0.030959752321981424,False,False,False,False,False,False,False,False
POA5401,5401,832.0,45.0,1166.0,2.5,87.0,82.0,43.0,6.0,221.0,326.0,21.0,345.0,291.0,45.0,682.0,212.0,88.0,13.0,308.0,2021,169.0,0.4780058651026393,0.06086956521739131,0.5058651026392962,0.3936651583710407,0.37104072398190047,0.7647058823529411,0.19457013574660634,0.6883116883116883,0.2857142857142857,0.04220779220779221,False,False,False,False,False,False,False,False
POA5410,5410,319.0,43.0,1463.0,2.6,34.0,37.0,12.0,0.0,85.0,151.0,9.0,161.0,86.0,13.0,256.0,79.0,33.0,3.0,120.0,2021,71.0,0.58984375,0.055900621118012424,0.62890625,0.4,0.43529411764705883,0.8352941176470589,0.1411764705882353,0.6583333333333333,0.275,0.025,False,False,False,False,False,False,False,False
POA5411,5411,337.0,45.0,1388.0,2.7,42.0,36.0,10.0,3.0,92.0,155.0,9.0,162.0,80.0,24.0,269.0,84.0,23.0,0.0,112.0,2021,78.0,0.5762081784386617,0.05555555555555555,0.6022304832713755,0.45652173913043476,0.391304347826087,0.8478260869565217,0.10869565217391304,0.75,0.20535714285714285,0.0,False,False,False,False,False,False,False,False
POA5412,5412,1191.0,57.0,1012.0,2.1,192.0,82.0,55.0,0.0,328.0,439.0,25.0,463.0,512.0,62.0,1038.0,319.0,172.0,16.0,508.0,2021,274.0,0.4229287090558767,0.05399568034557235,0.4460500963391137,0.5853658536585366,0.25,0.8353658536585366,0.1676829268292683,0.6279527559055118,0.33858267716535434,0.031496062992125984,False,False,False,False,False,False,False,False
POA5413,5413,826.0,51.0,982.0,2.2,120.0,76.0,35.0,3.0,234.0,363.0,14.0,378.0,276.0,48.0,700.0,234.0,121.0,3.0,352.0,2021,196.0,0.5185714285714286,0.037037037037037035,0.54,0.5128205128205128,0.3247863247863248,0.8376068376068376,0.14957264957264957,0.6647727272727273,0.34375,0.008522727272727272,False,False,False,False,False,False,False,False
POA5414,5414,134.0,51.0,1152.0,2.2,14.0,12.0,4.0,0.0,35.0,70.0,0.0,70.0,36.0,10.0,117.0,31.0,18.0,0.0,56.0,2021,26.0,0.5982905982905983,0.0,0.5982905982905983,0.4,0.34285714285714286,0.7428571428571429,0.11428571428571428,0.5535714285714286,0.32142857142857145,0.0,False,False,False,False,False,False,False,False
POA5415,5415,247.0,52.0,1451.0,2.4,50.0,22.0,8.0,0.0,72.0,129.0,0.0,131.0,66.0,11.0,209.0,72.0,22.0,3.0,101.0,2021,72.0,0.6172248803827751,0.0,0.6267942583732058,0.6944444444444444,0.3055555555555556,1.0,0.1111111111111111,0.7128712871287128,0.21782178217821782,0.0297029702970297,False,False,False,False,False,False,False,False
POA5416,5416,209.0,49.0,1125.0,2.3,37.0,20.0,10.0,0.0,60.0,104.0,9.0,112.0,54.0,15.0,178.0,63.0,22.0,0.0,83.0,2021,57.0,0.5842696629213483,0.08035714285714286,0.6292134831460674,0.6166666666666667,0.3333333333333333,0.95,0.16666666666666666,0.7590361445783133,0.26506024096385544,0.0,False,False,False,False,False,False,False,False
POA5417,5417,1501.0,52.0,919.0,2.1,216.0,132.0,39.0,6.0,394.0,619.0,24.0,641.0,512.0,100.0,1252.0,394.0,229.0,7.0,627.0,2021,348.0,0.49440894568690097,0.0374414976599064,0.5119808306709265,0.5482233502538071,0.3350253807106599,0.883248730964467,0.09898477157360407,0.6283891547049442,0.3652312599681021,0.011164274322169059,False,False,False,False,False,False,False,False
POA5418,5418,125.0,50.0,833.0,2.3,17.0,11.0,3.0,0.0,35.0,53.0,0.0,54.0,45.0,12.0,101.0,33.0,12.0,0.0,49.0,2021,28.0,0.5247524752475248,0.0,0.5346534653465347,0.4857142857142857,0.3142857142857143,0.8,0.08571428571428572,0.673469387755102,0.24489795918367346,0.0,False,False,False,False,False,False,False,False
POA5419,5419,245.0,45.0,916.0,2.3,27.0,26.0,10.0,0.0,61.0,97.0,9.0,102.0,64.0,24.0,192.0,61.0,33.0,0.0,98.0,2021,53.0,0.5052083333333334,0.08823529411764706,0.53125,0.4426229508196721,0.4262295081967213,0.8688524590163934,0.16393442622950818,0.6224489795918368,0.336734693877551,0.0,False,False,False,False,False,False,False,False
POA5420,5420,78.0,40.0,1625.0,2.6,9.0,10.0,0.0,0.0,22.0,35.0,0.0,42.0,28.0,3.0,67.0,21.0,9.0,0.0,25.0,2021,19.0,0.5223880597014925,0.0,0.6268656716417911,0.4090909090909091,0.45454545454545453,0.8636363636363636,0.0,0.84,0.36,0.0,False,False,True,True,False,False,False,False
POA5421,5421,135.0,56.0,589.0,1.8,11.0,6.0,5.0,0.0,28.0,35.0,5.0,44.0,62.0,16.0,125.0,25.0,30.0,5.0,57.0,2021,17.0,0.28,0.11363636363636363,0.352,0.39285714285714285,0.21428571428571427,0.6071428571428571,0.17857142857142858,0.43859649122807015,0.5263157894736842,0.08771929824561403,False,False,True,False,False,False,False,False
POA5422,5422,1662.0,54.0,731.0,1.9,216.0,77.0,85.0,11.0,384.0,505.0,62.0,567.0,686.0,192.0,1439.0,384.0,329.0,15.0,724.0,2021,293.0,0.35093815149409313,0.10934744268077601,0.3940236275191105,0.5625,0.20052083333333334,0.7630208333333334,0.22135416666666666,0.5303867403314917,0.4544198895027624,0.020718232044198894,False,False,False,False,False,False,False,False
POA5431,5431,857.0,54.0,1053.0,2.2,121.0,74.0,18.0,0.0,218.0,408.0,19.0,426.0,248.0,56.0,729.0,218.0,122.0,5.0,341.0,2021,195.0,0.5596707818930041,0.04460093896713615,0.5843621399176955,0.555045871559633,0.3394495412844037,0.8944954128440367,0.08256880733944955,0.6392961876832844,0.35777126099706746,0.01466275659824047,False,False,False,False,False,False,False,False
POA5432,5432,148.0,41.0,1187.0,2.4,14.0,18.0,0.0,0.0,35.0,74.0,0.0,74.0,35.0,4.0,111.0,29.0,15.0,0.0,48.0,2021,32.0,0.6666666666666666,0.0,0.6666666666666666,0.4,0.5142857142857142,0.9142857142857143,0.0,0.6041666666666666,0.3125,0.0,False,False,False,False,False,False,False,False
POA5433,5433,1304.0,53.0,1031.0,2.1,174.0,92.0,53.0,7.0,327.0,545.0,26.0,570.0,433.0,120.0,1131.0,330.0,202.0,8.0,532.0,2021,266.0,0.4818744473916888,0.0456140350877193,0.5039787798408488,0.5321100917431193,0.28134556574923547,0.8134556574923547,0.1620795107033639,0.6203007518796992,0.37969924812030076,0.015037593984962405,False,False,False,False,False,False,False,False
POA5434,5434,405.0,51.0,1220.0,2.2,50.0,32.0,10.0,0.0,94.0,218.0,11.0,222.0,81.0,42.0,345.0,93.0,51.0,10.0,151.0,2021,82.0,0.6318840579710145,0.04954954954954955,0.6434782608695652,0.5319148936170213,0.3404255319148936,0.8723404255319149,0.10638297872340426,0.6158940397350994,0.33774834437086093,0.06622516556291391,False,False,False,False,False,False,False,False
POA5440,5440,169.0,49.0,1024.0,1.8,19.0,10.0,4.0,0.0,31.0,104.0,0.0,104.0,38.0,15.0,151.0,30.0,38.0,0.0,70.0,2021,29.0,0.6887417218543046,0.0,0.6887417218543046,0.6129032258064516,0.3225806451612903,0.9354838709677419,0.12903225806451613,0.42857142857142855,0.5428571428571428,0.0,False,False,False,False,False,False,False,False
POA5451,5451,702.0,54.0,1241.0,2.1,123.0,59.0,21.0,0.0,207.0,362.0,9.0,372.0,216.0,26.0,611.0,208.0,100.0,7.0,315.0,2021,182.0,0.5924713584288053,0.024193548387096774,0.6088379705400983,0.5942028985507246,0.28502415458937197,0.8792270531400966,0.10144927536231885,0.6603174603174603,0.31746031746031744,0.022222222222222223,False,False,False,False,False,False,False,False
POA5452,5452,452.0,43.0,1437.0,2.7,60.0,60.0,7.0,0.0,125.0,244.0,3.0,247.0,105.0,5.0,360.0,126.0,31.0,0.0,161.0,2021,120.0,0.6777777777777778,0.012145748987854251,0.6861111111111111,0.48,0.48,0.96,0.056,0.782608695652174,0.19254658385093168,0.0,False,False,False,False,False,False,False,False
POA5453,5453,5100.0,45.0,1411.0,2.3,707.0,502.0,173.0,10.0,1394.0,2456.0,74.0,2527.0,1374.0,279.0,4186.0,1384.0,602.0,42.0,2030.0,2021,1209.0,0.5867176301958911,0.02928373565492679,0.6036789297658863,0.5071736011477762,0.3601147776183644,0.8672883787661406,0.12410329985652797,0.6817733990147783,0.296551724137931,0.020689655172413793,False,False,False,False,False,False,False,False
POA5454,5454,391.0,43.0,1112.0,2.4,51.0,36.0,16.0,0.0,106.0,173.0,13.0,183.0,101.0,18.0,305.0,106.0,35.0,4.0,149.0,2021,87.0,0.5672131147540984,0.07103825136612021,0.6,0.4811320754716981,0.33962264150943394,0.8207547169811321,0.1509433962264151,0.7114093959731543,0.2348993288590604,0.026845637583892617,False,False,False,False,False,False,False,False
POA5455,5455,42.0,38.0,1437.0,2.4,5.0,7.0,0.0,0.0,15.0,29.0,0.0,29.0,3.0,0.0,41.0,9.0,7.0,0.0,16.0,2021,12.0,0.7073170731707317,0.0,0.7073170731707317,0.3333333333333333,0.4666666666666667,0.8,0.0,0.5625,0.4375,0.0,False,True,True,True,False,False,False,False
POA5460,5460,743.0,41.0,1243.0,2.6,91.0,78.0,35.0,0.0,208.0,339.0,13.0,354.0,213.0,19.0,591.0,207.0,64.0,4.0,275.0,2021,169.0,0.5736040609137056,0.03672316384180791,0.5989847715736041,0.4375,0.375,0.8125,0.16826923076923078,0.7527272727272727,0.23272727272727273,0.014545454545454545,False,False,False,False,False,False,False,False
POA5461,5461,2598.0,45.0,1145.0,2.4,328.0,259.0,104.0,6.0,695.0,1082.0,43.0,1130.0,877.0,102.0,2105.0,686.0,320.0,25.0,1031.0,2021,587.0,0.5140142517814726,0.03805309734513274,0.5368171021377672,0.4719424460431655,0.3726618705035971,0.8446043165467626,0.14964028776978416,0.6653734238603298,0.31037827352085356,0.02424830261881668,False,False,False,False,False,False,False,False
POA5462,5462,518.0,42.0,1269.0,2.5,64.0,56.0,24.0,0.0,148.0,266.0,11.0,274.0,120.0,28.0,419.0,144.0,50.0,3.0,196.0,2021,120.0,0.6348448687350835,0.040145985401459854,0.6539379474940334,0.43243243243243246,0.3783783783783784,0.8108108108108109,0.16216216216216217,0.7346938775510204,0.25510204081632654,0.015306122448979591,False,False,False,False,False,False,False,False
POA5464,5464,572.0,46.0,1309.0,2.4,76.0,61.0,12.0,0.0,153.0,276.0,18.0,291.0,118.0,39.0,448.0,148.0,68.0,0.0,213.0,2021,137.0,0.6160714285714286,0.061855670103092786,0.6495535714285714,0.49673202614379086,0.39869281045751637,0.8954248366013072,0.0784313725490196,0.6948356807511737,0.3192488262910798,0.0,False,False,False,False,False,False,False,False
POA5470,5470,147.0,56.0,1050.0,2.2,19.0,16.0,3.0,0.0,38.0,62.0,0.0,66.0,58.0,4.0,127.0,38.0,18.0,0.0,60.0,2021,35.0,0.4881889763779528,0.0,0.5196850393700787,0.5,0.42105263157894735,0.9210526315789473,0.07894736842105263,0.6333333333333333,0.3,0.0,False,False,False,False,False,False,False,False
POA5471,5471,80.0,53.0,1312.0,2.1,15.0,9.0,0.0,0.0,22.0,34.0,0.0,37.0,21.0,5.0,63.0,25.0,11.0,3.0,39.0,2021,24.0,0.5396825396825397,0.0,0.5873015873015873,0.6818181818181818,0.4090909090909091,,0.0,0.6410256410256411,0.28205128205128205,0.07692307692307693,False,False,True,False,False,False,True,True
POA5472,5472,186.0,53.0,875.0,1.9,28.0,12.0,0.0,0.0,48.0,76.0,4.0,83.0,69.0,15.0,165.0,44.0,35.0,4.0,84.0,2021,40.0,0.46060606060606063,0.04819277108433735,0.503030303030303,0.5833333333333334,0.25,0.8333333333333334,0.0,0.5238095238095238,0.4166666666666667,0.047619047619047616,False,False,False,False,False,False,False,False
POA5473,5473,745.0,51.0,935.0,2.1,103.0,50.0,31.0,4.0,193.0,274.0,15.0,290.0,282.0,57.0,627.0,192.0,117.0,12.0,314.0,2021,153.0,0.4370015948963317,0.05172413793103448,0.4625199362041467,0.533678756476684,0.25906735751295334,0.7927461139896373,0.16062176165803108,0.6114649681528662,0.37261146496815284,0.03821656050955414,False,False,False,False,False,False,False,False
POA5480,5480,886.0,49.0,1034.0,2.3,111.0,89.0,22.0,9.0,229.0,358.0,13.0,366.0,299.0,52.0,714.0,232.0,120.0,7.0,358.0,2021,200.0,0.5014005602240896,0.03551912568306011,0.5126050420168067,0.4847161572052402,0.388646288209607,0.8733624454148472,0.09606986899563319,0.6480446927374302,0.33519553072625696,0.019553072625698324,False,False,False,False,False,False,False,False
POA5481,5481,498.0,59.0,980.0,2.0,99.0,36.0,11.0,0.0,151.0,217.0,19.0,240.0,180.0,29.0,452.0,151.0,73.0,6.0,235.0,2021,135.0,0.48008849557522126,0.07916666666666666,0.5309734513274337,0.6556291390728477,0.23841059602649006,0.8940397350993378,0.0728476821192053,0.6425531914893617,0.31063829787234043,0.02553191489361702,False,False,False,False,False,False,False,False
POA5482,5482,482.0,55.0,1240.0,2.3,70.0,48.0,10.0,0.0,128.0,224.0,8.0,230.0,171.0,12.0,411.0,132.0,59.0,0.0,192.0,2021,118.0,0.5450121654501217,0.034782608695652174,0.559610705596107,0.546875,0.375,0.921875,0.078125,0.6875,0.3072916666666667,0.0,False,False,False,False,False,False,False,False
POA5483,5483,342.0,48.0,1416.0,2.3,46.0,36.0,7.0,0.0,89.0,167.0,4.0,166.0,83.0,27.0,276.0,92.0,34.0,0.0,129.0,2021,82.0,0.605072463768116,0.024096385542168676,0.6014492753623188,0.5168539325842697,0.4044943820224719,0.9213483146067416,0.07865168539325842,0.7131782945736435,0.26356589147286824,0.0,False,False,False,False,False,False,False,False
POA5485,5485,667.0,51.0,1260.0,2.4,92.0,66.0,17.0,5.0,176.0,276.0,12.0,288.0,188.0,76.0,550.0,180.0,64.0,3.0,240.0,2021,158.0,0.5018181818181818,0.041666666666666664,0.5236363636363637,0.5227272727272727,0.375,0.8977272727272727,0.09659090909090909,0.75,0.26666666666666666,0.0125,False,False,False,False,False,False,False,False
POA5490,5490,171.0,44.0,1305.0,2.6,19.0,16.0,4.0,0.0,45.0,85.0,5.0,87.0,36.0,14.0,132.0,42.0,13.0,0.0,57.0,2021,35.0,0.6439393939393939,0.05747126436781609,0.6590909090909091,0.4222222222222222,0.35555555555555557,0.7777777777777778,0.08888888888888889,0.7368421052631579,0.22807017543859648,0.0,False,False,False,False,False,False,False,False
POA5491,5491,1797.0,48.0,1265.0,2.2,255.0,179.0,53.0,0.0,488.0,891.0,15.0,904.0,510.0,59.0,1473.0,483.0,250.0,22.0,761.0,2021,434.0,0.604887983706721,0.016592920353982302,0.6137135098438561,0.5225409836065574,0.3668032786885246,0.889344262295082,0.10860655737704918,0.6346911957950065,0.328515111695138,0.02890932982917214,False,False,False,False,False,False,False,False
POA5493,5493,67.0,56.0,833.0,2.2,6.0,3.0,3.0,0.0,14.0,16.0,0.0,16.0,41.0,0.0,62.0,14.0,9.0,0.0,29.0,2021,9.0,0.25806451612903225,0.0,0.25806451612903225,0.42857142857142855,0.21428571428571427,0.6428571428571429,0.21428571428571427,0.4827586206896552,0.3103448275862069,0.0,False,True,True,True,False,False,False,False
POA5495,5495,583.0,59.0,938.0,1.9,112.0,32.0,21.0,0.0,173.0,214.0,13.0,231.0,243.0,59.0,530.0,169.0,96.0,7.0,271.0,2021,144.0,0.4037735849056604,0.05627705627705628,0.4358490566037736,0.6473988439306358,0.18497109826589594,0.8323699421965318,0.12138728323699421,0.6236162361623616,0.35424354243542433,0.025830258302583026,False,False,False,False,False,False,False,False
POA5501,5501,8156.0,40.0,1708.0,2.8,867.0,1078.0,289.0,26.0,2259.0,4016.0,192.0,4207.0,2004.0,393.0,6607.0,2166.0,562.0,79.0,2813.0,2021,1945.0,0.6078401695171788,0.045638222010934155,0.6367489026789769,0.3837981407702523,0.4772023019034971,0.8610004426737494,0.1279327135900841,0.7699964450764308,0.1997867045858514,0.02808389619623178,False,False,False,False,False,False,False,False
POA5502,5502,1716.0,40.0,1555.0,2.6,189.0,189.0,62.0,5.0,439.0,840.0,31.0,871.0,403.0,133.0,1411.0,429.0,130.0,36.0,590.0,2021,378.0,0.595322466335932,0.03559127439724455,0.6172927002126152,0.4305239179954442,0.4305239179954442,0.8610478359908884,0.14123006833712984,0.7271186440677966,0.22033898305084745,0.061016949152542375,False,False,False,False,False,False,False,False
POA5510,5510,104.0,50.0,1208.0,2.1,17.0,13.0,5.0,0.0,34.0,52.0,0.0,52.0,33.0,3.0,89.0,26.0,14.0,4.0,48.0,2021,30.0,0.5842696629213483,0.0,0.5842696629213483,0.5,0.38235294117647056,0.8823529411764706,0.14705882352941177,0.5416666666666666,0.2916666666666667,0.08333333333333333,False,False,False,False,False,False,False,False
POA5520,5520,540.0,52.0,862.0,2.1,67.0,43.0,26.0,4.0,138.0,185.0,18.0,198.0,207.0,39.0,447.0,135.0,90.0,12.0,235.0,2021,110.0,0.41387024608501116,0.09090909090909091,0.4429530201342282,0.4855072463768116,0.3115942028985507,0.7971014492753623,0.18840579710144928,0.574468085106383,0.3829787234042553,0.05106382978723404,False,False,False,False,False,False,False,False
POA5521,5521,147.0,49.0,916.0,2.1,15.0,15.0,5.0,0.0,37.0,60.0,0.0,58.0,57.0,11.0,122.0,31.0,32.0,0.0,61.0,2021,30.0,0.4918032786885246,0.0,0.47540983606557374,0.40540540540540543,0.40540540540540543,0.8108108108108109,0.13513513513513514,0.5081967213114754,0.5245901639344263,0.0,False,False,False,False,False,False,False,False
POA5522,5522,1511.0,62.0,931.0,1.9,265.0,98.0,37.0,4.0,403.0,488.0,31.0,518.0,735.0,86.0,1335.0,401.0,266.0,9.0,684.0,2021,363.0,0.36554307116104867,0.059845559845559844,0.3880149812734082,0.6575682382133995,0.24317617866004962,0.9007444168734491,0.09181141439205956,0.5862573099415205,0.3888888888888889,0.013157894736842105,False,False,False,False,False,False,False,False
POA5523,5523,1944.0,49.0,1131.0,2.3,264.0,192.0,63.0,6.0,527.0,807.0,25.0,839.0,645.0,88.0,1562.0,523.0,230.0,10.0,762.0,2021,456.0,0.5166453265044815,0.029797377830750895,0.5371318822023048,0.5009487666034156,0.36432637571157495,0.8652751423149905,0.11954459203036052,0.6863517060367454,0.30183727034120733,0.013123359580052493,False,False,False,False,False,False,False,False
POA5540,5540,15241.0,44.0,1060.0,2.2,1710.0,1350.0,891.0,74.0,4026.0,6034.0,498.0,6533.0,5363.0,710.0,12604.0,3978.0,2234.0,145.0,6353.0,2021,3060.0,0.47873690891780385,0.07622837899892852,0.5183275150745795,0.4247391952309985,0.3353204172876304,0.7600596125186289,0.22131147540983606,0.6261608688808437,0.3516448921769243,0.022823862742011647,False,False,False,False,False,False,False,False
POA5550,5550,958.0,42.0,1174.0,2.3,102.0,97.0,39.0,7.0,243.0,425.0,23.0,451.0,279.0,64.0,790.0,242.0,146.0,8.0,393.0,2021,199.0,0.5379746835443038,0.050997782705099776,0.5708860759493671,0.41975308641975306,0.3991769547325103,0.8189300411522634,0.16049382716049382,0.6157760814249363,0.37150127226463103,0.020356234096692113,False,False,False,False,False,False,False,False
POA5552,5552,351.0,41.0,1288.0,2.5,40.0,39.0,12.0,0.0,89.0,163.0,4.0,169.0,80.0,25.0,269.0,89.0,32.0,5.0,127.0,2021,79.0,0.6059479553903345,0.023668639053254437,0.6282527881040892,0.449438202247191,0.43820224719101125,0.8876404494382022,0.1348314606741573,0.7007874015748031,0.25196850393700787,0.03937007874015748,False,False,False,False,False,False,False,False
POA5554,5554,5389.0,45.0,1169.0,2.3,695.0,506.0,261.0,17.0,1486.0,2234.0,126.0,2362.0,1821.0,271.0,4457.0,1462.0,629.0,52.0,2142.0,2021,1201.0,0.5012340139107022,0.05334462320067739,0.5299528831052277,0.4676985195154778,0.3405114401076716,0.8082099596231493,0.1756393001345895,0.6825396825396826,0.29365079365079366,0.02427637721755369,False,False,False,False,False,False,False,False
POA5555,5555,518.0,55.0,1025.0,2.2,95.0,47.0,10.0,0.0,156.0,200.0,12.0,211.0,197.0,37.0,442.0,151.0,46.0,4.0,206.0,2021,142.0,0.45248868778280543,0.05687203791469194,0.47737556561085975,0.6089743589743589,0.30128205128205127,0.9102564102564102,0.0641025641025641,0.7330097087378641,0.22330097087378642,0.019417475728155338,False,False,False,False,False,False,False,False
POA5556,5556,4426.0,56.0,916.0,2.1,716.0,288.0,207.0,20.0,1235.0,1446.0,154.0,1596.0,1985.0,269.0,3851.0,1220.0,614.0,48.0,1888.0,2021,1004.0,0.37548688652298107,0.09649122807017543,0.41443780836146454,0.5797570850202429,0.23319838056680162,0.8129554655870446,0.16761133603238867,0.6461864406779662,0.3252118644067797,0.025423728813559324,False,False,False,False,False,False,False,False
POA5558,5558,5214.0,59.0,969.0,2.1,965.0,341.0,177.0,23.0,1503.0,1681.0,126.0,1812.0,2389.0,383.0,4581.0,1475.0,700.0,54.0,2224.0,2021,1306.0,0.36695044750054573,0.0695364238410596,0.39554682383759004,0.6420492348636061,0.2268795741849634,0.8689288090485695,0.11776447105788423,0.6632194244604317,0.3147482014388489,0.024280575539568347,False,False,False,False,False,False,False,False
POA5560,5560,454.0,49.0,946.0,2.3,52.0,46.0,15.0,0.0,118.0,160.0,19.0,176.0,164.0,35.0,371.0,118.0,61.0,5.0,183.0,2021,98.0,0.431266846361186,0.10795454545454546,0.4743935309973046,0.4406779661016949,0.3898305084745763,0.8305084745762712,0.1271186440677966,0.644808743169399,0.3333333333333333,0.0273224043715847,False,False,False,False,False,False,False,False
POA5570,5570,597.0,60.0,790.0,1.9,119.0,30.0,16.0,3.0,159.0,175.0,15.0,184.0,302.0,36.0,523.0,162.0,107.0,7.0,282.0,2021,149.0,0.33460803059273425,0.08152173913043478,0.35181644359464626,0.7484276729559748,0.18867924528301888,0.9371069182389937,0.10062893081761007,0.574468085106383,0.37943262411347517,0.024822695035460994,False,False,False,False,False,False,False,False
POA5571,5571,1978.0,61.0,916.0,2.0,393.0,127.0,39.0,3.0,562.0,685.0,31.0,711.0,914.0,142.0,1769.0,556.0,307.0,21.0,884.0,2021,520.0,0.38722442057659695,0.04360056258790436,0.40192198982475974,0.699288256227758,0.22597864768683273,0.9252669039145908,0.0693950177935943,0.6289592760180995,0.34728506787330315,0.023755656108597284,False,False,False,False,False,False,False,False
POA5572,5572,157.0,48.0,1437.0,2.4,26.0,19.0,4.0,0.0,43.0,69.0,8.0,82.0,45.0,6.0,132.0,46.0,17.0,0.0,64.0,2021,45.0,0.5227272727272727,0.0975609756097561,0.6212121212121212,0.6046511627906976,0.4418604651162791,,0.09302325581395349,0.71875,0.265625,0.0,False,False,False,False,False,False,True,True
POA5573,5573,2206.0,51.0,1088.0,2.3,296.0,187.0,79.0,15.0,566.0,790.0,45.0,833.0,821.0,179.0,1834.0,556.0,271.0,9.0,838.0,2021,483.0,0.430752453653217,0.05402160864345738,0.4541984732824427,0.5229681978798587,0.3303886925795053,0.8533568904593639,0.13957597173144876,0.6634844868735084,0.3233890214797136,0.010739856801909307,False,False,False,False,False,False,False,False
POA5575,5575,2391.0,57.0,1001.0,2.1,432.0,173.0,66.0,7.0,676.0,894.0,47.0,941.0,951.0,151.0,2042.0,666.0,330.0,16.0,1011.0,2021,605.0,0.43780607247796277,0.04994686503719448,0.460822722820764,0.6390532544378699,0.2559171597633136,0.8949704142011834,0.09763313609467456,0.658753709198813,0.3264094955489614,0.01582591493570722,False,False,False,False,False,False,False,False
POA5576,5576,1133.0,55.0,932.0,2.1,166.0,93.0,22.0,3.0,288.0,423.0,14.0,440.0,447.0,93.0,983.0,282.0,178.0,19.0,474.0,2021,259.0,0.4303153611393693,0.031818181818181815,0.4476093591047813,0.5763888888888888,0.3229166666666667,0.8993055555555556,0.0763888888888889,0.5949367088607594,0.3755274261603376,0.04008438818565401,False,False,False,False,False,False,False,False
POA5577,5577,574.0,53.0,968.0,2.0,83.0,40.0,16.0,3.0,144.0,235.0,19.0,254.0,199.0,51.0,499.0,145.0,94.0,5.0,240.0,2021,123.0,0.4709418837675351,0.07480314960629922,0.5090180360721442,0.5763888888888888,0.2777777777777778,0.8541666666666666,0.1111111111111111,0.6041666666666666,0.39166666666666666,0.020833333333333332,False,False,False,False,False,False,False,False
POA5580,5580,363.0,54.0,1093.0,2.2,53.0,36.0,8.0,0.0,103.0,149.0,6.0,157.0,127.0,14.0,299.0,102.0,56.0,0.0,162.0,2021,89.0,0.4983277591973244,0.03821656050955414,0.5250836120401338,0.5145631067961165,0.34951456310679613,0.8640776699029126,0.07766990291262135,0.6296296296296297,0.345679012345679,0.0,False,False,False,False,False,False,False,False
POA5581,5581,568.0,65.0,938.0,1.8,140.0,23.0,15.0,4.0,177.0,197.0,8.0,199.0,313.0,21.0,531.0,172.0,104.0,4.0,281.0,2021,163.0,0.3709981167608286,0.04020100502512563,0.3747645951035782,0.7909604519774012,0.12994350282485875,0.9209039548022598,0.0847457627118644,0.6120996441281139,0.3701067615658363,0.014234875444839857,False,False,False,False,False,False,False,False
POA5582,5582,603.0,61.0,937.0,2.0,126.0,36.0,10.0,0.0,173.0,194.0,3.0,201.0,285.0,28.0,521.0,169.0,92.0,7.0,268.0,2021,162.0,0.3723608445297505,0.014925373134328358,0.3857965451055662,0.7283236994219653,0.20809248554913296,0.9364161849710982,0.057803468208092484,0.6305970149253731,0.34328358208955223,0.026119402985074626,False,False,False,False,False,False,False,False
POA5583,5583,838.0,62.0,794.0,1.9,143.0,42.0,36.0,0.0,223.0,237.0,16.0,259.0,441.0,59.0,755.0,222.0,162.0,4.0,385.0,2021,185.0,0.31390728476821195,0.06177606177606178,0.343046357615894,0.6412556053811659,0.18834080717488788,0.8295964125560538,0.16143497757847533,0.5766233766233766,0.42077922077922075,0.01038961038961039,False,False,False,False,False,False,False,False
POA5600,5600,6150.0,45.0,1548.0,2.2,815.0,638.0,218.0,15.0,1682.0,2989.0,154.0,3146.0,1794.0,221.0,5168.0,1671.0,838.0,50.0,2559.0,2021,1453.0,0.5783668730650154,0.04895104895104895,0.6087461300309598,0.4845422116527943,0.3793103448275862,0.8638525564803805,0.12960760998810938,0.652989449003517,0.3274716686205549,0.019538882375928098,False,False,False,False,False,False,False,False
POA5601,5601,88.0,66.0,1125.0,2.0,17.0,6.0,0.0,0.0,24.0,31.0,0.0,33.0,53.0,3.0,91.0,23.0,9.0,0.0,33.0,2021,23.0,0.34065934065934067,0.0,0.3626373626373626,0.7083333333333334,0.25,0.9583333333333334,0.0,0.696969696969697,0.2727272727272727,0.0,False,False,True,False,False,False,False,False
POA5602,5602,1349.0,51.0,1197.0,2.3,211.0,117.0,31.0,5.0,357.0,575.0,17.0,592.0,413.0,115.0,1122.0,357.0,145.0,8.0,503.0,2021,328.0,0.5124777183600713,0.028716216216216218,0.5276292335115864,0.5910364145658263,0.3277310924369748,0.9187675070028011,0.08683473389355742,0.709741550695825,0.2882703777335984,0.015904572564612324,False,False,False,False,False,False,False,False
POA5603,5603,422.0,47.0,1105.0,2.4,58.0,46.0,14.0,0.0,115.0,194.0,8.0,202.0,111.0,25.0,335.0,113.0,47.0,0.0,156.0,2021,104.0,0.5791044776119403,0.039603960396039604,0.6029850746268657,0.5043478260869565,0.4,0.9043478260869565,0.12173913043478261,0.7243589743589743,0.30128205128205127,0.0,False,False,False,False,False,False,False,False
POA5604,5604,218.0,56.0,850.0,1.8,32.0,13.0,5.0,0.0,55.0,95.0,0.0,96.0,76.0,22.0,191.0,55.0,43.0,0.0,95.0,2021,45.0,0.4973821989528796,0.0,0.5026178010471204,0.5818181818181818,0.23636363636363636,0.8181818181818182,0.09090909090909091,0.5789473684210527,0.45263157894736844,0.0,False,False,False,False,False,False,False,False
POA5605,5605,1852.0,56.0,1067.0,2.0,313.0,143.0,55.0,0.0,509.0,738.0,18.0,758.0,734.0,93.0,1581.0,508.0,299.0,18.0,824.0,2021,456.0,0.4667931688804554,0.023746701846965697,0.4794433902593295,0.6149312377210217,0.28094302554027506,0.8958742632612967,0.10805500982318271,0.616504854368932,0.3628640776699029,0.021844660194174758,False,False,False,False,False,False,False,False
POA5606,5606,14459.0,41.0,1243.0,2.3,1666.0,1311.0,726.0,58.0,3766.0,6532.0,313.0,6843.0,4223.0,786.0,11850.0,3728.0,1864.0,183.0,5780.0,2021,2977.0,0.5512236286919832,0.04574017243898875,0.5774683544303797,0.4423791821561338,0.34811471056824217,0.790493892724376,0.192777482740308,0.6449826989619377,0.32249134948096886,0.03166089965397924,False,False,False,False,False,False,False,False
POA5607,5607,5360.0,44.0,1504.0,2.5,699.0,601.0,124.0,5.0,1428.0,2456.0,77.0,2529.0,1450.0,311.0,4289.0,1410.0,416.0,31.0,1854.0,2021,1300.0,0.5726276521333644,0.03044681692368525,0.5896479365819538,0.4894957983193277,0.4208683473389356,0.9103641456582633,0.08683473389355742,0.7605177993527508,0.2243797195253506,0.016720604099244876,False,False,False,False,False,False,False,False
POA5608,5608,13041.0,41.0,974.0,2.1,1285.0,1033.0,912.0,64.0,3293.0,4801.0,534.0,5337.0,4466.0,873.0,10675.0,3255.0,2245.0,153.0,5646.0,2021,2318.0,0.4497423887587822,0.10005621135469364,0.49995316159250586,0.39022168235651383,0.3136957181901002,0.703917400546614,0.27695110841178255,0.5765143464399575,0.3976266383280198,0.02709883103081828,False,False,False,False,False,False,False,False
POA5609,5609,1961.0,33.0,1970.0,2.5,211.0,271.0,78.0,4.0,562.0,1047.0,37.0,1092.0,373.0,53.0,1515.0,564.0,178.0,11.0,748.0,2021,482.0,0.691089108910891,0.03388278388278388,0.7207920792079208,0.37544483985765126,0.4822064056939502,0.8576512455516014,0.1387900355871886,0.7540106951871658,0.23796791443850268,0.014705882352941176,False,False,False,False,False,False,False,False
POA5611,5611,125.0,54.0,584.0,1.8,5.0,8.0,7.0,0.0,19.0,32.0,4.0,33.0,52.0,15.0,106.0,26.0,34.0,3.0,60.0,2021,13.0,0.3018867924528302,0.12121212121212122,0.3113207547169811,0.2631578947368421,0.42105263157894735,0.6842105263157895,0.3684210526315789,0.43333333333333335,0.5666666666666667,0.05,False,False,True,False,False,False,False,False
POA5630,5630,129.0,42.0,1687.0,2.6,16.0,23.0,0.0,0.0,42.0,83.0,0.0,82.0,21.0,0.0,104.0,37.0,8.0,0.0,47.0,2021,39.0,0.7980769230769231,0.0,0.7884615384615384,0.38095238095238093,0.5476190476190477,0.9285714285714286,0.0,0.7872340425531915,0.1702127659574468,0.0,False,False,False,False,False,False,False,False
POA5631,5631,1063.0,41.0,1587.0,2.5,134.0,127.0,26.0,3.0,287.0,541.0,14.0,556.0,242.0,35.0,834.0,289.0,98.0,15.0,395.0,2021,261.0,0.6486810551558753,0.025179856115107913,0.6666666666666666,0.46689895470383275,0.4425087108013937,0.9094076655052264,0.09059233449477352,0.7316455696202532,0.2481012658227848,0.0379746835443038,False,False,False,False,False,False,False,False
POA5632,5632,231.0,32.0,1978.0,2.9,23.0,28.0,6.0,0.0,58.0,117.0,3.0,117.0,32.0,14.0,163.0,54.0,17.0,0.0,71.0,2021,51.0,0.7177914110429447,0.02564102564102564,0.7177914110429447,0.39655172413793105,0.4827586206896552,0.8793103448275862,0.10344827586206896,0.7605633802816901,0.23943661971830985,0.0,False,False,False,False,False,False,False,False
POA5633,5633,286.0,38.0,1125.0,2.3,32.0,24.0,4.0,3.0,69.0,138.0,7.0,144.0,57.0,13.0,221.0,69.0,33.0,0.0,104.0,2021,56.0,0.6244343891402715,0.04861111111111111,0.6515837104072398,0.463768115942029,0.34782608695652173,0.8115942028985508,0.057971014492753624,0.6634615384615384,0.3173076923076923,0.0,False,False,False,False,False,False,False,False
POA5640,5640,1029.0,49.0,1141.0,2.2,148.0,91.0,22.0,4.0,262.0,478.0,5.0,482.0,282.0,73.0,836.0,265.0,137.0,9.0,416.0,2021,239.0,0.5717703349282297,0.01037344398340249,0.5765550239234449,0.5648854961832062,0.3473282442748092,0.9122137404580153,0.08396946564885496,0.6370192307692307,0.3293269230769231,0.021634615384615384,False,False,False,False,False,False,False,False
POA5641,5641,1005.0,43.0,1273.0,2.4,137.0,100.0,13.0,0.0,254.0,498.0,11.0,504.0,233.0,60.0,788.0,258.0,115.0,10.0,373.0,2021,237.0,0.631979695431472,0.021825396825396824,0.6395939086294417,0.5393700787401575,0.3937007874015748,0.9330708661417323,0.051181102362204724,0.6916890080428955,0.30831099195710454,0.02680965147453083,False,False,False,False,False,False,False,False
POA5642,5642,234.0,42.0,1051.0,2.5,23.0,31.0,9.0,5.0,60.0,126.0,0.0,126.0,46.0,19.0,190.0,60.0,26.0,0.0,86.0,2021,54.0,0.6631578947368421,0.0,0.6631578947368421,0.38333333333333336,0.5166666666666667,0.9,0.15,0.6976744186046512,0.3023255813953488,0.0,False,False,False,False,False,False,False,False
POA5650,5650,167.0,33.0,1812.0,3.1,11.0,23.0,0.0,0.0,34.0,80.0,0.0,82.0,23.0,16.0,124.0,36.0,10.0,0.0,48.0,2021,34.0,0.6451612903225806,0.0,0.6612903225806451,0.3235294117647059,0.6764705882352942,1.0,0.0,0.75,0.20833333333333334,0.0,False,False,False,False,False,False,False,False
POA5651,5651,63.0,52.0,1125.0,2.3,8.0,6.0,0.0,0.0,17.0,42.0,0.0,42.0,13.0,6.0,54.0,18.0,6.0,0.0,24.0,2021,14.0,0.7777777777777778,0.0,0.7777777777777778,0.47058823529411764,0.35294117647058826,0.8235294117647058,0.0,0.75,0.25,0.0,False,False,True,True,False,False,False,False
POA5652,5652,656.0,43.0,1389.0,2.3,85.0,69.0,13.0,4.0,170.0,323.0,6.0,330.0,145.0,44.0,518.0,171.0,78.0,0.0,251.0,2021,154.0,0.6235521235521235,0.01818181818181818,0.637065637065637,0.5,0.40588235294117647,0.9058823529411765,0.07647058823529412,0.6812749003984063,0.3107569721115538,0.0,False,False,False,False,False,False,False,False
POA5653,5653,66.0,42.0,1749.0,2.9,3.0,3.0,0.0,0.0,13.0,34.0,0.0,38.0,9.0,4.0,49.0,10.0,6.0,0.0,17.0,2021,6.0,0.6938775510204082,0.0,0.7755102040816326,0.23076923076923078,0.23076923076923078,0.46153846153846156,0.0,0.5882352941176471,0.35294117647058826,0.0,False,False,True,True,False,False,False,False
POA5654,5654,230.0,46.0,1166.0,2.3,22.0,22.0,0.0,0.0,48.0,107.0,4.0,113.0,46.0,20.0,184.0,52.0,32.0,0.0,88.0,2021,44.0,0.5815217391304348,0.035398230088495575,0.6141304347826086,0.4583333333333333,0.4583333333333333,0.9166666666666666,0.0,0.5909090909090909,0.36363636363636365,0.0,False,False,False,False,False,False,False,False
POA5655,5655,106.0,39.0,1125.0,3.0,9.0,16.0,0.0,0.0,31.0,47.0,0.0,47.0,24.0,4.0,78.0,27.0,7.0,0.0,31.0,2021,25.0,0.6025641025641025,0.0,0.6025641025641025,0.2903225806451613,0.5161290322580645,0.8064516129032258,0.0,0.8709677419354839,0.22580645161290322,0.0,False,False,False,False,False,False,False,False
POA5660,5660,39.0,30.0,2124.0,2.8,0.0,3.0,0.0,0.0,10.0,25.0,0.0,25.0,5.0,0.0,33.0,11.0,5.0,0.0,13.0,2021,3.0,0.7575757575757576,0.0,0.7575757575757576,0.0,0.3,0.3,0.0,0.8461538461538461,0.38461538461538464,0.0,False,True,True,True,False,False,False,False
POA5661,5661,147.0,39.0,1149.0,2.5,16.0,15.0,6.0,0.0,33.0,54.0,0.0,54.0,33.0,19.0,108.0,33.0,10.0,0.0,45.0,2021,31.0,0.5,0.0,0.5,0.48484848484848486,0.45454545454545453,0.9393939393939394,0.18181818181818182,0.7333333333333333,0.2222222222222222,0.0,False,False,False,False,False,False,False,False
POA5670,5670,494.0,45.0,1256.0,2.3,60.0,46.0,13.0,0.0,122.0,220.0,4.0,224.0,145.0,25.0,395.0,121.0,59.0,4.0,189.0,2021,106.0,0.5569620253164557,0.017857142857142856,0.5670886075949367,0.4918032786885246,0.3770491803278688,0.8688524590163934,0.10655737704918032,0.6402116402116402,0.31216931216931215,0.021164021164021163,False,False,False,False,False,False,False,False
POA5671,5671,169.0,44.0,774.0,2.3,15.0,15.0,3.0,0.0,39.0,76.0,0.0,81.0,43.0,11.0,139.0,33.0,23.0,7.0,63.0,2021,30.0,0.5467625899280576,0.0,0.5827338129496403,0.38461538461538464,0.38461538461538464,0.7692307692307693,0.07692307692307693,0.5238095238095238,0.36507936507936506,0.1111111111111111,False,False,False,False,False,False,False,False
POA5680,5680,2123.0,49.0,1130.0,2.3,330.0,192.0,46.0,5.0,573.0,981.0,35.0,1017.0,614.0,136.0,1761.0,564.0,244.0,14.0,815.0,2021,522.0,0.5570698466780238,0.0344149459193707,0.5775127768313458,0.5759162303664922,0.33507853403141363,0.9109947643979057,0.08027923211169284,0.6920245398773006,0.29938650306748466,0.01717791411042945,False,False,False,False,False,False,False,False
POA5690,5690,3954.0,39.0,1357.0,2.5,408.0,391.0,181.0,16.0,993.0,1698.0,96.0,1797.0,1080.0,270.0,3143.0,957.0,442.0,32.0,1437.0,2021,799.0,0.5402481705377028,0.05342237061769616,0.5717467387846007,0.4108761329305136,0.39375629405840884,0.8046324269889225,0.1822759315206445,0.6659707724425887,0.30758524704244955,0.022268615170494086,False,False,False,False,False,False,False,False
POA5700,5700,11042.0,40.0,1199.0,2.2,1152.0,884.0,634.0,69.0,2734.0,4460.0,342.0,4803.0,3450.0,754.0,9007.0,2674.0,1537.0,145.0,4359.0,2021,2036.0,0.49517042300432995,0.0712054965646471,0.5332519151770845,0.4213606437454279,0.3233357717629846,0.7446964155084126,0.23189465983906365,0.6134434503326451,0.3526038082128929,0.033264510208763476,False,False,False,False,False,False,False,False
POA5701,5701,30.0,44.0,899.0,2.7,3.0,3.0,0.0,0.0,5.0,7.0,0.0,7.0,16.0,6.0,30.0,8.0,0.0,0.0,8.0,2021,6.0,0.23333333333333334,0.0,0.23333333333333334,0.6,0.6,,0.0,1.0,0.0,0.0,False,True,True,True,False,False,True,True
POA5710,5710,2793.0,35.0,1831.0,2.6,266.0,259.0,101.0,3.0,625.0,1127.0,34.0,1163.0,999.0,124.0,2282.0,614.0,161.0,5.0,785.0,2021,525.0,0.4938650306748466,0.029234737747205503,0.5096406660823839,0.4256,0.4144,0.84,0.1616,0.7821656050955414,0.2050955414012739,0.006369426751592357,False,False,False,False,False,False,False,False
POA5713,5713,20.0,36.0,1375.0,2.0,0.0,0.0,0.0,0.0,0.0,13.0,0.0,13.0,4.0,0.0,12.0,4.0,8.0,0.0,5.0,2021,0.0,,0.0,,,,,,0.8,,0.0,True,True,True,True,False,False,True,True
POA5715,5715,30.0,43.0,1625.0,2.4,4.0,5.0,0.0,0.0,7.0,23.0,0.0,23.0,0.0,0.0,21.0,6.0,3.0,0.0,12.0,2021,9.0,,0.0,,0.5714285714285714,0.7142857142857143,,0.0,0.5,0.25,0.0,False,True,True,True,False,False,True,True
POA5717,5717,35.0,47.0,1208.0,2.2,7.0,3.0,0.0,0.0,11.0,19.0,0.0,19.0,6.0,7.0,27.0,9.0,6.0,0.0,18.0,2021,10.0,0.7037037037037037,0.0,0.7037037037037037,0.6363636363636364,0.2727272727272727,0.9090909090909091,0.0,0.5,0.3333333333333333,0.0,False,True,True,True,False,False,False,False
POA5719,5719,61.0,33.0,2166.0,1.9,10.0,5.0,0.0,0.0,9.0,42.0,0.0,44.0,3.0,6.0,52.0,11.0,3.0,0.0,16.0,2021,15.0,0.8076923076923077,0.0,0.8461538461538461,,0.5555555555555556,,0.0,0.6875,0.1875,0.0,False,False,True,True,False,False,True,True
POA5720,5720,252.0,40.0,1761.0,1.7,30.0,12.0,0.0,0.0,39.0,182.0,5.0,177.0,24.0,26.0,229.0,39.0,50.0,0.0,90.0,2021,42.0,0.7947598253275109,0.02824858757062147,0.7729257641921398,0.7692307692307693,0.3076923076923077,,0.0,0.43333333333333335,0.5555555555555556,0.0,False,False,False,False,False,False,True,True
POA5722,5722,262.0,57.0,703.0,1.7,31.0,15.0,10.0,0.0,58.0,106.0,6.0,115.0,98.0,24.0,235.0,56.0,70.0,5.0,131.0,2021,46.0,0.451063829787234,0.05217391304347826,0.48936170212765956,0.5344827586206896,0.25862068965517243,0.7931034482758621,0.1724137931034483,0.42748091603053434,0.5343511450381679,0.03816793893129771,False,False,False,False,False,False,False,False
POA5723,5723,1812.0,46.0,766.0,1.9,143.0,96.0,52.0,11.0,303.0,670.0,70.0,739.0,516.0,350.0,1601.0,303.0,364.0,27.0,695.0,2021,239.0,0.4184884447220487,0.09472259810554803,0.46158650843222987,0.47194719471947194,0.31683168316831684,0.7887788778877888,0.1716171617161716,0.43597122302158275,0.5237410071942447,0.03884892086330935,False,False,False,False,False,False,False,False
POA5724,5724,84.0,35.0,2083.0,2.1,5.0,6.0,0.0,0.0,16.0,45.0,0.0,45.0,10.0,10.0,75.0,10.0,14.0,0.0,24.0,2021,11.0,0.6,0.0,0.6,0.3125,0.375,0.6875,0.0,0.4166666666666667,0.5833333333333334,0.0,False,False,True,True,False,False,False,False
POA5725,5725,3976.0,31.0,3140.0,2.7,275.0,483.0,90.0,10.0,858.0,2254.0,49.0,2302.0,290.0,363.0,2952.0,847.0,291.0,58.0,1195.0,2021,758.0,0.763550135501355,0.021285838401390096,0.7798102981029811,0.32051282051282054,0.5629370629370629,0.8834498834498834,0.1048951048951049,0.7087866108786611,0.24351464435146444,0.048535564853556486,False,False,False,False,False,False,False,False
POA5730,5730,115.0,43.0,1375.0,2.4,18.0,12.0,5.0,0.0,29.0,63.0,0.0,60.0,31.0,10.0,96.0,26.0,7.0,3.0,40.0,2021,30.0,0.65625,0.0,0.625,0.6206896551724138,0.41379310344827586,,0.1724137931034483,0.65,0.175,0.075,False,False,True,False,False,False,True,True
POA5731,5731,234.0,39.0,1541.0,2.1,15.0,18.0,0.0,0.0,34.0,116.0,4.0,119.0,19.0,68.0,203.0,34.0,22.0,0.0,56.0,2021,33.0,0.5714285714285714,0.03361344537815126,0.5862068965517241,0.4411764705882353,0.5294117647058824,0.9705882352941176,0.0,0.6071428571428571,0.39285714285714285,0.0,False,False,False,False,False,False,False,False
POA5732,5732,146.0,46.0,641.0,2.0,8.0,9.0,13.0,0.0,29.0,59.0,12.0,68.0,36.0,21.0,129.0,26.0,28.0,4.0,60.0,2021,17.0,0.4573643410852713,0.17647058823529413,0.5271317829457365,0.27586206896551724,0.3103448275862069,0.5862068965517241,0.4482758620689655,0.43333333333333335,0.4666666666666667,0.06666666666666667,False,False,True,False,False,False,False,False
POA5733,5733,129.0,48.0,900.0,1.9,8.0,11.0,5.0,0.0,28.0,57.0,3.0,60.0,38.0,15.0,112.0,28.0,25.0,0.0,49.0,2021,19.0,0.5089285714285714,0.05,0.5357142857142857,0.2857142857142857,0.39285714285714285,0.6785714285714286,0.17857142857142858,0.5714285714285714,0.5102040816326531,0.0,False,False,True,False,False,False,False,False
POA5734,5734,114.0,39.0,706.0,2.6,7.0,15.0,6.0,0.0,27.0,44.0,5.0,48.0,33.0,14.0,96.0,20.0,15.0,0.0,39.0,2021,22.0,0.4583333333333333,0.10416666666666667,0.5,0.25925925925925924,0.5555555555555556,0.8148148148148148,0.2222222222222222,0.5128205128205128,0.38461538461538464,0.0,False,False,True,False,False,False,False,False
POA5950,5950,4.0,51.0,0.0,,0.0,0.0,0.0,0.0,0.0,4.0,0.0,4.0,0.0,0.0,4.0,0.0,0.0,0.0,0.0,2021,0.0,1.0,0.0,1.0,,,,,,,,True,True,True,True,True,False,True,False
POA6000,6000,13812.0,33.0,1964.0,1.8,1832.0,608.0,246.0,77.0,2761.0,8429.0,481.0,8912.0,2375.0,1574.0,12861.0,2755.0,2664.0,641.0,6064.0,2021,2440.0,0.6553922712075266,0.053972172351885096,0.6929476712541793,0.6635277073524085,0.2202100688156465,0.883737776168055,0.08909815284317277,0.454320580474934,0.4393139841688654,0.10570580474934037,False,False,False,False,False,False,False,False
POA6003,6003,3652.0,33.0,1843.0,1.8,518.0,183.0,79.0,20.0,796.0,2340.0,111.0,2448.0,576.0,349.0,3372.0,790.0,738.0,197.0,1724.0,2021,701.0,0.693950177935943,0.04534313725490196,0.7259786476868327,0.6507537688442211,0.22989949748743718,0.8806532663316583,0.0992462311557789,0.4582366589327146,0.4280742459396752,0.1142691415313225,False,False,False,False,False,False,False,False
POA6004,6004,11681.0,35.0,2005.0,1.8,1877.0,628.0,252.0,74.0,2828.0,7173.0,398.0,7568.0,2282.0,956.0,10809.0,2817.0,2259.0,489.0,5564.0,2021,2505.0,0.6636136552872606,0.05258985200845666,0.7001572763437875,0.6637199434229137,0.22206506364922207,0.8857850070721358,0.0891089108910891,0.5062904385334291,0.40600287562904386,0.0878864126527678,False,False,False,False,False,False,False,False
POA6005,6005,6102.0,35.0,1918.0,1.8,812.0,297.0,146.0,35.0,1293.0,3903.0,194.0,4096.0,1162.0,367.0,5618.0,1287.0,1387.0,275.0,2949.0,2021,1109.0,0.6947312210751156,0.04736328125,0.7290850836596654,0.6279969064191802,0.2296983758700696,0.8576952822892498,0.11291569992266048,0.43641912512716174,0.47032892505934215,0.0932519498134961,False,False,False,False,False,False,False,False
POA6006,6006,9623.0,38.0,2323.0,2.3,1040.0,1057.0,276.0,50.0,2420.0,5591.0,240.0,5833.0,1915.0,379.0,8130.0,2398.0,1182.0,303.0,3883.0,2021,2097.0,0.68769987699877,0.04114520829761701,0.7174661746617467,0.4297520661157025,0.43677685950413225,0.8665289256198347,0.1140495867768595,0.6175637393767706,0.30440381148596446,0.078032449137265,False,False,False,False,False,False,False,False
POA6007,6007,8095.0,36.0,2349.0,2.1,1025.0,719.0,248.0,50.0,2042.0,4888.0,172.0,5059.0,1499.0,442.0,7000.0,2035.0,1211.0,235.0,3478.0,2021,1744.0,0.6982857142857143,0.03399881399486064,0.7227142857142858,0.5019588638589618,0.35210577864838394,0.8540646425073457,0.12144955925563174,0.5851063829787234,0.34818861414606095,0.06756756756756757,False,False,False,False,False,False,False,False
POA6008,6008,16131.0,40.0,2234.0,2.2,1813.0,1724.0,515.0,66.0,4112.0,8629.0,359.0,8994.0,3773.0,743.0,13507.0,4075.0,2501.0,288.0,6864.0,2021,3537.0,0.6388539275930999,0.03991549922170336,0.6658769526911972,0.4409046692607004,0.41926070038910507,0.8601653696498055,0.1252431906614786,0.5936771561771562,0.36436480186480186,0.04195804195804196,False,False,False,False,False,False,False,False
POA6009,6009,18936.0,37.0,2610.0,2.6,1826.0,2252.0,422.0,68.0,4566.0,9142.0,532.0,9680.0,5663.0,549.0,15885.0,4505.0,1372.0,394.0,6274.0,2021,4078.0,0.5755114888259364,0.05495867768595041,0.6093799181617878,0.3999123959702146,0.49321068769163384,0.8931230836618484,0.09242225142356549,0.7180427159706726,0.21868026777175645,0.06279885240675805,False,False,False,False,False,False,False,False
POA6010,6010,18863.0,43.0,2417.0,2.4,1898.0,2284.0,639.0,53.0,4872.0,9073.0,400.0,9468.0,5394.0,761.0,15616.0,4832.0,2031.0,227.0,7093.0,2021,4182.0,0.5810066598360656,0.04224757076468103,0.6063012295081968,0.38957307060755336,0.4688013136288998,0.8583743842364532,0.1311576354679803,0.68123502044269,0.2863386437332581,0.032003383617651204,False,False,False,False,False,False,False,False
POA6011,6011,9346.0,44.0,3454.0,2.5,1064.0,1118.0,255.0,30.0,2458.0,4762.0,182.0,4945.0,2553.0,362.0,7864.0,2435.0,845.0,132.0,3415.0,2021,2182.0,0.6055442522889115,0.03680485338725986,0.6288148524923703,0.43287225386493083,0.4548413344182262,0.887713588283157,0.10374288039056143,0.7130307467057101,0.24743777452415813,0.038653001464128846,False,False,False,False,False,False,False,False
POA6012,6012,9169.0,42.0,2132.0,2.4,880.0,1104.0,262.0,31.0,2284.0,4486.0,212.0,4700.0,2492.0,433.0,7622.0,2247.0,1147.0,124.0,3520.0,2021,1984.0,0.5885594332196274,0.0451063829787234,0.6166360535292574,0.38528896672504376,0.48336252189141854,0.8686514886164624,0.11471103327495621,0.6383522727272727,0.32585227272727274,0.035227272727272725,False,False,False,False,False,False,False,False
POA6014,6014,22092.0,39.0,2289.0,2.5,2190.0,3034.0,576.0,82.0,5883.0,11657.0,485.0,12144.0,5051.0,516.0,17711.0,5827.0,2303.0,224.0,8358.0,2021,5224.0,0.6581785331150133,0.03993741765480896,0.6856755688555135,0.3722590515043345,0.5157232704402516,0.8879823219445862,0.09790922998470168,0.6971763579803781,0.27554438860971525,0.02680067001675042,False,False,False,False,False,False,False,False
POA6015,6015,6805.0,47.0,3700.0,2.8,726.0,1001.0,142.0,14.0,1888.0,3235.0,129.0,3364.0,2060.0,176.0,5601.0,1857.0,411.0,34.0,2309.0,2021,1727.0,0.5775754329584003,0.03834720570749108,0.6006070344581325,0.3845338983050847,0.5301906779661016,0.9147245762711864,0.07521186440677965,0.8042442615851018,0.1779991338241663,0.014724989172802079,False,False,False,False,False,False,False,False
POA6016,6016,10818.0,36.0,2328.0,2.5,1007.0,1474.0,337.0,55.0,2877.0,6187.0,207.0,6396.0,1865.0,324.0,8583.0,2843.0,1083.0,183.0,4109.0,2021,2481.0,0.7208435279039963,0.0323639774859287,0.7451939881160433,0.3500173792144595,0.5123392422662496,0.862356621480709,0.11713590545707334,0.6918958384035045,0.26356777804818693,0.04453638354830859,False,False,False,False,False,False,False,False
POA6017,6017,4507.0,34.0,1475.0,1.9,568.0,357.0,140.0,45.0,1109.0,2704.0,128.0,2832.0,872.0,299.0,4002.0,1085.0,951.0,110.0,2146.0,2021,925.0,0.6756621689155422,0.04519774011299435,0.7076461769115442,0.5121731289449954,0.3219116321009919,0.8340847610459874,0.12623985572587917,0.505591798695247,0.44315004659832247,0.05125815470643057,False,False,False,False,False,False,False,False
POA6018,6018,42250.0,39.0,2210.0,2.5,4228.0,5392.0,1516.0,141.0,11283.0,22018.0,825.0,22842.0,10073.0,1592.0,34508.0,11117.0,4305.0,681.0,16105.0,2021,9620.0,0.6380549437811522,0.036117677961649594,0.6619334647038367,0.3747230346539041,0.47788708676770364,0.8526101214216077,0.1343614286980413,0.6902825209562248,0.2673082893511332,0.04228500465693884,False,False,False,False,False,False,False,False
POA6019,6019,24351.0,37.0,2188.0,2.3,2709.0,2605.0,905.0,96.0,6314.0,13971.0,528.0,14499.0,4800.0,1097.0,20398.0,6262.0,3095.0,620.0,9981.0,2021,5314.0,0.6849200902049221,0.03641630457272915,0.7108049808804785,0.42904656319290463,0.4125752296484004,0.841621792841305,0.14333227747861893,0.627392044885282,0.3100891694219016,0.06211802424606753,False,False,False,False,False,False,False,False
POA6020,6020,22581.0,45.0,2374.0,2.7,2708.0,3149.0,581.0,59.0,6497.0,11219.0,424.0,11647.0,6120.0,574.0,18347.0,6385.0,1582.0,119.0,8083.0,2021,5857.0,0.6114896168310896,0.03640422426375891,0.6348176813648008,0.41680775742650455,0.4846852393412344,0.901492996767739,0.08942588887178698,0.7899294816281084,0.19571941110973648,0.014722256587900532,False,False,False,False,False,False,False,False
POA6021,6021,20980.0,40.0,1796.0,2.5,2348.0,2628.0,814.0,102.0,5894.0,10766.0,489.0,11259.0,5570.0,728.0,17551.0,5730.0,2263.0,221.0,8218.0,2021,4976.0,0.6134123411771409,0.04343192112976286,0.6415019087231497,0.3983712249745504,0.4458771632168307,0.844248388191381,0.13810654903291483,0.697249939157946,0.27537113652956924,0.026892187880262836,False,False,False,False,False,False,False,False
POA6022,6022,5209.0,39.0,1856.0,2.6,616.0,679.0,237.0,18.0,1548.0,2598.0,115.0,2711.0,1341.0,128.0,4186.0,1519.0,429.0,32.0,1981.0,2021,1295.0,0.6206402293358815,0.042419771302102546,0.6476349737219302,0.3979328165374677,0.43863049095607237,0.83656330749354,0.15310077519379844,0.7667844522968198,0.2165572942958102,0.016153457849570924,False,False,False,False,False,False,False,False
POA6023,6023,15982.0,42.0,2394.0,2.8,1627.0,2414.0,521.0,33.0,4602.0,7877.0,357.0,8232.0,3955.0,341.0,12530.0,4532.0,919.0,92.0,5543.0,2021,4041.0,0.6286512370311254,0.04336734693877551,0.6569832402234637,0.353541938287701,0.5245545415036941,0.878096479791395,0.1132116471099522,0.8176077936135666,0.16579469601298935,0.016597510373443983,False,False,False,False,False,False,False,False
POA6024,6024,13723.0,40.0,1897.0,2.6,1565.0,1757.0,606.0,47.0,3969.0,6908.0,357.0,7265.0,3437.0,401.0,11105.0,3911.0,1123.0,129.0,5168.0,2021,3322.0,0.6220621341737956,0.04913971094287681,0.6542098153984691,0.3943058704963467,0.4426807760141093,0.8369866465104561,0.15268329554043839,0.7567724458204335,0.21729876160990713,0.024961300309597523,False,False,False,False,False,False,False,False
POA6025,6025,31581.0,40.0,2108.0,2.6,3634.0,4285.0,1282.0,107.0,9316.0,16439.0,752.0,17192.0,7577.0,807.0,25574.0,9163.0,2286.0,274.0,11726.0,2021,7919.0,0.6428012825525925,0.043741275011633315,0.672245249081098,0.3900815800772864,0.45996135680549594,0.8500429368827823,0.13761270931730357,0.7814258911819888,0.19495139007334128,0.02336687702541361,False,False,False,False,False,False,False,False
POA6026,6026,22781.0,44.0,2138.0,2.7,2572.0,3261.0,797.0,55.0,6675.0,11755.0,481.0,12234.0,5929.0,469.0,18637.0,6552.0,1546.0,96.0,8195.0,2021,5833.0,0.6307345602833074,0.03931665849272519,0.6564361216934056,0.3853183520599251,0.4885393258426966,0.8738576779026217,0.11940074906367042,0.7995118974984747,0.1886516168395363,0.011714460036607687,False,False,False,False,False,False,False,False
POA6027,6027,42828.0,40.0,2016.0,2.6,4859.0,5516.0,1651.0,125.0,12145.0,22702.0,1132.0,23833.0,9920.0,1556.0,35310.0,11922.0,3250.0,496.0,15667.0,2021,10375.0,0.642934013027471,0.04749716779255654,0.6749645992636647,0.40008233841086865,0.454178674351585,0.8542610127624537,0.13594071634417457,0.7609625327120699,0.2074423948426629,0.03165890087444948,False,False,False,False,False,False,False,False
POA6028,6028,23559.0,41.0,2540.0,2.9,2433.0,3735.0,772.0,56.0,6998.0,13309.0,607.0,13919.0,4669.0,579.0,19164.0,6810.0,978.0,89.0,7877.0,2021,6168.0,0.694479231893133,0.04360945470220562,0.7263097474431225,0.3476707630751643,0.5337239211203201,0.8813946841954844,0.11031723349528437,0.8645423384537261,0.12415894376031485,0.011298717785959122,False,False,False,False,False,False,False,False
POA6029,6029,2855.0,43.0,2779.0,2.7,302.0,417.0,61.0,3.0,791.0,1477.0,52.0,1531.0,699.0,104.0,2330.0,781.0,185.0,35.0,1001.0,2021,719.0,0.6339055793991416,0.033964728935336384,0.6570815450643777,0.38179519595448796,0.527180783817952,0.9089759797724399,0.07711757269279393,0.7802197802197802,0.1848151848151848,0.03496503496503497,False,False,False,False,False,False,False,False
POA6030,6030,40841.0,37.0,1825.0,2.7,3912.0,5193.0,2120.0,153.0,11377.0,20381.0,1337.0,21715.0,9368.0,1709.0,32797.0,11108.0,2903.0,336.0,14343.0,2021,9105.0,0.6214287892185261,0.06157034308081971,0.6621032411501052,0.3438516304825525,0.45644721807154787,0.8002988485541004,0.18634086314494155,0.7744544377048037,0.2023983824862302,0.02342606149341142,False,False,False,False,False,False,False,False
POA6031,6031,18645.0,32.0,2116.0,3.0,1354.0,2852.0,920.0,61.0,5190.0,9987.0,520.0,10506.0,2897.0,539.0,13943.0,5050.0,895.0,129.0,6071.0,2021,4206.0,0.7162733988381267,0.04949552636588616,0.75349637811088,0.2608863198458574,0.5495183044315992,0.8104046242774566,0.17726396917148363,0.8318234228298468,0.14742217097677482,0.021248558721792127,False,False,False,False,False,False,False,False
POA6032,6032,189.0,47.0,1708.0,2.6,25.0,24.0,7.0,0.0,51.0,113.0,7.0,116.0,28.0,13.0,167.0,49.0,12.0,0.0,67.0,2021,49.0,0.6766467065868264,0.0603448275862069,0.6946107784431138,0.49019607843137253,0.47058823529411764,0.9607843137254902,0.13725490196078433,0.7313432835820896,0.1791044776119403,0.0,False,False,False,False,False,False,False,False
POA6033,6033,444.0,44.0,2307.0,3.1,47.0,59.0,11.0,0.0,118.0,248.0,7.0,248.0,93.0,31.0,371.0,113.0,14.0,0.0,131.0,2021,106.0,0.6684636118598383,0.028225806451612902,0.6684636118598383,0.3983050847457627,0.5,0.8983050847457628,0.09322033898305085,0.8625954198473282,0.10687022900763359,0.0,False,False,False,False,False,False,False,False
POA6034,6034,3705.0,29.0,2024.0,2.9,307.0,550.0,184.0,13.0,1050.0,1888.0,105.0,1992.0,511.0,164.0,2667.0,1027.0,197.0,13.0,1237.0,2021,857.0,0.7079115110611174,0.05271084337349398,0.7469066366704162,0.2923809523809524,0.5238095238095238,0.8161904761904762,0.17523809523809525,0.8302344381568311,0.15925626515763944,0.010509296685529508,False,False,False,False,False,False,False,False
POA6035,6035,11022.0,35.0,1699.0,2.8,1000.0,1406.0,564.0,31.0,3005.0,4774.0,349.0,5128.0,2545.0,596.0,8266.0,2926.0,740.0,64.0,3740.0,2021,2406.0,0.5775465763368014,0.06805772230889236,0.6203726106944109,0.33277870216306155,0.46788685524126455,0.8006655574043261,0.18768718801996673,0.7823529411764706,0.19786096256684493,0.017112299465240642,False,False,False,False,False,False,False,False
POA6036,6036,17514.0,33.0,1907.0,2.8,1416.0,2377.0,985.0,64.0,4837.0,9035.0,608.0,9645.0,3264.0,608.0,13511.0,4717.0,1174.0,138.0,6024.0,2021,3793.0,0.6687143808748427,0.06303784344219802,0.7138627784767967,0.2927434360140583,0.4914203018399835,0.7841637378540418,0.2036386189787058,0.7830345285524568,0.1948871181938911,0.022908366533864542,False,False,False,False,False,False,False,False
POA6037,6037,3822.0,39.0,1526.0,2.7,405.0,479.0,138.0,3.0,1028.0,1596.0,123.0,1721.0,975.0,258.0,2953.0,992.0,334.0,23.0,1350.0,2021,884.0,0.5404673213681003,0.07147007553747821,0.5827971554351506,0.3939688715953307,0.4659533073929961,0.8599221789883269,0.13424124513618677,0.7348148148148148,0.2474074074074074,0.017037037037037038,False,False,False,False,False,False,False,False
POA6038,6038,10203.0,31.0,2035.0,2.8,805.0,1518.0,507.0,34.0,2865.0,5356.0,322.0,5675.0,1477.0,330.0,7482.0,2816.0,648.0,63.0,3521.0,2021,2323.0,0.7158513766372627,0.05674008810572687,0.7584870355519915,0.28097731239092494,0.5298429319371728,0.8108202443280977,0.1769633507853403,0.7997727918205055,0.18403862539051405,0.017892644135188866,False,False,False,False,False,False,False,False
POA6041,6041,1597.0,51.0,1311.0,2.6,240.0,151.0,52.0,7.0,449.0,610.0,29.0,644.0,606.0,112.0,1357.0,432.0,111.0,12.0,555.0,2021,391.0,0.449521002210759,0.04503105590062112,0.4745762711864407,0.534521158129176,0.3363028953229399,0.8708240534521158,0.11581291759465479,0.7783783783783784,0.2,0.021621621621621623,False,False,False,False,False,False,False,False
POA6042,6042,107.0,64.0,959.0,1.8,12.0,0.0,3.0,0.0,22.0,22.0,0.0,27.0,44.0,19.0,100.0,20.0,15.0,4.0,42.0,2021,12.0,0.22,0.0,0.27,0.5454545454545454,0.0,0.5454545454545454,0.13636363636363635,0.47619047619047616,0.35714285714285715,0.09523809523809523,False,True,True,False,False,False,False,False
POA6043,6043,233.0,59.0,1136.0,1.7,52.0,7.0,6.0,0.0,67.0,95.0,4.0,100.0,106.0,25.0,221.0,72.0,44.0,3.0,115.0,2021,59.0,0.4298642533936652,0.04,0.45248868778280543,0.7761194029850746,0.1044776119402985,0.8805970149253731,0.08955223880597014,0.6260869565217392,0.3826086956521739,0.02608695652173913,False,False,False,False,False,False,False,False
POA6044,6044,1300.0,54.0,1086.0,2.0,205.0,88.0,21.0,4.0,317.0,558.0,21.0,580.0,497.0,102.0,1174.0,318.0,179.0,26.0,523.0,2021,293.0,0.4752981260647359,0.03620689655172414,0.4940374787052811,0.6466876971608833,0.277602523659306,0.9242902208201893,0.06624605678233439,0.6080305927342257,0.3422562141491396,0.0497131931166348,False,False,False,False,False,False,False,False
POA6050,6050,15770.0,41.0,2088.0,2.2,1753.0,1686.0,402.0,61.0,3904.0,8568.0,356.0,8926.0,3972.0,655.0,13557.0,3859.0,2182.0,310.0,6358.0,2021,3439.0,0.6319982296968356,0.0398834864440959,0.6584052518993878,0.4490266393442623,0.43186475409836067,0.8808913934426229,0.10297131147540983,0.606951871657754,0.34318968229002833,0.048757470902799624,False,False,False,False,False,False,False,False
POA6051,6051,13199.0,36.0,1623.0,1.9,1669.0,1040.0,421.0,86.0,3216.0,7871.0,406.0,8279.0,2514.0,680.0,11470.0,3185.0,2732.0,438.0,6351.0,2021,2709.0,0.6862249346120314,0.04903973909892499,0.721795989537925,0.5189676616915423,0.32338308457711445,0.8423507462686567,0.13090796019900497,0.5014958274287514,0.43016847740513303,0.06896551724137931,False,False,False,False,False,False,False,False
POA6052,6052,11555.0,39.0,2051.0,2.4,1197.0,1441.0,449.0,55.0,3140.0,6316.0,258.0,6572.0,2554.0,407.0,9529.0,3110.0,1364.0,183.0,4660.0,2021,2638.0,0.6628187637737433,0.03925745587340231,0.6896841221534263,0.3812101910828026,0.4589171974522293,0.8401273885350319,0.1429936305732484,0.6673819742489271,0.2927038626609442,0.03927038626609442,False,False,False,False,False,False,False,False
POA6053,6053,15288.0,39.0,2037.0,2.4,1704.0,1850.0,531.0,70.0,4158.0,8368.0,362.0,8736.0,3398.0,539.0,12668.0,4121.0,1735.0,253.0,6111.0,2021,3554.0,0.6605620461004105,0.041437728937728936,0.6896116198294916,0.4098124098124098,0.44492544492544495,0.8547378547378547,0.1277056277056277,0.674357715594829,0.2839142529864179,0.041400752740958925,False,False,False,False,False,False,False,False
POA6054,6054,21029.0,39.0,1600.0,2.4,2123.0,2313.0,1062.0,135.0,5633.0,10390.0,611.0,10998.0,5295.0,1002.0,17296.0,5528.0,2489.0,301.0,8317.0,2021,4436.0,0.6007169287696578,0.05555555555555555,0.6358695652173914,0.3768862062843955,0.4106160127818214,0.787502219066217,0.1885318657908752,0.664662738968378,0.29926656246242633,0.036190934231092944,False,False,False,False,False,False,False,False
POA6055,6055,32320.0,33.0,2159.0,2.9,2858.0,4792.0,1062.0,131.0,8849.0,17181.0,704.0,17880.0,5745.0,1023.0,24650.0,8563.0,1932.0,283.0,10778.0,2021,7650.0,0.696997971602434,0.039373601789709174,0.7253549695740366,0.3229743473838852,0.5415301163973331,0.8645044637812183,0.12001356085433382,0.794488773427352,0.17925403599925774,0.026257190573390238,False,False,False,False,False,False,False,False
POA6056,6056,41172.0,40.0,1470.0,2.4,4293.0,4256.0,2287.0,229.0,11063.0,19764.0,1207.0,20972.0,10943.0,2301.0,34217.0,10722.0,4822.0,525.0,16072.0,2021,8549.0,0.5776076219423094,0.057552927713141334,0.6129117105532338,0.388050257615475,0.38470577601012385,0.7727560336255989,0.20672511976859803,0.6671229467396714,0.3000248880039821,0.03266550522648084,False,False,False,False,False,False,False,False
POA6057,6057,16697.0,39.0,1816.0,2.6,1830.0,1969.0,845.0,83.0,4725.0,8545.0,424.0,8966.0,3945.0,655.0,13570.0,4621.0,1419.0,162.0,6204.0,2021,3799.0,0.6296978629329403,0.04728976132054428,0.6607221812822403,0.3873015873015873,0.4167195767195767,0.804021164021164,0.17883597883597885,0.7448420373952289,0.22872340425531915,0.02611218568665377,False,False,False,False,False,False,False,False
POA6058,6058,13181.0,38.0,1614.0,2.5,1422.0,1485.0,682.0,65.0,3652.0,6420.0,375.0,6795.0,3310.0,584.0,10687.0,3568.0,1357.0,165.0,5096.0,2021,2907.0,0.60072985870684,0.05518763796909492,0.6358192196126135,0.3893756845564075,0.4066265060240964,0.7960021905805038,0.18674698795180722,0.7001569858712716,0.266287284144427,0.03237833594976452,False,False,False,False,False,False,False,False
POA6059,6059,24169.0,43.0,1684.0,2.4,2573.0,2979.0,944.0,123.0,6619.0,12159.0,596.0,12756.0,6871.0,824.0,20446.0,6441.0,2815.0,322.0,9579.0,2021,5552.0,0.594688447618116,0.04672311069300721,0.6238873129218429,0.3887294153195347,0.45006798610061943,0.8387974014201541,0.142619731077202,0.6724083933604761,0.2938720116922435,0.03361519991648398,False,False,False,False,False,False,False,False
POA6060,6060,25486.0,37.0,1643.0,2.1,3053.0,2430.0,986.0,150.0,6628.0,14535.0,668.0,15206.0,5680.0,1053.0,21938.0,6540.0,4454.0,541.0,11535.0,2021,5483.0,0.6625490017321543,0.04393002762067605,0.6931351991977391,0.46062160531080265,0.36662643331321665,0.8272480386240193,0.1487628243814122,0.5669700910273082,0.38612917208495884,0.04690073688773299,False,False,False,False,False,False,False,False
POA6061,6061,41683.0,34.0,1374.0,2.4,3479.0,4245.0,2334.0,321.0,10380.0,19374.0,1490.0,20863.0,10210.0,2521.0,33596.0,10095.0,4987.0,865.0,15948.0,2021,7724.0,0.5766757947374688,0.07141830034031539,0.6209965472080009,0.33516377649325624,0.40895953757225434,0.7441233140655106,0.22485549132947977,0.632994732881866,0.3127037873087534,0.054238776022071736,False,False,False,False,False,False,False,False
POA6062,6062,34144.0,40.0,1617.0,2.5,3718.0,4015.0,1581.0,204.0,9524.0,16845.0,1048.0,17893.0,9518.0,1231.0,28637.0,9262.0,3236.0,525.0,13028.0,2021,7733.0,0.5882250235709048,0.05857039065556363,0.6248210357230157,0.3903821923561529,0.42156656866862663,0.8119487610247795,0.16600167996640067,0.7109303039607,0.24838808719680688,0.040297820079828066,False,False,False,False,False,False,False,False
POA6063,6063,15045.0,36.0,1632.0,2.9,1169.0,1994.0,743.0,69.0,3975.0,7106.0,543.0,7650.0,3654.0,569.0,11873.0,3810.0,991.0,160.0,4956.0,2021,3163.0,0.5985008001347596,0.07098039215686275,0.6443190432072771,0.2940880503144654,0.5016352201257862,0.7957232704402516,0.18691823899371068,0.7687651331719129,0.19995964487489912,0.03228410008071025,False,False,False,False,False,False,False,False
POA6064,6064,31068.0,37.0,1422.0,2.7,2605.0,3654.0,1775.0,191.0,8218.0,13843.0,1213.0,15051.0,8630.0,1444.0,25122.0,7869.0,2548.0,344.0,10758.0,2021,6259.0,0.5510309688719051,0.08059265165105309,0.5991163123955099,0.3169871014845461,0.444633730834753,0.7616208323192991,0.2159892917984911,0.7314556609035137,0.2368469975831939,0.03197620375534486,False,False,False,False,False,False,False,False
POA6065,6065,68443.0,36.0,2133.0,2.9,5811.0,10489.0,2619.0,196.0,19123.0,35750.0,1680.0,37440.0,13579.0,1961.0,52977.0,18541.0,3960.0,390.0,22888.0,2021,16300.0,0.6748211488004229,0.04487179487179487,0.7067217849255337,0.3038749150237933,0.5485018041102337,0.8523767191340271,0.13695549861423417,0.8100751485494583,0.1730164278224397,0.017039496679482697,False,False,False,False,False,False,False,False
POA6066,6066,18459.0,37.0,1726.0,2.9,1600.0,2473.0,959.0,83.0,5109.0,9154.0,611.0,9768.0,4544.0,609.0,14916.0,4930.0,1097.0,153.0,6177.0,2021,4073.0,0.613703405738804,0.06255118755118755,0.6548672566371682,0.3131728322568017,0.48404775885691914,0.7972205911137209,0.18770796633392053,0.7981220657276995,0.17759430144082888,0.02476930548810102,False,False,False,False,False,False,False,False
POA6067,6067,45.0,33.0,849.0,3.0,0.0,0.0,3.0,0.0,5.0,0.0,0.0,4.0,31.0,3.0,37.0,7.0,3.0,0.0,8.0,2021,0.0,0.0,0.0,0.10810810810810811,0.0,0.0,0.0,0.6,0.875,0.375,0.0,False,True,True,True,False,False,False,False
POA6068,6068,10.0,54.0,1375.0,2.0,0.0,0.0,0.0,0.0,0.0,3.0,0.0,3.0,0.0,0.0,10.0,0.0,0.0,0.0,0.0,2021,0.0,0.3,0.0,0.3,,,,,,,,True,True,True,True,False,False,True,False
POA6069,6069,46350.0,33.0,2043.0,2.9,3784.0,6574.0,2123.0,139.0,12623.0,23411.0,1243.0,24655.0,8309.0,1630.0,34593.0,12283.0,2634.0,320.0,15238.0,2021,10358.0,0.6767554129448154,0.050415737172987224,0.7127164455236609,0.2997702606353482,0.5207953735245188,0.8205656341598669,0.16818505901925057,0.8060769129807062,0.17285733035831474,0.021000131250820318,False,False,False,False,False,False,False,False
POA6070,6070,3725.0,44.0,2388.0,2.7,441.0,533.0,110.0,7.0,1091.0,1873.0,80.0,1949.0,898.0,107.0,2960.0,1076.0,209.0,18.0,1305.0,2021,974.0,0.6327702702702702,0.04104669061056952,0.658445945945946,0.40421631530705776,0.48854262144821264,0.8927589367552704,0.1008249312557287,0.8245210727969349,0.16015325670498085,0.013793103448275862,False,False,False,False,False,False,False,False
POA6071,6071,3502.0,47.0,2163.0,2.6,430.0,470.0,115.0,11.0,1019.0,1800.0,82.0,1881.0,868.0,151.0,2900.0,997.0,224.0,19.0,1236.0,2021,900.0,0.6206896551724138,0.043593833067517275,0.6486206896551724,0.42198233562315995,0.46123650637880276,0.8832188420019627,0.11285574092247301,0.8066343042071198,0.18122977346278318,0.015372168284789644,False,False,False,False,False,False,False,False
POA6072,6072,829.0,46.0,2169.0,2.7,115.0,109.0,21.0,0.0,241.0,438.0,23.0,457.0,203.0,34.0,695.0,237.0,57.0,0.0,295.0,2021,224.0,0.6302158273381295,0.05032822757111598,0.6575539568345323,0.47717842323651455,0.45228215767634855,0.9294605809128631,0.08713692946058091,0.8033898305084746,0.19322033898305085,0.0,False,False,False,False,False,False,False,False
POA6073,6073,3190.0,50.0,1773.0,2.5,446.0,362.0,127.0,4.0,936.0,1444.0,62.0,1508.0,1078.0,113.0,2699.0,908.0,271.0,9.0,1191.0,2021,808.0,0.5350129677658392,0.04111405835543767,0.5587254538718044,0.47649572649572647,0.38675213675213677,0.8632478632478633,0.13568376068376067,0.762384550797649,0.22753988245172124,0.007556675062972292,False,False,False,False,False,False,False,False
POA6074,6074,1001.0,46.0,1845.0,2.7,127.0,133.0,36.0,0.0,301.0,499.0,28.0,523.0,275.0,32.0,832.0,292.0,59.0,9.0,354.0,2021,260.0,0.5997596153846154,0.05353728489483748,0.6286057692307693,0.4219269102990033,0.4418604651162791,0.8637873754152824,0.11960132890365449,0.8248587570621468,0.16666666666666666,0.025423728813559324,False,False,False,False,False,False,False,False
POA6076,6076,22308.0,47.0,1944.0,2.6,2826.0,2871.0,699.0,55.0,6441.0,10693.0,430.0,11129.0,6536.0,711.0,18368.0,6299.0,1634.0,101.0,8039.0,2021,5697.0,0.5821537456445993,0.03863779315302363,0.6058906794425087,0.43875174662319516,0.4457382394038193,0.8844899860270145,0.10852352119236143,0.7835551685533027,0.2032591118298296,0.012563751710411743,False,False,False,False,False,False,False,False
POA6077,6077,1639.0,55.0,1448.0,2.6,244.0,180.0,36.0,3.0,472.0,782.0,42.0,824.0,566.0,63.0,1445.0,454.0,133.0,15.0,592.0,2021,424.0,0.5411764705882353,0.050970873786407765,0.5702422145328719,0.5169491525423728,0.3813559322033898,0.8983050847457628,0.07627118644067797,0.7668918918918919,0.22466216216216217,0.02533783783783784,False,False,False,False,False,False,False,False
POA6078,6078,941.0,43.0,2170.0,3.1,104.0,119.0,24.0,7.0,255.0,491.0,24.0,513.0,221.0,44.0,779.0,234.0,35.0,12.0,279.0,2021,223.0,0.6302952503209243,0.04678362573099415,0.6585365853658537,0.40784313725490196,0.4666666666666667,0.8745098039215686,0.09411764705882353,0.8387096774193549,0.12544802867383512,0.043010752688172046,False,False,False,False,False,False,False,False
POA6079,6079,30.0,66.0,2062.0,2.3,8.0,4.0,0.0,0.0,8.0,7.0,0.0,10.0,15.0,0.0,32.0,13.0,0.0,0.0,16.0,2021,12.0,0.21875,0.0,0.3125,1.0,0.5,,0.0,0.8125,0.0,0.0,False,True,True,True,False,False,True,True
POA6081,6081,4919.0,43.0,2225.0,2.8,561.0,726.0,152.0,5.0,1447.0,2574.0,94.0,2671.0,1172.0,147.0,3991.0,1400.0,250.0,28.0,1677.0,2021,1287.0,0.6449511400651465,0.03519281168101834,0.6692558256076171,0.3876986869384934,0.5017277125086386,0.889426399447132,0.1050449205252246,0.8348240906380441,0.1490757304710793,0.016696481812760882,False,False,False,False,False,False,False,False
POA6082,6082,3422.0,41.0,1941.0,2.7,396.0,445.0,144.0,3.0,982.0,1645.0,76.0,1725.0,845.0,178.0,2743.0,946.0,200.0,23.0,1170.0,2021,841.0,0.5997083485235144,0.044057971014492756,0.6288734961720743,0.40325865580448067,0.4531568228105906,0.8564154786150713,0.14663951120162932,0.8085470085470086,0.17094017094017094,0.019658119658119658,False,False,False,False,False,False,False,False
POA6083,6083,3570.0,48.0,2247.0,2.8,504.0,465.0,84.0,7.0,1062.0,1858.0,61.0,1917.0,928.0,181.0,3032.0,1002.0,171.0,20.0,1188.0,2021,969.0,0.612796833773087,0.03182055294731351,0.6322559366754618,0.4745762711864407,0.4378531073446328,0.9124293785310734,0.07909604519774012,0.8434343434343434,0.14393939393939395,0.016835016835016835,False,False,False,False,False,False,False,False
POA6084,6084,9063.0,40.0,2076.0,2.9,1020.0,1167.0,318.0,22.0,2531.0,4641.0,196.0,4840.0,1922.0,525.0,7290.0,2434.0,440.0,56.0,2925.0,2021,2187.0,0.6366255144032922,0.04049586776859504,0.663923182441701,0.40300276570525484,0.4610825760568945,0.8640853417621494,0.12564203871987356,0.8321367521367521,0.15042735042735042,0.019145299145299145,False,False,False,False,False,False,False,False
POA6090,6090,25.0,43.0,1749.0,1.4,0.0,0.0,0.0,0.0,4.0,13.0,0.0,13.0,0.0,4.0,21.0,0.0,3.0,0.0,4.0,2021,0.0,0.6190476190476191,0.0,0.6190476190476191,0.0,0.0,0.0,0.0,0.0,0.75,0.0,True,True,True,True,False,False,False,False
POA6100,6100,15816.0,36.0,1896.0,2.1,2027.0,1441.0,451.0,135.0,4053.0,9412.0,448.0,9856.0,3019.0,838.0,13713.0,4003.0,2414.0,509.0,6920.0,2021,3468.0,0.6863560125428425,0.045454545454545456,0.7187340479836651,0.5001233654083395,0.3555391068344436,0.8556624722427831,0.11127559832223044,0.5784682080924856,0.34884393063583813,0.07355491329479769,False,False,False,False,False,False,False,False
POA6101,6101,17301.0,35.0,1974.0,2.3,1896.0,1749.0,578.0,132.0,4359.0,9686.0,518.0,10208.0,3400.0,990.0,14593.0,4306.0,2169.0,562.0,7034.0,2021,3645.0,0.663742890426917,0.05074451410658307,0.6995134653601042,0.4349621472814866,0.4012388162422574,0.836200963523744,0.1325992200045882,0.6121694626101791,0.3083593972135343,0.07989764003411999,False,False,False,False,False,False,False,False
POA6102,6102,13949.0,32.0,1410.0,2.3,1190.0,961.0,415.0,140.0,2710.0,6919.0,536.0,7452.0,3632.0,1250.0,12331.0,2627.0,1855.0,712.0,5195.0,2021,2151.0,0.5611061552185549,0.07192699946323135,0.604330549022788,0.43911439114391143,0.3546125461254613,0.7937269372693727,0.15313653136531366,0.5056785370548604,0.3570741097208855,0.1370548604427334,False,False,False,False,False,False,False,False
POA6103,6103,10897.0,34.0,1723.0,2.1,1319.0,889.0,373.0,108.0,2685.0,6348.0,351.0,6695.0,2164.0,557.0,9419.0,2644.0,1875.0,361.0,4873.0,2021,2208.0,0.6739568956364794,0.05242718446601942,0.710797324556747,0.4912476722532588,0.33109869646182494,0.8223463687150838,0.13891992551210428,0.5425815719269443,0.38477324030371435,0.07408167453314181,False,False,False,False,False,False,False,False
POA6104,6104,15082.0,38.0,1666.0,2.3,1609.0,1424.0,604.0,121.0,3756.0,7572.0,481.0,8056.0,3595.0,1115.0,12760.0,3687.0,1852.0,341.0,5881.0,2021,3033.0,0.5934169278996865,0.05970705064548163,0.6313479623824452,0.42838125665601706,0.37912673056443025,0.8075079872204473,0.16080937167199147,0.6269341948648189,0.3149124298588675,0.05798333616731848,False,False,False,False,False,False,False,False
POA6105,6105,16283.0,35.0,1558.0,2.4,1527.0,1734.0,744.0,125.0,4132.0,8047.0,479.0,8524.0,3933.0,904.0,13362.0,4030.0,1871.0,364.0,6262.0,2021,3261.0,0.6022302050591228,0.05619427498826842,0.6379284538242778,0.36955469506292354,0.4196515004840271,0.7892061955469506,0.18005808325266215,0.6435643564356436,0.2987863302459278,0.05812839348450974,False,False,False,False,False,False,False,False
POA6106,6106,16.0,53.0,575.0,1.5,0.0,0.0,0.0,0.0,0.0,10.0,0.0,11.0,4.0,5.0,16.0,0.0,6.0,0.0,6.0,2021,0.0,0.625,0.0,0.6875,,,,,0.0,1.0,0.0,True,True,True,True,False,False,True,False
POA6107,6107,48583.0,33.0,1727.0,2.7,4135.0,6001.0,1690.0,343.0,12168.0,24324.0,1567.0,25894.0,10667.0,2376.0,38939.0,11780.0,3933.0,1093.0,16801.0,2021,10136.0,0.6246693546316032,0.06051594964084344,0.664988828680757,0.3398257725180802,0.49317882971729127,0.8330046022353714,0.1388888888888889,0.7011487411463604,0.23409320873757514,0.06505565144931849,False,False,False,False,False,False,False,False
POA6108,6108,23665.0,38.0,1571.0,2.7,2377.0,2999.0,1094.0,124.0,6590.0,10944.0,833.0,11780.0,6443.0,840.0,19062.0,6405.0,1764.0,234.0,8401.0,2021,5376.0,0.5741265344664778,0.07071307300509339,0.6179834225160005,0.36069802731411227,0.45508345978755693,0.8157814871016692,0.1660091047040971,0.7624092369955957,0.2099750029758362,0.02785382692536603,False,False,False,False,False,False,False,False
POA6109,6109,13143.0,36.0,1358.0,2.7,1000.0,1578.0,599.0,59.0,3235.0,5592.0,482.0,6074.0,3592.0,755.0,10422.0,3110.0,1285.0,196.0,4583.0,2021,2578.0,0.5365572826712723,0.07935462627593019,0.5828056035309921,0.3091190108191654,0.48778979907264297,0.7969088098918083,0.18516228748068006,0.6785948068950469,0.28038402792930395,0.04276674667248527,False,False,False,False,False,False,False,False
POA6110,6110,44873.0,36.0,1618.0,2.8,3520.0,5908.0,2084.0,184.0,11702.0,20525.0,1540.0,22063.0,10872.0,1993.0,34927.0,11318.0,3593.0,429.0,15341.0,2021,9428.0,0.5876542502934692,0.0698001178443548,0.6316889512411601,0.3008032814903435,0.5048709622286789,0.8056742437190224,0.17808921551871476,0.737761554005606,0.2342089824652891,0.027964278730200118,False,False,False,False,False,False,False,False
POA6111,6111,23639.0,41.0,1543.0,2.5,2596.0,2634.0,1198.0,109.0,6540.0,10871.0,835.0,11704.0,6464.0,1148.0,19320.0,6357.0,2193.0,249.0,8790.0,2021,5230.0,0.5626811594202898,0.07134313055365687,0.6057971014492753,0.39694189602446484,0.40275229357798165,0.7996941896024465,0.18318042813455657,0.7232081911262799,0.24948805460750853,0.02832764505119454,False,False,False,False,False,False,False,False
POA6112,6112,70564.0,33.0,1853.0,2.8,5721.0,9865.0,3119.0,296.0,18997.0,33594.0,2182.0,35775.0,14250.0,2763.0,52786.0,18390.0,4764.0,611.0,23762.0,2021,15586.0,0.6364187473951427,0.06099231306778476,0.6777365210472474,0.3011528136021477,0.5192925198715587,0.8204453334737064,0.16418381849765754,0.7739247538086019,0.2004881743960946,0.02571332379429341,False,False,False,False,False,False,False,False
POA6121,6121,3101.0,43.0,2380.0,3.1,348.0,461.0,79.0,9.0,892.0,1662.0,56.0,1715.0,700.0,101.0,2514.0,831.0,107.0,17.0,956.0,2021,809.0,0.6610978520286396,0.0326530612244898,0.6821797931583135,0.3901345291479821,0.5168161434977578,0.9069506726457399,0.08856502242152467,0.8692468619246861,0.11192468619246862,0.01778242677824268,False,False,False,False,False,False,False,False
POA6122,6122,21803.0,31.0,2104.0,3.0,1785.0,3241.0,862.0,60.0,5940.0,10957.0,463.0,11425.0,3626.0,711.0,15756.0,5752.0,1024.0,141.0,6922.0,2021,5026.0,0.6954176186849454,0.04052516411378556,0.7251205889819751,0.3005050505050505,0.5456228956228957,0.8461279461279462,0.14511784511784512,0.8309737070210922,0.14793412308581336,0.020369835307714534,False,False,False,False,False,False,False,False
POA6123,6123,2253.0,32.0,1973.0,2.9,240.0,284.0,106.0,4.0,624.0,1082.0,57.0,1137.0,453.0,117.0,1703.0,608.0,116.0,14.0,733.0,2021,524.0,0.6353493834409865,0.05013192612137203,0.6676453317674692,0.38461538461538464,0.4551282051282051,0.8397435897435898,0.16987179487179488,0.8294679399727148,0.1582537517053206,0.019099590723055934,False,False,False,False,False,False,False,False
POA6124,6124,1205.0,43.0,2057.0,2.6,154.0,150.0,41.0,7.0,344.0,589.0,23.0,611.0,267.0,64.0,941.0,338.0,84.0,8.0,433.0,2021,304.0,0.6259298618490967,0.03764320785597381,0.6493092454835282,0.4476744186046512,0.436046511627907,0.8837209302325582,0.11918604651162791,0.7806004618937644,0.19399538106235567,0.018475750577367205,False,False,False,False,False,False,False,False
POA6125,6125,3622.0,45.0,2007.0,2.8,434.0,414.0,98.0,4.0,946.0,1683.0,57.0,1736.0,1143.0,177.0,3062.0,892.0,192.0,16.0,1100.0,2021,848.0,0.5496407576747224,0.032834101382488476,0.5669497060744612,0.4587737843551797,0.4376321353065539,0.8964059196617337,0.10359408033826638,0.8109090909090909,0.17454545454545456,0.014545454545454545,False,False,False,False,False,False,False,False
POA6126,6126,265.0,51.0,1458.0,2.4,40.0,23.0,8.0,0.0,69.0,126.0,3.0,125.0,85.0,24.0,229.0,67.0,21.0,4.0,86.0,2021,63.0,0.5502183406113537,0.024,0.5458515283842795,0.5797101449275363,0.3333333333333333,0.9130434782608695,0.11594202898550725,0.7790697674418605,0.2441860465116279,0.046511627906976744,False,False,False,False,False,False,False,False
POA6147,6147,15038.0,38.0,1458.0,2.6,1401.0,1833.0,737.0,100.0,4078.0,7035.0,514.0,7550.0,4160.0,556.0,12268.0,3953.0,1422.0,225.0,5599.0,2021,3234.0,0.5734431040104336,0.0680794701986755,0.6154222367134007,0.3435507601765571,0.4494850416871015,0.7930358018636586,0.18072584600294261,0.7060189319521343,0.2539739239149848,0.04018574745490266,False,False,False,False,False,False,False,False
POA6148,6148,18974.0,42.0,1904.0,2.7,1818.0,2667.0,670.0,63.0,5220.0,8893.0,479.0,9372.0,5533.0,563.0,15469.0,5099.0,1506.0,134.0,6740.0,2021,4485.0,0.5748917189217144,0.051109688433632096,0.6058568750404034,0.3482758620689655,0.5109195402298851,0.8591954022988506,0.12835249042145594,0.7565281899109793,0.22344213649851632,0.019881305637982197,False,False,False,False,False,False,False,False
POA6149,6149,18905.0,43.0,2155.0,2.7,2105.0,2770.0,597.0,44.0,5510.0,9214.0,436.0,9647.0,5378.0,440.0,15466.0,5380.0,1207.0,108.0,6694.0,2021,4875.0,0.595758437863701,0.04519539753291179,0.6237553342816501,0.382032667876588,0.5027223230490018,0.8847549909255898,0.10834845735027224,0.8037048102778608,0.18031072602330445,0.01613385121003884,False,False,False,False,False,False,False,False
POA6150,6150,13201.0,43.0,2112.0,2.8,1435.0,1775.0,360.0,47.0,3625.0,6175.0,347.0,6523.0,4243.0,447.0,11207.0,3505.0,684.0,109.0,4298.0,2021,3210.0,0.5509949138931025,0.053196382032806994,0.5820469349513697,0.39586206896551723,0.4896551724137931,0.8855172413793103,0.0993103448275862,0.8154955793392276,0.15914378780828292,0.02536063285248953,False,False,False,False,False,False,False,False
POA6151,6151,17226.0,40.0,2113.0,2.2,2109.0,1774.0,489.0,116.0,4484.0,9450.0,419.0,9871.0,4130.0,794.0,14794.0,4449.0,2435.0,372.0,7254.0,2021,3883.0,0.6387724753278357,0.04244757370073954,0.6672299580911181,0.4703389830508475,0.39562890276538804,0.8659678858162355,0.10905441570026762,0.6133167907361455,0.33567686793493245,0.05128205128205128,False,False,False,False,False,False,False,False
POA6152,6152,26227.0,38.0,1919.0,2.3,2923.0,2717.0,840.0,249.0,6727.0,13638.0,670.0,14305.0,6938.0,1172.0,22412.0,6641.0,3209.0,581.0,10438.0,2021,5640.0,0.6085132964483313,0.046836770360013984,0.6382741388541853,0.43451761557901,0.4038947524899658,0.8384123680689758,0.12486992715920915,0.6362329948265951,0.3074343744012263,0.05566200421536693,False,False,False,False,False,False,False,False
POA6153,6153,21419.0,43.0,2340.0,2.5,2462.0,2836.0,717.0,97.0,6110.0,10843.0,505.0,11350.0,5760.0,577.0,17690.0,5994.0,1964.0,210.0,8174.0,2021,5298.0,0.6129451667608818,0.04449339207048458,0.6416054267947994,0.40294599018003274,0.4641571194762684,0.8671031096563011,0.11734860883797053,0.7333007095669195,0.2402740396378762,0.025691216050893077,False,False,False,False,False,False,False,False
POA6154,6154,10621.0,42.0,2059.0,2.5,1000.0,1431.0,387.0,34.0,2854.0,5214.0,264.0,5481.0,2918.0,256.0,8660.0,2815.0,1067.0,94.0,3980.0,2021,2431.0,0.6020785219399538,0.0481663929939792,0.6329099307159354,0.350385423966363,0.5014015416958655,0.8517869656622284,0.1355991590749825,0.707286432160804,0.2680904522613065,0.023618090452261306,False,False,False,False,False,False,False,False
POA6155,6155,53765.0,38.0,2243.0,3.1,4241.0,8607.0,1692.0,173.0,14713.0,26536.0,1540.0,28078.0,13602.0,1174.0,42858.0,14198.0,2127.0,280.0,16599.0,2021,12848.0,0.619160950114331,0.05484721133983902,0.6551402305287227,0.28824848773193773,0.5849928634540882,0.873241351186026,0.1150003398355196,0.8553527320922947,0.12814024941261523,0.016868486053376708,False,False,False,False,False,False,False,False
POA6156,6156,18238.0,40.0,2135.0,2.5,1699.0,2348.0,742.0,75.0,4863.0,9221.0,387.0,9606.0,4440.0,700.0,14751.0,4806.0,1796.0,184.0,6792.0,2021,4047.0,0.6251101620229137,0.04028732042473454,0.6512100874516982,0.34937281513469054,0.48282952909726506,0.8322023442319556,0.15258071149496197,0.7075971731448764,0.26442873969375735,0.027090694935217905,False,False,False,False,False,False,False,False
POA6157,6157,14603.0,41.0,1838.0,2.3,1535.0,1668.0,589.0,69.0,3859.0,7646.0,320.0,7969.0,3600.0,562.0,12128.0,3833.0,2049.0,174.0,6055.0,2021,3203.0,0.6304419525065963,0.04015560296147572,0.6570745382585752,0.39777144337911374,0.43223633065561023,0.830007774034724,0.15263021508162736,0.6330305532617672,0.3383980181668043,0.028736581337737408,False,False,False,False,False,False,False,False
POA6158,6158,7819.0,44.0,2288.0,2.5,812.0,987.0,259.0,19.0,2075.0,4016.0,173.0,4188.0,1968.0,280.0,6439.0,2058.0,777.0,85.0,2913.0,2021,1799.0,0.6236993321944402,0.04130850047755492,0.650411554589222,0.3913253012048193,0.47566265060240964,0.8669879518072289,0.12481927710843374,0.7064881565396498,0.266735324407827,0.029179539993134225,False,False,False,False,False,False,False,False
POA6159,6159,3947.0,48.0,2387.0,2.1,574.0,347.0,116.0,8.0,1040.0,2073.0,74.0,2140.0,1167.0,168.0,3481.0,1032.0,561.0,69.0,1659.0,2021,921.0,0.5955185291582878,0.03457943925233645,0.6147658718758977,0.551923076923077,0.33365384615384613,0.885576923076923,0.11153846153846154,0.6220614828209765,0.33815551537070526,0.04159132007233273,False,False,False,False,False,False,False,False
POA6160,6160,9251.0,41.0,1822.0,2.0,1119.0,681.0,331.0,32.0,2164.0,5050.0,277.0,5327.0,2261.0,678.0,8265.0,2137.0,1650.0,277.0,4068.0,2021,1800.0,0.6110102843315185,0.051999249108316124,0.6445251058681186,0.517097966728281,0.31469500924214416,0.8317929759704251,0.15295748613678373,0.5253195673549655,0.4056047197640118,0.06809242871189773,False,False,False,False,False,False,False,False
POA6161,6161,166.0,33.0,2042.0,1.9,16.0,3.0,0.0,0.0,24.0,126.0,4.0,128.0,6.0,15.0,149.0,24.0,25.0,8.0,61.0,2021,19.0,0.8456375838926175,0.03125,0.8590604026845637,0.6666666666666666,0.125,0.7916666666666666,0.0,0.39344262295081966,0.4098360655737705,0.13114754098360656,False,False,True,False,False,False,False,False
POA6162,6162,12074.0,43.0,1875.0,2.3,1319.0,1306.0,522.0,47.0,3195.0,6213.0,316.0,6525.0,3085.0,518.0,10137.0,3153.0,1422.0,255.0,4832.0,2021,2625.0,0.6129032258064516,0.04842911877394636,0.643681562592483,0.41283255086071985,0.40876369327073553,0.8215962441314554,0.16338028169014085,0.6525248344370861,0.2942880794701987,0.05277317880794702,False,False,False,False,False,False,False,False
POA6163,6163,54704.0,41.0,1638.0,2.3,6193.0,5850.0,2663.0,265.0,14976.0,27634.0,1562.0,29199.0,14575.0,2495.0,46271.0,14659.0,6377.0,954.0,21996.0,2021,12043.0,0.5972207214021742,0.05349498270488715,0.6310432020055758,0.41352831196581197,0.390625,0.804153311965812,0.1778178418803419,0.6664393526095653,0.2899163484269867,0.04337152209492635,False,False,False,False,False,False,False,False
POA6164,6164,66124.0,34.0,2210.0,2.8,5919.0,9638.0,2631.0,253.0,18447.0,36416.0,1726.0,38141.0,11296.0,2002.0,51437.0,18032.0,4207.0,660.0,22897.0,2021,15557.0,0.7079728600034995,0.045253139665976244,0.7415090304644517,0.3208651813302976,0.5224697782837318,0.8433349596140294,0.1426248170434217,0.7875267502292876,0.1837358605930908,0.028824736865091495,False,False,False,False,False,False,False,False
POA6165,6165,64.0,52.0,1312.0,2.2,13.0,3.0,0.0,0.0,15.0,35.0,0.0,34.0,24.0,6.0,61.0,13.0,4.0,0.0,20.0,2021,16.0,0.5737704918032787,0.0,0.5573770491803278,0.8666666666666667,0.2,,0.0,0.65,0.2,0.0,False,False,True,True,False,False,True,True
POA6166,6166,10792.0,42.0,2119.0,2.6,1245.0,1487.0,338.0,35.0,3108.0,5653.0,208.0,5858.0,2559.0,453.0,8873.0,3030.0,798.0,64.0,3888.0,2021,2732.0,0.63710131860701,0.035506998975759645,0.6602051166460048,0.40057915057915056,0.47844272844272845,0.879021879021879,0.10875160875160875,0.779320987654321,0.2052469135802469,0.01646090534979424,False,False,False,False,False,False,False,False
POA6167,6167,28476.0,35.0,1538.0,2.6,2292.0,3256.0,1522.0,123.0,7197.0,12506.0,1066.0,13574.0,7747.0,1251.0,22573.0,6981.0,2674.0,341.0,9994.0,2021,5548.0,0.5540247197979887,0.07853248858111095,0.6013378815398928,0.31846602751146313,0.4524107266916771,0.7708767542031402,0.21147700430735028,0.6985191114668802,0.26756053632179305,0.03412047228337002,False,False,False,False,False,False,False,False
POA6168,6168,24913.0,46.0,1176.0,2.1,2932.0,2005.0,1315.0,109.0,6359.0,10214.0,962.0,11175.0,8288.0,1982.0,21438.0,6221.0,3829.0,311.0,10370.0,2021,4937.0,0.4764436981061666,0.08608501118568232,0.5212706409179961,0.4610787859726372,0.315301147979242,0.7763799339518792,0.20679352099386697,0.5999035679845709,0.36923818707810996,0.029990356798457088,False,False,False,False,False,False,False,False
POA6169,6169,35317.0,41.0,1485.0,2.5,3873.0,3905.0,1812.0,125.0,9718.0,15451.0,1239.0,16695.0,10122.0,1760.0,28573.0,9508.0,3500.0,341.0,13350.0,2021,7778.0,0.5407552584607846,0.07421383647798742,0.5842928638924859,0.39853879399053305,0.40183165260341636,0.8003704465939494,0.1864581189545174,0.7122097378277154,0.26217228464419473,0.02554307116104869,False,False,False,False,False,False,False,False
POA6170,6170,17329.0,31.0,2012.0,3.0,1335.0,2521.0,763.0,68.0,4689.0,8833.0,521.0,9356.0,2835.0,626.0,12824.0,4544.0,916.0,189.0,5648.0,2021,3856.0,0.6887866500311915,0.05568619067977768,0.7295695570804741,0.2847088931541907,0.5376412881211345,0.8223501812753252,0.16272126252932395,0.8045325779036827,0.1621813031161473,0.03346317280453258,False,False,False,False,False,False,False,False
POA6171,6171,37697.0,31.0,2096.0,2.9,3160.0,5444.0,1588.0,93.0,10280.0,18478.0,992.0,19473.0,6594.0,1504.0,27574.0,10039.0,2067.0,292.0,12397.0,2021,8604.0,0.6701240298832233,0.05094233040620346,0.7062087473707115,0.30739299610894943,0.5295719844357977,0.8369649805447471,0.15447470817120623,0.8097926917802695,0.16673388723078164,0.023554085665886907,False,False,False,False,False,False,False,False
POA6172,6172,13477.0,36.0,1921.0,2.8,1260.0,1731.0,700.0,47.0,3735.0,6278.0,480.0,6755.0,3121.0,622.0,10504.0,3629.0,755.0,105.0,4488.0,2021,2991.0,0.5976770753998477,0.07105847520355292,0.6430883472962681,0.3373493975903614,0.4634538152610442,0.8008032128514057,0.18741633199464525,0.8086007130124777,0.16822638146167557,0.02339572192513369,False,False,False,False,False,False,False,False
POA6173,6173,12474.0,34.0,2492.0,3.1,940.0,1968.0,510.0,26.0,3445.0,6664.0,322.0,6986.0,1952.0,399.0,9331.0,3379.0,436.0,52.0,3872.0,2021,2908.0,0.714178544636159,0.04609218436873747,0.7486871717929482,0.2728592162554427,0.5712626995645863,0.844121915820029,0.14804063860667635,0.8726756198347108,0.11260330578512397,0.013429752066115703,False,False,False,False,False,False,False,False
POA6174,6174,5681.0,30.0,1891.0,2.8,431.0,723.0,356.0,21.0,1539.0,2869.0,164.0,3031.0,972.0,237.0,4240.0,1499.0,399.0,53.0,1953.0,2021,1154.0,0.6766509433962264,0.05410755526228967,0.7148584905660378,0.28005198180636776,0.4697855750487329,0.7498375568551007,0.23131903833658218,0.767537122375832,0.20430107526881722,0.02713773681515617,False,False,False,False,False,False,False,False
POA6175,6175,4021.0,35.0,2180.0,2.9,383.0,560.0,186.0,14.0,1136.0,2038.0,115.0,2153.0,765.0,124.0,3042.0,1109.0,209.0,16.0,1336.0,2021,943.0,0.6699539776462854,0.053413841151881095,0.7077580539119,0.3371478873239437,0.49295774647887325,0.8301056338028169,0.1637323943661972,0.8300898203592815,0.156437125748503,0.011976047904191617,False,False,False,False,False,False,False,False
POA6176,6176,2096.0,30.0,2122.0,3.0,190.0,314.0,86.0,6.0,588.0,1035.0,49.0,1085.0,371.0,86.0,1542.0,569.0,87.0,7.0,665.0,2021,504.0,0.6712062256809338,0.04516129032258064,0.7036316472114138,0.3231292517006803,0.5340136054421769,0.8571428571428571,0.14625850340136054,0.8556390977443609,0.13082706766917293,0.010526315789473684,False,False,False,False,False,False,False,False
POA6180,6180,6777.0,33.0,1837.0,2.9,659.0,888.0,336.0,11.0,1895.0,3127.0,181.0,3308.0,1502.0,250.0,5063.0,1838.0,404.0,51.0,2300.0,2021,1547.0,0.6176180130357496,0.05471584038694075,0.6533675686351965,0.34775725593667545,0.46860158311345645,0.816358839050132,0.17730870712401056,0.7991304347826087,0.17565217391304347,0.02217391304347826,False,False,False,False,False,False,False,False
POA6181,6181,469.0,45.0,2643.0,3.1,56.0,70.0,8.0,0.0,144.0,270.0,9.0,284.0,107.0,6.0,394.0,137.0,17.0,0.0,150.0,2021,126.0,0.6852791878172588,0.03169014084507042,0.7208121827411168,0.3888888888888889,0.4861111111111111,0.875,0.05555555555555555,0.9133333333333333,0.11333333333333333,0.0,False,False,False,False,False,False,False,False
POA6182,6182,0.0,,0.0,,0.0,0.0,0.0,0.0,0.0,0.0,0.0,0.0,0.0,0.0,0.0,0.0,0.0,0.0,0.0,2021,0.0,,,,,,,,,,,True,True,True,True,True,True,True,False
POA6207,6207,1243.0,40.0,2191.0,3.0,150.0,165.0,31.0,5.0,349.0,574.0,17.0,590.0,269.0,95.0,959.0,330.0,39.0,7.0,377.0,2021,315.0,0.5985401459854015,0.0288135593220339,0.6152241918665277,0.4297994269340974,0.47277936962750716,0.9025787965616046,0.08882521489971347,0.8753315649867374,0.10344827586206896,0.01856763925729443,False,False,False,False,False,False,False,False
POA6208,6208,12946.0,44.0,1305.0,2.4,1699.0,1274.0,592.0,36.0,3601.0,5100.0,366.0,5469.0,4278.0,795.0,10541.0,3533.0,1231.0,103.0,4868.0,2021,2973.0,0.4838250640356702,0.06692265496434449,0.5188312304335452,0.4718133851707859,0.35379061371841153,0.8256039988891974,0.16439877811718967,0.725760065735415,0.2528759244042728,0.021158586688578472,False,False,False,False,False,False,False,False
POA6209,6209,2002.0,51.0,1122.0,2.4,246.0,189.0,95.0,4.0,529.0,771.0,72.0,841.0,738.0,171.0,1757.0,505.0,238.0,19.0,758.0,2021,435.0,0.4388161639157655,0.08561236623067776,0.4786568013659647,0.46502835538752363,0.3572778827977316,0.8223062381852552,0.17958412098298676,0.6662269129287599,0.31398416886543534,0.025065963060686015,False,False,False,False,False,False,False,False
POA6210,6210,75034.0,47.0,1222.0,2.3,9771.0,7040.0,3647.0,267.0,20732.0,29570.0,2306.0,31872.0,26728.0,4078.0,62679.0,20340.0,8882.0,728.0,29954.0,2021,16811.0,0.47176885400213786,0.07235190763052209,0.5084956684056862,0.47130040517075056,0.33957167663515336,0.8108720818059039,0.1759116341886938,0.679041196501302,0.29652133271015557,0.024303932696801762,False,False,False,False,False,False,False,False
POA6211,6211,8498.0,45.0,1436.0,2.6,1205.0,949.0,320.0,21.0,2488.0,3464.0,244.0,3715.0,2830.0,350.0,6890.0,2431.0,622.0,46.0,3104.0,2021,2154.0,0.5027576197387518,0.06567967698519515,0.5391872278664731,0.48432475884244375,0.38143086816720256,0.8657556270096463,0.12861736334405144,0.7831829896907216,0.20038659793814434,0.014819587628865979,False,False,False,False,False,False,False,False
POA6213,6213,654.0,50.0,1383.0,2.4,88.0,64.0,16.0,0.0,175.0,294.0,15.0,306.0,183.0,56.0,542.0,171.0,66.0,4.0,232.0,2021,152.0,0.5424354243542435,0.049019607843137254,0.5645756457564576,0.5028571428571429,0.3657142857142857,0.8685714285714285,0.09142857142857143,0.7370689655172413,0.28448275862068967,0.017241379310344827,False,False,False,False,False,False,False,False
POA6214,6214,684.0,42.0,1875.0,2.9,83.0,87.0,29.0,0.0,197.0,322.0,12.0,334.0,168.0,45.0,545.0,192.0,36.0,0.0,225.0,2021,170.0,0.5908256880733945,0.03592814371257485,0.6128440366972477,0.4213197969543147,0.4416243654822335,0.8629441624365483,0.14720812182741116,0.8533333333333334,0.16,0.0,False,False,False,False,False,False,False,False
POA6215,6215,4234.0,48.0,1312.0,2.4,545.0,434.0,144.0,13.0,1131.0,1750.0,124.0,1879.0,1347.0,313.0,3533.0,1101.0,443.0,39.0,1584.0,2021,979.0,0.4953297480894424,0.06599254922831294,0.5318426266628927,0.4818744473916888,0.3837312113174182,0.865605658709107,0.1273209549071618,0.6950757575757576,0.2796717171717172,0.02462121212121212,False,False,False,False,False,False,False,False
POA6218,6218,541.0,44.0,1093.0,2.4,74.0,49.0,27.0,6.0,150.0,218.0,13.0,225.0,178.0,31.0,434.0,148.0,55.0,6.0,206.0,2021,123.0,0.5023041474654378,0.057777777777777775,0.5184331797235023,0.49333333333333335,0.32666666666666666,0.82,0.18,0.7184466019417476,0.2669902912621359,0.02912621359223301,False,False,False,False,False,False,False,False
POA6219,6219,604.0,46.0,1518.0,2.6,82.0,66.0,28.0,3.0,181.0,275.0,17.0,294.0,181.0,31.0,502.0,172.0,42.0,4.0,210.0,2021,148.0,0.547808764940239,0.05782312925170068,0.5856573705179283,0.4530386740331492,0.36464088397790057,0.8176795580110497,0.15469613259668508,0.819047619047619,0.2,0.01904761904761905,False,False,False,False,False,False,False,False
POA6220,6220,4346.0,44.0,1465.0,2.5,533.0,474.0,165.0,19.0,1186.0,2008.0,72.0,2083.0,1293.0,221.0,3602.0,1150.0,433.0,41.0,1626.0,2021,1007.0,0.5574680732926152,0.03456553048487758,0.5782898389783454,0.4494097807757167,0.3996627318718381,0.8490725126475548,0.1391231028667791,0.7072570725707257,0.26629766297662977,0.025215252152521524,False,False,False,False,False,False,False,False
POA6221,6221,291.0,42.0,1916.0,2.9,30.0,30.0,11.0,0.0,75.0,151.0,10.0,161.0,84.0,27.0,264.0,69.0,6.0,0.0,81.0,2021,60.0,0.571969696969697,0.062111801242236024,0.6098484848484849,0.4,0.4,0.8,0.14666666666666667,0.8518518518518519,0.07407407407407407,0.0,False,False,False,False,False,False,False,False
POA6223,6223,159.0,44.0,1624.0,2.6,16.0,26.0,0.0,0.0,45.0,103.0,0.0,106.0,23.0,4.0,129.0,44.0,13.0,0.0,59.0,2021,42.0,0.7984496124031008,0.0,0.8217054263565892,0.35555555555555557,0.5777777777777777,0.9333333333333333,0.0,0.7457627118644068,0.22033898305084745,0.0,False,False,False,False,False,False,False,False
POA6224,6224,1254.0,44.0,1349.0,2.5,144.0,131.0,58.0,7.0,340.0,519.0,31.0,552.0,381.0,97.0,1029.0,335.0,110.0,9.0,451.0,2021,275.0,0.5043731778425656,0.05615942028985507,0.5364431486880467,0.4235294117647059,0.38529411764705884,0.8088235294117647,0.17058823529411765,0.7427937915742794,0.24390243902439024,0.019955654101995565,False,False,False,False,False,False,False,False
POA6225,6225,9164.0,45.0,1240.0,2.3,1095.0,873.0,398.0,32.0,2386.0,3581.0,292.0,3873.0,2998.0,649.0,7523.0,2341.0,1092.0,87.0,3520.0,2021,1968.0,0.4760069121361159,0.07539375161373613,0.5148212149408481,0.45892707460184406,0.36588432523051134,0.8248113998323554,0.16680637049455155,0.6650568181818182,0.31022727272727274,0.02471590909090909,False,False,False,False,False,False,False,False
POA6226,6226,938.0,40.0,2473.0,3.0,118.0,132.0,19.0,0.0,270.0,499.0,16.0,515.0,181.0,41.0,735.0,259.0,39.0,0.0,296.0,2021,250.0,0.6789115646258503,0.031067961165048542,0.7006802721088435,0.43703703703703706,0.4888888888888889,0.9259259259259259,0.07037037037037037,0.875,0.13175675675675674,0.0,False,False,False,False,False,False,False,False
POA6227,6227,788.0,38.0,2086.0,2.8,87.0,117.0,25.0,0.0,225.0,393.0,14.0,403.0,149.0,36.0,589.0,227.0,50.0,3.0,279.0,2021,204.0,0.66723259762309,0.034739454094292806,0.6842105263157895,0.38666666666666666,0.52,0.9066666666666666,0.1111111111111111,0.8136200716845878,0.17921146953405018,0.010752688172043012,False,False,False,False,False,False,False,False
POA6228,6228,144.0,49.0,1375.0,2.3,17.0,13.0,3.0,0.0,37.0,69.0,6.0,71.0,38.0,12.0,119.0,38.0,18.0,0.0,61.0,2021,30.0,0.5798319327731093,0.08450704225352113,0.5966386554621849,0.4594594594594595,0.35135135135135137,0.8108108108108109,0.08108108108108109,0.6229508196721312,0.29508196721311475,0.0,False,False,False,False,False,False,False,False
POA6229,6229,174.0,61.0,741.0,1.7,29.0,7.0,0.0,0.0,38.0,63.0,7.0,77.0,70.0,27.0,167.0,39.0,46.0,7.0,92.0,2021,36.0,0.3772455089820359,0.09090909090909091,0.46107784431137727,0.7631578947368421,0.18421052631578946,0.9473684210526315,0.0,0.42391304347826086,0.5,0.07608695652173914,False,False,False,False,False,False,False,False
POA6230,6230,44972.0,41.0,1469.0,2.4,4816.0,4515.0,2284.0,158.0,11777.0,20709.0,1150.0,21858.0,12654.0,2167.0,36676.0,11577.0,5191.0,574.0,17342.0,2021,9331.0,0.5646471807176355,0.0526123158568945,0.595975569854946,0.4089326653646939,0.38337437377940053,0.7923070391440944,0.19393733548441877,0.6675700611232845,0.2993311036789298,0.033098835197785725,False,False,False,False,False,False,False,False
POA6232,6232,11402.0,38.0,1711.0,2.6,1265.0,1360.0,476.0,33.0,3143.0,5364.0,268.0,5633.0,2824.0,551.0,9011.0,3085.0,927.0,97.0,4111.0,2021,2625.0,0.5952724447897014,0.047576779691105985,0.6251248474087227,0.4024817053770283,0.4327076041998091,0.8351893095768375,0.1514476614699332,0.7504256871807347,0.22549258088056434,0.023595232303575773,False,False,False,False,False,False,False,False
POA6233,6233,20432.0,38.0,1888.0,2.7,2342.0,2550.0,815.0,54.0,5759.0,9715.0,449.0,10163.0,4983.0,770.0,15909.0,5634.0,1364.0,145.0,7139.0,2021,4892.0,0.6106606323464705,0.04417986814916855,0.6388207932616757,0.4066678242750478,0.4427852057648897,0.8494530300399374,0.141517624587602,0.7891861605266844,0.19106317411402157,0.020310967922678246,False,False,False,False,False,False,False,False
POA6236,6236,2213.0,48.0,1989.0,2.6,325.0,258.0,59.0,4.0,649.0,1156.0,32.0,1190.0,530.0,122.0,1834.0,641.0,142.0,11.0,785.0,2021,583.0,0.6303162486368593,0.02689075630252101,0.648854961832061,0.5007704160246533,0.3975346687211094,0.8983050847457628,0.09090909090909091,0.8165605095541402,0.18089171974522292,0.014012738853503185,False,False,False,False,False,False,False,False
POA6237,6237,2656.0,46.0,1929.0,2.7,376.0,324.0,77.0,3.0,785.0,1342.0,40.0,1382.0,620.0,145.0,2153.0,765.0,152.0,7.0,921.0,2021,700.0,0.6233163028332559,0.02894356005788712,0.6418950301904319,0.4789808917197452,0.41273885350318473,0.89171974522293,0.0980891719745223,0.8306188925081434,0.16503800217155265,0.00760043431053203,False,False,False,False,False,False,False,False
POA6239,6239,4657.0,47.0,1406.0,2.5,649.0,471.0,157.0,16.0,1299.0,2079.0,96.0,2179.0,1411.0,243.0,3832.0,1271.0,401.0,33.0,1702.0,2021,1120.0,0.5425365344467641,0.04405690683799908,0.5686325678496869,0.4996150885296382,0.3625866050808314,0.8622016936104696,0.12086220169361046,0.7467685076380729,0.2356051703877791,0.019388954171562868,False,False,False,False,False,False,False,False
POA6240,6240,165.0,57.0,1312.0,2.3,40.0,15.0,0.0,0.0,55.0,92.0,0.0,92.0,49.0,12.0,148.0,53.0,12.0,0.0,64.0,2021,55.0,0.6216216216216216,0.0,0.6216216216216216,0.7272727272727273,0.2727272727272727,1.0,0.0,0.828125,0.1875,0.0,False,False,False,False,False,False,False,False
POA6243,6243,84.0,48.0,833.0,2.5,11.0,12.0,3.0,0.0,23.0,36.0,3.0,42.0,25.0,5.0,70.0,20.0,10.0,4.0,30.0,2021,23.0,0.5142857142857142,0.07142857142857142,0.6,0.4782608695652174,0.5217391304347826,1.0,0.13043478260869565,0.6666666666666666,0.3333333333333333,0.13333333333333333,False,False,True,False,False,False,False,False
POA6244,6244,1580.0,48.0,1286.0,2.3,230.0,144.0,51.0,4.0,423.0,694.0,26.0,720.0,421.0,135.0,1279.0,421.0,162.0,6.0,585.0,2021,374.0,0.5426114151681001,0.03611111111111111,0.5629397967161845,0.5437352245862884,0.3404255319148936,0.8841607565011821,0.12056737588652482,0.7196581196581197,0.27692307692307694,0.010256410256410256,False,False,False,False,False,False,False,False
POA6251,6251,310.0,51.0,1267.0,2.5,48.0,30.0,12.0,0.0,89.0,148.0,7.0,156.0,93.0,12.0,261.0,84.0,24.0,4.0,118.0,2021,78.0,0.5670498084291188,0.04487179487179487,0.5977011494252874,0.5393258426966292,0.33707865168539325,0.8764044943820225,0.1348314606741573,0.711864406779661,0.2033898305084746,0.03389830508474576,False,False,False,False,False,False,False,False
POA6252,6252,149.0,54.0,1270.0,2.2,27.0,14.0,4.0,0.0,42.0,71.0,0.0,74.0,48.0,5.0,130.0,42.0,17.0,4.0,60.0,2021,41.0,0.5461538461538461,0.0,0.5692307692307692,0.6428571428571429,0.3333333333333333,0.9761904761904762,0.09523809523809523,0.7,0.2833333333333333,0.06666666666666667,False,False,False,False,False,False,False,False
POA6253,6253,655.0,58.0,951.0,2.0,124.0,43.0,19.0,0.0,189.0,276.0,6.0,282.0,255.0,34.0,571.0,182.0,102.0,8.0,295.0,2021,167.0,0.48336252189141854,0.02127659574468085,0.4938704028021016,0.656084656084656,0.2275132275132275,0.8835978835978836,0.10052910052910052,0.6169491525423729,0.34576271186440677,0.02711864406779661,False,False,False,False,False,False,False,False
POA6254,6254,541.0,50.0,1068.0,2.1,71.0,40.0,21.0,0.0,126.0,214.0,13.0,226.0,185.0,50.0,462.0,128.0,79.0,8.0,215.0,2021,111.0,0.46320346320346323,0.05752212389380531,0.48917748917748916,0.5634920634920635,0.31746031746031744,0.8809523809523809,0.16666666666666666,0.5953488372093023,0.3674418604651163,0.037209302325581395,False,False,False,False,False,False,False,False
POA6255,6255,4403.0,51.0,1208.0,2.3,686.0,406.0,131.0,5.0,1239.0,1881.0,75.0,1962.0,1434.0,267.0,3666.0,1228.0,469.0,26.0,1727.0,2021,1092.0,0.5130932896890343,0.0382262996941896,0.5351882160392799,0.5536723163841808,0.327683615819209,0.8813559322033898,0.10573042776432606,0.7110596409959468,0.27156919513607414,0.015055008685581933,False,False,False,False,False,False,False,False
POA6256,6256,434.0,46.0,1516.0,2.5,57.0,47.0,3.0,0.0,117.0,241.0,0.0,247.0,68.0,32.0,344.0,112.0,38.0,6.0,157.0,2021,104.0,0.7005813953488372,0.0,0.7180232558139535,0.48717948717948717,0.4017094017094017,0.8888888888888888,0.02564102564102564,0.7133757961783439,0.24203821656050956,0.03821656050955414,False,False,False,False,False,False,False,False
POA6258,6258,6483.0,45.0,1275.0,2.3,809.0,615.0,239.0,23.0,1687.0,3123.0,132.0,3255.0,1714.0,386.0,5355.0,1664.0,805.0,55.0,2525.0,2021,1424.0,0.5831932773109244,0.04055299539170507,0.6078431372549019,0.47954949614700654,0.3645524599881446,0.8441019561351512,0.14167160640189685,0.659009900990099,0.3188118811881188,0.02178217821782178,False,False,False,False,False,False,False,False
POA6260,6260,1396.0,48.0,1264.0,2.3,162.0,127.0,37.0,3.0,327.0,704.0,17.0,722.0,328.0,151.0,1193.0,329.0,143.0,17.0,490.0,2021,289.0,0.5901089689857502,0.023545706371191136,0.6051969823973177,0.4954128440366973,0.38837920489296635,0.8837920489296636,0.11314984709480122,0.6714285714285714,0.29183673469387755,0.03469387755102041,False,False,False,False,False,False,False,False
POA6262,6262,733.0,54.0,1044.0,2.3,108.0,56.0,14.0,3.0,185.0,311.0,13.0,328.0,226.0,76.0,627.0,184.0,83.0,3.0,269.0,2021,164.0,0.4960127591706539,0.039634146341463415,0.5231259968102073,0.5837837837837838,0.3027027027027027,0.8864864864864865,0.07567567567567568,0.6840148698884758,0.30855018587360594,0.011152416356877323,False,False,False,False,False,False,False,False
POA6271,6271,3461.0,44.0,1465.0,2.5,436.0,374.0,158.0,6.0,977.0,1621.0,50.0,1672.0,942.0,186.0,2798.0,962.0,287.0,37.0,1288.0,2021,810.0,0.5793423874195854,0.029904306220095694,0.5975696926375983,0.44626407369498466,0.3828045035823951,0.8290685772773797,0.1617195496417605,0.7468944099378882,0.22282608695652173,0.02872670807453416,False,False,False,False,False,False,False,False
POA6275,6275,1506.0,56.0,1102.0,2.1,244.0,114.0,39.0,3.0,399.0,611.0,26.0,644.0,516.0,153.0,1306.0,400.0,180.0,14.0,590.0,2021,358.0,0.4678407350689127,0.040372670807453416,0.49310872894333846,0.6115288220551378,0.2857142857142857,0.8972431077694235,0.09774436090225563,0.6779661016949152,0.3050847457627119,0.023728813559322035,False,False,False,False,False,False,False,False
POA6280,6280,30585.0,45.0,1382.0,2.4,3921.0,3157.0,1218.0,74.0,8369.0,14085.0,501.0,14583.0,9004.0,1437.0,25018.0,8209.0,3037.0,286.0,11526.0,2021,7078.0,0.5629946438564234,0.034355070973050815,0.5829003117755216,0.4685147568407217,0.37722547496714065,0.8457402318078624,0.14553710120683475,0.7122158597952455,0.26349123720284573,0.024813465209092486,False,False,False,False,False,False,False,False
POA6281,6281,8543.0,43.0,1770.0,2.6,1035.0,987.0,257.0,9.0,2287.0,4117.0,79.0,4195.0,2085.0,482.0,6765.0,2246.0,621.0,94.0,2962.0,2021,2022.0,0.6085735402808573,0.018831942789034564,0.6201034737620104,0.4525579361609095,0.43156974202011367,0.8841276781810232,0.11237428946217752,0.7582714382174207,0.20965563808237678,0.03173531397704254,False,False,False,False,False,False,False,False
POA6282,6282,1522.0,48.0,2193.0,2.6,214.0,178.0,24.0,0.0,418.0,772.0,17.0,786.0,364.0,98.0,1246.0,403.0,81.0,18.0,504.0,2021,392.0,0.6195826645264848,0.021628498727735368,0.6308186195826645,0.5119617224880383,0.4258373205741627,0.937799043062201,0.05741626794258373,0.7996031746031746,0.16071428571428573,0.03571428571428571,False,False,False,False,False,False,False,False
POA6284,6284,2875.0,39.0,1910.0,2.7,284.0,371.0,70.0,8.0,731.0,1445.0,35.0,1480.0,449.0,215.0,2145.0,715.0,151.0,27.0,898.0,2021,655.0,0.6736596736596736,0.02364864864864865,0.6899766899766899,0.38850889192886456,0.5075239398084815,0.896032831737346,0.09575923392612859,0.7962138084632516,0.16815144766146994,0.030066815144766147,False,False,False,False,False,False,False,False
POA6285,6285,10633.0,40.0,1641.0,2.6,1043.0,1188.0,438.0,19.0,2683.0,5437.0,153.0,5591.0,2121.0,665.0,8379.0,2636.0,843.0,180.0,3654.0,2021,2231.0,0.6488841150495286,0.027365408692541584,0.6672633965867049,0.38874394334699963,0.44278792396571004,0.8315318673127097,0.16325009317927694,0.7214012041598249,0.23070607553366174,0.04926108374384237,False,False,False,False,False,False,False,False
POA6286,6286,841.0,42.0,1658.0,2.4,112.0,87.0,19.0,4.0,225.0,423.0,16.0,443.0,177.0,55.0,678.0,220.0,74.0,7.0,302.0,2021,199.0,0.6238938053097345,0.03611738148984198,0.6533923303834809,0.49777777777777776,0.38666666666666666,0.8844444444444445,0.08444444444444445,0.7284768211920529,0.24503311258278146,0.023178807947019868,False,False,False,False,False,False,False,False
POA6288,6288,603.0,47.0,1298.0,2.5,87.0,61.0,12.0,0.0,155.0,337.0,13.0,351.0,122.0,30.0,505.0,155.0,55.0,3.0,212.0,2021,148.0,0.6673267326732674,0.037037037037037035,0.695049504950495,0.5612903225806452,0.3935483870967742,0.9548387096774194,0.07741935483870968,0.7311320754716981,0.25943396226415094,0.014150943396226415,False,False,False,False,False,False,False,False
POA6290,6290,1837.0,61.0,901.0,1.9,336.0,115.0,51.0,0.0,513.0,656.0,15.0,674.0,862.0,125.0,1660.0,503.0,299.0,14.0,822.0,2021,451.0,0.39518072289156625,0.02225519287833828,0.40602409638554215,0.6549707602339181,0.22417153996101363,0.8791423001949318,0.09941520467836257,0.6119221411192214,0.3637469586374696,0.0170316301703163,False,False,False,False,False,False,False,False
POA6302,6302,3485.0,56.0,1126.0,2.2,529.0,270.0,133.0,7.0,938.0,1421.0,88.0,1502.0,1213.0,272.0,2992.0,929.0,469.0,30.0,1422.0,2021,799.0,0.4749331550802139,0.05858854860186418,0.5020053475935828,0.5639658848614072,0.2878464818763326,0.8518123667377399,0.1417910447761194,0.6533052039381153,0.329817158931083,0.02109704641350211,False,False,False,False,False,False,False,False
POA6304,6304,1669.0,56.0,1055.0,2.2,250.0,145.0,47.0,8.0,455.0,643.0,42.0,682.0,598.0,178.0,1468.0,447.0,213.0,11.0,670.0,2021,395.0,0.4380108991825613,0.06158357771260997,0.4645776566757493,0.5494505494505495,0.31868131868131866,0.8681318681318682,0.10329670329670329,0.6671641791044776,0.31791044776119404,0.016417910447761194,False,False,False,False,False,False,False,False
POA6306,6306,976.0,50.0,1318.0,2.4,126.0,93.0,19.0,6.0,250.0,420.0,21.0,446.0,294.0,70.0,810.0,238.0,98.0,3.0,349.0,2021,219.0,0.5185185185185185,0.04708520179372197,0.5506172839506173,0.504,0.372,0.876,0.076,0.6819484240687679,0.2808022922636103,0.008595988538681949,False,False,False,False,False,False,False,False
POA6308,6308,1568.0,51.0,1148.0,2.2,226.0,135.0,51.0,5.0,415.0,627.0,38.0,670.0,511.0,142.0,1326.0,413.0,189.0,12.0,610.0,2021,361.0,0.47285067873303166,0.056716417910447764,0.5052790346907994,0.5445783132530121,0.3253012048192771,0.8698795180722891,0.12289156626506025,0.6770491803278689,0.30983606557377047,0.019672131147540985,False,False,False,False,False,False,False,False
POA6309,6309,292.0,51.0,1142.0,2.2,42.0,23.0,11.0,0.0,83.0,130.0,3.0,141.0,91.0,28.0,256.0,83.0,34.0,6.0,118.0,2021,65.0,0.5078125,0.02127659574468085,0.55078125,0.5060240963855421,0.27710843373493976,0.7831325301204819,0.13253012048192772,0.7033898305084746,0.288135593220339,0.05084745762711865,False,False,False,False,False,False,False,False
POA6311,6311,605.0,50.0,1277.0,2.3,99.0,58.0,17.0,3.0,170.0,284.0,7.0,298.0,162.0,46.0,506.0,171.0,65.0,4.0,240.0,2021,157.0,0.5612648221343873,0.02348993288590604,0.5889328063241107,0.5823529411764706,0.3411764705882353,0.9235294117647059,0.1,0.7125,0.2708333333333333,0.016666666666666666,False,False,False,False,False,False,False,False
POA6312,6312,4556.0,43.0,1312.0,2.2,493.0,381.0,205.0,15.0,1093.0,2016.0,120.0,2135.0,1219.0,421.0,3770.0,1078.0,611.0,44.0,1735.0,2021,874.0,0.5347480106100796,0.05620608899297424,0.5663129973474801,0.45105215004574567,0.34858188472095153,0.7996340347666971,0.18755718206770358,0.6213256484149856,0.3521613832853026,0.025360230547550433,False,False,False,False,False,False,False,False
POA6313,6313,247.0,49.0,1328.0,2.5,32.0,26.0,7.0,0.0,71.0,119.0,0.0,121.0,71.0,17.0,203.0,71.0,18.0,5.0,97.0,2021,58.0,0.5862068965517241,0.0,0.5960591133004927,0.4507042253521127,0.36619718309859156,0.8169014084507042,0.09859154929577464,0.7319587628865979,0.18556701030927836,0.05154639175257732,False,False,False,False,False,False,False,False
POA6315,6315,1878.0,49.0,1206.0,2.2,249.0,149.0,69.0,6.0,472.0,807.0,40.0,847.0,559.0,172.0,1577.0,464.0,250.0,19.0,730.0,2021,398.0,0.5117311350665821,0.047225501770956316,0.5370957514267597,0.527542372881356,0.3156779661016949,0.8432203389830508,0.1461864406779661,0.6356164383561644,0.3424657534246575,0.026027397260273973,False,False,False,False,False,False,False,False
POA6316,6316,391.0,44.0,1281.0,2.5,43.0,46.0,9.0,0.0,104.0,176.0,4.0,184.0,96.0,31.0,313.0,105.0,34.0,3.0,142.0,2021,89.0,0.5623003194888179,0.021739130434782608,0.5878594249201278,0.41346153846153844,0.4423076923076923,0.8557692307692307,0.08653846153846154,0.7394366197183099,0.23943661971830985,0.02112676056338028,False,False,False,False,False,False,False,False
POA6317,6317,4085.0,39.0,1350.0,2.5,465.0,380.0,159.0,17.0,1019.0,1834.0,100.0,1932.0,1033.0,328.0,3293.0,992.0,420.0,56.0,1466.0,2021,845.0,0.5569389614333434,0.051759834368530024,0.5866990586091709,0.4563297350343474,0.3729146221786065,0.8292443572129539,0.1560353287536801,0.6766712141882674,0.286493860845839,0.03819918144611187,False,False,False,False,False,False,False,False
POA6318,6318,493.0,42.0,1399.0,2.4,60.0,49.0,17.0,0.0,134.0,234.0,11.0,245.0,93.0,36.0,380.0,131.0,51.0,0.0,181.0,2021,109.0,0.6157894736842106,0.044897959183673466,0.6447368421052632,0.44776119402985076,0.3656716417910448,0.8134328358208955,0.12686567164179105,0.7237569060773481,0.281767955801105,0.0,False,False,False,False,False,False,False,False
POA6320,6320,554.0,41.0,1307.0,2.6,67.0,56.0,23.0,0.0,142.0,234.0,12.0,243.0,138.0,60.0,435.0,139.0,51.0,0.0,193.0,2021,123.0,0.5379310344827586,0.04938271604938271,0.5586206896551724,0.47183098591549294,0.39436619718309857,0.8661971830985915,0.1619718309859155,0.7202072538860104,0.26424870466321243,0.0,False,False,False,False,False,False,False,False
POA6321,6321,505.0,44.0,1166.0,2.3,63.0,37.0,18.0,0.0,119.0,226.0,7.0,235.0,113.0,45.0,393.0,120.0,56.0,5.0,184.0,2021,100.0,0.5750636132315522,0.029787234042553193,0.5979643765903307,0.5294117647058824,0.31092436974789917,0.8403361344537815,0.15126050420168066,0.6521739130434783,0.30434782608695654,0.02717391304347826,False,False,False,False,False,False,False,False
POA6322,6322,240.0,49.0,1187.0,2.4,37.0,27.0,5.0,0.0,69.0,99.0,4.0,98.0,75.0,22.0,198.0,66.0,17.0,0.0,85.0,2021,64.0,0.5,0.04081632653061224,0.494949494949495,0.5362318840579711,0.391304347826087,0.927536231884058,0.07246376811594203,0.7764705882352941,0.2,0.0,False,False,False,False,False,False,False,False
POA6323,6323,1062.0,54.0,1040.0,2.2,165.0,89.0,38.0,3.0,294.0,398.0,19.0,417.0,392.0,81.0,890.0,289.0,138.0,9.0,435.0,2021,254.0,0.44719101123595506,0.045563549160671464,0.46853932584269664,0.5612244897959183,0.30272108843537415,0.8639455782312925,0.1292517006802721,0.664367816091954,0.31724137931034485,0.020689655172413793,False,False,False,False,False,False,False,False
POA6324,6324,3743.0,47.0,1191.0,2.4,490.0,356.0,117.0,8.0,971.0,1603.0,64.0,1665.0,1098.0,338.0,3100.0,952.0,366.0,32.0,1358.0,2021,846.0,0.5170967741935484,0.03843843843843844,0.5370967741935484,0.5046343975283213,0.3666323377960865,0.8712667353244078,0.12049433573635428,0.7010309278350515,0.2695139911634757,0.023564064801178203,False,False,False,False,False,False,False,False
POA6326,6326,514.0,49.0,1602.0,2.5,84.0,50.0,19.0,0.0,151.0,287.0,5.0,284.0,107.0,49.0,441.0,147.0,33.0,3.0,181.0,2021,134.0,0.6507936507936508,0.017605633802816902,0.6439909297052154,0.5562913907284768,0.33112582781456956,0.8874172185430463,0.12582781456953643,0.8121546961325967,0.18232044198895028,0.016574585635359115,False,False,False,False,False,False,False,False
POA6327,6327,268.0,46.0,1481.0,2.7,27.0,35.0,0.0,0.0,66.0,116.0,7.0,123.0,50.0,32.0,212.0,61.0,20.0,3.0,82.0,2021,62.0,0.5471698113207547,0.056910569105691054,0.5801886792452831,0.4090909090909091,0.5303030303030303,0.9393939393939394,0.0,0.7439024390243902,0.24390243902439024,0.036585365853658534,False,False,False,False,False,False,False,False
POA6328,6328,431.0,38.0,1342.0,2.5,59.0,42.0,7.0,0.0,115.0,225.0,11.0,229.0,85.0,29.0,347.0,109.0,35.0,3.0,151.0,2021,101.0,0.6484149855907781,0.048034934497816595,0.659942363112392,0.5130434782608696,0.3652173913043478,0.8782608695652174,0.06086956521739131,0.7218543046357616,0.23178807947019867,0.019867549668874173,False,False,False,False,False,False,False,False
POA6330,6330,38042.0,45.0,1349.0,2.4,4700.0,3680.0,1565.0,122.0,10060.0,17254.0,693.0,17952.0,11718.0,1734.0,31396.0,9883.0,4264.0,345.0,14488.0,2021,8380.0,0.5495604535609632,0.03860294117647059,0.5717925850426806,0.4671968190854871,0.3658051689860835,0.8330019880715706,0.1555666003976143,0.6821507454445058,0.2943125345113197,0.023812810601877416,False,False,False,False,False,False,False,False
POA6333,6333,6310.0,50.0,1134.0,2.3,837.0,561.0,214.0,4.0,1613.0,2592.0,103.0,2693.0,2050.0,475.0,5225.0,1594.0,703.0,56.0,2362.0,2021,1398.0,0.49607655502392345,0.03824730783512811,0.5154066985645933,0.5189088654680719,0.34779913205207685,0.8667079975201488,0.13267203967761934,0.6748518204911093,0.29762912785774764,0.023708721422523286,False,False,False,False,False,False,False,False
POA6335,6335,758.0,38.0,1516.0,2.6,85.0,89.0,13.0,0.0,192.0,351.0,17.0,370.0,167.0,48.0,585.0,192.0,68.0,8.0,266.0,2021,174.0,0.6,0.04594594594594595,0.6324786324786325,0.4427083333333333,0.4635416666666667,0.90625,0.06770833333333333,0.7218045112781954,0.2556390977443609,0.03007518796992481,False,False,False,False,False,False,False,False
POA6336,6336,343.0,38.0,1369.0,2.3,38.0,34.0,12.0,0.0,89.0,195.0,4.0,197.0,48.0,24.0,277.0,86.0,37.0,0.0,132.0,2021,72.0,0.703971119133574,0.02030456852791878,0.7111913357400722,0.42696629213483145,0.38202247191011235,0.8089887640449438,0.1348314606741573,0.6515151515151515,0.2803030303030303,0.0,False,False,False,False,False,False,False,False
POA6337,6337,545.0,36.0,1765.0,2.5,53.0,63.0,14.0,0.0,122.0,271.0,11.0,283.0,67.0,59.0,414.0,122.0,56.0,0.0,185.0,2021,116.0,0.6545893719806763,0.038869257950530034,0.6835748792270532,0.4344262295081967,0.5163934426229508,0.9508196721311475,0.11475409836065574,0.6594594594594595,0.3027027027027027,0.0,False,False,False,False,False,False,False,False
POA6338,6338,730.0,46.0,1336.0,2.3,108.0,74.0,9.0,5.0,193.0,370.0,7.0,373.0,186.0,22.0,585.0,191.0,86.0,6.0,284.0,2021,182.0,0.6324786324786325,0.01876675603217158,0.6376068376068376,0.5595854922279793,0.38341968911917096,0.9430051813471503,0.046632124352331605,0.6725352112676056,0.3028169014084507,0.02112676056338028,False,False,False,False,False,False,False,False
POA6341,6341,260.0,37.0,1766.0,2.6,26.0,39.0,3.0,0.0,63.0,137.0,0.0,138.0,45.0,10.0,195.0,65.0,24.0,4.0,93.0,2021,65.0,0.7025641025641025,0.0,0.7076923076923077,0.4126984126984127,0.6190476190476191,,0.047619047619047616,0.6989247311827957,0.25806451612903225,0.043010752688172046,False,False,False,False,False,False,True,True
POA6343,6343,231.0,41.0,1833.0,2.5,21.0,32.0,0.0,0.0,53.0,122.0,5.0,124.0,22.0,27.0,174.0,48.0,25.0,0.0,80.0,2021,53.0,0.7011494252873564,0.04032258064516129,0.7126436781609196,0.39622641509433965,0.6037735849056604,1.0,0.0,0.6,0.3125,0.0,False,False,False,False,False,False,False,False
POA6346,6346,832.0,39.0,1801.0,2.4,86.0,79.0,21.0,3.0,190.0,462.0,12.0,474.0,133.0,75.0,684.0,194.0,73.0,7.0,276.0,2021,165.0,0.6754385964912281,0.02531645569620253,0.6929824561403509,0.45263157894736844,0.41578947368421054,0.868421052631579,0.11052631578947368,0.7028985507246377,0.2644927536231884,0.025362318840579712,False,False,False,False,False,False,False,False
POA6348,6348,1115.0,46.0,1542.0,2.1,159.0,87.0,35.0,5.0,283.0,459.0,15.0,477.0,342.0,83.0,903.0,285.0,171.0,7.0,463.0,2021,246.0,0.5083056478405316,0.031446540880503145,0.5282392026578073,0.5618374558303887,0.30742049469964666,0.8692579505300353,0.12367491166077739,0.6155507559395248,0.3693304535637149,0.01511879049676026,False,False,False,False,False,False,False,False
POA6350,6350,335.0,48.0,1168.0,2.1,45.0,22.0,3.0,0.0,75.0,133.0,11.0,147.0,81.0,53.0,273.0,77.0,46.0,3.0,124.0,2021,67.0,0.48717948717948717,0.07482993197278912,0.5384615384615384,0.6,0.29333333333333333,0.8933333333333333,0.04,0.6209677419354839,0.3709677419354839,0.024193548387096774,False,False,False,False,False,False,False,False
POA6351,6351,57.0,38.0,1187.0,2.7,7.0,9.0,0.0,0.0,17.0,33.0,0.0,32.0,11.0,3.0,47.0,14.0,6.0,0.0,23.0,2021,16.0,0.7021276595744681,0.0,0.6808510638297872,0.4117647058823529,0.5294117647058824,0.9411764705882353,0.0,0.6086956521739131,0.2608695652173913,0.0,False,False,True,True,False,False,False,False
POA6352,6352,172.0,40.0,1416.0,2.5,15.0,16.0,0.0,0.0,38.0,70.0,7.0,75.0,26.0,32.0,130.0,37.0,8.0,0.0,45.0,2021,31.0,0.5384615384615384,0.09333333333333334,0.5769230769230769,0.39473684210526316,0.42105263157894735,0.8157894736842105,0.0,0.8222222222222222,0.17777777777777778,0.0,False,False,False,False,False,False,False,False
POA6353,6353,786.0,39.0,1715.0,2.4,88.0,96.0,11.0,0.0,198.0,460.0,3.0,462.0,125.0,41.0,633.0,195.0,83.0,11.0,288.0,2021,184.0,0.7266982622432859,0.006493506493506494,0.7298578199052133,0.4444444444444444,0.48484848484848486,0.9292929292929293,0.05555555555555555,0.6770833333333334,0.2881944444444444,0.03819444444444445,False,False,False,False,False,False,False,False
POA6355,6355,441.0,42.0,1792.0,2.4,59.0,49.0,4.0,0.0,120.0,270.0,3.0,272.0,53.0,30.0,354.0,116.0,50.0,5.0,168.0,2021,108.0,0.7627118644067796,0.011029411764705883,0.768361581920904,0.49166666666666664,0.4083333333333333,0.9,0.03333333333333333,0.6904761904761905,0.2976190476190476,0.02976190476190476,False,False,False,False,False,False,False,False
POA6356,6356,115.0,42.0,1708.0,2.5,8.0,13.0,0.0,0.0,26.0,73.0,0.0,71.0,13.0,9.0,97.0,25.0,12.0,0.0,38.0,2021,21.0,0.7525773195876289,0.0,0.7319587628865979,0.3076923076923077,0.5,0.8076923076923077,0.0,0.6578947368421053,0.3157894736842105,0.0,False,False,True,False,False,False,False,False
POA6357,6357,60.0,46.0,2050.0,2.8,8.0,6.0,0.0,0.0,18.0,36.0,0.0,34.0,5.0,10.0,52.0,15.0,3.0,0.0,20.0,2021,14.0,0.6923076923076923,0.0,0.6538461538461539,0.4444444444444444,0.3333333333333333,0.7777777777777778,0.0,0.75,0.15,0.0,False,False,True,True,False,False,False,False
POA6358,6358,105.0,36.0,1550.0,2.3,15.0,13.0,4.0,0.0,26.0,60.0,0.0,60.0,15.0,17.0,79.0,24.0,9.0,0.0,33.0,2021,28.0,0.759493670886076,0.0,0.759493670886076,0.5769230769230769,0.5,,0.15384615384615385,0.7272727272727273,0.2727272727272727,0.0,False,False,True,False,False,False,True,True
POA6359,6359,439.0,43.0,1398.0,2.3,45.0,35.0,12.0,4.0,91.0,242.0,6.0,244.0,59.0,50.0,357.0,91.0,41.0,0.0,129.0,2021,80.0,0.6778711484593838,0.02459016393442623,0.6834733893557423,0.4945054945054945,0.38461538461538464,0.8791208791208791,0.13186813186813187,0.7054263565891473,0.3178294573643411,0.0,False,False,False,False,False,False,False,False
POA6361,6361,102.0,46.0,1224.0,2.7,10.0,7.0,4.0,0.0,18.0,51.0,0.0,54.0,19.0,18.0,85.0,19.0,5.0,0.0,26.0,2021,17.0,0.6,0.0,0.6352941176470588,0.5555555555555556,0.3888888888888889,0.9444444444444444,0.2222222222222222,0.7307692307692307,0.19230769230769232,0.0,False,False,True,True,False,False,False,False
POA6363,6363,93.0,45.0,2333.0,2.9,13.0,13.0,0.0,0.0,30.0,59.0,0.0,61.0,7.0,3.0,73.0,23.0,4.0,0.0,28.0,2021,26.0,0.8082191780821918,0.0,0.8356164383561644,0.43333333333333335,0.43333333333333335,0.8666666666666667,0.0,0.8214285714285714,0.14285714285714285,0.0,False,False,False,True,False,False,False,False
POA6365,6365,538.0,44.0,1583.0,2.3,67.0,56.0,13.0,0.0,140.0,263.0,4.0,273.0,111.0,41.0,424.0,134.0,56.0,3.0,196.0,2021,123.0,0.6202830188679245,0.014652014652014652,0.6438679245283019,0.4785714285714286,0.4,0.8785714285714286,0.09285714285714286,0.6836734693877551,0.2857142857142857,0.015306122448979591,False,False,False,False,False,False,False,False
POA6367,6367,332.0,50.0,986.0,2.1,57.0,25.0,14.0,0.0,86.0,171.0,11.0,182.0,75.0,25.0,285.0,89.0,52.0,3.0,140.0,2021,82.0,0.6,0.06043956043956044,0.6385964912280702,0.6627906976744186,0.29069767441860467,0.9534883720930233,0.16279069767441862,0.6357142857142857,0.37142857142857144,0.02142857142857143,False,False,False,False,False,False,False,False
POA6368,6368,85.0,35.0,1468.0,2.6,10.0,6.0,0.0,0.0,24.0,44.0,0.0,44.0,12.0,10.0,64.0,22.0,7.0,0.0,30.0,2021,16.0,0.6875,0.0,0.6875,0.4166666666666667,0.25,0.6666666666666666,0.0,0.7333333333333333,0.23333333333333334,0.0,False,False,True,False,False,False,False,False
POA6369,6369,656.0,49.0,1456.0,2.3,86.0,57.0,17.0,0.0,156.0,287.0,14.0,300.0,143.0,95.0,542.0,159.0,59.0,7.0,217.0,2021,143.0,0.5295202952029521,0.04666666666666667,0.5535055350553506,0.5512820512820513,0.36538461538461536,0.9166666666666666,0.10897435897435898,0.7327188940092166,0.271889400921659,0.03225806451612903,False,False,False,False,False,False,False,False
POA6370,6370,457.0,45.0,1297.0,2.4,53.0,36.0,11.0,4.0,105.0,207.0,9.0,221.0,81.0,54.0,360.0,104.0,43.0,0.0,152.0,2021,89.0,0.575,0.04072398190045249,0.6138888888888889,0.5047619047619047,0.34285714285714286,0.8476190476190476,0.10476190476190476,0.6842105263157895,0.28289473684210525,0.0,False,False,False,False,False,False,False,False
POA6372,6372,105.0,53.0,1031.0,2.2,19.0,4.0,0.0,0.0,31.0,50.0,0.0,46.0,29.0,13.0,87.0,28.0,17.0,0.0,39.0,2021,23.0,0.5747126436781609,0.0,0.5287356321839081,0.6129032258064516,0.12903225806451613,0.7419354838709677,0.0,0.717948717948718,0.4358974358974359,0.0,False,False,False,False,False,False,False,False
POA6373,6373,82.0,43.0,2125.0,2.9,16.0,15.0,0.0,0.0,26.0,54.0,0.0,54.0,9.0,0.0,68.0,28.0,0.0,0.0,26.0,2021,31.0,0.7941176470588235,0.0,0.7941176470588235,0.6153846153846154,0.5769230769230769,,0.0,,0.0,0.0,False,False,True,True,False,False,True,True
POA6375,6375,880.0,47.0,1326.0,2.2,128.0,78.0,17.0,3.0,223.0,442.0,12.0,454.0,231.0,49.0,731.0,227.0,120.0,3.0,352.0,2021,206.0,0.6046511627906976,0.02643171806167401,0.6210670314637483,0.5739910313901345,0.34977578475336324,0.9237668161434978,0.07623318385650224,0.6448863636363636,0.3409090909090909,0.008522727272727272,False,False,False,False,False,False,False,False
POA6383,6383,935.0,55.0,1115.0,2.2,117.0,60.0,24.0,4.0,205.0,288.0,13.0,292.0,291.0,203.0,788.0,204.0,99.0,5.0,306.0,2021,177.0,0.36548223350253806,0.04452054794520548,0.37055837563451777,0.5707317073170731,0.2926829268292683,0.8634146341463415,0.11707317073170732,0.6666666666666666,0.3235294117647059,0.016339869281045753,False,False,False,False,False,False,False,False
POA6384,6384,25.0,47.0,3124.0,2.7,0.0,4.0,0.0,0.0,4.0,18.0,0.0,18.0,0.0,3.0,21.0,3.0,0.0,0.0,6.0,2021,4.0,0.8571428571428571,0.0,0.8571428571428571,0.0,1.0,1.0,0.0,0.5,0.0,0.0,True,True,True,True,False,False,False,False
POA6385,6385,20.0,62.0,2749.0,2.0,7.0,0.0,0.0,0.0,7.0,12.0,0.0,12.0,4.0,0.0,17.0,9.0,0.0,0.0,9.0,2021,7.0,0.7058823529411765,0.0,0.7058823529411765,1.0,0.0,1.0,0.0,1.0,0.0,0.0,True,True,True,True,False,False,False,False
POA6386,6386,114.0,42.0,1875.0,2.9,4.0,6.0,0.0,4.0,18.0,39.0,0.0,45.0,7.0,40.0,94.0,22.0,3.0,5.0,25.0,2021,10.0,0.4148936170212766,0.0,0.4787234042553192,0.2222222222222222,0.3333333333333333,0.5555555555555556,0.0,0.88,0.12,0.2,False,False,True,True,False,False,False,False
POA6390,6390,1673.0,42.0,1732.0,2.5,190.0,181.0,57.0,7.0,437.0,745.0,32.0,776.0,402.0,122.0,1302.0,435.0,142.0,11.0,587.0,2021,371.0,0.5721966205837173,0.041237113402061855,0.5960061443932412,0.43478260869565216,0.41418764302059496,0.8489702517162472,0.13043478260869565,0.7410562180579217,0.24190800681431004,0.018739352640545145,False,False,False,False,False,False,False,False
POA6391,6391,1040.0,41.0,1760.0,2.4,139.0,110.0,20.0,0.0,267.0,550.0,4.0,555.0,177.0,93.0,821.0,266.0,101.0,11.0,371.0,2021,249.0,0.6699147381242387,0.007207207207207207,0.6760048721071864,0.5205992509363296,0.41198501872659177,0.9325842696629213,0.0749063670411985,0.7169811320754716,0.2722371967654987,0.029649595687331536,False,False,False,False,False,False,False,False
POA6392,6392,432.0,50.0,1367.0,2.1,64.0,36.0,3.0,0.0,111.0,218.0,3.0,223.0,91.0,39.0,358.0,112.0,57.0,5.0,171.0,2021,100.0,0.6089385474860335,0.013452914798206279,0.6229050279329609,0.5765765765765766,0.32432432432432434,0.9009009009009009,0.02702702702702703,0.6549707602339181,0.3333333333333333,0.029239766081871343,False,False,False,False,False,False,False,False
POA6393,6393,119.0,46.0,1036.0,2.6,14.0,12.0,7.0,0.0,31.0,46.0,0.0,46.0,34.0,10.0,92.0,36.0,7.0,0.0,37.0,2021,26.0,0.5,0.0,0.5,0.45161290322580644,0.3870967741935484,0.8387096774193549,0.22580645161290322,0.972972972972973,0.1891891891891892,0.0,False,False,False,False,False,False,False,False
POA6394,6394,477.0,51.0,1425.0,2.3,73.0,48.0,12.0,0.0,130.0,261.0,3.0,266.0,86.0,48.0,404.0,132.0,57.0,3.0,190.0,2021,121.0,0.6460396039603961,0.011278195488721804,0.6584158415841584,0.5615384615384615,0.36923076923076925,0.9307692307692308,0.09230769230769231,0.6947368421052632,0.3,0.015789473684210527,False,False,False,False,False,False,False,False
POA6395,6395,1543.0,43.0,1452.0,2.3,167.0,171.0,35.0,0.0,379.0,760.0,11.0,774.0,353.0,99.0,1232.0,373.0,211.0,17.0,597.0,2021,338.0,0.6168831168831169,0.014211886304909561,0.6282467532467533,0.44063324538258575,0.45118733509234826,0.8918205804749341,0.09234828496042216,0.6247906197654941,0.35343383584589616,0.02847571189279732,False,False,False,False,False,False,False,False
POA6396,6396,353.0,46.0,1573.0,2.2,41.0,43.0,7.0,0.0,89.0,205.0,3.0,208.0,64.0,30.0,297.0,87.0,50.0,7.0,144.0,2021,84.0,0.6902356902356902,0.014423076923076924,0.7003367003367004,0.4606741573033708,0.48314606741573035,0.9438202247191011,0.07865168539325842,0.6041666666666666,0.3472222222222222,0.04861111111111111,False,False,False,False,False,False,False,False
POA6397,6397,92.0,49.0,900.0,2.1,13.0,8.0,5.0,0.0,23.0,36.0,3.0,42.0,29.0,7.0,79.0,21.0,15.0,0.0,39.0,2021,21.0,0.45569620253164556,0.07142857142857142,0.5316455696202531,0.5652173913043478,0.34782608695652173,0.9130434782608695,0.21739130434782608,0.5384615384615384,0.38461538461538464,0.0,False,False,True,False,False,False,False,False
POA6398,6398,552.0,58.0,794.0,1.9,109.0,31.0,17.0,0.0,153.0,221.0,6.0,229.0,241.0,28.0,499.0,157.0,94.0,5.0,252.0,2021,140.0,0.44288577154308617,0.026200873362445413,0.4589178356713427,0.7124183006535948,0.20261437908496732,0.9150326797385621,0.1111111111111111,0.623015873015873,0.373015873015873,0.01984126984126984,False,False,False,False,False,False,False,False
POA6401,6401,8283.0,42.0,1263.0,2.4,892.0,688.0,393.0,28.0,2001.0,3280.0,209.0,3490.0,2610.0,673.0,6775.0,1963.0,921.0,83.0,2965.0,2021,1580.0,0.4841328413284133,0.05988538681948424,0.5151291512915129,0.44577711144427784,0.34382808595702147,0.7896051974012993,0.19640179910044978,0.6620573355817875,0.3106239460370995,0.027993254637436762,False,False,False,False,False,False,False,False
POA6403,6403,158.0,52.0,1125.0,2.2,17.0,14.0,6.0,0.0,44.0,73.0,7.0,82.0,52.0,9.0,142.0,45.0,23.0,0.0,64.0,2021,31.0,0.5140845070422535,0.08536585365853659,0.5774647887323944,0.38636363636363635,0.3181818181818182,0.7045454545454546,0.13636363636363635,0.703125,0.359375,0.0,False,False,False,False,False,False,False,False
POA6405,6405,338.0,40.0,1273.0,2.6,32.0,36.0,10.0,0.0,79.0,147.0,4.0,147.0,79.0,35.0,264.0,77.0,35.0,0.0,110.0,2021,68.0,0.5568181818181818,0.027210884353741496,0.5568181818181818,0.4050632911392405,0.45569620253164556,0.8607594936708861,0.12658227848101267,0.7,0.3181818181818182,0.0,False,False,False,False,False,False,False,False
POA6407,6407,960.0,35.0,1639.0,2.4,94.0,102.0,23.0,3.0,223.0,437.0,24.0,460.0,268.0,49.0,776.0,218.0,109.0,8.0,334.0,2021,196.0,0.5631443298969072,0.05217391304347826,0.5927835051546392,0.42152466367713004,0.45739910313901344,0.8789237668161435,0.1031390134529148,0.6526946107784432,0.3263473053892216,0.023952095808383235,False,False,False,False,False,False,False,False
POA6409,6409,386.0,46.0,1125.0,2.5,36.0,38.0,16.0,5.0,87.0,161.0,14.0,169.0,94.0,44.0,315.0,91.0,53.0,0.0,136.0,2021,74.0,0.5111111111111111,0.08284023668639054,0.5365079365079365,0.41379310344827586,0.4367816091954023,0.8505747126436781,0.1839080459770115,0.6691176470588235,0.3897058823529412,0.0,False,False,False,False,False,False,False,False
POA6410,6410,949.0,52.0,958.0,2.2,116.0,73.0,36.0,4.0,230.0,372.0,20.0,390.0,347.0,84.0,825.0,233.0,141.0,9.0,371.0,2021,189.0,0.4509090909090909,0.05128205128205128,0.4727272727272727,0.5043478260869565,0.3173913043478261,0.8217391304347826,0.1565217391304348,0.628032345013477,0.38005390835579517,0.02425876010781671,False,False,False,False,False,False,False,False
POA6411,6411,133.0,53.0,2125.0,2.4,23.0,10.0,0.0,0.0,38.0,72.0,0.0,72.0,22.0,19.0,120.0,39.0,4.0,4.0,42.0,2021,33.0,0.6,0.0,0.6,0.6052631578947368,0.2631578947368421,0.868421052631579,0.0,0.9285714285714286,0.09523809523809523,0.09523809523809523,False,False,False,False,False,False,False,False
POA6412,6412,59.0,46.0,1375.0,2.9,3.0,10.0,0.0,0.0,14.0,23.0,0.0,25.0,7.0,18.0,50.0,10.0,4.0,0.0,12.0,2021,13.0,0.46,0.0,0.5,0.21428571428571427,0.7142857142857143,0.9285714285714286,0.0,0.8333333333333334,0.3333333333333333,0.0,False,True,True,True,False,False,False,False
POA6413,6413,59.0,54.0,866.0,2.0,9.0,8.0,0.0,0.0,14.0,23.0,0.0,29.0,21.0,7.0,57.0,16.0,6.0,0.0,23.0,2021,17.0,0.40350877192982454,0.0,0.5087719298245614,0.6428571428571429,0.5714285714285714,,0.0,0.6956521739130435,0.2608695652173913,0.0,False,True,True,True,False,False,True,True
POA6414,6414,75.0,49.0,1812.0,2.6,10.0,6.0,4.0,0.0,18.0,34.0,0.0,36.0,15.0,19.0,59.0,20.0,3.0,3.0,22.0,2021,16.0,0.576271186440678,0.0,0.6101694915254238,0.5555555555555556,0.3333333333333333,0.8888888888888888,0.2222222222222222,0.9090909090909091,0.13636363636363635,0.13636363636363635,False,False,True,True,False,False,False,False
POA6415,6415,2771.0,40.0,1396.0,2.3,314.0,260.0,99.0,8.0,679.0,1253.0,52.0,1311.0,672.0,260.0,2241.0,675.0,333.0,30.0,1032.0,2021,574.0,0.5591253904506917,0.03966437833714721,0.5850066934404283,0.46244477172312226,0.38291605301914583,0.845360824742268,0.14580265095729014,0.6540697674418605,0.3226744186046512,0.029069767441860465,False,False,False,False,False,False,False,False
POA6418,6418,742.0,49.0,1236.0,2.4,77.0,65.0,23.0,3.0,172.0,298.0,14.0,310.0,209.0,77.0,599.0,172.0,93.0,8.0,264.0,2021,142.0,0.4974958263772955,0.04516129032258064,0.5175292153589316,0.4476744186046512,0.37790697674418605,0.8255813953488372,0.13372093023255813,0.6515151515151515,0.3522727272727273,0.030303030303030304,False,False,False,False,False,False,False,False
POA6419,6419,51.0,47.0,1166.0,2.4,13.0,3.0,0.0,0.0,15.0,31.0,0.0,29.0,6.0,4.0,46.0,19.0,3.0,0.0,24.0,2021,16.0,0.6739130434782609,0.0,0.6304347826086957,0.8666666666666667,0.2,,0.0,0.7916666666666666,0.125,0.0,False,True,True,True,False,False,True,True
POA6420,6420,77.0,40.0,1542.0,2.3,6.0,11.0,3.0,0.0,20.0,50.0,0.0,50.0,11.0,0.0,67.0,24.0,11.0,0.0,29.0,2021,17.0,0.746268656716418,0.0,0.746268656716418,0.3,0.55,0.85,0.15,0.8275862068965517,0.3793103448275862,0.0,False,False,True,True,False,False,False,False
POA6421,6421,168.0,40.0,1458.0,2.8,14.0,20.0,3.0,0.0,36.0,66.0,4.0,70.0,35.0,26.0,137.0,34.0,14.0,0.0,49.0,2021,34.0,0.48175182481751827,0.05714285714285714,0.5109489051094891,0.3888888888888889,0.5555555555555556,0.9444444444444444,0.08333333333333333,0.6938775510204082,0.2857142857142857,0.0,False,False,False,False,False,False,False,False
POA6422,6422,64.0,32.0,2125.0,3.0,7.0,9.0,5.0,0.0,15.0,31.0,0.0,31.0,9.0,5.0,44.0,22.0,4.0,0.0,21.0,2021,16.0,0.7045454545454546,0.0,0.7045454545454546,0.4666666666666667,0.6,,0.3333333333333333,,0.19047619047619047,0.0,False,False,True,True,False,False,True,True
POA6423,6423,146.0,61.0,1145.0,1.9,27.0,8.0,0.0,0.0,42.0,66.0,0.0,69.0,51.0,14.0,131.0,38.0,28.0,0.0,66.0,2021,35.0,0.5038167938931297,0.0,0.5267175572519084,0.6428571428571429,0.19047619047619047,0.8333333333333334,0.0,0.5757575757575758,0.42424242424242425,0.0,False,False,False,False,False,False,False,False
POA6424,6424,72.0,52.0,2624.0,2.2,8.0,4.0,0.0,0.0,15.0,44.0,4.0,47.0,9.0,10.0,59.0,13.0,8.0,0.0,26.0,2021,12.0,0.7457627118644068,0.0851063829787234,0.7966101694915254,0.5333333333333333,0.26666666666666666,0.8,0.0,0.5,0.3076923076923077,0.0,False,False,True,True,False,False,False,False
POA6425,6425,83.0,45.0,1999.0,2.4,17.0,9.0,0.0,0.0,26.0,44.0,0.0,44.0,14.0,3.0,75.0,28.0,6.0,0.0,27.0,2021,26.0,0.5866666666666667,0.0,0.5866666666666667,0.6538461538461539,0.34615384615384615,1.0,0.0,,0.2222222222222222,0.0,False,False,True,True,False,False,True,True
POA6426,6426,894.0,47.0,1328.0,2.0,94.0,45.0,22.0,0.0,164.0,472.0,18.0,486.0,180.0,139.0,804.0,161.0,138.0,7.0,311.0,2021,139.0,0.5870646766169154,0.037037037037037035,0.6044776119402985,0.573170731707317,0.27439024390243905,0.8475609756097561,0.13414634146341464,0.5176848874598071,0.4437299035369775,0.022508038585209004,False,False,False,False,False,False,False,False
POA6427,6427,93.0,43.0,0.0,,0.0,0.0,0.0,0.0,0.0,46.0,0.0,46.0,0.0,45.0,93.0,0.0,0.0,0.0,0.0,2021,0.0,0.4946236559139785,0.0,0.4946236559139785,,,,,,,,False,False,True,True,True,False,True,False
POA6428,6428,56.0,45.0,2374.0,3.2,9.0,3.0,0.0,0.0,12.0,25.0,0.0,31.0,0.0,9.0,45.0,11.0,0.0,0.0,16.0,2021,12.0,0.5555555555555556,0.0,0.6888888888888889,0.75,0.25,1.0,0.0,0.6875,0.0,0.0,False,False,True,True,False,False,False,False
POA6429,6429,967.0,47.0,1208.0,2.2,101.0,60.0,44.0,6.0,199.0,359.0,27.0,388.0,234.0,195.0,812.0,193.0,111.0,6.0,307.0,2021,161.0,0.4421182266009852,0.06958762886597938,0.47783251231527096,0.507537688442211,0.3015075376884422,0.8090452261306532,0.22110552763819097,0.6286644951140065,0.36156351791530944,0.019543973941368076,False,False,False,False,False,False,False,False
POA6430,6430,21920.0,34.0,2429.0,2.6,1982.0,2678.0,730.0,87.0,5469.0,11967.0,377.0,12347.0,3214.0,1429.0,16995.0,5367.0,2013.0,265.0,7648.0,2021,4660.0,0.7041482789055604,0.030533732890580707,0.7265077964107091,0.36240628999817154,0.4896690437008594,0.8520753336990309,0.13347961236057782,0.7017520920502092,0.2632060669456067,0.03464958158995816,False,False,False,False,False,False,False,False
POA6431,6431,935.0,33.0,1523.0,3.2,51.0,53.0,43.0,3.0,148.0,304.0,43.0,349.0,311.0,148.0,806.0,115.0,49.0,3.0,167.0,2021,104.0,0.3771712158808933,0.12320916905444126,0.43300248138957814,0.34459459459459457,0.3581081081081081,0.7027027027027027,0.2905405405405405,0.688622754491018,0.2934131736526946,0.017964071856287425,False,False,False,False,False,False,False,False
POA6432,6432,7150.0,35.0,2001.0,2.5,564.0,632.0,325.0,32.0,1556.0,3202.0,160.0,3359.0,1364.0,888.0,5607.0,1522.0,701.0,100.0,2329.0,2021,1196.0,0.5710718744426609,0.04763322417386127,0.5990725878366328,0.36246786632390743,0.40616966580976865,0.7686375321336761,0.20886889460154243,0.6534993559467582,0.30098754830399316,0.042936882782310004,False,False,False,False,False,False,False,False
POA6434,6434,184.0,31.0,1499.0,2.7,0.0,0.0,0.0,0.0,0.0,94.0,0.0,98.0,0.0,68.0,172.0,0.0,3.0,4.0,8.0,2021,0.0,0.5465116279069767,0.0,0.5697674418604651,,,,,0.0,0.375,0.5,False,False,True,True,False,False,True,False
POA6436,6436,153.0,46.0,900.0,2.0,6.0,7.0,4.0,0.0,21.0,57.0,17.0,66.0,23.0,49.0,140.0,20.0,22.0,0.0,45.0,2021,13.0,0.40714285714285714,0.25757575757575757,0.4714285714285714,0.2857142857142857,0.3333333333333333,0.6190476190476191,0.19047619047619047,0.4444444444444444,0.4888888888888889,0.0,False,False,True,False,False,False,False,False
POA6437,6437,747.0,30.0,2562.0,2.9,37.0,50.0,8.0,0.0,100.0,364.0,4.0,366.0,36.0,181.0,589.0,99.0,21.0,0.0,121.0,2021,87.0,0.6179966044142614,0.01092896174863388,0.6213921901528013,0.37,0.5,0.87,0.08,0.8181818181818182,0.17355371900826447,0.0,False,False,False,False,False,False,False,False
POA6438,6438,837.0,37.0,1446.0,2.3,58.0,35.0,23.0,0.0,113.0,307.0,13.0,319.0,142.0,272.0,732.0,110.0,78.0,8.0,199.0,2021,93.0,0.41939890710382516,0.04075235109717868,0.43579234972677594,0.5132743362831859,0.30973451327433627,0.8230088495575221,0.20353982300884957,0.5527638190954773,0.39195979899497485,0.04020100502512563,False,False,False,False,False,False,False,False
POA6440,6440,1333.0,37.0,966.0,2.5,50.0,35.0,25.0,9.0,120.0,518.0,24.0,540.0,205.0,456.0,1197.0,115.0,64.0,0.0,183.0,2021,85.0,0.4327485380116959,0.044444444444444446,0.45112781954887216,0.4166666666666667,0.2916666666666667,0.7083333333333334,0.20833333333333334,0.6284153005464481,0.34972677595628415,0.0,False,False,False,False,False,False,False,False
POA6442,6442,2472.0,35.0,2129.0,2.4,215.0,231.0,89.0,12.0,550.0,978.0,55.0,1039.0,459.0,434.0,1930.0,541.0,242.0,23.0,802.0,2021,446.0,0.5067357512953368,0.05293551491819057,0.5383419689119171,0.39090909090909093,0.42,0.8109090909090909,0.1618181818181818,0.6745635910224439,0.30174563591022446,0.028678304239401497,False,False,False,False,False,False,False,False
POA6443,6443,722.0,50.0,837.0,1.9,64.0,27.0,34.0,5.0,131.0,287.0,19.0,303.0,202.0,139.0,643.0,127.0,136.0,6.0,269.0,2021,91.0,0.4463452566096423,0.0627062706270627,0.4712286158631415,0.48854961832061067,0.20610687022900764,0.6946564885496184,0.2595419847328244,0.4721189591078067,0.5055762081784386,0.022304832713754646,False,False,False,False,False,False,False,False
POA6445,6445,159.0,48.0,966.0,2.8,20.0,20.0,4.0,0.0,45.0,88.0,0.0,86.0,22.0,14.0,124.0,43.0,14.0,0.0,53.0,2021,40.0,0.7096774193548387,0.0,0.6935483870967742,0.4444444444444444,0.4444444444444444,0.8888888888888888,0.08888888888888889,0.8113207547169812,0.2641509433962264,0.0,False,False,False,False,False,False,False,False
POA6446,6446,113.0,42.0,1625.0,2.4,17.0,13.0,3.0,0.0,35.0,72.0,0.0,72.0,19.0,6.0,92.0,36.0,13.0,0.0,48.0,2021,30.0,0.782608695652174,0.0,0.782608695652174,0.4857142857142857,0.37142857142857144,0.8571428571428571,0.08571428571428572,0.75,0.2708333333333333,0.0,False,False,False,False,False,False,False,False
POA6447,6447,174.0,36.0,1875.0,2.6,25.0,24.0,0.0,0.0,45.0,109.0,0.0,112.0,21.0,4.0,139.0,46.0,14.0,0.0,62.0,2021,49.0,0.7841726618705036,0.0,0.8057553956834532,0.5555555555555556,0.5333333333333333,,0.0,0.7419354838709677,0.22580645161290322,0.0,False,False,False,False,False,False,True,True
POA6448,6448,406.0,39.0,1542.0,2.7,44.0,35.0,11.0,0.0,92.0,185.0,10.0,187.0,81.0,38.0,312.0,89.0,32.0,0.0,119.0,2021,79.0,0.592948717948718,0.053475935828877004,0.5993589743589743,0.4782608695652174,0.3804347826086957,0.8586956521739131,0.11956521739130435,0.7478991596638656,0.2689075630252101,0.0,False,False,False,False,False,False,False,False
POA6450,6450,13159.0,42.0,1515.0,2.4,1465.0,1284.0,468.0,53.0,3268.0,6133.0,172.0,6303.0,3191.0,1114.0,10603.0,3213.0,1406.0,135.0,4757.0,2021,2749.0,0.578421201546732,0.027288592733618913,0.5944543996981986,0.4482864137086903,0.3929008567931457,0.841187270501836,0.14320685434516525,0.6754256884591129,0.2955644313643052,0.02837923060752575,False,False,False,False,False,False,False,False
POA6452,6452,4.0,57.0,2250.0,2.0,0.0,0.0,0.0,0.0,0.0,0.0,0.0,0.0,0.0,0.0,4.0,0.0,0.0,0.0,0.0,2021,0.0,0.0,,0.0,,,,,,,,True,True,True,True,False,False,True,False
POA6460,6460,688.0,49.0,1069.0,2.2,80.0,65.0,22.0,6.0,173.0,298.0,14.0,302.0,190.0,73.0,569.0,172.0,109.0,4.0,281.0,2021,145.0,0.523725834797891,0.046357615894039736,0.5307557117750439,0.4624277456647399,0.37572254335260113,0.838150289017341,0.12716763005780346,0.6120996441281139,0.3879003558718861,0.014234875444839857,False,False,False,False,False,False,False,False
POA6461,6461,494.0,47.0,1161.0,2.2,60.0,49.0,16.0,0.0,126.0,212.0,7.0,223.0,140.0,37.0,399.0,123.0,74.0,6.0,204.0,2021,109.0,0.531328320802005,0.03139013452914798,0.5588972431077694,0.47619047619047616,0.3888888888888889,0.8650793650793651,0.12698412698412698,0.6029411764705882,0.3627450980392157,0.029411764705882353,False,False,False,False,False,False,False,False
POA6462,6462,177.0,34.0,1292.0,2.7,16.0,18.0,5.0,0.0,43.0,83.0,4.0,82.0,30.0,10.0,119.0,43.0,15.0,0.0,58.0,2021,34.0,0.6974789915966386,0.04878048780487805,0.6890756302521008,0.37209302325581395,0.4186046511627907,0.7906976744186046,0.11627906976744186,0.7413793103448276,0.25862068965517243,0.0,False,False,False,False,False,False,False,False
POA6463,6463,23.0,35.0,1687.0,2.4,0.0,7.0,0.0,0.0,7.0,14.0,0.0,14.0,0.0,0.0,16.0,7.0,4.0,0.0,11.0,2021,7.0,0.875,0.0,0.875,0.0,1.0,1.0,0.0,0.6363636363636364,0.36363636363636365,0.0,True,True,True,True,False,False,False,False
POA6465,6465,42.0,60.0,1187.0,1.7,8.0,4.0,0.0,0.0,15.0,24.0,3.0,27.0,12.0,4.0,41.0,12.0,10.0,0.0,22.0,2021,12.0,0.5853658536585366,0.1111111111111111,0.6585365853658537,0.5333333333333333,0.26666666666666666,0.8,0.0,0.5454545454545454,0.45454545454545453,0.0,False,True,True,True,False,False,False,False
POA6466,6466,56.0,51.0,1437.0,2.8,7.0,5.0,0.0,0.0,13.0,33.0,0.0,33.0,12.0,3.0,50.0,17.0,0.0,0.0,18.0,2021,12.0,0.66,0.0,0.66,0.5384615384615384,0.38461538461538464,0.9230769230769231,0.0,0.9444444444444444,0.0,0.0,False,False,True,True,False,False,False,False
POA6467,6467,30.0,54.0,1874.0,2.9,3.0,3.0,0.0,0.0,10.0,22.0,0.0,21.0,7.0,0.0,28.0,6.0,0.0,0.0,13.0,2021,6.0,0.7857142857142857,0.0,0.75,0.3,0.3,0.6,0.0,0.46153846153846156,0.0,0.0,False,True,True,True,False,False,False,False
POA6468,6468,194.0,44.0,1604.0,2.4,23.0,25.0,3.0,0.0,48.0,107.0,0.0,109.0,26.0,30.0,163.0,48.0,19.0,0.0,63.0,2021,48.0,0.656441717791411,0.0,0.6687116564417178,0.4791666666666667,0.5208333333333334,1.0,0.0625,0.7619047619047619,0.30158730158730157,0.0,False,False,False,False,False,False,False,False
POA6470,6470,20.0,21.0,2749.0,2.8,0.0,0.0,0.0,0.0,0.0,11.0,0.0,6.0,0.0,0.0,6.0,6.0,4.0,0.0,5.0,2021,0.0,,0.0,1.0,,,,,,0.8,0.0,True,True,True,True,False,False,True,True
POA6472,6472,151.0,46.0,1656.0,2.6,18.0,15.0,3.0,0.0,41.0,91.0,8.0,94.0,23.0,9.0,127.0,40.0,17.0,3.0,55.0,2021,33.0,0.7165354330708661,0.0851063829787234,0.7401574803149606,0.43902439024390244,0.36585365853658536,0.8048780487804879,0.07317073170731707,0.7272727272727273,0.3090909090909091,0.05454545454545454,False,False,False,False,False,False,False,False
POA6473,6473,53.0,40.0,1625.0,3.0,7.0,9.0,0.0,0.0,18.0,24.0,0.0,24.0,7.0,3.0,36.0,13.0,3.0,0.0,16.0,2021,16.0,0.6666666666666666,0.0,0.6666666666666666,0.3888888888888889,0.5,0.8888888888888888,0.0,0.8125,0.1875,0.0,False,True,True,True,False,False,False,False
POA6475,6475,350.0,52.0,1312.0,2.2,53.0,34.0,3.0,0.0,89.0,183.0,8.0,188.0,91.0,8.0,291.0,92.0,60.0,4.0,152.0,2021,87.0,0.6288659793814433,0.0425531914893617,0.6460481099656358,0.5955056179775281,0.38202247191011235,0.9775280898876404,0.033707865168539325,0.6052631578947368,0.39473684210526316,0.02631578947368421,False,False,False,False,False,False,False,False
POA6476,6476,44.0,55.0,1208.0,2.3,9.0,3.0,0.0,0.0,12.0,25.0,0.0,25.0,12.0,0.0,39.0,14.0,9.0,0.0,19.0,2021,12.0,0.6410256410256411,0.0,0.6410256410256411,0.75,0.25,1.0,0.0,0.7368421052631579,0.47368421052631576,0.0,False,True,True,True,False,False,False,False
POA6477,6477,242.0,47.0,1406.0,2.1,29.0,20.0,9.0,0.0,55.0,123.0,7.0,129.0,47.0,25.0,200.0,54.0,35.0,0.0,89.0,2021,49.0,0.615,0.05426356589147287,0.645,0.5272727272727272,0.36363636363636365,0.8909090909090909,0.16363636363636364,0.6067415730337079,0.39325842696629215,0.0,False,False,False,False,False,False,False,False
POA6479,6479,558.0,45.0,1531.0,2.3,75.0,58.0,10.0,0.0,149.0,270.0,4.0,271.0,126.0,50.0,449.0,144.0,62.0,0.0,213.0,2021,133.0,0.6013363028953229,0.014760147601476014,0.6035634743875279,0.5033557046979866,0.38926174496644295,0.8926174496644296,0.06711409395973154,0.676056338028169,0.29107981220657275,0.0,False,False,False,False,False,False,False,False
POA6480,6480,39.0,50.0,1125.0,2.9,5.0,3.0,0.0,0.0,12.0,20.0,0.0,25.0,3.0,9.0,33.0,10.0,0.0,0.0,11.0,2021,8.0,0.6060606060606061,0.0,0.7575757575757576,0.4166666666666667,0.25,0.6666666666666666,0.0,0.9090909090909091,0.0,0.0,False,True,True,True,False,False,False,False
POA6484,6484,35.0,54.0,724.0,1.8,9.0,0.0,0.0,0.0,7.0,17.0,0.0,14.0,5.0,6.0,28.0,9.0,10.0,0.0,12.0,2021,9.0,0.6071428571428571,0.0,0.5,,0.0,,0.0,0.75,0.8333333333333334,0.0,False,True,True,True,False,False,True,True
POA6485,6485,447.0,54.0,866.0,1.9,58.0,28.0,14.0,3.0,103.0,193.0,11.0,202.0,141.0,50.0,388.0,101.0,92.0,9.0,202.0,2021,86.0,0.49742268041237114,0.054455445544554455,0.520618556701031,0.5631067961165048,0.27184466019417475,0.8349514563106796,0.13592233009708737,0.5,0.45544554455445546,0.04455445544554455,False,False,False,False,False,False,False,False
POA6487,6487,45.0,47.0,1375.0,2.5,8.0,3.0,0.0,0.0,12.0,28.0,0.0,28.0,8.0,0.0,41.0,12.0,3.0,0.0,15.0,2021,11.0,0.6829268292682927,0.0,0.6829268292682927,0.6666666666666666,0.25,0.9166666666666666,0.0,0.8,0.2,0.0,False,True,True,True,False,False,False,False
POA6488,6488,162.0,55.0,885.0,1.8,24.0,9.0,5.0,0.0,40.0,73.0,0.0,75.0,54.0,20.0,148.0,37.0,37.0,0.0,74.0,2021,33.0,0.49324324324324326,0.0,0.5067567567567568,0.6,0.225,0.825,0.125,0.5,0.5,0.0,False,False,False,False,False,False,False,False
POA6489,6489,86.0,59.0,710.0,1.8,11.0,7.0,3.0,0.0,18.0,28.0,6.0,29.0,40.0,15.0,84.0,22.0,22.0,0.0,42.0,2021,18.0,0.3333333333333333,0.20689655172413793,0.34523809523809523,0.6111111111111112,0.3888888888888889,1.0,0.16666666666666666,0.5238095238095238,0.5238095238095238,0.0,False,True,True,False,False,False,False,False
POA6490,6490,255.0,49.0,1087.0,2.1,30.0,21.0,8.0,0.0,62.0,98.0,6.0,110.0,59.0,53.0,217.0,61.0,31.0,0.0,93.0,2021,51.0,0.45161290322580644,0.05454545454545454,0.5069124423963134,0.4838709677419355,0.3387096774193548,0.8225806451612904,0.12903225806451613,0.6559139784946236,0.3333333333333333,0.0,False,False,False,False,False,False,False,False
POA6501,6501,921.0,47.0,1859.0,2.7,126.0,115.0,32.0,0.0,273.0,467.0,23.0,491.0,236.0,52.0,775.0,259.0,57.0,5.0,323.0,2021,241.0,0.6025806451612903,0.04684317718940937,0.6335483870967742,0.46153846153846156,0.42124542124542125,0.8827838827838828,0.11721611721611722,0.8018575851393189,0.17647058823529413,0.015479876160990712,False,False,False,False,False,False,False,False
POA6502,6502,1221.0,49.0,1379.0,2.4,180.0,112.0,41.0,5.0,334.0,497.0,24.0,519.0,394.0,105.0,1009.0,329.0,102.0,5.0,432.0,2021,292.0,0.49256689791873143,0.046242774566473986,0.514370664023786,0.5389221556886228,0.33532934131736525,0.874251497005988,0.12275449101796407,0.7615740740740741,0.2361111111111111,0.011574074074074073,False,False,False,False,False,False,False,False
POA6503,6503,2354.0,44.0,1525.0,2.5,298.0,238.0,63.0,6.0,599.0,1208.0,21.0,1232.0,562.0,153.0,1951.0,582.0,184.0,33.0,796.0,2021,536.0,0.6191696565863659,0.017045454545454544,0.6314710404920554,0.4974958263772955,0.3973288814691152,0.8948247078464107,0.10517529215358931,0.7311557788944724,0.23115577889447236,0.0414572864321608,False,False,False,False,False,False,False,False
POA6504,6504,213.0,52.0,1224.0,2.6,33.0,19.0,3.0,0.0,54.0,93.0,0.0,95.0,48.0,43.0,183.0,55.0,12.0,0.0,70.0,2021,52.0,0.5081967213114754,0.0,0.5191256830601093,0.6111111111111112,0.35185185185185186,0.9629629629629629,0.05555555555555555,0.7857142857142857,0.17142857142857143,0.0,False,False,False,False,False,False,False,False
POA6505,6505,134.0,40.0,1708.0,2.7,14.0,18.0,0.0,0.0,33.0,78.0,0.0,79.0,21.0,8.0,106.0,32.0,12.0,0.0,43.0,2021,32.0,0.7358490566037735,0.0,0.7452830188679245,0.42424242424242425,0.5454545454545454,0.9696969696969697,0.0,0.7441860465116279,0.27906976744186046,0.0,False,False,False,False,False,False,False,False
POA6506,6506,58.0,55.0,1531.0,2.0,10.0,4.0,0.0,0.0,19.0,36.0,0.0,42.0,9.0,3.0,53.0,22.0,7.0,0.0,28.0,2021,14.0,0.6792452830188679,0.0,0.7924528301886793,0.5263157894736842,0.21052631578947367,0.7368421052631579,0.0,0.7857142857142857,0.25,0.0,False,False,True,True,False,False,False,False
POA6507,6507,530.0,44.0,1903.0,2.4,78.0,42.0,8.0,0.0,127.0,286.0,7.0,295.0,72.0,89.0,451.0,120.0,44.0,3.0,163.0,2021,120.0,0.6341463414634146,0.023728813559322035,0.6541019955654102,0.6141732283464567,0.33070866141732286,0.9448818897637795,0.06299212598425197,0.7361963190184049,0.26993865030674846,0.018404907975460124,False,False,False,False,False,False,False,False
POA6509,6509,152.0,46.0,1666.0,2.5,21.0,16.0,0.0,0.0,31.0,85.0,0.0,85.0,20.0,20.0,125.0,34.0,14.0,0.0,48.0,2021,37.0,0.68,0.0,0.68,0.6774193548387096,0.5161290322580645,,0.0,0.7083333333333334,0.2916666666666667,0.0,False,False,False,False,False,False,True,True
POA6510,6510,1940.0,43.0,1459.0,2.3,217.0,168.0,81.0,12.0,470.0,878.0,52.0,930.0,442.0,190.0,1565.0,461.0,218.0,17.0,694.0,2021,385.0,0.5610223642172524,0.05591397849462366,0.5942492012779552,0.46170212765957447,0.3574468085106383,0.8191489361702128,0.1723404255319149,0.6642651296829971,0.31412103746397696,0.024495677233429394,False,False,False,False,False,False,False,False
POA6511,6511,480.0,55.0,1044.0,2.0,66.0,38.0,14.0,0.0,114.0,196.0,11.0,202.0,177.0,29.0,416.0,118.0,72.0,4.0,195.0,2021,104.0,0.47115384615384615,0.054455445544554455,0.4855769230769231,0.5789473684210527,0.3333333333333333,0.9122807017543859,0.12280701754385964,0.6051282051282051,0.36923076923076925,0.020512820512820513,False,False,False,False,False,False,False,False
POA6512,6512,92.0,51.0,1375.0,2.2,16.0,9.0,0.0,0.0,29.0,55.0,0.0,55.0,16.0,9.0,78.0,22.0,10.0,0.0,34.0,2021,25.0,0.7051282051282052,0.0,0.7051282051282052,0.5517241379310345,0.3103448275862069,0.8620689655172413,0.0,0.6470588235294118,0.29411764705882354,0.0,False,False,True,False,False,False,False,False
POA6513,6513,162.0,44.0,1649.0,2.5,17.0,21.0,0.0,0.0,41.0,89.0,3.0,95.0,27.0,7.0,133.0,41.0,21.0,0.0,62.0,2021,38.0,0.6691729323308271,0.031578947368421054,0.7142857142857143,0.4146341463414634,0.5121951219512195,0.926829268292683,0.0,0.6612903225806451,0.3387096774193548,0.0,False,False,False,False,False,False,False,False
POA6514,6514,639.0,61.0,889.0,2.0,126.0,32.0,11.0,3.0,175.0,220.0,23.0,241.0,279.0,52.0,577.0,172.0,95.0,3.0,268.0,2021,158.0,0.38128249566724437,0.0954356846473029,0.41767764298093585,0.72,0.18285714285714286,0.9028571428571428,0.06285714285714286,0.6417910447761194,0.35447761194029853,0.011194029850746268,False,False,False,False,False,False,False,False
POA6515,6515,323.0,44.0,1463.0,2.3,45.0,29.0,7.0,0.0,81.0,163.0,6.0,169.0,49.0,51.0,267.0,82.0,35.0,0.0,117.0,2021,74.0,0.6104868913857678,0.03550295857988166,0.6329588014981273,0.5555555555555556,0.35802469135802467,0.9135802469135802,0.08641975308641975,0.7008547008547008,0.29914529914529914,0.0,False,False,False,False,False,False,False,False
POA6516,6516,1985.0,52.0,1187.0,2.2,331.0,152.0,61.0,5.0,550.0,874.0,46.0,918.0,633.0,154.0,1710.0,542.0,219.0,18.0,779.0,2021,483.0,0.5111111111111111,0.05010893246187364,0.5368421052631579,0.6018181818181818,0.27636363636363637,0.8781818181818182,0.11090909090909092,0.6957637997432606,0.2811296534017972,0.023106546854942234,False,False,False,False,False,False,False,False
POA6517,6517,407.0,43.0,1350.0,2.0,57.0,35.0,3.0,0.0,97.0,186.0,0.0,195.0,92.0,57.0,339.0,96.0,64.0,0.0,161.0,2021,92.0,0.5486725663716814,0.0,0.5752212389380531,0.5876288659793815,0.36082474226804123,0.9484536082474226,0.030927835051546393,0.5962732919254659,0.39751552795031053,0.0,False,False,False,False,False,False,False,False
POA6518,6518,209.0,52.0,837.0,2.1,35.0,9.0,9.0,0.0,55.0,87.0,13.0,98.0,53.0,38.0,191.0,52.0,24.0,0.0,78.0,2021,44.0,0.45549738219895286,0.1326530612244898,0.5130890052356021,0.6363636363636364,0.16363636363636364,0.8,0.16363636363636364,0.6666666666666666,0.3076923076923077,0.0,False,False,False,False,False,False,False,False
POA6519,6519,575.0,42.0,1366.0,2.3,73.0,57.0,18.0,0.0,144.0,242.0,10.0,254.0,138.0,69.0,455.0,136.0,73.0,0.0,205.0,2021,130.0,0.5318681318681319,0.03937007874015748,0.5582417582417583,0.5069444444444444,0.3958333333333333,0.9027777777777778,0.125,0.6634146341463415,0.35609756097560974,0.0,False,False,False,False,False,False,False,False
POA6521,6521,347.0,47.0,1764.0,2.5,49.0,28.0,9.0,0.0,86.0,211.0,5.0,212.0,46.0,31.0,293.0,83.0,26.0,3.0,112.0,2021,77.0,0.7201365187713311,0.02358490566037736,0.7235494880546075,0.5697674418604651,0.32558139534883723,0.8953488372093024,0.10465116279069768,0.7410714285714286,0.23214285714285715,0.026785714285714284,False,False,False,False,False,False,False,False
POA6522,6522,407.0,47.0,1468.0,2.4,49.0,47.0,7.0,0.0,104.0,184.0,6.0,190.0,82.0,56.0,331.0,101.0,42.0,0.0,147.0,2021,96.0,0.5558912386706949,0.031578947368421054,0.5740181268882175,0.47115384615384615,0.4519230769230769,0.9230769230769231,0.0673076923076923,0.6870748299319728,0.2857142857142857,0.0,False,False,False,False,False,False,False,False
POA6525,6525,3680.0,53.0,1168.0,2.2,529.0,316.0,125.0,10.0,984.0,1465.0,58.0,1520.0,1255.0,352.0,3126.0,973.0,437.0,26.0,1437.0,2021,845.0,0.4686500319897633,0.038157894736842106,0.48624440179142675,0.5376016260162602,0.32113821138211385,0.858739837398374,0.12703252032520326,0.6771050800278358,0.30410577592205984,0.018093249826026444,False,False,False,False,False,False,False,False
POA6528,6528,378.0,50.0,1278.0,2.3,56.0,40.0,13.0,0.0,99.0,182.0,7.0,188.0,105.0,21.0,313.0,97.0,37.0,4.0,142.0,2021,96.0,0.5814696485623003,0.03723404255319149,0.6006389776357828,0.5656565656565656,0.40404040404040403,0.9696969696969697,0.13131313131313133,0.6830985915492958,0.2605633802816901,0.028169014084507043,False,False,False,False,False,False,False,False
POA6530,6530,33378.0,40.0,1483.0,2.4,3532.0,3168.0,1645.0,150.0,8496.0,14898.0,865.0,15768.0,8530.0,2555.0,26850.0,8308.0,3575.0,352.0,12227.0,2021,6700.0,0.5548603351955307,0.05485794013191273,0.5872625698324022,0.4157250470809793,0.3728813559322034,0.7886064030131826,0.193620527306968,0.6794798396990267,0.29238570377034434,0.028788746217387747,False,False,False,False,False,False,False,False
POA6532,6532,6915.0,39.0,2009.0,2.7,824.0,848.0,209.0,18.0,1894.0,3507.0,123.0,3628.0,1270.0,506.0,5405.0,1856.0,440.0,42.0,2335.0,2021,1672.0,0.6488436632747456,0.03390297684674752,0.6712303422756707,0.4350580781414995,0.4477296726504752,0.8827877507919747,0.11034846884899684,0.7948608137044968,0.18843683083511778,0.017987152034261242,False,False,False,False,False,False,False,False
POA6535,6535,1609.0,55.0,1068.0,2.2,237.0,114.0,45.0,5.0,404.0,608.0,29.0,639.0,535.0,162.0,1334.0,403.0,183.0,9.0,598.0,2021,351.0,0.45577211394302847,0.04538341158059468,0.4790104947526237,0.5866336633663366,0.28217821782178215,0.8688118811881188,0.11138613861386139,0.6739130434782609,0.3060200668896321,0.015050167224080268,False,False,False,False,False,False,False,False
POA6536,6536,1478.0,53.0,1122.0,2.1,231.0,105.0,32.0,3.0,379.0,627.0,23.0,650.0,466.0,183.0,1293.0,371.0,176.0,8.0,557.0,2021,336.0,0.48491879350348027,0.03538461538461538,0.502706883217324,0.6094986807387863,0.2770448548812665,0.8865435356200527,0.08443271767810026,0.6660682226211849,0.31597845601436264,0.01436265709156194,False,False,False,False,False,False,False,False
POA6537,6537,995.0,43.0,1197.0,2.1,124.0,72.0,15.0,6.0,210.0,456.0,10.0,466.0,239.0,129.0,837.0,211.0,135.0,18.0,358.0,2021,196.0,0.5448028673835126,0.02145922746781116,0.5567502986857825,0.5904761904761905,0.34285714285714286,0.9333333333333333,0.07142857142857142,0.5893854748603352,0.3770949720670391,0.05027932960893855,False,False,False,False,False,False,False,False
POA6556,6556,1969.0,44.0,1981.0,2.7,231.0,242.0,76.0,3.0,553.0,1037.0,37.0,1076.0,480.0,86.0,1640.0,540.0,137.0,19.0,704.0,2021,473.0,0.6323170731707317,0.03438661710037175,0.6560975609756098,0.4177215189873418,0.4376130198915009,0.8553345388788427,0.13743218806509946,0.7670454545454546,0.19460227272727273,0.026988636363636364,False,False,False,False,False,False,False,False
POA6558,6558,2613.0,37.0,1895.0,2.6,106.0,88.0,23.0,0.0,225.0,393.0,17.0,407.0,2035.0,53.0,2494.0,217.0,57.0,0.0,277.0,2021,194.0,0.15757818765036086,0.04176904176904177,0.1631916599839615,0.4711111111111111,0.39111111111111113,0.8622222222222222,0.10222222222222223,0.7833935018050542,0.20577617328519857,0.0,False,False,False,False,False,False,False,False
POA6560,6560,1372.0,46.0,1520.0,2.5,161.0,136.0,68.0,4.0,372.0,569.0,43.0,611.0,406.0,106.0,1123.0,363.0,134.0,12.0,509.0,2021,297.0,0.5066785396260017,0.07037643207855974,0.5440783615316117,0.4327956989247312,0.3655913978494624,0.7983870967741935,0.1827956989247312,0.7131630648330058,0.2632612966601179,0.023575638506876228,False,False,False,False,False,False,False,False
POA6562,6562,1413.0,45.0,1547.0,2.6,187.0,152.0,52.0,6.0,394.0,614.0,33.0,643.0,376.0,115.0,1140.0,379.0,83.0,8.0,477.0,2021,339.0,0.5385964912280702,0.05132192846034215,0.5640350877192982,0.4746192893401015,0.38578680203045684,0.8604060913705583,0.1319796954314721,0.7945492662473794,0.1740041928721174,0.016771488469601678,False,False,False,False,False,False,False,False
POA6564,6564,330.0,50.0,1333.0,2.3,48.0,30.0,15.0,0.0,92.0,148.0,9.0,154.0,115.0,12.0,280.0,88.0,40.0,6.0,134.0,2021,78.0,0.5285714285714286,0.05844155844155844,0.55,0.5217391304347826,0.32608695652173914,0.8478260869565217,0.16304347826086957,0.6567164179104478,0.29850746268656714,0.04477611940298507,False,False,False,False,False,False,False,False
POA6566,6566,3296.0,54.0,1190.0,2.2,527.0,245.0,118.0,10.0,898.0,1310.0,91.0,1396.0,1093.0,358.0,2856.0,884.0,371.0,39.0,1291.0,2021,772.0,0.4586834733893557,0.0651862464183381,0.4887955182072829,0.5868596881959911,0.2728285077951002,0.8596881959910914,0.13140311804008908,0.6847405112316034,0.28737412858249417,0.030209140201394268,False,False,False,False,False,False,False,False
POA6567,6567,485.0,54.0,1357.0,2.4,73.0,44.0,12.0,0.0,132.0,191.0,10.0,202.0,163.0,68.0,423.0,128.0,38.0,8.0,170.0,2021,117.0,0.4515366430260047,0.04950495049504951,0.47754137115839246,0.553030303030303,0.3333333333333333,0.8863636363636364,0.09090909090909091,0.7529411764705882,0.2235294117647059,0.047058823529411764,False,False,False,False,False,False,False,False
POA6568,6568,210.0,52.0,1728.0,2.4,26.0,23.0,4.0,0.0,54.0,118.0,0.0,119.0,49.0,20.0,182.0,57.0,19.0,0.0,74.0,2021,49.0,0.6483516483516484,0.0,0.6538461538461539,0.48148148148148145,0.42592592592592593,0.9074074074074074,0.07407407407407407,0.7702702702702703,0.25675675675675674,0.0,False,False,False,False,False,False,False,False
POA6569,6569,270.0,43.0,1604.0,2.4,35.0,23.0,4.0,0.0,69.0,120.0,6.0,126.0,63.0,24.0,215.0,67.0,29.0,0.0,98.0,2021,58.0,0.5581395348837209,0.047619047619047616,0.586046511627907,0.5072463768115942,0.3333333333333333,0.8405797101449275,0.057971014492753624,0.6836734693877551,0.29591836734693877,0.0,False,False,False,False,False,False,False,False
POA6571,6571,67.0,45.0,1708.0,2.0,11.0,8.0,0.0,0.0,18.0,35.0,4.0,36.0,12.0,3.0,57.0,15.0,10.0,0.0,27.0,2021,19.0,0.6140350877192983,0.1111111111111111,0.631578947368421,0.6111111111111112,0.4444444444444444,,0.0,0.5555555555555556,0.37037037037037035,0.0,False,False,True,True,False,False,True,True
POA6572,6572,61.0,41.0,1875.0,2.9,7.0,6.0,0.0,0.0,15.0,27.0,0.0,27.0,17.0,4.0,45.0,18.0,5.0,0.0,15.0,2021,13.0,0.6,0.0,0.6,0.4666666666666667,0.4,0.8666666666666667,0.0,,0.3333333333333333,0.0,False,True,True,True,False,False,True,True
POA6574,6574,64.0,42.0,1812.0,2.8,10.0,13.0,0.0,0.0,19.0,39.0,0.0,39.0,13.0,3.0,55.0,19.0,4.0,0.0,27.0,2021,23.0,0.7090909090909091,0.0,0.7090909090909091,0.5263157894736842,0.6842105263157895,,0.0,0.7037037037037037,0.14814814814814814,0.0,False,False,True,True,False,False,True,True
POA6575,6575,101.0,48.0,1166.0,2.5,16.0,11.0,0.0,0.0,22.0,57.0,0.0,57.0,9.0,12.0,83.0,20.0,17.0,0.0,35.0,2021,27.0,0.6867469879518072,0.0,0.6867469879518072,0.7272727272727273,0.5,,0.0,0.5714285714285714,0.4857142857142857,0.0,False,False,True,False,False,False,True,True
POA6603,6603,1110.0,42.0,1320.0,2.3,134.0,100.0,48.0,6.0,288.0,546.0,14.0,561.0,246.0,83.0,891.0,285.0,143.0,10.0,440.0,2021,234.0,0.6127946127946128,0.024955436720142603,0.6296296296296297,0.4652777777777778,0.3472222222222222,0.8125,0.16666666666666666,0.6477272727272727,0.325,0.022727272727272728,False,False,False,False,False,False,False,False
POA6605,6605,41.0,45.0,1875.0,2.4,0.0,7.0,0.0,0.0,11.0,21.0,0.0,21.0,0.0,7.0,36.0,7.0,3.0,0.0,16.0,2021,7.0,0.5833333333333334,0.0,0.5833333333333334,0.0,0.6363636363636364,0.6363636363636364,0.0,0.4375,0.1875,0.0,False,True,True,True,False,False,False,False
POA6606,6606,133.0,51.0,949.0,2.1,16.0,10.0,3.0,0.0,37.0,66.0,5.0,68.0,39.0,4.0,112.0,39.0,25.0,0.0,59.0,2021,26.0,0.5892857142857143,0.07352941176470588,0.6071428571428571,0.43243243243243246,0.2702702702702703,0.7027027027027027,0.08108108108108109,0.6610169491525424,0.423728813559322,0.0,False,False,False,False,False,False,False,False
POA6608,6608,150.0,44.0,1562.0,2.8,10.0,16.0,4.0,0.0,28.0,71.0,0.0,71.0,16.0,26.0,115.0,25.0,9.0,0.0,38.0,2021,26.0,0.6173913043478261,0.0,0.6173913043478261,0.35714285714285715,0.5714285714285714,0.9285714285714286,0.14285714285714285,0.6578947368421053,0.23684210526315788,0.0,False,False,True,False,False,False,False,False
POA6609,6609,852.0,36.0,1897.0,2.6,84.0,98.0,14.0,3.0,200.0,398.0,8.0,407.0,145.0,105.0,665.0,192.0,69.0,9.0,266.0,2021,182.0,0.5984962406015037,0.019656019656019656,0.6120300751879699,0.42,0.49,0.91,0.07,0.7218045112781954,0.2593984962406015,0.03383458646616541,False,False,False,False,False,False,False,False
POA6612,6612,162.0,43.0,1812.0,2.5,18.0,13.0,4.0,0.0,32.0,71.0,0.0,77.0,33.0,21.0,121.0,33.0,14.0,0.0,47.0,2021,31.0,0.5867768595041323,0.0,0.6363636363636364,0.5625,0.40625,0.96875,0.125,0.7021276595744681,0.2978723404255319,0.0,False,False,False,False,False,False,False,False
POA6613,6613,51.0,40.0,2333.0,2.5,6.0,4.0,0.0,0.0,13.0,25.0,0.0,25.0,10.0,0.0,40.0,12.0,9.0,0.0,16.0,2021,10.0,0.625,0.0,0.625,0.46153846153846156,0.3076923076923077,0.7692307692307693,0.0,0.75,0.5625,0.0,False,True,True,True,False,False,False,False
POA6614,6614,20.0,59.0,1062.0,2.4,3.0,0.0,0.0,0.0,9.0,16.0,0.0,16.0,4.0,0.0,18.0,6.0,0.0,0.0,5.0,2021,3.0,0.8888888888888888,0.0,0.8888888888888888,0.3333333333333333,0.0,0.3333333333333333,0.0,,0.0,0.0,True,True,True,True,False,False,True,True
POA6616,6616,61.0,53.0,1562.0,2.1,3.0,8.0,0.0,0.0,7.0,21.0,0.0,21.0,9.0,15.0,45.0,5.0,3.0,0.0,13.0,2021,11.0,0.4666666666666667,0.0,0.4666666666666667,0.42857142857142855,,,0.0,0.38461538461538464,0.23076923076923078,0.0,False,True,True,True,False,False,True,True
POA6620,6620,518.0,41.0,1764.0,2.3,33.0,26.0,11.0,0.0,68.0,248.0,0.0,254.0,44.0,155.0,447.0,72.0,33.0,3.0,103.0,2021,59.0,0.5548098434004475,0.0,0.5682326621923938,0.4852941176470588,0.38235294117647056,0.8676470588235294,0.16176470588235295,0.6990291262135923,0.32038834951456313,0.02912621359223301,False,False,False,False,False,False,False,False
POA6623,6623,575.0,43.0,1358.0,2.3,56.0,50.0,11.0,0.0,122.0,204.0,5.0,211.0,135.0,96.0,444.0,117.0,67.0,7.0,192.0,2021,106.0,0.4594594594594595,0.023696682464454975,0.4752252252252252,0.45901639344262296,0.4098360655737705,0.8688524590163934,0.09016393442622951,0.609375,0.3489583333333333,0.036458333333333336,False,False,False,False,False,False,False,False
POA6625,6625,57.0,39.0,1812.0,2.7,7.0,10.0,0.0,0.0,14.0,37.0,0.0,37.0,8.0,0.0,42.0,16.0,3.0,0.0,22.0,2021,17.0,0.8809523809523809,0.0,0.8809523809523809,0.5,0.7142857142857143,,0.0,0.7272727272727273,0.13636363636363635,0.0,False,False,True,True,False,False,True,True
POA6627,6627,57.0,37.0,1812.0,2.8,11.0,4.0,0.0,0.0,12.0,24.0,8.0,33.0,16.0,0.0,45.0,15.0,7.0,0.0,18.0,2021,15.0,0.5333333333333333,0.24242424242424243,0.7333333333333333,0.9166666666666666,0.3333333333333333,,0.0,0.8333333333333334,0.3888888888888889,0.0,False,False,True,True,False,False,True,True
POA6628,6628,23.0,37.0,900.0,3.6,3.0,0.0,4.0,0.0,7.0,5.0,0.0,15.0,6.0,0.0,14.0,3.0,0.0,0.0,3.0,2021,3.0,0.35714285714285715,0.0,,0.42857142857142855,0.0,0.42857142857142855,0.5714285714285714,1.0,0.0,0.0,True,True,True,True,False,False,True,True
POA6630,6630,482.0,43.0,1194.0,2.3,48.0,33.0,24.0,0.0,106.0,179.0,13.0,192.0,116.0,81.0,386.0,98.0,56.0,5.0,162.0,2021,81.0,0.4637305699481865,0.06770833333333333,0.49740932642487046,0.4528301886792453,0.3113207547169811,0.7641509433962265,0.22641509433962265,0.6049382716049383,0.345679012345679,0.030864197530864196,False,False,False,False,False,False,False,False
POA6631,6631,13.0,62.0,3250.0,1.7,3.0,0.0,0.0,0.0,3.0,10.0,0.0,10.0,5.0,0.0,13.0,3.0,3.0,0.0,4.0,2021,3.0,0.7692307692307693,0.0,0.7692307692307693,1.0,0.0,1.0,0.0,0.75,0.75,0.0,True,True,True,True,False,False,False,False
POA6632,6632,63.0,40.0,1812.0,3.2,9.0,8.0,0.0,0.0,16.0,39.0,0.0,42.0,6.0,0.0,44.0,17.0,3.0,0.0,26.0,2021,17.0,0.8863636363636364,0.0,0.9545454545454546,0.5625,0.5,,0.0,0.6538461538461539,0.11538461538461539,0.0,False,False,True,True,False,False,True,True
POA6635,6635,379.0,33.0,1562.0,2.8,15.0,13.0,13.0,0.0,41.0,129.0,3.0,136.0,49.0,151.0,331.0,37.0,22.0,0.0,57.0,2021,28.0,0.38972809667673713,0.022058823529411766,0.4108761329305136,0.36585365853658536,0.3170731707317073,0.6829268292682927,0.3170731707317073,0.6491228070175439,0.38596491228070173,0.0,False,False,False,False,False,False,False,False
POA6638,6638,653.0,42.0,1204.0,2.1,40.0,18.0,15.0,0.0,71.0,179.0,8.0,187.0,100.0,247.0,531.0,71.0,49.0,10.0,128.0,2021,58.0,0.3370998116760829,0.0427807486631016,0.352165725047081,0.5633802816901409,0.2535211267605634,0.8169014084507042,0.2112676056338028,0.5546875,0.3828125,0.078125,False,False,False,False,False,False,False,False
POA6639,6639,109.0,60.0,949.0,1.5,19.0,0.0,0.0,0.0,19.0,44.0,3.0,48.0,29.0,35.0,113.0,16.0,22.0,0.0,43.0,2021,19.0,0.3893805309734513,0.0625,0.4247787610619469,1.0,0.0,1.0,0.0,0.37209302325581395,0.5116279069767442,0.0,False,False,True,False,False,False,False,False
POA6640,6640,215.0,54.0,682.0,1.5,18.0,3.0,3.0,0.0,24.0,111.0,3.0,117.0,62.0,26.0,209.0,20.0,41.0,5.0,70.0,2021,21.0,0.5311004784688995,0.02564102564102564,0.5598086124401914,0.75,0.125,0.875,0.125,0.2857142857142857,0.5857142857142857,0.07142857142857142,False,False,True,False,False,False,False,False
POA6642,6642,1200.0,34.0,1243.0,2.4,70.0,52.0,42.0,13.0,182.0,483.0,27.0,505.0,237.0,282.0,1028.0,170.0,103.0,7.0,276.0,2021,122.0,0.4698443579766537,0.053465346534653464,0.4912451361867704,0.38461538461538464,0.2857142857142857,0.6703296703296703,0.23076923076923078,0.6159420289855072,0.37318840579710144,0.025362318840579712,False,False,False,False,False,False,False,False
POA6646,6646,535.0,35.0,1109.0,2.4,27.0,9.0,17.0,6.0,62.0,196.0,9.0,203.0,98.0,148.0,452.0,56.0,36.0,3.0,84.0,2021,36.0,0.4336283185840708,0.04433497536945813,0.4491150442477876,0.43548387096774194,0.14516129032258066,0.5806451612903226,0.27419354838709675,0.6666666666666666,0.42857142857142855,0.03571428571428571,False,False,False,False,False,False,False,False
POA6701,6701,5259.0,40.0,1399.0,2.3,511.0,408.0,219.0,22.0,1152.0,2285.0,115.0,2398.0,1142.0,741.0,4281.0,1120.0,593.0,63.0,1774.0,2021,919.0,0.5337537958420929,0.04795663052543787,0.5601494977808923,0.4435763888888889,0.3541666666666667,0.7977430555555556,0.19010416666666666,0.6313416009019166,0.3342728297632469,0.03551296505073281,False,False,False,False,False,False,False,False
POA6705,6705,170.0,37.0,1300.0,2.9,8.0,18.0,9.0,6.0,40.0,56.0,4.0,67.0,52.0,11.0,129.0,38.0,19.0,6.0,57.0,2021,26.0,0.43410852713178294,0.05970149253731343,0.5193798449612403,0.2,0.45,0.65,0.225,0.6666666666666666,0.3333333333333333,0.10526315789473684,False,False,False,False,False,False,False,False
POA6707,6707,3074.0,37.0,1983.0,2.5,365.0,308.0,71.0,5.0,755.0,1727.0,43.0,1776.0,499.0,249.0,2521.0,743.0,275.0,80.0,1093.0,2021,673.0,0.6850456168187228,0.02421171171171171,0.7044823482744943,0.48344370860927155,0.40794701986754967,0.8913907284768212,0.09403973509933775,0.6797804208600183,0.2516010978956999,0.07319304666056725,False,False,False,False,False,False,False,False
POA6710,6710,940.0,36.0,2443.0,2.4,99.0,86.0,22.0,3.0,210.0,447.0,12.0,465.0,131.0,136.0,729.0,209.0,66.0,6.0,282.0,2021,185.0,0.6131687242798354,0.025806451612903226,0.6378600823045267,0.4714285714285714,0.4095238095238095,0.8809523809523809,0.10476190476190476,0.7411347517730497,0.23404255319148937,0.02127659574468085,False,False,False,False,False,False,False,False
POA6712,6712,45.0,41.0,0.0,1.0,0.0,0.0,0.0,0.0,0.0,8.0,0.0,8.0,0.0,42.0,45.0,0.0,0.0,0.0,0.0,2021,0.0,0.17777777777777778,0.0,0.17777777777777778,,,,,,,,False,True,True,True,True,False,True,False
POA6713,6713,1282.0,35.0,3664.0,2.9,103.0,193.0,16.0,0.0,322.0,692.0,16.0,706.0,115.0,104.0,928.0,317.0,61.0,4.0,388.0,2021,296.0,0.7456896551724138,0.0226628895184136,0.7607758620689655,0.3198757763975155,0.5993788819875776,0.9192546583850931,0.049689440993788817,0.8170103092783505,0.15721649484536082,0.010309278350515464,False,False,False,False,False,False,False,False
POA6714,6714,17657.0,32.0,3188.0,2.8,1278.0,2169.0,370.0,29.0,3849.0,9105.0,253.0,9360.0,1479.0,2300.0,13141.0,3787.0,1113.0,184.0,5089.0,2021,3447.0,0.6928696446236968,0.02702991452991453,0.7122745605357279,0.33203429462197975,0.5635229929851909,0.8955572876071707,0.09612886464016628,0.7441540577716643,0.218707015130674,0.036156415798781684,False,False,False,False,False,False,False,False
POA6716,6716,1084.0,32.0,2028.0,2.5,10.0,24.0,3.0,0.0,43.0,574.0,11.0,590.0,92.0,160.0,835.0,48.0,22.0,0.0,66.0,2021,34.0,0.6874251497005988,0.01864406779661017,0.7065868263473054,0.23255813953488372,0.5581395348837209,0.7906976744186046,0.06976744186046512,0.7272727272727273,0.3333333333333333,0.0,False,False,False,False,False,False,False,False
POA6718,6718,977.0,34.0,1074.0,2.9,66.0,49.0,60.0,8.0,189.0,201.0,41.0,237.0,538.0,46.0,828.0,169.0,47.0,8.0,224.0,2021,115.0,0.2427536231884058,0.1729957805907173,0.286231884057971,0.3492063492063492,0.25925925925925924,0.6084656084656085,0.31746031746031744,0.7544642857142857,0.20982142857142858,0.03571428571428571,False,False,False,False,False,False,False,False
POA6720,6720,2279.0,32.0,3290.0,2.8,140.0,285.0,36.0,5.0,468.0,1132.0,21.0,1154.0,191.0,318.0,1659.0,459.0,138.0,13.0,605.0,2021,425.0,0.6823387582881254,0.018197573656845753,0.6955997588908981,0.29914529914529914,0.6089743589743589,0.9081196581196581,0.07692307692307693,0.7586776859504132,0.228099173553719,0.021487603305785124,False,False,False,False,False,False,False,False
POA6721,6721,4367.0,34.0,3369.0,2.5,381.0,512.0,74.0,11.0,975.0,2387.0,52.0,2443.0,384.0,506.0,3337.0,972.0,402.0,47.0,1417.0,2021,893.0,0.7153131555289182,0.02128530495292673,0.732094695834582,0.39076923076923076,0.5251282051282051,0.9158974358974359,0.0758974358974359,0.6859562455892732,0.2836979534227241,0.033168666196189134,False,False,False,False,False,False,False,False
POA6722,6722,11305.0,32.0,2595.0,2.7,825.0,1234.0,426.0,49.0,2532.0,5402.0,235.0,5636.0,1407.0,1417.0,8465.0,2465.0,866.0,118.0,3445.0,2021,2059.0,0.6381571175428233,0.04169623846699787,0.6658003544004726,0.32582938388625593,0.4873617693522907,0.8131911532385466,0.16824644549763032,0.7155297532656023,0.2513788098693759,0.03425253991291727,False,False,False,False,False,False,False,False
POA6725,6725,11236.0,34.0,2040.0,2.7,811.0,1100.0,530.0,53.0,2494.0,5002.0,301.0,5301.0,1973.0,1276.0,8556.0,2388.0,828.0,160.0,3376.0,2021,1911.0,0.5846189808321646,0.05678173929447274,0.6195652173913043,0.3251804330392943,0.4410585404971933,0.7662389735364876,0.21251002405773858,0.707345971563981,0.245260663507109,0.04739336492890995,False,False,False,False,False,False,False,False
POA6726,6726,5730.0,34.0,2181.0,2.7,492.0,531.0,269.0,19.0,1311.0,2889.0,103.0,2991.0,825.0,603.0,4414.0,1278.0,429.0,91.0,1794.0,2021,1023.0,0.6545083824195741,0.0344366432631227,0.677616674218396,0.37528604118993136,0.40503432494279173,0.7803203661327232,0.2051868802440885,0.7123745819397993,0.2391304347826087,0.050724637681159424,False,False,False,False,False,False,False,False
POA6728,6728,5365.0,32.0,1357.0,2.8,344.0,380.0,262.0,45.0,1035.0,1501.0,95.0,1595.0,1775.0,783.0,4154.0,926.0,412.0,33.0,1369.0,2021,724.0,0.3613384689455946,0.05956112852664577,0.3839672604718344,0.3323671497584541,0.3671497584541063,0.6995169082125604,0.2531400966183575,0.6764061358655953,0.30094959824689554,0.02410518626734843,False,False,False,False,False,False,False,False
POA6740,6740,1477.0,34.0,1165.0,3.0,76.0,107.0,108.0,15.0,302.0,406.0,35.0,440.0,471.0,223.0,1134.0,264.0,117.0,10.0,389.0,2021,183.0,0.35802469135802467,0.07954545454545454,0.3880070546737213,0.25165562913907286,0.3543046357615894,0.6059602649006622,0.3576158940397351,0.6786632390745502,0.30077120822622105,0.02570694087403599,False,False,False,False,False,False,False,False
POA6743,6743,6455.0,33.0,1971.0,2.7,511.0,538.0,303.0,36.0,1387.0,2895.0,121.0,3018.0,1127.0,826.0,4970.0,1293.0,448.0,79.0,1817.0,2021,1049.0,0.5824949698189135,0.04009277667329357,0.6072434607645876,0.3684210526315789,0.38788752703677,0.756308579668349,0.21845710165825521,0.7116125481563016,0.24656026417171162,0.043478260869565216,False,False,False,False,False,False,False,False
POA6751,6751,4007.0,33.0,3029.0,2.9,216.0,402.0,59.0,11.0,682.0,2130.0,38.0,2164.0,291.0,594.0,3046.0,679.0,199.0,17.0,895.0,2021,618.0,0.6992777413000657,0.01756007393715342,0.7104399212081418,0.31671554252199413,0.5894428152492669,0.906158357771261,0.08651026392961877,0.758659217877095,0.2223463687150838,0.01899441340782123,False,False,False,False,False,False,False,False
POA6753,6753,6761.0,33.0,2850.0,2.8,325.0,562.0,131.0,15.0,1037.0,3523.0,121.0,3645.0,488.0,1270.0,5402.0,997.0,345.0,39.0,1382.0,2021,887.0,0.6521658644946317,0.033196159122085046,0.6747500925583118,0.313404050144648,0.5419479267116682,0.8553519768563163,0.12632594021215043,0.7214182344428365,0.2496382054992764,0.028219971056439943,False,False,False,False,False,False,False,False
POA6754,6754,1324.0,35.0,3215.0,2.5,97.0,116.0,28.0,0.0,237.0,669.0,15.0,687.0,97.0,229.0,1018.0,235.0,100.0,9.0,335.0,2021,213.0,0.6571709233791748,0.021834061135371178,0.674852652259332,0.4092827004219409,0.48945147679324896,0.8987341772151899,0.11814345991561181,0.7014925373134329,0.29850746268656714,0.026865671641791045,False,False,False,False,False,False,False,False
POA6758,6758,1159.0,38.0,1321.0,2.9,8.0,7.0,15.0,0.0,33.0,570.0,9.0,580.0,87.0,467.0,1130.0,24.0,13.0,0.0,42.0,2021,15.0,0.504424778761062,0.015517241379310345,0.5132743362831859,0.24242424242424243,0.21212121212121213,0.45454545454545453,0.45454545454545453,0.5714285714285714,0.30952380952380953,0.0,False,False,False,False,False,False,False,False
POA6760,6760,927.0,38.0,1035.0,2.6,27.0,26.0,21.0,3.0,77.0,394.0,36.0,425.0,139.0,290.0,853.0,61.0,51.0,4.0,121.0,2021,53.0,0.4618991793669402,0.08470588235294117,0.49824150058616645,0.35064935064935066,0.33766233766233766,0.6883116883116883,0.2727272727272727,0.5041322314049587,0.4214876033057851,0.03305785123966942,False,False,False,False,False,False,False,False
POA6762,6762,657.0,34.0,1083.0,4.2,16.0,22.0,15.0,6.0,57.0,320.0,12.0,330.0,102.0,156.0,589.0,44.0,7.0,0.0,52.0,2021,38.0,0.5432937181663837,0.03636363636363636,0.5602716468590832,0.2807017543859649,0.38596491228070173,0.6666666666666666,0.2631578947368421,0.8461538461538461,0.1346153846153846,0.0,False,False,False,False,False,False,False,False
POA6765,6765,1678.0,31.0,1226.0,3.0,105.0,148.0,103.0,27.0,381.0,498.0,27.0,528.0,640.0,119.0,1283.0,313.0,137.0,16.0,469.0,2021,253.0,0.3881527669524552,0.05113636363636364,0.41153546375681993,0.2755905511811024,0.3884514435695538,0.6640419947506562,0.27034120734908135,0.6673773987206824,0.2921108742004264,0.03411513859275053,False,False,False,False,False,False,False,False
POA6770,6770,3149.0,29.0,1066.0,3.2,131.0,262.0,254.0,36.0,674.0,681.0,218.0,906.0,1107.0,348.0,2358.0,576.0,225.0,19.0,817.0,2021,393.0,0.28880407124681934,0.24061810154525387,0.3842239185750636,0.1943620178041543,0.3887240356083086,0.5830860534124629,0.3768545994065282,0.7050183598531212,0.27539779681762544,0.023255813953488372,False,False,False,False,False,False,False,False
POA6798,6798,1692.0,38.0,2109.0,2.5,116.0,149.0,34.0,0.0,295.0,771.0,12.0,783.0,415.0,208.0,1406.0,292.0,131.0,4.0,422.0,2021,265.0,0.5483641536273115,0.01532567049808429,0.5568990042674253,0.39322033898305087,0.5050847457627119,0.8983050847457628,0.1152542372881356,0.6919431279620853,0.3104265402843602,0.009478672985781991,False,False,False,False,False,False,False,False
POA6799,6799,593.0,40.0,2519.0,3.8,69.0,77.0,7.0,0.0,154.0,239.0,5.0,248.0,140.0,82.0,467.0,114.0,9.0,0.0,122.0,2021,146.0,0.5117773019271948,0.020161290322580645,0.5310492505353319,0.44805194805194803,0.5,0.948051948051948,0.045454545454545456,0.9344262295081968,0.07377049180327869,0.0,False,False,False,False,False,False,False,False
POA7000,7000,15645.0,36.0,1858.0,2.3,1763.0,1247.0,508.0,62.0,3584.0,8548.0,651.0,9203.0,3984.0,726.0,13914.0,3543.0,1933.0,624.0,6098.0,2021,3010.0,0.6143452637631163,0.07073780289036184,0.6614201523645249,0.49190848214285715,0.34793526785714285,0.83984375,0.14174107142857142,0.5810101672679567,0.3169891767792719,0.10232863233847163,False,False,False,False,False,False,False,False
POA7004,7004,7982.0,39.0,1820.0,2.2,975.0,675.0,257.0,35.0,1947.0,4197.0,293.0,4488.0,2083.0,356.0,6920.0,1917.0,1114.0,267.0,3300.0,2021,1650.0,0.6065028901734104,0.06528520499108735,0.6485549132947976,0.5007704160246533,0.34668721109399075,0.847457627118644,0.1319979455572676,0.5809090909090909,0.3375757575757576,0.0809090909090909,False,False,False,False,False,False,False,False
POA7005,7005,13947.0,37.0,1903.0,2.4,1775.0,1243.0,309.0,64.0,3387.0,6930.0,672.0,7606.0,4152.0,477.0,12235.0,3314.0,1464.0,494.0,5269.0,2021,3018.0,0.5664078463424601,0.08835130160399685,0.621659174499387,0.5240625922645409,0.36699143785060523,0.8910540301151462,0.0912311780336581,0.6289618523438982,0.2778515847409376,0.09375593091668248,False,False,False,False,False,False,False,False
POA7007,7007,3387.0,40.0,1892.0,2.6,393.0,402.0,126.0,14.0,935.0,1694.0,115.0,1815.0,900.0,97.0,2802.0,916.0,306.0,47.0,1269.0,2021,795.0,0.6045681655960029,0.06336088154269973,0.6477516059957173,0.4203208556149733,0.4299465240641711,0.8502673796791443,0.13475935828877006,0.7218282111899134,0.24113475177304963,0.037037037037037035,False,False,False,False,False,False,False,False
POA7008,7008,13210.0,38.0,1750.0,2.4,1454.0,1419.0,482.0,54.0,3413.0,6948.0,434.0,7376.0,3364.0,417.0,11159.0,3351.0,1602.0,263.0,5214.0,2021,2873.0,0.6226364369567166,0.05883947939262473,0.6609911282372972,0.4260181658365075,0.4157632581306768,0.8417814239671843,0.1412247289774392,0.642692750287687,0.30724971231300346,0.050441120061373225,False,False,False,False,False,False,False,False
POA7009,7009,13898.0,35.0,1427.0,2.4,1357.0,1317.0,747.0,90.0,3516.0,7028.0,593.0,7615.0,3531.0,514.0,11665.0,3422.0,1671.0,319.0,5404.0,2021,2674.0,0.6024860694384913,0.07787261982928431,0.6528075439348479,0.3859499431171786,0.37457337883959047,0.7605233219567691,0.21245733788395904,0.6332346410066617,0.3092153960029608,0.059030347890451515,False,False,False,False,False,False,False,False
POA7010,7010,18372.0,37.0,1222.0,2.4,1853.0,1648.0,1097.0,117.0,4710.0,8232.0,700.0,8923.0,5828.0,789.0,15544.0,4557.0,2476.0,315.0,7345.0,2021,3501.0,0.5295934122490993,0.07844895214613919,0.5740478641276376,0.3934182590233546,0.34989384288747344,0.743312101910828,0.23290870488322718,0.6204220558202859,0.3371000680735194,0.04288631722260041,False,False,False,False,False,False,False,False
POA7011,7011,15742.0,38.0,1295.0,2.4,1511.0,1564.0,1054.0,74.0,4204.0,7114.0,501.0,7614.0,4705.0,617.0,12937.0,4094.0,1962.0,201.0,6255.0,2021,3075.0,0.549895648140991,0.06579984239558707,0.5885444848110072,0.3594196003805899,0.3720266412940057,0.7314462416745956,0.25071360608943866,0.6545163868904876,0.31366906474820144,0.03213429256594724,False,False,False,False,False,False,False,False
POA7012,7012,838.0,44.0,1657.0,2.7,112.0,100.0,32.0,4.0,248.0,431.0,12.0,441.0,221.0,28.0,694.0,243.0,51.0,6.0,307.0,2021,212.0,0.6210374639769453,0.027210884353741496,0.6354466858789626,0.45161290322580644,0.4032258064516129,0.8548387096774194,0.12903225806451613,0.7915309446254072,0.16612377850162866,0.019543973941368076,False,False,False,False,False,False,False,False
POA7015,7015,11290.0,45.0,1595.0,2.3,1476.0,1106.0,469.0,46.0,3089.0,5210.0,284.0,5492.0,3787.0,357.0,9642.0,3038.0,1356.0,140.0,4536.0,2021,2582.0,0.5403443269031322,0.051711580480699196,0.5695913710848372,0.4778245386856588,0.3580446746519909,0.8358692133376497,0.15182907089673034,0.6697530864197531,0.29894179894179895,0.030864197530864196,False,False,False,False,False,False,False,False
POA7016,7016,3171.0,34.0,1187.0,2.5,205.0,246.0,220.0,20.0,688.0,1030.0,89.0,1119.0,1360.0,99.0,2577.0,680.0,259.0,31.0,972.0,2021,451.0,0.3996895615056267,0.07953529937444147,0.4342258440046566,0.29796511627906974,0.35755813953488375,0.6555232558139535,0.31976744186046513,0.6995884773662552,0.2664609053497942,0.03189300411522634,False,False,False,False,False,False,False,False
POA7017,7017,6300.0,40.0,1885.0,2.6,802.0,827.0,231.0,17.0,1872.0,3367.0,131.0,3499.0,1519.0,120.0,5144.0,1834.0,411.0,50.0,2298.0,2021,1629.0,0.6545489891135303,0.037439268362389255,0.6802099533437014,0.4284188034188034,0.44177350427350426,0.8701923076923077,0.1233974358974359,0.7980852915578764,0.17885117493472585,0.02175805047867711,False,False,False,False,False,False,False,False
POA7018,7018,23450.0,42.0,1575.0,2.4,2825.0,2493.0,1093.0,110.0,6516.0,11199.0,625.0,11820.0,7128.0,772.0,19724.0,6398.0,2715.0,296.0,9407.0,2021,5318.0,0.5677854390590144,0.05287648054145516,0.5992699249645103,0.4335481890730509,0.3825966850828729,0.8161448741559238,0.16774094536525475,0.6801318167322207,0.2886148612735197,0.031465929626873605,False,False,False,False,False,False,False,False
POA7019,7019,7744.0,32.0,1306.0,2.5,662.0,744.0,645.0,46.0,2093.0,3348.0,304.0,3643.0,2003.0,359.0,6004.0,2046.0,799.0,97.0,2953.0,2021,1406.0,0.5576282478347768,0.08344770793302224,0.6067621585609594,0.316292403248925,0.35547061634018157,0.6717630195891066,0.30817009077878643,0.6928547240094819,0.2705722993565865,0.03284795123603115,False,False,False,False,False,False,False,False
POA7020,7020,2665.0,43.0,2164.0,2.8,336.0,370.0,93.0,7.0,806.0,1447.0,42.0,1489.0,621.0,53.0,2163.0,777.0,114.0,18.0,908.0,2021,706.0,0.6689782709200185,0.028206850235057087,0.6883957466481738,0.41687344913151364,0.45905707196029777,0.8759305210918115,0.11538461538461539,0.8557268722466961,0.12555066079295155,0.019823788546255508,False,False,False,False,False,False,False,False
POA7021,7021,2592.0,42.0,1877.0,2.6,303.0,342.0,102.0,5.0,753.0,1311.0,44.0,1360.0,658.0,57.0,2077.0,742.0,198.0,18.0,957.0,2021,645.0,0.6311988444872412,0.03235294117647059,0.6547905633124699,0.40239043824701193,0.4541832669322709,0.8565737051792829,0.13545816733067728,0.7753396029258098,0.20689655172413793,0.018808777429467086,False,False,False,False,False,False,False,False
POA7022,7022,963.0,48.0,1383.0,2.4,139.0,103.0,35.0,3.0,281.0,444.0,23.0,465.0,313.0,38.0,815.0,277.0,104.0,7.0,383.0,2021,242.0,0.5447852760736196,0.04946236559139785,0.5705521472392638,0.49466192170818507,0.3665480427046263,0.8612099644128114,0.12455516014234876,0.7232375979112271,0.27154046997389036,0.018276762402088774,False,False,False,False,False,False,False,False
POA7023,7023,383.0,56.0,1302.0,2.1,62.0,30.0,16.0,0.0,113.0,179.0,9.0,191.0,132.0,15.0,336.0,107.0,54.0,4.0,166.0,2021,92.0,0.5327380952380952,0.04712041884816754,0.5684523809523809,0.5486725663716814,0.26548672566371684,0.8141592920353983,0.1415929203539823,0.6445783132530121,0.3253012048192771,0.024096385542168676,False,False,False,False,False,False,False,False
POA7024,7024,602.0,43.0,2275.0,2.6,62.0,86.0,18.0,0.0,163.0,307.0,3.0,307.0,126.0,22.0,463.0,161.0,42.0,0.0,202.0,2021,148.0,0.6630669546436285,0.009771986970684038,0.6630669546436285,0.3803680981595092,0.5276073619631901,0.9079754601226994,0.11042944785276074,0.7970297029702971,0.2079207920792079,0.0,False,False,False,False,False,False,False,False
POA7025,7025,1822.0,50.0,1576.0,2.4,276.0,209.0,49.0,7.0,538.0,880.0,29.0,905.0,542.0,75.0,1523.0,533.0,171.0,11.0,715.0,2021,485.0,0.5778069599474721,0.032044198895027624,0.5942219304005253,0.5130111524163569,0.38847583643122674,0.9014869888475836,0.09107806691449814,0.7454545454545455,0.23916083916083916,0.015384615384615385,False,False,False,False,False,False,False,False
POA7026,7026,1158.0,39.0,1560.0,2.6,131.0,139.0,45.0,4.0,319.0,559.0,23.0,581.0,272.0,83.0,934.0,312.0,88.0,9.0,404.0,2021,270.0,0.5985010706638115,0.039586919104991396,0.6220556745182013,0.4106583072100313,0.43573667711598746,0.8463949843260188,0.14106583072100312,0.7722772277227723,0.21782178217821782,0.022277227722772276,False,False,False,False,False,False,False,False
POA7027,7027,372.0,44.0,880.0,2.1,37.0,27.0,9.0,3.0,81.0,122.0,6.0,126.0,127.0,78.0,325.0,75.0,44.0,6.0,127.0,2021,64.0,0.37538461538461537,0.047619047619047616,0.38769230769230767,0.4567901234567901,0.3333333333333333,0.7901234567901234,0.1111111111111111,0.5905511811023622,0.3464566929133858,0.047244094488188976,False,False,False,False,False,False,False,False
POA7030,7030,19720.0,35.0,1295.0,2.6,1814.0,2113.0,1462.0,76.0,5462.0,8323.0,613.0,8934.0,5433.0,970.0,15340.0,5315.0,1643.0,168.0,7130.0,2021,3927.0,0.5425684485006519,0.06861428251623013,0.5823989569752281,0.3321127792017576,0.38685463200292936,0.7189674112046869,0.26766752105455877,0.7454417952314165,0.23043478260869565,0.02356241234221599,False,False,False,False,False,False,False,False
POA7050,7050,14593.0,38.0,1518.0,2.5,1629.0,1583.0,691.0,51.0,3956.0,7084.0,482.0,7570.0,4140.0,410.0,12116.0,3888.0,1591.0,233.0,5703.0,2021,3212.0,0.5846814130075932,0.06367239101717305,0.624793661274348,0.41177957532861476,0.40015166835187055,0.8119312436804853,0.17467138523761375,0.6817464492372436,0.27897597755567244,0.040855689987725756,False,False,False,False,False,False,False,False
POA7052,7052,7688.0,42.0,1806.0,2.5,948.0,938.0,326.0,26.0,2234.0,3833.0,176.0,4013.0,2140.0,166.0,6316.0,2194.0,645.0,80.0,2917.0,2021,1886.0,0.6068714376187461,0.04385746324445552,0.6353704876504117,0.4243509400179051,0.41987466427931963,0.8442256042972247,0.1459265890778872,0.7521426122728831,0.22111758656153582,0.027425437092903668,False,False,False,False,False,False,False,False
POA7053,7053,3637.0,47.0,1910.0,2.5,418.0,455.0,138.0,12.0,1018.0,1738.0,97.0,1830.0,1144.0,76.0,3054.0,1002.0,338.0,32.0,1369.0,2021,873.0,0.5690897184020957,0.053005464480874315,0.5992141453831041,0.4106090373280943,0.44695481335952847,0.8575638506876228,0.13555992141453832,0.7319211102994887,0.2468955441928415,0.02337472607742878,False,False,False,False,False,False,False,False
POA7054,7054,9609.0,40.0,1895.0,2.8,1052.0,1321.0,341.0,17.0,2734.0,4780.0,190.0,4970.0,2326.0,217.0,7517.0,2667.0,609.0,62.0,3331.0,2021,2373.0,0.6358919781827856,0.03822937625754527,0.6611680191565784,0.3847841989758595,0.48317483540599854,0.8679590343818581,0.12472567666422824,0.8006604623236265,0.18282797958571,0.018613029120384268,False,False,False,False,False,False,False,False
POA7055,7055,540.0,33.0,1783.0,2.7,58.0,67.0,37.0,3.0,165.0,274.0,17.0,290.0,112.0,12.0,415.0,167.0,33.0,5.0,202.0,2021,125.0,0.6602409638554216,0.05862068965517241,0.6987951807228916,0.3515151515151515,0.40606060606060607,0.7575757575757576,0.22424242424242424,0.8267326732673267,0.16336633663366337,0.024752475247524754,False,False,False,False,False,False,False,False
POA7109,7109,9872.0,43.0,1397.0,2.5,1281.0,1098.0,370.0,34.0,2784.0,4462.0,226.0,4688.0,2862.0,542.0,8089.0,2715.0,863.0,79.0,3654.0,2021,2379.0,0.5516133020150822,0.048208191126279866,0.5795524786747435,0.46012931034482757,0.39439655172413796,0.8545258620689655,0.13290229885057472,0.7430213464696224,0.23617952928297756,0.02162014230979748,False,False,False,False,False,False,False,False
POA7112,7112,3496.0,47.0,1016.0,2.3,463.0,312.0,189.0,10.0,968.0,1272.0,85.0,1359.0,1361.0,167.0,2886.0,946.0,435.0,32.0,1412.0,2021,775.0,0.4407484407484408,0.06254598969830757,0.4708939708939709,0.47830578512396693,0.32231404958677684,0.8006198347107438,0.1952479338842975,0.669971671388102,0.30807365439093487,0.0226628895184136,False,False,False,False,False,False,False,False
POA7113,7113,1301.0,52.0,1205.0,2.4,171.0,112.0,48.0,0.0,336.0,492.0,33.0,525.0,461.0,148.0,1129.0,328.0,99.0,13.0,434.0,2021,283.0,0.4357838795394154,0.06285714285714286,0.4650132860938884,0.5089285714285714,0.3333333333333333,0.8422619047619048,0.14285714285714285,0.7557603686635944,0.22811059907834103,0.029953917050691243,False,False,False,False,False,False,False,False
POA7116,7116,2490.0,48.0,1129.0,2.4,357.0,243.0,97.0,13.0,703.0,958.0,69.0,1027.0,904.0,123.0,2057.0,684.0,271.0,23.0,981.0,2021,600.0,0.4657267865824016,0.06718597857838364,0.4992707826932426,0.5078236130867709,0.3456614509246088,0.8534850640113798,0.1379800853485064,0.6972477064220184,0.2762487257900102,0.023445463812436288,False,False,False,False,False,False,False,False
POA7117,7117,923.0,55.0,962.0,2.1,146.0,65.0,36.0,4.0,249.0,362.0,20.0,386.0,377.0,48.0,811.0,249.0,135.0,20.0,398.0,2021,211.0,0.44636251541307026,0.05181347150259067,0.4759556103575832,0.5863453815261044,0.26104417670682734,0.8473895582329317,0.14457831325301204,0.6256281407035176,0.3391959798994975,0.05025125628140704,False,False,False,False,False,False,False,False
POA7119,7119,47.0,37.0,1024.0,2.8,3.0,6.0,0.0,0.0,15.0,16.0,0.0,16.0,14.0,0.0,34.0,10.0,4.0,0.0,12.0,2021,9.0,0.47058823529411764,0.0,0.47058823529411764,0.2,0.4,0.6,0.0,0.8333333333333334,0.3333333333333333,0.0,False,True,True,True,False,False,False,False
POA7120,7120,1892.0,52.0,1027.0,2.2,262.0,163.0,89.0,0.0,520.0,767.0,54.0,819.0,682.0,134.0,1639.0,510.0,255.0,20.0,782.0,2021,425.0,0.4679682733374009,0.06593406593406594,0.4996949359365467,0.5038461538461538,0.31346153846153846,0.8173076923076923,0.17115384615384616,0.6521739130434783,0.32608695652173914,0.02557544757033248,False,False,False,False,False,False,False,False
POA7139,7139,8.0,49.0,1125.0,1.0,0.0,0.0,0.0,0.0,0.0,4.0,0.0,4.0,0.0,0.0,7.0,0.0,3.0,0.0,3.0,2021,0.0,0.5714285714285714,0.0,0.5714285714285714,,,,,0.0,1.0,0.0,True,True,True,True,False,False,True,False
POA7140,7140,12069.0,42.0,1197.0,2.4,1401.0,1192.0,629.0,51.0,3273.0,5020.0,387.0,5412.0,3835.0,675.0,9919.0,3186.0,1298.0,97.0,4582.0,2021,2593.0,0.5060994051819739,0.07150776053215077,0.5456195180965823,0.42804766269477545,0.3641918728994806,0.7922395355942561,0.19217842957531317,0.695329550414666,0.28328240942819727,0.02116979484941074,False,False,False,False,False,False,False,False
POA7150,7150,3191.0,50.0,1435.0,2.4,458.0,350.0,98.0,9.0,910.0,1477.0,84.0,1565.0,1013.0,153.0,2723.0,893.0,306.0,24.0,1224.0,2021,808.0,0.5424164524421594,0.0536741214057508,0.5747337495409475,0.5032967032967033,0.38461538461538464,0.8879120879120879,0.1076923076923077,0.7295751633986928,0.25,0.0196078431372549,False,False,False,False,False,False,False,False
POA7155,7155,943.0,51.0,1412.0,2.4,161.0,94.0,28.0,3.0,293.0,425.0,16.0,444.0,312.0,39.0,795.0,283.0,84.0,5.0,371.0,2021,255.0,0.5345911949685535,0.036036036036036036,0.5584905660377358,0.5494880546075085,0.32081911262798635,0.8703071672354948,0.09556313993174062,0.7628032345013477,0.22641509433962265,0.013477088948787063,False,False,False,False,False,False,False,False
POA7162,7162,667.0,54.0,1481.0,2.5,127.0,61.0,25.0,0.0,221.0,293.0,17.0,303.0,237.0,21.0,569.0,210.0,46.0,4.0,263.0,2021,188.0,0.5149384885764499,0.056105610561056105,0.5325131810193322,0.5746606334841629,0.27601809954751133,0.8506787330316742,0.11312217194570136,0.7984790874524715,0.17490494296577946,0.015209125475285171,False,False,False,False,False,False,False,False
POA7163,7163,397.0,51.0,1397.0,2.4,62.0,35.0,11.0,0.0,106.0,158.0,8.0,167.0,136.0,31.0,333.0,108.0,32.0,7.0,148.0,2021,97.0,0.4744744744744745,0.04790419161676647,0.5015015015015015,0.5849056603773585,0.330188679245283,0.9150943396226415,0.10377358490566038,0.7297297297297297,0.21621621621621623,0.0472972972972973,False,False,False,False,False,False,False,False
POA7170,7170,5734.0,43.0,2326.0,2.8,681.0,826.0,169.0,9.0,1686.0,3088.0,107.0,3197.0,1366.0,111.0,4680.0,1637.0,314.0,23.0,1976.0,2021,1507.0,0.6598290598290598,0.03346887707225524,0.6831196581196581,0.40391459074733094,0.48991696322657174,0.8938315539739027,0.10023724792408066,0.8284412955465587,0.15890688259109312,0.011639676113360324,False,False,False,False,False,False,False,False
POA7171,7171,3824.0,39.0,1522.0,2.4,481.0,413.0,212.0,15.0,1124.0,1897.0,83.0,1975.0,1029.0,133.0,3136.0,1095.0,373.0,38.0,1505.0,2021,894.0,0.6049107142857143,0.0420253164556962,0.6297831632653061,0.4279359430604982,0.36743772241992884,0.7953736654804271,0.18861209964412812,0.7275747508305648,0.2478405315614618,0.02524916943521595,False,False,False,False,False,False,False,False
POA7172,7172,4435.0,41.0,1362.0,2.4,527.0,469.0,235.0,13.0,1249.0,2012.0,94.0,2106.0,1359.0,175.0,3643.0,1227.0,468.0,28.0,1722.0,2021,996.0,0.5522920669777656,0.0446343779677113,0.5780949766675817,0.42193755004003203,0.3755004003202562,0.7974379503602882,0.18815052041633307,0.7125435540069687,0.27177700348432055,0.016260162601626018,False,False,False,False,False,False,False,False
POA7173,7173,7509.0,43.0,1383.0,2.4,941.0,756.0,355.0,26.0,2072.0,3499.0,179.0,3684.0,2130.0,435.0,6246.0,2036.0,813.0,73.0,2921.0,2021,1697.0,0.5601985270573167,0.048588490770901195,0.5898174831892411,0.45415057915057916,0.36486486486486486,0.819015444015444,0.17133204633204632,0.6970215679561794,0.2783293392673742,0.0249914412872304,False,False,False,False,False,False,False,False
POA7174,7174,200.0,45.0,1162.0,2.6,26.0,26.0,11.0,0.0,59.0,94.0,9.0,96.0,47.0,11.0,162.0,60.0,10.0,0.0,70.0,2021,52.0,0.5802469135802469,0.09375,0.5925925925925926,0.4406779661016949,0.4406779661016949,0.8813559322033898,0.1864406779661017,0.8571428571428571,0.14285714285714285,0.0,False,False,False,False,False,False,False,False
POA7175,7175,184.0,48.0,1300.0,2.2,21.0,16.0,4.0,3.0,48.0,95.0,0.0,95.0,51.0,7.0,154.0,48.0,28.0,3.0,73.0,2021,37.0,0.6168831168831169,0.0,0.6168831168831169,0.4375,0.3333333333333333,0.7708333333333334,0.08333333333333333,0.6575342465753424,0.3835616438356164,0.0410958904109589,False,False,False,False,False,False,False,False
POA7176,7176,185.0,40.0,1562.0,2.9,16.0,20.0,5.0,0.0,49.0,82.0,5.0,89.0,42.0,13.0,149.0,42.0,11.0,0.0,53.0,2021,36.0,0.5503355704697986,0.056179775280898875,0.5973154362416108,0.32653061224489793,0.40816326530612246,0.7346938775510204,0.10204081632653061,0.7924528301886793,0.20754716981132076,0.0,False,False,False,False,False,False,False,False
POA7177,7177,449.0,47.0,1267.0,2.4,58.0,47.0,18.0,0.0,124.0,198.0,13.0,212.0,150.0,14.0,374.0,120.0,57.0,10.0,180.0,2021,105.0,0.5294117647058824,0.06132075471698113,0.5668449197860963,0.46774193548387094,0.3790322580645161,0.8467741935483871,0.14516129032258066,0.6666666666666666,0.31666666666666665,0.05555555555555555,False,False,False,False,False,False,False,False
POA7178,7178,325.0,56.0,766.0,2.0,49.0,24.0,13.0,0.0,84.0,109.0,12.0,120.0,145.0,23.0,288.0,82.0,58.0,7.0,146.0,2021,73.0,0.3784722222222222,0.1,0.4166666666666667,0.5833333333333334,0.2857142857142857,0.8690476190476191,0.15476190476190477,0.5616438356164384,0.3972602739726027,0.04794520547945205,False,False,False,False,False,False,False,False
POA7179,7179,422.0,58.0,919.0,2.0,76.0,34.0,14.0,3.0,126.0,169.0,11.0,186.0,183.0,20.0,389.0,123.0,65.0,3.0,195.0,2021,110.0,0.43444730077120824,0.05913978494623656,0.4781491002570694,0.6031746031746031,0.2698412698412698,0.873015873015873,0.1111111111111111,0.6307692307692307,0.3333333333333333,0.015384615384615385,False,False,False,False,False,False,False,False
POA7180,7180,167.0,59.0,782.0,2.0,36.0,6.0,3.0,0.0,49.0,58.0,0.0,59.0,76.0,19.0,150.0,46.0,22.0,0.0,70.0,2021,42.0,0.38666666666666666,0.0,0.3933333333333333,0.7346938775510204,0.12244897959183673,0.8571428571428571,0.061224489795918366,0.6571428571428571,0.3142857142857143,0.0,False,False,False,False,False,False,False,False
POA7182,7182,247.0,57.0,912.0,1.9,41.0,8.0,7.0,0.0,62.0,81.0,9.0,89.0,107.0,23.0,221.0,60.0,46.0,0.0,107.0,2021,49.0,0.3665158371040724,0.10112359550561797,0.40271493212669685,0.6612903225806451,0.12903225806451613,0.7903225806451613,0.11290322580645161,0.5607476635514018,0.42990654205607476,0.0,False,False,False,False,False,False,False,False
POA7183,7183,42.0,60.0,687.0,2.0,5.0,0.0,3.0,0.0,16.0,15.0,0.0,16.0,21.0,6.0,39.0,12.0,3.0,0.0,22.0,2021,5.0,0.38461538461538464,0.0,0.41025641025641024,0.3125,0.0,0.3125,0.1875,0.5454545454545454,0.13636363636363635,0.0,False,True,True,True,False,False,False,False
POA7184,7184,909.0,56.0,795.0,2.0,128.0,57.0,42.0,0.0,230.0,326.0,18.0,347.0,381.0,82.0,810.0,226.0,161.0,4.0,397.0,2021,185.0,0.4024691358024691,0.05187319884726225,0.4283950617283951,0.5565217391304348,0.24782608695652175,0.8043478260869565,0.1826086956521739,0.5692695214105793,0.40554156171284633,0.010075566750629723,False,False,False,False,False,False,False,False
POA7185,7185,139.0,60.0,1274.0,1.9,29.0,7.0,3.0,0.0,37.0,55.0,3.0,57.0,48.0,17.0,125.0,37.0,18.0,0.0,53.0,2021,36.0,0.44,0.05263157894736842,0.456,0.7837837837837838,0.1891891891891892,0.972972972972973,0.08108108108108109,0.6981132075471698,0.33962264150943394,0.0,False,False,False,False,False,False,False,False
POA7186,7186,196.0,58.0,1024.0,2.1,35.0,19.0,4.0,0.0,55.0,72.0,0.0,71.0,83.0,12.0,174.0,52.0,23.0,0.0,83.0,2021,54.0,0.41379310344827586,0.0,0.40804597701149425,0.6363636363636364,0.34545454545454546,0.9818181818181818,0.07272727272727272,0.6265060240963856,0.27710843373493976,0.0,False,False,False,False,False,False,False,False
POA7187,7187,138.0,61.0,1010.0,1.8,22.0,9.0,4.0,0.0,38.0,43.0,7.0,49.0,68.0,13.0,122.0,34.0,32.0,0.0,65.0,2021,31.0,0.3524590163934426,0.14285714285714285,0.4016393442622951,0.5789473684210527,0.23684210526315788,0.8157894736842105,0.10526315789473684,0.5230769230769231,0.49230769230769234,0.0,False,False,False,False,False,False,False,False
POA7190,7190,3458.0,59.0,975.0,2.1,649.0,238.0,114.0,9.0,1006.0,1311.0,70.0,1373.0,1552.0,185.0,3115.0,993.0,464.0,38.0,1486.0,2021,887.0,0.4208667736757624,0.05098324836125273,0.4407704654895666,0.6451292246520874,0.23658051689860835,0.8817097415506958,0.11332007952286283,0.6682368775235532,0.3122476446837147,0.02557200538358008,False,False,False,False,False,False,False,False
POA7209,7209,414.0,57.0,903.0,2.0,78.0,31.0,15.0,0.0,122.0,169.0,7.0,185.0,160.0,31.0,376.0,122.0,67.0,0.0,185.0,2021,109.0,0.449468085106383,0.03783783783783784,0.4920212765957447,0.639344262295082,0.2540983606557377,0.8934426229508197,0.12295081967213115,0.6594594594594595,0.3621621621621622,0.0,False,False,False,False,False,False,False,False
POA7210,7210,1076.0,51.0,852.0,2.1,142.0,82.0,54.0,5.0,286.0,417.0,19.0,434.0,413.0,68.0,919.0,278.0,170.0,18.0,466.0,2021,224.0,0.45375408052230687,0.04377880184331797,0.4722524483133841,0.4965034965034965,0.2867132867132867,0.7832167832167832,0.1888111888111888,0.5965665236051502,0.3648068669527897,0.03862660944206009,False,False,False,False,False,False,False,False
POA7211,7211,261.0,47.0,1192.0,2.3,36.0,26.0,5.0,4.0,72.0,114.0,3.0,119.0,71.0,26.0,221.0,71.0,26.0,0.0,99.0,2021,62.0,0.5158371040723982,0.025210084033613446,0.5384615384615384,0.5,0.3611111111111111,0.8611111111111112,0.06944444444444445,0.7171717171717171,0.26262626262626265,0.0,False,False,False,False,False,False,False,False
POA7212,7212,1778.0,50.0,1320.0,2.3,271.0,192.0,68.0,4.0,536.0,819.0,38.0,860.0,567.0,93.0,1517.0,526.0,190.0,9.0,726.0,2021,463.0,0.5398813447593935,0.044186046511627906,0.5669083717864206,0.5055970149253731,0.3582089552238806,0.8638059701492538,0.12686567164179105,0.7245179063360881,0.26170798898071623,0.012396694214876033,False,False,False,False,False,False,False,False
POA7213,7213,298.0,49.0,836.0,2.1,36.0,19.0,14.0,6.0,79.0,104.0,7.0,109.0,108.0,38.0,257.0,75.0,47.0,0.0,123.0,2021,55.0,0.4046692607003891,0.06422018348623854,0.42412451361867703,0.45569620253164556,0.24050632911392406,0.6962025316455697,0.17721518987341772,0.6097560975609756,0.3821138211382114,0.0,False,False,False,False,False,False,False,False
POA7214,7214,630.0,53.0,775.0,2.1,81.0,56.0,31.0,7.0,168.0,181.0,29.0,206.0,300.0,44.0,552.0,173.0,100.0,0.0,275.0,2021,137.0,0.3278985507246377,0.1407766990291262,0.37318840579710144,0.48214285714285715,0.3333333333333333,0.8154761904761905,0.18452380952380953,0.6290909090909091,0.36363636363636365,0.0,False,False,False,False,False,False,False,False
POA7215,7215,4066.0,52.0,931.0,2.1,666.0,300.0,126.0,8.0,1101.0,1629.0,99.0,1723.0,1515.0,312.0,3553.0,1089.0,561.0,43.0,1695.0,2021,966.0,0.4584857866591613,0.057457922228670924,0.4849423022797636,0.6049046321525886,0.2724795640326976,0.8773841961852861,0.11444141689373297,0.6424778761061947,0.3309734513274336,0.02536873156342183,False,False,False,False,False,False,False,False
POA7216,7216,3563.0,57.0,847.0,2.0,592.0,250.0,139.0,11.0,987.0,1238.0,83.0,1323.0,1585.0,213.0,3123.0,975.0,581.0,23.0,1589.0,2021,842.0,0.3964137047710535,0.06273620559334846,0.42363112391930835,0.5997973657548126,0.25329280648429586,0.8530901722391084,0.1408308004052685,0.6135934550031467,0.3656387665198238,0.0144745122718691,False,False,False,False,False,False,False,False
POA7248,7248,17177.0,33.0,1121.0,2.4,1494.0,1446.0,1040.0,109.0,4097.0,7250.0,789.0,8040.0,5154.0,1039.0,14235.0,3971.0,2037.0,421.0,6427.0,2021,2940.0,0.5093080435546189,0.09813432835820896,0.5648050579557429,0.36465706614596044,0.35294117647058826,0.7175982426165487,0.2538442762997315,0.6178621440796639,0.31694414190135367,0.06550490119807063,False,False,False,False,False,False,False,False
POA7249,7249,14056.0,38.0,1349.0,2.3,1553.0,1366.0,697.0,72.0,3683.0,6844.0,383.0,7225.0,3933.0,496.0,11648.0,3644.0,1901.0,244.0,5784.0,2021,2919.0,0.5875686813186813,0.05301038062283737,0.6202781593406593,0.42166711919630734,0.370893293510725,0.7925604127070323,0.1892478957371708,0.6300138312586445,0.3286652835408022,0.042185338865836794,False,False,False,False,False,False,False,False
POA7250,7250,51133.0,41.0,1400.0,2.3,5869.0,5219.0,2526.0,183.0,13808.0,24449.0,1388.0,25836.0,15010.0,1709.0,42561.0,13586.0,6351.0,671.0,20611.0,2021,11088.0,0.5744460891426423,0.05372348660783403,0.6070346091492211,0.42504345307068364,0.37796929316338357,0.8030127462340672,0.18293742757821552,0.6591625830867013,0.3081364320023289,0.03255543156566882,False,False,False,False,False,False,False,False
POA7252,7252,2993.0,49.0,1619.0,2.5,475.0,334.0,84.0,6.0,903.0,1435.0,59.0,1492.0,885.0,146.0,2526.0,885.0,227.0,16.0,1124.0,2021,809.0,0.568091844813935,0.039544235924932974,0.5906571654790183,0.5260243632336655,0.3698781838316722,0.8959025470653378,0.09302325581395349,0.7873665480427047,0.20195729537366547,0.014234875444839857,False,False,False,False,False,False,False,False
POA7253,7253,5160.0,47.0,911.0,2.2,675.0,398.0,309.0,12.0,1399.0,1635.0,232.0,1865.0,2177.0,261.0,4300.0,1361.0,751.0,53.0,2168.0,2021,1073.0,0.3802325581395349,0.12439678284182305,0.43372093023255814,0.48248749106504646,0.28448892065761255,0.7669764117226591,0.22087205146533237,0.6277675276752768,0.3464022140221402,0.024446494464944648,False,False,False,False,False,False,False,False
POA7254,7254,562.0,47.0,1283.0,2.4,80.0,49.0,25.0,0.0,155.0,242.0,7.0,253.0,161.0,44.0,460.0,150.0,54.0,0.0,207.0,2021,129.0,0.5260869565217391,0.02766798418972332,0.55,0.5161290322580645,0.3161290322580645,0.832258064516129,0.16129032258064516,0.7246376811594203,0.2608695652173913,0.0,False,False,False,False,False,False,False,False
POA7255,7255,856.0,57.0,1095.0,2.0,146.0,60.0,20.0,3.0,233.0,425.0,11.0,436.0,261.0,47.0,746.0,230.0,151.0,11.0,388.0,2021,206.0,0.5697050938337802,0.02522935779816514,0.5844504021447721,0.6266094420600858,0.2575107296137339,0.8841201716738197,0.08583690987124463,0.5927835051546392,0.38917525773195877,0.028350515463917526,False,False,False,False,False,False,False,False
POA7256,7256,1617.0,45.0,1330.0,2.1,214.0,137.0,47.0,3.0,401.0,838.0,18.0,856.0,353.0,131.0,1341.0,405.0,234.0,21.0,652.0,2021,351.0,0.6249067859806114,0.02102803738317757,0.6383296047725578,0.5336658354114713,0.341645885286783,0.8753117206982544,0.1172069825436409,0.6211656441717791,0.3588957055214724,0.032208588957055216,False,False,False,False,False,False,False,False
POA7257,7257,64.0,51.0,725.0,2.0,7.0,3.0,7.0,0.0,18.0,21.0,3.0,27.0,23.0,8.0,50.0,15.0,14.0,0.0,26.0,2021,10.0,0.42,0.1111111111111111,0.54,0.3888888888888889,0.16666666666666666,0.5555555555555556,0.3888888888888889,0.5769230769230769,0.5384615384615384,0.0,False,True,True,True,False,False,False,False
POA7258,7258,962.0,48.0,2358.0,2.7,138.0,132.0,25.0,0.0,298.0,520.0,10.0,531.0,232.0,21.0,786.0,294.0,49.0,4.0,347.0,2021,270.0,0.6615776081424937,0.018832391713747645,0.6755725190839694,0.46308724832214765,0.4429530201342282,0.9060402684563759,0.08389261744966443,0.8472622478386167,0.14121037463976946,0.011527377521613832,False,False,False,False,False,False,False,False
POA7259,7259,505.0,46.0,1433.0,2.5,66.0,60.0,15.0,0.0,144.0,244.0,10.0,262.0,148.0,27.0,430.0,143.0,42.0,6.0,192.0,2021,126.0,0.5674418604651162,0.03816793893129771,0.6093023255813953,0.4583333333333333,0.4166666666666667,0.875,0.10416666666666667,0.7447916666666666,0.21875,0.03125,False,False,False,False,False,False,False,False
POA7260,7260,3334.0,47.0,1041.0,2.3,469.0,310.0,137.0,12.0,928.0,1443.0,62.0,1506.0,1089.0,195.0,2785.0,920.0,401.0,26.0,1346.0,2021,779.0,0.518132854578097,0.041168658698539175,0.540754039497307,0.5053879310344828,0.33405172413793105,0.8394396551724138,0.1476293103448276,0.6835066864784547,0.29791976225854383,0.019316493313521546,False,False,False,False,False,False,False,False
POA7261,7261,244.0,53.0,846.0,2.2,32.0,21.0,10.0,0.0,66.0,86.0,15.0,96.0,91.0,20.0,205.0,63.0,33.0,6.0,100.0,2021,53.0,0.4195121951219512,0.15625,0.4682926829268293,0.48484848484848486,0.3181818181818182,0.803030303030303,0.15151515151515152,0.63,0.33,0.06,False,False,False,False,False,False,False,False
POA7262,7262,1891.0,51.0,1224.0,2.2,270.0,150.0,59.0,5.0,488.0,845.0,26.0,865.0,574.0,144.0,1581.0,481.0,267.0,21.0,765.0,2021,420.0,0.534471853257432,0.03005780346820809,0.5471220746363061,0.5532786885245902,0.3073770491803279,0.860655737704918,0.12090163934426229,0.6287581699346405,0.34901960784313724,0.027450980392156862,False,False,False,False,False,False,False,False
POA7263,7263,632.0,47.0,1006.0,2.3,87.0,61.0,19.0,0.0,168.0,237.0,26.0,264.0,219.0,40.0,519.0,165.0,74.0,11.0,253.0,2021,148.0,0.45664739884393063,0.09848484848484848,0.5086705202312138,0.5178571428571429,0.3630952380952381,0.8809523809523809,0.1130952380952381,0.6521739130434783,0.2924901185770751,0.043478260869565216,False,False,False,False,False,False,False,False
POA7264,7264,574.0,54.0,778.0,2.1,84.0,37.0,17.0,0.0,139.0,193.0,26.0,222.0,244.0,43.0,507.0,141.0,89.0,12.0,237.0,2021,121.0,0.3806706114398422,0.11711711711711711,0.4378698224852071,0.60431654676259,0.26618705035971224,0.8705035971223022,0.1223021582733813,0.5949367088607594,0.3755274261603376,0.05063291139240506,False,False,False,False,False,False,False,False
POA7265,7265,233.0,48.0,927.0,2.1,38.0,11.0,13.0,0.0,65.0,88.0,4.0,95.0,79.0,17.0,185.0,62.0,24.0,6.0,95.0,2021,49.0,0.4756756756756757,0.042105263157894736,0.5135135135135135,0.5846153846153846,0.16923076923076924,0.7538461538461538,0.2,0.6526315789473685,0.25263157894736843,0.06315789473684211,False,False,False,False,False,False,False,False
POA7267,7267,805.0,46.0,1687.0,2.6,122.0,94.0,27.0,0.0,242.0,404.0,17.0,422.0,214.0,40.0,681.0,231.0,43.0,6.0,281.0,2021,216.0,0.593245227606461,0.04028436018957346,0.6196769456681351,0.5041322314049587,0.3884297520661157,0.8925619834710744,0.1115702479338843,0.8220640569395018,0.15302491103202848,0.021352313167259787,False,False,False,False,False,False,False,False
POA7268,7268,1133.0,46.0,1410.0,2.5,139.0,125.0,40.0,0.0,306.0,511.0,24.0,540.0,327.0,77.0,938.0,300.0,96.0,11.0,407.0,2021,264.0,0.5447761194029851,0.044444444444444446,0.5756929637526652,0.4542483660130719,0.4084967320261438,0.8627450980392157,0.13071895424836602,0.7371007371007371,0.23587223587223588,0.02702702702702703,False,False,False,False,False,False,False,False
POA7270,7270,4370.0,55.0,960.0,2.2,709.0,340.0,205.0,13.0,1264.0,1581.0,125.0,1701.0,1809.0,278.0,3790.0,1255.0,567.0,44.0,1866.0,2021,1049.0,0.4171503957783641,0.07348618459729571,0.4488126649076517,0.5609177215189873,0.2689873417721519,0.8299050632911392,0.16218354430379747,0.672561629153269,0.30385852090032156,0.023579849946409433,False,False,False,False,False,False,False,False
POA7275,7275,3366.0,50.0,1304.0,2.4,539.0,339.0,119.0,12.0,1004.0,1452.0,84.0,1537.0,1135.0,167.0,2840.0,968.0,313.0,22.0,1310.0,2021,878.0,0.5112676056338028,0.05465191932335719,0.5411971830985915,0.5368525896414342,0.3376494023904382,0.8745019920318725,0.11852589641434264,0.7389312977099237,0.23893129770992366,0.016793893129770993,False,False,False,False,False,False,False,False
POA7276,7276,641.0,46.0,1380.0,2.3,78.0,68.0,15.0,0.0,169.0,322.0,10.0,335.0,176.0,47.0,552.0,161.0,75.0,6.0,248.0,2021,146.0,0.5833333333333334,0.029850746268656716,0.6068840579710145,0.46153846153846156,0.40236686390532544,0.863905325443787,0.08875739644970414,0.6491935483870968,0.3024193548387097,0.024193548387096774,False,False,False,False,False,False,False,False
POA7277,7277,6524.0,44.0,1649.0,2.6,862.0,808.0,210.0,16.0,1895.0,3096.0,116.0,3213.0,1901.0,229.0,5346.0,1850.0,493.0,48.0,2397.0,2021,1670.0,0.5791245791245792,0.03610333022097728,0.601010101010101,0.45488126649076516,0.42638522427440634,0.8812664907651715,0.11081794195250659,0.7717980809345014,0.20567375886524822,0.02002503128911139,False,False,False,False,False,False,False,False
POA7290,7290,2429.0,39.0,1483.0,2.5,281.0,303.0,108.0,6.0,696.0,1238.0,59.0,1297.0,568.0,74.0,1927.0,689.0,245.0,16.0,951.0,2021,584.0,0.6424494032174364,0.04548959136468774,0.6730669434353918,0.40373563218390807,0.4353448275862069,0.8390804597701149,0.15517241379310345,0.7245005257623555,0.2576235541535226,0.016824395373291272,False,False,False,False,False,False,False,False
POA7291,7291,721.0,39.0,1701.0,2.6,80.0,104.0,29.0,0.0,214.0,372.0,11.0,382.0,173.0,8.0,573.0,207.0,61.0,0.0,271.0,2021,184.0,0.6492146596858639,0.028795811518324606,0.6666666666666666,0.37383177570093457,0.48598130841121495,0.8598130841121495,0.13551401869158877,0.7638376383763837,0.22509225092250923,0.0,False,False,False,False,False,False,False,False
POA7292,7292,655.0,42.0,1757.0,2.7,90.0,78.0,13.0,4.0,184.0,358.0,15.0,368.0,136.0,36.0,536.0,177.0,49.0,4.0,227.0,2021,168.0,0.667910447761194,0.04076086956521739,0.6865671641791045,0.4891304347826087,0.42391304347826086,0.9130434782608695,0.07065217391304347,0.7797356828193832,0.21585903083700442,0.01762114537444934,False,False,False,False,False,False,False,False
POA7300,7300,3933.0,41.0,1504.0,2.5,527.0,464.0,166.0,9.0,1161.0,1969.0,70.0,2042.0,1072.0,93.0,3204.0,1133.0,381.0,17.0,1534.0,2021,991.0,0.6145443196004994,0.034280117531831536,0.6373283395755306,0.45391903531438416,0.3996554694229113,0.8535745047372955,0.1429801894918174,0.7385919165580183,0.24837027379400262,0.01108213820078227,False,False,False,False,False,False,False,False
POA7301,7301,4717.0,47.0,1229.0,2.3,625.0,447.0,222.0,12.0,1308.0,2067.0,111.0,2177.0,1558.0,211.0,3955.0,1285.0,562.0,53.0,1898.0,2021,1072.0,0.522629582806574,0.05098759761139182,0.5504424778761062,0.47782874617737003,0.34174311926605505,0.8195718654434251,0.16972477064220184,0.6770284510010537,0.29610115911485774,0.02792413066385669,False,False,False,False,False,False,False,False
POA7302,7302,1753.0,40.0,1247.0,2.5,222.0,184.0,63.0,0.0,477.0,883.0,21.0,900.0,423.0,87.0,1419.0,466.0,181.0,21.0,661.0,2021,406.0,0.6222692036645525,0.023333333333333334,0.6342494714587738,0.46540880503144655,0.3857442348008386,0.8511530398322851,0.1320754716981132,0.7049924357034796,0.27382753403933435,0.03177004538577912,False,False,False,False,False,False,False,False
POA7303,7303,3031.0,47.0,1148.0,2.3,462.0,286.0,110.0,9.0,874.0,1361.0,68.0,1430.0,994.0,122.0,2543.0,859.0,312.0,31.0,1199.0,2021,748.0,0.5351946519858435,0.04755244755244755,0.5623279591034211,0.528604118993135,0.32723112128146453,0.8558352402745996,0.12585812356979406,0.7164303586321935,0.2602168473728107,0.02585487906588824,False,False,False,False,False,False,False,False
POA7304,7304,6265.0,49.0,1074.0,2.3,863.0,583.0,233.0,14.0,1700.0,2588.0,153.0,2741.0,2250.0,305.0,5299.0,1658.0,760.0,64.0,2486.0,2021,1446.0,0.48839403661068126,0.05581904414447282,0.5172674089450839,0.5076470588235295,0.34294117647058825,0.8505882352941176,0.13705882352941176,0.666934835076428,0.3057119871279163,0.02574416733708769,False,False,False,False,False,False,False,False
POA7305,7305,1265.0,45.0,1111.0,2.5,166.0,121.0,62.0,4.0,351.0,480.0,34.0,515.0,427.0,95.0,1036.0,344.0,119.0,23.0,478.0,2021,287.0,0.46332046332046334,0.06601941747572816,0.4971042471042471,0.47293447293447294,0.34472934472934474,0.8176638176638177,0.17663817663817663,0.7196652719665272,0.2489539748953975,0.04811715481171548,False,False,False,False,False,False,False,False
POA7306,7306,4276.0,50.0,1182.0,2.3,612.0,416.0,123.0,8.0,1163.0,1859.0,97.0,1957.0,1418.0,312.0,3686.0,1147.0,411.0,31.0,1590.0,2021,1028.0,0.5043407487791645,0.049565661727133364,0.5309278350515464,0.5262252794496991,0.3576956147893379,0.883920894239037,0.1057609630266552,0.7213836477987421,0.25849056603773585,0.01949685534591195,False,False,False,False,False,False,False,False
POA7307,7307,11849.0,49.0,1240.0,2.3,1746.0,1135.0,461.0,38.0,3374.0,5178.0,232.0,5406.0,4060.0,548.0,10014.0,3320.0,1291.0,94.0,4709.0,2021,2881.0,0.5170760934691432,0.04291527931927488,0.5398442180946674,0.5174866627148785,0.3363959691760522,0.8538826318909306,0.13663307646710135,0.7050329156933531,0.2741558717349756,0.01996177532384795,False,False,False,False,False,False,False,False
POA7310,7310,28635.0,43.0,1194.0,2.3,3476.0,2676.0,1587.0,115.0,7854.0,12430.0,803.0,13228.0,9386.0,1191.0,23806.0,7723.0,3625.0,360.0,11702.0,2021,6152.0,0.5221372763168949,0.06070456607196855,0.555658237419138,0.4425770308123249,0.3407181054239878,0.7832951362363128,0.20206264323911383,0.6599726542471372,0.3097761066484362,0.030763971970603314,False,False,False,False,False,False,False,False
POA7315,7315,15635.0,48.0,1136.0,2.3,2084.0,1483.0,767.0,54.0,4389.0,6592.0,340.0,6932.0,5564.0,723.0,13218.0,4321.0,1971.0,118.0,6411.0,2021,3567.0,0.4987138750189136,0.04904789382573572,0.5244363746406415,0.47482342219184326,0.33789017999544313,0.8127136021872864,0.1747550694919116,0.6739978162533146,0.30744033692091716,0.018405864919669317,False,False,False,False,False,False,False,False
POA7316,7316,6285.0,46.0,1362.0,2.4,868.0,668.0,237.0,16.0,1795.0,2957.0,130.0,3086.0,1911.0,246.0,5241.0,1771.0,670.0,50.0,2490.0,2021,1536.0,0.5642053043312345,0.04212572909915749,0.5888189276855562,0.48356545961002784,0.3721448467966574,0.8557103064066852,0.132033426183844,0.7112449799196787,0.26907630522088355,0.020080321285140562,False,False,False,False,False,False,False,False
POA7320,7320,17138.0,40.0,1187.0,2.3,1864.0,1634.0,1004.0,73.0,4565.0,7317.0,517.0,7836.0,5444.0,720.0,14006.0,4508.0,2379.0,186.0,7074.0,2021,3498.0,0.5224189633014422,0.06597753956100051,0.5594745109238898,0.40832420591456736,0.3579408543263965,0.7662650602409639,0.21993428258488498,0.6372632174158892,0.3363019508057676,0.026293469041560644,False,False,False,False,False,False,False,False
POA7321,7321,4968.0,46.0,1341.0,2.4,662.0,565.0,144.0,18.0,1389.0,2300.0,85.0,2389.0,1486.0,259.0,4142.0,1365.0,484.0,41.0,1888.0,2021,1227.0,0.5552873008208595,0.03557974047718711,0.5767745050700145,0.476601871850252,0.40676745860331176,0.8833693304535637,0.10367170626349892,0.7229872881355932,0.2563559322033898,0.021716101694915255,False,False,False,False,False,False,False,False
POA7322,7322,4067.0,48.0,1100.0,2.2,548.0,351.0,216.0,10.0,1128.0,1676.0,112.0,1794.0,1411.0,203.0,3413.0,1113.0,561.0,37.0,1709.0,2021,899.0,0.49106358042777615,0.06243032329988852,0.5256372692645767,0.4858156028368794,0.31117021276595747,0.7969858156028369,0.19148936170212766,0.6512580456407255,0.32826214160327677,0.021650087770626096,False,False,False,False,False,False,False,False
POA7325,7325,9015.0,47.0,1152.0,2.3,1253.0,856.0,388.0,22.0,2525.0,3682.0,199.0,3873.0,3124.0,437.0,7437.0,2485.0,1121.0,63.0,3663.0,2021,2109.0,0.4950921070324055,0.051381358120320166,0.5207745058491328,0.49623762376237623,0.33900990099009903,0.8352475247524752,0.15366336633663366,0.6784056784056784,0.30603330603330603,0.0171990171990172,False,False,False,False,False,False,False,False
POA7330,7330,6731.0,40.0,1292.0,2.4,792.0,654.0,259.0,23.0,1728.0,2990.0,154.0,3142.0,1785.0,490.0,5416.0,1700.0,695.0,77.0,2470.0,2021,1446.0,0.5520679468242246,0.049013367281986,0.5801329394387001,0.4583333333333333,0.3784722222222222,0.8368055555555556,0.14988425925925927,0.6882591093117408,0.2813765182186235,0.031174089068825912,False,False,False,False,False,False,False,False
POA7331,7331,595.0,51.0,1351.0,2.1,93.0,52.0,16.0,3.0,164.0,300.0,9.0,305.0,168.0,36.0,507.0,165.0,85.0,4.0,254.0,2021,145.0,0.591715976331361,0.029508196721311476,0.6015779092702169,0.5670731707317073,0.3170731707317073,0.8841463414634146,0.0975609756097561,0.6496062992125984,0.3346456692913386,0.015748031496062992,False,False,False,False,False,False,False,False
POA7466,7466,32.0,59.0,875.0,2.2,5.0,6.0,0.0,0.0,9.0,8.0,0.0,8.0,24.0,0.0,25.0,8.0,3.0,4.0,16.0,2021,11.0,0.32,0.0,0.32,0.5555555555555556,0.6666666666666666,,0.0,0.5,0.1875,0.25,False,True,True,True,False,False,True,True
POA7467,7467,1808.0,47.0,851.0,2.0,224.0,137.0,92.0,3.0,453.0,649.0,78.0,731.0,664.0,123.0,1512.0,444.0,351.0,20.0,816.0,2021,361.0,0.42923280423280424,0.106703146374829,0.4834656084656085,0.49448123620309054,0.30242825607064017,0.7969094922737306,0.20309050772626933,0.5441176470588235,0.43014705882352944,0.024509803921568627,False,False,False,False,False,False,False,False
POA7468,7468,697.0,40.0,1347.0,2.0,95.0,58.0,18.0,0.0,169.0,356.0,16.0,374.0,154.0,58.0,583.0,168.0,113.0,9.0,290.0,2021,153.0,0.6106346483704974,0.0427807486631016,0.6415094339622641,0.5621301775147929,0.3431952662721893,0.9053254437869822,0.10650887573964497,0.5793103448275863,0.3896551724137931,0.03103448275862069,False,False,False,False,False,False,False,False
POA7469,7469,772.0,50.0,949.0,2.0,97.0,59.0,35.0,3.0,191.0,269.0,31.0,299.0,291.0,70.0,654.0,194.0,143.0,8.0,342.0,2021,156.0,0.41131498470948014,0.10367892976588629,0.45718654434250766,0.5078534031413613,0.3089005235602094,0.8167539267015707,0.18324607329842932,0.5672514619883041,0.41812865497076024,0.023391812865497075,False,False,False,False,False,False,False,False
POA7470,7470,752.0,48.0,962.0,1.9,90.0,46.0,29.0,4.0,166.0,234.0,41.0,280.0,273.0,94.0,651.0,170.0,149.0,15.0,324.0,2021,136.0,0.35944700460829493,0.14642857142857144,0.43010752688172044,0.5421686746987951,0.27710843373493976,0.8192771084337349,0.1746987951807229,0.5246913580246914,0.45987654320987653,0.046296296296296294,False,False,False,False,False,False,False,False
