user_id,scoring_date,predicted_consumer_fraud_probability,selected_model
1,2022-02-28,0.081712954,XGBoost
10,2022-02-28,0.25551492,XGBoost
100,2022-02-28,0.078360274,XGBoost
1000,2022-02-28,0.24265318,XGBoost
10000,2022-02-28,0.08003633,XGBoost
10001,2022-02-28,0.22963329,XGBoost
10002,2022-02-28,0.081061706,XGBoost
10003,2022-02-28,0.07336795,XGBoost
10004,2022-02-28,0.22147079,XGBoost
10005,2022-02-28,0.08801247,XGBoost
10006,2022-02-28,0.06681415,XGBoost
10007,2022-02-28,0.077513166,XGBoost
10008,2022-02-28,0.22011748,XGBoost
10009,2022-02-28,0.08929773,XGBoost
1001,2022-02-28,0.085400134,XGBoost
10010,2022-02-28,0.21946216,XGBoost
10011,2022-02-28,0.24097095,XGBoost
10012,2022-02-28,0.082847424,XGBoost
10013,2022-02-28,0.23348166,XGBoost
10014,2022-02-28,0.20340838,XGBoost
10015,2022-02-28,0.08457811,XGBoost
10016,2022-02-28,0.22113147,XGBoost
10017,2022-02-28,0.07799127,XGBoost
10018,2022-02-28,0.08629967,XGBoost
10019,2022-02-28,0.23797058,XGBoost
1002,2022-02-28,0.109021366,XGBoost
10020,2022-02-28,0.23098694,XGBoost
10021,2022-02-28,0.0825579,XGBoost
10022,2022-02-28,0.23834021,XGBoost
10023,2022-02-28,0.07140042,XGBoost
10024,2022-02-28,0.2417508,XGBoost
10025,2022-02-28,0.077352144,XGBoost
10026,2022-02-28,0.24256776,XGBoost
10027,2022-02-28,0.23492311,XGBoost
10028,2022-02-28,0.22316566,XGBoost
10029,2022-02-28,0.08612961,XGBoost
1003,2022-02-28,0.2413539,XGBoost
10030,2022-02-28,0.24004187,XGBoost
10031,2022-02-28,0.08108434,XGBoost
10032,2022-02-28,0.08500716,XGBoost
10033,2022-02-28,0.076742135,XGBoost
10034,2022-02-28,0.07773698,XGBoost
10035,2022-02-28,0.08718086,XGBoost
10036,2022-02-28,0.08527747,XGBoost
10037,2022-02-28,0.24767952,XGBoost
10038,2022-02-28,0.08659873,XGBoost
10039,2022-02-28,0.08202778,XGBoost
1004,2022-02-28,0.07019528,XGBoost
10040,2022-02-28,0.24750292,XGBoost
10041,2022-02-28,0.25418615,XGBoost
10042,2022-02-28,0.09592992,XGBoost
10043,2022-02-28,0.0786027,XGBoost
10044,2022-02-28,0.1960783,XGBoost
10045,2022-02-28,0.2563066,XGBoost
10046,2022-02-28,0.08908472,XGBoost
10047,2022-02-28,0.2366366,XGBoost
10048,2022-02-28,0.08545597,XGBoost
10049,2022-02-28,0.2242752,XGBoost
1005,2022-02-28,0.07915438,XGBoost
10050,2022-02-28,0.08125537,XGBoost
10051,2022-02-28,0.24640588,XGBoost
10052,2022-02-28,0.23402,XGBoost
10053,2022-02-28,0.24102794,XGBoost
10054,2022-02-28,0.07879124,XGBoost
10055,2022-02-28,0.22839811,XGBoost
10056,2022-02-28,0.07136787,XGBoost
10057,2022-02-28,0.2332944,XGBoost
10058,2022-02-28,0.23855914,XGBoost
10059,2022-02-28,0.22857015,XGBoost
1006,2022-02-28,0.084542476,XGBoost
10060,2022-02-28,0.24909109,XGBoost
10061,2022-02-28,0.24309005,XGBoost
10062,2022-02-28,0.08917809,XGBoost
10063,2022-02-28,0.21476208,XGBoost
10064,2022-02-28,0.07320619,XGBoost
10065,2022-02-28,0.08451408,XGBoost
10066,2022-02-28,0.079528525,XGBoost
10067,2022-02-28,0.08462941,XGBoost
10068,2022-02-28,0.22758788,XGBoost
10069,2022-02-28,0.0909112,XGBoost
1007,2022-02-28,0.07094154,XGBoost
10070,2022-02-28,0.07657035,XGBoost
10071,2022-02-28,0.086252555,XGBoost
10072,2022-02-28,0.25397024,XGBoost
10073,2022-02-28,0.07994929,XGBoost
10074,2022-02-28,0.083834566,XGBoost
10075,2022-02-28,0.08363781,XGBoost
10076,2022-02-28,0.07071948,XGBoost
10077,2022-02-28,0.21246973,XGBoost
10078,2022-02-28,0.08479963,XGBoost
10079,2022-02-28,0.08359876,XGBoost
1008,2022-02-28,0.079243936,XGBoost
10080,2022-02-28,0.08255824,XGBoost
10081,2022-02-28,0.076488234,XGBoost
10082,2022-02-28,0.22700389,XGBoost
10083,2022-02-28,0.21084198,XGBoost
10084,2022-02-28,0.24269839,XGBoost
10085,2022-02-28,0.21779531,XGBoost
10086,2022-02-28,0.2390369,XGBoost
10087,2022-02-28,0.08463244,XGBoost
10088,2022-02-28,0.083960816,XGBoost
10089,2022-02-28,0.08406629,XGBoost
1009,2022-02-28,0.23319025,XGBoost
10090,2022-02-28,0.08297893,XGBoost
10091,2022-02-28,0.08191989,XGBoost
10092,2022-02-28,0.08512895,XGBoost
10093,2022-02-28,0.086823866,XGBoost
10094,2022-02-28,0.083825804,XGBoost
10095,2022-02-28,0.08270691,XGBoost
10096,2022-02-28,0.25139645,XGBoost
10097,2022-02-28,0.0716071,XGBoost
10098,2022-02-28,0.08614698,XGBoost
10099,2022-02-28,0.22788373,XGBoost
101,2022-02-28,0.08097587,XGBoost
1010,2022-02-28,0.07744483,XGBoost
10100,2022-02-28,0.07027373,XGBoost
10101,2022-02-28,0.23598999,XGBoost
10102,2022-02-28,0.070993274,XGBoost
10103,2022-02-28,0.06774958,XGBoost
10104,2022-02-28,0.08170382,XGBoost
10105,2022-02-28,0.08699487,XGBoost
10106,2022-02-28,0.080429606,XGBoost
10107,2022-02-28,0.08127704,XGBoost
10108,2022-02-28,0.235959,XGBoost
10109,2022-02-28,0.2456801,XGBoost
1011,2022-02-28,0.08549737,XGBoost
10110,2022-02-28,0.08770051,XGBoost
10111,2022-02-28,0.2572269,XGBoost
10112,2022-02-28,0.084860094,XGBoost
10113,2022-02-28,0.08202078,XGBoost
10114,2022-02-28,0.085125476,XGBoost
10115,2022-02-28,0.083801694,XGBoost
10116,2022-02-28,0.06935887,XGBoost
10117,2022-02-28,0.08186237,XGBoost
10118,2022-02-28,0.08125692,XGBoost
10119,2022-02-28,0.07704787,XGBoost
1012,2022-02-28,0.07215253,XGBoost
10120,2022-02-28,0.23420021,XGBoost
10121,2022-02-28,0.071988925,XGBoost
10122,2022-02-28,0.24052604,XGBoost
10123,2022-02-28,0.08679779,XGBoost
10124,2022-02-28,0.25698826,XGBoost
10125,2022-02-28,0.07833922,XGBoost
10126,2022-02-28,0.08173426,XGBoost
10127,2022-02-28,0.078467526,XGBoost
10128,2022-02-28,0.08515206,XGBoost
10129,2022-02-28,0.074888624,XGBoost
1013,2022-02-28,0.08226555,XGBoost
10130,2022-02-28,0.08465182,XGBoost
10131,2022-02-28,0.07775542,XGBoost
10132,2022-02-28,0.08534171,XGBoost
10133,2022-02-28,0.08373763,XGBoost
10134,2022-02-28,0.08301105,XGBoost
10135,2022-02-28,0.23805702,XGBoost
10136,2022-02-28,0.21895587,XGBoost
10137,2022-02-28,0.23380698,XGBoost
10138,2022-02-28,0.081871584,XGBoost
10139,2022-02-28,0.081959605,XGBoost
1014,2022-02-28,0.22696921,XGBoost
10140,2022-02-28,0.086352035,XGBoost
10141,2022-02-28,0.20869486,XGBoost
10142,2022-02-28,0.22120689,XGBoost
10143,2022-02-28,0.081320204,XGBoost
10144,2022-02-28,0.081315584,XGBoost
10145,2022-02-28,0.08829358,XGBoost
10146,2022-02-28,0.21431607,XGBoost
10147,2022-02-28,0.08112108,XGBoost
10148,2022-02-28,0.0795904,XGBoost
10149,2022-02-28,0.086972415,XGBoost
1015,2022-02-28,0.22019868,XGBoost
10150,2022-02-28,0.08142677,XGBoost
10151,2022-02-28,0.083085306,XGBoost
10152,2022-02-28,0.24289657,XGBoost
10153,2022-02-28,0.082144774,XGBoost
10154,2022-02-28,0.077377036,XGBoost
10155,2022-02-28,0.20660508,XGBoost
10156,2022-02-28,0.085425586,XGBoost
10157,2022-02-28,0.08043654,XGBoost
10158,2022-02-28,0.22385108,XGBoost
10159,2022-02-28,0.08573218,XGBoost
1016,2022-02-28,0.22923775,XGBoost
10160,2022-02-28,0.25873148,XGBoost
10161,2022-02-28,0.22240023,XGBoost
10162,2022-02-28,0.07156138,XGBoost
10163,2022-02-28,0.22248414,XGBoost
10164,2022-02-28,0.21960372,XGBoost
10165,2022-02-28,0.08324308,XGBoost
10166,2022-02-28,0.20773128,XGBoost
10167,2022-02-28,0.08463927,XGBoost
10168,2022-02-28,0.22943528,XGBoost
10169,2022-02-28,0.07546114,XGBoost
1017,2022-02-28,0.23410194,XGBoost
10170,2022-02-28,0.23367552,XGBoost
10171,2022-02-28,0.08057926,XGBoost
10172,2022-02-28,0.08656314,XGBoost
10173,2022-02-28,0.23099916,XGBoost
10174,2022-02-28,0.21486641,XGBoost
10175,2022-02-28,0.21547139,XGBoost
10176,2022-02-28,0.07321411,XGBoost
10177,2022-02-28,0.085118696,XGBoost
10178,2022-02-28,0.2380999,XGBoost
10179,2022-02-28,0.08255388,XGBoost
1018,2022-02-28,0.25179616,XGBoost
10180,2022-02-28,0.21078329,XGBoost
10181,2022-02-28,0.074706145,XGBoost
10182,2022-02-28,0.078073904,XGBoost
10183,2022-02-28,0.077746674,XGBoost
10184,2022-02-28,0.22179763,XGBoost
10185,2022-02-28,0.08478498,XGBoost
10186,2022-02-28,0.08635475,XGBoost
10187,2022-02-28,0.08246437,XGBoost
10188,2022-02-28,0.21670935,XGBoost
10189,2022-02-28,0.25167674,XGBoost
1019,2022-02-28,0.2266631,XGBoost
10190,2022-02-28,0.23214032,XGBoost
10191,2022-02-28,0.24404831,XGBoost
10192,2022-02-28,0.08246349,XGBoost
10193,2022-02-28,0.081607774,XGBoost
10194,2022-02-28,0.07910452,XGBoost
10195,2022-02-28,0.084257014,XGBoost
10196,2022-02-28,0.21491432,XGBoost
10197,2022-02-28,0.24320336,XGBoost
10198,2022-02-28,0.08276636,XGBoost
10199,2022-02-28,0.08150146,XGBoost
102,2022-02-28,0.0786647,XGBoost
1020,2022-02-28,0.06633063,XGBoost
10200,2022-02-28,0.06726554,XGBoost
10201,2022-02-28,0.08053671,XGBoost
10202,2022-02-28,0.21763913,XGBoost
10203,2022-02-28,0.24790001,XGBoost
10204,2022-02-28,0.22095585,XGBoost
10205,2022-02-28,0.08183163,XGBoost
10206,2022-02-28,0.08176504,XGBoost
10207,2022-02-28,0.08240565,XGBoost
10208,2022-02-28,0.07653183,XGBoost
10209,2022-02-28,0.24014428,XGBoost
1021,2022-02-28,0.0829851,XGBoost
10210,2022-02-28,0.2355397,XGBoost
10211,2022-02-28,0.076805525,XGBoost
10212,2022-02-28,0.20848316,XGBoost
10213,2022-02-28,0.08122871,XGBoost
10214,2022-02-28,0.079140395,XGBoost
10215,2022-02-28,0.22143367,XGBoost
10216,2022-02-28,0.2321572,XGBoost
10217,2022-02-28,0.08407848,XGBoost
10218,2022-02-28,0.2096954,XGBoost
10219,2022-02-28,0.25898635,XGBoost
1022,2022-02-28,0.087079175,XGBoost
10220,2022-02-28,0.2117349,XGBoost
10221,2022-02-28,0.071049385,XGBoost
10222,2022-02-28,0.21660045,XGBoost
10223,2022-02-28,0.2574403,XGBoost
10224,2022-02-28,0.07826084,XGBoost
10225,2022-02-28,0.083160914,XGBoost
10226,2022-02-28,0.089636,XGBoost
10227,2022-02-28,0.08590179,XGBoost
10228,2022-02-28,0.070295334,XGBoost
10229,2022-02-28,0.08379843,XGBoost
1023,2022-02-28,0.22682309,XGBoost
10230,2022-02-28,0.23082949,XGBoost
10231,2022-02-28,0.2243296,XGBoost
10232,2022-02-28,0.08536598,XGBoost
10233,2022-02-28,0.08532579,XGBoost
10234,2022-02-28,0.22026661,XGBoost
10235,2022-02-28,0.2287138,XGBoost
10236,2022-02-28,0.083195575,XGBoost
10237,2022-02-28,0.078896284,XGBoost
10238,2022-02-28,0.08520997,XGBoost
10239,2022-02-28,0.08127307,XGBoost
1024,2022-02-28,0.0759966,XGBoost
10240,2022-02-28,0.082086734,XGBoost
10241,2022-02-28,0.085225195,XGBoost
10242,2022-02-28,0.072683394,XGBoost
10243,2022-02-28,0.24657969,XGBoost
10244,2022-02-28,0.19862807,XGBoost
10245,2022-02-28,0.23556502,XGBoost
10246,2022-02-28,0.08005872,XGBoost
10247,2022-02-28,0.070867285,XGBoost
10248,2022-02-28,0.21180141,XGBoost
10249,2022-02-28,0.22054781,XGBoost
1025,2022-02-28,0.07039302,XGBoost
10250,2022-02-28,0.07182372,XGBoost
10251,2022-02-28,0.2302777,XGBoost
10252,2022-02-28,0.08598984,XGBoost
10253,2022-02-28,0.084094346,XGBoost
10254,2022-02-28,0.08103969,XGBoost
10255,2022-02-28,0.22319166,XGBoost
10256,2022-02-28,0.19647352,XGBoost
10257,2022-02-28,0.08416088,XGBoost
10258,2022-02-28,0.073477425,XGBoost
10259,2022-02-28,0.0872526,XGBoost
1026,2022-02-28,0.23307067,XGBoost
10260,2022-02-28,0.08588741,XGBoost
10261,2022-02-28,0.07040319,XGBoost
10262,2022-02-28,0.07858402,XGBoost
10263,2022-02-28,0.06476259,XGBoost
10264,2022-02-28,0.2531465,XGBoost
10265,2022-02-28,0.07282429,XGBoost
10266,2022-02-28,0.2289891,XGBoost
10267,2022-02-28,0.2386122,XGBoost
10268,2022-02-28,0.07771369,XGBoost
10269,2022-02-28,0.2336524,XGBoost
1027,2022-02-28,0.08441766,XGBoost
10270,2022-02-28,0.2273105,XGBoost
10271,2022-02-28,0.08445203,XGBoost
10272,2022-02-28,0.08296582,XGBoost
10273,2022-02-28,0.07233719,XGBoost
10274,2022-02-28,0.2172064,XGBoost
10275,2022-02-28,0.08384225,XGBoost
10276,2022-02-28,0.22036208,XGBoost
10277,2022-02-28,0.08096421,XGBoost
10278,2022-02-28,0.07130162,XGBoost
10279,2022-02-28,0.08966315,XGBoost
1028,2022-02-28,0.07867163,XGBoost
10280,2022-02-28,0.2340277,XGBoost
10281,2022-02-28,0.07913726,XGBoost
10282,2022-02-28,0.08814787,XGBoost
10283,2022-02-28,0.08379241,XGBoost
10284,2022-02-28,0.08656213,XGBoost
10285,2022-02-28,0.2224084,XGBoost
10286,2022-02-28,0.07656788,XGBoost
10287,2022-02-28,0.08036908,XGBoost
10288,2022-02-28,0.22822641,XGBoost
10289,2022-02-28,0.069990605,XGBoost
1029,2022-02-28,0.20892556,XGBoost
10290,2022-02-28,0.08354285,XGBoost
10291,2022-02-28,0.081020944,XGBoost
10292,2022-02-28,0.23271047,XGBoost
10293,2022-02-28,0.07884426,XGBoost
10294,2022-02-28,0.08442779,XGBoost
10295,2022-02-28,0.21198682,XGBoost
10296,2022-02-28,0.22279641,XGBoost
10297,2022-02-28,0.07315653,XGBoost
10298,2022-02-28,0.07824178,XGBoost
10299,2022-02-28,0.09299175,XGBoost
103,2022-02-28,0.08329142,XGBoost
1030,2022-02-28,0.071847275,XGBoost
10300,2022-02-28,0.23525587,XGBoost
10301,2022-02-28,0.076132864,XGBoost
10302,2022-02-28,0.08422706,XGBoost
10303,2022-02-28,0.0862075,XGBoost
10304,2022-02-28,0.24927197,XGBoost
10305,2022-02-28,0.08400058,XGBoost
10306,2022-02-28,0.08231022,XGBoost
10307,2022-02-28,0.09021689,XGBoost
10308,2022-02-28,0.23496938,XGBoost
10309,2022-02-28,0.24971053,XGBoost
1031,2022-02-28,0.23218077,XGBoost
10310,2022-02-28,0.06889401,XGBoost
10311,2022-02-28,0.23422417,XGBoost
10312,2022-02-28,0.2090563,XGBoost
10313,2022-02-28,0.08280478,XGBoost
10314,2022-02-28,0.072737575,XGBoost
10315,2022-02-28,0.21781841,XGBoost
10316,2022-02-28,0.08306197,XGBoost
10317,2022-02-28,0.2336798,XGBoost
10318,2022-02-28,0.081375,XGBoost
10319,2022-02-28,0.08707985,XGBoost
1032,2022-02-28,0.08502476,XGBoost
10320,2022-02-28,0.23777007,XGBoost
10321,2022-02-28,0.08779455,XGBoost
10322,2022-02-28,0.23861355,XGBoost
10323,2022-02-28,0.07699223,XGBoost
10324,2022-02-28,0.24431375,XGBoost
10325,2022-02-28,0.2295526,XGBoost
10326,2022-02-28,0.24320258,XGBoost
10327,2022-02-28,0.08054353,XGBoost
10328,2022-02-28,0.2225529,XGBoost
10329,2022-02-28,0.071849965,XGBoost
1033,2022-02-28,0.08535721,XGBoost
10330,2022-02-28,0.21770887,XGBoost
10331,2022-02-28,0.08865156,XGBoost
10332,2022-02-28,0.08599982,XGBoost
10333,2022-02-28,0.25318214,XGBoost
10334,2022-02-28,0.23345616,XGBoost
10335,2022-02-28,0.08429267,XGBoost
10336,2022-02-28,0.24006389,XGBoost
10337,2022-02-28,0.07805789,XGBoost
10338,2022-02-28,0.08481212,XGBoost
10339,2022-02-28,0.22492164,XGBoost
1034,2022-02-28,0.080271944,XGBoost
10340,2022-02-28,0.1944403,XGBoost
10341,2022-02-28,0.21891846,XGBoost
10342,2022-02-28,0.23866536,XGBoost
10343,2022-02-28,0.24200532,XGBoost
10344,2022-02-28,0.23864669,XGBoost
10345,2022-02-28,0.06858218,XGBoost
10346,2022-02-28,0.2218118,XGBoost
10347,2022-02-28,0.082382455,XGBoost
10348,2022-02-28,0.21883942,XGBoost
10349,2022-02-28,0.0838502,XGBoost
1035,2022-02-28,0.21213673,XGBoost
10350,2022-02-28,0.22913817,XGBoost
10351,2022-02-28,0.23458959,XGBoost
10352,2022-02-28,0.23725796,XGBoost
10353,2022-02-28,0.23658463,XGBoost
10354,2022-02-28,0.22494616,XGBoost
10355,2022-02-28,0.08335297,XGBoost
10356,2022-02-28,0.07999944,XGBoost
10357,2022-02-28,0.07724492,XGBoost
10358,2022-02-28,0.08291853,XGBoost
10359,2022-02-28,0.22699997,XGBoost
1036,2022-02-28,0.23603988,XGBoost
10360,2022-02-28,0.23205052,XGBoost
10361,2022-02-28,0.08672064,XGBoost
10362,2022-02-28,0.0802237,XGBoost
10363,2022-02-28,0.22598311,XGBoost
10364,2022-02-28,0.08216516,XGBoost
10365,2022-02-28,0.23913954,XGBoost
10366,2022-02-28,0.23379168,XGBoost
10367,2022-02-28,0.07832388,XGBoost
10368,2022-02-28,0.21244986,XGBoost
10369,2022-02-28,0.08059679,XGBoost
1037,2022-02-28,0.23419467,XGBoost
10370,2022-02-28,0.22957017,XGBoost
10371,2022-02-28,0.078921095,XGBoost
10372,2022-02-28,0.07003128,XGBoost
10373,2022-02-28,0.07877698,XGBoost
10374,2022-02-28,0.077836476,XGBoost
10375,2022-02-28,0.06682118,XGBoost
10376,2022-02-28,0.23521115,XGBoost
10377,2022-02-28,0.24068537,XGBoost
10378,2022-02-28,0.07811071,XGBoost
10379,2022-02-28,0.08512683,XGBoost
1038,2022-02-28,0.07825007,XGBoost
10380,2022-02-28,0.21713096,XGBoost
10381,2022-02-28,0.085076556,XGBoost
10382,2022-02-28,0.24758372,XGBoost
10383,2022-02-28,0.08272157,XGBoost
10384,2022-02-28,0.07456105,XGBoost
10385,2022-02-28,0.08067013,XGBoost
10386,2022-02-28,0.07933384,XGBoost
10387,2022-02-28,0.22805567,XGBoost
10388,2022-02-28,0.08386416,XGBoost
10389,2022-02-28,0.08158251,XGBoost
1039,2022-02-28,0.081644215,XGBoost
10390,2022-02-28,0.21313456,XGBoost
10391,2022-02-28,0.08741318,XGBoost
10392,2022-02-28,0.07021185,XGBoost
10393,2022-02-28,0.07827306,XGBoost
10394,2022-02-28,0.24194035,XGBoost
10395,2022-02-28,0.0899795,XGBoost
10396,2022-02-28,0.22295408,XGBoost
10397,2022-02-28,0.066320546,XGBoost
10398,2022-02-28,0.08218828,XGBoost
10399,2022-02-28,0.21946846,XGBoost
104,2022-02-28,0.073259614,XGBoost
1040,2022-02-28,0.08504036,XGBoost
10400,2022-02-28,0.08726882,XGBoost
10401,2022-02-28,0.09138172,XGBoost
10402,2022-02-28,0.23102632,XGBoost
10403,2022-02-28,0.082242966,XGBoost
10404,2022-02-28,0.2446143,XGBoost
10405,2022-02-28,0.21816793,XGBoost
10406,2022-02-28,0.082104445,XGBoost
10407,2022-02-28,0.08424217,XGBoost
10408,2022-02-28,0.22586416,XGBoost
10409,2022-02-28,0.23396343,XGBoost
1041,2022-02-28,0.0852662,XGBoost
10410,2022-02-28,0.23947197,XGBoost
10411,2022-02-28,0.08626701,XGBoost
10412,2022-02-28,0.21203533,XGBoost
10413,2022-02-28,0.08087299,XGBoost
10414,2022-02-28,0.08191287,XGBoost
10415,2022-02-28,0.08224989,XGBoost
10416,2022-02-28,0.0847344,XGBoost
10417,2022-02-28,0.07405767,XGBoost
10418,2022-02-28,0.08133962,XGBoost
10419,2022-02-28,0.08463883,XGBoost
1042,2022-02-28,0.08267571,XGBoost
10420,2022-02-28,0.23197861,XGBoost
10421,2022-02-28,0.079282254,XGBoost
10422,2022-02-28,0.20029035,XGBoost
10423,2022-02-28,0.08174696,XGBoost
10424,2022-02-28,0.085685305,XGBoost
10425,2022-02-28,0.07798909,XGBoost
10426,2022-02-28,0.24659416,XGBoost
10427,2022-02-28,0.077948466,XGBoost
10428,2022-02-28,0.1938909,XGBoost
10429,2022-02-28,0.23564515,XGBoost
1043,2022-02-28,0.079639554,XGBoost
10430,2022-02-28,0.076314695,XGBoost
10431,2022-02-28,0.20427816,XGBoost
10432,2022-02-28,0.079754055,XGBoost
10433,2022-02-28,0.23900296,XGBoost
10434,2022-02-28,0.25800556,XGBoost
10435,2022-02-28,0.08509464,XGBoost
10436,2022-02-28,0.22706969,XGBoost
10437,2022-02-28,0.2208023,XGBoost
10438,2022-02-28,0.22721654,XGBoost
10439,2022-02-28,0.21178369,XGBoost
1044,2022-02-28,0.070489846,XGBoost
10440,2022-02-28,0.21248789,XGBoost
10441,2022-02-28,0.21551466,XGBoost
10442,2022-02-28,0.07715887,XGBoost
10443,2022-02-28,0.08084934,XGBoost
10444,2022-02-28,0.07279288,XGBoost
10445,2022-02-28,0.23910974,XGBoost
10446,2022-02-28,0.06924051,XGBoost
10447,2022-02-28,0.19696416,XGBoost
10448,2022-02-28,0.072106615,XGBoost
10449,2022-02-28,0.24462235,XGBoost
1045,2022-02-28,0.07788316,XGBoost
10450,2022-02-28,0.24677797,XGBoost
10451,2022-02-28,0.0870624,XGBoost
10452,2022-02-28,0.071057394,XGBoost
10453,2022-02-28,0.08008554,XGBoost
10454,2022-02-28,0.070457704,XGBoost
10455,2022-02-28,0.22257812,XGBoost
10456,2022-02-28,0.07776237,XGBoost
10457,2022-02-28,0.0671017,XGBoost
10458,2022-02-28,0.10390118,XGBoost
10459,2022-02-28,0.0845781,XGBoost
1046,2022-02-28,0.0878703,XGBoost
10460,2022-02-28,0.24183594,XGBoost
10461,2022-02-28,0.08024244,XGBoost
10462,2022-02-28,0.23327652,XGBoost
10463,2022-02-28,0.21199337,XGBoost
10464,2022-02-28,0.2178252,XGBoost
10465,2022-02-28,0.20848593,XGBoost
10466,2022-02-28,0.2276215,XGBoost
10467,2022-02-28,0.08395032,XGBoost
10468,2022-02-28,0.08547556,XGBoost
10469,2022-02-28,0.07166258,XGBoost
1047,2022-02-28,0.21978185,XGBoost
10470,2022-02-28,0.20890395,XGBoost
10471,2022-02-28,0.08484372,XGBoost
10472,2022-02-28,0.07930323,XGBoost
10473,2022-02-28,0.08431978,XGBoost
10474,2022-02-28,0.20335588,XGBoost
10475,2022-02-28,0.07871994,XGBoost
10476,2022-02-28,0.23649687,XGBoost
10477,2022-02-28,0.07221437,XGBoost
10478,2022-02-28,0.22338296,XGBoost
10479,2022-02-28,0.24982902,XGBoost
1048,2022-02-28,0.21708506,XGBoost
10480,2022-02-28,0.083265215,XGBoost
10481,2022-02-28,0.085065596,XGBoost
10482,2022-02-28,0.08294487,XGBoost
10483,2022-02-28,0.085066624,XGBoost
10484,2022-02-28,0.22607046,XGBoost
10485,2022-02-28,0.07542232,XGBoost
10486,2022-02-28,0.2353158,XGBoost
10487,2022-02-28,0.06786285,XGBoost
10488,2022-02-28,0.23210737,XGBoost
10489,2022-02-28,0.0856406,XGBoost
1049,2022-02-28,0.077202156,XGBoost
10490,2022-02-28,0.08413,XGBoost
10491,2022-02-28,0.23295899,XGBoost
10492,2022-02-28,0.082659654,XGBoost
10493,2022-02-28,0.22099824,XGBoost
10494,2022-02-28,0.086135745,XGBoost
10495,2022-02-28,0.07656077,XGBoost
10496,2022-02-28,0.086912066,XGBoost
10497,2022-02-28,0.084806,XGBoost
10498,2022-02-28,0.085095435,XGBoost
10499,2022-02-28,0.08256417,XGBoost
105,2022-02-28,0.20867309,XGBoost
1050,2022-02-28,0.06789153,XGBoost
10500,2022-02-28,0.23036894,XGBoost
10501,2022-02-28,0.08729118,XGBoost
10502,2022-02-28,0.23666325,XGBoost
10503,2022-02-28,0.23765978,XGBoost
10504,2022-02-28,0.23159781,XGBoost
10505,2022-02-28,0.07693777,XGBoost
10506,2022-02-28,0.0702517,XGBoost
10507,2022-02-28,0.08362008,XGBoost
10508,2022-02-28,0.22888842,XGBoost
10509,2022-02-28,0.07215935,XGBoost
1051,2022-02-28,0.082567595,XGBoost
10510,2022-02-28,0.21752557,XGBoost
10511,2022-02-28,0.085998416,XGBoost
10512,2022-02-28,0.219825,XGBoost
10513,2022-02-28,0.22337884,XGBoost
10514,2022-02-28,0.082520224,XGBoost
10515,2022-02-28,0.20945717,XGBoost
10516,2022-02-28,0.08627436,XGBoost
10517,2022-02-28,0.24272023,XGBoost
10518,2022-02-28,0.23593009,XGBoost
10519,2022-02-28,0.07321768,XGBoost
1052,2022-02-28,0.23843402,XGBoost
10520,2022-02-28,0.07898353,XGBoost
10521,2022-02-28,0.07879997,XGBoost
10522,2022-02-28,0.07851788,XGBoost
10523,2022-02-28,0.22441757,XGBoost
10524,2022-02-28,0.084721856,XGBoost
10525,2022-02-28,0.083570644,XGBoost
10526,2022-02-28,0.081547156,XGBoost
10527,2022-02-28,0.21696481,XGBoost
10528,2022-02-28,0.072132,XGBoost
10529,2022-02-28,0.2214561,XGBoost
1053,2022-02-28,0.080596544,XGBoost
10530,2022-02-28,0.23805206,XGBoost
10531,2022-02-28,0.08343426,XGBoost
10532,2022-02-28,0.24426125,XGBoost
10533,2022-02-28,0.24975817,XGBoost
10534,2022-02-28,0.19798085,XGBoost
10535,2022-02-28,0.066347286,XGBoost
10536,2022-02-28,0.07039841,XGBoost
10537,2022-02-28,0.07841831,XGBoost
10538,2022-02-28,0.08692675,XGBoost
10539,2022-02-28,0.0878766,XGBoost
1054,2022-02-28,0.23049486,XGBoost
10540,2022-02-28,0.081874095,XGBoost
10541,2022-02-28,0.08375911,XGBoost
10542,2022-02-28,0.088134035,XGBoost
10543,2022-02-28,0.0807678,XGBoost
10544,2022-02-28,0.07298428,XGBoost
10545,2022-02-28,0.074009754,XGBoost
10546,2022-02-28,0.082643405,XGBoost
10547,2022-02-28,0.22757463,XGBoost
10548,2022-02-28,0.08646395,XGBoost
10549,2022-02-28,0.23657984,XGBoost
1055,2022-02-28,0.07901254,XGBoost
10550,2022-02-28,0.08078694,XGBoost
10551,2022-02-28,0.22732389,XGBoost
10552,2022-02-28,0.0816336,XGBoost
10553,2022-02-28,0.22721925,XGBoost
10554,2022-02-28,0.24803065,XGBoost
10555,2022-02-28,0.2152917,XGBoost
10556,2022-02-28,0.23167603,XGBoost
10557,2022-02-28,0.08729992,XGBoost
10558,2022-02-28,0.22111295,XGBoost
10559,2022-02-28,0.08144782,XGBoost
1056,2022-02-28,0.2422823,XGBoost
10560,2022-02-28,0.22556096,XGBoost
10561,2022-02-28,0.2325834,XGBoost
10562,2022-02-28,0.22582582,XGBoost
10563,2022-02-28,0.071865566,XGBoost
10564,2022-02-28,0.07472859,XGBoost
10565,2022-02-28,0.22819243,XGBoost
10566,2022-02-28,0.07037986,XGBoost
10567,2022-02-28,0.2561938,XGBoost
10568,2022-02-28,0.08646347,XGBoost
10569,2022-02-28,0.21546006,XGBoost
1057,2022-02-28,0.08648776,XGBoost
10570,2022-02-28,0.074577875,XGBoost
10571,2022-02-28,0.0779314,XGBoost
10572,2022-02-28,0.23993333,XGBoost
10573,2022-02-28,0.08483659,XGBoost
10574,2022-02-28,0.07085197,XGBoost
10575,2022-02-28,0.23515795,XGBoost
10576,2022-02-28,0.079197936,XGBoost
10577,2022-02-28,0.086160816,XGBoost
10578,2022-02-28,0.08129818,XGBoost
10579,2022-02-28,0.23098916,XGBoost
1058,2022-02-28,0.087165244,XGBoost
10580,2022-02-28,0.224736,XGBoost
10581,2022-02-28,0.20760489,XGBoost
10582,2022-02-28,0.070357196,XGBoost
10583,2022-02-28,0.24438998,XGBoost
10584,2022-02-28,0.084637016,XGBoost
10585,2022-02-28,0.083886385,XGBoost
10586,2022-02-28,0.08762631,XGBoost
10587,2022-02-28,0.088714,XGBoost
10588,2022-02-28,0.23209262,XGBoost
10589,2022-02-28,0.21577229,XGBoost
1059,2022-02-28,0.08551712,XGBoost
10590,2022-02-28,0.08442216,XGBoost
10591,2022-02-28,0.20860481,XGBoost
10592,2022-02-28,0.2653399,XGBoost
10593,2022-02-28,0.23762083,XGBoost
10594,2022-02-28,0.2452024,XGBoost
10595,2022-02-28,0.22920495,XGBoost
10596,2022-02-28,0.0823097,XGBoost
10597,2022-02-28,0.23113537,XGBoost
10598,2022-02-28,0.102632426,XGBoost
10599,2022-02-28,0.06983254,XGBoost
106,2022-02-28,0.083912075,XGBoost
1060,2022-02-28,0.24256687,XGBoost
10600,2022-02-28,0.22113337,XGBoost
10601,2022-02-28,0.07796847,XGBoost
10602,2022-02-28,0.081503116,XGBoost
10603,2022-02-28,0.085673936,XGBoost
10604,2022-02-28,0.08115165,XGBoost
10605,2022-02-28,0.08317089,XGBoost
10606,2022-02-28,0.08383311,XGBoost
10607,2022-02-28,0.08449509,XGBoost
10608,2022-02-28,0.24058662,XGBoost
10609,2022-02-28,0.22022854,XGBoost
1061,2022-02-28,0.0855224,XGBoost
10610,2022-02-28,0.081433736,XGBoost
10611,2022-02-28,0.08719321,XGBoost
10612,2022-02-28,0.20951289,XGBoost
10613,2022-02-28,0.21536674,XGBoost
10614,2022-02-28,0.2204305,XGBoost
10615,2022-02-28,0.085624464,XGBoost
10616,2022-02-28,0.07154364,XGBoost
10617,2022-02-28,0.078950375,XGBoost
10618,2022-02-28,0.22412737,XGBoost
10619,2022-02-28,0.08517475,XGBoost
1062,2022-02-28,0.2237883,XGBoost
10620,2022-02-28,0.22964078,XGBoost
10621,2022-02-28,0.07022573,XGBoost
10622,2022-02-28,0.08733863,XGBoost
10623,2022-02-28,0.23527643,XGBoost
10624,2022-02-28,0.07045958,XGBoost
10625,2022-02-28,0.087266706,XGBoost
10626,2022-02-28,0.08144684,XGBoost
10627,2022-02-28,0.23894942,XGBoost
10628,2022-02-28,0.24004716,XGBoost
10629,2022-02-28,0.07123961,XGBoost
1063,2022-02-28,0.08524248,XGBoost
10630,2022-02-28,0.2014772,XGBoost
10631,2022-02-28,0.071285464,XGBoost
10632,2022-02-28,0.25073686,XGBoost
10633,2022-02-28,0.22652917,XGBoost
10634,2022-02-28,0.2289596,XGBoost
10635,2022-02-28,0.23173791,XGBoost
10636,2022-02-28,0.24737298,XGBoost
10637,2022-02-28,0.24562515,XGBoost
10638,2022-02-28,0.08305462,XGBoost
10639,2022-02-28,0.072011165,XGBoost
1064,2022-02-28,0.08110128,XGBoost
10640,2022-02-28,0.079452604,XGBoost
10641,2022-02-28,0.23435578,XGBoost
10642,2022-02-28,0.25402147,XGBoost
10643,2022-02-28,0.08370649,XGBoost
10644,2022-02-28,0.079680406,XGBoost
10645,2022-02-28,0.07865458,XGBoost
10646,2022-02-28,0.085019976,XGBoost
10647,2022-02-28,0.080087736,XGBoost
10648,2022-02-28,0.084941894,XGBoost
10649,2022-02-28,0.08721967,XGBoost
1065,2022-02-28,0.07750223,XGBoost
10650,2022-02-28,0.08889417,XGBoost
10651,2022-02-28,0.0742174,XGBoost
10652,2022-02-28,0.071008414,XGBoost
10653,2022-02-28,0.08356987,XGBoost
10654,2022-02-28,0.22278133,XGBoost
10655,2022-02-28,0.22895418,XGBoost
10656,2022-02-28,0.23270817,XGBoost
10657,2022-02-28,0.08286248,XGBoost
10658,2022-02-28,0.25277093,XGBoost
10659,2022-02-28,0.0818987,XGBoost
1066,2022-02-28,0.07327726,XGBoost
10660,2022-02-28,0.07756456,XGBoost
10661,2022-02-28,0.2071608,XGBoost
10662,2022-02-28,0.07878928,XGBoost
10663,2022-02-28,0.082045324,XGBoost
10664,2022-02-28,0.086732864,XGBoost
10665,2022-02-28,0.21461211,XGBoost
10666,2022-02-28,0.07999092,XGBoost
10667,2022-02-28,0.23508197,XGBoost
10668,2022-02-28,0.08315567,XGBoost
10669,2022-02-28,0.086691,XGBoost
1067,2022-02-28,0.0839058,XGBoost
10670,2022-02-28,0.07883906,XGBoost
10671,2022-02-28,0.243189,XGBoost
10672,2022-02-28,0.08015957,XGBoost
10673,2022-02-28,0.23100773,XGBoost
10674,2022-02-28,0.231199,XGBoost
10675,2022-02-28,0.22496036,XGBoost
10676,2022-02-28,0.07855843,XGBoost
10677,2022-02-28,0.22067659,XGBoost
10678,2022-02-28,0.07433474,XGBoost
10679,2022-02-28,0.08085038,XGBoost
1068,2022-02-28,0.1529843,XGBoost
10680,2022-02-28,0.08902652,XGBoost
10681,2022-02-28,0.07088361,XGBoost
10682,2022-02-28,0.07810703,XGBoost
10683,2022-02-28,0.070973635,XGBoost
10684,2022-02-28,0.08085779,XGBoost
10685,2022-02-28,0.08696126,XGBoost
10686,2022-02-28,0.23648715,XGBoost
10687,2022-02-28,0.19927627,XGBoost
10688,2022-02-28,0.0788359,XGBoost
10689,2022-02-28,0.21536094,XGBoost
1069,2022-02-28,0.22891322,XGBoost
10690,2022-02-28,0.2325167,XGBoost
10691,2022-02-28,0.08238274,XGBoost
10692,2022-02-28,0.0819114,XGBoost
10693,2022-02-28,0.21844724,XGBoost
10694,2022-02-28,0.22627829,XGBoost
10695,2022-02-28,0.23024473,XGBoost
10696,2022-02-28,0.085706756,XGBoost
10697,2022-02-28,0.0838195,XGBoost
10698,2022-02-28,0.2425918,XGBoost
10699,2022-02-28,0.25966883,XGBoost
107,2022-02-28,0.22540732,XGBoost
1070,2022-02-28,0.253682,XGBoost
10700,2022-02-28,0.082540594,XGBoost
10701,2022-02-28,0.086635925,XGBoost
10702,2022-02-28,0.08606624,XGBoost
10703,2022-02-28,0.21540315,XGBoost
10704,2022-02-28,0.24410531,XGBoost
10705,2022-02-28,0.232182,XGBoost
10706,2022-02-28,0.084817894,XGBoost
10707,2022-02-28,0.22615544,XGBoost
10708,2022-02-28,0.20570213,XGBoost
10709,2022-02-28,0.2339636,XGBoost
1071,2022-02-28,0.22464596,XGBoost
10710,2022-02-28,0.22281706,XGBoost
10711,2022-02-28,0.21256462,XGBoost
10712,2022-02-28,0.08380069,XGBoost
10713,2022-02-28,0.07267182,XGBoost
10714,2022-02-28,0.23200461,XGBoost
10715,2022-02-28,0.08745896,XGBoost
10716,2022-02-28,0.08826028,XGBoost
10717,2022-02-28,0.07959108,XGBoost
10718,2022-02-28,0.21875092,XGBoost
10719,2022-02-28,0.073935516,XGBoost
1072,2022-02-28,0.08026764,XGBoost
10720,2022-02-28,0.079268575,XGBoost
10721,2022-02-28,0.08346709,XGBoost
10722,2022-02-28,0.24169621,XGBoost
10723,2022-02-28,0.08618887,XGBoost
10724,2022-02-28,0.21772046,XGBoost
10725,2022-02-28,0.08219762,XGBoost
10726,2022-02-28,0.11340761,XGBoost
10727,2022-02-28,0.085548274,XGBoost
10728,2022-02-28,0.0697059,XGBoost
10729,2022-02-28,0.2497885,XGBoost
1073,2022-02-28,0.20135805,XGBoost
10730,2022-02-28,0.22551422,XGBoost
10731,2022-02-28,0.21001323,XGBoost
10732,2022-02-28,0.24806109,XGBoost
10733,2022-02-28,0.24090756,XGBoost
10734,2022-02-28,0.08299359,XGBoost
10735,2022-02-28,0.20551254,XGBoost
10736,2022-02-28,0.085056536,XGBoost
10737,2022-02-28,0.22041824,XGBoost
10738,2022-02-28,0.073110305,XGBoost
10739,2022-02-28,0.08325262,XGBoost
1074,2022-02-28,0.23413852,XGBoost
10740,2022-02-28,0.07963466,XGBoost
10741,2022-02-28,0.07180398,XGBoost
10742,2022-02-28,0.22781363,XGBoost
10743,2022-02-28,0.22128956,XGBoost
10744,2022-02-28,0.23081222,XGBoost
10745,2022-02-28,0.067841105,XGBoost
10746,2022-02-28,0.085849635,XGBoost
10747,2022-02-28,0.070985414,XGBoost
10748,2022-02-28,0.087588295,XGBoost
10749,2022-02-28,0.08410035,XGBoost
1075,2022-02-28,0.07217585,XGBoost
10750,2022-02-28,0.10395187,XGBoost
10751,2022-02-28,0.07677197,XGBoost
10752,2022-02-28,0.078670315,XGBoost
10753,2022-02-28,0.2215034,XGBoost
10754,2022-02-28,0.08850493,XGBoost
10755,2022-02-28,0.077545404,XGBoost
10756,2022-02-28,0.0711345,XGBoost
10757,2022-02-28,0.07763913,XGBoost
10758,2022-02-28,0.07875791,XGBoost
10759,2022-02-28,0.08146325,XGBoost
1076,2022-02-28,0.08570978,XGBoost
10760,2022-02-28,0.07146205,XGBoost
10761,2022-02-28,0.24384005,XGBoost
10762,2022-02-28,0.067879856,XGBoost
10763,2022-02-28,0.2632271,XGBoost
10764,2022-02-28,0.08472755,XGBoost
10765,2022-02-28,0.24436094,XGBoost
10766,2022-02-28,0.21688837,XGBoost
10767,2022-02-28,0.2330322,XGBoost
10768,2022-02-28,0.23266035,XGBoost
10769,2022-02-28,0.24034251,XGBoost
1077,2022-02-28,0.21320426,XGBoost
10770,2022-02-28,0.08431692,XGBoost
10771,2022-02-28,0.21778263,XGBoost
10772,2022-02-28,0.08247784,XGBoost
10773,2022-02-28,0.07815007,XGBoost
10774,2022-02-28,0.08516287,XGBoost
10775,2022-02-28,0.06972185,XGBoost
10776,2022-02-28,0.08848954,XGBoost
10777,2022-02-28,0.08578661,XGBoost
10778,2022-02-28,0.2189639,XGBoost
10779,2022-02-28,0.21956863,XGBoost
1078,2022-02-28,0.087083556,XGBoost
10780,2022-02-28,0.078995846,XGBoost
10781,2022-02-28,0.08162734,XGBoost
10782,2022-02-28,0.07109054,XGBoost
10783,2022-02-28,0.2226744,XGBoost
10784,2022-02-28,0.082685344,XGBoost
10785,2022-02-28,0.07243114,XGBoost
10786,2022-02-28,0.25608936,XGBoost
10787,2022-02-28,0.07134472,XGBoost
10788,2022-02-28,0.061768763,XGBoost
10789,2022-02-28,0.08494197,XGBoost
1079,2022-02-28,0.21747868,XGBoost
10790,2022-02-28,0.087279245,XGBoost
10791,2022-02-28,0.18911622,XGBoost
10792,2022-02-28,0.08192257,XGBoost
10793,2022-02-28,0.0680199,XGBoost
10794,2022-02-28,0.22644986,XGBoost
10795,2022-02-28,0.08137303,XGBoost
10796,2022-02-28,0.23961754,XGBoost
10797,2022-02-28,0.22451961,XGBoost
10798,2022-02-28,0.23845254,XGBoost
10799,2022-02-28,0.23818906,XGBoost
108,2022-02-28,0.08322173,XGBoost
1080,2022-02-28,0.07988855,XGBoost
10800,2022-02-28,0.23142861,XGBoost
10801,2022-02-28,0.07435148,XGBoost
10802,2022-02-28,0.07127735,XGBoost
10803,2022-02-28,0.22325909,XGBoost
10804,2022-02-28,0.23764357,XGBoost
10805,2022-02-28,0.20792423,XGBoost
10806,2022-02-28,0.22422457,XGBoost
10807,2022-02-28,0.082961604,XGBoost
10808,2022-02-28,0.08630365,XGBoost
10809,2022-02-28,0.23150331,XGBoost
1081,2022-02-28,0.22842462,XGBoost
10810,2022-02-28,0.09205753,XGBoost
10811,2022-02-28,0.07287233,XGBoost
10812,2022-02-28,0.2435441,XGBoost
10813,2022-02-28,0.06453686,XGBoost
10814,2022-02-28,0.07345034,XGBoost
10815,2022-02-28,0.20459247,XGBoost
10816,2022-02-28,0.08334363,XGBoost
10817,2022-02-28,0.08027712,XGBoost
10818,2022-02-28,0.22933525,XGBoost
10819,2022-02-28,0.20021373,XGBoost
1082,2022-02-28,0.082323804,XGBoost
10820,2022-02-28,0.084022544,XGBoost
10821,2022-02-28,0.24002308,XGBoost
10822,2022-02-28,0.21336378,XGBoost
10823,2022-02-28,0.08565179,XGBoost
10824,2022-02-28,0.08034379,XGBoost
10825,2022-02-28,0.070401095,XGBoost
10826,2022-02-28,0.07902103,XGBoost
10827,2022-02-28,0.07952316,XGBoost
10828,2022-02-28,0.090310775,XGBoost
10829,2022-02-28,0.23700427,XGBoost
1083,2022-02-28,0.08177681,XGBoost
10830,2022-02-28,0.2560223,XGBoost
10831,2022-02-28,0.24575089,XGBoost
10832,2022-02-28,0.23872975,XGBoost
10833,2022-02-28,0.0818813,XGBoost
10834,2022-02-28,0.08294446,XGBoost
10835,2022-02-28,0.07893173,XGBoost
10836,2022-02-28,0.0705921,XGBoost
10837,2022-02-28,0.22816603,XGBoost
10838,2022-02-28,0.084764,XGBoost
10839,2022-02-28,0.079765245,XGBoost
1084,2022-02-28,0.08756462,XGBoost
10840,2022-02-28,0.24528736,XGBoost
10841,2022-02-28,0.22169064,XGBoost
10842,2022-02-28,0.07059337,XGBoost
10843,2022-02-28,0.20076703,XGBoost
10844,2022-02-28,0.08684363,XGBoost
10845,2022-02-28,0.23955779,XGBoost
10846,2022-02-28,0.07081727,XGBoost
10847,2022-02-28,0.21930014,XGBoost
10848,2022-02-28,0.08811388,XGBoost
10849,2022-02-28,0.08881756,XGBoost
1085,2022-02-28,0.23020557,XGBoost
10850,2022-02-28,0.22037962,XGBoost
10851,2022-02-28,0.070642255,XGBoost
10852,2022-02-28,0.073387764,XGBoost
10853,2022-02-28,0.08438645,XGBoost
10854,2022-02-28,0.082632296,XGBoost
10855,2022-02-28,0.07158269,XGBoost
10856,2022-02-28,0.07745723,XGBoost
10857,2022-02-28,0.08796499,XGBoost
10858,2022-02-28,0.082874626,XGBoost
10859,2022-02-28,0.08178941,XGBoost
1086,2022-02-28,0.08802949,XGBoost
10860,2022-02-28,0.22697,XGBoost
10861,2022-02-28,0.08504318,XGBoost
10862,2022-02-28,0.08281493,XGBoost
10863,2022-02-28,0.23142086,XGBoost
10864,2022-02-28,0.07759767,XGBoost
10865,2022-02-28,0.23882014,XGBoost
10866,2022-02-28,0.08377538,XGBoost
10867,2022-02-28,0.22765203,XGBoost
10868,2022-02-28,0.2484652,XGBoost
10869,2022-02-28,0.24142316,XGBoost
1087,2022-02-28,0.083400756,XGBoost
10870,2022-02-28,0.23760083,XGBoost
10871,2022-02-28,0.22914588,XGBoost
10872,2022-02-28,0.06992818,XGBoost
10873,2022-02-28,0.23639575,XGBoost
10874,2022-02-28,0.23657373,XGBoost
10875,2022-02-28,0.069131546,XGBoost
10876,2022-02-28,0.0778642,XGBoost
10877,2022-02-28,0.08477055,XGBoost
10878,2022-02-28,0.08590244,XGBoost
10879,2022-02-28,0.2302724,XGBoost
1088,2022-02-28,0.25018644,XGBoost
10880,2022-02-28,0.22803555,XGBoost
10881,2022-02-28,0.21839578,XGBoost
10882,2022-02-28,0.079017244,XGBoost
10883,2022-02-28,0.08632336,XGBoost
10884,2022-02-28,0.08097891,XGBoost
10885,2022-02-28,0.08762244,XGBoost
10886,2022-02-28,0.10739647,XGBoost
10887,2022-02-28,0.078106694,XGBoost
10888,2022-02-28,0.07792735,XGBoost
10889,2022-02-28,0.08477072,XGBoost
1089,2022-02-28,0.22478239,XGBoost
10890,2022-02-28,0.21408373,XGBoost
10891,2022-02-28,0.084351994,XGBoost
10892,2022-02-28,0.22436178,XGBoost
10893,2022-02-28,0.07053233,XGBoost
10894,2022-02-28,0.07023471,XGBoost
10895,2022-02-28,0.21872567,XGBoost
10896,2022-02-28,0.082006544,XGBoost
10897,2022-02-28,0.07075299,XGBoost
10898,2022-02-28,0.082481906,XGBoost
10899,2022-02-28,0.08157463,XGBoost
109,2022-02-28,0.07872968,XGBoost
1090,2022-02-28,0.2477075,XGBoost
10900,2022-02-28,0.08318342,XGBoost
10901,2022-02-28,0.24836947,XGBoost
10902,2022-02-28,0.08296532,XGBoost
10903,2022-02-28,0.07341353,XGBoost
10904,2022-02-28,0.21809396,XGBoost
10905,2022-02-28,0.07532468,XGBoost
10906,2022-02-28,0.08154038,XGBoost
10907,2022-02-28,0.22708979,XGBoost
10908,2022-02-28,0.24875674,XGBoost
10909,2022-02-28,0.07918959,XGBoost
1091,2022-02-28,0.08365773,XGBoost
10910,2022-02-28,0.08664495,XGBoost
10911,2022-02-28,0.064621285,XGBoost
10912,2022-02-28,0.08156529,XGBoost
10913,2022-02-28,0.08435427,XGBoost
10914,2022-02-28,0.08306542,XGBoost
10915,2022-02-28,0.2293536,XGBoost
10916,2022-02-28,0.06594761,XGBoost
10917,2022-02-28,0.08471243,XGBoost
10918,2022-02-28,0.08135284,XGBoost
10919,2022-02-28,0.22912535,XGBoost
1092,2022-02-28,0.23096517,XGBoost
10920,2022-02-28,0.073504694,XGBoost
10921,2022-02-28,0.22552404,XGBoost
10922,2022-02-28,0.07718378,XGBoost
10923,2022-02-28,0.07813366,XGBoost
10924,2022-02-28,0.07752655,XGBoost
10925,2022-02-28,0.27299672,XGBoost
10926,2022-02-28,0.24012434,XGBoost
10927,2022-02-28,0.22368272,XGBoost
10928,2022-02-28,0.22098939,XGBoost
10929,2022-02-28,0.19272445,XGBoost
1093,2022-02-28,0.082689226,XGBoost
10930,2022-02-28,0.08463945,XGBoost
10931,2022-02-28,0.085698776,XGBoost
10932,2022-02-28,0.07247123,XGBoost
10933,2022-02-28,0.23687784,XGBoost
10934,2022-02-28,0.08707772,XGBoost
10935,2022-02-28,0.22128922,XGBoost
10936,2022-02-28,0.22142603,XGBoost
10937,2022-02-28,0.07130375,XGBoost
10938,2022-02-28,0.083318755,XGBoost
10939,2022-02-28,0.07070519,XGBoost
1094,2022-02-28,0.08699488,XGBoost
10940,2022-02-28,0.06925227,XGBoost
10941,2022-02-28,0.21775682,XGBoost
10942,2022-02-28,0.08323374,XGBoost
10943,2022-02-28,0.27000123,XGBoost
10944,2022-02-28,0.21185604,XGBoost
10945,2022-02-28,0.2171472,XGBoost
10946,2022-02-28,0.22340794,XGBoost
10947,2022-02-28,0.08240079,XGBoost
10948,2022-02-28,0.08228777,XGBoost
10949,2022-02-28,0.23366229,XGBoost
1095,2022-02-28,0.2126963,XGBoost
10950,2022-02-28,0.24606122,XGBoost
10951,2022-02-28,0.08042711,XGBoost
10952,2022-02-28,0.20988426,XGBoost
10953,2022-02-28,0.070045516,XGBoost
10954,2022-02-28,0.24043119,XGBoost
10955,2022-02-28,0.075599246,XGBoost
10956,2022-02-28,0.24188285,XGBoost
10957,2022-02-28,0.08239863,XGBoost
10958,2022-02-28,0.24382482,XGBoost
10959,2022-02-28,0.0843476,XGBoost
1096,2022-02-28,0.20098792,XGBoost
10960,2022-02-28,0.24368033,XGBoost
10961,2022-02-28,0.07771475,XGBoost
10962,2022-02-28,0.24646032,XGBoost
10963,2022-02-28,0.21602896,XGBoost
10964,2022-02-28,0.07764422,XGBoost
10965,2022-02-28,0.22896913,XGBoost
10966,2022-02-28,0.21921909,XGBoost
10967,2022-02-28,0.07807828,XGBoost
10968,2022-02-28,0.082849145,XGBoost
10969,2022-02-28,0.23332931,XGBoost
1097,2022-02-28,0.07523854,XGBoost
10970,2022-02-28,0.088053636,XGBoost
10971,2022-02-28,0.07590373,XGBoost
10972,2022-02-28,0.24382263,XGBoost
10973,2022-02-28,0.084336974,XGBoost
10974,2022-02-28,0.077911116,XGBoost
10975,2022-02-28,0.24586776,XGBoost
10976,2022-02-28,0.0697043,XGBoost
10977,2022-02-28,0.21890172,XGBoost
10978,2022-02-28,0.24946883,XGBoost
10979,2022-02-28,0.2516129,XGBoost
1098,2022-02-28,0.25502446,XGBoost
10980,2022-02-28,0.08507317,XGBoost
10981,2022-02-28,0.24448387,XGBoost
10982,2022-02-28,0.07562183,XGBoost
10983,2022-02-28,0.08200664,XGBoost
10984,2022-02-28,0.08450671,XGBoost
10985,2022-02-28,0.24080901,XGBoost
10986,2022-02-28,0.08373759,XGBoost
10987,2022-02-28,0.22193842,XGBoost
10988,2022-02-28,0.083760455,XGBoost
10989,2022-02-28,0.24060684,XGBoost
1099,2022-02-28,0.22310498,XGBoost
10990,2022-02-28,0.08573344,XGBoost
10991,2022-02-28,0.19697227,XGBoost
10992,2022-02-28,0.25118804,XGBoost
10993,2022-02-28,0.22355217,XGBoost
10994,2022-02-28,0.08451652,XGBoost
10995,2022-02-28,0.08136604,XGBoost
10996,2022-02-28,0.08259273,XGBoost
10997,2022-02-28,0.07143047,XGBoost
10998,2022-02-28,0.085431896,XGBoost
10999,2022-02-28,0.086176544,XGBoost
11,2022-02-28,0.08264425,XGBoost
110,2022-02-28,0.24169816,XGBoost
1100,2022-02-28,0.08177616,XGBoost
11000,2022-02-28,0.07846452,XGBoost
11001,2022-02-28,0.21005249,XGBoost
11002,2022-02-28,0.07160549,XGBoost
11003,2022-02-28,0.08489585,XGBoost
11004,2022-02-28,0.24187337,XGBoost
11005,2022-02-28,0.21616402,XGBoost
11006,2022-02-28,0.08486889,XGBoost
11007,2022-02-28,0.08179307,XGBoost
11008,2022-02-28,0.082433045,XGBoost
11009,2022-02-28,0.22250362,XGBoost
1101,2022-02-28,0.21811424,XGBoost
11010,2022-02-28,0.21734568,XGBoost
11011,2022-02-28,0.078885056,XGBoost
11012,2022-02-28,0.08435615,XGBoost
11013,2022-02-28,0.07005178,XGBoost
11014,2022-02-28,0.21349978,XGBoost
11015,2022-02-28,0.0713868,XGBoost
11016,2022-02-28,0.08365199,XGBoost
11017,2022-02-28,0.084523946,XGBoost
11018,2022-02-28,0.0786711,XGBoost
11019,2022-02-28,0.07639656,XGBoost
1102,2022-02-28,0.20368426,XGBoost
11020,2022-02-28,0.07352593,XGBoost
11021,2022-02-28,0.23940875,XGBoost
11022,2022-02-28,0.08532512,XGBoost
11023,2022-02-28,0.085081875,XGBoost
11024,2022-02-28,0.08050907,XGBoost
11025,2022-02-28,0.25837532,XGBoost
11026,2022-02-28,0.23146558,XGBoost
11027,2022-02-28,0.22336517,XGBoost
11028,2022-02-28,0.20351127,XGBoost
11029,2022-02-28,0.23155794,XGBoost
1103,2022-02-28,0.22670025,XGBoost
11030,2022-02-28,0.078743465,XGBoost
11031,2022-02-28,0.23369272,XGBoost
11032,2022-02-28,0.2245449,XGBoost
11033,2022-02-28,0.083623715,XGBoost
11034,2022-02-28,0.21463522,XGBoost
11035,2022-02-28,0.07837447,XGBoost
11036,2022-02-28,0.23838957,XGBoost
11037,2022-02-28,0.085551806,XGBoost
11038,2022-02-28,0.22434312,XGBoost
11039,2022-02-28,0.08678968,XGBoost
1104,2022-02-28,0.08197159,XGBoost
11040,2022-02-28,0.08301613,XGBoost
11041,2022-02-28,0.08316321,XGBoost
11042,2022-02-28,0.08457953,XGBoost
11043,2022-02-28,0.07778058,XGBoost
11044,2022-02-28,0.07523809,XGBoost
11045,2022-02-28,0.07865426,XGBoost
11046,2022-02-28,0.08501848,XGBoost
11047,2022-02-28,0.23018865,XGBoost
11048,2022-02-28,0.078751706,XGBoost
11049,2022-02-28,0.23144025,XGBoost
1105,2022-02-28,0.24368075,XGBoost
11050,2022-02-28,0.22643161,XGBoost
11051,2022-02-28,0.07323586,XGBoost
11052,2022-02-28,0.08291899,XGBoost
11053,2022-02-28,0.23274745,XGBoost
11054,2022-02-28,0.08069015,XGBoost
11055,2022-02-28,0.24182808,XGBoost
11056,2022-02-28,0.07834257,XGBoost
11057,2022-02-28,0.07957951,XGBoost
11058,2022-02-28,0.22720525,XGBoost
11059,2022-02-28,0.21794865,XGBoost
1106,2022-02-28,0.07315704,XGBoost
11060,2022-02-28,0.07898428,XGBoost
11061,2022-02-28,0.079169884,XGBoost
11062,2022-02-28,0.08649713,XGBoost
11063,2022-02-28,0.21160643,XGBoost
11064,2022-02-28,0.08294733,XGBoost
11065,2022-02-28,0.22826733,XGBoost
11066,2022-02-28,0.085635245,XGBoost
11067,2022-02-28,0.08654763,XGBoost
11068,2022-02-28,0.06619127,XGBoost
11069,2022-02-28,0.2092529,XGBoost
1107,2022-02-28,0.20842446,XGBoost
11070,2022-02-28,0.2299568,XGBoost
11071,2022-02-28,0.23046377,XGBoost
11072,2022-02-28,0.22860537,XGBoost
11073,2022-02-28,0.07106387,XGBoost
11074,2022-02-28,0.21597525,XGBoost
11075,2022-02-28,0.23401517,XGBoost
11076,2022-02-28,0.079621196,XGBoost
11077,2022-02-28,0.08525672,XGBoost
11078,2022-02-28,0.07993687,XGBoost
11079,2022-02-28,0.08811113,XGBoost
1108,2022-02-28,0.082640566,XGBoost
11080,2022-02-28,0.07086468,XGBoost
11081,2022-02-28,0.08486154,XGBoost
11082,2022-02-28,0.06550003,XGBoost
11083,2022-02-28,0.08091014,XGBoost
11084,2022-02-28,0.24374111,XGBoost
11085,2022-02-28,0.081164226,XGBoost
11086,2022-02-28,0.081267685,XGBoost
11087,2022-02-28,0.0659341,XGBoost
11088,2022-02-28,0.07200817,XGBoost
11089,2022-02-28,0.22863996,XGBoost
1109,2022-02-28,0.07311902,XGBoost
11090,2022-02-28,0.08630543,XGBoost
11091,2022-02-28,0.22274417,XGBoost
11092,2022-02-28,0.22407697,XGBoost
11093,2022-02-28,0.07795491,XGBoost
11094,2022-02-28,0.22100073,XGBoost
11095,2022-02-28,0.21914019,XGBoost
11096,2022-02-28,0.10207566,XGBoost
11097,2022-02-28,0.0795611,XGBoost
11098,2022-02-28,0.063539304,XGBoost
11099,2022-02-28,0.23475099,XGBoost
111,2022-02-28,0.075429246,XGBoost
1110,2022-02-28,0.0768038,XGBoost
11100,2022-02-28,0.23202737,XGBoost
11101,2022-02-28,0.085881904,XGBoost
11102,2022-02-28,0.07802014,XGBoost
11103,2022-02-28,0.23643164,XGBoost
11104,2022-02-28,0.22276105,XGBoost
11105,2022-02-28,0.06554316,XGBoost
11106,2022-02-28,0.08275167,XGBoost
11107,2022-02-28,0.20581716,XGBoost
11108,2022-02-28,0.22270639,XGBoost
11109,2022-02-28,0.071718134,XGBoost
1111,2022-02-28,0.2535298,XGBoost
11110,2022-02-28,0.077333264,XGBoost
11111,2022-02-28,0.0866948,XGBoost
11112,2022-02-28,0.08518683,XGBoost
11113,2022-02-28,0.08551258,XGBoost
11114,2022-02-28,0.078952074,XGBoost
11115,2022-02-28,0.08353923,XGBoost
11116,2022-02-28,0.23572403,XGBoost
11117,2022-02-28,0.0834307,XGBoost
11118,2022-02-28,0.088232234,XGBoost
11119,2022-02-28,0.22787112,XGBoost
1112,2022-02-28,0.07730697,XGBoost
11120,2022-02-28,0.20670033,XGBoost
11121,2022-02-28,0.08865136,XGBoost
11122,2022-02-28,0.080619425,XGBoost
11123,2022-02-28,0.07824402,XGBoost
11124,2022-02-28,0.20761742,XGBoost
11125,2022-02-28,0.23069575,XGBoost
11126,2022-02-28,0.07848085,XGBoost
11127,2022-02-28,0.24860908,XGBoost
11128,2022-02-28,0.07846014,XGBoost
11129,2022-02-28,0.08653396,XGBoost
1113,2022-02-28,0.08054466,XGBoost
11130,2022-02-28,0.08423957,XGBoost
11131,2022-02-28,0.23268233,XGBoost
11132,2022-02-28,0.080991805,XGBoost
11133,2022-02-28,0.083838634,XGBoost
11134,2022-02-28,0.07815641,XGBoost
11135,2022-02-28,0.08352866,XGBoost
11136,2022-02-28,0.08234804,XGBoost
11137,2022-02-28,0.23953259,XGBoost
11138,2022-02-28,0.08121051,XGBoost
11139,2022-02-28,0.08401725,XGBoost
1114,2022-02-28,0.08253337,XGBoost
11140,2022-02-28,0.2513699,XGBoost
11141,2022-02-28,0.08278774,XGBoost
11142,2022-02-28,0.23083967,XGBoost
11143,2022-02-28,0.085059844,XGBoost
11144,2022-02-28,0.08148096,XGBoost
11145,2022-02-28,0.20539506,XGBoost
11146,2022-02-28,0.07851062,XGBoost
11147,2022-02-28,0.23542541,XGBoost
11148,2022-02-28,0.23223484,XGBoost
11149,2022-02-28,0.077403255,XGBoost
1115,2022-02-28,0.24224743,XGBoost
11150,2022-02-28,0.06657906,XGBoost
11151,2022-02-28,0.07072634,XGBoost
11152,2022-02-28,0.07102246,XGBoost
11153,2022-02-28,0.079723604,XGBoost
11154,2022-02-28,0.08156704,XGBoost
11155,2022-02-28,0.07367069,XGBoost
11156,2022-02-28,0.23460028,XGBoost
11157,2022-02-28,0.067884296,XGBoost
11158,2022-02-28,0.22679566,XGBoost
11159,2022-02-28,0.08458106,XGBoost
1116,2022-02-28,0.07940773,XGBoost
11160,2022-02-28,0.23394965,XGBoost
11161,2022-02-28,0.0767531,XGBoost
11162,2022-02-28,0.08212509,XGBoost
11163,2022-02-28,0.089179575,XGBoost
11164,2022-02-28,0.087431714,XGBoost
11165,2022-02-28,0.24336292,XGBoost
11166,2022-02-28,0.22395205,XGBoost
11167,2022-02-28,0.21399443,XGBoost
11168,2022-02-28,0.23874398,XGBoost
11169,2022-02-28,0.08614522,XGBoost
1117,2022-02-28,0.2245749,XGBoost
11170,2022-02-28,0.07010224,XGBoost
11171,2022-02-28,0.08479489,XGBoost
11172,2022-02-28,0.08156197,XGBoost
11173,2022-02-28,0.23644201,XGBoost
11174,2022-02-28,0.07177734,XGBoost
11175,2022-02-28,0.19993207,XGBoost
11176,2022-02-28,0.2510352,XGBoost
11177,2022-02-28,0.08489377,XGBoost
11178,2022-02-28,0.08278239,XGBoost
11179,2022-02-28,0.20559831,XGBoost
1118,2022-02-28,0.22678699,XGBoost
11180,2022-02-28,0.086584166,XGBoost
11181,2022-02-28,0.077556215,XGBoost
11182,2022-02-28,0.08416599,XGBoost
11183,2022-02-28,0.083948925,XGBoost
11184,2022-02-28,0.07046491,XGBoost
11185,2022-02-28,0.078298755,XGBoost
11186,2022-02-28,0.25216094,XGBoost
11187,2022-02-28,0.07973906,XGBoost
11188,2022-02-28,0.2144196,XGBoost
11189,2022-02-28,0.08395242,XGBoost
1119,2022-02-28,0.07936582,XGBoost
11190,2022-02-28,0.07687819,XGBoost
11191,2022-02-28,0.07795521,XGBoost
11192,2022-02-28,0.20925733,XGBoost
11193,2022-02-28,0.08459713,XGBoost
11194,2022-02-28,0.22603978,XGBoost
11195,2022-02-28,0.08188298,XGBoost
11196,2022-02-28,0.07803418,XGBoost
11197,2022-02-28,0.06876281,XGBoost
11198,2022-02-28,0.08181784,XGBoost
11199,2022-02-28,0.20742275,XGBoost
112,2022-02-28,0.07673916,XGBoost
1120,2022-02-28,0.22778012,XGBoost
11200,2022-02-28,0.08483059,XGBoost
11201,2022-02-28,0.23638238,XGBoost
11202,2022-02-28,0.08776632,XGBoost
11203,2022-02-28,0.23054256,XGBoost
11204,2022-02-28,0.08864147,XGBoost
11205,2022-02-28,0.086884804,XGBoost
11206,2022-02-28,0.0830835,XGBoost
11207,2022-02-28,0.08245635,XGBoost
11208,2022-02-28,0.2174791,XGBoost
11209,2022-02-28,0.21267152,XGBoost
1121,2022-02-28,0.22101991,XGBoost
11210,2022-02-28,0.083740234,XGBoost
11211,2022-02-28,0.22906172,XGBoost
11212,2022-02-28,0.08303071,XGBoost
11213,2022-02-28,0.21028678,XGBoost
11214,2022-02-28,0.20278175,XGBoost
11215,2022-02-28,0.08151234,XGBoost
11216,2022-02-28,0.19913924,XGBoost
11217,2022-02-28,0.07793292,XGBoost
11218,2022-02-28,0.07901823,XGBoost
11219,2022-02-28,0.23296997,XGBoost
1122,2022-02-28,0.08510999,XGBoost
11220,2022-02-28,0.24639684,XGBoost
11221,2022-02-28,0.21558215,XGBoost
11222,2022-02-28,0.23887762,XGBoost
11223,2022-02-28,0.25301206,XGBoost
11224,2022-02-28,0.08640704,XGBoost
11225,2022-02-28,0.24245426,XGBoost
11226,2022-02-28,0.21507353,XGBoost
11227,2022-02-28,0.08508771,XGBoost
11228,2022-02-28,0.07688084,XGBoost
11229,2022-02-28,0.08750456,XGBoost
1123,2022-02-28,0.07336818,XGBoost
11230,2022-02-28,0.22366527,XGBoost
11231,2022-02-28,0.23711471,XGBoost
11232,2022-02-28,0.2457673,XGBoost
11233,2022-02-28,0.06509508,XGBoost
11234,2022-02-28,0.22760524,XGBoost
11235,2022-02-28,0.07932241,XGBoost
11236,2022-02-28,0.08268061,XGBoost
11237,2022-02-28,0.07315963,XGBoost
11238,2022-02-28,0.06588504,XGBoost
11239,2022-02-28,0.07241926,XGBoost
1124,2022-02-28,0.23465066,XGBoost
11240,2022-02-28,0.091269076,XGBoost
11241,2022-02-28,0.23503746,XGBoost
11242,2022-02-28,0.06382553,XGBoost
11243,2022-02-28,0.24111713,XGBoost
11244,2022-02-28,0.08171475,XGBoost
11245,2022-02-28,0.08577241,XGBoost
11246,2022-02-28,0.078342125,XGBoost
11247,2022-02-28,0.23465455,XGBoost
11248,2022-02-28,0.22946984,XGBoost
11249,2022-02-28,0.07226958,XGBoost
1125,2022-02-28,0.07993494,XGBoost
11250,2022-02-28,0.08487394,XGBoost
11251,2022-02-28,0.22864865,XGBoost
11252,2022-02-28,0.071264066,XGBoost
11253,2022-02-28,0.08684381,XGBoost
11254,2022-02-28,0.073982716,XGBoost
11255,2022-02-28,0.0842842,XGBoost
11256,2022-02-28,0.08007348,XGBoost
11257,2022-02-28,0.23355004,XGBoost
11258,2022-02-28,0.23732167,XGBoost
11259,2022-02-28,0.08055709,XGBoost
1126,2022-02-28,0.22741,XGBoost
11260,2022-02-28,0.08166115,XGBoost
11261,2022-02-28,0.08530236,XGBoost
11262,2022-02-28,0.08158378,XGBoost
11263,2022-02-28,0.0794599,XGBoost
11264,2022-02-28,0.084789805,XGBoost
11265,2022-02-28,0.08795862,XGBoost
11266,2022-02-28,0.21350962,XGBoost
11267,2022-02-28,0.078683905,XGBoost
11268,2022-02-28,0.08419922,XGBoost
11269,2022-02-28,0.24316967,XGBoost
1127,2022-02-28,0.08788258,XGBoost
11270,2022-02-28,0.08398745,XGBoost
11271,2022-02-28,0.22687124,XGBoost
11272,2022-02-28,0.08644154,XGBoost
11273,2022-02-28,0.08315332,XGBoost
11274,2022-02-28,0.23438524,XGBoost
11275,2022-02-28,0.08772505,XGBoost
11276,2022-02-28,0.23665172,XGBoost
11277,2022-02-28,0.23075892,XGBoost
11278,2022-02-28,0.228142,XGBoost
11279,2022-02-28,0.24016905,XGBoost
1128,2022-02-28,0.08400224,XGBoost
11280,2022-02-28,0.083956294,XGBoost
11281,2022-02-28,0.080502674,XGBoost
11282,2022-02-28,0.08636991,XGBoost
11283,2022-02-28,0.08382871,XGBoost
11284,2022-02-28,0.21320815,XGBoost
11285,2022-02-28,0.084150195,XGBoost
11286,2022-02-28,0.08364453,XGBoost
11287,2022-02-28,0.0844548,XGBoost
11288,2022-02-28,0.083638944,XGBoost
11289,2022-02-28,0.08506537,XGBoost
1129,2022-02-28,0.08423245,XGBoost
11290,2022-02-28,0.08324344,XGBoost
11291,2022-02-28,0.06340381,XGBoost
11292,2022-02-28,0.08113411,XGBoost
11293,2022-02-28,0.23530664,XGBoost
11294,2022-02-28,0.19275743,XGBoost
11295,2022-02-28,0.07844567,XGBoost
11296,2022-02-28,0.08377465,XGBoost
11297,2022-02-28,0.2389141,XGBoost
11298,2022-02-28,0.0820656,XGBoost
11299,2022-02-28,0.22264865,XGBoost
113,2022-02-28,0.08407564,XGBoost
1130,2022-02-28,0.19967356,XGBoost
11300,2022-02-28,0.07935612,XGBoost
11301,2022-02-28,0.081955336,XGBoost
11302,2022-02-28,0.23901683,XGBoost
11303,2022-02-28,0.08273616,XGBoost
11304,2022-02-28,0.21846202,XGBoost
11305,2022-02-28,0.078217246,XGBoost
11306,2022-02-28,0.087360665,XGBoost
11307,2022-02-28,0.23829897,XGBoost
11308,2022-02-28,0.07829986,XGBoost
11309,2022-02-28,0.23145643,XGBoost
1131,2022-02-28,0.23527515,XGBoost
11310,2022-02-28,0.079227366,XGBoost
11311,2022-02-28,0.08009254,XGBoost
11312,2022-02-28,0.08444085,XGBoost
11313,2022-02-28,0.22376166,XGBoost
11314,2022-02-28,0.085311435,XGBoost
11315,2022-02-28,0.08588086,XGBoost
11316,2022-02-28,0.08619848,XGBoost
11317,2022-02-28,0.087180376,XGBoost
11318,2022-02-28,0.08508001,XGBoost
11319,2022-02-28,0.22670557,XGBoost
1132,2022-02-28,0.06949129,XGBoost
11320,2022-02-28,0.08398961,XGBoost
11321,2022-02-28,0.2180447,XGBoost
11322,2022-02-28,0.08525809,XGBoost
11323,2022-02-28,0.22290894,XGBoost
11324,2022-02-28,0.083775975,XGBoost
11325,2022-02-28,0.20874198,XGBoost
11326,2022-02-28,0.07736835,XGBoost
11327,2022-02-28,0.23563416,XGBoost
11328,2022-02-28,0.24704985,XGBoost
11329,2022-02-28,0.24525139,XGBoost
1133,2022-02-28,0.2155648,XGBoost
11330,2022-02-28,0.07952581,XGBoost
11331,2022-02-28,0.07960051,XGBoost
11332,2022-02-28,0.21489309,XGBoost
11333,2022-02-28,0.08663245,XGBoost
11334,2022-02-28,0.077894256,XGBoost
11335,2022-02-28,0.0762766,XGBoost
11336,2022-02-28,0.08676317,XGBoost
11337,2022-02-28,0.08129475,XGBoost
11338,2022-02-28,0.0723974,XGBoost
11339,2022-02-28,0.08211841,XGBoost
1134,2022-02-28,0.0737998,XGBoost
11340,2022-02-28,0.23476589,XGBoost
11341,2022-02-28,0.24530555,XGBoost
11342,2022-02-28,0.14371613,XGBoost
11343,2022-02-28,0.085308135,XGBoost
11344,2022-02-28,0.2249979,XGBoost
11345,2022-02-28,0.08530805,XGBoost
11346,2022-02-28,0.080929935,XGBoost
11347,2022-02-28,0.21808252,XGBoost
11348,2022-02-28,0.22518022,XGBoost
11349,2022-02-28,0.07629472,XGBoost
1135,2022-02-28,0.08592705,XGBoost
11350,2022-02-28,0.08410579,XGBoost
11351,2022-02-28,0.23955935,XGBoost
11352,2022-02-28,0.07125913,XGBoost
11353,2022-02-28,0.07928818,XGBoost
11354,2022-02-28,0.084563956,XGBoost
11355,2022-02-28,0.08841981,XGBoost
11356,2022-02-28,0.077110395,XGBoost
11357,2022-02-28,0.23830736,XGBoost
11358,2022-02-28,0.08449457,XGBoost
11359,2022-02-28,0.087328844,XGBoost
1136,2022-02-28,0.2502658,XGBoost
11360,2022-02-28,0.08493047,XGBoost
11361,2022-02-28,0.07776524,XGBoost
11362,2022-02-28,0.23160239,XGBoost
11363,2022-02-28,0.082710974,XGBoost
11364,2022-02-28,0.2429497,XGBoost
11365,2022-02-28,0.21060686,XGBoost
11366,2022-02-28,0.2425567,XGBoost
11367,2022-02-28,0.08259109,XGBoost
11368,2022-02-28,0.070201494,XGBoost
11369,2022-02-28,0.0791844,XGBoost
1137,2022-02-28,0.072378755,XGBoost
11370,2022-02-28,0.08801662,XGBoost
11371,2022-02-28,0.07935075,XGBoost
11372,2022-02-28,0.07437468,XGBoost
11373,2022-02-28,0.065714404,XGBoost
11374,2022-02-28,0.20931561,XGBoost
11375,2022-02-28,0.24656667,XGBoost
11376,2022-02-28,0.08776821,XGBoost
11377,2022-02-28,0.08624765,XGBoost
11378,2022-02-28,0.22185966,XGBoost
11379,2022-02-28,0.08235206,XGBoost
1138,2022-02-28,0.25658762,XGBoost
11380,2022-02-28,0.078949824,XGBoost
11381,2022-02-28,0.07958517,XGBoost
11382,2022-02-28,0.085076645,XGBoost
11383,2022-02-28,0.22939306,XGBoost
11384,2022-02-28,0.2078618,XGBoost
11385,2022-02-28,0.08173023,XGBoost
11386,2022-02-28,0.23565112,XGBoost
11387,2022-02-28,0.23460414,XGBoost
11388,2022-02-28,0.07267566,XGBoost
11389,2022-02-28,0.06319047,XGBoost
1139,2022-02-28,0.25705332,XGBoost
11390,2022-02-28,0.21785703,XGBoost
11391,2022-02-28,0.22349706,XGBoost
11392,2022-02-28,0.23891288,XGBoost
11393,2022-02-28,0.24768977,XGBoost
11394,2022-02-28,0.08314382,XGBoost
11395,2022-02-28,0.23421213,XGBoost
11396,2022-02-28,0.26081303,XGBoost
11397,2022-02-28,0.083555065,XGBoost
11398,2022-02-28,0.20760521,XGBoost
11399,2022-02-28,0.21266247,XGBoost
114,2022-02-28,0.07763843,XGBoost
1140,2022-02-28,0.07566352,XGBoost
11400,2022-02-28,0.24460946,XGBoost
11401,2022-02-28,0.08002637,XGBoost
11402,2022-02-28,0.078644015,XGBoost
11403,2022-02-28,0.08542447,XGBoost
11404,2022-02-28,0.23142652,XGBoost
11405,2022-02-28,0.07130049,XGBoost
11406,2022-02-28,0.23431444,XGBoost
11407,2022-02-28,0.23145042,XGBoost
11408,2022-02-28,0.081869274,XGBoost
11409,2022-02-28,0.21637218,XGBoost
1141,2022-02-28,0.22373559,XGBoost
11410,2022-02-28,0.07863442,XGBoost
11411,2022-02-28,0.23965865,XGBoost
11412,2022-02-28,0.24372081,XGBoost
11413,2022-02-28,0.22414501,XGBoost
11414,2022-02-28,0.07823515,XGBoost
11415,2022-02-28,0.09122654,XGBoost
11416,2022-02-28,0.07572537,XGBoost
11417,2022-02-28,0.0702069,XGBoost
11418,2022-02-28,0.087725945,XGBoost
11419,2022-02-28,0.23494071,XGBoost
1142,2022-02-28,0.2220521,XGBoost
11420,2022-02-28,0.08681565,XGBoost
11421,2022-02-28,0.073550254,XGBoost
11422,2022-02-28,0.08243977,XGBoost
11423,2022-02-28,0.21178228,XGBoost
11424,2022-02-28,0.078279614,XGBoost
11425,2022-02-28,0.22844113,XGBoost
11426,2022-02-28,0.22937396,XGBoost
11427,2022-02-28,0.20844637,XGBoost
11428,2022-02-28,0.08505301,XGBoost
11429,2022-02-28,0.2411846,XGBoost
1143,2022-02-28,0.13800299,XGBoost
11430,2022-02-28,0.065228306,XGBoost
11431,2022-02-28,0.08318519,XGBoost
11432,2022-02-28,0.0866588,XGBoost
11433,2022-02-28,0.084846996,XGBoost
11434,2022-02-28,0.08367512,XGBoost
11435,2022-02-28,0.22649294,XGBoost
11436,2022-02-28,0.079348125,XGBoost
11437,2022-02-28,0.06893462,XGBoost
11438,2022-02-28,0.08642418,XGBoost
11439,2022-02-28,0.07690353,XGBoost
1144,2022-02-28,0.08887355,XGBoost
11440,2022-02-28,0.07132288,XGBoost
11441,2022-02-28,0.07351751,XGBoost
11442,2022-02-28,0.22676554,XGBoost
11443,2022-02-28,0.080472864,XGBoost
11444,2022-02-28,0.21332602,XGBoost
11445,2022-02-28,0.07000323,XGBoost
11446,2022-02-28,0.08223776,XGBoost
11447,2022-02-28,0.21374278,XGBoost
11448,2022-02-28,0.08316821,XGBoost
11449,2022-02-28,0.07709922,XGBoost
1145,2022-02-28,0.0809722,XGBoost
11450,2022-02-28,0.08125487,XGBoost
11451,2022-02-28,0.23457858,XGBoost
11452,2022-02-28,0.06418367,XGBoost
11453,2022-02-28,0.21679553,XGBoost
11454,2022-02-28,0.08595276,XGBoost
11455,2022-02-28,0.230763,XGBoost
11456,2022-02-28,0.24092196,XGBoost
11457,2022-02-28,0.082416266,XGBoost
11458,2022-02-28,0.08738165,XGBoost
11459,2022-02-28,0.22053365,XGBoost
1146,2022-02-28,0.08647825,XGBoost
11460,2022-02-28,0.23557074,XGBoost
11461,2022-02-28,0.24485242,XGBoost
11462,2022-02-28,0.22727072,XGBoost
11463,2022-02-28,0.20111458,XGBoost
11464,2022-02-28,0.08285726,XGBoost
11465,2022-02-28,0.080006585,XGBoost
11466,2022-02-28,0.080949076,XGBoost
11467,2022-02-28,0.23016384,XGBoost
11468,2022-02-28,0.080903284,XGBoost
11469,2022-02-28,0.08317165,XGBoost
1147,2022-02-28,0.24176534,XGBoost
11470,2022-02-28,0.08526192,XGBoost
11471,2022-02-28,0.06809946,XGBoost
11472,2022-02-28,0.077646546,XGBoost
11473,2022-02-28,0.073362015,XGBoost
11474,2022-02-28,0.22992244,XGBoost
11475,2022-02-28,0.08531149,XGBoost
11476,2022-02-28,0.08454272,XGBoost
11477,2022-02-28,0.23353511,XGBoost
11478,2022-02-28,0.08422926,XGBoost
11479,2022-02-28,0.0847181,XGBoost
1148,2022-02-28,0.07708538,XGBoost
11480,2022-02-28,0.25125262,XGBoost
11481,2022-02-28,0.08262377,XGBoost
11482,2022-02-28,0.082963854,XGBoost
11483,2022-02-28,0.20196255,XGBoost
11484,2022-02-28,0.22832666,XGBoost
11485,2022-02-28,0.08587503,XGBoost
11486,2022-02-28,0.08136632,XGBoost
11487,2022-02-28,0.21929829,XGBoost
11488,2022-02-28,0.21742517,XGBoost
11489,2022-02-28,0.23848179,XGBoost
1149,2022-02-28,0.23879819,XGBoost
11490,2022-02-28,0.07731331,XGBoost
11491,2022-02-28,0.08623295,XGBoost
11492,2022-02-28,0.083901584,XGBoost
11493,2022-02-28,0.20528968,XGBoost
11494,2022-02-28,0.07384565,XGBoost
11495,2022-02-28,0.0838104,XGBoost
11496,2022-02-28,0.22732377,XGBoost
11497,2022-02-28,0.20886593,XGBoost
11498,2022-02-28,0.07104586,XGBoost
11499,2022-02-28,0.23547547,XGBoost
115,2022-02-28,0.22379355,XGBoost
1150,2022-02-28,0.23998046,XGBoost
11500,2022-02-28,0.083121374,XGBoost
11501,2022-02-28,0.083385035,XGBoost
11502,2022-02-28,0.08297263,XGBoost
11503,2022-02-28,0.08252447,XGBoost
11504,2022-02-28,0.08180943,XGBoost
11505,2022-02-28,0.23089576,XGBoost
11506,2022-02-28,0.07928673,XGBoost
11507,2022-02-28,0.07774296,XGBoost
11508,2022-02-28,0.08113699,XGBoost
11509,2022-02-28,0.07856784,XGBoost
1151,2022-02-28,0.08718917,XGBoost
11510,2022-02-28,0.08597094,XGBoost
11511,2022-02-28,0.08508963,XGBoost
11512,2022-02-28,0.087908976,XGBoost
11513,2022-02-28,0.23715854,XGBoost
11514,2022-02-28,0.22484575,XGBoost
11515,2022-02-28,0.07327422,XGBoost
11516,2022-02-28,0.07002462,XGBoost
11517,2022-02-28,0.21267965,XGBoost
11518,2022-02-28,0.07937921,XGBoost
11519,2022-02-28,0.22183998,XGBoost
1152,2022-02-28,0.23903026,XGBoost
11520,2022-02-28,0.08228146,XGBoost
11521,2022-02-28,0.2204842,XGBoost
11522,2022-02-28,0.10159536,XGBoost
11523,2022-02-28,0.21562454,XGBoost
11524,2022-02-28,0.07343394,XGBoost
11525,2022-02-28,0.22840728,XGBoost
11526,2022-02-28,0.07036066,XGBoost
11527,2022-02-28,0.077684395,XGBoost
11528,2022-02-28,0.08142043,XGBoost
11529,2022-02-28,0.23378403,XGBoost
1153,2022-02-28,0.22738224,XGBoost
11530,2022-02-28,0.25220618,XGBoost
11531,2022-02-28,0.23998521,XGBoost
11532,2022-02-28,0.20876521,XGBoost
11533,2022-02-28,0.07751408,XGBoost
11534,2022-02-28,0.07690016,XGBoost
11535,2022-02-28,0.085352816,XGBoost
11536,2022-02-28,0.08685428,XGBoost
11537,2022-02-28,0.076796874,XGBoost
11538,2022-02-28,0.07566085,XGBoost
11539,2022-02-28,0.21916363,XGBoost
1154,2022-02-28,0.23600413,XGBoost
11540,2022-02-28,0.21263023,XGBoost
11541,2022-02-28,0.08333698,XGBoost
11542,2022-02-28,0.23351733,XGBoost
11543,2022-02-28,0.07835481,XGBoost
11544,2022-02-28,0.2077694,XGBoost
11545,2022-02-28,0.23320657,XGBoost
11546,2022-02-28,0.24191023,XGBoost
11547,2022-02-28,0.21435376,XGBoost
11548,2022-02-28,0.06606693,XGBoost
11549,2022-02-28,0.07884568,XGBoost
1155,2022-02-28,0.07638518,XGBoost
11550,2022-02-28,0.07104134,XGBoost
11551,2022-02-28,0.20392296,XGBoost
11552,2022-02-28,0.06932697,XGBoost
11553,2022-02-28,0.08647045,XGBoost
11554,2022-02-28,0.08692352,XGBoost
11555,2022-02-28,0.08905892,XGBoost
11556,2022-02-28,0.22909626,XGBoost
11557,2022-02-28,0.084312774,XGBoost
11558,2022-02-28,0.23811556,XGBoost
11559,2022-02-28,0.232192,XGBoost
1156,2022-02-28,0.078962535,XGBoost
11560,2022-02-28,0.23463961,XGBoost
11561,2022-02-28,0.08362464,XGBoost
11562,2022-02-28,0.213669,XGBoost
11563,2022-02-28,0.08144019,XGBoost
11564,2022-02-28,0.2327048,XGBoost
11565,2022-02-28,0.22021258,XGBoost
11566,2022-02-28,0.20492327,XGBoost
11567,2022-02-28,0.22801608,XGBoost
11568,2022-02-28,0.07102773,XGBoost
11569,2022-02-28,0.080782026,XGBoost
1157,2022-02-28,0.22064923,XGBoost
11570,2022-02-28,0.088185996,XGBoost
11571,2022-02-28,0.08561081,XGBoost
11572,2022-02-28,0.07781235,XGBoost
11573,2022-02-28,0.22856231,XGBoost
11574,2022-02-28,0.21724787,XGBoost
11575,2022-02-28,0.08518151,XGBoost
11576,2022-02-28,0.07443618,XGBoost
11577,2022-02-28,0.2320072,XGBoost
11578,2022-02-28,0.084785126,XGBoost
11579,2022-02-28,0.08430681,XGBoost
1158,2022-02-28,0.22412246,XGBoost
11580,2022-02-28,0.087889716,XGBoost
11581,2022-02-28,0.08489334,XGBoost
11582,2022-02-28,0.23005974,XGBoost
11583,2022-02-28,0.08171801,XGBoost
11584,2022-02-28,0.0866722,XGBoost
11585,2022-02-28,0.22408387,XGBoost
11586,2022-02-28,0.22285621,XGBoost
11587,2022-02-28,0.22293791,XGBoost
11588,2022-02-28,0.22658795,XGBoost
11589,2022-02-28,0.07450682,XGBoost
1159,2022-02-28,0.07886955,XGBoost
11590,2022-02-28,0.22672763,XGBoost
11591,2022-02-28,0.23824742,XGBoost
11592,2022-02-28,0.2168389,XGBoost
11593,2022-02-28,0.08736356,XGBoost
11594,2022-02-28,0.070324294,XGBoost
11595,2022-02-28,0.08118248,XGBoost
11596,2022-02-28,0.08162883,XGBoost
11597,2022-02-28,0.2343243,XGBoost
11598,2022-02-28,0.067882374,XGBoost
11599,2022-02-28,0.07933724,XGBoost
116,2022-02-28,0.078903146,XGBoost
1160,2022-02-28,0.20514508,XGBoost
11600,2022-02-28,0.21896043,XGBoost
11601,2022-02-28,0.08501489,XGBoost
11602,2022-02-28,0.088268034,XGBoost
11603,2022-02-28,0.08623245,XGBoost
11604,2022-02-28,0.07917188,XGBoost
11605,2022-02-28,0.07851616,XGBoost
11606,2022-02-28,0.08281111,XGBoost
11607,2022-02-28,0.24077956,XGBoost
11608,2022-02-28,0.085429244,XGBoost
11609,2022-02-28,0.085886165,XGBoost
1161,2022-02-28,0.07853787,XGBoost
11610,2022-02-28,0.23193184,XGBoost
11611,2022-02-28,0.13440013,XGBoost
11612,2022-02-28,0.07649267,XGBoost
11613,2022-02-28,0.07312168,XGBoost
11614,2022-02-28,0.23059665,XGBoost
11615,2022-02-28,0.23881483,XGBoost
11616,2022-02-28,0.2363934,XGBoost
11617,2022-02-28,0.07867311,XGBoost
11618,2022-02-28,0.22276346,XGBoost
11619,2022-02-28,0.21755475,XGBoost
1162,2022-02-28,0.22984472,XGBoost
11620,2022-02-28,0.2283113,XGBoost
11621,2022-02-28,0.08521744,XGBoost
11622,2022-02-28,0.082632795,XGBoost
11623,2022-02-28,0.22687894,XGBoost
11624,2022-02-28,0.08319283,XGBoost
11625,2022-02-28,0.084426425,XGBoost
11626,2022-02-28,0.24251094,XGBoost
11627,2022-02-28,0.20894106,XGBoost
11628,2022-02-28,0.21824144,XGBoost
11629,2022-02-28,0.20692943,XGBoost
1163,2022-02-28,0.22973546,XGBoost
11630,2022-02-28,0.07864255,XGBoost
11631,2022-02-28,0.071184285,XGBoost
11632,2022-02-28,0.08275217,XGBoost
11633,2022-02-28,0.086338826,XGBoost
11634,2022-02-28,0.06932674,XGBoost
11635,2022-02-28,0.07378166,XGBoost
11636,2022-02-28,0.23688444,XGBoost
11637,2022-02-28,0.2273313,XGBoost
11638,2022-02-28,0.23858784,XGBoost
11639,2022-02-28,0.0863326,XGBoost
1164,2022-02-28,0.20462942,XGBoost
11640,2022-02-28,0.08108712,XGBoost
11641,2022-02-28,0.08557228,XGBoost
11642,2022-02-28,0.22864039,XGBoost
11643,2022-02-28,0.08745104,XGBoost
11644,2022-02-28,0.07617586,XGBoost
11645,2022-02-28,0.07118648,XGBoost
11646,2022-02-28,0.23394965,XGBoost
11647,2022-02-28,0.12292045,XGBoost
11648,2022-02-28,0.2118146,XGBoost
11649,2022-02-28,0.08321493,XGBoost
1165,2022-02-28,0.07989769,XGBoost
11650,2022-02-28,0.08791002,XGBoost
11651,2022-02-28,0.063717276,XGBoost
11652,2022-02-28,0.27169102,XGBoost
11653,2022-02-28,0.22535412,XGBoost
11654,2022-02-28,0.14372064,XGBoost
11655,2022-02-28,0.079151936,XGBoost
11656,2022-02-28,0.08099045,XGBoost
11657,2022-02-28,0.07957187,XGBoost
11658,2022-02-28,0.08057008,XGBoost
11659,2022-02-28,0.08468735,XGBoost
1166,2022-02-28,0.077753715,XGBoost
11660,2022-02-28,0.07355401,XGBoost
11661,2022-02-28,0.24375159,XGBoost
11662,2022-02-28,0.087557934,XGBoost
11663,2022-02-28,0.084505536,XGBoost
11664,2022-02-28,0.22434683,XGBoost
11665,2022-02-28,0.08186844,XGBoost
11666,2022-02-28,0.21715802,XGBoost
11667,2022-02-28,0.23441942,XGBoost
11668,2022-02-28,0.08168331,XGBoost
11669,2022-02-28,0.07151607,XGBoost
1167,2022-02-28,0.08011361,XGBoost
11670,2022-02-28,0.08433161,XGBoost
11671,2022-02-28,0.24657282,XGBoost
11672,2022-02-28,0.07528611,XGBoost
11673,2022-02-28,0.08217258,XGBoost
11674,2022-02-28,0.25716472,XGBoost
11675,2022-02-28,0.22470133,XGBoost
11676,2022-02-28,0.07238621,XGBoost
11677,2022-02-28,0.088766284,XGBoost
11678,2022-02-28,0.084963016,XGBoost
11679,2022-02-28,0.23143442,XGBoost
1168,2022-02-28,0.08324369,XGBoost
11680,2022-02-28,0.08521628,XGBoost
11681,2022-02-28,0.082031675,XGBoost
11682,2022-02-28,0.24041733,XGBoost
11683,2022-02-28,0.078778684,XGBoost
11684,2022-02-28,0.07195146,XGBoost
11685,2022-02-28,0.24658224,XGBoost
11686,2022-02-28,0.08275491,XGBoost
11687,2022-02-28,0.08327276,XGBoost
11688,2022-02-28,0.08428476,XGBoost
11689,2022-02-28,0.2136097,XGBoost
1169,2022-02-28,0.19289652,XGBoost
11690,2022-02-28,0.226558,XGBoost
11691,2022-02-28,0.08868378,XGBoost
11692,2022-02-28,0.07968712,XGBoost
11693,2022-02-28,0.22251871,XGBoost
11694,2022-02-28,0.07635543,XGBoost
11695,2022-02-28,0.07201703,XGBoost
11696,2022-02-28,0.23283586,XGBoost
11697,2022-02-28,0.07603772,XGBoost
11698,2022-02-28,0.08220594,XGBoost
11699,2022-02-28,0.24742173,XGBoost
117,2022-02-28,0.085019775,XGBoost
1170,2022-02-28,0.22042197,XGBoost
11700,2022-02-28,0.076901995,XGBoost
11701,2022-02-28,0.22592658,XGBoost
11702,2022-02-28,0.06892147,XGBoost
11703,2022-02-28,0.07800304,XGBoost
11704,2022-02-28,0.24829718,XGBoost
11705,2022-02-28,0.083577774,XGBoost
11706,2022-02-28,0.07733313,XGBoost
11707,2022-02-28,0.23768948,XGBoost
11708,2022-02-28,0.24393232,XGBoost
11709,2022-02-28,0.08306333,XGBoost
1171,2022-02-28,0.25155,XGBoost
11710,2022-02-28,0.21450862,XGBoost
11711,2022-02-28,0.07633986,XGBoost
11712,2022-02-28,0.07177704,XGBoost
11713,2022-02-28,0.08289667,XGBoost
11714,2022-02-28,0.07908866,XGBoost
11715,2022-02-28,0.22476198,XGBoost
11716,2022-02-28,0.089198634,XGBoost
11717,2022-02-28,0.25175247,XGBoost
11718,2022-02-28,0.23111393,XGBoost
11719,2022-02-28,0.08800287,XGBoost
1172,2022-02-28,0.07397245,XGBoost
11720,2022-02-28,0.22072177,XGBoost
11721,2022-02-28,0.08552762,XGBoost
11722,2022-02-28,0.08762695,XGBoost
11723,2022-02-28,0.07669527,XGBoost
11724,2022-02-28,0.07892242,XGBoost
11725,2022-02-28,0.23852305,XGBoost
11726,2022-02-28,0.25465918,XGBoost
11727,2022-02-28,0.24754064,XGBoost
11728,2022-02-28,0.222927,XGBoost
11729,2022-02-28,0.08305893,XGBoost
1173,2022-02-28,0.23124917,XGBoost
11730,2022-02-28,0.23353389,XGBoost
11731,2022-02-28,0.22726361,XGBoost
11732,2022-02-28,0.22720484,XGBoost
11733,2022-02-28,0.083454676,XGBoost
11734,2022-02-28,0.2027748,XGBoost
11735,2022-02-28,0.24693449,XGBoost
11736,2022-02-28,0.2309415,XGBoost
11737,2022-02-28,0.08576783,XGBoost
11738,2022-02-28,0.0817537,XGBoost
11739,2022-02-28,0.22728258,XGBoost
1174,2022-02-28,0.23714828,XGBoost
11740,2022-02-28,0.23260705,XGBoost
11741,2022-02-28,0.08650528,XGBoost
11742,2022-02-28,0.08099231,XGBoost
11743,2022-02-28,0.24518637,XGBoost
11744,2022-02-28,0.08726789,XGBoost
11745,2022-02-28,0.072234556,XGBoost
11746,2022-02-28,0.23806068,XGBoost
11747,2022-02-28,0.07928866,XGBoost
11748,2022-02-28,0.21728621,XGBoost
11749,2022-02-28,0.22543435,XGBoost
1175,2022-02-28,0.07999649,XGBoost
11750,2022-02-28,0.08305468,XGBoost
11751,2022-02-28,0.24837975,XGBoost
11752,2022-02-28,0.1700352,XGBoost
11753,2022-02-28,0.072376795,XGBoost
11754,2022-02-28,0.22367817,XGBoost
11755,2022-02-28,0.090201005,XGBoost
11756,2022-02-28,0.08493597,XGBoost
11757,2022-02-28,0.22875027,XGBoost
11758,2022-02-28,0.085722685,XGBoost
11759,2022-02-28,0.07581211,XGBoost
1176,2022-02-28,0.078650564,XGBoost
11760,2022-02-28,0.2203704,XGBoost
11761,2022-02-28,0.082325466,XGBoost
11762,2022-02-28,0.07908375,XGBoost
11763,2022-02-28,0.06337754,XGBoost
11764,2022-02-28,0.07179056,XGBoost
11765,2022-02-28,0.08895254,XGBoost
11766,2022-02-28,0.23171757,XGBoost
11767,2022-02-28,0.0832048,XGBoost
11768,2022-02-28,0.08356001,XGBoost
11769,2022-02-28,0.2184189,XGBoost
1177,2022-02-28,0.07912758,XGBoost
11770,2022-02-28,0.082286306,XGBoost
11771,2022-02-28,0.24568574,XGBoost
11772,2022-02-28,0.2003124,XGBoost
11773,2022-02-28,0.22040157,XGBoost
11774,2022-02-28,0.08431888,XGBoost
11775,2022-02-28,0.21828188,XGBoost
11776,2022-02-28,0.08211419,XGBoost
11777,2022-02-28,0.23661333,XGBoost
11778,2022-02-28,0.2307243,XGBoost
11779,2022-02-28,0.22705986,XGBoost
1178,2022-02-28,0.08258544,XGBoost
11780,2022-02-28,0.08570305,XGBoost
11781,2022-02-28,0.08678615,XGBoost
11782,2022-02-28,0.08232587,XGBoost
11783,2022-02-28,0.08815206,XGBoost
11784,2022-02-28,0.25034362,XGBoost
11785,2022-02-28,0.081497364,XGBoost
11786,2022-02-28,0.081623815,XGBoost
11787,2022-02-28,0.088762395,XGBoost
11788,2022-02-28,0.2486242,XGBoost
11789,2022-02-28,0.0807789,XGBoost
1179,2022-02-28,0.23262781,XGBoost
11790,2022-02-28,0.0842766,XGBoost
11791,2022-02-28,0.08350298,XGBoost
11792,2022-02-28,0.24747375,XGBoost
11793,2022-02-28,0.24658944,XGBoost
11794,2022-02-28,0.08594476,XGBoost
11795,2022-02-28,0.08532238,XGBoost
11796,2022-02-28,0.23500085,XGBoost
11797,2022-02-28,0.08207066,XGBoost
11798,2022-02-28,0.22298394,XGBoost
11799,2022-02-28,0.08396419,XGBoost
118,2022-02-28,0.23014584,XGBoost
1180,2022-02-28,0.22567987,XGBoost
11800,2022-02-28,0.086178176,XGBoost
11801,2022-02-28,0.23664232,XGBoost
11802,2022-02-28,0.22616912,XGBoost
11803,2022-02-28,0.0825815,XGBoost
11804,2022-02-28,0.11840401,XGBoost
11805,2022-02-28,0.20393993,XGBoost
11806,2022-02-28,0.08126905,XGBoost
11807,2022-02-28,0.084057786,XGBoost
11808,2022-02-28,0.23348546,XGBoost
11809,2022-02-28,0.08003933,XGBoost
1181,2022-02-28,0.21639366,XGBoost
11810,2022-02-28,0.19977382,XGBoost
11811,2022-02-28,0.07867575,XGBoost
11812,2022-02-28,0.08476884,XGBoost
11813,2022-02-28,0.08715513,XGBoost
11814,2022-02-28,0.083428614,XGBoost
11815,2022-02-28,0.22062558,XGBoost
11816,2022-02-28,0.22458173,XGBoost
11817,2022-02-28,0.08723062,XGBoost
11818,2022-02-28,0.20296611,XGBoost
11819,2022-02-28,0.078597024,XGBoost
1182,2022-02-28,0.23142412,XGBoost
11820,2022-02-28,0.07681281,XGBoost
11821,2022-02-28,0.08620132,XGBoost
11822,2022-02-28,0.08549618,XGBoost
11823,2022-02-28,0.07224965,XGBoost
11824,2022-02-28,0.0833684,XGBoost
11825,2022-02-28,0.07572502,XGBoost
11826,2022-02-28,0.24528126,XGBoost
11827,2022-02-28,0.23472245,XGBoost
11828,2022-02-28,0.08038305,XGBoost
11829,2022-02-28,0.08231659,XGBoost
1183,2022-02-28,0.07293755,XGBoost
11830,2022-02-28,0.21847247,XGBoost
11831,2022-02-28,0.08302146,XGBoost
11832,2022-02-28,0.086185075,XGBoost
11833,2022-02-28,0.08219915,XGBoost
11834,2022-02-28,0.08652967,XGBoost
11835,2022-02-28,0.08535122,XGBoost
11836,2022-02-28,0.084762156,XGBoost
11837,2022-02-28,0.07054641,XGBoost
11838,2022-02-28,0.21683629,XGBoost
11839,2022-02-28,0.0796849,XGBoost
1184,2022-02-28,0.08541846,XGBoost
11840,2022-02-28,0.21656188,XGBoost
11841,2022-02-28,0.2354979,XGBoost
11842,2022-02-28,0.22757258,XGBoost
11843,2022-02-28,0.08412309,XGBoost
11844,2022-02-28,0.21136698,XGBoost
11845,2022-02-28,0.085229635,XGBoost
11846,2022-02-28,0.23338379,XGBoost
11847,2022-02-28,0.21065493,XGBoost
11848,2022-02-28,0.086484134,XGBoost
11849,2022-02-28,0.23773985,XGBoost
1185,2022-02-28,0.23203294,XGBoost
11850,2022-02-28,0.08279902,XGBoost
11851,2022-02-28,0.21510282,XGBoost
11852,2022-02-28,0.07237258,XGBoost
11853,2022-02-28,0.08398242,XGBoost
11854,2022-02-28,0.08498211,XGBoost
11855,2022-02-28,0.23648652,XGBoost
11856,2022-02-28,0.084366456,XGBoost
11857,2022-02-28,0.2204124,XGBoost
11858,2022-02-28,0.08361964,XGBoost
11859,2022-02-28,0.21246319,XGBoost
1186,2022-02-28,0.23771082,XGBoost
11860,2022-02-28,0.24910097,XGBoost
11861,2022-02-28,0.07886901,XGBoost
11862,2022-02-28,0.06580252,XGBoost
11863,2022-02-28,0.22524157,XGBoost
11864,2022-02-28,0.07050946,XGBoost
11865,2022-02-28,0.085454434,XGBoost
11866,2022-02-28,0.06977873,XGBoost
11867,2022-02-28,0.087987736,XGBoost
11868,2022-02-28,0.07114075,XGBoost
11869,2022-02-28,0.2058505,XGBoost
1187,2022-02-28,0.08182579,XGBoost
11870,2022-02-28,0.21661794,XGBoost
11871,2022-02-28,0.081706576,XGBoost
11872,2022-02-28,0.2514932,XGBoost
11873,2022-02-28,0.07136372,XGBoost
11874,2022-02-28,0.24625014,XGBoost
11875,2022-02-28,0.25307143,XGBoost
11876,2022-02-28,0.07788457,XGBoost
11877,2022-02-28,0.24311562,XGBoost
11878,2022-02-28,0.082795195,XGBoost
11879,2022-02-28,0.24121201,XGBoost
1188,2022-02-28,0.08614987,XGBoost
11880,2022-02-28,0.22804682,XGBoost
11881,2022-02-28,0.08789568,XGBoost
11882,2022-02-28,0.07860347,XGBoost
11883,2022-02-28,0.06922481,XGBoost
11884,2022-02-28,0.2304368,XGBoost
11885,2022-02-28,0.07997958,XGBoost
11886,2022-02-28,0.08422966,XGBoost
11887,2022-02-28,0.070345476,XGBoost
11888,2022-02-28,0.23687361,XGBoost
11889,2022-02-28,0.2461893,XGBoost
1189,2022-02-28,0.08035274,XGBoost
11890,2022-02-28,0.08419609,XGBoost
11891,2022-02-28,0.22355406,XGBoost
11892,2022-02-28,0.08397391,XGBoost
11893,2022-02-28,0.21725051,XGBoost
11894,2022-02-28,0.072550155,XGBoost
11895,2022-02-28,0.08855113,XGBoost
11896,2022-02-28,0.22158933,XGBoost
11897,2022-02-28,0.23780715,XGBoost
11898,2022-02-28,0.2415996,XGBoost
11899,2022-02-28,0.0821711,XGBoost
119,2022-02-28,0.084252484,XGBoost
1190,2022-02-28,0.2376375,XGBoost
11900,2022-02-28,0.21514459,XGBoost
11901,2022-02-28,0.07802944,XGBoost
11902,2022-02-28,0.24107467,XGBoost
11903,2022-02-28,0.071531385,XGBoost
11904,2022-02-28,0.09054531,XGBoost
11905,2022-02-28,0.23948252,XGBoost
11906,2022-02-28,0.080180876,XGBoost
11907,2022-02-28,0.23271866,XGBoost
11908,2022-02-28,0.23326628,XGBoost
11909,2022-02-28,0.083356425,XGBoost
1191,2022-02-28,0.0823324,XGBoost
11910,2022-02-28,0.23039289,XGBoost
11911,2022-02-28,0.22224456,XGBoost
11912,2022-02-28,0.07854385,XGBoost
11913,2022-02-28,0.09123609,XGBoost
11914,2022-02-28,0.08458155,XGBoost
11915,2022-02-28,0.08259902,XGBoost
11916,2022-02-28,0.23178901,XGBoost
11917,2022-02-28,0.07766461,XGBoost
11918,2022-02-28,0.08138307,XGBoost
11919,2022-02-28,0.08220361,XGBoost
1192,2022-02-28,0.07248394,XGBoost
11920,2022-02-28,0.085292704,XGBoost
11921,2022-02-28,0.074979104,XGBoost
11922,2022-02-28,0.23905909,XGBoost
11923,2022-02-28,0.07032711,XGBoost
11924,2022-02-28,0.23054096,XGBoost
11925,2022-02-28,0.21809234,XGBoost
11926,2022-02-28,0.23044057,XGBoost
11927,2022-02-28,0.2261344,XGBoost
11928,2022-02-28,0.085732035,XGBoost
11929,2022-02-28,0.22426163,XGBoost
1193,2022-02-28,0.0849032,XGBoost
11930,2022-02-28,0.22852992,XGBoost
11931,2022-02-28,0.07972167,XGBoost
11932,2022-02-28,0.23707943,XGBoost
11933,2022-02-28,0.07829592,XGBoost
11934,2022-02-28,0.08121545,XGBoost
11935,2022-02-28,0.23994058,XGBoost
11936,2022-02-28,0.087814935,XGBoost
11937,2022-02-28,0.078182936,XGBoost
11938,2022-02-28,0.2317414,XGBoost
11939,2022-02-28,0.23302045,XGBoost
1194,2022-02-28,0.086470485,XGBoost
11940,2022-02-28,0.071881935,XGBoost
11941,2022-02-28,0.22088875,XGBoost
11942,2022-02-28,0.07376635,XGBoost
11943,2022-02-28,0.24522436,XGBoost
11944,2022-02-28,0.2513569,XGBoost
11945,2022-02-28,0.082976475,XGBoost
11946,2022-02-28,0.24149442,XGBoost
11947,2022-02-28,0.07334206,XGBoost
11948,2022-02-28,0.07716334,XGBoost
11949,2022-02-28,0.19367516,XGBoost
1195,2022-02-28,0.08405231,XGBoost
11950,2022-02-28,0.07098314,XGBoost
11951,2022-02-28,0.0830402,XGBoost
11952,2022-02-28,0.2398886,XGBoost
11953,2022-02-28,0.11008003,XGBoost
11954,2022-02-28,0.08228429,XGBoost
11955,2022-02-28,0.22616345,XGBoost
11956,2022-02-28,0.07282349,XGBoost
11957,2022-02-28,0.07124188,XGBoost
11958,2022-02-28,0.08161553,XGBoost
11959,2022-02-28,0.08882732,XGBoost
1196,2022-02-28,0.23070437,XGBoost
11960,2022-02-28,0.083932236,XGBoost
11961,2022-02-28,0.085141286,XGBoost
11962,2022-02-28,0.07794265,XGBoost
11963,2022-02-28,0.07956141,XGBoost
11964,2022-02-28,0.23698781,XGBoost
11965,2022-02-28,0.08171264,XGBoost
11966,2022-02-28,0.08469337,XGBoost
11967,2022-02-28,0.22422647,XGBoost
11968,2022-02-28,0.08650122,XGBoost
11969,2022-02-28,0.22921082,XGBoost
1197,2022-02-28,0.077510506,XGBoost
11970,2022-02-28,0.069161355,XGBoost
11971,2022-02-28,0.08378945,XGBoost
11972,2022-02-28,0.08196791,XGBoost
11973,2022-02-28,0.2278931,XGBoost
11974,2022-02-28,0.07945107,XGBoost
11975,2022-02-28,0.08587747,XGBoost
11976,2022-02-28,0.22957319,XGBoost
11977,2022-02-28,0.21905674,XGBoost
11978,2022-02-28,0.070346154,XGBoost
11979,2022-02-28,0.21965659,XGBoost
1198,2022-02-28,0.080553554,XGBoost
11980,2022-02-28,0.21969092,XGBoost
11981,2022-02-28,0.2173497,XGBoost
11982,2022-02-28,0.07095068,XGBoost
11983,2022-02-28,0.074346565,XGBoost
11984,2022-02-28,0.08593541,XGBoost
11985,2022-02-28,0.22936696,XGBoost
11986,2022-02-28,0.20335925,XGBoost
11987,2022-02-28,0.07802047,XGBoost
11988,2022-02-28,0.08455599,XGBoost
11989,2022-02-28,0.23932074,XGBoost
1199,2022-02-28,0.23071116,XGBoost
11990,2022-02-28,0.07906352,XGBoost
11991,2022-02-28,0.08568817,XGBoost
11992,2022-02-28,0.07887175,XGBoost
11993,2022-02-28,0.21347027,XGBoost
11994,2022-02-28,0.24630359,XGBoost
11995,2022-02-28,0.22418623,XGBoost
11996,2022-02-28,0.08687169,XGBoost
11997,2022-02-28,0.08433127,XGBoost
11998,2022-02-28,0.08248842,XGBoost
11999,2022-02-28,0.23596199,XGBoost
12,2022-02-28,0.084844306,XGBoost
120,2022-02-28,0.22006144,XGBoost
1200,2022-02-28,0.12303296,XGBoost
12000,2022-02-28,0.08533342,XGBoost
12001,2022-02-28,0.088413246,XGBoost
12002,2022-02-28,0.22683206,XGBoost
12003,2022-02-28,0.0828691,XGBoost
12004,2022-02-28,0.20648494,XGBoost
12005,2022-02-28,0.07965264,XGBoost
12006,2022-02-28,0.08189187,XGBoost
12007,2022-02-28,0.21081907,XGBoost
12008,2022-02-28,0.08200229,XGBoost
12009,2022-02-28,0.0719026,XGBoost
1201,2022-02-28,0.0879339,XGBoost
12010,2022-02-28,0.21811767,XGBoost
12011,2022-02-28,0.23936363,XGBoost
12012,2022-02-28,0.08489039,XGBoost
12013,2022-02-28,0.20848003,XGBoost
12014,2022-02-28,0.085763335,XGBoost
12015,2022-02-28,0.086254455,XGBoost
12016,2022-02-28,0.19079238,XGBoost
12017,2022-02-28,0.23092833,XGBoost
12018,2022-02-28,0.237153,XGBoost
12019,2022-02-28,0.066376634,XGBoost
1202,2022-02-28,0.07144349,XGBoost
12020,2022-02-28,0.08500892,XGBoost
12021,2022-02-28,0.23224159,XGBoost
12022,2022-02-28,0.26385254,XGBoost
12023,2022-02-28,0.084460035,XGBoost
12024,2022-02-28,0.24516313,XGBoost
12025,2022-02-28,0.25073758,XGBoost
12026,2022-02-28,0.08272397,XGBoost
12027,2022-02-28,0.21593644,XGBoost
12028,2022-02-28,0.23310284,XGBoost
12029,2022-02-28,0.08761311,XGBoost
1203,2022-02-28,0.07693107,XGBoost
12030,2022-02-28,0.08844767,XGBoost
12031,2022-02-28,0.08576037,XGBoost
12032,2022-02-28,0.076881625,XGBoost
12033,2022-02-28,0.24693623,XGBoost
12034,2022-02-28,0.086138785,XGBoost
12035,2022-02-28,0.22804415,XGBoost
12036,2022-02-28,0.22385755,XGBoost
12037,2022-02-28,0.077037156,XGBoost
12038,2022-02-28,0.082307965,XGBoost
12039,2022-02-28,0.08693481,XGBoost
1204,2022-02-28,0.08636556,XGBoost
12040,2022-02-28,0.08453794,XGBoost
12041,2022-02-28,0.19963735,XGBoost
12042,2022-02-28,0.07230876,XGBoost
12043,2022-02-28,0.22262953,XGBoost
12044,2022-02-28,0.24152164,XGBoost
12045,2022-02-28,0.0790273,XGBoost
12046,2022-02-28,0.0800901,XGBoost
12047,2022-02-28,0.22315408,XGBoost
12048,2022-02-28,0.08736835,XGBoost
12049,2022-02-28,0.076596655,XGBoost
1205,2022-02-28,0.08575488,XGBoost
12050,2022-02-28,0.08747432,XGBoost
12051,2022-02-28,0.2250365,XGBoost
12052,2022-02-28,0.072983466,XGBoost
12053,2022-02-28,0.2160794,XGBoost
12054,2022-02-28,0.23800255,XGBoost
12055,2022-02-28,0.08259108,XGBoost
12056,2022-02-28,0.08362789,XGBoost
12057,2022-02-28,0.08251063,XGBoost
12058,2022-02-28,0.081555754,XGBoost
12059,2022-02-28,0.20023772,XGBoost
1206,2022-02-28,0.20581764,XGBoost
12060,2022-02-28,0.2175269,XGBoost
12061,2022-02-28,0.08223845,XGBoost
12062,2022-02-28,0.22295885,XGBoost
12063,2022-02-28,0.23614651,XGBoost
12064,2022-02-28,0.07658614,XGBoost
12065,2022-02-28,0.06879234,XGBoost
12066,2022-02-28,0.22153933,XGBoost
12067,2022-02-28,0.072778195,XGBoost
12068,2022-02-28,0.084604695,XGBoost
12069,2022-02-28,0.21278487,XGBoost
1207,2022-02-28,0.07108817,XGBoost
12070,2022-02-28,0.2288356,XGBoost
12071,2022-02-28,0.0783804,XGBoost
12072,2022-02-28,0.22207366,XGBoost
12073,2022-02-28,0.11896548,XGBoost
12074,2022-02-28,0.08227702,XGBoost
12075,2022-02-28,0.08237503,XGBoost
12076,2022-02-28,0.08623347,XGBoost
12077,2022-02-28,0.23909917,XGBoost
12078,2022-02-28,0.0851597,XGBoost
12079,2022-02-28,0.22754021,XGBoost
1208,2022-02-28,0.24336079,XGBoost
12080,2022-02-28,0.078489445,XGBoost
12081,2022-02-28,0.07919826,XGBoost
12082,2022-02-28,0.07962671,XGBoost
12083,2022-02-28,0.0644097,XGBoost
12084,2022-02-28,0.072809316,XGBoost
12085,2022-02-28,0.0832736,XGBoost
12086,2022-02-28,0.08441808,XGBoost
12087,2022-02-28,0.08797561,XGBoost
12088,2022-02-28,0.21341553,XGBoost
12089,2022-02-28,0.22450975,XGBoost
1209,2022-02-28,0.07801306,XGBoost
12090,2022-02-28,0.07498245,XGBoost
12091,2022-02-28,0.07171685,XGBoost
12092,2022-02-28,0.08312373,XGBoost
12093,2022-02-28,0.21537583,XGBoost
12094,2022-02-28,0.078205295,XGBoost
12095,2022-02-28,0.08139262,XGBoost
12096,2022-02-28,0.07916429,XGBoost
12097,2022-02-28,0.24042037,XGBoost
12098,2022-02-28,0.08451967,XGBoost
12099,2022-02-28,0.087720826,XGBoost
121,2022-02-28,0.2080245,XGBoost
1210,2022-02-28,0.08437375,XGBoost
12100,2022-02-28,0.08727239,XGBoost
12101,2022-02-28,0.08216522,XGBoost
12102,2022-02-28,0.080824964,XGBoost
12103,2022-02-28,0.068108946,XGBoost
12104,2022-02-28,0.2167993,XGBoost
12105,2022-02-28,0.0833831,XGBoost
12106,2022-02-28,0.08036337,XGBoost
12107,2022-02-28,0.2022114,XGBoost
12108,2022-02-28,0.0832128,XGBoost
12109,2022-02-28,0.08484582,XGBoost
1211,2022-02-28,0.24919915,XGBoost
12110,2022-02-28,0.07246133,XGBoost
12111,2022-02-28,0.08413359,XGBoost
12112,2022-02-28,0.115453735,XGBoost
12113,2022-02-28,0.24775809,XGBoost
12114,2022-02-28,0.08307233,XGBoost
12115,2022-02-28,0.23132144,XGBoost
12116,2022-02-28,0.07775061,XGBoost
12117,2022-02-28,0.084669605,XGBoost
12118,2022-02-28,0.08551517,XGBoost
12119,2022-02-28,0.068849176,XGBoost
1212,2022-02-28,0.08383647,XGBoost
12120,2022-02-28,0.08605998,XGBoost
12121,2022-02-28,0.2259672,XGBoost
12122,2022-02-28,0.0627546,XGBoost
12123,2022-02-28,0.22564483,XGBoost
12124,2022-02-28,0.075905606,XGBoost
12125,2022-02-28,0.1947079,XGBoost
12126,2022-02-28,0.23608018,XGBoost
12127,2022-02-28,0.24134156,XGBoost
12128,2022-02-28,0.08163972,XGBoost
12129,2022-02-28,0.22921869,XGBoost
1213,2022-02-28,0.23958252,XGBoost
12130,2022-02-28,0.08681745,XGBoost
12131,2022-02-28,0.07573876,XGBoost
12132,2022-02-28,0.2262498,XGBoost
12133,2022-02-28,0.2046813,XGBoost
12134,2022-02-28,0.07794878,XGBoost
12135,2022-02-28,0.08357431,XGBoost
12136,2022-02-28,0.2368651,XGBoost
12137,2022-02-28,0.22017573,XGBoost
12138,2022-02-28,0.08510859,XGBoost
12139,2022-02-28,0.070839554,XGBoost
1214,2022-02-28,0.07827463,XGBoost
12140,2022-02-28,0.08479052,XGBoost
12141,2022-02-28,0.070081405,XGBoost
12142,2022-02-28,0.08324985,XGBoost
12143,2022-02-28,0.22202228,XGBoost
12144,2022-02-28,0.22269528,XGBoost
12145,2022-02-28,0.07730077,XGBoost
12146,2022-02-28,0.2285435,XGBoost
12147,2022-02-28,0.23124406,XGBoost
12148,2022-02-28,0.07907289,XGBoost
12149,2022-02-28,0.083288476,XGBoost
1215,2022-02-28,0.23865417,XGBoost
12150,2022-02-28,0.24419044,XGBoost
12151,2022-02-28,0.07197967,XGBoost
12152,2022-02-28,0.22100118,XGBoost
12153,2022-02-28,0.08563817,XGBoost
12154,2022-02-28,0.23458968,XGBoost
12155,2022-02-28,0.0680487,XGBoost
12156,2022-02-28,0.07163754,XGBoost
12157,2022-02-28,0.22559424,XGBoost
12158,2022-02-28,0.084908016,XGBoost
12159,2022-02-28,0.08250511,XGBoost
1216,2022-02-28,0.083203055,XGBoost
12160,2022-02-28,0.24670683,XGBoost
12161,2022-02-28,0.21221541,XGBoost
12162,2022-02-28,0.083805025,XGBoost
12163,2022-02-28,0.2556722,XGBoost
12164,2022-02-28,0.23876163,XGBoost
12165,2022-02-28,0.25133708,XGBoost
12166,2022-02-28,0.08235058,XGBoost
12167,2022-02-28,0.0771283,XGBoost
12168,2022-02-28,0.21974228,XGBoost
12169,2022-02-28,0.068239264,XGBoost
1217,2022-02-28,0.22791384,XGBoost
12170,2022-02-28,0.22963898,XGBoost
12171,2022-02-28,0.22198108,XGBoost
12172,2022-02-28,0.24067688,XGBoost
12173,2022-02-28,0.22684352,XGBoost
12174,2022-02-28,0.21411471,XGBoost
12175,2022-02-28,0.06952433,XGBoost
12176,2022-02-28,0.24489182,XGBoost
12177,2022-02-28,0.25367618,XGBoost
12178,2022-02-28,0.076377526,XGBoost
12179,2022-02-28,0.23181999,XGBoost
1218,2022-02-28,0.07182764,XGBoost
12180,2022-02-28,0.07942991,XGBoost
12181,2022-02-28,0.07968331,XGBoost
12182,2022-02-28,0.20653735,XGBoost
12183,2022-02-28,0.083027676,XGBoost
12184,2022-02-28,0.075417615,XGBoost
12185,2022-02-28,0.087519385,XGBoost
12186,2022-02-28,0.085311,XGBoost
12187,2022-02-28,0.2383945,XGBoost
12188,2022-02-28,0.23554663,XGBoost
12189,2022-02-28,0.07742239,XGBoost
1219,2022-02-28,0.0836726,XGBoost
12190,2022-02-28,0.2191635,XGBoost
12191,2022-02-28,0.07801567,XGBoost
12192,2022-02-28,0.23604581,XGBoost
12193,2022-02-28,0.082758464,XGBoost
12194,2022-02-28,0.079197936,XGBoost
12195,2022-02-28,0.08555523,XGBoost
12196,2022-02-28,0.082239315,XGBoost
12197,2022-02-28,0.077547155,XGBoost
12198,2022-02-28,0.080808125,XGBoost
12199,2022-02-28,0.26109102,XGBoost
122,2022-02-28,0.07748618,XGBoost
1220,2022-02-28,0.21515088,XGBoost
12200,2022-02-28,0.21961622,XGBoost
12201,2022-02-28,0.07760012,XGBoost
12202,2022-02-28,0.2334528,XGBoost
12203,2022-02-28,0.08233042,XGBoost
12204,2022-02-28,0.07821015,XGBoost
12205,2022-02-28,0.22201255,XGBoost
12206,2022-02-28,0.08346035,XGBoost
12207,2022-02-28,0.08045275,XGBoost
12208,2022-02-28,0.08634622,XGBoost
12209,2022-02-28,0.07179978,XGBoost
1221,2022-02-28,0.2393856,XGBoost
12210,2022-02-28,0.20785813,XGBoost
12211,2022-02-28,0.0687316,XGBoost
12212,2022-02-28,0.2538585,XGBoost
12213,2022-02-28,0.23654006,XGBoost
12214,2022-02-28,0.22556508,XGBoost
12215,2022-02-28,0.07802091,XGBoost
12216,2022-02-28,0.22449799,XGBoost
12217,2022-02-28,0.25552332,XGBoost
12218,2022-02-28,0.2168757,XGBoost
12219,2022-02-28,0.21893637,XGBoost
1222,2022-02-28,0.21283196,XGBoost
12220,2022-02-28,0.06911697,XGBoost
12221,2022-02-28,0.22928081,XGBoost
12222,2022-02-28,0.15632984,XGBoost
12223,2022-02-28,0.08630234,XGBoost
12224,2022-02-28,0.08588666,XGBoost
12225,2022-02-28,0.24017933,XGBoost
12226,2022-02-28,0.24699537,XGBoost
12227,2022-02-28,0.21549213,XGBoost
12228,2022-02-28,0.24594894,XGBoost
12229,2022-02-28,0.08170212,XGBoost
1223,2022-02-28,0.23391542,XGBoost
12230,2022-02-28,0.22718199,XGBoost
12231,2022-02-28,0.08294505,XGBoost
12232,2022-02-28,0.22269788,XGBoost
12233,2022-02-28,0.08651303,XGBoost
12234,2022-02-28,0.22815865,XGBoost
12235,2022-02-28,0.20229837,XGBoost
12236,2022-02-28,0.08303696,XGBoost
12237,2022-02-28,0.06379217,XGBoost
12238,2022-02-28,0.084129736,XGBoost
12239,2022-02-28,0.07069942,XGBoost
1224,2022-02-28,0.07822202,XGBoost
12240,2022-02-28,0.07831052,XGBoost
12241,2022-02-28,0.07988258,XGBoost
12242,2022-02-28,0.08281895,XGBoost
12243,2022-02-28,0.072195925,XGBoost
12244,2022-02-28,0.25339183,XGBoost
12245,2022-02-28,0.08047864,XGBoost
12246,2022-02-28,0.07891019,XGBoost
12247,2022-02-28,0.08599697,XGBoost
12248,2022-02-28,0.08482201,XGBoost
12249,2022-02-28,0.079938926,XGBoost
1225,2022-02-28,0.22939613,XGBoost
12250,2022-02-28,0.0877181,XGBoost
12251,2022-02-28,0.23637706,XGBoost
12252,2022-02-28,0.085689954,XGBoost
12253,2022-02-28,0.10646519,XGBoost
12254,2022-02-28,0.073068835,XGBoost
12255,2022-02-28,0.24997103,XGBoost
12256,2022-02-28,0.2311221,XGBoost
12257,2022-02-28,0.087030716,XGBoost
12258,2022-02-28,0.08227715,XGBoost
12259,2022-02-28,0.231292,XGBoost
1226,2022-02-28,0.23691836,XGBoost
12260,2022-02-28,0.064114995,XGBoost
12261,2022-02-28,0.25391418,XGBoost
12262,2022-02-28,0.22390011,XGBoost
12263,2022-02-28,0.08770946,XGBoost
12264,2022-02-28,0.06460493,XGBoost
12265,2022-02-28,0.08036717,XGBoost
12266,2022-02-28,0.06586803,XGBoost
12267,2022-02-28,0.2277337,XGBoost
12268,2022-02-28,0.24220507,XGBoost
12269,2022-02-28,0.076542675,XGBoost
1227,2022-02-28,0.067809105,XGBoost
12270,2022-02-28,0.2424803,XGBoost
12271,2022-02-28,0.08418166,XGBoost
12272,2022-02-28,0.23623647,XGBoost
12273,2022-02-28,0.083495945,XGBoost
12274,2022-02-28,0.08581013,XGBoost
12275,2022-02-28,0.21974301,XGBoost
12276,2022-02-28,0.08191557,XGBoost
12277,2022-02-28,0.07343383,XGBoost
12278,2022-02-28,0.0717979,XGBoost
12279,2022-02-28,0.08375167,XGBoost
1228,2022-02-28,0.22544324,XGBoost
12280,2022-02-28,0.083618596,XGBoost
12281,2022-02-28,0.077100806,XGBoost
12282,2022-02-28,0.082032345,XGBoost
12283,2022-02-28,0.08631602,XGBoost
12284,2022-02-28,0.08189887,XGBoost
12285,2022-02-28,0.08170268,XGBoost
12286,2022-02-28,0.08258354,XGBoost
12287,2022-02-28,0.07817129,XGBoost
12288,2022-02-28,0.22369309,XGBoost
12289,2022-02-28,0.08292988,XGBoost
1229,2022-02-28,0.08218805,XGBoost
12290,2022-02-28,0.08766462,XGBoost
12291,2022-02-28,0.24001946,XGBoost
12292,2022-02-28,0.08147616,XGBoost
12293,2022-02-28,0.08313854,XGBoost
12294,2022-02-28,0.08654973,XGBoost
12295,2022-02-28,0.21017885,XGBoost
12296,2022-02-28,0.2314576,XGBoost
12297,2022-02-28,0.24275145,XGBoost
12298,2022-02-28,0.2246337,XGBoost
12299,2022-02-28,0.08556691,XGBoost
123,2022-02-28,0.2010111,XGBoost
1230,2022-02-28,0.2510375,XGBoost
12300,2022-02-28,0.20799927,XGBoost
12301,2022-02-28,0.08086334,XGBoost
12302,2022-02-28,0.25207457,XGBoost
12303,2022-02-28,0.0823836,XGBoost
12304,2022-02-28,0.21705563,XGBoost
12305,2022-02-28,0.08268108,XGBoost
12306,2022-02-28,0.0820922,XGBoost
12307,2022-02-28,0.2320518,XGBoost
12308,2022-02-28,0.085493974,XGBoost
12309,2022-02-28,0.083355345,XGBoost
1231,2022-02-28,0.08292885,XGBoost
12310,2022-02-28,0.2282228,XGBoost
12311,2022-02-28,0.22364476,XGBoost
12312,2022-02-28,0.23577447,XGBoost
12313,2022-02-28,0.082490966,XGBoost
12314,2022-02-28,0.06989504,XGBoost
12315,2022-02-28,0.24473147,XGBoost
12316,2022-02-28,0.06492387,XGBoost
12317,2022-02-28,0.06927667,XGBoost
12318,2022-02-28,0.24814506,XGBoost
12319,2022-02-28,0.07822436,XGBoost
1232,2022-02-28,0.08262322,XGBoost
12320,2022-02-28,0.21171905,XGBoost
12321,2022-02-28,0.22526224,XGBoost
12322,2022-02-28,0.0870956,XGBoost
12323,2022-02-28,0.06536195,XGBoost
12324,2022-02-28,0.07640027,XGBoost
12325,2022-02-28,0.08207593,XGBoost
12326,2022-02-28,0.07899598,XGBoost
12327,2022-02-28,0.23991905,XGBoost
12328,2022-02-28,0.23297626,XGBoost
12329,2022-02-28,0.21823254,XGBoost
1233,2022-02-28,0.083343774,XGBoost
12330,2022-02-28,0.08220264,XGBoost
12331,2022-02-28,0.08227398,XGBoost
12332,2022-02-28,0.08619136,XGBoost
12333,2022-02-28,0.24324827,XGBoost
12334,2022-02-28,0.23487696,XGBoost
12335,2022-02-28,0.07664303,XGBoost
12336,2022-02-28,0.0799108,XGBoost
12337,2022-02-28,0.082093656,XGBoost
12338,2022-02-28,0.22270992,XGBoost
12339,2022-02-28,0.07720829,XGBoost
1234,2022-02-28,0.08624266,XGBoost
12340,2022-02-28,0.24371958,XGBoost
12341,2022-02-28,0.07200755,XGBoost
12342,2022-02-28,0.08577641,XGBoost
12343,2022-02-28,0.08557994,XGBoost
12344,2022-02-28,0.0879179,XGBoost
12345,2022-02-28,0.0775167,XGBoost
12346,2022-02-28,0.2163279,XGBoost
12347,2022-02-28,0.08430983,XGBoost
12348,2022-02-28,0.081663914,XGBoost
12349,2022-02-28,0.22814319,XGBoost
1235,2022-02-28,0.07262746,XGBoost
12350,2022-02-28,0.085862964,XGBoost
12351,2022-02-28,0.2197452,XGBoost
12352,2022-02-28,0.08308898,XGBoost
12353,2022-02-28,0.0799695,XGBoost
12354,2022-02-28,0.090985395,XGBoost
12355,2022-02-28,0.2451037,XGBoost
12356,2022-02-28,0.0788876,XGBoost
12357,2022-02-28,0.2233186,XGBoost
12358,2022-02-28,0.07728871,XGBoost
12359,2022-02-28,0.23259464,XGBoost
1236,2022-02-28,0.21241039,XGBoost
12360,2022-02-28,0.23213609,XGBoost
12361,2022-02-28,0.075720645,XGBoost
12362,2022-02-28,0.0819343,XGBoost
12363,2022-02-28,0.0711463,XGBoost
12364,2022-02-28,0.24079564,XGBoost
12365,2022-02-28,0.08142058,XGBoost
12366,2022-02-28,0.0715101,XGBoost
12367,2022-02-28,0.079560444,XGBoost
12368,2022-02-28,0.07637532,XGBoost
12369,2022-02-28,0.08368689,XGBoost
1237,2022-02-28,0.21642058,XGBoost
12370,2022-02-28,0.07456478,XGBoost
12371,2022-02-28,0.2452611,XGBoost
12372,2022-02-28,0.22954248,XGBoost
12373,2022-02-28,0.2328074,XGBoost
12374,2022-02-28,0.08391638,XGBoost
12375,2022-02-28,0.07732288,XGBoost
12376,2022-02-28,0.23223841,XGBoost
12377,2022-02-28,0.2233275,XGBoost
12378,2022-02-28,0.084288485,XGBoost
12379,2022-02-28,0.22607818,XGBoost
1238,2022-02-28,0.081859425,XGBoost
12380,2022-02-28,0.23419537,XGBoost
12381,2022-02-28,0.2420333,XGBoost
12382,2022-02-28,0.2466438,XGBoost
12383,2022-02-28,0.23184305,XGBoost
12384,2022-02-28,0.24857077,XGBoost
12385,2022-02-28,0.080403134,XGBoost
12386,2022-02-28,0.2151661,XGBoost
12387,2022-02-28,0.22467563,XGBoost
12388,2022-02-28,0.076339856,XGBoost
12389,2022-02-28,0.2109355,XGBoost
1239,2022-02-28,0.08121596,XGBoost
12390,2022-02-28,0.22741033,XGBoost
12391,2022-02-28,0.079937324,XGBoost
12392,2022-02-28,0.07663751,XGBoost
12393,2022-02-28,0.08540694,XGBoost
12394,2022-02-28,0.08261616,XGBoost
12395,2022-02-28,0.07847088,XGBoost
12396,2022-02-28,0.0710386,XGBoost
12397,2022-02-28,0.23156345,XGBoost
12398,2022-02-28,0.08056718,XGBoost
12399,2022-02-28,0.21425171,XGBoost
124,2022-02-28,0.08700941,XGBoost
1240,2022-02-28,0.2326627,XGBoost
12400,2022-02-28,0.071352385,XGBoost
12401,2022-02-28,0.25573608,XGBoost
12402,2022-02-28,0.2656296,XGBoost
12403,2022-02-28,0.23857883,XGBoost
12404,2022-02-28,0.083759435,XGBoost
12405,2022-02-28,0.07023771,XGBoost
12406,2022-02-28,0.21313599,XGBoost
12407,2022-02-28,0.08335213,XGBoost
12408,2022-02-28,0.08721263,XGBoost
12409,2022-02-28,0.084934235,XGBoost
1241,2022-02-28,0.082981,XGBoost
12410,2022-02-28,0.23107328,XGBoost
12411,2022-02-28,0.22070217,XGBoost
12412,2022-02-28,0.08839099,XGBoost
12413,2022-02-28,0.08001254,XGBoost
12414,2022-02-28,0.085016444,XGBoost
12415,2022-02-28,0.08468624,XGBoost
12416,2022-02-28,0.22347431,XGBoost
12417,2022-02-28,0.07064356,XGBoost
12418,2022-02-28,0.08447678,XGBoost
12419,2022-02-28,0.08222187,XGBoost
1242,2022-02-28,0.086521015,XGBoost
12420,2022-02-28,0.07194706,XGBoost
12421,2022-02-28,0.08431145,XGBoost
12422,2022-02-28,0.24934182,XGBoost
12423,2022-02-28,0.21519883,XGBoost
12424,2022-02-28,0.07225222,XGBoost
12425,2022-02-28,0.082075864,XGBoost
12426,2022-02-28,0.22638069,XGBoost
12427,2022-02-28,0.078325264,XGBoost
12428,2022-02-28,0.08587552,XGBoost
12429,2022-02-28,0.07686605,XGBoost
1243,2022-02-28,0.07078964,XGBoost
12430,2022-02-28,0.2388612,XGBoost
12431,2022-02-28,0.08556249,XGBoost
12432,2022-02-28,0.22562687,XGBoost
12433,2022-02-28,0.08662827,XGBoost
12434,2022-02-28,0.08599017,XGBoost
12435,2022-02-28,0.08501282,XGBoost
12436,2022-02-28,0.2194466,XGBoost
12437,2022-02-28,0.23640507,XGBoost
12438,2022-02-28,0.25022715,XGBoost
12439,2022-02-28,0.21987869,XGBoost
1244,2022-02-28,0.23705888,XGBoost
12440,2022-02-28,0.08192936,XGBoost
12441,2022-02-28,0.24404225,XGBoost
12442,2022-02-28,0.07258679,XGBoost
12443,2022-02-28,0.24458252,XGBoost
12444,2022-02-28,0.06805932,XGBoost
12445,2022-02-28,0.07293665,XGBoost
12446,2022-02-28,0.22557192,XGBoost
12447,2022-02-28,0.077152245,XGBoost
12448,2022-02-28,0.0875163,XGBoost
12449,2022-02-28,0.22056104,XGBoost
1245,2022-02-28,0.23899047,XGBoost
12450,2022-02-28,0.07049929,XGBoost
12451,2022-02-28,0.08427889,XGBoost
12452,2022-02-28,0.23364317,XGBoost
12453,2022-02-28,0.07152977,XGBoost
12454,2022-02-28,0.080091484,XGBoost
12455,2022-02-28,0.20756803,XGBoost
12456,2022-02-28,0.08724026,XGBoost
12457,2022-02-28,0.08619535,XGBoost
12458,2022-02-28,0.07941174,XGBoost
12459,2022-02-28,0.078965314,XGBoost
1246,2022-02-28,0.2541125,XGBoost
12460,2022-02-28,0.2467433,XGBoost
12461,2022-02-28,0.08660779,XGBoost
12462,2022-02-28,0.08108773,XGBoost
12463,2022-02-28,0.24438335,XGBoost
12464,2022-02-28,0.083272524,XGBoost
12465,2022-02-28,0.07764606,XGBoost
12466,2022-02-28,0.086047016,XGBoost
12467,2022-02-28,0.08457949,XGBoost
12468,2022-02-28,0.08335499,XGBoost
12469,2022-02-28,0.24639085,XGBoost
1247,2022-02-28,0.07053403,XGBoost
12470,2022-02-28,0.08392354,XGBoost
12471,2022-02-28,0.085960016,XGBoost
12472,2022-02-28,0.49096018,XGBoost
12473,2022-02-28,0.07683303,XGBoost
12474,2022-02-28,0.26634386,XGBoost
12475,2022-02-28,0.083719574,XGBoost
12476,2022-02-28,0.22997019,XGBoost
12477,2022-02-28,0.07980597,XGBoost
12478,2022-02-28,0.08256146,XGBoost
12479,2022-02-28,0.08156248,XGBoost
1248,2022-02-28,0.24348126,XGBoost
12480,2022-02-28,0.08319571,XGBoost
12481,2022-02-28,0.22705312,XGBoost
12482,2022-02-28,0.076413944,XGBoost
12483,2022-02-28,0.22983843,XGBoost
12484,2022-02-28,0.23028204,XGBoost
12485,2022-02-28,0.0793354,XGBoost
12486,2022-02-28,0.24624318,XGBoost
12487,2022-02-28,0.21917932,XGBoost
12488,2022-02-28,0.070115864,XGBoost
12489,2022-02-28,0.21434581,XGBoost
1249,2022-02-28,0.07922279,XGBoost
12490,2022-02-28,0.08017647,XGBoost
12491,2022-02-28,0.08031637,XGBoost
12492,2022-02-28,0.23516624,XGBoost
12493,2022-02-28,0.22739522,XGBoost
12494,2022-02-28,0.0791314,XGBoost
12495,2022-02-28,0.08513147,XGBoost
12496,2022-02-28,0.23214819,XGBoost
12497,2022-02-28,0.2361792,XGBoost
12498,2022-02-28,0.08654119,XGBoost
12499,2022-02-28,0.21117195,XGBoost
125,2022-02-28,0.07904335,XGBoost
1250,2022-02-28,0.21692976,XGBoost
12500,2022-02-28,0.21788779,XGBoost
12501,2022-02-28,0.23020595,XGBoost
12502,2022-02-28,0.07460992,XGBoost
12503,2022-02-28,0.082708,XGBoost
12504,2022-02-28,0.08632547,XGBoost
12505,2022-02-28,0.24707901,XGBoost
12506,2022-02-28,0.08240393,XGBoost
12507,2022-02-28,0.07760519,XGBoost
12508,2022-02-28,0.21696597,XGBoost
12509,2022-02-28,0.082371645,XGBoost
1251,2022-02-28,0.086796515,XGBoost
12510,2022-02-28,0.08525885,XGBoost
12511,2022-02-28,0.08169303,XGBoost
12512,2022-02-28,0.23093177,XGBoost
12513,2022-02-28,0.0833997,XGBoost
12514,2022-02-28,0.07881337,XGBoost
12515,2022-02-28,0.24242829,XGBoost
12516,2022-02-28,0.24969521,XGBoost
12517,2022-02-28,0.081378594,XGBoost
12518,2022-02-28,0.2020325,XGBoost
12519,2022-02-28,0.2091329,XGBoost
1252,2022-02-28,0.2368215,XGBoost
12520,2022-02-28,0.23521847,XGBoost
12521,2022-02-28,0.08279128,XGBoost
12522,2022-02-28,0.07632334,XGBoost
12523,2022-02-28,0.087643676,XGBoost
12524,2022-02-28,0.06987186,XGBoost
12525,2022-02-28,0.08066351,XGBoost
12526,2022-02-28,0.21744743,XGBoost
12527,2022-02-28,0.08477236,XGBoost
12528,2022-02-28,0.2419096,XGBoost
12529,2022-02-28,0.08026033,XGBoost
1253,2022-02-28,0.07630109,XGBoost
12530,2022-02-28,0.22883177,XGBoost
12531,2022-02-28,0.064786434,XGBoost
12532,2022-02-28,0.0804899,XGBoost
12533,2022-02-28,0.20617492,XGBoost
12534,2022-02-28,0.082940616,XGBoost
12535,2022-02-28,0.24754287,XGBoost
12536,2022-02-28,0.22482349,XGBoost
12537,2022-02-28,0.22067493,XGBoost
12538,2022-02-28,0.21900961,XGBoost
12539,2022-02-28,0.0837666,XGBoost
1254,2022-02-28,0.23229867,XGBoost
12540,2022-02-28,0.08287441,XGBoost
12541,2022-02-28,0.08317783,XGBoost
12542,2022-02-28,0.25928092,XGBoost
12543,2022-02-28,0.0856381,XGBoost
12544,2022-02-28,0.22303236,XGBoost
12545,2022-02-28,0.08611775,XGBoost
12546,2022-02-28,0.0772686,XGBoost
12547,2022-02-28,0.23234302,XGBoost
12548,2022-02-28,0.07175918,XGBoost
12549,2022-02-28,0.078959525,XGBoost
1255,2022-02-28,0.25872228,XGBoost
12550,2022-02-28,0.08472926,XGBoost
12551,2022-02-28,0.08753505,XGBoost
12552,2022-02-28,0.23570111,XGBoost
12553,2022-02-28,0.08764388,XGBoost
12554,2022-02-28,0.08420619,XGBoost
12555,2022-02-28,0.07948369,XGBoost
12556,2022-02-28,0.07303506,XGBoost
12557,2022-02-28,0.07798042,XGBoost
12558,2022-02-28,0.0884013,XGBoost
12559,2022-02-28,0.08451828,XGBoost
1256,2022-02-28,0.078765176,XGBoost
12560,2022-02-28,0.23640655,XGBoost
12561,2022-02-28,0.21101855,XGBoost
12562,2022-02-28,0.25638542,XGBoost
12563,2022-02-28,0.25133118,XGBoost
12564,2022-02-28,0.072563715,XGBoost
12565,2022-02-28,0.24009414,XGBoost
12566,2022-02-28,0.24402227,XGBoost
12567,2022-02-28,0.088456586,XGBoost
12568,2022-02-28,0.0859704,XGBoost
12569,2022-02-28,0.07774165,XGBoost
1257,2022-02-28,0.21245594,XGBoost
12570,2022-02-28,0.08379751,XGBoost
12571,2022-02-28,0.23614912,XGBoost
12572,2022-02-28,0.07697814,XGBoost
12573,2022-02-28,0.22804636,XGBoost
12574,2022-02-28,0.075427175,XGBoost
12575,2022-02-28,0.078624636,XGBoost
12576,2022-02-28,0.21511151,XGBoost
12577,2022-02-28,0.07699999,XGBoost
12578,2022-02-28,0.23821227,XGBoost
12579,2022-02-28,0.21178596,XGBoost
1258,2022-02-28,0.0728428,XGBoost
12580,2022-02-28,0.07779719,XGBoost
12581,2022-02-28,0.08392395,XGBoost
12582,2022-02-28,0.08282451,XGBoost
12583,2022-02-28,0.083174825,XGBoost
12584,2022-02-28,0.0842613,XGBoost
12585,2022-02-28,0.08171645,XGBoost
12586,2022-02-28,0.085972615,XGBoost
12587,2022-02-28,0.0776306,XGBoost
12588,2022-02-28,0.07253132,XGBoost
12589,2022-02-28,0.08487081,XGBoost
1259,2022-02-28,0.2151383,XGBoost
12590,2022-02-28,0.087613866,XGBoost
12591,2022-02-28,0.08288334,XGBoost
12592,2022-02-28,0.08361923,XGBoost
12593,2022-02-28,0.21529932,XGBoost
12594,2022-02-28,0.21239263,XGBoost
12595,2022-02-28,0.24558133,XGBoost
12596,2022-02-28,0.23940909,XGBoost
12597,2022-02-28,0.22514702,XGBoost
12598,2022-02-28,0.06604681,XGBoost
12599,2022-02-28,0.08433571,XGBoost
126,2022-02-28,0.087312,XGBoost
1260,2022-02-28,0.08415868,XGBoost
12600,2022-02-28,0.07735681,XGBoost
12601,2022-02-28,0.22481515,XGBoost
12602,2022-02-28,0.23752025,XGBoost
12603,2022-02-28,0.08096622,XGBoost
12604,2022-02-28,0.0764333,XGBoost
12605,2022-02-28,0.08803966,XGBoost
12606,2022-02-28,0.2299496,XGBoost
12607,2022-02-28,0.07862169,XGBoost
12608,2022-02-28,0.24302264,XGBoost
12609,2022-02-28,0.2281547,XGBoost
1261,2022-02-28,0.22480424,XGBoost
12610,2022-02-28,0.0884067,XGBoost
12611,2022-02-28,0.08251408,XGBoost
12612,2022-02-28,0.22038886,XGBoost
12613,2022-02-28,0.22942637,XGBoost
12614,2022-02-28,0.08734998,XGBoost
12615,2022-02-28,0.20950884,XGBoost
12616,2022-02-28,0.08343203,XGBoost
12617,2022-02-28,0.07787824,XGBoost
12618,2022-02-28,0.22423021,XGBoost
12619,2022-02-28,0.22131388,XGBoost
1262,2022-02-28,0.08336715,XGBoost
12620,2022-02-28,0.24641831,XGBoost
12621,2022-02-28,0.082576655,XGBoost
12622,2022-02-28,0.089140974,XGBoost
12623,2022-02-28,0.08550211,XGBoost
12624,2022-02-28,0.08333247,XGBoost
12625,2022-02-28,0.23178148,XGBoost
12626,2022-02-28,0.22710553,XGBoost
12627,2022-02-28,0.23424406,XGBoost
12628,2022-02-28,0.23370989,XGBoost
12629,2022-02-28,0.21965295,XGBoost
1263,2022-02-28,0.23208709,XGBoost
12630,2022-02-28,0.08686349,XGBoost
12631,2022-02-28,0.07768839,XGBoost
12632,2022-02-28,0.21548487,XGBoost
12633,2022-02-28,0.08248237,XGBoost
12634,2022-02-28,0.20669006,XGBoost
12635,2022-02-28,0.21011128,XGBoost
12636,2022-02-28,0.2566893,XGBoost
12637,2022-02-28,0.07784598,XGBoost
12638,2022-02-28,0.082097046,XGBoost
12639,2022-02-28,0.23921645,XGBoost
1264,2022-02-28,0.19838701,XGBoost
12640,2022-02-28,0.08505872,XGBoost
12641,2022-02-28,0.0704118,XGBoost
12642,2022-02-28,0.21914274,XGBoost
12643,2022-02-28,0.08393315,XGBoost
12644,2022-02-28,0.08862086,XGBoost
12645,2022-02-28,0.24358587,XGBoost
12646,2022-02-28,0.078609966,XGBoost
12647,2022-02-28,0.22497477,XGBoost
12648,2022-02-28,0.2246787,XGBoost
12649,2022-02-28,0.08284972,XGBoost
1265,2022-02-28,0.20371863,XGBoost
12650,2022-02-28,0.22109358,XGBoost
12651,2022-02-28,0.086845696,XGBoost
12652,2022-02-28,0.081780955,XGBoost
12653,2022-02-28,0.08282686,XGBoost
12654,2022-02-28,0.2278579,XGBoost
12655,2022-02-28,0.085364655,XGBoost
12656,2022-02-28,0.07779928,XGBoost
12657,2022-02-28,0.08009018,XGBoost
12658,2022-02-28,0.085760385,XGBoost
12659,2022-02-28,0.08223792,XGBoost
1266,2022-02-28,0.085070275,XGBoost
12660,2022-02-28,0.21940833,XGBoost
12661,2022-02-28,0.20599739,XGBoost
12662,2022-02-28,0.07023153,XGBoost
12663,2022-02-28,0.084640965,XGBoost
12664,2022-02-28,0.24744798,XGBoost
12665,2022-02-28,0.25735953,XGBoost
12666,2022-02-28,0.22487883,XGBoost
12667,2022-02-28,0.0648556,XGBoost
12668,2022-02-28,0.2246847,XGBoost
12669,2022-02-28,0.08654622,XGBoost
1267,2022-02-28,0.08120837,XGBoost
12670,2022-02-28,0.065690175,XGBoost
12671,2022-02-28,0.08331956,XGBoost
12672,2022-02-28,0.22912244,XGBoost
12673,2022-02-28,0.085654564,XGBoost
12674,2022-02-28,0.22739683,XGBoost
12675,2022-02-28,0.21308136,XGBoost
12676,2022-02-28,0.082783915,XGBoost
12677,2022-02-28,0.2453565,XGBoost
12678,2022-02-28,0.24041381,XGBoost
12679,2022-02-28,0.07858476,XGBoost
1268,2022-02-28,0.066601165,XGBoost
12680,2022-02-28,0.071564965,XGBoost
12681,2022-02-28,0.07378526,XGBoost
12682,2022-02-28,0.22830532,XGBoost
12683,2022-02-28,0.08456277,XGBoost
12684,2022-02-28,0.22647381,XGBoost
12685,2022-02-28,0.0821438,XGBoost
12686,2022-02-28,0.22631975,XGBoost
12687,2022-02-28,0.24976927,XGBoost
12688,2022-02-28,0.22119229,XGBoost
12689,2022-02-28,0.22952424,XGBoost
1269,2022-02-28,0.23385148,XGBoost
12690,2022-02-28,0.0869389,XGBoost
12691,2022-02-28,0.24322903,XGBoost
12692,2022-02-28,0.080083616,XGBoost
12693,2022-02-28,0.08554197,XGBoost
12694,2022-02-28,0.23872446,XGBoost
12695,2022-02-28,0.24909124,XGBoost
12696,2022-02-28,0.07908265,XGBoost
12697,2022-02-28,0.08606735,XGBoost
12698,2022-02-28,0.071893275,XGBoost
12699,2022-02-28,0.22731557,XGBoost
127,2022-02-28,0.20650691,XGBoost
1270,2022-02-28,0.07978395,XGBoost
12700,2022-02-28,0.22693093,XGBoost
12701,2022-02-28,0.06593509,XGBoost
12702,2022-02-28,0.080146834,XGBoost
12703,2022-02-28,0.07873467,XGBoost
12704,2022-02-28,0.24839637,XGBoost
12705,2022-02-28,0.23113596,XGBoost
12706,2022-02-28,0.08330034,XGBoost
12707,2022-02-28,0.0827093,XGBoost
12708,2022-02-28,0.219064,XGBoost
12709,2022-02-28,0.0874988,XGBoost
1271,2022-02-28,0.2219142,XGBoost
12710,2022-02-28,0.087241046,XGBoost
12711,2022-02-28,0.22577412,XGBoost
12712,2022-02-28,0.07113564,XGBoost
12713,2022-02-28,0.08557962,XGBoost
12714,2022-02-28,0.083928,XGBoost
12715,2022-02-28,0.19836758,XGBoost
12716,2022-02-28,0.083492845,XGBoost
12717,2022-02-28,0.0861502,XGBoost
12718,2022-02-28,0.21988495,XGBoost
12719,2022-02-28,0.08671964,XGBoost
1272,2022-02-28,0.23221387,XGBoost
12720,2022-02-28,0.22987041,XGBoost
12721,2022-02-28,0.08496505,XGBoost
12722,2022-02-28,0.08104377,XGBoost
12723,2022-02-28,0.22289112,XGBoost
12724,2022-02-28,0.07768131,XGBoost
12725,2022-02-28,0.08158058,XGBoost
12726,2022-02-28,0.23396158,XGBoost
12727,2022-02-28,0.06883363,XGBoost
12728,2022-02-28,0.071872495,XGBoost
12729,2022-02-28,0.084371895,XGBoost
1273,2022-02-28,0.23905052,XGBoost
12730,2022-02-28,0.07737811,XGBoost
12731,2022-02-28,0.2148569,XGBoost
12732,2022-02-28,0.23555842,XGBoost
12733,2022-02-28,0.22664103,XGBoost
12734,2022-02-28,0.25719124,XGBoost
12735,2022-02-28,0.082962394,XGBoost
12736,2022-02-28,0.21666992,XGBoost
12737,2022-02-28,0.21420024,XGBoost
12738,2022-02-28,0.06354255,XGBoost
12739,2022-02-28,0.08337172,XGBoost
1274,2022-02-28,0.07721529,XGBoost
12740,2022-02-28,0.08215697,XGBoost
12741,2022-02-28,0.23010512,XGBoost
12742,2022-02-28,0.08172762,XGBoost
12743,2022-02-28,0.21012372,XGBoost
12744,2022-02-28,0.24089506,XGBoost
12745,2022-02-28,0.078821264,XGBoost
12746,2022-02-28,0.07932035,XGBoost
12747,2022-02-28,0.08546632,XGBoost
12748,2022-02-28,0.08310081,XGBoost
12749,2022-02-28,0.08747344,XGBoost
1275,2022-02-28,0.079107754,XGBoost
12750,2022-02-28,0.08223565,XGBoost
12751,2022-02-28,0.22618495,XGBoost
12752,2022-02-28,0.22851577,XGBoost
12753,2022-02-28,0.07935081,XGBoost
12754,2022-02-28,0.08255785,XGBoost
12755,2022-02-28,0.2256404,XGBoost
12756,2022-02-28,0.088978656,XGBoost
12757,2022-02-28,0.083539076,XGBoost
12758,2022-02-28,0.08183452,XGBoost
12759,2022-02-28,0.20669425,XGBoost
1276,2022-02-28,0.20081413,XGBoost
12760,2022-02-28,0.079365395,XGBoost
12761,2022-02-28,0.08268529,XGBoost
12762,2022-02-28,0.23779543,XGBoost
12763,2022-02-28,0.22318947,XGBoost
12764,2022-02-28,0.23417197,XGBoost
12765,2022-02-28,0.08371316,XGBoost
12766,2022-02-28,0.09943311,XGBoost
12767,2022-02-28,0.082385994,XGBoost
12768,2022-02-28,0.07761924,XGBoost
12769,2022-02-28,0.23877642,XGBoost
1277,2022-02-28,0.2143077,XGBoost
12770,2022-02-28,0.078277014,XGBoost
12771,2022-02-28,0.08189611,XGBoost
12772,2022-02-28,0.08121814,XGBoost
12773,2022-02-28,0.23827781,XGBoost
12774,2022-02-28,0.06901172,XGBoost
12775,2022-02-28,0.07405477,XGBoost
12776,2022-02-28,0.07284093,XGBoost
12777,2022-02-28,0.082281455,XGBoost
12778,2022-02-28,0.23018664,XGBoost
12779,2022-02-28,0.22479059,XGBoost
1278,2022-02-28,0.08140436,XGBoost
12780,2022-02-28,0.085669965,XGBoost
12781,2022-02-28,0.086188294,XGBoost
12782,2022-02-28,0.082187474,XGBoost
12783,2022-02-28,0.06498689,XGBoost
12784,2022-02-28,0.08501116,XGBoost
12785,2022-02-28,0.0868418,XGBoost
12786,2022-02-28,0.23180433,XGBoost
12787,2022-02-28,0.22165921,XGBoost
12788,2022-02-28,0.07835328,XGBoost
12789,2022-02-28,0.082032315,XGBoost
1279,2022-02-28,0.068452574,XGBoost
12790,2022-02-28,0.08421024,XGBoost
12791,2022-02-28,0.23322064,XGBoost
12792,2022-02-28,0.086287886,XGBoost
12793,2022-02-28,0.21628204,XGBoost
12794,2022-02-28,0.08173705,XGBoost
12795,2022-02-28,0.087011024,XGBoost
12796,2022-02-28,0.0795299,XGBoost
12797,2022-02-28,0.07861104,XGBoost
12798,2022-02-28,0.07117489,XGBoost
12799,2022-02-28,0.079079755,XGBoost
128,2022-02-28,0.080807306,XGBoost
1280,2022-02-28,0.07731477,XGBoost
12800,2022-02-28,0.20688991,XGBoost
12801,2022-02-28,0.070961244,XGBoost
12802,2022-02-28,0.14548674,XGBoost
12803,2022-02-28,0.08303842,XGBoost
12804,2022-02-28,0.2311019,XGBoost
12805,2022-02-28,0.07858596,XGBoost
12806,2022-02-28,0.21833916,XGBoost
12807,2022-02-28,0.21711586,XGBoost
12808,2022-02-28,0.07568274,XGBoost
12809,2022-02-28,0.083147585,XGBoost
1281,2022-02-28,0.0861317,XGBoost
12810,2022-02-28,0.23706314,XGBoost
12811,2022-02-28,0.23191912,XGBoost
12812,2022-02-28,0.08360304,XGBoost
12813,2022-02-28,0.07226514,XGBoost
12814,2022-02-28,0.24316995,XGBoost
12815,2022-02-28,0.080872536,XGBoost
12816,2022-02-28,0.07702599,XGBoost
12817,2022-02-28,0.23666342,XGBoost
12818,2022-02-28,0.07974675,XGBoost
12819,2022-02-28,0.081775546,XGBoost
1282,2022-02-28,0.08392992,XGBoost
12820,2022-02-28,0.21934591,XGBoost
12821,2022-02-28,0.08593252,XGBoost
12822,2022-02-28,0.086108975,XGBoost
12823,2022-02-28,0.08855391,XGBoost
12824,2022-02-28,0.08392521,XGBoost
12825,2022-02-28,0.07628122,XGBoost
12826,2022-02-28,0.21119832,XGBoost
12827,2022-02-28,0.081095986,XGBoost
12828,2022-02-28,0.078110695,XGBoost
12829,2022-02-28,0.20620812,XGBoost
1283,2022-02-28,0.08306877,XGBoost
12830,2022-02-28,0.20537661,XGBoost
12831,2022-02-28,0.07736931,XGBoost
12832,2022-02-28,0.25214583,XGBoost
12833,2022-02-28,0.21492526,XGBoost
12834,2022-02-28,0.07832828,XGBoost
12835,2022-02-28,0.08174775,XGBoost
12836,2022-02-28,0.07828635,XGBoost
12837,2022-02-28,0.19892241,XGBoost
12838,2022-02-28,0.065285236,XGBoost
12839,2022-02-28,0.2426184,XGBoost
1284,2022-02-28,0.071720615,XGBoost
12840,2022-02-28,0.083468825,XGBoost
12841,2022-02-28,0.25109345,XGBoost
12842,2022-02-28,0.08638824,XGBoost
12843,2022-02-28,0.0888578,XGBoost
12844,2022-02-28,0.083054155,XGBoost
12845,2022-02-28,0.08444145,XGBoost
12846,2022-02-28,0.24698791,XGBoost
12847,2022-02-28,0.0869178,XGBoost
12848,2022-02-28,0.07187523,XGBoost
12849,2022-02-28,0.08572105,XGBoost
1285,2022-02-28,0.08224928,XGBoost
12850,2022-02-28,0.08043205,XGBoost
12851,2022-02-28,0.08299536,XGBoost
12852,2022-02-28,0.073053755,XGBoost
12853,2022-02-28,0.084100336,XGBoost
12854,2022-02-28,0.07873687,XGBoost
12855,2022-02-28,0.086250484,XGBoost
12856,2022-02-28,0.08469511,XGBoost
12857,2022-02-28,0.21477738,XGBoost
12858,2022-02-28,0.08514664,XGBoost
12859,2022-02-28,0.08526315,XGBoost
1286,2022-02-28,0.08690152,XGBoost
12860,2022-02-28,0.07921999,XGBoost
12861,2022-02-28,0.084128655,XGBoost
12862,2022-02-28,0.23633331,XGBoost
12863,2022-02-28,0.0791422,XGBoost
12864,2022-02-28,0.082797766,XGBoost
12865,2022-02-28,0.06977406,XGBoost
12866,2022-02-28,0.07758039,XGBoost
12867,2022-02-28,0.081423834,XGBoost
12868,2022-02-28,0.06816335,XGBoost
12869,2022-02-28,0.06549486,XGBoost
1287,2022-02-28,0.08189423,XGBoost
12870,2022-02-28,0.07362675,XGBoost
12871,2022-02-28,0.08028218,XGBoost
12872,2022-02-28,0.08203414,XGBoost
12873,2022-02-28,0.07837523,XGBoost
12874,2022-02-28,0.07725972,XGBoost
12875,2022-02-28,0.07070123,XGBoost
12876,2022-02-28,0.07898252,XGBoost
12877,2022-02-28,0.2401748,XGBoost
12878,2022-02-28,0.08673845,XGBoost
12879,2022-02-28,0.08579746,XGBoost
1288,2022-02-28,0.22112618,XGBoost
12880,2022-02-28,0.07154136,XGBoost
12881,2022-02-28,0.08039379,XGBoost
12882,2022-02-28,0.08467946,XGBoost
12883,2022-02-28,0.21514685,XGBoost
12884,2022-02-28,0.23845282,XGBoost
12885,2022-02-28,0.08687058,XGBoost
12886,2022-02-28,0.082824856,XGBoost
12887,2022-02-28,0.07704307,XGBoost
12888,2022-02-28,0.23983948,XGBoost
12889,2022-02-28,0.08413261,XGBoost
1289,2022-02-28,0.07240414,XGBoost
12890,2022-02-28,0.08010168,XGBoost
12891,2022-02-28,0.071116515,XGBoost
12892,2022-02-28,0.22367652,XGBoost
12893,2022-02-28,0.22251837,XGBoost
12894,2022-02-28,0.07377335,XGBoost
12895,2022-02-28,0.086198926,XGBoost
12896,2022-02-28,0.22803737,XGBoost
12897,2022-02-28,0.24209526,XGBoost
12898,2022-02-28,0.23166598,XGBoost
12899,2022-02-28,0.07226833,XGBoost
129,2022-02-28,0.08537257,XGBoost
1290,2022-02-28,0.2563635,XGBoost
12900,2022-02-28,0.2146918,XGBoost
12901,2022-02-28,0.21574955,XGBoost
12902,2022-02-28,0.085959084,XGBoost
12903,2022-02-28,0.087041676,XGBoost
12904,2022-02-28,0.07034677,XGBoost
12905,2022-02-28,0.08688016,XGBoost
12906,2022-02-28,0.08315497,XGBoost
12907,2022-02-28,0.08288815,XGBoost
12908,2022-02-28,0.08721855,XGBoost
12909,2022-02-28,0.072234705,XGBoost
1291,2022-02-28,0.07883776,XGBoost
12910,2022-02-28,0.19978988,XGBoost
12911,2022-02-28,0.20894574,XGBoost
12912,2022-02-28,0.08640428,XGBoost
12913,2022-02-28,0.2080158,XGBoost
12914,2022-02-28,0.2302466,XGBoost
12915,2022-02-28,0.08538273,XGBoost
12916,2022-02-28,0.22712724,XGBoost
12917,2022-02-28,0.23212887,XGBoost
12918,2022-02-28,0.08436029,XGBoost
12919,2022-02-28,0.08011492,XGBoost
1292,2022-02-28,0.22681426,XGBoost
12920,2022-02-28,0.084831126,XGBoost
12921,2022-02-28,0.072967775,XGBoost
12922,2022-02-28,0.22154565,XGBoost
12923,2022-02-28,0.08568634,XGBoost
12924,2022-02-28,0.22638744,XGBoost
12925,2022-02-28,0.23305935,XGBoost
12926,2022-02-28,0.23394488,XGBoost
12927,2022-02-28,0.25344914,XGBoost
12928,2022-02-28,0.071051456,XGBoost
12929,2022-02-28,0.08197398,XGBoost
1293,2022-02-28,0.07983306,XGBoost
12930,2022-02-28,0.22366343,XGBoost
12931,2022-02-28,0.08442298,XGBoost
12932,2022-02-28,0.24757676,XGBoost
12933,2022-02-28,0.23682714,XGBoost
12934,2022-02-28,0.071802795,XGBoost
12935,2022-02-28,0.07351631,XGBoost
12936,2022-02-28,0.073829345,XGBoost
12937,2022-02-28,0.07205446,XGBoost
12938,2022-02-28,0.23121051,XGBoost
12939,2022-02-28,0.08777322,XGBoost
1294,2022-02-28,0.085094504,XGBoost
12940,2022-02-28,0.22386949,XGBoost
12941,2022-02-28,0.08387202,XGBoost
12942,2022-02-28,0.21523546,XGBoost
12943,2022-02-28,0.08757723,XGBoost
12944,2022-02-28,0.22604847,XGBoost
12945,2022-02-28,0.078015566,XGBoost
12946,2022-02-28,0.082807556,XGBoost
12947,2022-02-28,0.21007068,XGBoost
12948,2022-02-28,0.0714579,XGBoost
12949,2022-02-28,0.24450499,XGBoost
1295,2022-02-28,0.08365052,XGBoost
12950,2022-02-28,0.08485446,XGBoost
12951,2022-02-28,0.24754715,XGBoost
12952,2022-02-28,0.079023354,XGBoost
12953,2022-02-28,0.08782412,XGBoost
12954,2022-02-28,0.07642976,XGBoost
12955,2022-02-28,0.07667531,XGBoost
12956,2022-02-28,0.22552975,XGBoost
12957,2022-02-28,0.23681939,XGBoost
12958,2022-02-28,0.07864218,XGBoost
12959,2022-02-28,0.07474478,XGBoost
1296,2022-02-28,0.22346383,XGBoost
12960,2022-02-28,0.2374364,XGBoost
12961,2022-02-28,0.08297929,XGBoost
12962,2022-02-28,0.21179342,XGBoost
12963,2022-02-28,0.0744555,XGBoost
12964,2022-02-28,0.22980887,XGBoost
12965,2022-02-28,0.08220413,XGBoost
12966,2022-02-28,0.22988412,XGBoost
12967,2022-02-28,0.07852703,XGBoost
12968,2022-02-28,0.23348151,XGBoost
12969,2022-02-28,0.22866872,XGBoost
1297,2022-02-28,0.08737208,XGBoost
12970,2022-02-28,0.0719093,XGBoost
12971,2022-02-28,0.11547039,XGBoost
12972,2022-02-28,0.21039939,XGBoost
12973,2022-02-28,0.08324243,XGBoost
12974,2022-02-28,0.24454555,XGBoost
12975,2022-02-28,0.06872495,XGBoost
12976,2022-02-28,0.08456851,XGBoost
12977,2022-02-28,0.25040352,XGBoost
12978,2022-02-28,0.20983638,XGBoost
12979,2022-02-28,0.21447936,XGBoost
1298,2022-02-28,0.06846669,XGBoost
12980,2022-02-28,0.23329546,XGBoost
12981,2022-02-28,0.19881444,XGBoost
12982,2022-02-28,0.25120115,XGBoost
12983,2022-02-28,0.08574317,XGBoost
12984,2022-02-28,0.22758219,XGBoost
12985,2022-02-28,0.20083211,XGBoost
12986,2022-02-28,0.082397036,XGBoost
12987,2022-02-28,0.07889369,XGBoost
12988,2022-02-28,0.08311483,XGBoost
12989,2022-02-28,0.23292714,XGBoost
1299,2022-02-28,0.23101126,XGBoost
12990,2022-02-28,0.08499197,XGBoost
12991,2022-02-28,0.083767824,XGBoost
12992,2022-02-28,0.2074336,XGBoost
12993,2022-02-28,0.2552983,XGBoost
12994,2022-02-28,0.08256579,XGBoost
12995,2022-02-28,0.26144743,XGBoost
12996,2022-02-28,0.0852221,XGBoost
12997,2022-02-28,0.08332411,XGBoost
12998,2022-02-28,0.2471184,XGBoost
12999,2022-02-28,0.07097563,XGBoost
13,2022-02-28,0.085426174,XGBoost
130,2022-02-28,0.23452179,XGBoost
1300,2022-02-28,0.23452921,XGBoost
13000,2022-02-28,0.21493778,XGBoost
13001,2022-02-28,0.08380718,XGBoost
13002,2022-02-28,0.08377257,XGBoost
13003,2022-02-28,0.21780008,XGBoost
13004,2022-02-28,0.07812513,XGBoost
13005,2022-02-28,0.08163524,XGBoost
13006,2022-02-28,0.08626818,XGBoost
13007,2022-02-28,0.074393414,XGBoost
13008,2022-02-28,0.08576263,XGBoost
13009,2022-02-28,0.08650498,XGBoost
1301,2022-02-28,0.08388301,XGBoost
13010,2022-02-28,0.08349167,XGBoost
13011,2022-02-28,0.08297216,XGBoost
13012,2022-02-28,0.07803684,XGBoost
13013,2022-02-28,0.23450252,XGBoost
13014,2022-02-28,0.087306716,XGBoost
13015,2022-02-28,0.07904223,XGBoost
13016,2022-02-28,0.082681805,XGBoost
13017,2022-02-28,0.20239888,XGBoost
13018,2022-02-28,0.084543146,XGBoost
13019,2022-02-28,0.2313428,XGBoost
1302,2022-02-28,0.08539176,XGBoost
13020,2022-02-28,0.07948065,XGBoost
13021,2022-02-28,0.08087314,XGBoost
13022,2022-02-28,0.22301824,XGBoost
13023,2022-02-28,0.23452973,XGBoost
13024,2022-02-28,0.08503106,XGBoost
13025,2022-02-28,0.08506575,XGBoost
13026,2022-02-28,0.21790498,XGBoost
13027,2022-02-28,0.07838808,XGBoost
13028,2022-02-28,0.0820758,XGBoost
13029,2022-02-28,0.085405335,XGBoost
1303,2022-02-28,0.22238211,XGBoost
13030,2022-02-28,0.08246903,XGBoost
13031,2022-02-28,0.078404635,XGBoost
13032,2022-02-28,0.088772506,XGBoost
13033,2022-02-28,0.076413415,XGBoost
13034,2022-02-28,0.24462156,XGBoost
13035,2022-02-28,0.07258025,XGBoost
13036,2022-02-28,0.06989021,XGBoost
13037,2022-02-28,0.21332435,XGBoost
13038,2022-02-28,0.08490695,XGBoost
13039,2022-02-28,0.20917413,XGBoost
1304,2022-02-28,0.2303489,XGBoost
13040,2022-02-28,0.21358387,XGBoost
13041,2022-02-28,0.26069725,XGBoost
13042,2022-02-28,0.22568093,XGBoost
13043,2022-02-28,0.225984,XGBoost
13044,2022-02-28,0.23927455,XGBoost
13045,2022-02-28,0.07850812,XGBoost
13046,2022-02-28,0.079305105,XGBoost
13047,2022-02-28,0.21901359,XGBoost
13048,2022-02-28,0.07765371,XGBoost
13049,2022-02-28,0.08198209,XGBoost
1305,2022-02-28,0.07675775,XGBoost
13050,2022-02-28,0.215314,XGBoost
13051,2022-02-28,0.22707188,XGBoost
13052,2022-02-28,0.21237703,XGBoost
13053,2022-02-28,0.0857705,XGBoost
13054,2022-02-28,0.07520142,XGBoost
13055,2022-02-28,0.072713114,XGBoost
13056,2022-02-28,0.08441313,XGBoost
13057,2022-02-28,0.21624151,XGBoost
13058,2022-02-28,0.23635332,XGBoost
13059,2022-02-28,0.08088385,XGBoost
1306,2022-02-28,0.08116478,XGBoost
13060,2022-02-28,0.24932392,XGBoost
13061,2022-02-28,0.087131836,XGBoost
13062,2022-02-28,0.08683858,XGBoost
13063,2022-02-28,0.21596643,XGBoost
13064,2022-02-28,0.20924023,XGBoost
13065,2022-02-28,0.23087494,XGBoost
13066,2022-02-28,0.08118324,XGBoost
13067,2022-02-28,0.08165309,XGBoost
13068,2022-02-28,0.08583106,XGBoost
13069,2022-02-28,0.23340496,XGBoost
1307,2022-02-28,0.26235119,XGBoost
13070,2022-02-28,0.22452949,XGBoost
13071,2022-02-28,0.23965745,XGBoost
13072,2022-02-28,0.077463426,XGBoost
13073,2022-02-28,0.25495058,XGBoost
13074,2022-02-28,0.07914707,XGBoost
13075,2022-02-28,0.075965,XGBoost
13076,2022-02-28,0.08478662,XGBoost
13077,2022-02-28,0.08437337,XGBoost
13078,2022-02-28,0.2365463,XGBoost
13079,2022-02-28,0.08352286,XGBoost
1308,2022-02-28,0.08711624,XGBoost
13080,2022-02-28,0.22498551,XGBoost
13081,2022-02-28,0.20917997,XGBoost
13082,2022-02-28,0.08160715,XGBoost
13083,2022-02-28,0.08279892,XGBoost
13084,2022-02-28,0.08374493,XGBoost
13085,2022-02-28,0.0842462,XGBoost
13086,2022-02-28,0.08221564,XGBoost
13087,2022-02-28,0.23027945,XGBoost
13088,2022-02-28,0.08827555,XGBoost
13089,2022-02-28,0.08078571,XGBoost
1309,2022-02-28,0.22713818,XGBoost
13090,2022-02-28,0.076461844,XGBoost
13091,2022-02-28,0.08516193,XGBoost
13092,2022-02-28,0.22097373,XGBoost
13093,2022-02-28,0.12753396,XGBoost
13094,2022-02-28,0.24608861,XGBoost
13095,2022-02-28,0.2354966,XGBoost
13096,2022-02-28,0.08420281,XGBoost
13097,2022-02-28,0.22123139,XGBoost
13098,2022-02-28,0.08532718,XGBoost
13099,2022-02-28,0.06384173,XGBoost
131,2022-02-28,0.2493419,XGBoost
1310,2022-02-28,0.25886837,XGBoost
13100,2022-02-28,0.07729488,XGBoost
13101,2022-02-28,0.22567533,XGBoost
13102,2022-02-28,0.21681453,XGBoost
13103,2022-02-28,0.08657721,XGBoost
13104,2022-02-28,0.08614425,XGBoost
13105,2022-02-28,0.08356275,XGBoost
13106,2022-02-28,0.21855776,XGBoost
13107,2022-02-28,0.082292944,XGBoost
13108,2022-02-28,0.08315497,XGBoost
13109,2022-02-28,0.083549105,XGBoost
1311,2022-02-28,0.2449605,XGBoost
13110,2022-02-28,0.07785751,XGBoost
13111,2022-02-28,0.06945148,XGBoost
13112,2022-02-28,0.08256088,XGBoost
13113,2022-02-28,0.08447292,XGBoost
13114,2022-02-28,0.22852618,XGBoost
13115,2022-02-28,0.08011259,XGBoost
13116,2022-02-28,0.07675613,XGBoost
13117,2022-02-28,0.080551274,XGBoost
13118,2022-02-28,0.24058068,XGBoost
13119,2022-02-28,0.2142306,XGBoost
1312,2022-02-28,0.0819262,XGBoost
13120,2022-02-28,0.0874175,XGBoost
13121,2022-02-28,0.084612094,XGBoost
13122,2022-02-28,0.25958776,XGBoost
13123,2022-02-28,0.075726055,XGBoost
13124,2022-02-28,0.084063165,XGBoost
13125,2022-02-28,0.08083533,XGBoost
13126,2022-02-28,0.08408754,XGBoost
13127,2022-02-28,0.074068315,XGBoost
13128,2022-02-28,0.0865188,XGBoost
13129,2022-02-28,0.25341326,XGBoost
1313,2022-02-28,0.06927084,XGBoost
13130,2022-02-28,0.083440624,XGBoost
13131,2022-02-28,0.23404162,XGBoost
13132,2022-02-28,0.23901235,XGBoost
13133,2022-02-28,0.08195094,XGBoost
13134,2022-02-28,0.07098279,XGBoost
13135,2022-02-28,0.21621437,XGBoost
13136,2022-02-28,0.07563805,XGBoost
13137,2022-02-28,0.24129386,XGBoost
13138,2022-02-28,0.08362264,XGBoost
13139,2022-02-28,0.08289779,XGBoost
1314,2022-02-28,0.08343734,XGBoost
13140,2022-02-28,0.08460991,XGBoost
13141,2022-02-28,0.21216968,XGBoost
13142,2022-02-28,0.0845923,XGBoost
13143,2022-02-28,0.21566197,XGBoost
13144,2022-02-28,0.08117345,XGBoost
13145,2022-02-28,0.222232,XGBoost
13146,2022-02-28,0.21570799,XGBoost
13147,2022-02-28,0.23098566,XGBoost
13148,2022-02-28,0.21037625,XGBoost
13149,2022-02-28,0.082495324,XGBoost
1315,2022-02-28,0.08197044,XGBoost
13150,2022-02-28,0.25085756,XGBoost
13151,2022-02-28,0.23786733,XGBoost
13152,2022-02-28,0.07756726,XGBoost
13153,2022-02-28,0.25423875,XGBoost
13154,2022-02-28,0.07851479,XGBoost
13155,2022-02-28,0.085210025,XGBoost
13156,2022-02-28,0.081277765,XGBoost
13157,2022-02-28,0.08005873,XGBoost
13158,2022-02-28,0.06869489,XGBoost
13159,2022-02-28,0.072934985,XGBoost
1316,2022-02-28,0.23306118,XGBoost
13160,2022-02-28,0.22858177,XGBoost
13161,2022-02-28,0.2371825,XGBoost
13162,2022-02-28,0.07161549,XGBoost
13163,2022-02-28,0.07342428,XGBoost
13164,2022-02-28,0.08499436,XGBoost
13165,2022-02-28,0.08543862,XGBoost
13166,2022-02-28,0.078991294,XGBoost
13167,2022-02-28,0.07706656,XGBoost
13168,2022-02-28,0.08816368,XGBoost
13169,2022-02-28,0.22977032,XGBoost
1317,2022-02-28,0.06964155,XGBoost
13170,2022-02-28,0.07932591,XGBoost
13171,2022-02-28,0.072761126,XGBoost
13172,2022-02-28,0.22991201,XGBoost
13173,2022-02-28,0.21803086,XGBoost
13174,2022-02-28,0.08500681,XGBoost
13175,2022-02-28,0.082768485,XGBoost
13176,2022-02-28,0.08339167,XGBoost
13177,2022-02-28,0.07266498,XGBoost
13178,2022-02-28,0.082771994,XGBoost
13179,2022-02-28,0.08589123,XGBoost
1318,2022-02-28,0.24591479,XGBoost
13180,2022-02-28,0.21347329,XGBoost
13181,2022-02-28,0.0787852,XGBoost
13182,2022-02-28,0.20854037,XGBoost
13183,2022-02-28,0.082753286,XGBoost
13184,2022-02-28,0.08699954,XGBoost
13185,2022-02-28,0.2522905,XGBoost
13186,2022-02-28,0.07948946,XGBoost
13187,2022-02-28,0.08540624,XGBoost
13188,2022-02-28,0.09055012,XGBoost
13189,2022-02-28,0.2121909,XGBoost
1319,2022-02-28,0.20390907,XGBoost
13190,2022-02-28,0.21407177,XGBoost
13191,2022-02-28,0.08763857,XGBoost
13192,2022-02-28,0.2213469,XGBoost
13193,2022-02-28,0.2407771,XGBoost
13194,2022-02-28,0.07701131,XGBoost
13195,2022-02-28,0.08680327,XGBoost
13196,2022-02-28,0.082399085,XGBoost
13197,2022-02-28,0.087346874,XGBoost
13198,2022-02-28,0.084168084,XGBoost
13199,2022-02-28,0.07904361,XGBoost
132,2022-02-28,0.08364202,XGBoost
1320,2022-02-28,0.085538276,XGBoost
13200,2022-02-28,0.07320594,XGBoost
13201,2022-02-28,0.0819833,XGBoost
13202,2022-02-28,0.24069256,XGBoost
13203,2022-02-28,0.08774996,XGBoost
13204,2022-02-28,0.21234311,XGBoost
13205,2022-02-28,0.08554196,XGBoost
13206,2022-02-28,0.07328357,XGBoost
13207,2022-02-28,0.08734839,XGBoost
13208,2022-02-28,0.08360282,XGBoost
13209,2022-02-28,0.08294619,XGBoost
1321,2022-02-28,0.22610116,XGBoost
13210,2022-02-28,0.23669542,XGBoost
13211,2022-02-28,0.2519164,XGBoost
13212,2022-02-28,0.21876016,XGBoost
13213,2022-02-28,0.22395745,XGBoost
13214,2022-02-28,0.07644861,XGBoost
13215,2022-02-28,0.08290248,XGBoost
13216,2022-02-28,0.21842788,XGBoost
13217,2022-02-28,0.083146214,XGBoost
13218,2022-02-28,0.078541495,XGBoost
13219,2022-02-28,0.2644314,XGBoost
1322,2022-02-28,0.22996917,XGBoost
13220,2022-02-28,0.22960012,XGBoost
13221,2022-02-28,0.07885587,XGBoost
13222,2022-02-28,0.078076854,XGBoost
13223,2022-02-28,0.21794361,XGBoost
13224,2022-02-28,0.07955562,XGBoost
13225,2022-02-28,0.080591984,XGBoost
13226,2022-02-28,0.07094591,XGBoost
13227,2022-02-28,0.070781216,XGBoost
13228,2022-02-28,0.079975046,XGBoost
13229,2022-02-28,0.2156909,XGBoost
1323,2022-02-28,0.27585456,XGBoost
13230,2022-02-28,0.2541565,XGBoost
13231,2022-02-28,0.20364465,XGBoost
13232,2022-02-28,0.064241216,XGBoost
13233,2022-02-28,0.06578451,XGBoost
13234,2022-02-28,0.086128846,XGBoost
13235,2022-02-28,0.08228016,XGBoost
13236,2022-02-28,0.23060387,XGBoost
13237,2022-02-28,0.08236467,XGBoost
13238,2022-02-28,0.20911518,XGBoost
13239,2022-02-28,0.2329241,XGBoost
1324,2022-02-28,0.084430076,XGBoost
13240,2022-02-28,0.21203153,XGBoost
13241,2022-02-28,0.07303148,XGBoost
13242,2022-02-28,0.22815348,XGBoost
13243,2022-02-28,0.07983941,XGBoost
13244,2022-02-28,0.22137742,XGBoost
13245,2022-02-28,0.23832741,XGBoost
13246,2022-02-28,0.25149852,XGBoost
13247,2022-02-28,0.08366195,XGBoost
13248,2022-02-28,0.25728008,XGBoost
13249,2022-02-28,0.08524354,XGBoost
1325,2022-02-28,0.21015549,XGBoost
13250,2022-02-28,0.08140956,XGBoost
13251,2022-02-28,0.082844265,XGBoost
13252,2022-02-28,0.07757736,XGBoost
13253,2022-02-28,0.07827667,XGBoost
13254,2022-02-28,0.083548896,XGBoost
13255,2022-02-28,0.24058323,XGBoost
13256,2022-02-28,0.22722337,XGBoost
13257,2022-02-28,0.2163908,XGBoost
13258,2022-02-28,0.21802191,XGBoost
13259,2022-02-28,0.21938872,XGBoost
1326,2022-02-28,0.08330937,XGBoost
13260,2022-02-28,0.22926825,XGBoost
13261,2022-02-28,0.22436999,XGBoost
13262,2022-02-28,0.07399197,XGBoost
13263,2022-02-28,0.08204428,XGBoost
13264,2022-02-28,0.08557055,XGBoost
13265,2022-02-28,0.2327116,XGBoost
13266,2022-02-28,0.084813274,XGBoost
13267,2022-02-28,0.083156265,XGBoost
13268,2022-02-28,0.08222435,XGBoost
13269,2022-02-28,0.23852776,XGBoost
1327,2022-02-28,0.08854161,XGBoost
13270,2022-02-28,0.07229047,XGBoost
13271,2022-02-28,0.08367573,XGBoost
13272,2022-02-28,0.24876232,XGBoost
13273,2022-02-28,0.08122062,XGBoost
13274,2022-02-28,0.21991329,XGBoost
13275,2022-02-28,0.085152134,XGBoost
13276,2022-02-28,0.077079214,XGBoost
13277,2022-02-28,0.08186616,XGBoost
13278,2022-02-28,0.08581296,XGBoost
13279,2022-02-28,0.2212709,XGBoost
1328,2022-02-28,0.07813366,XGBoost
13280,2022-02-28,0.08451031,XGBoost
13281,2022-02-28,0.08047081,XGBoost
13282,2022-02-28,0.08415979,XGBoost
13283,2022-02-28,0.08377827,XGBoost
13284,2022-02-28,0.24652956,XGBoost
13285,2022-02-28,0.2332439,XGBoost
13286,2022-02-28,0.07806828,XGBoost
13287,2022-02-28,0.082170844,XGBoost
13288,2022-02-28,0.08668569,XGBoost
13289,2022-02-28,0.2201337,XGBoost
1329,2022-02-28,0.08266687,XGBoost
13290,2022-02-28,0.07168149,XGBoost
13291,2022-02-28,0.08364408,XGBoost
13292,2022-02-28,0.22817764,XGBoost
13293,2022-02-28,0.23980443,XGBoost
13294,2022-02-28,0.23493859,XGBoost
13295,2022-02-28,0.08316098,XGBoost
13296,2022-02-28,0.23209767,XGBoost
13297,2022-02-28,0.22528805,XGBoost
13298,2022-02-28,0.2450323,XGBoost
13299,2022-02-28,0.22331421,XGBoost
133,2022-02-28,0.2219086,XGBoost
1330,2022-02-28,0.08400127,XGBoost
13300,2022-02-28,0.08245972,XGBoost
13301,2022-02-28,0.086557314,XGBoost
13302,2022-02-28,0.22861692,XGBoost
13303,2022-02-28,0.22189353,XGBoost
13304,2022-02-28,0.082341336,XGBoost
13305,2022-02-28,0.08454219,XGBoost
13306,2022-02-28,0.22629242,XGBoost
13307,2022-02-28,0.081695154,XGBoost
13308,2022-02-28,0.08539169,XGBoost
13309,2022-02-28,0.22931427,XGBoost
1331,2022-02-28,0.07965755,XGBoost
13310,2022-02-28,0.22051433,XGBoost
13311,2022-02-28,0.07658465,XGBoost
13312,2022-02-28,0.081502266,XGBoost
13313,2022-02-28,0.23131047,XGBoost
13314,2022-02-28,0.073806524,XGBoost
13315,2022-02-28,0.24461502,XGBoost
13316,2022-02-28,0.20240766,XGBoost
13317,2022-02-28,0.079265095,XGBoost
13318,2022-02-28,0.21408488,XGBoost
13319,2022-02-28,0.22692822,XGBoost
1332,2022-02-28,0.08626788,XGBoost
13320,2022-02-28,0.08370002,XGBoost
13321,2022-02-28,0.2169141,XGBoost
13322,2022-02-28,0.07892627,XGBoost
13323,2022-02-28,0.08435252,XGBoost
13324,2022-02-28,0.20532389,XGBoost
13325,2022-02-28,0.25509375,XGBoost
13326,2022-02-28,0.23424444,XGBoost
13327,2022-02-28,0.21951182,XGBoost
13328,2022-02-28,0.23865515,XGBoost
13329,2022-02-28,0.21171586,XGBoost
1333,2022-02-28,0.23371114,XGBoost
13330,2022-02-28,0.083253674,XGBoost
13331,2022-02-28,0.078461036,XGBoost
13332,2022-02-28,0.08364958,XGBoost
13333,2022-02-28,0.23124348,XGBoost
13334,2022-02-28,0.087205075,XGBoost
13335,2022-02-28,0.070061676,XGBoost
13336,2022-02-28,0.099525675,XGBoost
13337,2022-02-28,0.076567,XGBoost
13338,2022-02-28,0.22314005,XGBoost
13339,2022-02-28,0.23510867,XGBoost
1334,2022-02-28,0.23028722,XGBoost
13340,2022-02-28,0.22748081,XGBoost
13341,2022-02-28,0.077318355,XGBoost
13342,2022-02-28,0.08397696,XGBoost
13343,2022-02-28,0.08467908,XGBoost
13344,2022-02-28,0.21685794,XGBoost
13345,2022-02-28,0.14148268,XGBoost
13346,2022-02-28,0.23793405,XGBoost
13347,2022-02-28,0.0803021,XGBoost
13348,2022-02-28,0.07512209,XGBoost
13349,2022-02-28,0.2249245,XGBoost
1335,2022-02-28,0.08116621,XGBoost
13350,2022-02-28,0.23132871,XGBoost
13351,2022-02-28,0.08424158,XGBoost
13352,2022-02-28,0.2277243,XGBoost
13353,2022-02-28,0.08692863,XGBoost
13354,2022-02-28,0.08389161,XGBoost
13355,2022-02-28,0.08112618,XGBoost
13356,2022-02-28,0.07940272,XGBoost
13357,2022-02-28,0.08806304,XGBoost
13358,2022-02-28,0.23452534,XGBoost
13359,2022-02-28,0.24030752,XGBoost
1336,2022-02-28,0.082076274,XGBoost
13360,2022-02-28,0.07467317,XGBoost
13361,2022-02-28,0.22860803,XGBoost
13362,2022-02-28,0.080853365,XGBoost
13363,2022-02-28,0.0874015,XGBoost
13364,2022-02-28,0.22734252,XGBoost
13365,2022-02-28,0.237828,XGBoost
13366,2022-02-28,0.083676435,XGBoost
13367,2022-02-28,0.2334248,XGBoost
13368,2022-02-28,0.22484751,XGBoost
13369,2022-02-28,0.21814123,XGBoost
1337,2022-02-28,0.083153345,XGBoost
13370,2022-02-28,0.23945682,XGBoost
13371,2022-02-28,0.07890678,XGBoost
13372,2022-02-28,0.23774834,XGBoost
13373,2022-02-28,0.08018512,XGBoost
13374,2022-02-28,0.08949211,XGBoost
13375,2022-02-28,0.23485808,XGBoost
13376,2022-02-28,0.08432435,XGBoost
13377,2022-02-28,0.2097943,XGBoost
13378,2022-02-28,0.0816598,XGBoost
13379,2022-02-28,0.07289326,XGBoost
1338,2022-02-28,0.07325648,XGBoost
13380,2022-02-28,0.08511799,XGBoost
13381,2022-02-28,0.0724225,XGBoost
13382,2022-02-28,0.24630737,XGBoost
13383,2022-02-28,0.08242511,XGBoost
13384,2022-02-28,0.2333852,XGBoost
13385,2022-02-28,0.07981577,XGBoost
13386,2022-02-28,0.076217964,XGBoost
13387,2022-02-28,0.2298099,XGBoost
13388,2022-02-28,0.23772497,XGBoost
13389,2022-02-28,0.08000454,XGBoost
1339,2022-02-28,0.240037,XGBoost
13390,2022-02-28,0.084450655,XGBoost
13391,2022-02-28,0.08475529,XGBoost
13392,2022-02-28,0.08471966,XGBoost
13393,2022-02-28,0.079632126,XGBoost
13394,2022-02-28,0.0694489,XGBoost
13395,2022-02-28,0.080126695,XGBoost
13396,2022-02-28,0.22971325,XGBoost
13397,2022-02-28,0.2430013,XGBoost
13398,2022-02-28,0.232808,XGBoost
13399,2022-02-28,0.21999274,XGBoost
134,2022-02-28,0.07079824,XGBoost
1340,2022-02-28,0.08591631,XGBoost
13400,2022-02-28,0.07825485,XGBoost
13401,2022-02-28,0.22029108,XGBoost
13402,2022-02-28,0.23834808,XGBoost
13403,2022-02-28,0.08224968,XGBoost
13404,2022-02-28,0.086635135,XGBoost
13405,2022-02-28,0.2486373,XGBoost
13406,2022-02-28,0.21128157,XGBoost
13407,2022-02-28,0.0812101,XGBoost
13408,2022-02-28,0.25043017,XGBoost
13409,2022-02-28,0.08160106,XGBoost
1341,2022-02-28,0.23417245,XGBoost
13410,2022-02-28,0.07523787,XGBoost
13411,2022-02-28,0.24090008,XGBoost
13412,2022-02-28,0.24196433,XGBoost
13413,2022-02-28,0.2314909,XGBoost
13414,2022-02-28,0.07764141,XGBoost
13415,2022-02-28,0.085387,XGBoost
13416,2022-02-28,0.08169013,XGBoost
13417,2022-02-28,0.25632513,XGBoost
13418,2022-02-28,0.25394484,XGBoost
13419,2022-02-28,0.22842929,XGBoost
1342,2022-02-28,0.07342864,XGBoost
13420,2022-02-28,0.09032496,XGBoost
13421,2022-02-28,0.08708917,XGBoost
13422,2022-02-28,0.08585904,XGBoost
13423,2022-02-28,0.21215351,XGBoost
13424,2022-02-28,0.07755281,XGBoost
13425,2022-02-28,0.20994376,XGBoost
13426,2022-02-28,0.067745686,XGBoost
13427,2022-02-28,0.08095066,XGBoost
13428,2022-02-28,0.08639578,XGBoost
13429,2022-02-28,0.071905516,XGBoost
1343,2022-02-28,0.071508646,XGBoost
13430,2022-02-28,0.23093127,XGBoost
13431,2022-02-28,0.22353785,XGBoost
13432,2022-02-28,0.0841894,XGBoost
13433,2022-02-28,0.20907106,XGBoost
13434,2022-02-28,0.22131999,XGBoost
13435,2022-02-28,0.08509113,XGBoost
13436,2022-02-28,0.07927919,XGBoost
13437,2022-02-28,0.08425828,XGBoost
13438,2022-02-28,0.085693754,XGBoost
13439,2022-02-28,0.08456383,XGBoost
1344,2022-02-28,0.08935048,XGBoost
13440,2022-02-28,0.08405326,XGBoost
13441,2022-02-28,0.21191417,XGBoost
13442,2022-02-28,0.08395706,XGBoost
13443,2022-02-28,0.24101372,XGBoost
13444,2022-02-28,0.07561842,XGBoost
13445,2022-02-28,0.22655524,XGBoost
13446,2022-02-28,0.06420163,XGBoost
13447,2022-02-28,0.08355311,XGBoost
13448,2022-02-28,0.22284007,XGBoost
13449,2022-02-28,0.22865707,XGBoost
1345,2022-02-28,0.23107186,XGBoost
13450,2022-02-28,0.20985746,XGBoost
13451,2022-02-28,0.07242642,XGBoost
13452,2022-02-28,0.082682446,XGBoost
13453,2022-02-28,0.08195256,XGBoost
13454,2022-02-28,0.08575205,XGBoost
13455,2022-02-28,0.25230086,XGBoost
13456,2022-02-28,0.07032396,XGBoost
13457,2022-02-28,0.23208965,XGBoost
13458,2022-02-28,0.083456196,XGBoost
13459,2022-02-28,0.081275724,XGBoost
1346,2022-02-28,0.08263053,XGBoost
13460,2022-02-28,0.24486934,XGBoost
13461,2022-02-28,0.07190835,XGBoost
13462,2022-02-28,0.085154556,XGBoost
13463,2022-02-28,0.23088482,XGBoost
13464,2022-02-28,0.08404152,XGBoost
13465,2022-02-28,0.24432205,XGBoost
13466,2022-02-28,0.07941936,XGBoost
13467,2022-02-28,0.07816436,XGBoost
13468,2022-02-28,0.21208969,XGBoost
13469,2022-02-28,0.22951235,XGBoost
1347,2022-02-28,0.2449724,XGBoost
13470,2022-02-28,0.07792198,XGBoost
13471,2022-02-28,0.20593672,XGBoost
13472,2022-02-28,0.07901878,XGBoost
13473,2022-02-28,0.24201389,XGBoost
13474,2022-02-28,0.07638092,XGBoost
13475,2022-02-28,0.21929613,XGBoost
13476,2022-02-28,0.08390684,XGBoost
13477,2022-02-28,0.0926822,XGBoost
13478,2022-02-28,0.20571695,XGBoost
13479,2022-02-28,0.082408756,XGBoost
1348,2022-02-28,0.22826348,XGBoost
13480,2022-02-28,0.20446959,XGBoost
13481,2022-02-28,0.24261361,XGBoost
13482,2022-02-28,0.08181959,XGBoost
13483,2022-02-28,0.07253108,XGBoost
13484,2022-02-28,0.08766005,XGBoost
13485,2022-02-28,0.08421214,XGBoost
13486,2022-02-28,0.26556614,XGBoost
13487,2022-02-28,0.083187476,XGBoost
13488,2022-02-28,0.25004065,XGBoost
13489,2022-02-28,0.07816725,XGBoost
1349,2022-02-28,0.07756488,XGBoost
13490,2022-02-28,0.24826638,XGBoost
13491,2022-02-28,0.2497177,XGBoost
13492,2022-02-28,0.06964213,XGBoost
13493,2022-02-28,0.07002567,XGBoost
13494,2022-02-28,0.08295113,XGBoost
13495,2022-02-28,0.076842815,XGBoost
13496,2022-02-28,0.20632176,XGBoost
13497,2022-02-28,0.2176958,XGBoost
13498,2022-02-28,0.20015058,XGBoost
13499,2022-02-28,0.23491964,XGBoost
135,2022-02-28,0.21398409,XGBoost
1350,2022-02-28,0.08687951,XGBoost
13500,2022-02-28,0.0784671,XGBoost
13501,2022-02-28,0.22955436,XGBoost
13502,2022-02-28,0.082625546,XGBoost
13503,2022-02-28,0.22537196,XGBoost
13504,2022-02-28,0.08173256,XGBoost
13505,2022-02-28,0.083304815,XGBoost
13506,2022-02-28,0.08544864,XGBoost
13507,2022-02-28,0.08563639,XGBoost
13508,2022-02-28,0.23648748,XGBoost
13509,2022-02-28,0.21585795,XGBoost
1351,2022-02-28,0.23468539,XGBoost
13510,2022-02-28,0.08420151,XGBoost
13511,2022-02-28,0.06594436,XGBoost
13512,2022-02-28,0.23176186,XGBoost
13513,2022-02-28,0.084441505,XGBoost
13514,2022-02-28,0.08365831,XGBoost
13515,2022-02-28,0.22941484,XGBoost
13516,2022-02-28,0.25398076,XGBoost
13517,2022-02-28,0.07832172,XGBoost
13518,2022-02-28,0.06695503,XGBoost
13519,2022-02-28,0.07921957,XGBoost
1352,2022-02-28,0.08401683,XGBoost
13520,2022-02-28,0.24192682,XGBoost
13521,2022-02-28,0.23338696,XGBoost
13522,2022-02-28,0.07127381,XGBoost
13523,2022-02-28,0.23931989,XGBoost
13524,2022-02-28,0.08289688,XGBoost
13525,2022-02-28,0.22173643,XGBoost
13526,2022-02-28,0.26480404,XGBoost
13527,2022-02-28,0.23448235,XGBoost
13528,2022-02-28,0.07621693,XGBoost
13529,2022-02-28,0.23715268,XGBoost
1353,2022-02-28,0.083784595,XGBoost
13530,2022-02-28,0.082975715,XGBoost
13531,2022-02-28,0.2065222,XGBoost
13532,2022-02-28,0.23981225,XGBoost
13533,2022-02-28,0.08311145,XGBoost
13534,2022-02-28,0.22763346,XGBoost
13535,2022-02-28,0.08888358,XGBoost
13536,2022-02-28,0.07184295,XGBoost
13537,2022-02-28,0.08668504,XGBoost
13538,2022-02-28,0.24618073,XGBoost
13539,2022-02-28,0.081101775,XGBoost
1354,2022-02-28,0.08587799,XGBoost
13540,2022-02-28,0.06591206,XGBoost
13541,2022-02-28,0.22665922,XGBoost
13542,2022-02-28,0.08294003,XGBoost
13543,2022-02-28,0.225791,XGBoost
13544,2022-02-28,0.08128396,XGBoost
13545,2022-02-28,0.082463264,XGBoost
13546,2022-02-28,0.08397409,XGBoost
13547,2022-02-28,0.22655389,XGBoost
13548,2022-02-28,0.24249668,XGBoost
13549,2022-02-28,0.222729,XGBoost
1355,2022-02-28,0.08557387,XGBoost
13550,2022-02-28,0.080254346,XGBoost
13551,2022-02-28,0.22956747,XGBoost
13552,2022-02-28,0.0855348,XGBoost
13553,2022-02-28,0.07312547,XGBoost
13554,2022-02-28,0.08286285,XGBoost
13555,2022-02-28,0.08392859,XGBoost
13556,2022-02-28,0.08234621,XGBoost
13557,2022-02-28,0.25256786,XGBoost
13558,2022-02-28,0.22667694,XGBoost
13559,2022-02-28,0.07928508,XGBoost
1356,2022-02-28,0.07922327,XGBoost
13560,2022-02-28,0.08665319,XGBoost
13561,2022-02-28,0.08666941,XGBoost
13562,2022-02-28,0.07135974,XGBoost
13563,2022-02-28,0.2168107,XGBoost
13564,2022-02-28,0.07627654,XGBoost
13565,2022-02-28,0.08146393,XGBoost
13566,2022-02-28,0.23049739,XGBoost
13567,2022-02-28,0.25670907,XGBoost
13568,2022-02-28,0.23060817,XGBoost
13569,2022-02-28,0.23977034,XGBoost
1357,2022-02-28,0.24231204,XGBoost
13570,2022-02-28,0.07361674,XGBoost
13571,2022-02-28,0.09012712,XGBoost
13572,2022-02-28,0.22844082,XGBoost
13573,2022-02-28,0.074789606,XGBoost
13574,2022-02-28,0.07731012,XGBoost
13575,2022-02-28,0.07743118,XGBoost
13576,2022-02-28,0.06305769,XGBoost
13577,2022-02-28,0.2515936,XGBoost
13578,2022-02-28,0.08302135,XGBoost
13579,2022-02-28,0.08302256,XGBoost
1358,2022-02-28,0.08363306,XGBoost
13580,2022-02-28,0.2207708,XGBoost
13581,2022-02-28,0.22296895,XGBoost
13582,2022-02-28,0.22406219,XGBoost
13583,2022-02-28,0.08829929,XGBoost
13584,2022-02-28,0.2171338,XGBoost
13585,2022-02-28,0.08591119,XGBoost
13586,2022-02-28,0.09116837,XGBoost
13587,2022-02-28,0.08492277,XGBoost
13588,2022-02-28,0.08722315,XGBoost
13589,2022-02-28,0.08563766,XGBoost
1359,2022-02-28,0.21396738,XGBoost
13590,2022-02-28,0.24063274,XGBoost
13591,2022-02-28,0.23316625,XGBoost
13592,2022-02-28,0.07980447,XGBoost
13593,2022-02-28,0.0861073,XGBoost
13594,2022-02-28,0.24748701,XGBoost
13595,2022-02-28,0.08572363,XGBoost
13596,2022-02-28,0.076794825,XGBoost
13597,2022-02-28,0.0653272,XGBoost
13598,2022-02-28,0.08353943,XGBoost
13599,2022-02-28,0.07950595,XGBoost
136,2022-02-28,0.07092788,XGBoost
1360,2022-02-28,0.08308967,XGBoost
13600,2022-02-28,0.08744006,XGBoost
13601,2022-02-28,0.06587044,XGBoost
13602,2022-02-28,0.24695009,XGBoost
13603,2022-02-28,0.06926212,XGBoost
13604,2022-02-28,0.22841749,XGBoost
13605,2022-02-28,0.22301239,XGBoost
13606,2022-02-28,0.08379752,XGBoost
13607,2022-02-28,0.07274062,XGBoost
13608,2022-02-28,0.21552786,XGBoost
13609,2022-02-28,0.08481547,XGBoost
1361,2022-02-28,0.07901297,XGBoost
13610,2022-02-28,0.22849423,XGBoost
13611,2022-02-28,0.0873618,XGBoost
13612,2022-02-28,0.22291727,XGBoost
13613,2022-02-28,0.08507206,XGBoost
13614,2022-02-28,0.08507436,XGBoost
13615,2022-02-28,0.23348781,XGBoost
13616,2022-02-28,0.2061024,XGBoost
13617,2022-02-28,0.24938786,XGBoost
13618,2022-02-28,0.24601063,XGBoost
13619,2022-02-28,0.076486506,XGBoost
1362,2022-02-28,0.24794114,XGBoost
13620,2022-02-28,0.22866462,XGBoost
13621,2022-02-28,0.23920219,XGBoost
13622,2022-02-28,0.08573199,XGBoost
13623,2022-02-28,0.21706548,XGBoost
13624,2022-02-28,0.23632973,XGBoost
13625,2022-02-28,0.082085535,XGBoost
13626,2022-02-28,0.23217215,XGBoost
13627,2022-02-28,0.07192419,XGBoost
13628,2022-02-28,0.08386061,XGBoost
13629,2022-02-28,0.23050222,XGBoost
1363,2022-02-28,0.20831539,XGBoost
13630,2022-02-28,0.078051835,XGBoost
13631,2022-02-28,0.2443056,XGBoost
13632,2022-02-28,0.24096565,XGBoost
13633,2022-02-28,0.08598706,XGBoost
13634,2022-02-28,0.082822725,XGBoost
13635,2022-02-28,0.08106472,XGBoost
13636,2022-02-28,0.070844665,XGBoost
13637,2022-02-28,0.2135779,XGBoost
13638,2022-02-28,0.08296895,XGBoost
13639,2022-02-28,0.08696543,XGBoost
1364,2022-02-28,0.25868562,XGBoost
13640,2022-02-28,0.24310505,XGBoost
13641,2022-02-28,0.08738307,XGBoost
13642,2022-02-28,0.23053007,XGBoost
13643,2022-02-28,0.21400218,XGBoost
13644,2022-02-28,0.22876528,XGBoost
13645,2022-02-28,0.23081826,XGBoost
13646,2022-02-28,0.0689255,XGBoost
13647,2022-02-28,0.22203082,XGBoost
13648,2022-02-28,0.06812632,XGBoost
13649,2022-02-28,0.08317673,XGBoost
1365,2022-02-28,0.08633423,XGBoost
13650,2022-02-28,0.2269353,XGBoost
13651,2022-02-28,0.22550079,XGBoost
13652,2022-02-28,0.21700136,XGBoost
13653,2022-02-28,0.07618018,XGBoost
13654,2022-02-28,0.086127736,XGBoost
13655,2022-02-28,0.08142592,XGBoost
13656,2022-02-28,0.22432183,XGBoost
13657,2022-02-28,0.079219624,XGBoost
13658,2022-02-28,0.079889864,XGBoost
13659,2022-02-28,0.23662627,XGBoost
1366,2022-02-28,0.07098794,XGBoost
13660,2022-02-28,0.073466875,XGBoost
13661,2022-02-28,0.07663467,XGBoost
13662,2022-02-28,0.082584746,XGBoost
13663,2022-02-28,0.21786825,XGBoost
13664,2022-02-28,0.24541599,XGBoost
13665,2022-02-28,0.21730588,XGBoost
13666,2022-02-28,0.08871101,XGBoost
13667,2022-02-28,0.21413013,XGBoost
13668,2022-02-28,0.07712211,XGBoost
13669,2022-02-28,0.20680018,XGBoost
1367,2022-02-28,0.078947626,XGBoost
13670,2022-02-28,0.22905047,XGBoost
13671,2022-02-28,0.19515295,XGBoost
13672,2022-02-28,0.24250291,XGBoost
13673,2022-02-28,0.08367129,XGBoost
13674,2022-02-28,0.08582681,XGBoost
13675,2022-02-28,0.081984915,XGBoost
13676,2022-02-28,0.23529688,XGBoost
13677,2022-02-28,0.22261909,XGBoost
13678,2022-02-28,0.08419726,XGBoost
13679,2022-02-28,0.087690026,XGBoost
1368,2022-02-28,0.19957253,XGBoost
13680,2022-02-28,0.08340849,XGBoost
13681,2022-02-28,0.20518795,XGBoost
13682,2022-02-28,0.07724457,XGBoost
13683,2022-02-28,0.0882036,XGBoost
13684,2022-02-28,0.08451825,XGBoost
13685,2022-02-28,0.2174926,XGBoost
13686,2022-02-28,0.0769946,XGBoost
13687,2022-02-28,0.21797378,XGBoost
13688,2022-02-28,0.07671405,XGBoost
13689,2022-02-28,0.06303732,XGBoost
1369,2022-02-28,0.07923576,XGBoost
13690,2022-02-28,0.23203427,XGBoost
13691,2022-02-28,0.08732377,XGBoost
13692,2022-02-28,0.07166242,XGBoost
13693,2022-02-28,0.08338927,XGBoost
13694,2022-02-28,0.23271877,XGBoost
13695,2022-02-28,0.082358845,XGBoost
13696,2022-02-28,0.22249171,XGBoost
13697,2022-02-28,0.08346519,XGBoost
13698,2022-02-28,0.08320806,XGBoost
13699,2022-02-28,0.2349949,XGBoost
137,2022-02-28,0.082003154,XGBoost
1370,2022-02-28,0.2481432,XGBoost
13700,2022-02-28,0.22705208,XGBoost
13701,2022-02-28,0.074426204,XGBoost
13702,2022-02-28,0.21785957,XGBoost
13703,2022-02-28,0.07977444,XGBoost
13704,2022-02-28,0.075132355,XGBoost
13705,2022-02-28,0.21403314,XGBoost
13706,2022-02-28,0.23584652,XGBoost
13707,2022-02-28,0.22588846,XGBoost
13708,2022-02-28,0.22184731,XGBoost
13709,2022-02-28,0.24491218,XGBoost
1371,2022-02-28,0.08354906,XGBoost
13710,2022-02-28,0.23353076,XGBoost
13711,2022-02-28,0.07242481,XGBoost
13712,2022-02-28,0.21383741,XGBoost
13713,2022-02-28,0.08322356,XGBoost
13714,2022-02-28,0.07796522,XGBoost
13715,2022-02-28,0.23122188,XGBoost
13716,2022-02-28,0.08825452,XGBoost
13717,2022-02-28,0.07072721,XGBoost
13718,2022-02-28,0.0779081,XGBoost
13719,2022-02-28,0.23020642,XGBoost
1372,2022-02-28,0.24861357,XGBoost
13720,2022-02-28,0.22439031,XGBoost
13721,2022-02-28,0.08666177,XGBoost
13722,2022-02-28,0.0740626,XGBoost
13723,2022-02-28,0.07146025,XGBoost
13724,2022-02-28,0.25376454,XGBoost
13725,2022-02-28,0.0838972,XGBoost
13726,2022-02-28,0.077148594,XGBoost
13727,2022-02-28,0.21310265,XGBoost
13728,2022-02-28,0.0853,XGBoost
13729,2022-02-28,0.07983862,XGBoost
1373,2022-02-28,0.12836365,XGBoost
13730,2022-02-28,0.21332842,XGBoost
13731,2022-02-28,0.077308826,XGBoost
13732,2022-02-28,0.0743046,XGBoost
13733,2022-02-28,0.08558703,XGBoost
13734,2022-02-28,0.086640924,XGBoost
13735,2022-02-28,0.07778708,XGBoost
13736,2022-02-28,0.23575853,XGBoost
13737,2022-02-28,0.23516397,XGBoost
13738,2022-02-28,0.08524047,XGBoost
13739,2022-02-28,0.2286892,XGBoost
1374,2022-02-28,0.07377387,XGBoost
13740,2022-02-28,0.24651714,XGBoost
13741,2022-02-28,0.21114093,XGBoost
13742,2022-02-28,0.081374235,XGBoost
13743,2022-02-28,0.08480895,XGBoost
13744,2022-02-28,0.07268098,XGBoost
13745,2022-02-28,0.07824724,XGBoost
13746,2022-02-28,0.080632485,XGBoost
13747,2022-02-28,0.23435412,XGBoost
13748,2022-02-28,0.08456863,XGBoost
13749,2022-02-28,0.07887884,XGBoost
1375,2022-02-28,0.08598434,XGBoost
13750,2022-02-28,0.22055386,XGBoost
13751,2022-02-28,0.082019135,XGBoost
13752,2022-02-28,0.22819647,XGBoost
13753,2022-02-28,0.079336345,XGBoost
13754,2022-02-28,0.0709026,XGBoost
13755,2022-02-28,0.0789566,XGBoost
13756,2022-02-28,0.0702905,XGBoost
13757,2022-02-28,0.22907461,XGBoost
13758,2022-02-28,0.22403847,XGBoost
13759,2022-02-28,0.23756963,XGBoost
1376,2022-02-28,0.21323271,XGBoost
13760,2022-02-28,0.08723203,XGBoost
13761,2022-02-28,0.08304957,XGBoost
13762,2022-02-28,0.085740894,XGBoost
13763,2022-02-28,0.08760503,XGBoost
13764,2022-02-28,0.07884933,XGBoost
13765,2022-02-28,0.07543179,XGBoost
13766,2022-02-28,0.21579647,XGBoost
13767,2022-02-28,0.083957165,XGBoost
13768,2022-02-28,0.25464782,XGBoost
13769,2022-02-28,0.08601733,XGBoost
1377,2022-02-28,0.07355289,XGBoost
13770,2022-02-28,0.07883813,XGBoost
13771,2022-02-28,0.086962186,XGBoost
13772,2022-02-28,0.08847337,XGBoost
13773,2022-02-28,0.2505459,XGBoost
13774,2022-02-28,0.08886593,XGBoost
13775,2022-02-28,0.082632475,XGBoost
13776,2022-02-28,0.21316418,XGBoost
13777,2022-02-28,0.06622421,XGBoost
13778,2022-02-28,0.06916523,XGBoost
13779,2022-02-28,0.20941688,XGBoost
1378,2022-02-28,0.08386438,XGBoost
13780,2022-02-28,0.22705373,XGBoost
13781,2022-02-28,0.23494902,XGBoost
13782,2022-02-28,0.23763657,XGBoost
13783,2022-02-28,0.07656412,XGBoost
13784,2022-02-28,0.22503608,XGBoost
13785,2022-02-28,0.2135953,XGBoost
13786,2022-02-28,0.08316827,XGBoost
13787,2022-02-28,0.23282583,XGBoost
13788,2022-02-28,0.23330066,XGBoost
13789,2022-02-28,0.083917156,XGBoost
1379,2022-02-28,0.21670833,XGBoost
13790,2022-02-28,0.07664509,XGBoost
13791,2022-02-28,0.08344092,XGBoost
13792,2022-02-28,0.07971042,XGBoost
13793,2022-02-28,0.22798377,XGBoost
13794,2022-02-28,0.08541906,XGBoost
13795,2022-02-28,0.21389858,XGBoost
13796,2022-02-28,0.24065168,XGBoost
13797,2022-02-28,0.07425124,XGBoost
13798,2022-02-28,0.21826355,XGBoost
13799,2022-02-28,0.22378524,XGBoost
138,2022-02-28,0.23514618,XGBoost
1380,2022-02-28,0.23516554,XGBoost
13800,2022-02-28,0.071005665,XGBoost
13801,2022-02-28,0.08824789,XGBoost
13802,2022-02-28,0.07156113,XGBoost
13803,2022-02-28,0.06761686,XGBoost
13804,2022-02-28,0.24588175,XGBoost
13805,2022-02-28,0.2372353,XGBoost
13806,2022-02-28,0.07808134,XGBoost
13807,2022-02-28,0.08686915,XGBoost
13808,2022-02-28,0.21973701,XGBoost
13809,2022-02-28,0.073876716,XGBoost
1381,2022-02-28,0.2198293,XGBoost
13810,2022-02-28,0.07062119,XGBoost
13811,2022-02-28,0.08337323,XGBoost
13812,2022-02-28,0.07168516,XGBoost
13813,2022-02-28,0.073488824,XGBoost
13814,2022-02-28,0.2221844,XGBoost
13815,2022-02-28,0.081756406,XGBoost
13816,2022-02-28,0.23268493,XGBoost
13817,2022-02-28,0.08216575,XGBoost
13818,2022-02-28,0.20903432,XGBoost
13819,2022-02-28,0.23019585,XGBoost
1382,2022-02-28,0.08792398,XGBoost
13820,2022-02-28,0.2238933,XGBoost
13821,2022-02-28,0.08303449,XGBoost
13822,2022-02-28,0.2068094,XGBoost
13823,2022-02-28,0.2107657,XGBoost
13824,2022-02-28,0.08689995,XGBoost
13825,2022-02-28,0.08338652,XGBoost
13826,2022-02-28,0.07199391,XGBoost
13827,2022-02-28,0.08364589,XGBoost
13828,2022-02-28,0.084891595,XGBoost
13829,2022-02-28,0.074177206,XGBoost
1383,2022-02-28,0.08644739,XGBoost
13830,2022-02-28,0.23079388,XGBoost
13831,2022-02-28,0.082641415,XGBoost
13832,2022-02-28,0.08289399,XGBoost
13833,2022-02-28,0.08055735,XGBoost
13834,2022-02-28,0.21449834,XGBoost
13835,2022-02-28,0.06588213,XGBoost
13836,2022-02-28,0.08406055,XGBoost
13837,2022-02-28,0.08669911,XGBoost
13838,2022-02-28,0.24042504,XGBoost
13839,2022-02-28,0.08188393,XGBoost
1384,2022-02-28,0.08413046,XGBoost
13840,2022-02-28,0.08462002,XGBoost
13841,2022-02-28,0.21739615,XGBoost
13842,2022-02-28,0.2233763,XGBoost
13843,2022-02-28,0.08222752,XGBoost
13844,2022-02-28,0.08408958,XGBoost
13845,2022-02-28,0.24938823,XGBoost
13846,2022-02-28,0.07791716,XGBoost
13847,2022-02-28,0.07671494,XGBoost
13848,2022-02-28,0.08429662,XGBoost
13849,2022-02-28,0.071419574,XGBoost
1385,2022-02-28,0.24349955,XGBoost
13850,2022-02-28,0.08208243,XGBoost
13851,2022-02-28,0.20568782,XGBoost
13852,2022-02-28,0.088344775,XGBoost
13853,2022-02-28,0.0807739,XGBoost
13854,2022-02-28,0.22888929,XGBoost
13855,2022-02-28,0.083350234,XGBoost
13856,2022-02-28,0.22431159,XGBoost
13857,2022-02-28,0.07704327,XGBoost
13858,2022-02-28,0.08065672,XGBoost
13859,2022-02-28,0.22189383,XGBoost
1386,2022-02-28,0.07520974,XGBoost
13860,2022-02-28,0.22626132,XGBoost
13861,2022-02-28,0.07008618,XGBoost
13862,2022-02-28,0.085930236,XGBoost
13863,2022-02-28,0.08719346,XGBoost
13864,2022-02-28,0.064779386,XGBoost
13865,2022-02-28,0.21744958,XGBoost
13866,2022-02-28,0.07603928,XGBoost
13867,2022-02-28,0.08528308,XGBoost
13868,2022-02-28,0.2337309,XGBoost
13869,2022-02-28,0.07829653,XGBoost
1387,2022-02-28,0.06317083,XGBoost
13870,2022-02-28,0.23176698,XGBoost
13871,2022-02-28,0.088251725,XGBoost
13872,2022-02-28,0.22327681,XGBoost
13873,2022-02-28,0.07957382,XGBoost
13874,2022-02-28,0.08449989,XGBoost
13875,2022-02-28,0.20260218,XGBoost
13876,2022-02-28,0.07121585,XGBoost
13877,2022-02-28,0.23116985,XGBoost
13878,2022-02-28,0.22043714,XGBoost
13879,2022-02-28,0.22498237,XGBoost
1388,2022-02-28,0.07112221,XGBoost
13880,2022-02-28,0.085502416,XGBoost
13881,2022-02-28,0.07850374,XGBoost
13882,2022-02-28,0.08266902,XGBoost
13883,2022-02-28,0.24689402,XGBoost
13884,2022-02-28,0.0698011,XGBoost
13885,2022-02-28,0.0757896,XGBoost
13886,2022-02-28,0.08304934,XGBoost
13887,2022-02-28,0.0690591,XGBoost
13888,2022-02-28,0.088425644,XGBoost
13889,2022-02-28,0.073318236,XGBoost
1389,2022-02-28,0.22572829,XGBoost
13890,2022-02-28,0.07682374,XGBoost
13891,2022-02-28,0.08195786,XGBoost
13892,2022-02-28,0.24730554,XGBoost
13893,2022-02-28,0.23170164,XGBoost
13894,2022-02-28,0.08508434,XGBoost
13895,2022-02-28,0.20122415,XGBoost
13896,2022-02-28,0.07766242,XGBoost
13897,2022-02-28,0.08077892,XGBoost
13898,2022-02-28,0.25824472,XGBoost
13899,2022-02-28,0.08506018,XGBoost
139,2022-02-28,0.23515505,XGBoost
1390,2022-02-28,0.06306601,XGBoost
13900,2022-02-28,0.19629012,XGBoost
13901,2022-02-28,0.08729641,XGBoost
13902,2022-02-28,0.2410611,XGBoost
13903,2022-02-28,0.08200458,XGBoost
13904,2022-02-28,0.07907611,XGBoost
13905,2022-02-28,0.070619546,XGBoost
13906,2022-02-28,0.07912382,XGBoost
13907,2022-02-28,0.08206709,XGBoost
13908,2022-02-28,0.08513962,XGBoost
13909,2022-02-28,0.07650286,XGBoost
1391,2022-02-28,0.22107928,XGBoost
13910,2022-02-28,0.08252206,XGBoost
13911,2022-02-28,0.082829356,XGBoost
13912,2022-02-28,0.24397004,XGBoost
13913,2022-02-28,0.08265069,XGBoost
13914,2022-02-28,0.21776704,XGBoost
13915,2022-02-28,0.08740566,XGBoost
13916,2022-02-28,0.07486304,XGBoost
13917,2022-02-28,0.24199556,XGBoost
13918,2022-02-28,0.08085702,XGBoost
13919,2022-02-28,0.07828696,XGBoost
1392,2022-02-28,0.084602535,XGBoost
13920,2022-02-28,0.08087371,XGBoost
13921,2022-02-28,0.23074764,XGBoost
13922,2022-02-28,0.084026866,XGBoost
13923,2022-02-28,0.22641711,XGBoost
13924,2022-02-28,0.20678815,XGBoost
13925,2022-02-28,0.11354417,XGBoost
13926,2022-02-28,0.08524835,XGBoost
13927,2022-02-28,0.08628139,XGBoost
13928,2022-02-28,0.2389498,XGBoost
13929,2022-02-28,0.21836998,XGBoost
1393,2022-02-28,0.22890638,XGBoost
13930,2022-02-28,0.23322828,XGBoost
13931,2022-02-28,0.07167774,XGBoost
13932,2022-02-28,0.25303078,XGBoost
13933,2022-02-28,0.2190812,XGBoost
13934,2022-02-28,0.25275952,XGBoost
13935,2022-02-28,0.06460268,XGBoost
13936,2022-02-28,0.11274287,XGBoost
13937,2022-02-28,0.21641783,XGBoost
13938,2022-02-28,0.08162693,XGBoost
13939,2022-02-28,0.22069041,XGBoost
1394,2022-02-28,0.24078014,XGBoost
13940,2022-02-28,0.08054966,XGBoost
13941,2022-02-28,0.08491055,XGBoost
13942,2022-02-28,0.1997931,XGBoost
13943,2022-02-28,0.07245448,XGBoost
13944,2022-02-28,0.22429855,XGBoost
13945,2022-02-28,0.25634432,XGBoost
13946,2022-02-28,0.07679076,XGBoost
13947,2022-02-28,0.08400308,XGBoost
13948,2022-02-28,0.22341259,XGBoost
13949,2022-02-28,0.25754908,XGBoost
1395,2022-02-28,0.067668766,XGBoost
13950,2022-02-28,0.08366581,XGBoost
13951,2022-02-28,0.07938097,XGBoost
13952,2022-02-28,0.2472953,XGBoost
13953,2022-02-28,0.0824995,XGBoost
13954,2022-02-28,0.21934931,XGBoost
13955,2022-02-28,0.21710047,XGBoost
13956,2022-02-28,0.20860368,XGBoost
13957,2022-02-28,0.21863694,XGBoost
13958,2022-02-28,0.081621,XGBoost
13959,2022-02-28,0.08577227,XGBoost
1396,2022-02-28,0.08608382,XGBoost
13960,2022-02-28,0.21679592,XGBoost
13961,2022-02-28,0.07288425,XGBoost
13962,2022-02-28,0.089055404,XGBoost
13963,2022-02-28,0.08592316,XGBoost
13964,2022-02-28,0.21195672,XGBoost
13965,2022-02-28,0.07766577,XGBoost
13966,2022-02-28,0.08292266,XGBoost
13967,2022-02-28,0.21254985,XGBoost
13968,2022-02-28,0.2439928,XGBoost
13969,2022-02-28,0.078337036,XGBoost
1397,2022-02-28,0.23174448,XGBoost
13970,2022-02-28,0.082750514,XGBoost
13971,2022-02-28,0.08385591,XGBoost
13972,2022-02-28,0.22319357,XGBoost
13973,2022-02-28,0.067231,XGBoost
13974,2022-02-28,0.23726168,XGBoost
13975,2022-02-28,0.07199073,XGBoost
13976,2022-02-28,0.23525697,XGBoost
13977,2022-02-28,0.08340099,XGBoost
13978,2022-02-28,0.08110968,XGBoost
13979,2022-02-28,0.08466197,XGBoost
1398,2022-02-28,0.068503395,XGBoost
13980,2022-02-28,0.21900517,XGBoost
13981,2022-02-28,0.24619703,XGBoost
13982,2022-02-28,0.22095801,XGBoost
13983,2022-02-28,0.065635525,XGBoost
13984,2022-02-28,0.077722624,XGBoost
13985,2022-02-28,0.073102675,XGBoost
13986,2022-02-28,0.23624866,XGBoost
13987,2022-02-28,0.24351525,XGBoost
13988,2022-02-28,0.25207633,XGBoost
13989,2022-02-28,0.23366724,XGBoost
1399,2022-02-28,0.06364056,XGBoost
13990,2022-02-28,0.079981886,XGBoost
13991,2022-02-28,0.087048136,XGBoost
13992,2022-02-28,0.23905538,XGBoost
13993,2022-02-28,0.0823709,XGBoost
13994,2022-02-28,0.08453214,XGBoost
13995,2022-02-28,0.08424699,XGBoost
13996,2022-02-28,0.084005766,XGBoost
13997,2022-02-28,0.06992861,XGBoost
13998,2022-02-28,0.085134335,XGBoost
13999,2022-02-28,0.08209523,XGBoost
14,2022-02-28,0.21668558,XGBoost
140,2022-02-28,0.07444873,XGBoost
1400,2022-02-28,0.08240647,XGBoost
14000,2022-02-28,0.08536548,XGBoost
14001,2022-02-28,0.21480417,XGBoost
14002,2022-02-28,0.24818444,XGBoost
14003,2022-02-28,0.23648372,XGBoost
14004,2022-02-28,0.08053939,XGBoost
14005,2022-02-28,0.08505749,XGBoost
14006,2022-02-28,0.2237885,XGBoost
14007,2022-02-28,0.20272249,XGBoost
14008,2022-02-28,0.21506684,XGBoost
14009,2022-02-28,0.22689807,XGBoost
1401,2022-02-28,0.07840813,XGBoost
14010,2022-02-28,0.07901773,XGBoost
14011,2022-02-28,0.08225656,XGBoost
14012,2022-02-28,0.084947094,XGBoost
14013,2022-02-28,0.079594955,XGBoost
14014,2022-02-28,0.22232218,XGBoost
14015,2022-02-28,0.08695782,XGBoost
14016,2022-02-28,0.082752995,XGBoost
14017,2022-02-28,0.07118202,XGBoost
14018,2022-02-28,0.0820845,XGBoost
14019,2022-02-28,0.09085824,XGBoost
1402,2022-02-28,0.08583477,XGBoost
14020,2022-02-28,0.22755425,XGBoost
14021,2022-02-28,0.07149331,XGBoost
14022,2022-02-28,0.24028176,XGBoost
14023,2022-02-28,0.23075078,XGBoost
14024,2022-02-28,0.08765382,XGBoost
14025,2022-02-28,0.2192661,XGBoost
14026,2022-02-28,0.24704394,XGBoost
14027,2022-02-28,0.07904673,XGBoost
14028,2022-02-28,0.07284274,XGBoost
14029,2022-02-28,0.08618745,XGBoost
1403,2022-02-28,0.21783572,XGBoost
14030,2022-02-28,0.08321489,XGBoost
14031,2022-02-28,0.24216151,XGBoost
14032,2022-02-28,0.20947076,XGBoost
14033,2022-02-28,0.08158836,XGBoost
14034,2022-02-28,0.08293084,XGBoost
14035,2022-02-28,0.23372328,XGBoost
14036,2022-02-28,0.068234615,XGBoost
14037,2022-02-28,0.07968035,XGBoost
14038,2022-02-28,0.0768361,XGBoost
14039,2022-02-28,0.07893814,XGBoost
1404,2022-02-28,0.08591103,XGBoost
14040,2022-02-28,0.24136224,XGBoost
14041,2022-02-28,0.085875496,XGBoost
14042,2022-02-28,0.2530962,XGBoost
14043,2022-02-28,0.08625262,XGBoost
14044,2022-02-28,0.08504712,XGBoost
14045,2022-02-28,0.21337937,XGBoost
14046,2022-02-28,0.08676387,XGBoost
14047,2022-02-28,0.0729617,XGBoost
14048,2022-02-28,0.08741986,XGBoost
14049,2022-02-28,0.08240094,XGBoost
1405,2022-02-28,0.23504871,XGBoost
14050,2022-02-28,0.24180526,XGBoost
14051,2022-02-28,0.23484798,XGBoost
14052,2022-02-28,0.08081226,XGBoost
14053,2022-02-28,0.21565227,XGBoost
14054,2022-02-28,0.08687964,XGBoost
14055,2022-02-28,0.083655745,XGBoost
14056,2022-02-28,0.081852056,XGBoost
14057,2022-02-28,0.22089726,XGBoost
14058,2022-02-28,0.21545371,XGBoost
14059,2022-02-28,0.07868606,XGBoost
1406,2022-02-28,0.21410741,XGBoost
14060,2022-02-28,0.088150725,XGBoost
14061,2022-02-28,0.07563242,XGBoost
14062,2022-02-28,0.25203705,XGBoost
14063,2022-02-28,0.23676924,XGBoost
14064,2022-02-28,0.077791736,XGBoost
14065,2022-02-28,0.23672093,XGBoost
14066,2022-02-28,0.07065387,XGBoost
14067,2022-02-28,0.07734842,XGBoost
14068,2022-02-28,0.22236294,XGBoost
14069,2022-02-28,0.08143951,XGBoost
1407,2022-02-28,0.22656354,XGBoost
14070,2022-02-28,0.068439275,XGBoost
14071,2022-02-28,0.23802617,XGBoost
14072,2022-02-28,0.08407011,XGBoost
14073,2022-02-28,0.23369983,XGBoost
14074,2022-02-28,0.06787821,XGBoost
14075,2022-02-28,0.23333879,XGBoost
14076,2022-02-28,0.20760052,XGBoost
14077,2022-02-28,0.07412879,XGBoost
14078,2022-02-28,0.25173837,XGBoost
14079,2022-02-28,0.24545054,XGBoost
1408,2022-02-28,0.08411702,XGBoost
14080,2022-02-28,0.08126628,XGBoost
14081,2022-02-28,0.07650438,XGBoost
14082,2022-02-28,0.24604572,XGBoost
14083,2022-02-28,0.08189977,XGBoost
14084,2022-02-28,0.23906039,XGBoost
14085,2022-02-28,0.08335023,XGBoost
14086,2022-02-28,0.23372297,XGBoost
14087,2022-02-28,0.2288684,XGBoost
14088,2022-02-28,0.23275757,XGBoost
14089,2022-02-28,0.06907109,XGBoost
1409,2022-02-28,0.086976856,XGBoost
14090,2022-02-28,0.24805452,XGBoost
14091,2022-02-28,0.24007663,XGBoost
14092,2022-02-28,0.089023314,XGBoost
14093,2022-02-28,0.08689232,XGBoost
14094,2022-02-28,0.22631973,XGBoost
14095,2022-02-28,0.24181566,XGBoost
14096,2022-02-28,0.08619613,XGBoost
14097,2022-02-28,0.08269459,XGBoost
14098,2022-02-28,0.07847657,XGBoost
14099,2022-02-28,0.23123464,XGBoost
141,2022-02-28,0.08324309,XGBoost
1410,2022-02-28,0.24747722,XGBoost
14100,2022-02-28,0.08395548,XGBoost
14101,2022-02-28,0.22059417,XGBoost
14102,2022-02-28,0.07997741,XGBoost
14103,2022-02-28,0.19689873,XGBoost
14104,2022-02-28,0.08239829,XGBoost
14105,2022-02-28,0.2326336,XGBoost
14106,2022-02-28,0.24343367,XGBoost
14107,2022-02-28,0.22764882,XGBoost
14108,2022-02-28,0.23850891,XGBoost
14109,2022-02-28,0.08426576,XGBoost
1411,2022-02-28,0.08278478,XGBoost
14110,2022-02-28,0.2133496,XGBoost
14111,2022-02-28,0.23240346,XGBoost
14112,2022-02-28,0.084267795,XGBoost
14113,2022-02-28,0.078075886,XGBoost
14114,2022-02-28,0.083433524,XGBoost
14115,2022-02-28,0.25427505,XGBoost
14116,2022-02-28,0.20866656,XGBoost
14117,2022-02-28,0.23971063,XGBoost
14118,2022-02-28,0.08110723,XGBoost
14119,2022-02-28,0.086427554,XGBoost
1412,2022-02-28,0.2320111,XGBoost
14120,2022-02-28,0.2040619,XGBoost
14121,2022-02-28,0.08716058,XGBoost
14122,2022-02-28,0.08292129,XGBoost
14123,2022-02-28,0.08244307,XGBoost
14124,2022-02-28,0.23895554,XGBoost
14125,2022-02-28,0.08569137,XGBoost
14126,2022-02-28,0.08512979,XGBoost
14127,2022-02-28,0.06697364,XGBoost
14128,2022-02-28,0.08554091,XGBoost
14129,2022-02-28,0.24095316,XGBoost
1413,2022-02-28,0.24045973,XGBoost
14130,2022-02-28,0.24403849,XGBoost
14131,2022-02-28,0.21927074,XGBoost
14132,2022-02-28,0.07147264,XGBoost
14133,2022-02-28,0.23194234,XGBoost
14134,2022-02-28,0.06508152,XGBoost
14135,2022-02-28,0.22866897,XGBoost
14136,2022-02-28,0.24451159,XGBoost
14137,2022-02-28,0.21596317,XGBoost
14138,2022-02-28,0.08509195,XGBoost
14139,2022-02-28,0.08141674,XGBoost
1414,2022-02-28,0.071914464,XGBoost
14140,2022-02-28,0.08420521,XGBoost
14141,2022-02-28,0.08544859,XGBoost
14142,2022-02-28,0.20309295,XGBoost
14143,2022-02-28,0.2417902,XGBoost
14144,2022-02-28,0.08649541,XGBoost
14145,2022-02-28,0.07351002,XGBoost
14146,2022-02-28,0.23606868,XGBoost
14147,2022-02-28,0.076340444,XGBoost
14148,2022-02-28,0.24042796,XGBoost
14149,2022-02-28,0.23982066,XGBoost
1415,2022-02-28,0.23779026,XGBoost
14150,2022-02-28,0.085423574,XGBoost
14151,2022-02-28,0.081783496,XGBoost
14152,2022-02-28,0.2245393,XGBoost
14153,2022-02-28,0.2562718,XGBoost
14154,2022-02-28,0.07365918,XGBoost
14155,2022-02-28,0.22950624,XGBoost
14156,2022-02-28,0.2235566,XGBoost
14157,2022-02-28,0.06427581,XGBoost
14158,2022-02-28,0.079998866,XGBoost
14159,2022-02-28,0.0777765,XGBoost
1416,2022-02-28,0.077339515,XGBoost
14160,2022-02-28,0.21401587,XGBoost
14161,2022-02-28,0.24885425,XGBoost
14162,2022-02-28,0.24451801,XGBoost
14163,2022-02-28,0.08562698,XGBoost
14164,2022-02-28,0.23703001,XGBoost
14165,2022-02-28,0.06887973,XGBoost
14166,2022-02-28,0.22760524,XGBoost
14167,2022-02-28,0.085582025,XGBoost
14168,2022-02-28,0.08409957,XGBoost
14169,2022-02-28,0.21320808,XGBoost
1417,2022-02-28,0.23991093,XGBoost
14170,2022-02-28,0.20883709,XGBoost
14171,2022-02-28,0.0847032,XGBoost
14172,2022-02-28,0.08030797,XGBoost
14173,2022-02-28,0.22556825,XGBoost
14174,2022-02-28,0.07162648,XGBoost
14175,2022-02-28,0.24836147,XGBoost
14176,2022-02-28,0.212956,XGBoost
14177,2022-02-28,0.079317465,XGBoost
14178,2022-02-28,0.084950715,XGBoost
14179,2022-02-28,0.07497611,XGBoost
1418,2022-02-28,0.22771291,XGBoost
14180,2022-02-28,0.08402541,XGBoost
14181,2022-02-28,0.08304856,XGBoost
14182,2022-02-28,0.08581032,XGBoost
14183,2022-02-28,0.22198567,XGBoost
14184,2022-02-28,0.083903365,XGBoost
14185,2022-02-28,0.08361082,XGBoost
14186,2022-02-28,0.22679652,XGBoost
14187,2022-02-28,0.07629788,XGBoost
14188,2022-02-28,0.22232944,XGBoost
14189,2022-02-28,0.24082287,XGBoost
1419,2022-02-28,0.078540266,XGBoost
14190,2022-02-28,0.07789815,XGBoost
14191,2022-02-28,0.078691885,XGBoost
14192,2022-02-28,0.072386004,XGBoost
14193,2022-02-28,0.06811972,XGBoost
14194,2022-02-28,0.088494375,XGBoost
14195,2022-02-28,0.08230371,XGBoost
14196,2022-02-28,0.21644035,XGBoost
14197,2022-02-28,0.077367276,XGBoost
14198,2022-02-28,0.23736502,XGBoost
14199,2022-02-28,0.07036014,XGBoost
142,2022-02-28,0.2397432,XGBoost
1420,2022-02-28,0.08603749,XGBoost
14200,2022-02-28,0.084734894,XGBoost
14201,2022-02-28,0.2125576,XGBoost
14202,2022-02-28,0.22970332,XGBoost
14203,2022-02-28,0.22865255,XGBoost
14204,2022-02-28,0.077111796,XGBoost
14205,2022-02-28,0.21045355,XGBoost
14206,2022-02-28,0.081936345,XGBoost
14207,2022-02-28,0.06904532,XGBoost
14208,2022-02-28,0.08237188,XGBoost
14209,2022-02-28,0.082904786,XGBoost
1421,2022-02-28,0.22929923,XGBoost
14210,2022-02-28,0.080268234,XGBoost
14211,2022-02-28,0.0715412,XGBoost
14212,2022-02-28,0.21926907,XGBoost
14213,2022-02-28,0.080514506,XGBoost
14214,2022-02-28,0.08592575,XGBoost
14215,2022-02-28,0.07793012,XGBoost
14216,2022-02-28,0.08541859,XGBoost
14217,2022-02-28,0.23742297,XGBoost
14218,2022-02-28,0.2362327,XGBoost
14219,2022-02-28,0.08147446,XGBoost
1422,2022-02-28,0.22889853,XGBoost
14220,2022-02-28,0.22047429,XGBoost
14221,2022-02-28,0.0834427,XGBoost
14222,2022-02-28,0.08514833,XGBoost
14223,2022-02-28,0.080281965,XGBoost
14224,2022-02-28,0.07941827,XGBoost
14225,2022-02-28,0.22818576,XGBoost
14226,2022-02-28,0.23173459,XGBoost
14227,2022-02-28,0.23961674,XGBoost
14228,2022-02-28,0.22730243,XGBoost
14229,2022-02-28,0.2111587,XGBoost
1423,2022-02-28,0.078040406,XGBoost
14230,2022-02-28,0.07350338,XGBoost
14231,2022-02-28,0.079782836,XGBoost
14232,2022-02-28,0.08489773,XGBoost
14233,2022-02-28,0.22768809,XGBoost
14234,2022-02-28,0.228979,XGBoost
14235,2022-02-28,0.22667293,XGBoost
14236,2022-02-28,0.2316019,XGBoost
14237,2022-02-28,0.21839266,XGBoost
14238,2022-02-28,0.19869654,XGBoost
14239,2022-02-28,0.21614172,XGBoost
1424,2022-02-28,0.07307987,XGBoost
14240,2022-02-28,0.2382653,XGBoost
14241,2022-02-28,0.07215397,XGBoost
14242,2022-02-28,0.08617204,XGBoost
14243,2022-02-28,0.08237771,XGBoost
14244,2022-02-28,0.2090666,XGBoost
14245,2022-02-28,0.22956291,XGBoost
14246,2022-02-28,0.083554916,XGBoost
14247,2022-02-28,0.072557986,XGBoost
14248,2022-02-28,0.08385602,XGBoost
14249,2022-02-28,0.075237095,XGBoost
1425,2022-02-28,0.07289746,XGBoost
14250,2022-02-28,0.07829777,XGBoost
14251,2022-02-28,0.21910459,XGBoost
14252,2022-02-28,0.07914513,XGBoost
14253,2022-02-28,0.24131012,XGBoost
14254,2022-02-28,0.08258047,XGBoost
14255,2022-02-28,0.07997355,XGBoost
14256,2022-02-28,0.08686687,XGBoost
14257,2022-02-28,0.24910074,XGBoost
14258,2022-02-28,0.06974171,XGBoost
14259,2022-02-28,0.2417735,XGBoost
1426,2022-02-28,0.2418627,XGBoost
14260,2022-02-28,0.22600468,XGBoost
14261,2022-02-28,0.081128806,XGBoost
14262,2022-02-28,0.07911922,XGBoost
14263,2022-02-28,0.24818483,XGBoost
14264,2022-02-28,0.22873744,XGBoost
14265,2022-02-28,0.23262033,XGBoost
14266,2022-02-28,0.23382789,XGBoost
14267,2022-02-28,0.21720603,XGBoost
14268,2022-02-28,0.0854786,XGBoost
14269,2022-02-28,0.22093047,XGBoost
1427,2022-02-28,0.08150022,XGBoost
14270,2022-02-28,0.07754731,XGBoost
14271,2022-02-28,0.08253129,XGBoost
14272,2022-02-28,0.24288474,XGBoost
14273,2022-02-28,0.25014868,XGBoost
14274,2022-02-28,0.08116404,XGBoost
14275,2022-02-28,0.071989134,XGBoost
14276,2022-02-28,0.085967205,XGBoost
14277,2022-02-28,0.23467861,XGBoost
14278,2022-02-28,0.22784835,XGBoost
14279,2022-02-28,0.08148608,XGBoost
1428,2022-02-28,0.06969882,XGBoost
14280,2022-02-28,0.21919633,XGBoost
14281,2022-02-28,0.079279244,XGBoost
14282,2022-02-28,0.22697748,XGBoost
14283,2022-02-28,0.0825307,XGBoost
14284,2022-02-28,0.0850813,XGBoost
14285,2022-02-28,0.23284061,XGBoost
14286,2022-02-28,0.22219273,XGBoost
14287,2022-02-28,0.2176037,XGBoost
14288,2022-02-28,0.082680605,XGBoost
14289,2022-02-28,0.08281077,XGBoost
1429,2022-02-28,0.08038585,XGBoost
14290,2022-02-28,0.082329474,XGBoost
14291,2022-02-28,0.23417327,XGBoost
14292,2022-02-28,0.23194228,XGBoost
14293,2022-02-28,0.23705615,XGBoost
14294,2022-02-28,0.216667,XGBoost
14295,2022-02-28,0.2257339,XGBoost
14296,2022-02-28,0.07799681,XGBoost
14297,2022-02-28,0.24742532,XGBoost
14298,2022-02-28,0.20866361,XGBoost
14299,2022-02-28,0.0718754,XGBoost
143,2022-02-28,0.07835914,XGBoost
1430,2022-02-28,0.23296013,XGBoost
14300,2022-02-28,0.069876306,XGBoost
14301,2022-02-28,0.21838917,XGBoost
14302,2022-02-28,0.077486984,XGBoost
14303,2022-02-28,0.23149998,XGBoost
14304,2022-02-28,0.079243004,XGBoost
14305,2022-02-28,0.077256,XGBoost
14306,2022-02-28,0.07892732,XGBoost
14307,2022-02-28,0.08782322,XGBoost
14308,2022-02-28,0.21563694,XGBoost
14309,2022-02-28,0.07890379,XGBoost
1431,2022-02-28,0.08875828,XGBoost
14310,2022-02-28,0.08393657,XGBoost
14311,2022-02-28,0.07865506,XGBoost
14312,2022-02-28,0.07855504,XGBoost
14313,2022-02-28,0.08283395,XGBoost
14314,2022-02-28,0.079224154,XGBoost
14315,2022-02-28,0.08238178,XGBoost
14316,2022-02-28,0.0758598,XGBoost
14317,2022-02-28,0.0737522,XGBoost
14318,2022-02-28,0.08519708,XGBoost
14319,2022-02-28,0.25336993,XGBoost
1432,2022-02-28,0.08266312,XGBoost
14320,2022-02-28,0.07242176,XGBoost
14321,2022-02-28,0.23077755,XGBoost
14322,2022-02-28,0.25546163,XGBoost
14323,2022-02-28,0.23786435,XGBoost
14324,2022-02-28,0.07948288,XGBoost
14325,2022-02-28,0.22931622,XGBoost
14326,2022-02-28,0.23299608,XGBoost
14327,2022-02-28,0.07729402,XGBoost
14328,2022-02-28,0.07791473,XGBoost
14329,2022-02-28,0.21481335,XGBoost
1433,2022-02-28,0.08519654,XGBoost
14330,2022-02-28,0.08171526,XGBoost
14331,2022-02-28,0.07979119,XGBoost
14332,2022-02-28,0.07889401,XGBoost
14333,2022-02-28,0.08076545,XGBoost
14334,2022-02-28,0.2272819,XGBoost
14335,2022-02-28,0.22160083,XGBoost
14336,2022-02-28,0.07760399,XGBoost
14337,2022-02-28,0.084730685,XGBoost
14338,2022-02-28,0.08239492,XGBoost
14339,2022-02-28,0.08566605,XGBoost
1434,2022-02-28,0.22535561,XGBoost
14340,2022-02-28,0.23865636,XGBoost
14341,2022-02-28,0.21639617,XGBoost
14342,2022-02-28,0.07956531,XGBoost
14343,2022-02-28,0.087251425,XGBoost
14344,2022-02-28,0.22974189,XGBoost
14345,2022-02-28,0.0876029,XGBoost
14346,2022-02-28,0.083494976,XGBoost
14347,2022-02-28,0.08404297,XGBoost
14348,2022-02-28,0.0832385,XGBoost
14349,2022-02-28,0.08354257,XGBoost
1435,2022-02-28,0.08104752,XGBoost
14350,2022-02-28,0.086486995,XGBoost
14351,2022-02-28,0.08476713,XGBoost
14352,2022-02-28,0.21863115,XGBoost
14353,2022-02-28,0.08388963,XGBoost
14354,2022-02-28,0.08163015,XGBoost
14355,2022-02-28,0.22472374,XGBoost
14356,2022-02-28,0.079497896,XGBoost
14357,2022-02-28,0.08460522,XGBoost
14358,2022-02-28,0.08523985,XGBoost
14359,2022-02-28,0.084875226,XGBoost
1436,2022-02-28,0.089705944,XGBoost
14360,2022-02-28,0.2234426,XGBoost
14361,2022-02-28,0.07967036,XGBoost
14362,2022-02-28,0.08398543,XGBoost
14363,2022-02-28,0.23592214,XGBoost
14364,2022-02-28,0.07797916,XGBoost
14365,2022-02-28,0.07714577,XGBoost
14366,2022-02-28,0.21475206,XGBoost
14367,2022-02-28,0.086753465,XGBoost
14368,2022-02-28,0.20068651,XGBoost
14369,2022-02-28,0.23401453,XGBoost
1437,2022-02-28,0.08001342,XGBoost
14370,2022-02-28,0.08136582,XGBoost
14371,2022-02-28,0.084453925,XGBoost
14372,2022-02-28,0.08483465,XGBoost
14373,2022-02-28,0.08465642,XGBoost
14374,2022-02-28,0.22032572,XGBoost
14375,2022-02-28,0.08482643,XGBoost
14376,2022-02-28,0.083554596,XGBoost
14377,2022-02-28,0.07764307,XGBoost
14378,2022-02-28,0.20768975,XGBoost
14379,2022-02-28,0.08829713,XGBoost
1438,2022-02-28,0.08087718,XGBoost
14380,2022-02-28,0.07408489,XGBoost
14381,2022-02-28,0.08343397,XGBoost
14382,2022-02-28,0.22320224,XGBoost
14383,2022-02-28,0.24431233,XGBoost
14384,2022-02-28,0.072147965,XGBoost
14385,2022-02-28,0.08483885,XGBoost
14386,2022-02-28,0.085276194,XGBoost
14387,2022-02-28,0.24006109,XGBoost
14388,2022-02-28,0.07300533,XGBoost
14389,2022-02-28,0.06946051,XGBoost
1439,2022-02-28,0.21057187,XGBoost
14390,2022-02-28,0.07979146,XGBoost
14391,2022-02-28,0.08188376,XGBoost
14392,2022-02-28,0.071356766,XGBoost
14393,2022-02-28,0.07934232,XGBoost
14394,2022-02-28,0.231378,XGBoost
14395,2022-02-28,0.23315543,XGBoost
14396,2022-02-28,0.08534892,XGBoost
14397,2022-02-28,0.07854116,XGBoost
14398,2022-02-28,0.0856718,XGBoost
14399,2022-02-28,0.20058116,XGBoost
144,2022-02-28,0.23982719,XGBoost
1440,2022-02-28,0.08119565,XGBoost
14400,2022-02-28,0.25380245,XGBoost
14401,2022-02-28,0.074056886,XGBoost
14402,2022-02-28,0.23093125,XGBoost
14403,2022-02-28,0.08435526,XGBoost
14404,2022-02-28,0.08477296,XGBoost
14405,2022-02-28,0.24142922,XGBoost
14406,2022-02-28,0.21927823,XGBoost
14407,2022-02-28,0.08721009,XGBoost
14408,2022-02-28,0.22883615,XGBoost
14409,2022-02-28,0.22802076,XGBoost
1441,2022-02-28,0.24467842,XGBoost
14410,2022-02-28,0.21966855,XGBoost
14411,2022-02-28,0.08024362,XGBoost
14412,2022-02-28,0.2322077,XGBoost
14413,2022-02-28,0.22066915,XGBoost
14414,2022-02-28,0.23784016,XGBoost
14415,2022-02-28,0.24126218,XGBoost
14416,2022-02-28,0.25474986,XGBoost
14417,2022-02-28,0.08381543,XGBoost
14418,2022-02-28,0.086044416,XGBoost
14419,2022-02-28,0.21694861,XGBoost
1442,2022-02-28,0.07967108,XGBoost
14420,2022-02-28,0.23648533,XGBoost
14421,2022-02-28,0.23053838,XGBoost
14422,2022-02-28,0.2652957,XGBoost
14423,2022-02-28,0.08405703,XGBoost
14424,2022-02-28,0.086985245,XGBoost
14425,2022-02-28,0.085260846,XGBoost
14426,2022-02-28,0.089418225,XGBoost
14427,2022-02-28,0.22576243,XGBoost
14428,2022-02-28,0.2216298,XGBoost
14429,2022-02-28,0.08508672,XGBoost
1443,2022-02-28,0.08420629,XGBoost
14430,2022-02-28,0.2381908,XGBoost
14431,2022-02-28,0.085928544,XGBoost
14432,2022-02-28,0.079349004,XGBoost
14433,2022-02-28,0.23326848,XGBoost
14434,2022-02-28,0.22914067,XGBoost
14435,2022-02-28,0.07733683,XGBoost
14436,2022-02-28,0.23173957,XGBoost
14437,2022-02-28,0.2319696,XGBoost
14438,2022-02-28,0.24509002,XGBoost
14439,2022-02-28,0.08328227,XGBoost
1444,2022-02-28,0.07026942,XGBoost
14440,2022-02-28,0.24450058,XGBoost
14441,2022-02-28,0.08853673,XGBoost
14442,2022-02-28,0.08287133,XGBoost
14443,2022-02-28,0.07802054,XGBoost
14444,2022-02-28,0.07790868,XGBoost
14445,2022-02-28,0.07676691,XGBoost
14446,2022-02-28,0.21283944,XGBoost
14447,2022-02-28,0.085005924,XGBoost
14448,2022-02-28,0.08570223,XGBoost
14449,2022-02-28,0.22861637,XGBoost
1445,2022-02-28,0.23592345,XGBoost
14450,2022-02-28,0.22452655,XGBoost
14451,2022-02-28,0.24603312,XGBoost
14452,2022-02-28,0.084559284,XGBoost
14453,2022-02-28,0.20245133,XGBoost
14454,2022-02-28,0.24401827,XGBoost
14455,2022-02-28,0.0666831,XGBoost
14456,2022-02-28,0.20958552,XGBoost
14457,2022-02-28,0.07669507,XGBoost
14458,2022-02-28,0.20397791,XGBoost
14459,2022-02-28,0.08965366,XGBoost
1446,2022-02-28,0.2389672,XGBoost
14460,2022-02-28,0.08198813,XGBoost
14461,2022-02-28,0.07968503,XGBoost
14462,2022-02-28,0.26310822,XGBoost
14463,2022-02-28,0.21194312,XGBoost
14464,2022-02-28,0.0842653,XGBoost
14465,2022-02-28,0.08248262,XGBoost
14466,2022-02-28,0.22417633,XGBoost
14467,2022-02-28,0.07976931,XGBoost
14468,2022-02-28,0.24801044,XGBoost
14469,2022-02-28,0.2230154,XGBoost
1447,2022-02-28,0.23884335,XGBoost
14470,2022-02-28,0.076667294,XGBoost
14471,2022-02-28,0.22463925,XGBoost
14472,2022-02-28,0.08484869,XGBoost
14473,2022-02-28,0.08133814,XGBoost
14474,2022-02-28,0.08649477,XGBoost
14475,2022-02-28,0.22072062,XGBoost
14476,2022-02-28,0.22050607,XGBoost
14477,2022-02-28,0.23296656,XGBoost
14478,2022-02-28,0.23611818,XGBoost
14479,2022-02-28,0.08160712,XGBoost
1448,2022-02-28,0.08031805,XGBoost
14480,2022-02-28,0.07804523,XGBoost
14481,2022-02-28,0.07108794,XGBoost
14482,2022-02-28,0.23588616,XGBoost
14483,2022-02-28,0.083585404,XGBoost
14484,2022-02-28,0.0834988,XGBoost
14485,2022-02-28,0.08062374,XGBoost
14486,2022-02-28,0.22125046,XGBoost
14487,2022-02-28,0.07064981,XGBoost
14488,2022-02-28,0.08257391,XGBoost
14489,2022-02-28,0.07983694,XGBoost
1449,2022-02-28,0.2260063,XGBoost
14490,2022-02-28,0.08494348,XGBoost
14491,2022-02-28,0.24678616,XGBoost
14492,2022-02-28,0.07493479,XGBoost
14493,2022-02-28,0.087006226,XGBoost
14494,2022-02-28,0.25724283,XGBoost
14495,2022-02-28,0.08315131,XGBoost
14496,2022-02-28,0.22218435,XGBoost
14497,2022-02-28,0.088298276,XGBoost
14498,2022-02-28,0.23106398,XGBoost
14499,2022-02-28,0.22990601,XGBoost
145,2022-02-28,0.083505265,XGBoost
1450,2022-02-28,0.07341609,XGBoost
14500,2022-02-28,0.07009726,XGBoost
14501,2022-02-28,0.08677553,XGBoost
14502,2022-02-28,0.08057395,XGBoost
14503,2022-02-28,0.21111378,XGBoost
14504,2022-02-28,0.07478728,XGBoost
14505,2022-02-28,0.08596564,XGBoost
14506,2022-02-28,0.08820307,XGBoost
14507,2022-02-28,0.22742647,XGBoost
14508,2022-02-28,0.2511256,XGBoost
14509,2022-02-28,0.08171195,XGBoost
1451,2022-02-28,0.0846099,XGBoost
14510,2022-02-28,0.22789268,XGBoost
14511,2022-02-28,0.08471784,XGBoost
14512,2022-02-28,0.078968786,XGBoost
14513,2022-02-28,0.07920299,XGBoost
14514,2022-02-28,0.20843503,XGBoost
14515,2022-02-28,0.23323992,XGBoost
14516,2022-02-28,0.08616432,XGBoost
14517,2022-02-28,0.07885205,XGBoost
14518,2022-02-28,0.21424563,XGBoost
14519,2022-02-28,0.22868912,XGBoost
1452,2022-02-28,0.06862153,XGBoost
14520,2022-02-28,0.08608014,XGBoost
14521,2022-02-28,0.086126156,XGBoost
14522,2022-02-28,0.08158637,XGBoost
14523,2022-02-28,0.086508326,XGBoost
14524,2022-02-28,0.0723339,XGBoost
14525,2022-02-28,0.24834391,XGBoost
14526,2022-02-28,0.21341363,XGBoost
14527,2022-02-28,0.08249298,XGBoost
14528,2022-02-28,0.22767653,XGBoost
14529,2022-02-28,0.24387519,XGBoost
1453,2022-02-28,0.21857235,XGBoost
14530,2022-02-28,0.21266045,XGBoost
14531,2022-02-28,0.06661496,XGBoost
14532,2022-02-28,0.083305895,XGBoost
14533,2022-02-28,0.2317774,XGBoost
14534,2022-02-28,0.22326206,XGBoost
14535,2022-02-28,0.08245906,XGBoost
14536,2022-02-28,0.22903706,XGBoost
14537,2022-02-28,0.072100624,XGBoost
14538,2022-02-28,0.2235432,XGBoost
14539,2022-02-28,0.21502486,XGBoost
1454,2022-02-28,0.07274968,XGBoost
14540,2022-02-28,0.24674283,XGBoost
14541,2022-02-28,0.07679562,XGBoost
14542,2022-02-28,0.21516497,XGBoost
14543,2022-02-28,0.22775964,XGBoost
14544,2022-02-28,0.082445785,XGBoost
14545,2022-02-28,0.08218993,XGBoost
14546,2022-02-28,0.083260596,XGBoost
14547,2022-02-28,0.2194521,XGBoost
14548,2022-02-28,0.23017322,XGBoost
14549,2022-02-28,0.07137098,XGBoost
1455,2022-02-28,0.07725884,XGBoost
14550,2022-02-28,0.22999085,XGBoost
14551,2022-02-28,0.07822681,XGBoost
14552,2022-02-28,0.07583046,XGBoost
14553,2022-02-28,0.07366069,XGBoost
14554,2022-02-28,0.24152312,XGBoost
14555,2022-02-28,0.081677236,XGBoost
14556,2022-02-28,0.20382783,XGBoost
14557,2022-02-28,0.23919427,XGBoost
14558,2022-02-28,0.07854825,XGBoost
14559,2022-02-28,0.08711335,XGBoost
1456,2022-02-28,0.08188371,XGBoost
14560,2022-02-28,0.07258823,XGBoost
14561,2022-02-28,0.08716771,XGBoost
14562,2022-02-28,0.07710195,XGBoost
14563,2022-02-28,0.07942273,XGBoost
14564,2022-02-28,0.08006348,XGBoost
14565,2022-02-28,0.2343365,XGBoost
14566,2022-02-28,0.25081164,XGBoost
14567,2022-02-28,0.08399955,XGBoost
14568,2022-02-28,0.08672764,XGBoost
14569,2022-02-28,0.0761379,XGBoost
1457,2022-02-28,0.072970994,XGBoost
14570,2022-02-28,0.085454464,XGBoost
14571,2022-02-28,0.085322455,XGBoost
14572,2022-02-28,0.077203155,XGBoost
14573,2022-02-28,0.08405176,XGBoost
14574,2022-02-28,0.21928188,XGBoost
14575,2022-02-28,0.21904396,XGBoost
14576,2022-02-28,0.08463999,XGBoost
14577,2022-02-28,0.0843448,XGBoost
14578,2022-02-28,0.07760992,XGBoost
14579,2022-02-28,0.08218107,XGBoost
1458,2022-02-28,0.07211933,XGBoost
14580,2022-02-28,0.08463786,XGBoost
14581,2022-02-28,0.08672195,XGBoost
14582,2022-02-28,0.22687192,XGBoost
14583,2022-02-28,0.08175524,XGBoost
14584,2022-02-28,0.23505563,XGBoost
14585,2022-02-28,0.08445126,XGBoost
14586,2022-02-28,0.21890037,XGBoost
14587,2022-02-28,0.22086859,XGBoost
14588,2022-02-28,0.22015414,XGBoost
14589,2022-02-28,0.22239162,XGBoost
1459,2022-02-28,0.08051342,XGBoost
14590,2022-02-28,0.0841709,XGBoost
14591,2022-02-28,0.23687047,XGBoost
14592,2022-02-28,0.21892989,XGBoost
14593,2022-02-28,0.07901791,XGBoost
14594,2022-02-28,0.080723934,XGBoost
14595,2022-02-28,0.08727999,XGBoost
14596,2022-02-28,0.06981242,XGBoost
14597,2022-02-28,0.0829532,XGBoost
14598,2022-02-28,0.080849096,XGBoost
14599,2022-02-28,0.08312939,XGBoost
146,2022-02-28,0.22382054,XGBoost
1460,2022-02-28,0.22572695,XGBoost
14600,2022-02-28,0.08593881,XGBoost
14601,2022-02-28,0.07225725,XGBoost
14602,2022-02-28,0.07008512,XGBoost
14603,2022-02-28,0.07965483,XGBoost
14604,2022-02-28,0.22372706,XGBoost
14605,2022-02-28,0.072523884,XGBoost
14606,2022-02-28,0.22501418,XGBoost
14607,2022-02-28,0.0841306,XGBoost
14608,2022-02-28,0.22290416,XGBoost
14609,2022-02-28,0.08797812,XGBoost
1461,2022-02-28,0.08210281,XGBoost
14610,2022-02-28,0.08726559,XGBoost
14611,2022-02-28,0.0825343,XGBoost
14612,2022-02-28,0.083330065,XGBoost
14613,2022-02-28,0.07318454,XGBoost
14614,2022-02-28,0.07203107,XGBoost
14615,2022-02-28,0.080748685,XGBoost
14616,2022-02-28,0.08026837,XGBoost
14617,2022-02-28,0.081233375,XGBoost
14618,2022-02-28,0.24728286,XGBoost
14619,2022-02-28,0.22285078,XGBoost
1462,2022-02-28,0.0833709,XGBoost
14620,2022-02-28,0.21244365,XGBoost
14621,2022-02-28,0.070102945,XGBoost
14622,2022-02-28,0.2363005,XGBoost
14623,2022-02-28,0.08601666,XGBoost
14624,2022-02-28,0.08556867,XGBoost
14625,2022-02-28,0.24401768,XGBoost
14626,2022-02-28,0.08425586,XGBoost
14627,2022-02-28,0.21841733,XGBoost
14628,2022-02-28,0.22079946,XGBoost
14629,2022-02-28,0.07659322,XGBoost
1463,2022-02-28,0.22820264,XGBoost
14630,2022-02-28,0.07093015,XGBoost
14631,2022-02-28,0.0863998,XGBoost
14632,2022-02-28,0.07065062,XGBoost
14633,2022-02-28,0.22087033,XGBoost
14634,2022-02-28,0.089785844,XGBoost
14635,2022-02-28,0.23383796,XGBoost
14636,2022-02-28,0.075966455,XGBoost
14637,2022-02-28,0.21615194,XGBoost
14638,2022-02-28,0.07241381,XGBoost
14639,2022-02-28,0.13303305,XGBoost
1464,2022-02-28,0.20138867,XGBoost
14640,2022-02-28,0.08399725,XGBoost
14641,2022-02-28,0.078201704,XGBoost
14642,2022-02-28,0.085305884,XGBoost
14643,2022-02-28,0.084661834,XGBoost
14644,2022-02-28,0.08292078,XGBoost
14645,2022-02-28,0.2239038,XGBoost
14646,2022-02-28,0.2350132,XGBoost
14647,2022-02-28,0.070268534,XGBoost
14648,2022-02-28,0.23411384,XGBoost
14649,2022-02-28,0.08528635,XGBoost
1465,2022-02-28,0.074113354,XGBoost
14650,2022-02-28,0.24185187,XGBoost
14651,2022-02-28,0.07855882,XGBoost
14652,2022-02-28,0.07207035,XGBoost
14653,2022-02-28,0.24341093,XGBoost
14654,2022-02-28,0.067804,XGBoost
14655,2022-02-28,0.08701124,XGBoost
14656,2022-02-28,0.07731455,XGBoost
14657,2022-02-28,0.085942455,XGBoost
14658,2022-02-28,0.21141858,XGBoost
14659,2022-02-28,0.07191102,XGBoost
1466,2022-02-28,0.06476172,XGBoost
14660,2022-02-28,0.08684915,XGBoost
14661,2022-02-28,0.084214166,XGBoost
14662,2022-02-28,0.07611891,XGBoost
14663,2022-02-28,0.21684086,XGBoost
14664,2022-02-28,0.077238135,XGBoost
14665,2022-02-28,0.22063152,XGBoost
14666,2022-02-28,0.08167583,XGBoost
14667,2022-02-28,0.080697946,XGBoost
14668,2022-02-28,0.084350295,XGBoost
14669,2022-02-28,0.08047326,XGBoost
1467,2022-02-28,0.08895166,XGBoost
14670,2022-02-28,0.08217485,XGBoost
14671,2022-02-28,0.2111596,XGBoost
14672,2022-02-28,0.08142985,XGBoost
14673,2022-02-28,0.07959911,XGBoost
14674,2022-02-28,0.2281583,XGBoost
14675,2022-02-28,0.085348025,XGBoost
14676,2022-02-28,0.07813818,XGBoost
14677,2022-02-28,0.23774634,XGBoost
14678,2022-02-28,0.085352786,XGBoost
14679,2022-02-28,0.082828596,XGBoost
1468,2022-02-28,0.08664327,XGBoost
14680,2022-02-28,0.074194945,XGBoost
14681,2022-02-28,0.22941907,XGBoost
14682,2022-02-28,0.06339009,XGBoost
14683,2022-02-28,0.08317496,XGBoost
14684,2022-02-28,0.22627279,XGBoost
14685,2022-02-28,0.23495576,XGBoost
14686,2022-02-28,0.08294973,XGBoost
14687,2022-02-28,0.08567818,XGBoost
14688,2022-02-28,0.085052274,XGBoost
14689,2022-02-28,0.08051016,XGBoost
1469,2022-02-28,0.08589031,XGBoost
14690,2022-02-28,0.085686326,XGBoost
14691,2022-02-28,0.2323179,XGBoost
14692,2022-02-28,0.22077134,XGBoost
14693,2022-02-28,0.24571764,XGBoost
14694,2022-02-28,0.08260439,XGBoost
14695,2022-02-28,0.24031302,XGBoost
14696,2022-02-28,0.085524105,XGBoost
14697,2022-02-28,0.22104855,XGBoost
14698,2022-02-28,0.082915336,XGBoost
14699,2022-02-28,0.079604,XGBoost
147,2022-02-28,0.2379279,XGBoost
1470,2022-02-28,0.08474772,XGBoost
14700,2022-02-28,0.22581579,XGBoost
14701,2022-02-28,0.08496224,XGBoost
14702,2022-02-28,0.084632374,XGBoost
14703,2022-02-28,0.08143794,XGBoost
14704,2022-02-28,0.23199114,XGBoost
14705,2022-02-28,0.08216211,XGBoost
14706,2022-02-28,0.22895494,XGBoost
14707,2022-02-28,0.23556249,XGBoost
14708,2022-02-28,0.06503923,XGBoost
14709,2022-02-28,0.08262838,XGBoost
1471,2022-02-28,0.23398367,XGBoost
14710,2022-02-28,0.22486132,XGBoost
14711,2022-02-28,0.0705454,XGBoost
14712,2022-02-28,0.071263336,XGBoost
14713,2022-02-28,0.0764646,XGBoost
14714,2022-02-28,0.0719729,XGBoost
14715,2022-02-28,0.08851908,XGBoost
14716,2022-02-28,0.23328388,XGBoost
14717,2022-02-28,0.22291961,XGBoost
14718,2022-02-28,0.08512215,XGBoost
14719,2022-02-28,0.07622998,XGBoost
1472,2022-02-28,0.08568297,XGBoost
14720,2022-02-28,0.22000343,XGBoost
14721,2022-02-28,0.08366316,XGBoost
14722,2022-02-28,0.070371985,XGBoost
14723,2022-02-28,0.25241905,XGBoost
14724,2022-02-28,0.21632466,XGBoost
14725,2022-02-28,0.08593977,XGBoost
14726,2022-02-28,0.23752478,XGBoost
14727,2022-02-28,0.22128777,XGBoost
14728,2022-02-28,0.08459708,XGBoost
14729,2022-02-28,0.22497393,XGBoost
1473,2022-02-28,0.07810311,XGBoost
14730,2022-02-28,0.08570413,XGBoost
14731,2022-02-28,0.23762068,XGBoost
14732,2022-02-28,0.20973107,XGBoost
14733,2022-02-28,0.08652887,XGBoost
14734,2022-02-28,0.08127432,XGBoost
14735,2022-02-28,0.079886876,XGBoost
14736,2022-02-28,0.23791058,XGBoost
14737,2022-02-28,0.21896891,XGBoost
14738,2022-02-28,0.2056477,XGBoost
14739,2022-02-28,0.06938993,XGBoost
1474,2022-02-28,0.23513511,XGBoost
14740,2022-02-28,0.08830831,XGBoost
14741,2022-02-28,0.25827307,XGBoost
14742,2022-02-28,0.07750352,XGBoost
14743,2022-02-28,0.20424642,XGBoost
14744,2022-02-28,0.085767984,XGBoost
14745,2022-02-28,0.22933164,XGBoost
14746,2022-02-28,0.21107656,XGBoost
14747,2022-02-28,0.08435506,XGBoost
14748,2022-02-28,0.0866165,XGBoost
14749,2022-02-28,0.07039585,XGBoost
1475,2022-02-28,0.07118714,XGBoost
14750,2022-02-28,0.07029857,XGBoost
14751,2022-02-28,0.07884982,XGBoost
14752,2022-02-28,0.20694602,XGBoost
14753,2022-02-28,0.24403164,XGBoost
14754,2022-02-28,0.230743,XGBoost
14755,2022-02-28,0.21734214,XGBoost
14756,2022-02-28,0.086624056,XGBoost
14757,2022-02-28,0.08530439,XGBoost
14758,2022-02-28,0.21377681,XGBoost
14759,2022-02-28,0.25211442,XGBoost
1476,2022-02-28,0.2425335,XGBoost
14760,2022-02-28,0.07859274,XGBoost
14761,2022-02-28,0.0762815,XGBoost
14762,2022-02-28,0.20630288,XGBoost
14763,2022-02-28,0.22095034,XGBoost
14764,2022-02-28,0.085198,XGBoost
14765,2022-02-28,0.08373792,XGBoost
14766,2022-02-28,0.08564023,XGBoost
14767,2022-02-28,0.083057486,XGBoost
14768,2022-02-28,0.08268611,XGBoost
14769,2022-02-28,0.24790503,XGBoost
1477,2022-02-28,0.08323437,XGBoost
14770,2022-02-28,0.22101109,XGBoost
14771,2022-02-28,0.084021986,XGBoost
14772,2022-02-28,0.08566179,XGBoost
14773,2022-02-28,0.08418437,XGBoost
14774,2022-02-28,0.08242924,XGBoost
14775,2022-02-28,0.08620302,XGBoost
14776,2022-02-28,0.20688407,XGBoost
14777,2022-02-28,0.22737694,XGBoost
14778,2022-02-28,0.24957164,XGBoost
14779,2022-02-28,0.23330395,XGBoost
1478,2022-02-28,0.23403022,XGBoost
14780,2022-02-28,0.08378186,XGBoost
14781,2022-02-28,0.08316087,XGBoost
14782,2022-02-28,0.23658377,XGBoost
14783,2022-02-28,0.08289287,XGBoost
14784,2022-02-28,0.07061772,XGBoost
14785,2022-02-28,0.08500601,XGBoost
14786,2022-02-28,0.083607435,XGBoost
14787,2022-02-28,0.22564726,XGBoost
14788,2022-02-28,0.25077912,XGBoost
14789,2022-02-28,0.082106195,XGBoost
1479,2022-02-28,0.22323902,XGBoost
14790,2022-02-28,0.08080998,XGBoost
14791,2022-02-28,0.08683608,XGBoost
14792,2022-02-28,0.08347027,XGBoost
14793,2022-02-28,0.2435721,XGBoost
14794,2022-02-28,0.08726044,XGBoost
14795,2022-02-28,0.08175198,XGBoost
14796,2022-02-28,0.08780503,XGBoost
14797,2022-02-28,0.0824141,XGBoost
14798,2022-02-28,0.08322979,XGBoost
14799,2022-02-28,0.2311534,XGBoost
148,2022-02-28,0.08781216,XGBoost
1480,2022-02-28,0.24472159,XGBoost
14800,2022-02-28,0.23326913,XGBoost
14801,2022-02-28,0.21344748,XGBoost
14802,2022-02-28,0.2209914,XGBoost
14803,2022-02-28,0.25473884,XGBoost
14804,2022-02-28,0.23932274,XGBoost
14805,2022-02-28,0.08483519,XGBoost
14806,2022-02-28,0.20892128,XGBoost
14807,2022-02-28,0.08370082,XGBoost
14808,2022-02-28,0.08574144,XGBoost
14809,2022-02-28,0.21221517,XGBoost
1481,2022-02-28,0.22824799,XGBoost
14810,2022-02-28,0.08061518,XGBoost
14811,2022-02-28,0.076784104,XGBoost
14812,2022-02-28,0.23263142,XGBoost
14813,2022-02-28,0.07967282,XGBoost
14814,2022-02-28,0.23188363,XGBoost
14815,2022-02-28,0.09020436,XGBoost
14816,2022-02-28,0.2286162,XGBoost
14817,2022-02-28,0.08797443,XGBoost
14818,2022-02-28,0.07892566,XGBoost
14819,2022-02-28,0.08396445,XGBoost
1482,2022-02-28,0.07868935,XGBoost
14820,2022-02-28,0.08156128,XGBoost
14821,2022-02-28,0.07986065,XGBoost
14822,2022-02-28,0.22459847,XGBoost
14823,2022-02-28,0.2255482,XGBoost
14824,2022-02-28,0.23549989,XGBoost
14825,2022-02-28,0.21690448,XGBoost
14826,2022-02-28,0.22197269,XGBoost
14827,2022-02-28,0.088291064,XGBoost
14828,2022-02-28,0.08212902,XGBoost
14829,2022-02-28,0.08597136,XGBoost
1483,2022-02-28,0.08606822,XGBoost
14830,2022-02-28,0.06746946,XGBoost
14831,2022-02-28,0.080899514,XGBoost
14832,2022-02-28,0.08373756,XGBoost
14833,2022-02-28,0.20902866,XGBoost
14834,2022-02-28,0.08492185,XGBoost
14835,2022-02-28,0.08561412,XGBoost
14836,2022-02-28,0.07661594,XGBoost
14837,2022-02-28,0.08312681,XGBoost
14838,2022-02-28,0.07838808,XGBoost
14839,2022-02-28,0.22569147,XGBoost
1484,2022-02-28,0.08068876,XGBoost
14840,2022-02-28,0.23082775,XGBoost
14841,2022-02-28,0.21958707,XGBoost
14842,2022-02-28,0.21901052,XGBoost
14843,2022-02-28,0.083131716,XGBoost
14844,2022-02-28,0.08550635,XGBoost
14845,2022-02-28,0.24760728,XGBoost
14846,2022-02-28,0.2357733,XGBoost
14847,2022-02-28,0.25802928,XGBoost
14848,2022-02-28,0.23144494,XGBoost
14849,2022-02-28,0.081868105,XGBoost
1485,2022-02-28,0.08705872,XGBoost
14850,2022-02-28,0.2248588,XGBoost
14851,2022-02-28,0.2171269,XGBoost
14852,2022-02-28,0.22395091,XGBoost
14853,2022-02-28,0.07901671,XGBoost
14854,2022-02-28,0.2304904,XGBoost
14855,2022-02-28,0.2345607,XGBoost
14856,2022-02-28,0.22170164,XGBoost
14857,2022-02-28,0.21213584,XGBoost
14858,2022-02-28,0.19801356,XGBoost
14859,2022-02-28,0.07731828,XGBoost
1486,2022-02-28,0.22452004,XGBoost
14860,2022-02-28,0.24153955,XGBoost
14861,2022-02-28,0.078247435,XGBoost
14862,2022-02-28,0.21646933,XGBoost
14863,2022-02-28,0.07067237,XGBoost
14864,2022-02-28,0.07166008,XGBoost
14865,2022-02-28,0.21744789,XGBoost
14866,2022-02-28,0.23248239,XGBoost
14867,2022-02-28,0.08665766,XGBoost
14868,2022-02-28,0.08284381,XGBoost
14869,2022-02-28,0.2230647,XGBoost
1487,2022-02-28,0.0840758,XGBoost
14870,2022-02-28,0.07939073,XGBoost
14871,2022-02-28,0.07672814,XGBoost
14872,2022-02-28,0.22671656,XGBoost
14873,2022-02-28,0.08490223,XGBoost
14874,2022-02-28,0.07529791,XGBoost
14875,2022-02-28,0.251071,XGBoost
14876,2022-02-28,0.07597997,XGBoost
14877,2022-02-28,0.22325648,XGBoost
14878,2022-02-28,0.24501069,XGBoost
14879,2022-02-28,0.07074176,XGBoost
1488,2022-02-28,0.2363045,XGBoost
14880,2022-02-28,0.064841375,XGBoost
14881,2022-02-28,0.2327083,XGBoost
14882,2022-02-28,0.08388823,XGBoost
14883,2022-02-28,0.22203158,XGBoost
14884,2022-02-28,0.2599215,XGBoost
14885,2022-02-28,0.08351152,XGBoost
14886,2022-02-28,0.08944664,XGBoost
14887,2022-02-28,0.07650033,XGBoost
14888,2022-02-28,0.24749753,XGBoost
14889,2022-02-28,0.072125696,XGBoost
1489,2022-02-28,0.2335223,XGBoost
14890,2022-02-28,0.22074622,XGBoost
14891,2022-02-28,0.24968651,XGBoost
14892,2022-02-28,0.22807834,XGBoost
14893,2022-02-28,0.073591664,XGBoost
14894,2022-02-28,0.08055651,XGBoost
14895,2022-02-28,0.23413177,XGBoost
14896,2022-02-28,0.07179039,XGBoost
14897,2022-02-28,0.06580508,XGBoost
14898,2022-02-28,0.21638241,XGBoost
14899,2022-02-28,0.08002635,XGBoost
149,2022-02-28,0.074045025,XGBoost
1490,2022-02-28,0.08455523,XGBoost
14900,2022-02-28,0.08819606,XGBoost
14901,2022-02-28,0.08562411,XGBoost
14902,2022-02-28,0.07313822,XGBoost
14903,2022-02-28,0.08297941,XGBoost
14904,2022-02-28,0.23883645,XGBoost
14905,2022-02-28,0.06850499,XGBoost
14906,2022-02-28,0.07288449,XGBoost
14907,2022-02-28,0.081412755,XGBoost
14908,2022-02-28,0.08093716,XGBoost
14909,2022-02-28,0.08873637,XGBoost
1491,2022-02-28,0.2206891,XGBoost
14910,2022-02-28,0.24044232,XGBoost
14911,2022-02-28,0.08934691,XGBoost
14912,2022-02-28,0.23365119,XGBoost
14913,2022-02-28,0.069855444,XGBoost
14914,2022-02-28,0.07113121,XGBoost
14915,2022-02-28,0.08489375,XGBoost
14916,2022-02-28,0.22815754,XGBoost
14917,2022-02-28,0.23245631,XGBoost
14918,2022-02-28,0.08552251,XGBoost
14919,2022-02-28,0.08371548,XGBoost
1492,2022-02-28,0.2251824,XGBoost
14920,2022-02-28,0.22960243,XGBoost
14921,2022-02-28,0.08747152,XGBoost
14922,2022-02-28,0.22852217,XGBoost
14923,2022-02-28,0.209876,XGBoost
14924,2022-02-28,0.20540757,XGBoost
14925,2022-02-28,0.076227926,XGBoost
14926,2022-02-28,0.07577402,XGBoost
14927,2022-02-28,0.08443613,XGBoost
14928,2022-02-28,0.1363856,XGBoost
14929,2022-02-28,0.083972745,XGBoost
1493,2022-02-28,0.07286923,XGBoost
14930,2022-02-28,0.08313599,XGBoost
14931,2022-02-28,0.077215075,XGBoost
14932,2022-02-28,0.25835943,XGBoost
14933,2022-02-28,0.07913205,XGBoost
14934,2022-02-28,0.08296171,XGBoost
14935,2022-02-28,0.08592413,XGBoost
14936,2022-02-28,0.08699412,XGBoost
14937,2022-02-28,0.22608912,XGBoost
14938,2022-02-28,0.20625852,XGBoost
14939,2022-02-28,0.07375553,XGBoost
1494,2022-02-28,0.22575505,XGBoost
14940,2022-02-28,0.083018675,XGBoost
14941,2022-02-28,0.22768407,XGBoost
14942,2022-02-28,0.24507089,XGBoost
14943,2022-02-28,0.08502768,XGBoost
14944,2022-02-28,0.22959284,XGBoost
14945,2022-02-28,0.21466939,XGBoost
14946,2022-02-28,0.0811022,XGBoost
14947,2022-02-28,0.08242701,XGBoost
14948,2022-02-28,0.2297995,XGBoost
14949,2022-02-28,0.23902927,XGBoost
1495,2022-02-28,0.07102543,XGBoost
14950,2022-02-28,0.07696956,XGBoost
14951,2022-02-28,0.21017326,XGBoost
14952,2022-02-28,0.07944294,XGBoost
14953,2022-02-28,0.08202139,XGBoost
14954,2022-02-28,0.08308964,XGBoost
14955,2022-02-28,0.22899312,XGBoost
14956,2022-02-28,0.22710606,XGBoost
14957,2022-02-28,0.08714991,XGBoost
14958,2022-02-28,0.084193364,XGBoost
14959,2022-02-28,0.21206547,XGBoost
1496,2022-02-28,0.22495435,XGBoost
14960,2022-02-28,0.20325996,XGBoost
14961,2022-02-28,0.083844855,XGBoost
14962,2022-02-28,0.2199303,XGBoost
14963,2022-02-28,0.079723254,XGBoost
14964,2022-02-28,0.07040147,XGBoost
14965,2022-02-28,0.08759403,XGBoost
14966,2022-02-28,0.07389835,XGBoost
14967,2022-02-28,0.078394555,XGBoost
14968,2022-02-28,0.24161898,XGBoost
14969,2022-02-28,0.08239189,XGBoost
1497,2022-02-28,0.08046186,XGBoost
14970,2022-02-28,0.081139766,XGBoost
14971,2022-02-28,0.08672639,XGBoost
14972,2022-02-28,0.08208145,XGBoost
14973,2022-02-28,0.23292345,XGBoost
14974,2022-02-28,0.080702804,XGBoost
14975,2022-02-28,0.0799019,XGBoost
14976,2022-02-28,0.2476567,XGBoost
14977,2022-02-28,0.0780199,XGBoost
14978,2022-02-28,0.08324911,XGBoost
14979,2022-02-28,0.21564254,XGBoost
1498,2022-02-28,0.21379827,XGBoost
14980,2022-02-28,0.07684992,XGBoost
14981,2022-02-28,0.23746525,XGBoost
14982,2022-02-28,0.19272935,XGBoost
14983,2022-02-28,0.082868405,XGBoost
14984,2022-02-28,0.08118736,XGBoost
14985,2022-02-28,0.2140394,XGBoost
14986,2022-02-28,0.20657514,XGBoost
14987,2022-02-28,0.08595627,XGBoost
14988,2022-02-28,0.258748,XGBoost
14989,2022-02-28,0.06694291,XGBoost
1499,2022-02-28,0.07342861,XGBoost
14990,2022-02-28,0.21569498,XGBoost
14991,2022-02-28,0.23179425,XGBoost
14992,2022-02-28,0.08457617,XGBoost
14993,2022-02-28,0.08315472,XGBoost
14994,2022-02-28,0.23439494,XGBoost
14995,2022-02-28,0.085167356,XGBoost
14996,2022-02-28,0.08194202,XGBoost
14997,2022-02-28,0.24281555,XGBoost
14998,2022-02-28,0.22401638,XGBoost
14999,2022-02-28,0.072040975,XGBoost
15,2022-02-28,0.07921217,XGBoost
150,2022-02-28,0.08957022,XGBoost
1500,2022-02-28,0.20239888,XGBoost
15000,2022-02-28,0.08300175,XGBoost
15001,2022-02-28,0.08507419,XGBoost
15002,2022-02-28,0.07778547,XGBoost
15003,2022-02-28,0.252925,XGBoost
15004,2022-02-28,0.24025401,XGBoost
15005,2022-02-28,0.07100176,XGBoost
15006,2022-02-28,0.22701456,XGBoost
15007,2022-02-28,0.21472506,XGBoost
15008,2022-02-28,0.086116485,XGBoost
15009,2022-02-28,0.23472796,XGBoost
1501,2022-02-28,0.08564856,XGBoost
15010,2022-02-28,0.0793,XGBoost
15011,2022-02-28,0.2308633,XGBoost
15012,2022-02-28,0.24497616,XGBoost
15013,2022-02-28,0.08426122,XGBoost
15014,2022-02-28,0.2316526,XGBoost
15015,2022-02-28,0.0709822,XGBoost
15016,2022-02-28,0.22537085,XGBoost
15017,2022-02-28,0.07044602,XGBoost
15018,2022-02-28,0.07710593,XGBoost
15019,2022-02-28,0.23398466,XGBoost
1502,2022-02-28,0.24079327,XGBoost
15020,2022-02-28,0.07330005,XGBoost
15021,2022-02-28,0.22056597,XGBoost
15022,2022-02-28,0.24564344,XGBoost
15023,2022-02-28,0.24766576,XGBoost
15024,2022-02-28,0.07027396,XGBoost
15025,2022-02-28,0.23542915,XGBoost
15026,2022-02-28,0.08180995,XGBoost
15027,2022-02-28,0.20036943,XGBoost
15028,2022-02-28,0.2197899,XGBoost
15029,2022-02-28,0.085142024,XGBoost
1503,2022-02-28,0.24072507,XGBoost
15030,2022-02-28,0.19954762,XGBoost
15031,2022-02-28,0.075151086,XGBoost
15032,2022-02-28,0.06997764,XGBoost
15033,2022-02-28,0.083583,XGBoost
15034,2022-02-28,0.078644246,XGBoost
15035,2022-02-28,0.08706879,XGBoost
15036,2022-02-28,0.08673643,XGBoost
15037,2022-02-28,0.084071875,XGBoost
15038,2022-02-28,0.074436955,XGBoost
15039,2022-02-28,0.07724351,XGBoost
1504,2022-02-28,0.079706185,XGBoost
15040,2022-02-28,0.07811572,XGBoost
15041,2022-02-28,0.07655161,XGBoost
15042,2022-02-28,0.24729484,XGBoost
15043,2022-02-28,0.08308707,XGBoost
15044,2022-02-28,0.25040823,XGBoost
15045,2022-02-28,0.085318945,XGBoost
15046,2022-02-28,0.08059498,XGBoost
15047,2022-02-28,0.23450844,XGBoost
15048,2022-02-28,0.24614565,XGBoost
15049,2022-02-28,0.08264676,XGBoost
1505,2022-02-28,0.09045058,XGBoost
15050,2022-02-28,0.2135087,XGBoost
15051,2022-02-28,0.088932335,XGBoost
15052,2022-02-28,0.08333217,XGBoost
15053,2022-02-28,0.14752226,XGBoost
15054,2022-02-28,0.08507403,XGBoost
15055,2022-02-28,0.07339164,XGBoost
15056,2022-02-28,0.22019286,XGBoost
15057,2022-02-28,0.077735946,XGBoost
15058,2022-02-28,0.079751305,XGBoost
15059,2022-02-28,0.22161105,XGBoost
1506,2022-02-28,0.24628982,XGBoost
15060,2022-02-28,0.2351947,XGBoost
15061,2022-02-28,0.22988242,XGBoost
15062,2022-02-28,0.25050908,XGBoost
15063,2022-02-28,0.08492795,XGBoost
15064,2022-02-28,0.085810356,XGBoost
15065,2022-02-28,0.21553952,XGBoost
15066,2022-02-28,0.081381045,XGBoost
15067,2022-02-28,0.23339415,XGBoost
15068,2022-02-28,0.21404509,XGBoost
15069,2022-02-28,0.26318058,XGBoost
1507,2022-02-28,0.0790134,XGBoost
15070,2022-02-28,0.22369878,XGBoost
15071,2022-02-28,0.21630187,XGBoost
15072,2022-02-28,0.24434315,XGBoost
15073,2022-02-28,0.24343108,XGBoost
15074,2022-02-28,0.23519576,XGBoost
15075,2022-02-28,0.08656814,XGBoost
15076,2022-02-28,0.22378619,XGBoost
15077,2022-02-28,0.23893598,XGBoost
15078,2022-02-28,0.07901718,XGBoost
15079,2022-02-28,0.08398307,XGBoost
1508,2022-02-28,0.2311797,XGBoost
15080,2022-02-28,0.23456892,XGBoost
15081,2022-02-28,0.085034326,XGBoost
15082,2022-02-28,0.082674205,XGBoost
15083,2022-02-28,0.071809754,XGBoost
15084,2022-02-28,0.2329065,XGBoost
15085,2022-02-28,0.22303066,XGBoost
15086,2022-02-28,0.22577183,XGBoost
15087,2022-02-28,0.08694539,XGBoost
15088,2022-02-28,0.08487243,XGBoost
15089,2022-02-28,0.08546266,XGBoost
1509,2022-02-28,0.07796429,XGBoost
15090,2022-02-28,0.08940668,XGBoost
15091,2022-02-28,0.0747725,XGBoost
15092,2022-02-28,0.21279804,XGBoost
15093,2022-02-28,0.20166437,XGBoost
15094,2022-02-28,0.087770455,XGBoost
15095,2022-02-28,0.21093754,XGBoost
15096,2022-02-28,0.23722607,XGBoost
15097,2022-02-28,0.084890515,XGBoost
15098,2022-02-28,0.08719356,XGBoost
15099,2022-02-28,0.21649732,XGBoost
151,2022-02-28,0.08206216,XGBoost
1510,2022-02-28,0.23763965,XGBoost
15100,2022-02-28,0.081129536,XGBoost
15101,2022-02-28,0.20470656,XGBoost
15102,2022-02-28,0.22740574,XGBoost
15103,2022-02-28,0.19214715,XGBoost
15104,2022-02-28,0.08021184,XGBoost
15105,2022-02-28,0.24932481,XGBoost
15106,2022-02-28,0.0822305,XGBoost
15107,2022-02-28,0.2262695,XGBoost
15108,2022-02-28,0.07983367,XGBoost
15109,2022-02-28,0.2158651,XGBoost
1511,2022-02-28,0.21715102,XGBoost
15110,2022-02-28,0.07074271,XGBoost
15111,2022-02-28,0.23388453,XGBoost
15112,2022-02-28,0.06763395,XGBoost
15113,2022-02-28,0.22712196,XGBoost
15114,2022-02-28,0.08375393,XGBoost
15115,2022-02-28,0.07740559,XGBoost
15116,2022-02-28,0.07616405,XGBoost
15117,2022-02-28,0.25198746,XGBoost
15118,2022-02-28,0.21660206,XGBoost
15119,2022-02-28,0.08429006,XGBoost
1512,2022-02-28,0.072453536,XGBoost
15120,2022-02-28,0.2392917,XGBoost
15121,2022-02-28,0.23076054,XGBoost
15122,2022-02-28,0.081113525,XGBoost
15123,2022-02-28,0.21405652,XGBoost
15124,2022-02-28,0.08125794,XGBoost
15125,2022-02-28,0.20893922,XGBoost
15126,2022-02-28,0.081982575,XGBoost
15127,2022-02-28,0.078486405,XGBoost
15128,2022-02-28,0.08160519,XGBoost
15129,2022-02-28,0.081537,XGBoost
1513,2022-02-28,0.23954521,XGBoost
15130,2022-02-28,0.07718075,XGBoost
15131,2022-02-28,0.22138579,XGBoost
15132,2022-02-28,0.084366016,XGBoost
15133,2022-02-28,0.08416927,XGBoost
15134,2022-02-28,0.08620346,XGBoost
15135,2022-02-28,0.07052216,XGBoost
15136,2022-02-28,0.22791852,XGBoost
15137,2022-02-28,0.0832824,XGBoost
15138,2022-02-28,0.22628163,XGBoost
15139,2022-02-28,0.2096446,XGBoost
1514,2022-02-28,0.23690937,XGBoost
15140,2022-02-28,0.08570653,XGBoost
15141,2022-02-28,0.082080014,XGBoost
15142,2022-02-28,0.08717211,XGBoost
15143,2022-02-28,0.21935746,XGBoost
15144,2022-02-28,0.23590697,XGBoost
15145,2022-02-28,0.22658397,XGBoost
15146,2022-02-28,0.08033874,XGBoost
15147,2022-02-28,0.07753135,XGBoost
15148,2022-02-28,0.07929196,XGBoost
15149,2022-02-28,0.2479921,XGBoost
1515,2022-02-28,0.23135817,XGBoost
15150,2022-02-28,0.21655089,XGBoost
15151,2022-02-28,0.22913605,XGBoost
15152,2022-02-28,0.20873083,XGBoost
15153,2022-02-28,0.21554686,XGBoost
15154,2022-02-28,0.120495066,XGBoost
15155,2022-02-28,0.09169162,XGBoost
15156,2022-02-28,0.08346067,XGBoost
15157,2022-02-28,0.22849093,XGBoost
15158,2022-02-28,0.22189288,XGBoost
15159,2022-02-28,0.073039845,XGBoost
1516,2022-02-28,0.2201606,XGBoost
15160,2022-02-28,0.22465265,XGBoost
15161,2022-02-28,0.23369148,XGBoost
15162,2022-02-28,0.21178988,XGBoost
15163,2022-02-28,0.07656227,XGBoost
15164,2022-02-28,0.07762626,XGBoost
15165,2022-02-28,0.08181743,XGBoost
15166,2022-02-28,0.065788485,XGBoost
15167,2022-02-28,0.0778101,XGBoost
15168,2022-02-28,0.06431667,XGBoost
15169,2022-02-28,0.083686985,XGBoost
1517,2022-02-28,0.23056677,XGBoost
15170,2022-02-28,0.08741988,XGBoost
15171,2022-02-28,0.24010207,XGBoost
15172,2022-02-28,0.22725599,XGBoost
15173,2022-02-28,0.23288055,XGBoost
15174,2022-02-28,0.07839714,XGBoost
15175,2022-02-28,0.07317327,XGBoost
15176,2022-02-28,0.22489314,XGBoost
15177,2022-02-28,0.07201448,XGBoost
15178,2022-02-28,0.086334385,XGBoost
15179,2022-02-28,0.07892592,XGBoost
1518,2022-02-28,0.08179241,XGBoost
15180,2022-02-28,0.2259841,XGBoost
15181,2022-02-28,0.08597776,XGBoost
15182,2022-02-28,0.07082042,XGBoost
15183,2022-02-28,0.08496769,XGBoost
15184,2022-02-28,0.22220603,XGBoost
15185,2022-02-28,0.2338355,XGBoost
15186,2022-02-28,0.0793079,XGBoost
15187,2022-02-28,0.24785145,XGBoost
15188,2022-02-28,0.08234865,XGBoost
15189,2022-02-28,0.08428395,XGBoost
1519,2022-02-28,0.22154312,XGBoost
15190,2022-02-28,0.20487121,XGBoost
15191,2022-02-28,0.23290353,XGBoost
15192,2022-02-28,0.23555832,XGBoost
15193,2022-02-28,0.22758758,XGBoost
15194,2022-02-28,0.08108762,XGBoost
15195,2022-02-28,0.22450256,XGBoost
15196,2022-02-28,0.2346622,XGBoost
15197,2022-02-28,0.08340928,XGBoost
15198,2022-02-28,0.06812572,XGBoost
15199,2022-02-28,0.0796454,XGBoost
152,2022-02-28,0.08376081,XGBoost
1520,2022-02-28,0.06826834,XGBoost
15200,2022-02-28,0.22181249,XGBoost
15201,2022-02-28,0.24697274,XGBoost
15202,2022-02-28,0.08738036,XGBoost
15203,2022-02-28,0.08627449,XGBoost
15204,2022-02-28,0.07679796,XGBoost
15205,2022-02-28,0.22753166,XGBoost
15206,2022-02-28,0.06419492,XGBoost
15207,2022-02-28,0.22841343,XGBoost
15208,2022-02-28,0.06983108,XGBoost
15209,2022-02-28,0.22669034,XGBoost
1521,2022-02-28,0.22449994,XGBoost
15210,2022-02-28,0.25160003,XGBoost
15211,2022-02-28,0.19907512,XGBoost
15212,2022-02-28,0.19397783,XGBoost
15213,2022-02-28,0.084775895,XGBoost
15214,2022-02-28,0.079285055,XGBoost
15215,2022-02-28,0.08537816,XGBoost
15216,2022-02-28,0.22796068,XGBoost
15217,2022-02-28,0.2443595,XGBoost
15218,2022-02-28,0.082308896,XGBoost
15219,2022-02-28,0.08230221,XGBoost
1522,2022-02-28,0.08120648,XGBoost
15220,2022-02-28,0.23473673,XGBoost
15221,2022-02-28,0.23325463,XGBoost
15222,2022-02-28,0.08612703,XGBoost
15223,2022-02-28,0.255949,XGBoost
15224,2022-02-28,0.07996572,XGBoost
15225,2022-02-28,0.22637443,XGBoost
15226,2022-02-28,0.085115254,XGBoost
15227,2022-02-28,0.08235121,XGBoost
15228,2022-02-28,0.08669021,XGBoost
15229,2022-02-28,0.2352693,XGBoost
1523,2022-02-28,0.07672211,XGBoost
15230,2022-02-28,0.23591864,XGBoost
15231,2022-02-28,0.21637625,XGBoost
15232,2022-02-28,0.22514832,XGBoost
15233,2022-02-28,0.24027883,XGBoost
15234,2022-02-28,0.087501295,XGBoost
15235,2022-02-28,0.24930012,XGBoost
15236,2022-02-28,0.23714253,XGBoost
15237,2022-02-28,0.0817291,XGBoost
15238,2022-02-28,0.24110934,XGBoost
15239,2022-02-28,0.08885955,XGBoost
1524,2022-02-28,0.082857795,XGBoost
15240,2022-02-28,0.22698325,XGBoost
15241,2022-02-28,0.07157133,XGBoost
15242,2022-02-28,0.07824015,XGBoost
15243,2022-02-28,0.074014656,XGBoost
15244,2022-02-28,0.083726436,XGBoost
15245,2022-02-28,0.082556374,XGBoost
15246,2022-02-28,0.23159721,XGBoost
15247,2022-02-28,0.06831552,XGBoost
15248,2022-02-28,0.08111165,XGBoost
15249,2022-02-28,0.23555727,XGBoost
1525,2022-02-28,0.0859849,XGBoost
15250,2022-02-28,0.08793844,XGBoost
15251,2022-02-28,0.08439845,XGBoost
15252,2022-02-28,0.085352845,XGBoost
15253,2022-02-28,0.24501424,XGBoost
15254,2022-02-28,0.23782668,XGBoost
15255,2022-02-28,0.080843166,XGBoost
15256,2022-02-28,0.21604726,XGBoost
15257,2022-02-28,0.086434424,XGBoost
15258,2022-02-28,0.23214833,XGBoost
15259,2022-02-28,0.23513794,XGBoost
1526,2022-02-28,0.081408106,XGBoost
15260,2022-02-28,0.23294084,XGBoost
15261,2022-02-28,0.08617053,XGBoost
15262,2022-02-28,0.0889751,XGBoost
15263,2022-02-28,0.0741861,XGBoost
15264,2022-02-28,0.22005041,XGBoost
15265,2022-02-28,0.078321815,XGBoost
15266,2022-02-28,0.086025774,XGBoost
15267,2022-02-28,0.08356623,XGBoost
15268,2022-02-28,0.24386998,XGBoost
15269,2022-02-28,0.08167681,XGBoost
1527,2022-02-28,0.0790009,XGBoost
15270,2022-02-28,0.07479085,XGBoost
15271,2022-02-28,0.23302163,XGBoost
15272,2022-02-28,0.2028775,XGBoost
15273,2022-02-28,0.07400189,XGBoost
15274,2022-02-28,0.08403211,XGBoost
15275,2022-02-28,0.07810462,XGBoost
15276,2022-02-28,0.25444362,XGBoost
15277,2022-02-28,0.08237034,XGBoost
15278,2022-02-28,0.22857794,XGBoost
15279,2022-02-28,0.08642874,XGBoost
1528,2022-02-28,0.08104523,XGBoost
15280,2022-02-28,0.2292674,XGBoost
15281,2022-02-28,0.08496305,XGBoost
15282,2022-02-28,0.23409952,XGBoost
15283,2022-02-28,0.08190405,XGBoost
15284,2022-02-28,0.07190656,XGBoost
15285,2022-02-28,0.2327728,XGBoost
15286,2022-02-28,0.07631562,XGBoost
15287,2022-02-28,0.10630565,XGBoost
15288,2022-02-28,0.08680042,XGBoost
15289,2022-02-28,0.24785984,XGBoost
1529,2022-02-28,0.086336486,XGBoost
15290,2022-02-28,0.07760921,XGBoost
15291,2022-02-28,0.23304419,XGBoost
15292,2022-02-28,0.07974532,XGBoost
15293,2022-02-28,0.078183874,XGBoost
15294,2022-02-28,0.085586995,XGBoost
15295,2022-02-28,0.2358249,XGBoost
15296,2022-02-28,0.08465249,XGBoost
15297,2022-02-28,0.22946008,XGBoost
15298,2022-02-28,0.22109261,XGBoost
15299,2022-02-28,0.08471579,XGBoost
153,2022-02-28,0.084992416,XGBoost
1530,2022-02-28,0.07551698,XGBoost
15300,2022-02-28,0.08637892,XGBoost
15301,2022-02-28,0.0851197,XGBoost
15302,2022-02-28,0.2236031,XGBoost
15303,2022-02-28,0.23999538,XGBoost
15304,2022-02-28,0.23494339,XGBoost
15305,2022-02-28,0.21958022,XGBoost
15306,2022-02-28,0.2217846,XGBoost
15307,2022-02-28,0.23101112,XGBoost
15308,2022-02-28,0.0682511,XGBoost
15309,2022-02-28,0.08011535,XGBoost
1531,2022-02-28,0.22834489,XGBoost
15310,2022-02-28,0.081186175,XGBoost
15311,2022-02-28,0.22393182,XGBoost
15312,2022-02-28,0.23768428,XGBoost
15313,2022-02-28,0.22551055,XGBoost
15314,2022-02-28,0.07908318,XGBoost
15315,2022-02-28,0.07959076,XGBoost
15316,2022-02-28,0.08244279,XGBoost
15317,2022-02-28,0.07837222,XGBoost
15318,2022-02-28,0.20761642,XGBoost
15319,2022-02-28,0.08433813,XGBoost
1532,2022-02-28,0.24094167,XGBoost
15320,2022-02-28,0.07953858,XGBoost
15321,2022-02-28,0.21530576,XGBoost
15322,2022-02-28,0.07939069,XGBoost
15323,2022-02-28,0.08262067,XGBoost
15324,2022-02-28,0.08446648,XGBoost
15325,2022-02-28,0.08721579,XGBoost
15326,2022-02-28,0.22418147,XGBoost
15327,2022-02-28,0.23337619,XGBoost
15328,2022-02-28,0.25986797,XGBoost
15329,2022-02-28,0.08513989,XGBoost
1533,2022-02-28,0.08458061,XGBoost
15330,2022-02-28,0.07815626,XGBoost
15331,2022-02-28,0.08299894,XGBoost
15332,2022-02-28,0.070501216,XGBoost
15333,2022-02-28,0.23012938,XGBoost
15334,2022-02-28,0.07690338,XGBoost
15335,2022-02-28,0.20381385,XGBoost
15336,2022-02-28,0.0828896,XGBoost
15337,2022-02-28,0.08452442,XGBoost
15338,2022-02-28,0.06573272,XGBoost
15339,2022-02-28,0.24747777,XGBoost
1534,2022-02-28,0.2247982,XGBoost
15340,2022-02-28,0.088038296,XGBoost
15341,2022-02-28,0.21800916,XGBoost
15342,2022-02-28,0.06761344,XGBoost
15343,2022-02-28,0.083090596,XGBoost
15344,2022-02-28,0.08711536,XGBoost
15345,2022-02-28,0.2176196,XGBoost
15346,2022-02-28,0.22301415,XGBoost
15347,2022-02-28,0.08289656,XGBoost
15348,2022-02-28,0.22239637,XGBoost
15349,2022-02-28,0.08510052,XGBoost
1535,2022-02-28,0.19557631,XGBoost
15350,2022-02-28,0.2324446,XGBoost
15351,2022-02-28,0.2195399,XGBoost
15352,2022-02-28,0.21990886,XGBoost
15353,2022-02-28,0.07221448,XGBoost
15354,2022-02-28,0.20583668,XGBoost
15355,2022-02-28,0.22567934,XGBoost
15356,2022-02-28,0.23349772,XGBoost
15357,2022-02-28,0.24242179,XGBoost
15358,2022-02-28,0.22871798,XGBoost
15359,2022-02-28,0.2349369,XGBoost
1536,2022-02-28,0.07859396,XGBoost
15360,2022-02-28,0.08558536,XGBoost
15361,2022-02-28,0.08536399,XGBoost
15362,2022-02-28,0.22895539,XGBoost
15363,2022-02-28,0.24460842,XGBoost
15364,2022-02-28,0.22842488,XGBoost
15365,2022-02-28,0.21523674,XGBoost
15366,2022-02-28,0.08391133,XGBoost
15367,2022-02-28,0.06593812,XGBoost
15368,2022-02-28,0.07279826,XGBoost
15369,2022-02-28,0.25025696,XGBoost
1537,2022-02-28,0.085488714,XGBoost
15370,2022-02-28,0.19646396,XGBoost
15371,2022-02-28,0.24948788,XGBoost
15372,2022-02-28,0.08053519,XGBoost
15373,2022-02-28,0.08130714,XGBoost
15374,2022-02-28,0.07724674,XGBoost
15375,2022-02-28,0.2313482,XGBoost
15376,2022-02-28,0.22464223,XGBoost
15377,2022-02-28,0.23328233,XGBoost
15378,2022-02-28,0.08948495,XGBoost
15379,2022-02-28,0.0845014,XGBoost
1538,2022-02-28,0.085395105,XGBoost
15380,2022-02-28,0.08130514,XGBoost
15381,2022-02-28,0.07835481,XGBoost
15382,2022-02-28,0.23989815,XGBoost
15383,2022-02-28,0.2214945,XGBoost
15384,2022-02-28,0.23077565,XGBoost
15385,2022-02-28,0.23260592,XGBoost
15386,2022-02-28,0.23716688,XGBoost
15387,2022-02-28,0.082413584,XGBoost
15388,2022-02-28,0.07796554,XGBoost
15389,2022-02-28,0.07299975,XGBoost
1539,2022-02-28,0.07817604,XGBoost
15390,2022-02-28,0.22715725,XGBoost
15391,2022-02-28,0.2473786,XGBoost
15392,2022-02-28,0.08240937,XGBoost
15393,2022-02-28,0.08362446,XGBoost
15394,2022-02-28,0.07218461,XGBoost
15395,2022-02-28,0.08511077,XGBoost
15396,2022-02-28,0.20629756,XGBoost
15397,2022-02-28,0.081928276,XGBoost
15398,2022-02-28,0.21673875,XGBoost
15399,2022-02-28,0.08509864,XGBoost
154,2022-02-28,0.08458053,XGBoost
1540,2022-02-28,0.24194875,XGBoost
15400,2022-02-28,0.081029564,XGBoost
15401,2022-02-28,0.24282089,XGBoost
15402,2022-02-28,0.22723922,XGBoost
15403,2022-02-28,0.07534566,XGBoost
15404,2022-02-28,0.071368,XGBoost
15405,2022-02-28,0.21812376,XGBoost
15406,2022-02-28,0.07925258,XGBoost
15407,2022-02-28,0.23715839,XGBoost
15408,2022-02-28,0.077598035,XGBoost
15409,2022-02-28,0.08264297,XGBoost
1541,2022-02-28,0.086992234,XGBoost
15410,2022-02-28,0.08169111,XGBoost
15411,2022-02-28,0.07293097,XGBoost
15412,2022-02-28,0.22204864,XGBoost
15413,2022-02-28,0.23195966,XGBoost
15414,2022-02-28,0.07463413,XGBoost
15415,2022-02-28,0.07994206,XGBoost
15416,2022-02-28,0.06972621,XGBoost
15417,2022-02-28,0.08115329,XGBoost
15418,2022-02-28,0.23045321,XGBoost
15419,2022-02-28,0.23630081,XGBoost
1542,2022-02-28,0.25296822,XGBoost
15420,2022-02-28,0.24811827,XGBoost
15421,2022-02-28,0.08475947,XGBoost
15422,2022-02-28,0.22656672,XGBoost
15423,2022-02-28,0.08707113,XGBoost
15424,2022-02-28,0.08498295,XGBoost
15425,2022-02-28,0.07791183,XGBoost
15426,2022-02-28,0.08295783,XGBoost
15427,2022-02-28,0.07819017,XGBoost
15428,2022-02-28,0.21973099,XGBoost
15429,2022-02-28,0.07108666,XGBoost
1543,2022-02-28,0.07150329,XGBoost
15430,2022-02-28,0.23229042,XGBoost
15431,2022-02-28,0.08671879,XGBoost
15432,2022-02-28,0.2041949,XGBoost
15433,2022-02-28,0.22446154,XGBoost
15434,2022-02-28,0.23473597,XGBoost
15435,2022-02-28,0.22542977,XGBoost
15436,2022-02-28,0.078899644,XGBoost
15437,2022-02-28,0.07051479,XGBoost
15438,2022-02-28,0.0791805,XGBoost
15439,2022-02-28,0.072649606,XGBoost
1544,2022-02-28,0.21086057,XGBoost
15440,2022-02-28,0.20007883,XGBoost
15441,2022-02-28,0.07681765,XGBoost
15442,2022-02-28,0.0759878,XGBoost
15443,2022-02-28,0.22992843,XGBoost
15444,2022-02-28,0.06788674,XGBoost
15445,2022-02-28,0.22457409,XGBoost
15446,2022-02-28,0.06997123,XGBoost
15447,2022-02-28,0.2453782,XGBoost
15448,2022-02-28,0.07745532,XGBoost
15449,2022-02-28,0.084311,XGBoost
1545,2022-02-28,0.08226076,XGBoost
15450,2022-02-28,0.08441762,XGBoost
15451,2022-02-28,0.24641168,XGBoost
15452,2022-02-28,0.08018651,XGBoost
15453,2022-02-28,0.07830467,XGBoost
15454,2022-02-28,0.08210066,XGBoost
15455,2022-02-28,0.08560264,XGBoost
15456,2022-02-28,0.23638561,XGBoost
15457,2022-02-28,0.21651131,XGBoost
15458,2022-02-28,0.2284095,XGBoost
15459,2022-02-28,0.21236081,XGBoost
1546,2022-02-28,0.07089597,XGBoost
15460,2022-02-28,0.074249044,XGBoost
15461,2022-02-28,0.24258924,XGBoost
15462,2022-02-28,0.07902462,XGBoost
15463,2022-02-28,0.23617461,XGBoost
15464,2022-02-28,0.21361373,XGBoost
15465,2022-02-28,0.2516284,XGBoost
15466,2022-02-28,0.06990564,XGBoost
15467,2022-02-28,0.21252817,XGBoost
15468,2022-02-28,0.08426516,XGBoost
15469,2022-02-28,0.22349067,XGBoost
1547,2022-02-28,0.22905874,XGBoost
15470,2022-02-28,0.08296215,XGBoost
15471,2022-02-28,0.06292378,XGBoost
15472,2022-02-28,0.2338743,XGBoost
15473,2022-02-28,0.23222545,XGBoost
15474,2022-02-28,0.083280556,XGBoost
15475,2022-02-28,0.082771376,XGBoost
15476,2022-02-28,0.08449418,XGBoost
15477,2022-02-28,0.08400554,XGBoost
15478,2022-02-28,0.08223543,XGBoost
15479,2022-02-28,0.07948108,XGBoost
1548,2022-02-28,0.23264603,XGBoost
15480,2022-02-28,0.22610937,XGBoost
15481,2022-02-28,0.2332014,XGBoost
15482,2022-02-28,0.083865635,XGBoost
15483,2022-02-28,0.081314415,XGBoost
15484,2022-02-28,0.06991775,XGBoost
15485,2022-02-28,0.07845913,XGBoost
15486,2022-02-28,0.08137153,XGBoost
15487,2022-02-28,0.08685754,XGBoost
15488,2022-02-28,0.08668716,XGBoost
15489,2022-02-28,0.080353625,XGBoost
1549,2022-02-28,0.08366895,XGBoost
15490,2022-02-28,0.072027065,XGBoost
15491,2022-02-28,0.24297345,XGBoost
15492,2022-02-28,0.08272068,XGBoost
15493,2022-02-28,0.22570716,XGBoost
15494,2022-02-28,0.08139667,XGBoost
15495,2022-02-28,0.07513818,XGBoost
15496,2022-02-28,0.23265672,XGBoost
15497,2022-02-28,0.22819796,XGBoost
15498,2022-02-28,0.08298172,XGBoost
15499,2022-02-28,0.24892892,XGBoost
155,2022-02-28,0.079629004,XGBoost
1550,2022-02-28,0.0726906,XGBoost
15500,2022-02-28,0.2235382,XGBoost
15501,2022-02-28,0.08384257,XGBoost
15502,2022-02-28,0.08168246,XGBoost
15503,2022-02-28,0.08347652,XGBoost
15504,2022-02-28,0.0875083,XGBoost
15505,2022-02-28,0.21420874,XGBoost
15506,2022-02-28,0.08787497,XGBoost
15507,2022-02-28,0.22245422,XGBoost
15508,2022-02-28,0.08692293,XGBoost
15509,2022-02-28,0.22084899,XGBoost
1551,2022-02-28,0.23035127,XGBoost
15510,2022-02-28,0.23378554,XGBoost
15511,2022-02-28,0.23152895,XGBoost
15512,2022-02-28,0.077975556,XGBoost
15513,2022-02-28,0.2485924,XGBoost
15514,2022-02-28,0.08443559,XGBoost
15515,2022-02-28,0.085351,XGBoost
15516,2022-02-28,0.23191458,XGBoost
15517,2022-02-28,0.07803139,XGBoost
15518,2022-02-28,0.08481802,XGBoost
15519,2022-02-28,0.22018276,XGBoost
1552,2022-02-28,0.08283807,XGBoost
15520,2022-02-28,0.23894532,XGBoost
15521,2022-02-28,0.23815607,XGBoost
15522,2022-02-28,0.07377394,XGBoost
15523,2022-02-28,0.23458962,XGBoost
15524,2022-02-28,0.07850406,XGBoost
15525,2022-02-28,0.20084442,XGBoost
15526,2022-02-28,0.23344499,XGBoost
15527,2022-02-28,0.080283105,XGBoost
15528,2022-02-28,0.2677491,XGBoost
15529,2022-02-28,0.23833168,XGBoost
1553,2022-02-28,0.07942062,XGBoost
15530,2022-02-28,0.08612423,XGBoost
15531,2022-02-28,0.24118729,XGBoost
15532,2022-02-28,0.077865504,XGBoost
15533,2022-02-28,0.24102269,XGBoost
15534,2022-02-28,0.2204361,XGBoost
15535,2022-02-28,0.24376501,XGBoost
15536,2022-02-28,0.08264415,XGBoost
15537,2022-02-28,0.0821648,XGBoost
15538,2022-02-28,0.20518902,XGBoost
15539,2022-02-28,0.08221625,XGBoost
1554,2022-02-28,0.22082987,XGBoost
15540,2022-02-28,0.23476435,XGBoost
15541,2022-02-28,0.23231444,XGBoost
15542,2022-02-28,0.23125972,XGBoost
15543,2022-02-28,0.23763877,XGBoost
15544,2022-02-28,0.08603077,XGBoost
15545,2022-02-28,0.07752028,XGBoost
15546,2022-02-28,0.07079696,XGBoost
15547,2022-02-28,0.08694778,XGBoost
15548,2022-02-28,0.07685835,XGBoost
15549,2022-02-28,0.22372103,XGBoost
1555,2022-02-28,0.24123827,XGBoost
15550,2022-02-28,0.23002113,XGBoost
15551,2022-02-28,0.08684802,XGBoost
15552,2022-02-28,0.085322015,XGBoost
15553,2022-02-28,0.22170289,XGBoost
15554,2022-02-28,0.084219,XGBoost
15555,2022-02-28,0.077889636,XGBoost
15556,2022-02-28,0.065832615,XGBoost
15557,2022-02-28,0.23447615,XGBoost
15558,2022-02-28,0.23406671,XGBoost
15559,2022-02-28,0.2124221,XGBoost
1556,2022-02-28,0.20420311,XGBoost
15560,2022-02-28,0.22739476,XGBoost
15561,2022-02-28,0.24788703,XGBoost
15562,2022-02-28,0.20513774,XGBoost
15563,2022-02-28,0.07830968,XGBoost
15564,2022-02-28,0.079367705,XGBoost
15565,2022-02-28,0.07931372,XGBoost
15566,2022-02-28,0.07591524,XGBoost
15567,2022-02-28,0.077445656,XGBoost
15568,2022-02-28,0.07659352,XGBoost
15569,2022-02-28,0.25218186,XGBoost
1557,2022-02-28,0.23422357,XGBoost
15570,2022-02-28,0.21550547,XGBoost
15571,2022-02-28,0.25054342,XGBoost
15572,2022-02-28,0.083131775,XGBoost
15573,2022-02-28,0.06664076,XGBoost
15574,2022-02-28,0.23161447,XGBoost
15575,2022-02-28,0.23140894,XGBoost
15576,2022-02-28,0.21214108,XGBoost
15577,2022-02-28,0.081397384,XGBoost
15578,2022-02-28,0.084945925,XGBoost
15579,2022-02-28,0.21120726,XGBoost
1558,2022-02-28,0.0811488,XGBoost
15580,2022-02-28,0.06962561,XGBoost
15581,2022-02-28,0.23142886,XGBoost
15582,2022-02-28,0.083537176,XGBoost
15583,2022-02-28,0.08311047,XGBoost
15584,2022-02-28,0.082283996,XGBoost
15585,2022-02-28,0.22344692,XGBoost
15586,2022-02-28,0.06945869,XGBoost
15587,2022-02-28,0.07785623,XGBoost
15588,2022-02-28,0.0844187,XGBoost
15589,2022-02-28,0.08077779,XGBoost
1559,2022-02-28,0.21808818,XGBoost
15590,2022-02-28,0.07775891,XGBoost
15591,2022-02-28,0.07857257,XGBoost
15592,2022-02-28,0.07523323,XGBoost
15593,2022-02-28,0.0885735,XGBoost
15594,2022-02-28,0.24073514,XGBoost
15595,2022-02-28,0.08532119,XGBoost
15596,2022-02-28,0.22783399,XGBoost
15597,2022-02-28,0.23084411,XGBoost
15598,2022-02-28,0.24396864,XGBoost
15599,2022-02-28,0.21846476,XGBoost
156,2022-02-28,0.07848751,XGBoost
1560,2022-02-28,0.08700955,XGBoost
15600,2022-02-28,0.24543284,XGBoost
15601,2022-02-28,0.08693086,XGBoost
15602,2022-02-28,0.24862166,XGBoost
15603,2022-02-28,0.08321045,XGBoost
15604,2022-02-28,0.073754005,XGBoost
15605,2022-02-28,0.2262829,XGBoost
15606,2022-02-28,0.22748832,XGBoost
15607,2022-02-28,0.22061862,XGBoost
15608,2022-02-28,0.08413148,XGBoost
15609,2022-02-28,0.08109055,XGBoost
1561,2022-02-28,0.08548001,XGBoost
15610,2022-02-28,0.070541754,XGBoost
15611,2022-02-28,0.08238709,XGBoost
15612,2022-02-28,0.24404636,XGBoost
15613,2022-02-28,0.24723658,XGBoost
15614,2022-02-28,0.08449792,XGBoost
15615,2022-02-28,0.23975603,XGBoost
15616,2022-02-28,0.08780916,XGBoost
15617,2022-02-28,0.2087714,XGBoost
15618,2022-02-28,0.21414942,XGBoost
15619,2022-02-28,0.2291559,XGBoost
1562,2022-02-28,0.08574905,XGBoost
15620,2022-02-28,0.082172334,XGBoost
15621,2022-02-28,0.22533056,XGBoost
15622,2022-02-28,0.08500346,XGBoost
15623,2022-02-28,0.08519391,XGBoost
15624,2022-02-28,0.08289032,XGBoost
15625,2022-02-28,0.082344316,XGBoost
15626,2022-02-28,0.23567179,XGBoost
15627,2022-02-28,0.082030155,XGBoost
15628,2022-02-28,0.081520654,XGBoost
15629,2022-02-28,0.07756021,XGBoost
1563,2022-02-28,0.24166259,XGBoost
15630,2022-02-28,0.1981351,XGBoost
15631,2022-02-28,0.073274374,XGBoost
15632,2022-02-28,0.21413906,XGBoost
15633,2022-02-28,0.22623579,XGBoost
15634,2022-02-28,0.23077169,XGBoost
15635,2022-02-28,0.08161058,XGBoost
15636,2022-02-28,0.07820861,XGBoost
15637,2022-02-28,0.08039155,XGBoost
15638,2022-02-28,0.073152885,XGBoost
15639,2022-02-28,0.07945222,XGBoost
1564,2022-02-28,0.06888647,XGBoost
15640,2022-02-28,0.07219529,XGBoost
15641,2022-02-28,0.23699631,XGBoost
15642,2022-02-28,0.21671802,XGBoost
15643,2022-02-28,0.21787652,XGBoost
15644,2022-02-28,0.22153452,XGBoost
15645,2022-02-28,0.07126325,XGBoost
15646,2022-02-28,0.08439458,XGBoost
15647,2022-02-28,0.08611452,XGBoost
15648,2022-02-28,0.07389675,XGBoost
15649,2022-02-28,0.07883565,XGBoost
1565,2022-02-28,0.08705072,XGBoost
15650,2022-02-28,0.20889404,XGBoost
15651,2022-02-28,0.07267444,XGBoost
15652,2022-02-28,0.23104547,XGBoost
15653,2022-02-28,0.07800399,XGBoost
15654,2022-02-28,0.08386726,XGBoost
15655,2022-02-28,0.22498478,XGBoost
15656,2022-02-28,0.07940519,XGBoost
15657,2022-02-28,0.25451836,XGBoost
15658,2022-02-28,0.23653337,XGBoost
15659,2022-02-28,0.08391426,XGBoost
1566,2022-02-28,0.23195073,XGBoost
15660,2022-02-28,0.08611389,XGBoost
15661,2022-02-28,0.084379084,XGBoost
15662,2022-02-28,0.08611395,XGBoost
15663,2022-02-28,0.21355654,XGBoost
15664,2022-02-28,0.07766763,XGBoost
15665,2022-02-28,0.0714554,XGBoost
15666,2022-02-28,0.07907945,XGBoost
15667,2022-02-28,0.078184545,XGBoost
15668,2022-02-28,0.07938724,XGBoost
15669,2022-02-28,0.23604397,XGBoost
1567,2022-02-28,0.22306989,XGBoost
15670,2022-02-28,0.08772226,XGBoost
15671,2022-02-28,0.20306933,XGBoost
15672,2022-02-28,0.08364948,XGBoost
15673,2022-02-28,0.24215427,XGBoost
15674,2022-02-28,0.07050057,XGBoost
15675,2022-02-28,0.08685083,XGBoost
15676,2022-02-28,0.0855738,XGBoost
15677,2022-02-28,0.07009977,XGBoost
15678,2022-02-28,0.08430311,XGBoost
15679,2022-02-28,0.23788156,XGBoost
1568,2022-02-28,0.07718196,XGBoost
15680,2022-02-28,0.2193252,XGBoost
15681,2022-02-28,0.21166296,XGBoost
15682,2022-02-28,0.21520291,XGBoost
15683,2022-02-28,0.08390404,XGBoost
15684,2022-02-28,0.21025845,XGBoost
15685,2022-02-28,0.069716685,XGBoost
15686,2022-02-28,0.08494066,XGBoost
15687,2022-02-28,0.24276859,XGBoost
15688,2022-02-28,0.08432642,XGBoost
15689,2022-02-28,0.06958549,XGBoost
1569,2022-02-28,0.0774471,XGBoost
15690,2022-02-28,0.07073771,XGBoost
15691,2022-02-28,0.24829812,XGBoost
15692,2022-02-28,0.2199829,XGBoost
15693,2022-02-28,0.078054085,XGBoost
15694,2022-02-28,0.085352615,XGBoost
15695,2022-02-28,0.08615828,XGBoost
15696,2022-02-28,0.0739579,XGBoost
15697,2022-02-28,0.083718866,XGBoost
15698,2022-02-28,0.08131942,XGBoost
15699,2022-02-28,0.084851146,XGBoost
157,2022-02-28,0.21919766,XGBoost
1570,2022-02-28,0.08422726,XGBoost
15700,2022-02-28,0.08153858,XGBoost
15701,2022-02-28,0.084813274,XGBoost
15702,2022-02-28,0.22428349,XGBoost
15703,2022-02-28,0.25820994,XGBoost
15704,2022-02-28,0.23046507,XGBoost
15705,2022-02-28,0.07937366,XGBoost
15706,2022-02-28,0.24170868,XGBoost
15707,2022-02-28,0.08336606,XGBoost
15708,2022-02-28,0.08466121,XGBoost
15709,2022-02-28,0.21679328,XGBoost
1571,2022-02-28,0.08392961,XGBoost
15710,2022-02-28,0.072907306,XGBoost
15711,2022-02-28,0.22325325,XGBoost
15712,2022-02-28,0.08047834,XGBoost
15713,2022-02-28,0.0797968,XGBoost
15714,2022-02-28,0.22905192,XGBoost
15715,2022-02-28,0.080675915,XGBoost
15716,2022-02-28,0.08265722,XGBoost
15717,2022-02-28,0.20221321,XGBoost
15718,2022-02-28,0.06896877,XGBoost
15719,2022-02-28,0.079019025,XGBoost
1572,2022-02-28,0.08204286,XGBoost
15720,2022-02-28,0.21398377,XGBoost
15721,2022-02-28,0.23265839,XGBoost
15722,2022-02-28,0.08387591,XGBoost
15723,2022-02-28,0.23635224,XGBoost
15724,2022-02-28,0.08586569,XGBoost
15725,2022-02-28,0.06757382,XGBoost
15726,2022-02-28,0.23831114,XGBoost
15727,2022-02-28,0.07644394,XGBoost
15728,2022-02-28,0.08860953,XGBoost
15729,2022-02-28,0.0864163,XGBoost
1573,2022-02-28,0.08049785,XGBoost
15730,2022-02-28,0.2258543,XGBoost
15731,2022-02-28,0.08606725,XGBoost
15732,2022-02-28,0.06996311,XGBoost
15733,2022-02-28,0.08358026,XGBoost
15734,2022-02-28,0.08637431,XGBoost
15735,2022-02-28,0.08512406,XGBoost
15736,2022-02-28,0.20082697,XGBoost
15737,2022-02-28,0.22712721,XGBoost
15738,2022-02-28,0.21482448,XGBoost
15739,2022-02-28,0.087537415,XGBoost
1574,2022-02-28,0.22321767,XGBoost
15740,2022-02-28,0.072981946,XGBoost
15741,2022-02-28,0.08507068,XGBoost
15742,2022-02-28,0.08552528,XGBoost
15743,2022-02-28,0.23085101,XGBoost
15744,2022-02-28,0.22211315,XGBoost
15745,2022-02-28,0.20839627,XGBoost
15746,2022-02-28,0.23004712,XGBoost
15747,2022-02-28,0.23084396,XGBoost
15748,2022-02-28,0.076012224,XGBoost
15749,2022-02-28,0.08674615,XGBoost
1575,2022-02-28,0.23046672,XGBoost
15750,2022-02-28,0.08367233,XGBoost
15751,2022-02-28,0.077433005,XGBoost
15752,2022-02-28,0.22720581,XGBoost
15753,2022-02-28,0.22864668,XGBoost
15754,2022-02-28,0.07777796,XGBoost
15755,2022-02-28,0.07371936,XGBoost
15756,2022-02-28,0.24494225,XGBoost
15757,2022-02-28,0.08445125,XGBoost
15758,2022-02-28,0.08464134,XGBoost
15759,2022-02-28,0.06351017,XGBoost
1576,2022-02-28,0.2416239,XGBoost
15760,2022-02-28,0.0825032,XGBoost
15761,2022-02-28,0.0855109,XGBoost
15762,2022-02-28,0.0874344,XGBoost
15763,2022-02-28,0.0784639,XGBoost
15764,2022-02-28,0.08796973,XGBoost
15765,2022-02-28,0.24344335,XGBoost
15766,2022-02-28,0.2415676,XGBoost
15767,2022-02-28,0.07576717,XGBoost
15768,2022-02-28,0.0831776,XGBoost
15769,2022-02-28,0.08673981,XGBoost
1577,2022-02-28,0.08219383,XGBoost
15770,2022-02-28,0.22984506,XGBoost
15771,2022-02-28,0.2260027,XGBoost
15772,2022-02-28,0.2300643,XGBoost
15773,2022-02-28,0.2450478,XGBoost
15774,2022-02-28,0.07191547,XGBoost
15775,2022-02-28,0.087834954,XGBoost
15776,2022-02-28,0.22795099,XGBoost
15777,2022-02-28,0.22350883,XGBoost
15778,2022-02-28,0.08332997,XGBoost
15779,2022-02-28,0.06993852,XGBoost
1578,2022-02-28,0.08441031,XGBoost
15780,2022-02-28,0.084649965,XGBoost
15781,2022-02-28,0.23510304,XGBoost
15782,2022-02-28,0.24178526,XGBoost
15783,2022-02-28,0.086801805,XGBoost
15784,2022-02-28,0.08644006,XGBoost
15785,2022-02-28,0.08437837,XGBoost
15786,2022-02-28,0.21173893,XGBoost
15787,2022-02-28,0.08184303,XGBoost
15788,2022-02-28,0.06434216,XGBoost
15789,2022-02-28,0.07618997,XGBoost
1579,2022-02-28,0.07562987,XGBoost
15790,2022-02-28,0.20263536,XGBoost
15791,2022-02-28,0.22029528,XGBoost
15792,2022-02-28,0.08524633,XGBoost
15793,2022-02-28,0.07823992,XGBoost
15794,2022-02-28,0.22622998,XGBoost
15795,2022-02-28,0.07753107,XGBoost
15796,2022-02-28,0.22176394,XGBoost
15797,2022-02-28,0.07839537,XGBoost
15798,2022-02-28,0.07958469,XGBoost
15799,2022-02-28,0.0849676,XGBoost
158,2022-02-28,0.07117185,XGBoost
1580,2022-02-28,0.20935538,XGBoost
15800,2022-02-28,0.2266916,XGBoost
15801,2022-02-28,0.22897245,XGBoost
15802,2022-02-28,0.085942656,XGBoost
15803,2022-02-28,0.20170668,XGBoost
15804,2022-02-28,0.08275146,XGBoost
15805,2022-02-28,0.07692844,XGBoost
15806,2022-02-28,0.07211031,XGBoost
15807,2022-02-28,0.24264203,XGBoost
15808,2022-02-28,0.08528495,XGBoost
15809,2022-02-28,0.07879399,XGBoost
1581,2022-02-28,0.23792647,XGBoost
15810,2022-02-28,0.23601337,XGBoost
15811,2022-02-28,0.23680417,XGBoost
15812,2022-02-28,0.2376692,XGBoost
15813,2022-02-28,0.23562443,XGBoost
15814,2022-02-28,0.08471154,XGBoost
15815,2022-02-28,0.22539616,XGBoost
15816,2022-02-28,0.082218714,XGBoost
15817,2022-02-28,0.27010116,XGBoost
15818,2022-02-28,0.08447681,XGBoost
15819,2022-02-28,0.0833278,XGBoost
1582,2022-02-28,0.22017474,XGBoost
15820,2022-02-28,0.24857208,XGBoost
15821,2022-02-28,0.23243129,XGBoost
15822,2022-02-28,0.08145661,XGBoost
15823,2022-02-28,0.24155743,XGBoost
15824,2022-02-28,0.15870027,XGBoost
15825,2022-02-28,0.23456003,XGBoost
15826,2022-02-28,0.083828285,XGBoost
15827,2022-02-28,0.20526396,XGBoost
15828,2022-02-28,0.086409494,XGBoost
15829,2022-02-28,0.07103222,XGBoost
1583,2022-02-28,0.0818894,XGBoost
15830,2022-02-28,0.08637177,XGBoost
15831,2022-02-28,0.08558451,XGBoost
15832,2022-02-28,0.22934353,XGBoost
15833,2022-02-28,0.2428129,XGBoost
15834,2022-02-28,0.2611347,XGBoost
15835,2022-02-28,0.22466616,XGBoost
15836,2022-02-28,0.23648815,XGBoost
15837,2022-02-28,0.08678254,XGBoost
15838,2022-02-28,0.2184764,XGBoost
15839,2022-02-28,0.23593989,XGBoost
1584,2022-02-28,0.21542676,XGBoost
15840,2022-02-28,0.083240904,XGBoost
15841,2022-02-28,0.08649847,XGBoost
15842,2022-02-28,0.07749459,XGBoost
15843,2022-02-28,0.2136472,XGBoost
15844,2022-02-28,0.07166486,XGBoost
15845,2022-02-28,0.21933664,XGBoost
15846,2022-02-28,0.2299835,XGBoost
15847,2022-02-28,0.23297459,XGBoost
15848,2022-02-28,0.08358726,XGBoost
15849,2022-02-28,0.08167033,XGBoost
1585,2022-02-28,0.23578365,XGBoost
15850,2022-02-28,0.22140849,XGBoost
15851,2022-02-28,0.22772165,XGBoost
15852,2022-02-28,0.22722131,XGBoost
15853,2022-02-28,0.079534955,XGBoost
15854,2022-02-28,0.23171002,XGBoost
15855,2022-02-28,0.20435862,XGBoost
15856,2022-02-28,0.07731839,XGBoost
15857,2022-02-28,0.08339512,XGBoost
15858,2022-02-28,0.08593583,XGBoost
15859,2022-02-28,0.08652211,XGBoost
1586,2022-02-28,0.070107736,XGBoost
15860,2022-02-28,0.20765762,XGBoost
15861,2022-02-28,0.082993835,XGBoost
15862,2022-02-28,0.22128063,XGBoost
15863,2022-02-28,0.23356389,XGBoost
15864,2022-02-28,0.20781551,XGBoost
15865,2022-02-28,0.08389196,XGBoost
15866,2022-02-28,0.08687802,XGBoost
15867,2022-02-28,0.084343694,XGBoost
15868,2022-02-28,0.083116904,XGBoost
15869,2022-02-28,0.07882165,XGBoost
1587,2022-02-28,0.08845129,XGBoost
15870,2022-02-28,0.07610992,XGBoost
15871,2022-02-28,0.21696718,XGBoost
15872,2022-02-28,0.08463665,XGBoost
15873,2022-02-28,0.23895639,XGBoost
15874,2022-02-28,0.22186598,XGBoost
15875,2022-02-28,0.08533393,XGBoost
15876,2022-02-28,0.0857732,XGBoost
15877,2022-02-28,0.23167124,XGBoost
15878,2022-02-28,0.229882,XGBoost
15879,2022-02-28,0.21800365,XGBoost
1588,2022-02-28,0.20517644,XGBoost
15880,2022-02-28,0.20905046,XGBoost
15881,2022-02-28,0.07840973,XGBoost
15882,2022-02-28,0.08415755,XGBoost
15883,2022-02-28,0.2332216,XGBoost
15884,2022-02-28,0.076886326,XGBoost
15885,2022-02-28,0.2318214,XGBoost
15886,2022-02-28,0.08587791,XGBoost
15887,2022-02-28,0.083525136,XGBoost
15888,2022-02-28,0.08834118,XGBoost
15889,2022-02-28,0.0707275,XGBoost
1589,2022-02-28,0.07819114,XGBoost
15890,2022-02-28,0.24460043,XGBoost
15891,2022-02-28,0.08032398,XGBoost
15892,2022-02-28,0.08495292,XGBoost
15893,2022-02-28,0.084891245,XGBoost
15894,2022-02-28,0.08702945,XGBoost
15895,2022-02-28,0.22150326,XGBoost
15896,2022-02-28,0.080364436,XGBoost
15897,2022-02-28,0.08259166,XGBoost
15898,2022-02-28,0.06857207,XGBoost
15899,2022-02-28,0.2152348,XGBoost
159,2022-02-28,0.07873608,XGBoost
1590,2022-02-28,0.2500602,XGBoost
15900,2022-02-28,0.21128815,XGBoost
15901,2022-02-28,0.25653613,XGBoost
15902,2022-02-28,0.08335591,XGBoost
15903,2022-02-28,0.09006782,XGBoost
15904,2022-02-28,0.08721013,XGBoost
15905,2022-02-28,0.08581889,XGBoost
15906,2022-02-28,0.21767381,XGBoost
15907,2022-02-28,0.08475937,XGBoost
15908,2022-02-28,0.073618986,XGBoost
15909,2022-02-28,0.23114672,XGBoost
1591,2022-02-28,0.08486328,XGBoost
15910,2022-02-28,0.22326776,XGBoost
15911,2022-02-28,0.073939994,XGBoost
15912,2022-02-28,0.08382903,XGBoost
15913,2022-02-28,0.2412961,XGBoost
15914,2022-02-28,0.08614135,XGBoost
15915,2022-02-28,0.08791206,XGBoost
15916,2022-02-28,0.07207102,XGBoost
15917,2022-02-28,0.22945228,XGBoost
15918,2022-02-28,0.22421908,XGBoost
15919,2022-02-28,0.21721345,XGBoost
1592,2022-02-28,0.2255787,XGBoost
15920,2022-02-28,0.07810954,XGBoost
15921,2022-02-28,0.0695681,XGBoost
15922,2022-02-28,0.0889981,XGBoost
15923,2022-02-28,0.08615201,XGBoost
15924,2022-02-28,0.20710085,XGBoost
15925,2022-02-28,0.07792729,XGBoost
15926,2022-02-28,0.08424685,XGBoost
15927,2022-02-28,0.0841044,XGBoost
15928,2022-02-28,0.23472977,XGBoost
15929,2022-02-28,0.23354399,XGBoost
1593,2022-02-28,0.080819115,XGBoost
15930,2022-02-28,0.23839276,XGBoost
15931,2022-02-28,0.083634056,XGBoost
15932,2022-02-28,0.07847359,XGBoost
15933,2022-02-28,0.07396088,XGBoost
15934,2022-02-28,0.2051404,XGBoost
15935,2022-02-28,0.08530513,XGBoost
15936,2022-02-28,0.083859906,XGBoost
15937,2022-02-28,0.077065066,XGBoost
15938,2022-02-28,0.07756271,XGBoost
15939,2022-02-28,0.23824564,XGBoost
1594,2022-02-28,0.2503497,XGBoost
15940,2022-02-28,0.21375144,XGBoost
15941,2022-02-28,0.0708616,XGBoost
15942,2022-02-28,0.25749752,XGBoost
15943,2022-02-28,0.081108674,XGBoost
15944,2022-02-28,0.21006148,XGBoost
15945,2022-02-28,0.070099115,XGBoost
15946,2022-02-28,0.06488064,XGBoost
15947,2022-02-28,0.23046239,XGBoost
15948,2022-02-28,0.07184597,XGBoost
15949,2022-02-28,0.08641551,XGBoost
1595,2022-02-28,0.068369985,XGBoost
15950,2022-02-28,0.24559797,XGBoost
15951,2022-02-28,0.0831584,XGBoost
15952,2022-02-28,0.22084816,XGBoost
15953,2022-02-28,0.08298622,XGBoost
15954,2022-02-28,0.07351169,XGBoost
15955,2022-02-28,0.2482543,XGBoost
15956,2022-02-28,0.24478166,XGBoost
15957,2022-02-28,0.08606943,XGBoost
15958,2022-02-28,0.22816761,XGBoost
15959,2022-02-28,0.08129243,XGBoost
1596,2022-02-28,0.22744533,XGBoost
15960,2022-02-28,0.064046405,XGBoost
15961,2022-02-28,0.086697124,XGBoost
15962,2022-02-28,0.23602222,XGBoost
15963,2022-02-28,0.06835639,XGBoost
15964,2022-02-28,0.23306574,XGBoost
15965,2022-02-28,0.21504486,XGBoost
15966,2022-02-28,0.08676382,XGBoost
15967,2022-02-28,0.07749862,XGBoost
15968,2022-02-28,0.073488064,XGBoost
15969,2022-02-28,0.082913555,XGBoost
1597,2022-02-28,0.20359337,XGBoost
15970,2022-02-28,0.08079744,XGBoost
15971,2022-02-28,0.24110858,XGBoost
15972,2022-02-28,0.22632155,XGBoost
15973,2022-02-28,0.08282118,XGBoost
15974,2022-02-28,0.08327247,XGBoost
15975,2022-02-28,0.07394806,XGBoost
15976,2022-02-28,0.08494613,XGBoost
15977,2022-02-28,0.08191494,XGBoost
15978,2022-02-28,0.085000105,XGBoost
15979,2022-02-28,0.23240194,XGBoost
1598,2022-02-28,0.06891679,XGBoost
15980,2022-02-28,0.08745784,XGBoost
15981,2022-02-28,0.07955086,XGBoost
15982,2022-02-28,0.08329276,XGBoost
15983,2022-02-28,0.08581322,XGBoost
15984,2022-02-28,0.24108095,XGBoost
15985,2022-02-28,0.07279201,XGBoost
15986,2022-02-28,0.08382745,XGBoost
15987,2022-02-28,0.076619714,XGBoost
15988,2022-02-28,0.21364094,XGBoost
15989,2022-02-28,0.069725454,XGBoost
1599,2022-02-28,0.08498849,XGBoost
15990,2022-02-28,0.08189547,XGBoost
15991,2022-02-28,0.20571053,XGBoost
15992,2022-02-28,0.08146701,XGBoost
15993,2022-02-28,0.24271944,XGBoost
15994,2022-02-28,0.20789243,XGBoost
15995,2022-02-28,0.23568338,XGBoost
15996,2022-02-28,0.077691995,XGBoost
15997,2022-02-28,0.21400352,XGBoost
15998,2022-02-28,0.21407127,XGBoost
15999,2022-02-28,0.233576,XGBoost
16,2022-02-28,0.08312078,XGBoost
160,2022-02-28,0.07606745,XGBoost
1600,2022-02-28,0.07726509,XGBoost
16000,2022-02-28,0.21219611,XGBoost
16001,2022-02-28,0.08742873,XGBoost
16002,2022-02-28,0.21559662,XGBoost
16003,2022-02-28,0.23526813,XGBoost
16004,2022-02-28,0.08373115,XGBoost
16005,2022-02-28,0.21967956,XGBoost
16006,2022-02-28,0.22201024,XGBoost
16007,2022-02-28,0.087800965,XGBoost
16008,2022-02-28,0.08792804,XGBoost
16009,2022-02-28,0.20747049,XGBoost
1601,2022-02-28,0.07865883,XGBoost
16010,2022-02-28,0.23074317,XGBoost
16011,2022-02-28,0.082422905,XGBoost
16012,2022-02-28,0.08656082,XGBoost
16013,2022-02-28,0.073515415,XGBoost
16014,2022-02-28,0.082605034,XGBoost
16015,2022-02-28,0.23672096,XGBoost
16016,2022-02-28,0.24968928,XGBoost
16017,2022-02-28,0.22594136,XGBoost
16018,2022-02-28,0.19312869,XGBoost
16019,2022-02-28,0.08258165,XGBoost
1602,2022-02-28,0.08625739,XGBoost
16020,2022-02-28,0.22573872,XGBoost
16021,2022-02-28,0.08343912,XGBoost
16022,2022-02-28,0.08409791,XGBoost
16023,2022-02-28,0.0809742,XGBoost
16024,2022-02-28,0.21919544,XGBoost
16025,2022-02-28,0.082609154,XGBoost
16026,2022-02-28,0.20838523,XGBoost
16027,2022-02-28,0.07108139,XGBoost
16028,2022-02-28,0.080163576,XGBoost
16029,2022-02-28,0.23441602,XGBoost
1603,2022-02-28,0.08530413,XGBoost
16030,2022-02-28,0.21414879,XGBoost
16031,2022-02-28,0.0775879,XGBoost
16032,2022-02-28,0.120331764,XGBoost
16033,2022-02-28,0.07106601,XGBoost
16034,2022-02-28,0.08453531,XGBoost
16035,2022-02-28,0.2485115,XGBoost
16036,2022-02-28,0.086837165,XGBoost
16037,2022-02-28,0.21881278,XGBoost
16038,2022-02-28,0.24616098,XGBoost
16039,2022-02-28,0.07933935,XGBoost
1604,2022-02-28,0.22501375,XGBoost
16040,2022-02-28,0.24101146,XGBoost
16041,2022-02-28,0.08306725,XGBoost
16042,2022-02-28,0.23577371,XGBoost
16043,2022-02-28,0.22289968,XGBoost
16044,2022-02-28,0.23136702,XGBoost
16045,2022-02-28,0.08679009,XGBoost
16046,2022-02-28,0.18524149,XGBoost
16047,2022-02-28,0.2244001,XGBoost
16048,2022-02-28,0.24223883,XGBoost
16049,2022-02-28,0.23049074,XGBoost
1605,2022-02-28,0.082958765,XGBoost
16050,2022-02-28,0.0659086,XGBoost
16051,2022-02-28,0.08353734,XGBoost
16052,2022-02-28,0.24314918,XGBoost
16053,2022-02-28,0.22191308,XGBoost
16054,2022-02-28,0.08058944,XGBoost
16055,2022-02-28,0.25302783,XGBoost
16056,2022-02-28,0.082711,XGBoost
16057,2022-02-28,0.2235472,XGBoost
16058,2022-02-28,0.07659772,XGBoost
16059,2022-02-28,0.2325412,XGBoost
1606,2022-02-28,0.21259704,XGBoost
16060,2022-02-28,0.08185621,XGBoost
16061,2022-02-28,0.22338696,XGBoost
16062,2022-02-28,0.21099272,XGBoost
16063,2022-02-28,0.24330547,XGBoost
16064,2022-02-28,0.23767982,XGBoost
16065,2022-02-28,0.08218835,XGBoost
16066,2022-02-28,0.078399815,XGBoost
16067,2022-02-28,0.069869936,XGBoost
16068,2022-02-28,0.22367625,XGBoost
16069,2022-02-28,0.23006234,XGBoost
1607,2022-02-28,0.083454534,XGBoost
16070,2022-02-28,0.20084217,XGBoost
16071,2022-02-28,0.06744249,XGBoost
16072,2022-02-28,0.21575053,XGBoost
16073,2022-02-28,0.23996885,XGBoost
16074,2022-02-28,0.08639959,XGBoost
16075,2022-02-28,0.2298554,XGBoost
16076,2022-02-28,0.074491434,XGBoost
16077,2022-02-28,0.08467143,XGBoost
16078,2022-02-28,0.07685905,XGBoost
16079,2022-02-28,0.08630279,XGBoost
1608,2022-02-28,0.07234906,XGBoost
16080,2022-02-28,0.24289373,XGBoost
16081,2022-02-28,0.22580634,XGBoost
16082,2022-02-28,0.23390009,XGBoost
16083,2022-02-28,0.083166346,XGBoost
16084,2022-02-28,0.24285841,XGBoost
16085,2022-02-28,0.19621897,XGBoost
16086,2022-02-28,0.21140511,XGBoost
16087,2022-02-28,0.08286936,XGBoost
16088,2022-02-28,0.23303941,XGBoost
16089,2022-02-28,0.23636486,XGBoost
1609,2022-02-28,0.22720496,XGBoost
16090,2022-02-28,0.22652636,XGBoost
16091,2022-02-28,0.23273264,XGBoost
16092,2022-02-28,0.08218225,XGBoost
16093,2022-02-28,0.24654429,XGBoost
16094,2022-02-28,0.23846966,XGBoost
16095,2022-02-28,0.073051974,XGBoost
16096,2022-02-28,0.22183698,XGBoost
16097,2022-02-28,0.07885797,XGBoost
16098,2022-02-28,0.22646686,XGBoost
16099,2022-02-28,0.08703247,XGBoost
161,2022-02-28,0.08174603,XGBoost
1610,2022-02-28,0.08425613,XGBoost
16100,2022-02-28,0.08384835,XGBoost
16101,2022-02-28,0.08119832,XGBoost
16102,2022-02-28,0.088704094,XGBoost
16103,2022-02-28,0.258607,XGBoost
16104,2022-02-28,0.22726114,XGBoost
16105,2022-02-28,0.07815505,XGBoost
16106,2022-02-28,0.0809627,XGBoost
16107,2022-02-28,0.08300381,XGBoost
16108,2022-02-28,0.08731691,XGBoost
16109,2022-02-28,0.087503985,XGBoost
1611,2022-02-28,0.079653464,XGBoost
16110,2022-02-28,0.07609137,XGBoost
16111,2022-02-28,0.2349086,XGBoost
16112,2022-02-28,0.224655,XGBoost
16113,2022-02-28,0.24543071,XGBoost
16114,2022-02-28,0.079474054,XGBoost
16115,2022-02-28,0.082185246,XGBoost
16116,2022-02-28,0.0845774,XGBoost
16117,2022-02-28,0.2181331,XGBoost
16118,2022-02-28,0.21683936,XGBoost
16119,2022-02-28,0.08285689,XGBoost
1612,2022-02-28,0.08617574,XGBoost
16120,2022-02-28,0.07627079,XGBoost
16121,2022-02-28,0.067880794,XGBoost
16122,2022-02-28,0.2342951,XGBoost
16123,2022-02-28,0.08327291,XGBoost
16124,2022-02-28,0.23465078,XGBoost
16125,2022-02-28,0.08366462,XGBoost
16126,2022-02-28,0.07851559,XGBoost
16127,2022-02-28,0.08452284,XGBoost
16128,2022-02-28,0.066616185,XGBoost
16129,2022-02-28,0.07216344,XGBoost
1613,2022-02-28,0.07857797,XGBoost
16130,2022-02-28,0.08814248,XGBoost
16131,2022-02-28,0.2383888,XGBoost
16132,2022-02-28,0.08893601,XGBoost
16133,2022-02-28,0.23472215,XGBoost
16134,2022-02-28,0.08600352,XGBoost
16135,2022-02-28,0.08801286,XGBoost
16136,2022-02-28,0.08686632,XGBoost
16137,2022-02-28,0.23424412,XGBoost
16138,2022-02-28,0.08843368,XGBoost
16139,2022-02-28,0.20398243,XGBoost
1614,2022-02-28,0.079234965,XGBoost
16140,2022-02-28,0.08700211,XGBoost
16141,2022-02-28,0.19989513,XGBoost
16142,2022-02-28,0.20684047,XGBoost
16143,2022-02-28,0.22269829,XGBoost
16144,2022-02-28,0.22142935,XGBoost
16145,2022-02-28,0.08490538,XGBoost
16146,2022-02-28,0.23038918,XGBoost
16147,2022-02-28,0.074497275,XGBoost
16148,2022-02-28,0.2250187,XGBoost
16149,2022-02-28,0.23468457,XGBoost
1615,2022-02-28,0.20578921,XGBoost
16150,2022-02-28,0.22676225,XGBoost
16151,2022-02-28,0.24806327,XGBoost
16152,2022-02-28,0.21323319,XGBoost
16153,2022-02-28,0.21040851,XGBoost
16154,2022-02-28,0.064016685,XGBoost
16155,2022-02-28,0.2405976,XGBoost
16156,2022-02-28,0.22399913,XGBoost
16157,2022-02-28,0.08581881,XGBoost
16158,2022-02-28,0.23277068,XGBoost
16159,2022-02-28,0.073721506,XGBoost
1616,2022-02-28,0.082010135,XGBoost
16160,2022-02-28,0.08131268,XGBoost
16161,2022-02-28,0.0715437,XGBoost
16162,2022-02-28,0.21479388,XGBoost
16163,2022-02-28,0.08262884,XGBoost
16164,2022-02-28,0.19566599,XGBoost
16165,2022-02-28,0.20605606,XGBoost
16166,2022-02-28,0.2356792,XGBoost
16167,2022-02-28,0.08514826,XGBoost
16168,2022-02-28,0.087851495,XGBoost
16169,2022-02-28,0.25621697,XGBoost
1617,2022-02-28,0.08408846,XGBoost
16170,2022-02-28,0.07176754,XGBoost
16171,2022-02-28,0.22713456,XGBoost
16172,2022-02-28,0.08037474,XGBoost
16173,2022-02-28,0.070889786,XGBoost
16174,2022-02-28,0.22622396,XGBoost
16175,2022-02-28,0.07020952,XGBoost
16176,2022-02-28,0.0838286,XGBoost
16177,2022-02-28,0.06593655,XGBoost
16178,2022-02-28,0.08629171,XGBoost
16179,2022-02-28,0.083300896,XGBoost
1618,2022-02-28,0.2249956,XGBoost
16180,2022-02-28,0.245963,XGBoost
16181,2022-02-28,0.086098716,XGBoost
16182,2022-02-28,0.08207434,XGBoost
16183,2022-02-28,0.22953631,XGBoost
16184,2022-02-28,0.21981749,XGBoost
16185,2022-02-28,0.08500384,XGBoost
16186,2022-02-28,0.081091926,XGBoost
16187,2022-02-28,0.08618935,XGBoost
16188,2022-02-28,0.19916373,XGBoost
16189,2022-02-28,0.07085539,XGBoost
1619,2022-02-28,0.08363026,XGBoost
16190,2022-02-28,0.22381727,XGBoost
16191,2022-02-28,0.21214153,XGBoost
16192,2022-02-28,0.08696127,XGBoost
16193,2022-02-28,0.23628965,XGBoost
16194,2022-02-28,0.0776101,XGBoost
16195,2022-02-28,0.07857975,XGBoost
16196,2022-02-28,0.22224326,XGBoost
16197,2022-02-28,0.08202741,XGBoost
16198,2022-02-28,0.07379388,XGBoost
16199,2022-02-28,0.2285011,XGBoost
162,2022-02-28,0.08682506,XGBoost
1620,2022-02-28,0.22991437,XGBoost
16200,2022-02-28,0.08318217,XGBoost
16201,2022-02-28,0.0769279,XGBoost
16202,2022-02-28,0.066877596,XGBoost
16203,2022-02-28,0.24789155,XGBoost
16204,2022-02-28,0.0876741,XGBoost
16205,2022-02-28,0.070818774,XGBoost
16206,2022-02-28,0.0861194,XGBoost
16207,2022-02-28,0.23882084,XGBoost
16208,2022-02-28,0.08512178,XGBoost
16209,2022-02-28,0.2278221,XGBoost
1621,2022-02-28,0.06813666,XGBoost
16210,2022-02-28,0.22863382,XGBoost
16211,2022-02-28,0.24484417,XGBoost
16212,2022-02-28,0.083296895,XGBoost
16213,2022-02-28,0.08569096,XGBoost
16214,2022-02-28,0.08456559,XGBoost
16215,2022-02-28,0.07805062,XGBoost
16216,2022-02-28,0.2320062,XGBoost
16217,2022-02-28,0.24563533,XGBoost
16218,2022-02-28,0.22364469,XGBoost
16219,2022-02-28,0.08700832,XGBoost
1622,2022-02-28,0.071205705,XGBoost
16220,2022-02-28,0.06971145,XGBoost
16221,2022-02-28,0.22161412,XGBoost
16222,2022-02-28,0.23850684,XGBoost
16223,2022-02-28,0.24278052,XGBoost
16224,2022-02-28,0.23516223,XGBoost
16225,2022-02-28,0.08233289,XGBoost
16226,2022-02-28,0.07941634,XGBoost
16227,2022-02-28,0.23841707,XGBoost
16228,2022-02-28,0.22780077,XGBoost
16229,2022-02-28,0.07691298,XGBoost
1623,2022-02-28,0.08652079,XGBoost
16230,2022-02-28,0.23556465,XGBoost
16231,2022-02-28,0.081814334,XGBoost
16232,2022-02-28,0.22294086,XGBoost
16233,2022-02-28,0.21699798,XGBoost
16234,2022-02-28,0.08219597,XGBoost
16235,2022-02-28,0.06853947,XGBoost
16236,2022-02-28,0.08132558,XGBoost
16237,2022-02-28,0.08442507,XGBoost
16238,2022-02-28,0.2263758,XGBoost
16239,2022-02-28,0.0859607,XGBoost
1624,2022-02-28,0.07828615,XGBoost
16240,2022-02-28,0.24168095,XGBoost
16241,2022-02-28,0.08362951,XGBoost
16242,2022-02-28,0.08071664,XGBoost
16243,2022-02-28,0.0799632,XGBoost
16244,2022-02-28,0.22866683,XGBoost
16245,2022-02-28,0.22818378,XGBoost
16246,2022-02-28,0.21195096,XGBoost
16247,2022-02-28,0.08393034,XGBoost
16248,2022-02-28,0.084624745,XGBoost
16249,2022-02-28,0.24276207,XGBoost
1625,2022-02-28,0.2059637,XGBoost
16250,2022-02-28,0.07779131,XGBoost
16251,2022-02-28,0.23345727,XGBoost
16252,2022-02-28,0.08158483,XGBoost
16253,2022-02-28,0.08346871,XGBoost
16254,2022-02-28,0.23599984,XGBoost
16255,2022-02-28,0.2263608,XGBoost
16256,2022-02-28,0.086109444,XGBoost
16257,2022-02-28,0.23837815,XGBoost
16258,2022-02-28,0.24435282,XGBoost
16259,2022-02-28,0.087659,XGBoost
1626,2022-02-28,0.081908874,XGBoost
16260,2022-02-28,0.08195385,XGBoost
16261,2022-02-28,0.24479666,XGBoost
16262,2022-02-28,0.08326639,XGBoost
16263,2022-02-28,0.077350475,XGBoost
16264,2022-02-28,0.25513807,XGBoost
16265,2022-02-28,0.08727682,XGBoost
16266,2022-02-28,0.07181985,XGBoost
16267,2022-02-28,0.2381506,XGBoost
16268,2022-02-28,0.08607455,XGBoost
16269,2022-02-28,0.08359519,XGBoost
1627,2022-02-28,0.06797387,XGBoost
16270,2022-02-28,0.21698698,XGBoost
16271,2022-02-28,0.08723265,XGBoost
16272,2022-02-28,0.08344691,XGBoost
16273,2022-02-28,0.23513848,XGBoost
16274,2022-02-28,0.22116032,XGBoost
16275,2022-02-28,0.08380177,XGBoost
16276,2022-02-28,0.2225577,XGBoost
16277,2022-02-28,0.2289918,XGBoost
16278,2022-02-28,0.21523002,XGBoost
16279,2022-02-28,0.084863216,XGBoost
1628,2022-02-28,0.21504842,XGBoost
16280,2022-02-28,0.089639425,XGBoost
16281,2022-02-28,0.22086215,XGBoost
16282,2022-02-28,0.23591402,XGBoost
16283,2022-02-28,0.08251799,XGBoost
16284,2022-02-28,0.08000887,XGBoost
16285,2022-02-28,0.0825163,XGBoost
16286,2022-02-28,0.08415634,XGBoost
16287,2022-02-28,0.08245527,XGBoost
16288,2022-02-28,0.23386087,XGBoost
16289,2022-02-28,0.24133109,XGBoost
1629,2022-02-28,0.08382375,XGBoost
16290,2022-02-28,0.081321746,XGBoost
16291,2022-02-28,0.08440334,XGBoost
16292,2022-02-28,0.07886117,XGBoost
16293,2022-02-28,0.080665365,XGBoost
16294,2022-02-28,0.23899679,XGBoost
16295,2022-02-28,0.2161526,XGBoost
16296,2022-02-28,0.24005179,XGBoost
16297,2022-02-28,0.23556122,XGBoost
16298,2022-02-28,0.2403382,XGBoost
16299,2022-02-28,0.220309,XGBoost
163,2022-02-28,0.08388423,XGBoost
1630,2022-02-28,0.08638631,XGBoost
16300,2022-02-28,0.08035997,XGBoost
16301,2022-02-28,0.07600451,XGBoost
16302,2022-02-28,0.08635032,XGBoost
16303,2022-02-28,0.20156178,XGBoost
16304,2022-02-28,0.23511219,XGBoost
16305,2022-02-28,0.07220728,XGBoost
16306,2022-02-28,0.065708205,XGBoost
16307,2022-02-28,0.22127928,XGBoost
16308,2022-02-28,0.23949464,XGBoost
16309,2022-02-28,0.07585547,XGBoost
1631,2022-02-28,0.24056582,XGBoost
16310,2022-02-28,0.21968065,XGBoost
16311,2022-02-28,0.2417304,XGBoost
16312,2022-02-28,0.23340298,XGBoost
16313,2022-02-28,0.2188581,XGBoost
16314,2022-02-28,0.21567494,XGBoost
16315,2022-02-28,0.22471465,XGBoost
16316,2022-02-28,0.07083745,XGBoost
16317,2022-02-28,0.21291555,XGBoost
16318,2022-02-28,0.08462662,XGBoost
16319,2022-02-28,0.081607014,XGBoost
1632,2022-02-28,0.22048701,XGBoost
16320,2022-02-28,0.21586831,XGBoost
16321,2022-02-28,0.223521,XGBoost
16322,2022-02-28,0.077073686,XGBoost
16323,2022-02-28,0.22547404,XGBoost
16324,2022-02-28,0.07781278,XGBoost
16325,2022-02-28,0.24261251,XGBoost
16326,2022-02-28,0.070246354,XGBoost
16327,2022-02-28,0.09510742,XGBoost
16328,2022-02-28,0.08432629,XGBoost
16329,2022-02-28,0.25073567,XGBoost
1633,2022-02-28,0.08637072,XGBoost
16330,2022-02-28,0.21806267,XGBoost
16331,2022-02-28,0.23236722,XGBoost
16332,2022-02-28,0.085779324,XGBoost
16333,2022-02-28,0.08316528,XGBoost
16334,2022-02-28,0.08660811,XGBoost
16335,2022-02-28,0.22393893,XGBoost
16336,2022-02-28,0.077346295,XGBoost
16337,2022-02-28,0.23655643,XGBoost
16338,2022-02-28,0.21330063,XGBoost
16339,2022-02-28,0.077109605,XGBoost
1634,2022-02-28,0.2466443,XGBoost
16340,2022-02-28,0.24583216,XGBoost
16341,2022-02-28,0.08138122,XGBoost
16342,2022-02-28,0.085611954,XGBoost
16343,2022-02-28,0.07776037,XGBoost
16344,2022-02-28,0.24545117,XGBoost
16345,2022-02-28,0.085970566,XGBoost
16346,2022-02-28,0.07212902,XGBoost
16347,2022-02-28,0.24177809,XGBoost
16348,2022-02-28,0.07693521,XGBoost
16349,2022-02-28,0.088313125,XGBoost
1635,2022-02-28,0.07802311,XGBoost
16350,2022-02-28,0.23071487,XGBoost
16351,2022-02-28,0.068457834,XGBoost
16352,2022-02-28,0.23814535,XGBoost
16353,2022-02-28,0.2270678,XGBoost
16354,2022-02-28,0.084743135,XGBoost
16355,2022-02-28,0.24157728,XGBoost
16356,2022-02-28,0.08552524,XGBoost
16357,2022-02-28,0.08138492,XGBoost
16358,2022-02-28,0.086527936,XGBoost
16359,2022-02-28,0.18927479,XGBoost
1636,2022-02-28,0.21894228,XGBoost
16360,2022-02-28,0.10028978,XGBoost
16361,2022-02-28,0.21650338,XGBoost
16362,2022-02-28,0.070389494,XGBoost
16363,2022-02-28,0.065169275,XGBoost
16364,2022-02-28,0.23619998,XGBoost
16365,2022-02-28,0.073833495,XGBoost
16366,2022-02-28,0.083861545,XGBoost
16367,2022-02-28,0.20943719,XGBoost
16368,2022-02-28,0.087588824,XGBoost
16369,2022-02-28,0.21600914,XGBoost
1637,2022-02-28,0.23183638,XGBoost
16370,2022-02-28,0.08084728,XGBoost
16371,2022-02-28,0.21134466,XGBoost
16372,2022-02-28,0.081734225,XGBoost
16373,2022-02-28,0.06760077,XGBoost
16374,2022-02-28,0.06735502,XGBoost
16375,2022-02-28,0.07972752,XGBoost
16376,2022-02-28,0.21717326,XGBoost
16377,2022-02-28,0.07781939,XGBoost
16378,2022-02-28,0.24530837,XGBoost
16379,2022-02-28,0.08482688,XGBoost
1638,2022-02-28,0.085892685,XGBoost
16380,2022-02-28,0.2450212,XGBoost
16381,2022-02-28,0.08170467,XGBoost
16382,2022-02-28,0.21757694,XGBoost
16383,2022-02-28,0.08432381,XGBoost
16384,2022-02-28,0.07815698,XGBoost
16385,2022-02-28,0.07740839,XGBoost
16386,2022-02-28,0.07249162,XGBoost
16387,2022-02-28,0.08535967,XGBoost
16388,2022-02-28,0.08622414,XGBoost
16389,2022-02-28,0.21592863,XGBoost
1639,2022-02-28,0.23336881,XGBoost
16390,2022-02-28,0.239766,XGBoost
16391,2022-02-28,0.06991419,XGBoost
16392,2022-02-28,0.080107376,XGBoost
16393,2022-02-28,0.07882999,XGBoost
16394,2022-02-28,0.08461763,XGBoost
16395,2022-02-28,0.21613038,XGBoost
16396,2022-02-28,0.08541337,XGBoost
16397,2022-02-28,0.22222841,XGBoost
16398,2022-02-28,0.083744936,XGBoost
16399,2022-02-28,0.08227213,XGBoost
164,2022-02-28,0.06837193,XGBoost
1640,2022-02-28,0.07826742,XGBoost
16400,2022-02-28,0.08579429,XGBoost
16401,2022-02-28,0.0792,XGBoost
16402,2022-02-28,0.23185945,XGBoost
16403,2022-02-28,0.08026063,XGBoost
16404,2022-02-28,0.24456355,XGBoost
16405,2022-02-28,0.07114353,XGBoost
16406,2022-02-28,0.24988493,XGBoost
16407,2022-02-28,0.082235634,XGBoost
16408,2022-02-28,0.23027991,XGBoost
16409,2022-02-28,0.07899286,XGBoost
1641,2022-02-28,0.08725119,XGBoost
16410,2022-02-28,0.08453166,XGBoost
16411,2022-02-28,0.06915653,XGBoost
16412,2022-02-28,0.07388138,XGBoost
16413,2022-02-28,0.082981594,XGBoost
16414,2022-02-28,0.2058671,XGBoost
16415,2022-02-28,0.24598445,XGBoost
16416,2022-02-28,0.24759345,XGBoost
16417,2022-02-28,0.08676468,XGBoost
16418,2022-02-28,0.23094237,XGBoost
16419,2022-02-28,0.21234499,XGBoost
1642,2022-02-28,0.086954296,XGBoost
16420,2022-02-28,0.08286861,XGBoost
16421,2022-02-28,0.23657139,XGBoost
16422,2022-02-28,0.20925371,XGBoost
16423,2022-02-28,0.08287465,XGBoost
16424,2022-02-28,0.21144514,XGBoost
16425,2022-02-28,0.08150399,XGBoost
16426,2022-02-28,0.07329492,XGBoost
16427,2022-02-28,0.08746942,XGBoost
16428,2022-02-28,0.21524127,XGBoost
16429,2022-02-28,0.20072211,XGBoost
1643,2022-02-28,0.23528196,XGBoost
16430,2022-02-28,0.08456098,XGBoost
16431,2022-02-28,0.082022026,XGBoost
16432,2022-02-28,0.07648708,XGBoost
16433,2022-02-28,0.24087018,XGBoost
16434,2022-02-28,0.08376084,XGBoost
16435,2022-02-28,0.07291809,XGBoost
16436,2022-02-28,0.24138379,XGBoost
16437,2022-02-28,0.083676964,XGBoost
16438,2022-02-28,0.083966434,XGBoost
16439,2022-02-28,0.25143287,XGBoost
1644,2022-02-28,0.065502144,XGBoost
16440,2022-02-28,0.0844034,XGBoost
16441,2022-02-28,0.21828552,XGBoost
16442,2022-02-28,0.08412962,XGBoost
16443,2022-02-28,0.21398833,XGBoost
16444,2022-02-28,0.19377075,XGBoost
16445,2022-02-28,0.22149682,XGBoost
16446,2022-02-28,0.08423945,XGBoost
16447,2022-02-28,0.07439348,XGBoost
16448,2022-02-28,0.084127136,XGBoost
16449,2022-02-28,0.22523317,XGBoost
1645,2022-02-28,0.21944547,XGBoost
16450,2022-02-28,0.086211056,XGBoost
16451,2022-02-28,0.24187465,XGBoost
16452,2022-02-28,0.24044842,XGBoost
16453,2022-02-28,0.081809185,XGBoost
16454,2022-02-28,0.2234005,XGBoost
16455,2022-02-28,0.08357808,XGBoost
16456,2022-02-28,0.0693531,XGBoost
16457,2022-02-28,0.08533812,XGBoost
16458,2022-02-28,0.22089125,XGBoost
16459,2022-02-28,0.21342093,XGBoost
1646,2022-02-28,0.08663303,XGBoost
16460,2022-02-28,0.08504128,XGBoost
16461,2022-02-28,0.27120903,XGBoost
16462,2022-02-28,0.08196982,XGBoost
16463,2022-02-28,0.08220644,XGBoost
16464,2022-02-28,0.25539806,XGBoost
16465,2022-02-28,0.23969075,XGBoost
16466,2022-02-28,0.21373408,XGBoost
16467,2022-02-28,0.08415705,XGBoost
16468,2022-02-28,0.23291376,XGBoost
16469,2022-02-28,0.070111826,XGBoost
1647,2022-02-28,0.06831085,XGBoost
16470,2022-02-28,0.23536026,XGBoost
16471,2022-02-28,0.086448625,XGBoost
16472,2022-02-28,0.22002615,XGBoost
16473,2022-02-28,0.243101,XGBoost
16474,2022-02-28,0.22345641,XGBoost
16475,2022-02-28,0.08808287,XGBoost
16476,2022-02-28,0.07671071,XGBoost
16477,2022-02-28,0.24077742,XGBoost
16478,2022-02-28,0.0704465,XGBoost
16479,2022-02-28,0.07862461,XGBoost
1648,2022-02-28,0.23330341,XGBoost
16480,2022-02-28,0.07177181,XGBoost
16481,2022-02-28,0.20272525,XGBoost
16482,2022-02-28,0.08247552,XGBoost
16483,2022-02-28,0.23107645,XGBoost
16484,2022-02-28,0.07489232,XGBoost
16485,2022-02-28,0.08770149,XGBoost
16486,2022-02-28,0.08636125,XGBoost
16487,2022-02-28,0.08169165,XGBoost
16488,2022-02-28,0.06979774,XGBoost
16489,2022-02-28,0.070298746,XGBoost
1649,2022-02-28,0.08577961,XGBoost
16490,2022-02-28,0.25553012,XGBoost
16491,2022-02-28,0.07393794,XGBoost
16492,2022-02-28,0.2224831,XGBoost
16493,2022-02-28,0.24636354,XGBoost
16494,2022-02-28,0.23171034,XGBoost
16495,2022-02-28,0.08692954,XGBoost
16496,2022-02-28,0.24663971,XGBoost
16497,2022-02-28,0.08517432,XGBoost
16498,2022-02-28,0.23085214,XGBoost
16499,2022-02-28,0.24661744,XGBoost
165,2022-02-28,0.08425897,XGBoost
1650,2022-02-28,0.21602061,XGBoost
16500,2022-02-28,0.0870039,XGBoost
16501,2022-02-28,0.23004462,XGBoost
16502,2022-02-28,0.08705584,XGBoost
16503,2022-02-28,0.07212166,XGBoost
16504,2022-02-28,0.0813402,XGBoost
16505,2022-02-28,0.08516684,XGBoost
16506,2022-02-28,0.23877534,XGBoost
16507,2022-02-28,0.23805802,XGBoost
16508,2022-02-28,0.07842418,XGBoost
16509,2022-02-28,0.072199285,XGBoost
1651,2022-02-28,0.0853594,XGBoost
16510,2022-02-28,0.20293668,XGBoost
16511,2022-02-28,0.085278444,XGBoost
16512,2022-02-28,0.20274653,XGBoost
16513,2022-02-28,0.07815495,XGBoost
16514,2022-02-28,0.08228404,XGBoost
16515,2022-02-28,0.078044884,XGBoost
16516,2022-02-28,0.22667041,XGBoost
16517,2022-02-28,0.26118913,XGBoost
16518,2022-02-28,0.07763298,XGBoost
16519,2022-02-28,0.22630093,XGBoost
1652,2022-02-28,0.211666,XGBoost
16520,2022-02-28,0.0789952,XGBoost
16521,2022-02-28,0.07865994,XGBoost
16522,2022-02-28,0.21135966,XGBoost
16523,2022-02-28,0.22849572,XGBoost
16524,2022-02-28,0.23645347,XGBoost
16525,2022-02-28,0.23050013,XGBoost
16526,2022-02-28,0.22448963,XGBoost
16527,2022-02-28,0.231599,XGBoost
16528,2022-02-28,0.082787134,XGBoost
16529,2022-02-28,0.08165638,XGBoost
1653,2022-02-28,0.20630476,XGBoost
16530,2022-02-28,0.23822461,XGBoost
16531,2022-02-28,0.07256945,XGBoost
16532,2022-02-28,0.08381385,XGBoost
16533,2022-02-28,0.23930255,XGBoost
16534,2022-02-28,0.2097173,XGBoost
16535,2022-02-28,0.23848149,XGBoost
16536,2022-02-28,0.08475423,XGBoost
16537,2022-02-28,0.077716246,XGBoost
16538,2022-02-28,0.25975993,XGBoost
16539,2022-02-28,0.085751526,XGBoost
1654,2022-02-28,0.07767262,XGBoost
16540,2022-02-28,0.07143352,XGBoost
16541,2022-02-28,0.08490024,XGBoost
16542,2022-02-28,0.078209594,XGBoost
16543,2022-02-28,0.22661304,XGBoost
16544,2022-02-28,0.24258178,XGBoost
16545,2022-02-28,0.08554106,XGBoost
16546,2022-02-28,0.23122062,XGBoost
16547,2022-02-28,0.2309916,XGBoost
16548,2022-02-28,0.0745139,XGBoost
16549,2022-02-28,0.21761289,XGBoost
1655,2022-02-28,0.23388946,XGBoost
16550,2022-02-28,0.21317063,XGBoost
16551,2022-02-28,0.22118056,XGBoost
16552,2022-02-28,0.21167101,XGBoost
16553,2022-02-28,0.08379714,XGBoost
16554,2022-02-28,0.2434379,XGBoost
16555,2022-02-28,0.085960716,XGBoost
16556,2022-02-28,0.062394667,XGBoost
16557,2022-02-28,0.23844795,XGBoost
16558,2022-02-28,0.26054305,XGBoost
16559,2022-02-28,0.23660202,XGBoost
1656,2022-02-28,0.08067528,XGBoost
16560,2022-02-28,0.23297234,XGBoost
16561,2022-02-28,0.08335574,XGBoost
16562,2022-02-28,0.27347127,XGBoost
16563,2022-02-28,0.085126296,XGBoost
16564,2022-02-28,0.07820395,XGBoost
16565,2022-02-28,0.24003832,XGBoost
16566,2022-02-28,0.08007183,XGBoost
16567,2022-02-28,0.08731499,XGBoost
16568,2022-02-28,0.24139519,XGBoost
16569,2022-02-28,0.06336993,XGBoost
1657,2022-02-28,0.081928566,XGBoost
16570,2022-02-28,0.23542345,XGBoost
16571,2022-02-28,0.23125316,XGBoost
16572,2022-02-28,0.07370853,XGBoost
16573,2022-02-28,0.08157015,XGBoost
16574,2022-02-28,0.21647309,XGBoost
16575,2022-02-28,0.22074847,XGBoost
16576,2022-02-28,0.0904908,XGBoost
16577,2022-02-28,0.082391635,XGBoost
16578,2022-02-28,0.0789737,XGBoost
16579,2022-02-28,0.071912974,XGBoost
1658,2022-02-28,0.2187138,XGBoost
16580,2022-02-28,0.23546247,XGBoost
16581,2022-02-28,0.070325576,XGBoost
16582,2022-02-28,0.23352921,XGBoost
16583,2022-02-28,0.08759716,XGBoost
16584,2022-02-28,0.2296982,XGBoost
16585,2022-02-28,0.22544987,XGBoost
16586,2022-02-28,0.079265706,XGBoost
16587,2022-02-28,0.20031989,XGBoost
16588,2022-02-28,0.22903317,XGBoost
16589,2022-02-28,0.0824947,XGBoost
1659,2022-02-28,0.083906166,XGBoost
16590,2022-02-28,0.08247029,XGBoost
16591,2022-02-28,0.076754786,XGBoost
16592,2022-02-28,0.07794704,XGBoost
16593,2022-02-28,0.21862252,XGBoost
16594,2022-02-28,0.0845376,XGBoost
16595,2022-02-28,0.23176868,XGBoost
16596,2022-02-28,0.25534797,XGBoost
16597,2022-02-28,0.24590708,XGBoost
16598,2022-02-28,0.2475666,XGBoost
16599,2022-02-28,0.08595869,XGBoost
166,2022-02-28,0.08245787,XGBoost
1660,2022-02-28,0.21653336,XGBoost
16600,2022-02-28,0.078985915,XGBoost
16601,2022-02-28,0.07332417,XGBoost
16602,2022-02-28,0.21138264,XGBoost
16603,2022-02-28,0.08083067,XGBoost
16604,2022-02-28,0.23001973,XGBoost
16605,2022-02-28,0.22618051,XGBoost
16606,2022-02-28,0.07866153,XGBoost
16607,2022-02-28,0.083982445,XGBoost
16608,2022-02-28,0.19674137,XGBoost
16609,2022-02-28,0.22763216,XGBoost
1661,2022-02-28,0.08486443,XGBoost
16610,2022-02-28,0.21994577,XGBoost
16611,2022-02-28,0.21598533,XGBoost
16612,2022-02-28,0.23169197,XGBoost
16613,2022-02-28,0.24447541,XGBoost
16614,2022-02-28,0.07908703,XGBoost
16615,2022-02-28,0.23539306,XGBoost
16616,2022-02-28,0.2248404,XGBoost
16617,2022-02-28,0.23545526,XGBoost
16618,2022-02-28,0.08138244,XGBoost
16619,2022-02-28,0.09115221,XGBoost
1662,2022-02-28,0.0850696,XGBoost
16620,2022-02-28,0.08261611,XGBoost
16621,2022-02-28,0.24227577,XGBoost
16622,2022-02-28,0.07579393,XGBoost
16623,2022-02-28,0.079002865,XGBoost
16624,2022-02-28,0.25909117,XGBoost
16625,2022-02-28,0.20646855,XGBoost
16626,2022-02-28,0.08202394,XGBoost
16627,2022-02-28,0.078965515,XGBoost
16628,2022-02-28,0.08338076,XGBoost
16629,2022-02-28,0.085436076,XGBoost
1663,2022-02-28,0.07279855,XGBoost
16630,2022-02-28,0.08330505,XGBoost
16631,2022-02-28,0.084130816,XGBoost
16632,2022-02-28,0.08225492,XGBoost
16633,2022-02-28,0.21562853,XGBoost
16634,2022-02-28,0.23854423,XGBoost
16635,2022-02-28,0.22610162,XGBoost
16636,2022-02-28,0.22368155,XGBoost
16637,2022-02-28,0.23737518,XGBoost
16638,2022-02-28,0.22804618,XGBoost
16639,2022-02-28,0.08396253,XGBoost
1664,2022-02-28,0.08290164,XGBoost
16640,2022-02-28,0.2174668,XGBoost
16641,2022-02-28,0.21685213,XGBoost
16642,2022-02-28,0.08162954,XGBoost
16643,2022-02-28,0.24926096,XGBoost
16644,2022-02-28,0.0880982,XGBoost
16645,2022-02-28,0.08864528,XGBoost
16646,2022-02-28,0.21504407,XGBoost
16647,2022-02-28,0.08545655,XGBoost
16648,2022-02-28,0.210675,XGBoost
16649,2022-02-28,0.21578029,XGBoost
1665,2022-02-28,0.20484695,XGBoost
16650,2022-02-28,0.2274301,XGBoost
16651,2022-02-28,0.23287998,XGBoost
16652,2022-02-28,0.21747762,XGBoost
16653,2022-02-28,0.08277039,XGBoost
16654,2022-02-28,0.07307614,XGBoost
16655,2022-02-28,0.069214106,XGBoost
16656,2022-02-28,0.07876952,XGBoost
16657,2022-02-28,0.078918375,XGBoost
16658,2022-02-28,0.22583185,XGBoost
16659,2022-02-28,0.23133375,XGBoost
1666,2022-02-28,0.08269546,XGBoost
16660,2022-02-28,0.08349604,XGBoost
16661,2022-02-28,0.23835658,XGBoost
16662,2022-02-28,0.08603774,XGBoost
16663,2022-02-28,0.24329238,XGBoost
16664,2022-02-28,0.24303605,XGBoost
16665,2022-02-28,0.07043373,XGBoost
16666,2022-02-28,0.230513,XGBoost
16667,2022-02-28,0.06640664,XGBoost
16668,2022-02-28,0.08475937,XGBoost
16669,2022-02-28,0.07843244,XGBoost
1667,2022-02-28,0.084660985,XGBoost
16670,2022-02-28,0.22254919,XGBoost
16671,2022-02-28,0.06958156,XGBoost
16672,2022-02-28,0.084458545,XGBoost
16673,2022-02-28,0.07061627,XGBoost
16674,2022-02-28,0.08277898,XGBoost
16675,2022-02-28,0.08232388,XGBoost
16676,2022-02-28,0.085433766,XGBoost
16677,2022-02-28,0.068832874,XGBoost
16678,2022-02-28,0.08301702,XGBoost
16679,2022-02-28,0.08462007,XGBoost
1668,2022-02-28,0.22141285,XGBoost
16680,2022-02-28,0.077915944,XGBoost
16681,2022-02-28,0.07859875,XGBoost
16682,2022-02-28,0.087337434,XGBoost
16683,2022-02-28,0.2147815,XGBoost
16684,2022-02-28,0.23147571,XGBoost
16685,2022-02-28,0.23901713,XGBoost
16686,2022-02-28,0.20735456,XGBoost
16687,2022-02-28,0.07946559,XGBoost
16688,2022-02-28,0.24276276,XGBoost
16689,2022-02-28,0.08255756,XGBoost
1669,2022-02-28,0.2300791,XGBoost
16690,2022-02-28,0.21556401,XGBoost
16691,2022-02-28,0.2575882,XGBoost
16692,2022-02-28,0.2114976,XGBoost
16693,2022-02-28,0.23959759,XGBoost
16694,2022-02-28,0.19539292,XGBoost
16695,2022-02-28,0.08303602,XGBoost
16696,2022-02-28,0.21737319,XGBoost
16697,2022-02-28,0.0853461,XGBoost
16698,2022-02-28,0.2527631,XGBoost
16699,2022-02-28,0.08699418,XGBoost
167,2022-02-28,0.08365589,XGBoost
1670,2022-02-28,0.07983894,XGBoost
16700,2022-02-28,0.069869295,XGBoost
16701,2022-02-28,0.08325882,XGBoost
16702,2022-02-28,0.21858698,XGBoost
16703,2022-02-28,0.0852243,XGBoost
16704,2022-02-28,0.075758494,XGBoost
16705,2022-02-28,0.08246651,XGBoost
16706,2022-02-28,0.07080443,XGBoost
16707,2022-02-28,0.24012649,XGBoost
16708,2022-02-28,0.06577239,XGBoost
16709,2022-02-28,0.07055065,XGBoost
1671,2022-02-28,0.26013196,XGBoost
16710,2022-02-28,0.22381397,XGBoost
16711,2022-02-28,0.078968145,XGBoost
16712,2022-02-28,0.21517295,XGBoost
16713,2022-02-28,0.07424275,XGBoost
16714,2022-02-28,0.08402202,XGBoost
16715,2022-02-28,0.23777261,XGBoost
16716,2022-02-28,0.08577695,XGBoost
16717,2022-02-28,0.20967008,XGBoost
16718,2022-02-28,0.08288724,XGBoost
16719,2022-02-28,0.25346565,XGBoost
1672,2022-02-28,0.22419634,XGBoost
16720,2022-02-28,0.08520029,XGBoost
16721,2022-02-28,0.085916005,XGBoost
16722,2022-02-28,0.23883629,XGBoost
16723,2022-02-28,0.23734988,XGBoost
16724,2022-02-28,0.0857505,XGBoost
16725,2022-02-28,0.25708643,XGBoost
16726,2022-02-28,0.08169776,XGBoost
16727,2022-02-28,0.2403917,XGBoost
16728,2022-02-28,0.23476861,XGBoost
16729,2022-02-28,0.08346545,XGBoost
1673,2022-02-28,0.08522385,XGBoost
16730,2022-02-28,0.07039975,XGBoost
16731,2022-02-28,0.07785058,XGBoost
16732,2022-02-28,0.06665199,XGBoost
16733,2022-02-28,0.08312731,XGBoost
16734,2022-02-28,0.07817918,XGBoost
16735,2022-02-28,0.2217017,XGBoost
16736,2022-02-28,0.07872971,XGBoost
16737,2022-02-28,0.08001395,XGBoost
16738,2022-02-28,0.0768293,XGBoost
16739,2022-02-28,0.11956147,XGBoost
1674,2022-02-28,0.078680135,XGBoost
16740,2022-02-28,0.07061733,XGBoost
16741,2022-02-28,0.08824254,XGBoost
16742,2022-02-28,0.082211755,XGBoost
16743,2022-02-28,0.08555737,XGBoost
16744,2022-02-28,0.081433654,XGBoost
16745,2022-02-28,0.06923105,XGBoost
16746,2022-02-28,0.19837408,XGBoost
16747,2022-02-28,0.080155894,XGBoost
16748,2022-02-28,0.08654412,XGBoost
16749,2022-02-28,0.08258446,XGBoost
1675,2022-02-28,0.08669621,XGBoost
16750,2022-02-28,0.20305692,XGBoost
16751,2022-02-28,0.08167783,XGBoost
16752,2022-02-28,0.21549332,XGBoost
16753,2022-02-28,0.07775308,XGBoost
16754,2022-02-28,0.08523815,XGBoost
16755,2022-02-28,0.23992805,XGBoost
16756,2022-02-28,0.08387261,XGBoost
16757,2022-02-28,0.06499382,XGBoost
16758,2022-02-28,0.07065382,XGBoost
16759,2022-02-28,0.086030215,XGBoost
1676,2022-02-28,0.08126038,XGBoost
16760,2022-02-28,0.0729391,XGBoost
16761,2022-02-28,0.08394244,XGBoost
16762,2022-02-28,0.23471615,XGBoost
16763,2022-02-28,0.0880236,XGBoost
16764,2022-02-28,0.082847126,XGBoost
16765,2022-02-28,0.079629414,XGBoost
16766,2022-02-28,0.081980385,XGBoost
16767,2022-02-28,0.23144615,XGBoost
16768,2022-02-28,0.07064163,XGBoost
16769,2022-02-28,0.08704482,XGBoost
1677,2022-02-28,0.23374201,XGBoost
16770,2022-02-28,0.2313157,XGBoost
16771,2022-02-28,0.25688156,XGBoost
16772,2022-02-28,0.21397245,XGBoost
16773,2022-02-28,0.2384139,XGBoost
16774,2022-02-28,0.2482718,XGBoost
16775,2022-02-28,0.21809098,XGBoost
16776,2022-02-28,0.082245134,XGBoost
16777,2022-02-28,0.23676825,XGBoost
16778,2022-02-28,0.22629973,XGBoost
16779,2022-02-28,0.20637663,XGBoost
1678,2022-02-28,0.21973968,XGBoost
16780,2022-02-28,0.22885722,XGBoost
16781,2022-02-28,0.2671791,XGBoost
16782,2022-02-28,0.25756133,XGBoost
16783,2022-02-28,0.07091975,XGBoost
16784,2022-02-28,0.08312117,XGBoost
16785,2022-02-28,0.08230148,XGBoost
16786,2022-02-28,0.07189834,XGBoost
16787,2022-02-28,0.23882402,XGBoost
16788,2022-02-28,0.079307824,XGBoost
16789,2022-02-28,0.23341148,XGBoost
1679,2022-02-28,0.07180488,XGBoost
16790,2022-02-28,0.07812975,XGBoost
16791,2022-02-28,0.23006625,XGBoost
16792,2022-02-28,0.07160209,XGBoost
16793,2022-02-28,0.08305247,XGBoost
16794,2022-02-28,0.08723116,XGBoost
16795,2022-02-28,0.06887518,XGBoost
16796,2022-02-28,0.22880207,XGBoost
16797,2022-02-28,0.07285435,XGBoost
16798,2022-02-28,0.22536838,XGBoost
16799,2022-02-28,0.086102195,XGBoost
168,2022-02-28,0.08143783,XGBoost
1680,2022-02-28,0.083293565,XGBoost
16800,2022-02-28,0.24440056,XGBoost
16801,2022-02-28,0.23994605,XGBoost
16802,2022-02-28,0.24581425,XGBoost
16803,2022-02-28,0.23867431,XGBoost
16804,2022-02-28,0.086744435,XGBoost
16805,2022-02-28,0.2350958,XGBoost
16806,2022-02-28,0.07968741,XGBoost
16807,2022-02-28,0.22917111,XGBoost
16808,2022-02-28,0.22990859,XGBoost
16809,2022-02-28,0.083343364,XGBoost
1681,2022-02-28,0.21810529,XGBoost
16810,2022-02-28,0.25425452,XGBoost
16811,2022-02-28,0.2293537,XGBoost
16812,2022-02-28,0.2159252,XGBoost
16813,2022-02-28,0.085834354,XGBoost
16814,2022-02-28,0.08633775,XGBoost
16815,2022-02-28,0.0855997,XGBoost
16816,2022-02-28,0.07353097,XGBoost
16817,2022-02-28,0.22996607,XGBoost
16818,2022-02-28,0.24768065,XGBoost
16819,2022-02-28,0.07863015,XGBoost
1682,2022-02-28,0.2004071,XGBoost
16820,2022-02-28,0.077104524,XGBoost
16821,2022-02-28,0.086957745,XGBoost
16822,2022-02-28,0.08425739,XGBoost
16823,2022-02-28,0.08409294,XGBoost
16824,2022-02-28,0.23070244,XGBoost
16825,2022-02-28,0.07749917,XGBoost
16826,2022-02-28,0.2065733,XGBoost
16827,2022-02-28,0.20144533,XGBoost
16828,2022-02-28,0.22800587,XGBoost
16829,2022-02-28,0.21633147,XGBoost
1683,2022-02-28,0.21398646,XGBoost
16830,2022-02-28,0.085868,XGBoost
16831,2022-02-28,0.23328793,XGBoost
16832,2022-02-28,0.08338407,XGBoost
16833,2022-02-28,0.08221955,XGBoost
16834,2022-02-28,0.22482221,XGBoost
16835,2022-02-28,0.23757957,XGBoost
16836,2022-02-28,0.21565199,XGBoost
16837,2022-02-28,0.076148,XGBoost
16838,2022-02-28,0.08484701,XGBoost
16839,2022-02-28,0.23391291,XGBoost
1684,2022-02-28,0.22335446,XGBoost
16840,2022-02-28,0.072974056,XGBoost
16841,2022-02-28,0.07382794,XGBoost
16842,2022-02-28,0.22898138,XGBoost
16843,2022-02-28,0.07795679,XGBoost
16844,2022-02-28,0.23454024,XGBoost
16845,2022-02-28,0.08114319,XGBoost
16846,2022-02-28,0.07696642,XGBoost
16847,2022-02-28,0.20654225,XGBoost
16848,2022-02-28,0.2319502,XGBoost
16849,2022-02-28,0.086463906,XGBoost
1685,2022-02-28,0.08724545,XGBoost
16850,2022-02-28,0.22932747,XGBoost
16851,2022-02-28,0.08325315,XGBoost
16852,2022-02-28,0.08526751,XGBoost
16853,2022-02-28,0.08167188,XGBoost
16854,2022-02-28,0.08402755,XGBoost
16855,2022-02-28,0.078505166,XGBoost
16856,2022-02-28,0.22849077,XGBoost
16857,2022-02-28,0.07616676,XGBoost
16858,2022-02-28,0.24467319,XGBoost
16859,2022-02-28,0.08583114,XGBoost
1686,2022-02-28,0.22592938,XGBoost
16860,2022-02-28,0.21632119,XGBoost
16861,2022-02-28,0.24818328,XGBoost
16862,2022-02-28,0.08509258,XGBoost
16863,2022-02-28,0.06955694,XGBoost
16864,2022-02-28,0.07226033,XGBoost
16865,2022-02-28,0.07991885,XGBoost
16866,2022-02-28,0.23399095,XGBoost
16867,2022-02-28,0.09041628,XGBoost
16868,2022-02-28,0.24795133,XGBoost
16869,2022-02-28,0.08419101,XGBoost
1687,2022-02-28,0.2390722,XGBoost
16870,2022-02-28,0.070569724,XGBoost
16871,2022-02-28,0.07685341,XGBoost
16872,2022-02-28,0.23272862,XGBoost
16873,2022-02-28,0.08469649,XGBoost
16874,2022-02-28,0.21940513,XGBoost
16875,2022-02-28,0.082314245,XGBoost
16876,2022-02-28,0.2280508,XGBoost
16877,2022-02-28,0.08498588,XGBoost
16878,2022-02-28,0.08117511,XGBoost
16879,2022-02-28,0.21767451,XGBoost
1688,2022-02-28,0.2254764,XGBoost
16880,2022-02-28,0.081440315,XGBoost
16881,2022-02-28,0.23041369,XGBoost
16882,2022-02-28,0.07814766,XGBoost
16883,2022-02-28,0.20944342,XGBoost
16884,2022-02-28,0.21614832,XGBoost
16885,2022-02-28,0.083087154,XGBoost
16886,2022-02-28,0.1951872,XGBoost
16887,2022-02-28,0.081213824,XGBoost
16888,2022-02-28,0.08280799,XGBoost
16889,2022-02-28,0.24279006,XGBoost
1689,2022-02-28,0.22190078,XGBoost
16890,2022-02-28,0.082897455,XGBoost
16891,2022-02-28,0.21589865,XGBoost
16892,2022-02-28,0.21694228,XGBoost
16893,2022-02-28,0.07616013,XGBoost
16894,2022-02-28,0.2470603,XGBoost
16895,2022-02-28,0.24312304,XGBoost
16896,2022-02-28,0.21854387,XGBoost
16897,2022-02-28,0.22709696,XGBoost
16898,2022-02-28,0.084724575,XGBoost
16899,2022-02-28,0.08102942,XGBoost
169,2022-02-28,0.25060248,XGBoost
1690,2022-02-28,0.22100028,XGBoost
16900,2022-02-28,0.08554573,XGBoost
16901,2022-02-28,0.22395653,XGBoost
16902,2022-02-28,0.08007844,XGBoost
16903,2022-02-28,0.07760124,XGBoost
16904,2022-02-28,0.22077823,XGBoost
16905,2022-02-28,0.080567196,XGBoost
16906,2022-02-28,0.08383125,XGBoost
16907,2022-02-28,0.08393045,XGBoost
16908,2022-02-28,0.2404867,XGBoost
16909,2022-02-28,0.0823003,XGBoost
1691,2022-02-28,0.22922906,XGBoost
16910,2022-02-28,0.2466865,XGBoost
16911,2022-02-28,0.20616876,XGBoost
16912,2022-02-28,0.21432409,XGBoost
16913,2022-02-28,0.22359231,XGBoost
16914,2022-02-28,0.08651562,XGBoost
16915,2022-02-28,0.23964953,XGBoost
16916,2022-02-28,0.2308509,XGBoost
16917,2022-02-28,0.2515517,XGBoost
16918,2022-02-28,0.08345483,XGBoost
16919,2022-02-28,0.070469454,XGBoost
1692,2022-02-28,0.08420245,XGBoost
16920,2022-02-28,0.2343214,XGBoost
16921,2022-02-28,0.07950572,XGBoost
16922,2022-02-28,0.08304897,XGBoost
16923,2022-02-28,0.23428756,XGBoost
16924,2022-02-28,0.080884874,XGBoost
16925,2022-02-28,0.08971345,XGBoost
16926,2022-02-28,0.22309725,XGBoost
16927,2022-02-28,0.070647486,XGBoost
16928,2022-02-28,0.23747765,XGBoost
16929,2022-02-28,0.22361131,XGBoost
1693,2022-02-28,0.079799555,XGBoost
16930,2022-02-28,0.08560626,XGBoost
16931,2022-02-28,0.08007432,XGBoost
16932,2022-02-28,0.08481788,XGBoost
16933,2022-02-28,0.08425289,XGBoost
16934,2022-02-28,0.23685896,XGBoost
16935,2022-02-28,0.085661426,XGBoost
16936,2022-02-28,0.21661218,XGBoost
16937,2022-02-28,0.22381915,XGBoost
16938,2022-02-28,0.21186918,XGBoost
16939,2022-02-28,0.078505054,XGBoost
1694,2022-02-28,0.088338524,XGBoost
16940,2022-02-28,0.07743598,XGBoost
16941,2022-02-28,0.09044238,XGBoost
16942,2022-02-28,0.23329712,XGBoost
16943,2022-02-28,0.08308064,XGBoost
16944,2022-02-28,0.07985115,XGBoost
16945,2022-02-28,0.08442907,XGBoost
16946,2022-02-28,0.24437523,XGBoost
16947,2022-02-28,0.2534876,XGBoost
16948,2022-02-28,0.0871499,XGBoost
16949,2022-02-28,0.22969623,XGBoost
1695,2022-02-28,0.07106639,XGBoost
16950,2022-02-28,0.079825744,XGBoost
16951,2022-02-28,0.08018074,XGBoost
16952,2022-02-28,0.08017139,XGBoost
16953,2022-02-28,0.084147155,XGBoost
16954,2022-02-28,0.21672772,XGBoost
16955,2022-02-28,0.08415835,XGBoost
16956,2022-02-28,0.07001568,XGBoost
16957,2022-02-28,0.087952174,XGBoost
16958,2022-02-28,0.0820676,XGBoost
16959,2022-02-28,0.083567254,XGBoost
1696,2022-02-28,0.2538561,XGBoost
16960,2022-02-28,0.086333916,XGBoost
16961,2022-02-28,0.24721651,XGBoost
16962,2022-02-28,0.21647921,XGBoost
16963,2022-02-28,0.083973244,XGBoost
16964,2022-02-28,0.07852156,XGBoost
16965,2022-02-28,0.088697895,XGBoost
16966,2022-02-28,0.08607632,XGBoost
16967,2022-02-28,0.08408111,XGBoost
16968,2022-02-28,0.07852175,XGBoost
16969,2022-02-28,0.08402391,XGBoost
1697,2022-02-28,0.22757576,XGBoost
16970,2022-02-28,0.08555256,XGBoost
16971,2022-02-28,0.086401515,XGBoost
16972,2022-02-28,0.085201316,XGBoost
16973,2022-02-28,0.07897651,XGBoost
16974,2022-02-28,0.087174736,XGBoost
16975,2022-02-28,0.084769025,XGBoost
16976,2022-02-28,0.25823686,XGBoost
16977,2022-02-28,0.08452345,XGBoost
16978,2022-02-28,0.21164916,XGBoost
16979,2022-02-28,0.087417416,XGBoost
1698,2022-02-28,0.20789841,XGBoost
16980,2022-02-28,0.084054135,XGBoost
16981,2022-02-28,0.07646701,XGBoost
16982,2022-02-28,0.07341465,XGBoost
16983,2022-02-28,0.24958263,XGBoost
16984,2022-02-28,0.07863431,XGBoost
16985,2022-02-28,0.07733182,XGBoost
16986,2022-02-28,0.22735228,XGBoost
16987,2022-02-28,0.2249027,XGBoost
16988,2022-02-28,0.08056479,XGBoost
16989,2022-02-28,0.085923046,XGBoost
1699,2022-02-28,0.077609174,XGBoost
16990,2022-02-28,0.23104906,XGBoost
16991,2022-02-28,0.08339855,XGBoost
16992,2022-02-28,0.23845878,XGBoost
16993,2022-02-28,0.08394487,XGBoost
16994,2022-02-28,0.07251514,XGBoost
16995,2022-02-28,0.065299205,XGBoost
16996,2022-02-28,0.08023923,XGBoost
16997,2022-02-28,0.081473485,XGBoost
16998,2022-02-28,0.07002536,XGBoost
16999,2022-02-28,0.22017239,XGBoost
17,2022-02-28,0.0809238,XGBoost
170,2022-02-28,0.21877803,XGBoost
1700,2022-02-28,0.06527499,XGBoost
17000,2022-02-28,0.08179184,XGBoost
17001,2022-02-28,0.080680475,XGBoost
17002,2022-02-28,0.0684165,XGBoost
17003,2022-02-28,0.23639192,XGBoost
17004,2022-02-28,0.08610795,XGBoost
17005,2022-02-28,0.076371096,XGBoost
17006,2022-02-28,0.08507747,XGBoost
17007,2022-02-28,0.08616357,XGBoost
17008,2022-02-28,0.085365966,XGBoost
17009,2022-02-28,0.23521613,XGBoost
1701,2022-02-28,0.21082874,XGBoost
17010,2022-02-28,0.07199336,XGBoost
17011,2022-02-28,0.08372944,XGBoost
17012,2022-02-28,0.07908458,XGBoost
17013,2022-02-28,0.08023627,XGBoost
17014,2022-02-28,0.22731166,XGBoost
17015,2022-02-28,0.2502544,XGBoost
17016,2022-02-28,0.0822235,XGBoost
17017,2022-02-28,0.081286825,XGBoost
17018,2022-02-28,0.081963256,XGBoost
17019,2022-02-28,0.088009454,XGBoost
1702,2022-02-28,0.21887945,XGBoost
17020,2022-02-28,0.07851793,XGBoost
17021,2022-02-28,0.07116344,XGBoost
17022,2022-02-28,0.0824481,XGBoost
17023,2022-02-28,0.08750708,XGBoost
17024,2022-02-28,0.23382483,XGBoost
17025,2022-02-28,0.08472562,XGBoost
17026,2022-02-28,0.22564603,XGBoost
17027,2022-02-28,0.23803073,XGBoost
17028,2022-02-28,0.0846236,XGBoost
17029,2022-02-28,0.08389438,XGBoost
1703,2022-02-28,0.073732555,XGBoost
17030,2022-02-28,0.20791638,XGBoost
17031,2022-02-28,0.08697792,XGBoost
17032,2022-02-28,0.07187774,XGBoost
17033,2022-02-28,0.2191183,XGBoost
17034,2022-02-28,0.07269501,XGBoost
17035,2022-02-28,0.2238528,XGBoost
17036,2022-02-28,0.08362292,XGBoost
17037,2022-02-28,0.085559666,XGBoost
17038,2022-02-28,0.06305942,XGBoost
17039,2022-02-28,0.21750443,XGBoost
1704,2022-02-28,0.085922875,XGBoost
17040,2022-02-28,0.22843419,XGBoost
17041,2022-02-28,0.22151132,XGBoost
17042,2022-02-28,0.07862866,XGBoost
17043,2022-02-28,0.07820171,XGBoost
17044,2022-02-28,0.08023525,XGBoost
17045,2022-02-28,0.08158605,XGBoost
17046,2022-02-28,0.079196654,XGBoost
17047,2022-02-28,0.20881785,XGBoost
17048,2022-02-28,0.08293529,XGBoost
17049,2022-02-28,0.22842482,XGBoost
1705,2022-02-28,0.081190914,XGBoost
17050,2022-02-28,0.082744606,XGBoost
17051,2022-02-28,0.07091475,XGBoost
17052,2022-02-28,0.07283469,XGBoost
17053,2022-02-28,0.08529308,XGBoost
17054,2022-02-28,0.08173249,XGBoost
17055,2022-02-28,0.08381347,XGBoost
17056,2022-02-28,0.08440169,XGBoost
17057,2022-02-28,0.23670368,XGBoost
17058,2022-02-28,0.24289751,XGBoost
17059,2022-02-28,0.08380691,XGBoost
1706,2022-02-28,0.07289932,XGBoost
17060,2022-02-28,0.08009324,XGBoost
17061,2022-02-28,0.22596166,XGBoost
17062,2022-02-28,0.08082229,XGBoost
17063,2022-02-28,0.08275958,XGBoost
17064,2022-02-28,0.24027655,XGBoost
17065,2022-02-28,0.21343237,XGBoost
17066,2022-02-28,0.06843336,XGBoost
17067,2022-02-28,0.08572194,XGBoost
17068,2022-02-28,0.24346691,XGBoost
17069,2022-02-28,0.23368104,XGBoost
1707,2022-02-28,0.23595779,XGBoost
17070,2022-02-28,0.22989205,XGBoost
17071,2022-02-28,0.25077733,XGBoost
17072,2022-02-28,0.08531628,XGBoost
17073,2022-02-28,0.07851048,XGBoost
17074,2022-02-28,0.24572967,XGBoost
17075,2022-02-28,0.07928076,XGBoost
17076,2022-02-28,0.23992632,XGBoost
17077,2022-02-28,0.08800963,XGBoost
17078,2022-02-28,0.0795671,XGBoost
17079,2022-02-28,0.08298788,XGBoost
1708,2022-02-28,0.21344677,XGBoost
17080,2022-02-28,0.08178217,XGBoost
17081,2022-02-28,0.085772865,XGBoost
17082,2022-02-28,0.08756069,XGBoost
17083,2022-02-28,0.08278246,XGBoost
17084,2022-02-28,0.078275725,XGBoost
17085,2022-02-28,0.23789458,XGBoost
17086,2022-02-28,0.24159536,XGBoost
17087,2022-02-28,0.22367215,XGBoost
17088,2022-02-28,0.08654789,XGBoost
17089,2022-02-28,0.08272457,XGBoost
1709,2022-02-28,0.08080391,XGBoost
17090,2022-02-28,0.080900535,XGBoost
17091,2022-02-28,0.080379345,XGBoost
17092,2022-02-28,0.08156856,XGBoost
17093,2022-02-28,0.22648773,XGBoost
17094,2022-02-28,0.08544642,XGBoost
17095,2022-02-28,0.22273538,XGBoost
17096,2022-02-28,0.22701904,XGBoost
17097,2022-02-28,0.08655442,XGBoost
17098,2022-02-28,0.070708975,XGBoost
17099,2022-02-28,0.08057897,XGBoost
171,2022-02-28,0.07693572,XGBoost
1710,2022-02-28,0.08075989,XGBoost
17100,2022-02-28,0.22844245,XGBoost
17101,2022-02-28,0.20248331,XGBoost
17102,2022-02-28,0.23054607,XGBoost
17103,2022-02-28,0.0856514,XGBoost
17104,2022-02-28,0.08692304,XGBoost
17105,2022-02-28,0.22482526,XGBoost
17106,2022-02-28,0.2387636,XGBoost
17107,2022-02-28,0.08432495,XGBoost
17108,2022-02-28,0.065509245,XGBoost
17109,2022-02-28,0.23381357,XGBoost
1711,2022-02-28,0.080252714,XGBoost
17110,2022-02-28,0.23200338,XGBoost
17111,2022-02-28,0.08307055,XGBoost
17112,2022-02-28,0.08397011,XGBoost
17113,2022-02-28,0.21468346,XGBoost
17114,2022-02-28,0.08149738,XGBoost
17115,2022-02-28,0.08104851,XGBoost
17116,2022-02-28,0.08809901,XGBoost
17117,2022-02-28,0.083767794,XGBoost
17118,2022-02-28,0.08762129,XGBoost
17119,2022-02-28,0.081149526,XGBoost
1712,2022-02-28,0.08125527,XGBoost
17120,2022-02-28,0.07720168,XGBoost
17121,2022-02-28,0.080663376,XGBoost
17122,2022-02-28,0.07028657,XGBoost
17123,2022-02-28,0.20640275,XGBoost
17124,2022-02-28,0.2107322,XGBoost
17125,2022-02-28,0.24415697,XGBoost
17126,2022-02-28,0.06992222,XGBoost
17127,2022-02-28,0.0855965,XGBoost
17128,2022-02-28,0.080905505,XGBoost
17129,2022-02-28,0.07011731,XGBoost
1713,2022-02-28,0.22309251,XGBoost
17130,2022-02-28,0.07997423,XGBoost
17131,2022-02-28,0.07797872,XGBoost
17132,2022-02-28,0.25190467,XGBoost
17133,2022-02-28,0.08612973,XGBoost
17134,2022-02-28,0.21770346,XGBoost
17135,2022-02-28,0.0813441,XGBoost
17136,2022-02-28,0.21846177,XGBoost
17137,2022-02-28,0.07094524,XGBoost
17138,2022-02-28,0.07729915,XGBoost
17139,2022-02-28,0.22142427,XGBoost
1714,2022-02-28,0.23341522,XGBoost
17140,2022-02-28,0.0700983,XGBoost
17141,2022-02-28,0.07790496,XGBoost
17142,2022-02-28,0.08546135,XGBoost
17143,2022-02-28,0.084989026,XGBoost
17144,2022-02-28,0.08690839,XGBoost
17145,2022-02-28,0.08521946,XGBoost
17146,2022-02-28,0.07630895,XGBoost
17147,2022-02-28,0.07093613,XGBoost
17148,2022-02-28,0.22676791,XGBoost
17149,2022-02-28,0.088084966,XGBoost
1715,2022-02-28,0.24301799,XGBoost
17150,2022-02-28,0.23002481,XGBoost
17151,2022-02-28,0.23144856,XGBoost
17152,2022-02-28,0.20971598,XGBoost
17153,2022-02-28,0.086292624,XGBoost
17154,2022-02-28,0.06812134,XGBoost
17155,2022-02-28,0.2242577,XGBoost
17156,2022-02-28,0.08450896,XGBoost
17157,2022-02-28,0.24678148,XGBoost
17158,2022-02-28,0.08225761,XGBoost
17159,2022-02-28,0.069506146,XGBoost
1716,2022-02-28,0.06790599,XGBoost
17160,2022-02-28,0.086571835,XGBoost
17161,2022-02-28,0.2429678,XGBoost
17162,2022-02-28,0.07293412,XGBoost
17163,2022-02-28,0.2067997,XGBoost
17164,2022-02-28,0.08339231,XGBoost
17165,2022-02-28,0.0831604,XGBoost
17166,2022-02-28,0.22414455,XGBoost
17167,2022-02-28,0.20230477,XGBoost
17168,2022-02-28,0.21861303,XGBoost
17169,2022-02-28,0.081242196,XGBoost
1717,2022-02-28,0.21469223,XGBoost
17170,2022-02-28,0.08259289,XGBoost
17171,2022-02-28,0.08557027,XGBoost
17172,2022-02-28,0.24215479,XGBoost
17173,2022-02-28,0.0805248,XGBoost
17174,2022-02-28,0.24149808,XGBoost
17175,2022-02-28,0.2220869,XGBoost
17176,2022-02-28,0.08270666,XGBoost
17177,2022-02-28,0.06838926,XGBoost
17178,2022-02-28,0.21551917,XGBoost
17179,2022-02-28,0.08385876,XGBoost
1718,2022-02-28,0.08217563,XGBoost
17180,2022-02-28,0.080965385,XGBoost
17181,2022-02-28,0.07313534,XGBoost
17182,2022-02-28,0.23855798,XGBoost
17183,2022-02-28,0.08372168,XGBoost
17184,2022-02-28,0.08476743,XGBoost
17185,2022-02-28,0.080524035,XGBoost
17186,2022-02-28,0.20805357,XGBoost
17187,2022-02-28,0.23559645,XGBoost
17188,2022-02-28,0.08629039,XGBoost
17189,2022-02-28,0.2443079,XGBoost
1719,2022-02-28,0.083389804,XGBoost
17190,2022-02-28,0.22492121,XGBoost
17191,2022-02-28,0.22535667,XGBoost
17192,2022-02-28,0.23301847,XGBoost
17193,2022-02-28,0.072362244,XGBoost
17194,2022-02-28,0.085486196,XGBoost
17195,2022-02-28,0.072345145,XGBoost
17196,2022-02-28,0.07108971,XGBoost
17197,2022-02-28,0.072674654,XGBoost
17198,2022-02-28,0.24689718,XGBoost
17199,2022-02-28,0.07180039,XGBoost
172,2022-02-28,0.21345523,XGBoost
1720,2022-02-28,0.22835995,XGBoost
17200,2022-02-28,0.22268166,XGBoost
17201,2022-02-28,0.06954102,XGBoost
17202,2022-02-28,0.23401888,XGBoost
17203,2022-02-28,0.08748307,XGBoost
17204,2022-02-28,0.20149364,XGBoost
17205,2022-02-28,0.2574626,XGBoost
17206,2022-02-28,0.22747467,XGBoost
17207,2022-02-28,0.07915341,XGBoost
17208,2022-02-28,0.07166234,XGBoost
17209,2022-02-28,0.07812781,XGBoost
1721,2022-02-28,0.23387253,XGBoost
17210,2022-02-28,0.08502791,XGBoost
17211,2022-02-28,0.082606524,XGBoost
17212,2022-02-28,0.07944688,XGBoost
17213,2022-02-28,0.06945538,XGBoost
17214,2022-02-28,0.08421911,XGBoost
17215,2022-02-28,0.07174587,XGBoost
17216,2022-02-28,0.08318433,XGBoost
17217,2022-02-28,0.070356674,XGBoost
17218,2022-02-28,0.08634866,XGBoost
17219,2022-02-28,0.08023517,XGBoost
1722,2022-02-28,0.08496865,XGBoost
17220,2022-02-28,0.24420998,XGBoost
17221,2022-02-28,0.2337608,XGBoost
17222,2022-02-28,0.22335967,XGBoost
17223,2022-02-28,0.07889053,XGBoost
17224,2022-02-28,0.2215999,XGBoost
17225,2022-02-28,0.23499608,XGBoost
17226,2022-02-28,0.08730687,XGBoost
17227,2022-02-28,0.088114135,XGBoost
17228,2022-02-28,0.08048568,XGBoost
17229,2022-02-28,0.08563176,XGBoost
1723,2022-02-28,0.22151852,XGBoost
17230,2022-02-28,0.2591646,XGBoost
17231,2022-02-28,0.071979254,XGBoost
17232,2022-02-28,0.21626073,XGBoost
17233,2022-02-28,0.08692533,XGBoost
17234,2022-02-28,0.22899996,XGBoost
17235,2022-02-28,0.2080733,XGBoost
17236,2022-02-28,0.08297512,XGBoost
17237,2022-02-28,0.07929042,XGBoost
17238,2022-02-28,0.22327028,XGBoost
17239,2022-02-28,0.22801341,XGBoost
1724,2022-02-28,0.2287666,XGBoost
17240,2022-02-28,0.080154054,XGBoost
17241,2022-02-28,0.21233496,XGBoost
17242,2022-02-28,0.08521062,XGBoost
17243,2022-02-28,0.07019236,XGBoost
17244,2022-02-28,0.22734942,XGBoost
17245,2022-02-28,0.23936589,XGBoost
17246,2022-02-28,0.08393133,XGBoost
17247,2022-02-28,0.0792319,XGBoost
17248,2022-02-28,0.08112135,XGBoost
17249,2022-02-28,0.08166261,XGBoost
1725,2022-02-28,0.07776986,XGBoost
17250,2022-02-28,0.25014523,XGBoost
17251,2022-02-28,0.083843276,XGBoost
17252,2022-02-28,0.22939453,XGBoost
17253,2022-02-28,0.0790228,XGBoost
17254,2022-02-28,0.07097147,XGBoost
17255,2022-02-28,0.08388417,XGBoost
17256,2022-02-28,0.08206238,XGBoost
17257,2022-02-28,0.0661007,XGBoost
17258,2022-02-28,0.081718326,XGBoost
17259,2022-02-28,0.21915203,XGBoost
1726,2022-02-28,0.077208295,XGBoost
17260,2022-02-28,0.24669391,XGBoost
17261,2022-02-28,0.24702981,XGBoost
17262,2022-02-28,0.0854208,XGBoost
17263,2022-02-28,0.23636073,XGBoost
17264,2022-02-28,0.22872473,XGBoost
17265,2022-02-28,0.07580302,XGBoost
17266,2022-02-28,0.07867546,XGBoost
17267,2022-02-28,0.079777494,XGBoost
17268,2022-02-28,0.21666576,XGBoost
17269,2022-02-28,0.08683993,XGBoost
1727,2022-02-28,0.21719389,XGBoost
17270,2022-02-28,0.083764054,XGBoost
17271,2022-02-28,0.06996414,XGBoost
17272,2022-02-28,0.24014114,XGBoost
17273,2022-02-28,0.08637752,XGBoost
17274,2022-02-28,0.08219503,XGBoost
17275,2022-02-28,0.07869415,XGBoost
17276,2022-02-28,0.07820642,XGBoost
17277,2022-02-28,0.07634612,XGBoost
17278,2022-02-28,0.24518564,XGBoost
17279,2022-02-28,0.08634308,XGBoost
1728,2022-02-28,0.2067481,XGBoost
17280,2022-02-28,0.084778614,XGBoost
17281,2022-02-28,0.07204988,XGBoost
17282,2022-02-28,0.21927929,XGBoost
17283,2022-02-28,0.2370447,XGBoost
17284,2022-02-28,0.08069284,XGBoost
17285,2022-02-28,0.21216734,XGBoost
17286,2022-02-28,0.07934761,XGBoost
17287,2022-02-28,0.24855635,XGBoost
17288,2022-02-28,0.06797292,XGBoost
17289,2022-02-28,0.08559743,XGBoost
1729,2022-02-28,0.23319957,XGBoost
17290,2022-02-28,0.08324939,XGBoost
17291,2022-02-28,0.22055021,XGBoost
17292,2022-02-28,0.076790914,XGBoost
17293,2022-02-28,0.082848996,XGBoost
17294,2022-02-28,0.08433337,XGBoost
17295,2022-02-28,0.22748981,XGBoost
17296,2022-02-28,0.23009056,XGBoost
17297,2022-02-28,0.2461066,XGBoost
17298,2022-02-28,0.07644245,XGBoost
17299,2022-02-28,0.24341492,XGBoost
173,2022-02-28,0.08471395,XGBoost
1730,2022-02-28,0.07719899,XGBoost
17300,2022-02-28,0.24238414,XGBoost
17301,2022-02-28,0.08381938,XGBoost
17302,2022-02-28,0.23156397,XGBoost
17303,2022-02-28,0.084874175,XGBoost
17304,2022-02-28,0.22834422,XGBoost
17305,2022-02-28,0.086956955,XGBoost
17306,2022-02-28,0.22964236,XGBoost
17307,2022-02-28,0.08365063,XGBoost
17308,2022-02-28,0.07293387,XGBoost
17309,2022-02-28,0.24310723,XGBoost
1731,2022-02-28,0.08267753,XGBoost
17310,2022-02-28,0.25354564,XGBoost
17311,2022-02-28,0.0785751,XGBoost
17312,2022-02-28,0.08881637,XGBoost
17313,2022-02-28,0.2131511,XGBoost
17314,2022-02-28,0.086368635,XGBoost
17315,2022-02-28,0.08116518,XGBoost
17316,2022-02-28,0.0771215,XGBoost
17317,2022-02-28,0.08378304,XGBoost
17318,2022-02-28,0.21982169,XGBoost
17319,2022-02-28,0.23218508,XGBoost
1732,2022-02-28,0.2397424,XGBoost
17320,2022-02-28,0.07968522,XGBoost
17321,2022-02-28,0.22251253,XGBoost
17322,2022-02-28,0.22376215,XGBoost
17323,2022-02-28,0.0840102,XGBoost
17324,2022-02-28,0.22193122,XGBoost
17325,2022-02-28,0.07540316,XGBoost
17326,2022-02-28,0.08234908,XGBoost
17327,2022-02-28,0.08532827,XGBoost
17328,2022-02-28,0.08273208,XGBoost
17329,2022-02-28,0.07685852,XGBoost
1733,2022-02-28,0.07336845,XGBoost
17330,2022-02-28,0.08845908,XGBoost
17331,2022-02-28,0.23128927,XGBoost
17332,2022-02-28,0.22459784,XGBoost
17333,2022-02-28,0.08407674,XGBoost
17334,2022-02-28,0.22011288,XGBoost
17335,2022-02-28,0.07927571,XGBoost
17336,2022-02-28,0.28274998,XGBoost
17337,2022-02-28,0.21968512,XGBoost
17338,2022-02-28,0.07420754,XGBoost
17339,2022-02-28,0.082346566,XGBoost
1734,2022-02-28,0.086904585,XGBoost
17340,2022-02-28,0.08351133,XGBoost
17341,2022-02-28,0.0835699,XGBoost
17342,2022-02-28,0.08527062,XGBoost
17343,2022-02-28,0.07863143,XGBoost
17344,2022-02-28,0.2549406,XGBoost
17345,2022-02-28,0.24728663,XGBoost
17346,2022-02-28,0.08262063,XGBoost
17347,2022-02-28,0.084785625,XGBoost
17348,2022-02-28,0.24250041,XGBoost
17349,2022-02-28,0.0843204,XGBoost
1735,2022-02-28,0.08279654,XGBoost
17350,2022-02-28,0.25122494,XGBoost
17351,2022-02-28,0.21620443,XGBoost
17352,2022-02-28,0.08544897,XGBoost
17353,2022-02-28,0.083411105,XGBoost
17354,2022-02-28,0.077394955,XGBoost
17355,2022-02-28,0.22645539,XGBoost
17356,2022-02-28,0.2211733,XGBoost
17357,2022-02-28,0.23546055,XGBoost
17358,2022-02-28,0.08168598,XGBoost
17359,2022-02-28,0.069984935,XGBoost
1736,2022-02-28,0.07329025,XGBoost
17360,2022-02-28,0.0852791,XGBoost
17361,2022-02-28,0.07655481,XGBoost
17362,2022-02-28,0.25053886,XGBoost
17363,2022-02-28,0.07800804,XGBoost
17364,2022-02-28,0.08185755,XGBoost
17365,2022-02-28,0.22996122,XGBoost
17366,2022-02-28,0.07905593,XGBoost
17367,2022-02-28,0.22765876,XGBoost
17368,2022-02-28,0.08319505,XGBoost
17369,2022-02-28,0.080431685,XGBoost
1737,2022-02-28,0.081613615,XGBoost
17370,2022-02-28,0.22259423,XGBoost
17371,2022-02-28,0.07688699,XGBoost
17372,2022-02-28,0.08179697,XGBoost
17373,2022-02-28,0.08394216,XGBoost
17374,2022-02-28,0.08040472,XGBoost
17375,2022-02-28,0.084415086,XGBoost
17376,2022-02-28,0.07781692,XGBoost
17377,2022-02-28,0.081775546,XGBoost
17378,2022-02-28,0.08250775,XGBoost
17379,2022-02-28,0.08553426,XGBoost
1738,2022-02-28,0.07477049,XGBoost
17380,2022-02-28,0.065087445,XGBoost
17381,2022-02-28,0.077622525,XGBoost
17382,2022-02-28,0.23780787,XGBoost
17383,2022-02-28,0.23430005,XGBoost
17384,2022-02-28,0.0777221,XGBoost
17385,2022-02-28,0.07961272,XGBoost
17386,2022-02-28,0.20775501,XGBoost
17387,2022-02-28,0.08292556,XGBoost
17388,2022-02-28,0.21513465,XGBoost
17389,2022-02-28,0.080406256,XGBoost
1739,2022-02-28,0.08437333,XGBoost
17390,2022-02-28,0.08576888,XGBoost
17391,2022-02-28,0.08446404,XGBoost
17392,2022-02-28,0.25619936,XGBoost
17393,2022-02-28,0.08690206,XGBoost
17394,2022-02-28,0.08388428,XGBoost
17395,2022-02-28,0.21700077,XGBoost
17396,2022-02-28,0.08609387,XGBoost
17397,2022-02-28,0.08298826,XGBoost
17398,2022-02-28,0.2326761,XGBoost
17399,2022-02-28,0.07727476,XGBoost
174,2022-02-28,0.07446455,XGBoost
1740,2022-02-28,0.23606676,XGBoost
17400,2022-02-28,0.08266378,XGBoost
17401,2022-02-28,0.22425346,XGBoost
17402,2022-02-28,0.07976442,XGBoost
17403,2022-02-28,0.22952424,XGBoost
17404,2022-02-28,0.079002835,XGBoost
17405,2022-02-28,0.067531966,XGBoost
17406,2022-02-28,0.080610536,XGBoost
17407,2022-02-28,0.08250466,XGBoost
17408,2022-02-28,0.0844185,XGBoost
17409,2022-02-28,0.07919319,XGBoost
1741,2022-02-28,0.07078991,XGBoost
17410,2022-02-28,0.21374829,XGBoost
17411,2022-02-28,0.072988346,XGBoost
17412,2022-02-28,0.24824606,XGBoost
17413,2022-02-28,0.08119826,XGBoost
17414,2022-02-28,0.24700306,XGBoost
17415,2022-02-28,0.08287193,XGBoost
17416,2022-02-28,0.083689824,XGBoost
17417,2022-02-28,0.0839808,XGBoost
17418,2022-02-28,0.0887893,XGBoost
17419,2022-02-28,0.08308684,XGBoost
1742,2022-02-28,0.24962717,XGBoost
17420,2022-02-28,0.083882935,XGBoost
17421,2022-02-28,0.084245026,XGBoost
17422,2022-02-28,0.26559326,XGBoost
17423,2022-02-28,0.21519935,XGBoost
17424,2022-02-28,0.26088658,XGBoost
17425,2022-02-28,0.24153814,XGBoost
17426,2022-02-28,0.082623035,XGBoost
17427,2022-02-28,0.24576482,XGBoost
17428,2022-02-28,0.22543429,XGBoost
17429,2022-02-28,0.078819916,XGBoost
1743,2022-02-28,0.08304551,XGBoost
17430,2022-02-28,0.21133812,XGBoost
17431,2022-02-28,0.07996159,XGBoost
17432,2022-02-28,0.23546532,XGBoost
17433,2022-02-28,0.078725465,XGBoost
17434,2022-02-28,0.076985694,XGBoost
17435,2022-02-28,0.07910913,XGBoost
17436,2022-02-28,0.081020676,XGBoost
17437,2022-02-28,0.22091973,XGBoost
17438,2022-02-28,0.22871354,XGBoost
17439,2022-02-28,0.21842302,XGBoost
1744,2022-02-28,0.0719267,XGBoost
17440,2022-02-28,0.07821934,XGBoost
17441,2022-02-28,0.08006366,XGBoost
17442,2022-02-28,0.23912011,XGBoost
17443,2022-02-28,0.075298145,XGBoost
17444,2022-02-28,0.082942404,XGBoost
17445,2022-02-28,0.08323366,XGBoost
17446,2022-02-28,0.08122145,XGBoost
17447,2022-02-28,0.08214902,XGBoost
17448,2022-02-28,0.08657757,XGBoost
17449,2022-02-28,0.08449217,XGBoost
1745,2022-02-28,0.20941229,XGBoost
17450,2022-02-28,0.0751213,XGBoost
17451,2022-02-28,0.083450496,XGBoost
17452,2022-02-28,0.08396482,XGBoost
17453,2022-02-28,0.2265149,XGBoost
17454,2022-02-28,0.17531578,XGBoost
17455,2022-02-28,0.08525222,XGBoost
17456,2022-02-28,0.20694268,XGBoost
17457,2022-02-28,0.08413083,XGBoost
17458,2022-02-28,0.084719546,XGBoost
17459,2022-02-28,0.22110565,XGBoost
1746,2022-02-28,0.24146622,XGBoost
17460,2022-02-28,0.08352345,XGBoost
17461,2022-02-28,0.08371828,XGBoost
17462,2022-02-28,0.07157608,XGBoost
17463,2022-02-28,0.08586818,XGBoost
17464,2022-02-28,0.08683383,XGBoost
17465,2022-02-28,0.08722835,XGBoost
17466,2022-02-28,0.088868596,XGBoost
17467,2022-02-28,0.07794875,XGBoost
17468,2022-02-28,0.08491562,XGBoost
17469,2022-02-28,0.21365462,XGBoost
1747,2022-02-28,0.25243968,XGBoost
17470,2022-02-28,0.07627999,XGBoost
17471,2022-02-28,0.08642379,XGBoost
17472,2022-02-28,0.072519876,XGBoost
17473,2022-02-28,0.22121976,XGBoost
17474,2022-02-28,0.08058368,XGBoost
17475,2022-02-28,0.08380571,XGBoost
17476,2022-02-28,0.08603861,XGBoost
17477,2022-02-28,0.070956714,XGBoost
17478,2022-02-28,0.06750444,XGBoost
17479,2022-02-28,0.23362441,XGBoost
1748,2022-02-28,0.08337084,XGBoost
17480,2022-02-28,0.23357366,XGBoost
17481,2022-02-28,0.22017305,XGBoost
17482,2022-02-28,0.07352275,XGBoost
17483,2022-02-28,0.22588545,XGBoost
17484,2022-02-28,0.2307759,XGBoost
17485,2022-02-28,0.21366341,XGBoost
17486,2022-02-28,0.23491997,XGBoost
17487,2022-02-28,0.0741481,XGBoost
17488,2022-02-28,0.26195005,XGBoost
17489,2022-02-28,0.082284875,XGBoost
1749,2022-02-28,0.07613258,XGBoost
17490,2022-02-28,0.23088434,XGBoost
17491,2022-02-28,0.22620285,XGBoost
17492,2022-02-28,0.21848659,XGBoost
17493,2022-02-28,0.082604855,XGBoost
17494,2022-02-28,0.08319482,XGBoost
17495,2022-02-28,0.08620052,XGBoost
17496,2022-02-28,0.08704328,XGBoost
17497,2022-02-28,0.07146015,XGBoost
17498,2022-02-28,0.08627635,XGBoost
17499,2022-02-28,0.086440966,XGBoost
175,2022-02-28,0.08261436,XGBoost
1750,2022-02-28,0.08057606,XGBoost
17500,2022-02-28,0.23390351,XGBoost
17501,2022-02-28,0.22918484,XGBoost
17502,2022-02-28,0.08557752,XGBoost
17503,2022-02-28,0.21781103,XGBoost
17504,2022-02-28,0.24466811,XGBoost
17505,2022-02-28,0.20962007,XGBoost
17506,2022-02-28,0.22329952,XGBoost
17507,2022-02-28,0.08889441,XGBoost
17508,2022-02-28,0.08487205,XGBoost
17509,2022-02-28,0.08389452,XGBoost
1751,2022-02-28,0.22287185,XGBoost
17510,2022-02-28,0.21797654,XGBoost
17511,2022-02-28,0.070515,XGBoost
17512,2022-02-28,0.21667655,XGBoost
17513,2022-02-28,0.06441288,XGBoost
17514,2022-02-28,0.20658064,XGBoost
17515,2022-02-28,0.07985739,XGBoost
17516,2022-02-28,0.22221038,XGBoost
17517,2022-02-28,0.20221977,XGBoost
17518,2022-02-28,0.22342753,XGBoost
17519,2022-02-28,0.08214309,XGBoost
1752,2022-02-28,0.2367556,XGBoost
17520,2022-02-28,0.22367069,XGBoost
17521,2022-02-28,0.08395861,XGBoost
17522,2022-02-28,0.09004378,XGBoost
17523,2022-02-28,0.083559304,XGBoost
17524,2022-02-28,0.0807053,XGBoost
17525,2022-02-28,0.21864466,XGBoost
17526,2022-02-28,0.072968476,XGBoost
17527,2022-02-28,0.24900222,XGBoost
17528,2022-02-28,0.08305934,XGBoost
17529,2022-02-28,0.213124,XGBoost
1753,2022-02-28,0.07209435,XGBoost
17530,2022-02-28,0.06828559,XGBoost
17531,2022-02-28,0.22930668,XGBoost
17532,2022-02-28,0.23255077,XGBoost
17533,2022-02-28,0.08443924,XGBoost
17534,2022-02-28,0.21591082,XGBoost
17535,2022-02-28,0.07887227,XGBoost
17536,2022-02-28,0.08469678,XGBoost
17537,2022-02-28,0.06209356,XGBoost
17538,2022-02-28,0.08546994,XGBoost
17539,2022-02-28,0.23643151,XGBoost
1754,2022-02-28,0.084289744,XGBoost
17540,2022-02-28,0.08678754,XGBoost
17541,2022-02-28,0.24615648,XGBoost
17542,2022-02-28,0.21767582,XGBoost
17543,2022-02-28,0.07374609,XGBoost
17544,2022-02-28,0.07305393,XGBoost
17545,2022-02-28,0.23788403,XGBoost
17546,2022-02-28,0.0789336,XGBoost
17547,2022-02-28,0.22928247,XGBoost
17548,2022-02-28,0.08205351,XGBoost
17549,2022-02-28,0.20541325,XGBoost
1755,2022-02-28,0.08587368,XGBoost
17550,2022-02-28,0.0860039,XGBoost
17551,2022-02-28,0.08616962,XGBoost
17552,2022-02-28,0.119076386,XGBoost
17553,2022-02-28,0.08319124,XGBoost
17554,2022-02-28,0.07839494,XGBoost
17555,2022-02-28,0.08237921,XGBoost
17556,2022-02-28,0.08652504,XGBoost
17557,2022-02-28,0.21981727,XGBoost
17558,2022-02-28,0.2408841,XGBoost
17559,2022-02-28,0.08311041,XGBoost
1756,2022-02-28,0.08174039,XGBoost
17560,2022-02-28,0.20829594,XGBoost
17561,2022-02-28,0.20822097,XGBoost
17562,2022-02-28,0.085854225,XGBoost
17563,2022-02-28,0.070390806,XGBoost
17564,2022-02-28,0.07738938,XGBoost
17565,2022-02-28,0.22906154,XGBoost
17566,2022-02-28,0.08837176,XGBoost
17567,2022-02-28,0.0834421,XGBoost
17568,2022-02-28,0.22865191,XGBoost
17569,2022-02-28,0.24085149,XGBoost
1757,2022-02-28,0.21671891,XGBoost
17570,2022-02-28,0.078503296,XGBoost
17571,2022-02-28,0.23673615,XGBoost
17572,2022-02-28,0.21636322,XGBoost
17573,2022-02-28,0.2224057,XGBoost
17574,2022-02-28,0.07890419,XGBoost
17575,2022-02-28,0.076436326,XGBoost
17576,2022-02-28,0.22737423,XGBoost
17577,2022-02-28,0.072882675,XGBoost
17578,2022-02-28,0.2527659,XGBoost
17579,2022-02-28,0.07071781,XGBoost
1758,2022-02-28,0.083188355,XGBoost
17580,2022-02-28,0.080621734,XGBoost
17581,2022-02-28,0.22944055,XGBoost
17582,2022-02-28,0.08077167,XGBoost
17583,2022-02-28,0.22162804,XGBoost
17584,2022-02-28,0.08322802,XGBoost
17585,2022-02-28,0.07733642,XGBoost
17586,2022-02-28,0.07035878,XGBoost
17587,2022-02-28,0.2488505,XGBoost
17588,2022-02-28,0.21666124,XGBoost
17589,2022-02-28,0.08551017,XGBoost
1759,2022-02-28,0.25113904,XGBoost
17590,2022-02-28,0.08026468,XGBoost
17591,2022-02-28,0.2199589,XGBoost
17592,2022-02-28,0.08254207,XGBoost
17593,2022-02-28,0.19587557,XGBoost
17594,2022-02-28,0.21526825,XGBoost
17595,2022-02-28,0.07989947,XGBoost
17596,2022-02-28,0.084776945,XGBoost
17597,2022-02-28,0.22716261,XGBoost
17598,2022-02-28,0.08180998,XGBoost
17599,2022-02-28,0.08637612,XGBoost
176,2022-02-28,0.08564339,XGBoost
1760,2022-02-28,0.07471507,XGBoost
17600,2022-02-28,0.08287221,XGBoost
17601,2022-02-28,0.22066823,XGBoost
17602,2022-02-28,0.08223985,XGBoost
17603,2022-02-28,0.08724028,XGBoost
17604,2022-02-28,0.24575704,XGBoost
17605,2022-02-28,0.07060193,XGBoost
17606,2022-02-28,0.07100697,XGBoost
17607,2022-02-28,0.07083059,XGBoost
17608,2022-02-28,0.076693,XGBoost
17609,2022-02-28,0.08843408,XGBoost
1761,2022-02-28,0.07247508,XGBoost
17610,2022-02-28,0.22348446,XGBoost
17611,2022-02-28,0.07826103,XGBoost
17612,2022-02-28,0.0782847,XGBoost
17613,2022-02-28,0.2133709,XGBoost
17614,2022-02-28,0.25340006,XGBoost
17615,2022-02-28,0.08606512,XGBoost
17616,2022-02-28,0.24671155,XGBoost
17617,2022-02-28,0.23028523,XGBoost
17618,2022-02-28,0.24260008,XGBoost
17619,2022-02-28,0.22121379,XGBoost
1762,2022-02-28,0.23593126,XGBoost
17620,2022-02-28,0.2170421,XGBoost
17621,2022-02-28,0.22092627,XGBoost
17622,2022-02-28,0.24482945,XGBoost
17623,2022-02-28,0.21432407,XGBoost
17624,2022-02-28,0.08505955,XGBoost
17625,2022-02-28,0.08567954,XGBoost
17626,2022-02-28,0.08235916,XGBoost
17627,2022-02-28,0.07791972,XGBoost
17628,2022-02-28,0.2159196,XGBoost
17629,2022-02-28,0.071701944,XGBoost
1763,2022-02-28,0.2135156,XGBoost
17630,2022-02-28,0.23271285,XGBoost
17631,2022-02-28,0.08415916,XGBoost
17632,2022-02-28,0.08542458,XGBoost
17633,2022-02-28,0.07217781,XGBoost
17634,2022-02-28,0.21181966,XGBoost
17635,2022-02-28,0.08703195,XGBoost
17636,2022-02-28,0.24699622,XGBoost
17637,2022-02-28,0.25580728,XGBoost
17638,2022-02-28,0.079168625,XGBoost
17639,2022-02-28,0.08239503,XGBoost
1764,2022-02-28,0.23193993,XGBoost
17640,2022-02-28,0.07345436,XGBoost
17641,2022-02-28,0.20500717,XGBoost
17642,2022-02-28,0.083206266,XGBoost
17643,2022-02-28,0.073485486,XGBoost
17644,2022-02-28,0.0858531,XGBoost
17645,2022-02-28,0.07970168,XGBoost
17646,2022-02-28,0.24622469,XGBoost
17647,2022-02-28,0.21587846,XGBoost
17648,2022-02-28,0.082539506,XGBoost
17649,2022-02-28,0.24306811,XGBoost
1765,2022-02-28,0.08130821,XGBoost
17650,2022-02-28,0.2247847,XGBoost
17651,2022-02-28,0.2402972,XGBoost
17652,2022-02-28,0.2164491,XGBoost
17653,2022-02-28,0.06517733,XGBoost
17654,2022-02-28,0.23667186,XGBoost
17655,2022-02-28,0.23784062,XGBoost
17656,2022-02-28,0.08572584,XGBoost
17657,2022-02-28,0.23055331,XGBoost
17658,2022-02-28,0.22900613,XGBoost
17659,2022-02-28,0.08344934,XGBoost
1766,2022-02-28,0.21112072,XGBoost
17660,2022-02-28,0.23146598,XGBoost
17661,2022-02-28,0.19904122,XGBoost
17662,2022-02-28,0.24324234,XGBoost
17663,2022-02-28,0.08448704,XGBoost
17664,2022-02-28,0.07387287,XGBoost
17665,2022-02-28,0.07379274,XGBoost
17666,2022-02-28,0.08436447,XGBoost
17667,2022-02-28,0.079502575,XGBoost
17668,2022-02-28,0.07126639,XGBoost
17669,2022-02-28,0.22821017,XGBoost
1767,2022-02-28,0.08585837,XGBoost
17670,2022-02-28,0.23973481,XGBoost
17671,2022-02-28,0.216863,XGBoost
17672,2022-02-28,0.21749099,XGBoost
17673,2022-02-28,0.0785324,XGBoost
17674,2022-02-28,0.2402458,XGBoost
17675,2022-02-28,0.08417814,XGBoost
17676,2022-02-28,0.23930521,XGBoost
17677,2022-02-28,0.21941791,XGBoost
17678,2022-02-28,0.23707715,XGBoost
17679,2022-02-28,0.07810645,XGBoost
1768,2022-02-28,0.20903882,XGBoost
17680,2022-02-28,0.0718893,XGBoost
17681,2022-02-28,0.22267105,XGBoost
17682,2022-02-28,0.23720957,XGBoost
17683,2022-02-28,0.08071768,XGBoost
17684,2022-02-28,0.08375624,XGBoost
17685,2022-02-28,0.23238382,XGBoost
17686,2022-02-28,0.07928062,XGBoost
17687,2022-02-28,0.07783103,XGBoost
17688,2022-02-28,0.067154914,XGBoost
17689,2022-02-28,0.22600637,XGBoost
1769,2022-02-28,0.23252258,XGBoost
17690,2022-02-28,0.08426037,XGBoost
17691,2022-02-28,0.21250597,XGBoost
17692,2022-02-28,0.23649812,XGBoost
17693,2022-02-28,0.22504395,XGBoost
17694,2022-02-28,0.08173059,XGBoost
17695,2022-02-28,0.07277702,XGBoost
17696,2022-02-28,0.20948493,XGBoost
17697,2022-02-28,0.087645344,XGBoost
17698,2022-02-28,0.08351492,XGBoost
17699,2022-02-28,0.07063107,XGBoost
177,2022-02-28,0.07949892,XGBoost
1770,2022-02-28,0.08265343,XGBoost
17700,2022-02-28,0.08009292,XGBoost
17701,2022-02-28,0.08790011,XGBoost
17702,2022-02-28,0.08328363,XGBoost
17703,2022-02-28,0.08186767,XGBoost
17704,2022-02-28,0.085189015,XGBoost
17705,2022-02-28,0.21582372,XGBoost
17706,2022-02-28,0.21876542,XGBoost
17707,2022-02-28,0.08606471,XGBoost
17708,2022-02-28,0.08142911,XGBoost
17709,2022-02-28,0.21356519,XGBoost
1771,2022-02-28,0.072396204,XGBoost
17710,2022-02-28,0.23045978,XGBoost
17711,2022-02-28,0.25183946,XGBoost
17712,2022-02-28,0.08567127,XGBoost
17713,2022-02-28,0.07799358,XGBoost
17714,2022-02-28,0.07826145,XGBoost
17715,2022-02-28,0.07698102,XGBoost
17716,2022-02-28,0.08187993,XGBoost
17717,2022-02-28,0.21637733,XGBoost
17718,2022-02-28,0.08288214,XGBoost
17719,2022-02-28,0.088760495,XGBoost
1772,2022-02-28,0.08881426,XGBoost
17720,2022-02-28,0.22845358,XGBoost
17721,2022-02-28,0.23193622,XGBoost
17722,2022-02-28,0.21458043,XGBoost
17723,2022-02-28,0.07591909,XGBoost
17724,2022-02-28,0.08372652,XGBoost
17725,2022-02-28,0.23772085,XGBoost
17726,2022-02-28,0.07018112,XGBoost
17727,2022-02-28,0.08385379,XGBoost
17728,2022-02-28,0.08210927,XGBoost
17729,2022-02-28,0.08205232,XGBoost
1773,2022-02-28,0.080487974,XGBoost
17730,2022-02-28,0.24891895,XGBoost
17731,2022-02-28,0.23789512,XGBoost
17732,2022-02-28,0.23729716,XGBoost
17733,2022-02-28,0.08948539,XGBoost
17734,2022-02-28,0.06973806,XGBoost
17735,2022-02-28,0.22335653,XGBoost
17736,2022-02-28,0.08593483,XGBoost
17737,2022-02-28,0.07363119,XGBoost
17738,2022-02-28,0.07046209,XGBoost
17739,2022-02-28,0.086415075,XGBoost
1774,2022-02-28,0.22042774,XGBoost
17740,2022-02-28,0.07651152,XGBoost
17741,2022-02-28,0.084191,XGBoost
17742,2022-02-28,0.22380264,XGBoost
17743,2022-02-28,0.07894464,XGBoost
17744,2022-02-28,0.087354496,XGBoost
17745,2022-02-28,0.19853209,XGBoost
17746,2022-02-28,0.07929866,XGBoost
17747,2022-02-28,0.19755782,XGBoost
17748,2022-02-28,0.24533167,XGBoost
17749,2022-02-28,0.0667143,XGBoost
1775,2022-02-28,0.085141875,XGBoost
17750,2022-02-28,0.0798389,XGBoost
17751,2022-02-28,0.24634781,XGBoost
17752,2022-02-28,0.21665107,XGBoost
17753,2022-02-28,0.081682734,XGBoost
17754,2022-02-28,0.22400741,XGBoost
17755,2022-02-28,0.22095,XGBoost
17756,2022-02-28,0.2438738,XGBoost
17757,2022-02-28,0.21004933,XGBoost
17758,2022-02-28,0.22165275,XGBoost
17759,2022-02-28,0.25884297,XGBoost
1776,2022-02-28,0.231116,XGBoost
17760,2022-02-28,0.07008129,XGBoost
17761,2022-02-28,0.073175706,XGBoost
17762,2022-02-28,0.08519487,XGBoost
17763,2022-02-28,0.08604973,XGBoost
17764,2022-02-28,0.08582324,XGBoost
17765,2022-02-28,0.082206234,XGBoost
17766,2022-02-28,0.084114805,XGBoost
17767,2022-02-28,0.08552212,XGBoost
17768,2022-02-28,0.08323285,XGBoost
17769,2022-02-28,0.08056746,XGBoost
1777,2022-02-28,0.08417552,XGBoost
17770,2022-02-28,0.077582754,XGBoost
17771,2022-02-28,0.08443165,XGBoost
17772,2022-02-28,0.23142971,XGBoost
17773,2022-02-28,0.08074472,XGBoost
17774,2022-02-28,0.07872589,XGBoost
17775,2022-02-28,0.23208688,XGBoost
17776,2022-02-28,0.0648856,XGBoost
17777,2022-02-28,0.078120746,XGBoost
17778,2022-02-28,0.07927817,XGBoost
17779,2022-02-28,0.07099122,XGBoost
1778,2022-02-28,0.0824597,XGBoost
17780,2022-02-28,0.086606786,XGBoost
17781,2022-02-28,0.08051415,XGBoost
17782,2022-02-28,0.23171628,XGBoost
17783,2022-02-28,0.22952513,XGBoost
17784,2022-02-28,0.23304896,XGBoost
17785,2022-02-28,0.081260756,XGBoost
17786,2022-02-28,0.24901465,XGBoost
17787,2022-02-28,0.07234434,XGBoost
17788,2022-02-28,0.08765021,XGBoost
17789,2022-02-28,0.087931536,XGBoost
1779,2022-02-28,0.22870514,XGBoost
17790,2022-02-28,0.23194547,XGBoost
17791,2022-02-28,0.07995002,XGBoost
17792,2022-02-28,0.08526784,XGBoost
17793,2022-02-28,0.23322676,XGBoost
17794,2022-02-28,0.23576151,XGBoost
17795,2022-02-28,0.21485941,XGBoost
17796,2022-02-28,0.08436364,XGBoost
17797,2022-02-28,0.22114173,XGBoost
17798,2022-02-28,0.08089769,XGBoost
17799,2022-02-28,0.2508501,XGBoost
178,2022-02-28,0.22826676,XGBoost
1780,2022-02-28,0.08178049,XGBoost
17800,2022-02-28,0.08697538,XGBoost
17801,2022-02-28,0.08641009,XGBoost
17802,2022-02-28,0.08198238,XGBoost
17803,2022-02-28,0.08223658,XGBoost
17804,2022-02-28,0.22842479,XGBoost
17805,2022-02-28,0.24015948,XGBoost
17806,2022-02-28,0.083046496,XGBoost
17807,2022-02-28,0.22945707,XGBoost
17808,2022-02-28,0.084803715,XGBoost
17809,2022-02-28,0.086279444,XGBoost
1781,2022-02-28,0.22531475,XGBoost
17810,2022-02-28,0.25106564,XGBoost
17811,2022-02-28,0.19962329,XGBoost
17812,2022-02-28,0.23310472,XGBoost
17813,2022-02-28,0.23294628,XGBoost
17814,2022-02-28,0.074752256,XGBoost
17815,2022-02-28,0.07585583,XGBoost
17816,2022-02-28,0.072189346,XGBoost
17817,2022-02-28,0.2398376,XGBoost
17818,2022-02-28,0.08638375,XGBoost
17819,2022-02-28,0.07811121,XGBoost
1782,2022-02-28,0.08552044,XGBoost
17820,2022-02-28,0.08294016,XGBoost
17821,2022-02-28,0.22949134,XGBoost
17822,2022-02-28,0.08422397,XGBoost
17823,2022-02-28,0.23653556,XGBoost
17824,2022-02-28,0.2448992,XGBoost
17825,2022-02-28,0.08260924,XGBoost
17826,2022-02-28,0.22812802,XGBoost
17827,2022-02-28,0.20735659,XGBoost
17828,2022-02-28,0.077204295,XGBoost
17829,2022-02-28,0.07603632,XGBoost
1783,2022-02-28,0.24219961,XGBoost
17830,2022-02-28,0.22767742,XGBoost
17831,2022-02-28,0.08106284,XGBoost
17832,2022-02-28,0.08163497,XGBoost
17833,2022-02-28,0.08656632,XGBoost
17834,2022-02-28,0.21570209,XGBoost
17835,2022-02-28,0.23355947,XGBoost
17836,2022-02-28,0.2501488,XGBoost
17837,2022-02-28,0.0853153,XGBoost
17838,2022-02-28,0.22086132,XGBoost
17839,2022-02-28,0.08618462,XGBoost
1784,2022-02-28,0.083053984,XGBoost
17840,2022-02-28,0.077086724,XGBoost
17841,2022-02-28,0.08644526,XGBoost
17842,2022-02-28,0.08521251,XGBoost
17843,2022-02-28,0.22287416,XGBoost
17844,2022-02-28,0.21749727,XGBoost
17845,2022-02-28,0.23961166,XGBoost
17846,2022-02-28,0.08355448,XGBoost
17847,2022-02-28,0.23323579,XGBoost
17848,2022-02-28,0.078380294,XGBoost
17849,2022-02-28,0.08916092,XGBoost
1785,2022-02-28,0.23057288,XGBoost
17850,2022-02-28,0.083477,XGBoost
17851,2022-02-28,0.22614366,XGBoost
17852,2022-02-28,0.21993999,XGBoost
17853,2022-02-28,0.22872372,XGBoost
17854,2022-02-28,0.072561614,XGBoost
17855,2022-02-28,0.069721796,XGBoost
17856,2022-02-28,0.23971578,XGBoost
17857,2022-02-28,0.08036278,XGBoost
17858,2022-02-28,0.0723051,XGBoost
17859,2022-02-28,0.2455272,XGBoost
1786,2022-02-28,0.20981272,XGBoost
17860,2022-02-28,0.07772216,XGBoost
17861,2022-02-28,0.07397841,XGBoost
17862,2022-02-28,0.22446945,XGBoost
17863,2022-02-28,0.08231106,XGBoost
17864,2022-02-28,0.22872551,XGBoost
17865,2022-02-28,0.070365,XGBoost
17866,2022-02-28,0.073123544,XGBoost
17867,2022-02-28,0.07946979,XGBoost
17868,2022-02-28,0.22480986,XGBoost
17869,2022-02-28,0.20111412,XGBoost
1787,2022-02-28,0.07058249,XGBoost
17870,2022-02-28,0.22474834,XGBoost
17871,2022-02-28,0.08052312,XGBoost
17872,2022-02-28,0.07752502,XGBoost
17873,2022-02-28,0.21083583,XGBoost
17874,2022-02-28,0.219172,XGBoost
17875,2022-02-28,0.25070205,XGBoost
17876,2022-02-28,0.083490625,XGBoost
17877,2022-02-28,0.24489248,XGBoost
17878,2022-02-28,0.08432683,XGBoost
17879,2022-02-28,0.21212658,XGBoost
1788,2022-02-28,0.21877657,XGBoost
17880,2022-02-28,0.08873025,XGBoost
17881,2022-02-28,0.23798025,XGBoost
17882,2022-02-28,0.08430278,XGBoost
17883,2022-02-28,0.08623512,XGBoost
17884,2022-02-28,0.07140011,XGBoost
17885,2022-02-28,0.08442828,XGBoost
17886,2022-02-28,0.07861335,XGBoost
17887,2022-02-28,0.06591098,XGBoost
17888,2022-02-28,0.21076943,XGBoost
17889,2022-02-28,0.23488988,XGBoost
1789,2022-02-28,0.084364496,XGBoost
17890,2022-02-28,0.078075804,XGBoost
17891,2022-02-28,0.08578161,XGBoost
17892,2022-02-28,0.21429229,XGBoost
17893,2022-02-28,0.24260838,XGBoost
17894,2022-02-28,0.07788878,XGBoost
17895,2022-02-28,0.08035405,XGBoost
17896,2022-02-28,0.08198371,XGBoost
17897,2022-02-28,0.069605514,XGBoost
17898,2022-02-28,0.087745674,XGBoost
17899,2022-02-28,0.07357004,XGBoost
179,2022-02-28,0.2594487,XGBoost
1790,2022-02-28,0.09111026,XGBoost
17900,2022-02-28,0.06278311,XGBoost
17901,2022-02-28,0.07930536,XGBoost
17902,2022-02-28,0.07746014,XGBoost
17903,2022-02-28,0.21302457,XGBoost
17904,2022-02-28,0.08633521,XGBoost
17905,2022-02-28,0.07687688,XGBoost
17906,2022-02-28,0.24483529,XGBoost
17907,2022-02-28,0.21651033,XGBoost
17908,2022-02-28,0.07791053,XGBoost
17909,2022-02-28,0.08389953,XGBoost
1791,2022-02-28,0.08454412,XGBoost
17910,2022-02-28,0.08206059,XGBoost
17911,2022-02-28,0.083183415,XGBoost
17912,2022-02-28,0.23608844,XGBoost
17913,2022-02-28,0.084615126,XGBoost
17914,2022-02-28,0.07065879,XGBoost
17915,2022-02-28,0.08549567,XGBoost
17916,2022-02-28,0.22095682,XGBoost
17917,2022-02-28,0.088080525,XGBoost
17918,2022-02-28,0.23956348,XGBoost
17919,2022-02-28,0.08023676,XGBoost
1792,2022-02-28,0.08460502,XGBoost
17920,2022-02-28,0.22723714,XGBoost
17921,2022-02-28,0.08139618,XGBoost
17922,2022-02-28,0.06791193,XGBoost
17923,2022-02-28,0.2241294,XGBoost
17924,2022-02-28,0.08747924,XGBoost
17925,2022-02-28,0.21607481,XGBoost
17926,2022-02-28,0.23736511,XGBoost
17927,2022-02-28,0.2428836,XGBoost
17928,2022-02-28,0.08658242,XGBoost
17929,2022-02-28,0.08576951,XGBoost
1793,2022-02-28,0.08560576,XGBoost
17930,2022-02-28,0.07711621,XGBoost
17931,2022-02-28,0.08467838,XGBoost
17932,2022-02-28,0.08218873,XGBoost
17933,2022-02-28,0.23479244,XGBoost
17934,2022-02-28,0.08255454,XGBoost
17935,2022-02-28,0.077384576,XGBoost
17936,2022-02-28,0.078240044,XGBoost
17937,2022-02-28,0.08803491,XGBoost
17938,2022-02-28,0.08028723,XGBoost
17939,2022-02-28,0.07868229,XGBoost
1794,2022-02-28,0.2127023,XGBoost
17940,2022-02-28,0.24147731,XGBoost
17941,2022-02-28,0.081958264,XGBoost
17942,2022-02-28,0.23597836,XGBoost
17943,2022-02-28,0.083083354,XGBoost
17944,2022-02-28,0.08500542,XGBoost
17945,2022-02-28,0.23753725,XGBoost
17946,2022-02-28,0.07616929,XGBoost
17947,2022-02-28,0.078144826,XGBoost
17948,2022-02-28,0.22232623,XGBoost
17949,2022-02-28,0.23493265,XGBoost
1795,2022-02-28,0.22612312,XGBoost
17950,2022-02-28,0.25625658,XGBoost
17951,2022-02-28,0.2359238,XGBoost
17952,2022-02-28,0.22711067,XGBoost
17953,2022-02-28,0.08287182,XGBoost
17954,2022-02-28,0.24321549,XGBoost
17955,2022-02-28,0.2224659,XGBoost
17956,2022-02-28,0.082199946,XGBoost
17957,2022-02-28,0.08398619,XGBoost
17958,2022-02-28,0.21734457,XGBoost
17959,2022-02-28,0.07811379,XGBoost
1796,2022-02-28,0.21448725,XGBoost
17960,2022-02-28,0.2457992,XGBoost
17961,2022-02-28,0.07852546,XGBoost
17962,2022-02-28,0.21214,XGBoost
17963,2022-02-28,0.25086814,XGBoost
17964,2022-02-28,0.08394015,XGBoost
17965,2022-02-28,0.24224658,XGBoost
17966,2022-02-28,0.086168386,XGBoost
17967,2022-02-28,0.0709017,XGBoost
17968,2022-02-28,0.24993192,XGBoost
17969,2022-02-28,0.21563919,XGBoost
1797,2022-02-28,0.23600753,XGBoost
17970,2022-02-28,0.07923699,XGBoost
17971,2022-02-28,0.08283504,XGBoost
17972,2022-02-28,0.080653906,XGBoost
17973,2022-02-28,0.21208887,XGBoost
17974,2022-02-28,0.08595272,XGBoost
17975,2022-02-28,0.2404532,XGBoost
17976,2022-02-28,0.22015098,XGBoost
17977,2022-02-28,0.08481257,XGBoost
17978,2022-02-28,0.0842085,XGBoost
17979,2022-02-28,0.0722129,XGBoost
1798,2022-02-28,0.08279471,XGBoost
17980,2022-02-28,0.22587712,XGBoost
17981,2022-02-28,0.08100989,XGBoost
17982,2022-02-28,0.08497288,XGBoost
17983,2022-02-28,0.21665074,XGBoost
17984,2022-02-28,0.08622647,XGBoost
17985,2022-02-28,0.23469493,XGBoost
17986,2022-02-28,0.08552206,XGBoost
17987,2022-02-28,0.086515486,XGBoost
17988,2022-02-28,0.08288756,XGBoost
17989,2022-02-28,0.085188955,XGBoost
1799,2022-02-28,0.085259035,XGBoost
17990,2022-02-28,0.0787019,XGBoost
17991,2022-02-28,0.21935436,XGBoost
17992,2022-02-28,0.08690144,XGBoost
17993,2022-02-28,0.07629013,XGBoost
17994,2022-02-28,0.0784203,XGBoost
17995,2022-02-28,0.08452807,XGBoost
17996,2022-02-28,0.22704656,XGBoost
17997,2022-02-28,0.08742549,XGBoost
17998,2022-02-28,0.16914506,XGBoost
17999,2022-02-28,0.24040358,XGBoost
18,2022-02-28,0.22641897,XGBoost
180,2022-02-28,0.06483147,XGBoost
1800,2022-02-28,0.07843621,XGBoost
18000,2022-02-28,0.08543913,XGBoost
18001,2022-02-28,0.073358625,XGBoost
18002,2022-02-28,0.089011185,XGBoost
18003,2022-02-28,0.21337527,XGBoost
18004,2022-02-28,0.08245995,XGBoost
18005,2022-02-28,0.22847131,XGBoost
18006,2022-02-28,0.080991946,XGBoost
18007,2022-02-28,0.25012165,XGBoost
18008,2022-02-28,0.08348139,XGBoost
18009,2022-02-28,0.22916584,XGBoost
1801,2022-02-28,0.074474484,XGBoost
18010,2022-02-28,0.085979514,XGBoost
18011,2022-02-28,0.26064962,XGBoost
18012,2022-02-28,0.08574055,XGBoost
18013,2022-02-28,0.0787422,XGBoost
18014,2022-02-28,0.24285954,XGBoost
18015,2022-02-28,0.06658357,XGBoost
18016,2022-02-28,0.20700003,XGBoost
18017,2022-02-28,0.07028152,XGBoost
18018,2022-02-28,0.08054401,XGBoost
18019,2022-02-28,0.22652657,XGBoost
1802,2022-02-28,0.23467726,XGBoost
18020,2022-02-28,0.083947964,XGBoost
18021,2022-02-28,0.08560804,XGBoost
18022,2022-02-28,0.21962807,XGBoost
18023,2022-02-28,0.0697015,XGBoost
18024,2022-02-28,0.08534238,XGBoost
18025,2022-02-28,0.08661363,XGBoost
18026,2022-02-28,0.2326942,XGBoost
18027,2022-02-28,0.084954545,XGBoost
18028,2022-02-28,0.21307692,XGBoost
18029,2022-02-28,0.071579576,XGBoost
1803,2022-02-28,0.083027385,XGBoost
18030,2022-02-28,0.25375137,XGBoost
18031,2022-02-28,0.07881479,XGBoost
18032,2022-02-28,0.07728167,XGBoost
18033,2022-02-28,0.0813641,XGBoost
18034,2022-02-28,0.07938404,XGBoost
18035,2022-02-28,0.24275774,XGBoost
18036,2022-02-28,0.23016697,XGBoost
18037,2022-02-28,0.08315542,XGBoost
18038,2022-02-28,0.22535424,XGBoost
18039,2022-02-28,0.0853294,XGBoost
1804,2022-02-28,0.071501695,XGBoost
18040,2022-02-28,0.23417494,XGBoost
18041,2022-02-28,0.08179973,XGBoost
18042,2022-02-28,0.2286495,XGBoost
18043,2022-02-28,0.078091,XGBoost
18044,2022-02-28,0.08250855,XGBoost
18045,2022-02-28,0.08847813,XGBoost
18046,2022-02-28,0.08303446,XGBoost
18047,2022-02-28,0.22155671,XGBoost
18048,2022-02-28,0.08490654,XGBoost
18049,2022-02-28,0.08324212,XGBoost
1805,2022-02-28,0.2540749,XGBoost
18050,2022-02-28,0.082104355,XGBoost
18051,2022-02-28,0.08239473,XGBoost
18052,2022-02-28,0.25715902,XGBoost
18053,2022-02-28,0.2329938,XGBoost
18054,2022-02-28,0.08292545,XGBoost
18055,2022-02-28,0.086028896,XGBoost
18056,2022-02-28,0.23952681,XGBoost
18057,2022-02-28,0.08607437,XGBoost
18058,2022-02-28,0.08079924,XGBoost
18059,2022-02-28,0.087141536,XGBoost
1806,2022-02-28,0.08475787,XGBoost
18060,2022-02-28,0.08225271,XGBoost
18061,2022-02-28,0.07903855,XGBoost
18062,2022-02-28,0.08240759,XGBoost
18063,2022-02-28,0.23358369,XGBoost
18064,2022-02-28,0.082638696,XGBoost
18065,2022-02-28,0.25708613,XGBoost
18066,2022-02-28,0.22949909,XGBoost
18067,2022-02-28,0.21188906,XGBoost
18068,2022-02-28,0.07493972,XGBoost
18069,2022-02-28,0.20972878,XGBoost
1807,2022-02-28,0.08311795,XGBoost
18070,2022-02-28,0.08687624,XGBoost
18071,2022-02-28,0.08211879,XGBoost
18072,2022-02-28,0.20903516,XGBoost
18073,2022-02-28,0.22935686,XGBoost
18074,2022-02-28,0.22361064,XGBoost
18075,2022-02-28,0.08325377,XGBoost
18076,2022-02-28,0.09139686,XGBoost
18077,2022-02-28,0.06950356,XGBoost
18078,2022-02-28,0.21000007,XGBoost
18079,2022-02-28,0.07768591,XGBoost
1808,2022-02-28,0.071016036,XGBoost
18080,2022-02-28,0.2281303,XGBoost
18081,2022-02-28,0.23439486,XGBoost
18082,2022-02-28,0.23068953,XGBoost
18083,2022-02-28,0.2516046,XGBoost
18084,2022-02-28,0.23194918,XGBoost
18085,2022-02-28,0.08365734,XGBoost
18086,2022-02-28,0.24294837,XGBoost
18087,2022-02-28,0.24031053,XGBoost
18088,2022-02-28,0.07935053,XGBoost
18089,2022-02-28,0.23020057,XGBoost
1809,2022-02-28,0.0840703,XGBoost
18090,2022-02-28,0.07600972,XGBoost
18091,2022-02-28,0.084008984,XGBoost
18092,2022-02-28,0.24347842,XGBoost
18093,2022-02-28,0.085350014,XGBoost
18094,2022-02-28,0.23141661,XGBoost
18095,2022-02-28,0.06890792,XGBoost
18096,2022-02-28,0.085087515,XGBoost
18097,2022-02-28,0.24253488,XGBoost
18098,2022-02-28,0.22635359,XGBoost
18099,2022-02-28,0.23635408,XGBoost
181,2022-02-28,0.0800551,XGBoost
1810,2022-02-28,0.25453132,XGBoost
18100,2022-02-28,0.0773309,XGBoost
18101,2022-02-28,0.07684668,XGBoost
18102,2022-02-28,0.24366523,XGBoost
18103,2022-02-28,0.26289785,XGBoost
18104,2022-02-28,0.07228631,XGBoost
18105,2022-02-28,0.24985698,XGBoost
18106,2022-02-28,0.07785435,XGBoost
18107,2022-02-28,0.08460166,XGBoost
18108,2022-02-28,0.07721374,XGBoost
18109,2022-02-28,0.08572915,XGBoost
1811,2022-02-28,0.24112552,XGBoost
18110,2022-02-28,0.23540315,XGBoost
18111,2022-02-28,0.071414575,XGBoost
18112,2022-02-28,0.23171163,XGBoost
18113,2022-02-28,0.22041138,XGBoost
18114,2022-02-28,0.080412984,XGBoost
18115,2022-02-28,0.070393234,XGBoost
18116,2022-02-28,0.22540048,XGBoost
18117,2022-02-28,0.085586846,XGBoost
18118,2022-02-28,0.3678367,XGBoost
18119,2022-02-28,0.07892935,XGBoost
1812,2022-02-28,0.06789831,XGBoost
18120,2022-02-28,0.06569975,XGBoost
18121,2022-02-28,0.08648222,XGBoost
18122,2022-02-28,0.23400629,XGBoost
18123,2022-02-28,0.08224017,XGBoost
18124,2022-02-28,0.07349698,XGBoost
18125,2022-02-28,0.24394254,XGBoost
18126,2022-02-28,0.21657294,XGBoost
18127,2022-02-28,0.22869205,XGBoost
18128,2022-02-28,0.08437052,XGBoost
18129,2022-02-28,0.085516356,XGBoost
1813,2022-02-28,0.23614216,XGBoost
18130,2022-02-28,0.2332118,XGBoost
18131,2022-02-28,0.08235607,XGBoost
18132,2022-02-28,0.069766335,XGBoost
18133,2022-02-28,0.08734924,XGBoost
18134,2022-02-28,0.08707924,XGBoost
18135,2022-02-28,0.084399275,XGBoost
18136,2022-02-28,0.24459815,XGBoost
18137,2022-02-28,0.23875837,XGBoost
18138,2022-02-28,0.23367563,XGBoost
18139,2022-02-28,0.08243863,XGBoost
1814,2022-02-28,0.21349716,XGBoost
18140,2022-02-28,0.070557155,XGBoost
18141,2022-02-28,0.23516817,XGBoost
18142,2022-02-28,0.08404866,XGBoost
18143,2022-02-28,0.07195213,XGBoost
18144,2022-02-28,0.22215576,XGBoost
18145,2022-02-28,0.079710454,XGBoost
18146,2022-02-28,0.08922424,XGBoost
18147,2022-02-28,0.24170943,XGBoost
18148,2022-02-28,0.23239216,XGBoost
18149,2022-02-28,0.08704984,XGBoost
1815,2022-02-28,0.080128096,XGBoost
18150,2022-02-28,0.08383457,XGBoost
18151,2022-02-28,0.22967526,XGBoost
18152,2022-02-28,0.23539625,XGBoost
18153,2022-02-28,0.22346736,XGBoost
18154,2022-02-28,0.07702703,XGBoost
18155,2022-02-28,0.22234057,XGBoost
18156,2022-02-28,0.22013116,XGBoost
18157,2022-02-28,0.076951884,XGBoost
18158,2022-02-28,0.20489164,XGBoost
18159,2022-02-28,0.23511253,XGBoost
1816,2022-02-28,0.21067806,XGBoost
18160,2022-02-28,0.077799775,XGBoost
18161,2022-02-28,0.083855,XGBoost
18162,2022-02-28,0.07681447,XGBoost
18163,2022-02-28,0.08409436,XGBoost
18164,2022-02-28,0.08084295,XGBoost
18165,2022-02-28,0.07749463,XGBoost
18166,2022-02-28,0.085552305,XGBoost
18167,2022-02-28,0.06978945,XGBoost
18168,2022-02-28,0.087090984,XGBoost
18169,2022-02-28,0.08016185,XGBoost
1817,2022-02-28,0.07978564,XGBoost
18170,2022-02-28,0.2167751,XGBoost
18171,2022-02-28,0.08793733,XGBoost
18172,2022-02-28,0.08565814,XGBoost
18173,2022-02-28,0.19885221,XGBoost
18174,2022-02-28,0.084687114,XGBoost
18175,2022-02-28,0.21358405,XGBoost
18176,2022-02-28,0.22853662,XGBoost
18177,2022-02-28,0.08724032,XGBoost
18178,2022-02-28,0.25336573,XGBoost
18179,2022-02-28,0.22122376,XGBoost
1818,2022-02-28,0.07935793,XGBoost
18180,2022-02-28,0.086192116,XGBoost
18181,2022-02-28,0.20080121,XGBoost
18182,2022-02-28,0.2220852,XGBoost
18183,2022-02-28,0.20865712,XGBoost
18184,2022-02-28,0.2330934,XGBoost
18185,2022-02-28,0.08558866,XGBoost
18186,2022-02-28,0.07746255,XGBoost
18187,2022-02-28,0.08801281,XGBoost
18188,2022-02-28,0.079279825,XGBoost
18189,2022-02-28,0.23877689,XGBoost
1819,2022-02-28,0.22677171,XGBoost
18190,2022-02-28,0.08524307,XGBoost
18191,2022-02-28,0.08646306,XGBoost
18192,2022-02-28,0.07345201,XGBoost
18193,2022-02-28,0.083735265,XGBoost
18194,2022-02-28,0.08296777,XGBoost
18195,2022-02-28,0.08660506,XGBoost
18196,2022-02-28,0.0687224,XGBoost
18197,2022-02-28,0.22839954,XGBoost
18198,2022-02-28,0.19827534,XGBoost
18199,2022-02-28,0.24055931,XGBoost
182,2022-02-28,0.20959368,XGBoost
1820,2022-02-28,0.21137817,XGBoost
18200,2022-02-28,0.08480181,XGBoost
18201,2022-02-28,0.22742364,XGBoost
18202,2022-02-28,0.23437919,XGBoost
18203,2022-02-28,0.23840626,XGBoost
18204,2022-02-28,0.085802235,XGBoost
18205,2022-02-28,0.22154115,XGBoost
18206,2022-02-28,0.06954657,XGBoost
18207,2022-02-28,0.06660146,XGBoost
18208,2022-02-28,0.23365301,XGBoost
18209,2022-02-28,0.20914681,XGBoost
1821,2022-02-28,0.080251046,XGBoost
18210,2022-02-28,0.22738536,XGBoost
18211,2022-02-28,0.237668,XGBoost
18212,2022-02-28,0.08509969,XGBoost
18213,2022-02-28,0.08185636,XGBoost
18214,2022-02-28,0.08302826,XGBoost
18215,2022-02-28,0.22851117,XGBoost
18216,2022-02-28,0.08420335,XGBoost
18217,2022-02-28,0.22352952,XGBoost
18218,2022-02-28,0.24977726,XGBoost
18219,2022-02-28,0.22746575,XGBoost
1822,2022-02-28,0.22571498,XGBoost
18220,2022-02-28,0.21678497,XGBoost
18221,2022-02-28,0.25761902,XGBoost
18222,2022-02-28,0.08740642,XGBoost
18223,2022-02-28,0.24003914,XGBoost
18224,2022-02-28,0.0850305,XGBoost
18225,2022-02-28,0.0831858,XGBoost
18226,2022-02-28,0.22917745,XGBoost
18227,2022-02-28,0.2178867,XGBoost
18228,2022-02-28,0.0731613,XGBoost
18229,2022-02-28,0.080788255,XGBoost
1823,2022-02-28,0.08556576,XGBoost
18230,2022-02-28,0.08524994,XGBoost
18231,2022-02-28,0.07726327,XGBoost
18232,2022-02-28,0.09867375,XGBoost
18233,2022-02-28,0.07871937,XGBoost
18234,2022-02-28,0.08205784,XGBoost
18235,2022-02-28,0.2476916,XGBoost
18236,2022-02-28,0.08200509,XGBoost
18237,2022-02-28,0.08347958,XGBoost
18238,2022-02-28,0.21850684,XGBoost
18239,2022-02-28,0.22663572,XGBoost
1824,2022-02-28,0.0812966,XGBoost
18240,2022-02-28,0.0782587,XGBoost
18241,2022-02-28,0.23208028,XGBoost
18242,2022-02-28,0.2161234,XGBoost
18243,2022-02-28,0.07874432,XGBoost
18244,2022-02-28,0.221263,XGBoost
18245,2022-02-28,0.078362554,XGBoost
18246,2022-02-28,0.24390733,XGBoost
18247,2022-02-28,0.064765334,XGBoost
18248,2022-02-28,0.20378028,XGBoost
18249,2022-02-28,0.08399616,XGBoost
1825,2022-02-28,0.081792414,XGBoost
18250,2022-02-28,0.08172544,XGBoost
18251,2022-02-28,0.22837964,XGBoost
18252,2022-02-28,0.08282294,XGBoost
18253,2022-02-28,0.22609888,XGBoost
18254,2022-02-28,0.066219404,XGBoost
18255,2022-02-28,0.08870663,XGBoost
18256,2022-02-28,0.20880197,XGBoost
18257,2022-02-28,0.07284692,XGBoost
18258,2022-02-28,0.08214424,XGBoost
18259,2022-02-28,0.08509423,XGBoost
1826,2022-02-28,0.07937373,XGBoost
18260,2022-02-28,0.2160369,XGBoost
18261,2022-02-28,0.08566246,XGBoost
18262,2022-02-28,0.2302515,XGBoost
18263,2022-02-28,0.08169927,XGBoost
18264,2022-02-28,0.23883785,XGBoost
18265,2022-02-28,0.07105148,XGBoost
18266,2022-02-28,0.082517035,XGBoost
18267,2022-02-28,0.22173636,XGBoost
18268,2022-02-28,0.21954693,XGBoost
18269,2022-02-28,0.23248711,XGBoost
1827,2022-02-28,0.24164374,XGBoost
18270,2022-02-28,0.07020793,XGBoost
18271,2022-02-28,0.25237685,XGBoost
18272,2022-02-28,0.07895179,XGBoost
18273,2022-02-28,0.06260907,XGBoost
18274,2022-02-28,0.22608736,XGBoost
18275,2022-02-28,0.08152636,XGBoost
18276,2022-02-28,0.23640394,XGBoost
18277,2022-02-28,0.21515216,XGBoost
18278,2022-02-28,0.07138955,XGBoost
18279,2022-02-28,0.081878826,XGBoost
1828,2022-02-28,0.07937962,XGBoost
18280,2022-02-28,0.08687009,XGBoost
18281,2022-02-28,0.08144833,XGBoost
18282,2022-02-28,0.21263537,XGBoost
18283,2022-02-28,0.06654166,XGBoost
18284,2022-02-28,0.08537916,XGBoost
18285,2022-02-28,0.07023108,XGBoost
18286,2022-02-28,0.08796125,XGBoost
18287,2022-02-28,0.22296901,XGBoost
18288,2022-02-28,0.076116435,XGBoost
18289,2022-02-28,0.07685349,XGBoost
1829,2022-02-28,0.23385245,XGBoost
18290,2022-02-28,0.26219523,XGBoost
18291,2022-02-28,0.22728208,XGBoost
18292,2022-02-28,0.080878355,XGBoost
18293,2022-02-28,0.21799304,XGBoost
18294,2022-02-28,0.21989013,XGBoost
18295,2022-02-28,0.23592645,XGBoost
18296,2022-02-28,0.084992655,XGBoost
18297,2022-02-28,0.08642177,XGBoost
18298,2022-02-28,0.08814928,XGBoost
18299,2022-02-28,0.24559961,XGBoost
183,2022-02-28,0.08173599,XGBoost
1830,2022-02-28,0.08495428,XGBoost
18300,2022-02-28,0.20147052,XGBoost
18301,2022-02-28,0.23633961,XGBoost
18302,2022-02-28,0.22828148,XGBoost
18303,2022-02-28,0.078501865,XGBoost
18304,2022-02-28,0.086032145,XGBoost
18305,2022-02-28,0.078917794,XGBoost
18306,2022-02-28,0.076960504,XGBoost
18307,2022-02-28,0.076631986,XGBoost
18308,2022-02-28,0.08632468,XGBoost
18309,2022-02-28,0.08663731,XGBoost
1831,2022-02-28,0.24742277,XGBoost
18310,2022-02-28,0.06544987,XGBoost
18311,2022-02-28,0.084791176,XGBoost
18312,2022-02-28,0.2595169,XGBoost
18313,2022-02-28,0.082833454,XGBoost
18314,2022-02-28,0.24486065,XGBoost
18315,2022-02-28,0.0684817,XGBoost
18316,2022-02-28,0.21128498,XGBoost
18317,2022-02-28,0.078320645,XGBoost
18318,2022-02-28,0.08685433,XGBoost
18319,2022-02-28,0.21988846,XGBoost
1832,2022-02-28,0.08821473,XGBoost
18320,2022-02-28,0.23422365,XGBoost
18321,2022-02-28,0.23723814,XGBoost
18322,2022-02-28,0.2229119,XGBoost
18323,2022-02-28,0.0804136,XGBoost
18324,2022-02-28,0.071945526,XGBoost
18325,2022-02-28,0.08150861,XGBoost
18326,2022-02-28,0.0734686,XGBoost
18327,2022-02-28,0.079119764,XGBoost
18328,2022-02-28,0.23744936,XGBoost
18329,2022-02-28,0.082291715,XGBoost
1833,2022-02-28,0.23575631,XGBoost
18330,2022-02-28,0.08282293,XGBoost
18331,2022-02-28,0.24392994,XGBoost
18332,2022-02-28,0.080341615,XGBoost
18333,2022-02-28,0.08637655,XGBoost
18334,2022-02-28,0.22705391,XGBoost
18335,2022-02-28,0.07874103,XGBoost
18336,2022-02-28,0.20143223,XGBoost
18337,2022-02-28,0.08765433,XGBoost
18338,2022-02-28,0.08682252,XGBoost
18339,2022-02-28,0.07948515,XGBoost
1834,2022-02-28,0.072907105,XGBoost
18340,2022-02-28,0.2240231,XGBoost
18341,2022-02-28,0.07962879,XGBoost
18342,2022-02-28,0.079279214,XGBoost
18343,2022-02-28,0.22609879,XGBoost
18344,2022-02-28,0.078326695,XGBoost
18345,2022-02-28,0.216454,XGBoost
18346,2022-02-28,0.22672868,XGBoost
18347,2022-02-28,0.24732274,XGBoost
18348,2022-02-28,0.07469167,XGBoost
18349,2022-02-28,0.23292834,XGBoost
1835,2022-02-28,0.08590484,XGBoost
18350,2022-02-28,0.07336145,XGBoost
18351,2022-02-28,0.25569296,XGBoost
18352,2022-02-28,0.21082851,XGBoost
18353,2022-02-28,0.08360257,XGBoost
18354,2022-02-28,0.086942114,XGBoost
18355,2022-02-28,0.23468587,XGBoost
18356,2022-02-28,0.21649235,XGBoost
18357,2022-02-28,0.08379004,XGBoost
18358,2022-02-28,0.08780951,XGBoost
18359,2022-02-28,0.08415405,XGBoost
1836,2022-02-28,0.081868336,XGBoost
18360,2022-02-28,0.24384686,XGBoost
18361,2022-02-28,0.08595404,XGBoost
18362,2022-02-28,0.21909456,XGBoost
18363,2022-02-28,0.078971386,XGBoost
18364,2022-02-28,0.081974305,XGBoost
18365,2022-02-28,0.23401663,XGBoost
18366,2022-02-28,0.21333548,XGBoost
18367,2022-02-28,0.2457722,XGBoost
18368,2022-02-28,0.08096513,XGBoost
18369,2022-02-28,0.084974475,XGBoost
1837,2022-02-28,0.22727917,XGBoost
18370,2022-02-28,0.077623814,XGBoost
18371,2022-02-28,0.21870738,XGBoost
18372,2022-02-28,0.08702181,XGBoost
18373,2022-02-28,0.07853973,XGBoost
18374,2022-02-28,0.2424712,XGBoost
18375,2022-02-28,0.080156386,XGBoost
18376,2022-02-28,0.24498445,XGBoost
18377,2022-02-28,0.07826053,XGBoost
18378,2022-02-28,0.083004974,XGBoost
18379,2022-02-28,0.08426233,XGBoost
1838,2022-02-28,0.077407494,XGBoost
18380,2022-02-28,0.22743478,XGBoost
18381,2022-02-28,0.2364117,XGBoost
18382,2022-02-28,0.07710169,XGBoost
18383,2022-02-28,0.08369262,XGBoost
18384,2022-02-28,0.2215479,XGBoost
18385,2022-02-28,0.08897562,XGBoost
18386,2022-02-28,0.2109878,XGBoost
18387,2022-02-28,0.25530112,XGBoost
18388,2022-02-28,0.22618945,XGBoost
18389,2022-02-28,0.07000416,XGBoost
1839,2022-02-28,0.08616301,XGBoost
18390,2022-02-28,0.07822004,XGBoost
18391,2022-02-28,0.25817433,XGBoost
18392,2022-02-28,0.07546976,XGBoost
18393,2022-02-28,0.15700081,XGBoost
18394,2022-02-28,0.08080571,XGBoost
18395,2022-02-28,0.2271347,XGBoost
18396,2022-02-28,0.08008407,XGBoost
18397,2022-02-28,0.0659188,XGBoost
18398,2022-02-28,0.08677829,XGBoost
18399,2022-02-28,0.08593767,XGBoost
184,2022-02-28,0.2312656,XGBoost
1840,2022-02-28,0.08330384,XGBoost
18400,2022-02-28,0.084401146,XGBoost
18401,2022-02-28,0.07186843,XGBoost
18402,2022-02-28,0.07878394,XGBoost
18403,2022-02-28,0.24503236,XGBoost
18404,2022-02-28,0.24199678,XGBoost
18405,2022-02-28,0.08720186,XGBoost
18406,2022-02-28,0.072948284,XGBoost
18407,2022-02-28,0.23803307,XGBoost
18408,2022-02-28,0.2402947,XGBoost
18409,2022-02-28,0.20565817,XGBoost
1841,2022-02-28,0.07260665,XGBoost
18410,2022-02-28,0.08064171,XGBoost
18411,2022-02-28,0.0785288,XGBoost
18412,2022-02-28,0.07993747,XGBoost
18413,2022-02-28,0.08562043,XGBoost
18414,2022-02-28,0.069373176,XGBoost
18415,2022-02-28,0.22318378,XGBoost
18416,2022-02-28,0.22827569,XGBoost
18417,2022-02-28,0.08325254,XGBoost
18418,2022-02-28,0.23956653,XGBoost
18419,2022-02-28,0.23166287,XGBoost
1842,2022-02-28,0.08092046,XGBoost
18420,2022-02-28,0.088103674,XGBoost
18421,2022-02-28,0.22273028,XGBoost
18422,2022-02-28,0.22543082,XGBoost
18423,2022-02-28,0.081371725,XGBoost
18424,2022-02-28,0.07790751,XGBoost
18425,2022-02-28,0.086147875,XGBoost
18426,2022-02-28,0.21795142,XGBoost
18427,2022-02-28,0.07991601,XGBoost
18428,2022-02-28,0.22160484,XGBoost
18429,2022-02-28,0.07834255,XGBoost
1843,2022-02-28,0.08486417,XGBoost
18430,2022-02-28,0.08700721,XGBoost
18431,2022-02-28,0.24500081,XGBoost
18432,2022-02-28,0.23128895,XGBoost
18433,2022-02-28,0.07216338,XGBoost
18434,2022-02-28,0.084242314,XGBoost
18435,2022-02-28,0.076026544,XGBoost
18436,2022-02-28,0.07149916,XGBoost
18437,2022-02-28,0.23678434,XGBoost
18438,2022-02-28,0.07174285,XGBoost
18439,2022-02-28,0.07146715,XGBoost
1844,2022-02-28,0.24950479,XGBoost
18440,2022-02-28,0.084723964,XGBoost
18441,2022-02-28,0.23187907,XGBoost
18442,2022-02-28,0.2424492,XGBoost
18443,2022-02-28,0.08691981,XGBoost
18444,2022-02-28,0.08749322,XGBoost
18445,2022-02-28,0.07748421,XGBoost
18446,2022-02-28,0.20884414,XGBoost
18447,2022-02-28,0.23397642,XGBoost
18448,2022-02-28,0.08043851,XGBoost
18449,2022-02-28,0.08593975,XGBoost
1845,2022-02-28,0.086375445,XGBoost
18450,2022-02-28,0.21606874,XGBoost
18451,2022-02-28,0.08409218,XGBoost
18452,2022-02-28,0.080634415,XGBoost
18453,2022-02-28,0.21248904,XGBoost
18454,2022-02-28,0.2129168,XGBoost
18455,2022-02-28,0.20696028,XGBoost
18456,2022-02-28,0.2008387,XGBoost
18457,2022-02-28,0.08064067,XGBoost
18458,2022-02-28,0.08225145,XGBoost
18459,2022-02-28,0.22761683,XGBoost
1846,2022-02-28,0.078704864,XGBoost
18460,2022-02-28,0.084807396,XGBoost
18461,2022-02-28,0.08045955,XGBoost
18462,2022-02-28,0.085763946,XGBoost
18463,2022-02-28,0.23037735,XGBoost
18464,2022-02-28,0.20276178,XGBoost
18465,2022-02-28,0.078348935,XGBoost
18466,2022-02-28,0.093200155,XGBoost
18467,2022-02-28,0.20277052,XGBoost
18468,2022-02-28,0.078103825,XGBoost
18469,2022-02-28,0.07811384,XGBoost
1847,2022-02-28,0.084477976,XGBoost
18470,2022-02-28,0.0861446,XGBoost
18471,2022-02-28,0.087059,XGBoost
18472,2022-02-28,0.23578838,XGBoost
18473,2022-02-28,0.08274787,XGBoost
18474,2022-02-28,0.23849474,XGBoost
18475,2022-02-28,0.07860941,XGBoost
18476,2022-02-28,0.2041652,XGBoost
18477,2022-02-28,0.08232234,XGBoost
18478,2022-02-28,0.08220342,XGBoost
18479,2022-02-28,0.23329386,XGBoost
1848,2022-02-28,0.1980495,XGBoost
18480,2022-02-28,0.082291216,XGBoost
18481,2022-02-28,0.080699876,XGBoost
18482,2022-02-28,0.23751318,XGBoost
18483,2022-02-28,0.077031694,XGBoost
18484,2022-02-28,0.080150954,XGBoost
18485,2022-02-28,0.22299825,XGBoost
18486,2022-02-28,0.06553859,XGBoost
18487,2022-02-28,0.24638556,XGBoost
18488,2022-02-28,0.24666935,XGBoost
18489,2022-02-28,0.20754264,XGBoost
1849,2022-02-28,0.20939739,XGBoost
18490,2022-02-28,0.08002214,XGBoost
18491,2022-02-28,0.23829125,XGBoost
18492,2022-02-28,0.22852698,XGBoost
18493,2022-02-28,0.08298295,XGBoost
18494,2022-02-28,0.07158579,XGBoost
18495,2022-02-28,0.22563887,XGBoost
18496,2022-02-28,0.2435655,XGBoost
18497,2022-02-28,0.2452178,XGBoost
18498,2022-02-28,0.22799052,XGBoost
18499,2022-02-28,0.077768944,XGBoost
185,2022-02-28,0.24448085,XGBoost
1850,2022-02-28,0.23083149,XGBoost
18500,2022-02-28,0.08590227,XGBoost
18501,2022-02-28,0.08132654,XGBoost
18502,2022-02-28,0.1994811,XGBoost
18503,2022-02-28,0.07774907,XGBoost
18504,2022-02-28,0.08175197,XGBoost
18505,2022-02-28,0.083258614,XGBoost
18506,2022-02-28,0.08207917,XGBoost
18507,2022-02-28,0.07196735,XGBoost
18508,2022-02-28,0.24097803,XGBoost
18509,2022-02-28,0.07763204,XGBoost
1851,2022-02-28,0.25478312,XGBoost
18510,2022-02-28,0.088185035,XGBoost
18511,2022-02-28,0.21651798,XGBoost
18512,2022-02-28,0.07796481,XGBoost
18513,2022-02-28,0.07813431,XGBoost
18514,2022-02-28,0.22489566,XGBoost
18515,2022-02-28,0.21338287,XGBoost
18516,2022-02-28,0.23557377,XGBoost
18517,2022-02-28,0.24192324,XGBoost
18518,2022-02-28,0.08572612,XGBoost
18519,2022-02-28,0.23346534,XGBoost
1852,2022-02-28,0.0780351,XGBoost
18520,2022-02-28,0.079483055,XGBoost
18521,2022-02-28,0.24114425,XGBoost
18522,2022-02-28,0.08538768,XGBoost
18523,2022-02-28,0.24682139,XGBoost
18524,2022-02-28,0.08485962,XGBoost
18525,2022-02-28,0.07887093,XGBoost
18526,2022-02-28,0.07991334,XGBoost
18527,2022-02-28,0.20321411,XGBoost
18528,2022-02-28,0.08253413,XGBoost
18529,2022-02-28,0.22080106,XGBoost
1853,2022-02-28,0.22613142,XGBoost
18530,2022-02-28,0.14702407,XGBoost
18531,2022-02-28,0.082830966,XGBoost
18532,2022-02-28,0.2143591,XGBoost
18533,2022-02-28,0.08376903,XGBoost
18534,2022-02-28,0.07991297,XGBoost
18535,2022-02-28,0.20977727,XGBoost
18536,2022-02-28,0.07881847,XGBoost
18537,2022-02-28,0.23599681,XGBoost
18538,2022-02-28,0.08590611,XGBoost
18539,2022-02-28,0.22935788,XGBoost
1854,2022-02-28,0.2409721,XGBoost
18540,2022-02-28,0.20983377,XGBoost
18541,2022-02-28,0.2264911,XGBoost
18542,2022-02-28,0.24243419,XGBoost
18543,2022-02-28,0.07984491,XGBoost
18544,2022-02-28,0.14923635,XGBoost
18545,2022-02-28,0.26718608,XGBoost
18546,2022-02-28,0.08059654,XGBoost
18547,2022-02-28,0.08172044,XGBoost
18548,2022-02-28,0.21446685,XGBoost
18549,2022-02-28,0.08482186,XGBoost
1855,2022-02-28,0.082140714,XGBoost
18550,2022-02-28,0.23569047,XGBoost
18551,2022-02-28,0.08153977,XGBoost
18552,2022-02-28,0.07841354,XGBoost
18553,2022-02-28,0.076283135,XGBoost
18554,2022-02-28,0.20721613,XGBoost
18555,2022-02-28,0.21545702,XGBoost
18556,2022-02-28,0.08360866,XGBoost
18557,2022-02-28,0.19789968,XGBoost
18558,2022-02-28,0.08461376,XGBoost
18559,2022-02-28,0.081728086,XGBoost
1856,2022-02-28,0.08334447,XGBoost
18560,2022-02-28,0.268037,XGBoost
18561,2022-02-28,0.24001051,XGBoost
18562,2022-02-28,0.21990077,XGBoost
18563,2022-02-28,0.06945288,XGBoost
18564,2022-02-28,0.2328247,XGBoost
18565,2022-02-28,0.26103273,XGBoost
18566,2022-02-28,0.067605756,XGBoost
18567,2022-02-28,0.23227747,XGBoost
18568,2022-02-28,0.26371396,XGBoost
18569,2022-02-28,0.2327192,XGBoost
1857,2022-02-28,0.23407103,XGBoost
18570,2022-02-28,0.23485802,XGBoost
18571,2022-02-28,0.21173197,XGBoost
18572,2022-02-28,0.23839335,XGBoost
18573,2022-02-28,0.082372226,XGBoost
18574,2022-02-28,0.0823698,XGBoost
18575,2022-02-28,0.20462409,XGBoost
18576,2022-02-28,0.08543259,XGBoost
18577,2022-02-28,0.07860154,XGBoost
18578,2022-02-28,0.08644682,XGBoost
18579,2022-02-28,0.08328646,XGBoost
1858,2022-02-28,0.07715107,XGBoost
18580,2022-02-28,0.23251094,XGBoost
18581,2022-02-28,0.23900901,XGBoost
18582,2022-02-28,0.085156895,XGBoost
18583,2022-02-28,0.21254255,XGBoost
18584,2022-02-28,0.08679274,XGBoost
18585,2022-02-28,0.225531,XGBoost
18586,2022-02-28,0.08551575,XGBoost
18587,2022-02-28,0.08295153,XGBoost
18588,2022-02-28,0.07689097,XGBoost
18589,2022-02-28,0.22528708,XGBoost
1859,2022-02-28,0.22983593,XGBoost
18590,2022-02-28,0.2406599,XGBoost
18591,2022-02-28,0.080125585,XGBoost
18592,2022-02-28,0.2103218,XGBoost
18593,2022-02-28,0.083545096,XGBoost
18594,2022-02-28,0.23251124,XGBoost
18595,2022-02-28,0.22465897,XGBoost
18596,2022-02-28,0.22849488,XGBoost
18597,2022-02-28,0.25170124,XGBoost
18598,2022-02-28,0.22380517,XGBoost
18599,2022-02-28,0.21660289,XGBoost
186,2022-02-28,0.22339511,XGBoost
1860,2022-02-28,0.08777634,XGBoost
18600,2022-02-28,0.080103874,XGBoost
18601,2022-02-28,0.068121634,XGBoost
18602,2022-02-28,0.079942286,XGBoost
18603,2022-02-28,0.06534182,XGBoost
18604,2022-02-28,0.23870009,XGBoost
18605,2022-02-28,0.22835155,XGBoost
18606,2022-02-28,0.08208042,XGBoost
18607,2022-02-28,0.11476138,XGBoost
18608,2022-02-28,0.0872209,XGBoost
18609,2022-02-28,0.2636703,XGBoost
1861,2022-02-28,0.08047215,XGBoost
18610,2022-02-28,0.08615625,XGBoost
18611,2022-02-28,0.08710319,XGBoost
18612,2022-02-28,0.08500102,XGBoost
18613,2022-02-28,0.08689276,XGBoost
18614,2022-02-28,0.07878171,XGBoost
18615,2022-02-28,0.23199028,XGBoost
18616,2022-02-28,0.082701825,XGBoost
18617,2022-02-28,0.075727984,XGBoost
18618,2022-02-28,0.06546323,XGBoost
18619,2022-02-28,0.07697817,XGBoost
1862,2022-02-28,0.08749716,XGBoost
18620,2022-02-28,0.08119346,XGBoost
18621,2022-02-28,0.08744488,XGBoost
18622,2022-02-28,0.22892758,XGBoost
18623,2022-02-28,0.23680119,XGBoost
18624,2022-02-28,0.08482926,XGBoost
18625,2022-02-28,0.069415055,XGBoost
18626,2022-02-28,0.07350468,XGBoost
18627,2022-02-28,0.06334718,XGBoost
18628,2022-02-28,0.086656064,XGBoost
18629,2022-02-28,0.24056488,XGBoost
1863,2022-02-28,0.25352362,XGBoost
18630,2022-02-28,0.08668094,XGBoost
18631,2022-02-28,0.08499553,XGBoost
18632,2022-02-28,0.06966933,XGBoost
18633,2022-02-28,0.08524236,XGBoost
18634,2022-02-28,0.077922955,XGBoost
18635,2022-02-28,0.085347585,XGBoost
18636,2022-02-28,0.24342178,XGBoost
18637,2022-02-28,0.08221783,XGBoost
18638,2022-02-28,0.07911282,XGBoost
18639,2022-02-28,0.22355041,XGBoost
1864,2022-02-28,0.08647382,XGBoost
18640,2022-02-28,0.23729101,XGBoost
18641,2022-02-28,0.22818126,XGBoost
18642,2022-02-28,0.08477964,XGBoost
18643,2022-02-28,0.24378318,XGBoost
18644,2022-02-28,0.0844501,XGBoost
18645,2022-02-28,0.21475284,XGBoost
18646,2022-02-28,0.22892208,XGBoost
18647,2022-02-28,0.086355075,XGBoost
18648,2022-02-28,0.22634818,XGBoost
18649,2022-02-28,0.23530112,XGBoost
1865,2022-02-28,0.23254608,XGBoost
18650,2022-02-28,0.25480244,XGBoost
18651,2022-02-28,0.07117497,XGBoost
18652,2022-02-28,0.2187201,XGBoost
18653,2022-02-28,0.080842845,XGBoost
18654,2022-02-28,0.23004751,XGBoost
18655,2022-02-28,0.08067011,XGBoost
18656,2022-02-28,0.083045684,XGBoost
18657,2022-02-28,0.2267131,XGBoost
18658,2022-02-28,0.07142925,XGBoost
18659,2022-02-28,0.08517235,XGBoost
1866,2022-02-28,0.08302827,XGBoost
18660,2022-02-28,0.22579077,XGBoost
18661,2022-02-28,0.22489296,XGBoost
18662,2022-02-28,0.08201722,XGBoost
18663,2022-02-28,0.08185918,XGBoost
18664,2022-02-28,0.24278389,XGBoost
18665,2022-02-28,0.22760402,XGBoost
18666,2022-02-28,0.07723975,XGBoost
18667,2022-02-28,0.08391362,XGBoost
18668,2022-02-28,0.2315406,XGBoost
18669,2022-02-28,0.0801231,XGBoost
1867,2022-02-28,0.08480535,XGBoost
18670,2022-02-28,0.08373357,XGBoost
18671,2022-02-28,0.21183673,XGBoost
18672,2022-02-28,0.241683,XGBoost
18673,2022-02-28,0.24130562,XGBoost
18674,2022-02-28,0.2684546,XGBoost
18675,2022-02-28,0.22646792,XGBoost
18676,2022-02-28,0.2255393,XGBoost
18677,2022-02-28,0.088056944,XGBoost
18678,2022-02-28,0.0724813,XGBoost
18679,2022-02-28,0.08850043,XGBoost
1868,2022-02-28,0.08449126,XGBoost
18680,2022-02-28,0.08508314,XGBoost
18681,2022-02-28,0.2226216,XGBoost
18682,2022-02-28,0.23132847,XGBoost
18683,2022-02-28,0.08594897,XGBoost
18684,2022-02-28,0.22787468,XGBoost
18685,2022-02-28,0.0883642,XGBoost
18686,2022-02-28,0.08823897,XGBoost
18687,2022-02-28,0.22806862,XGBoost
18688,2022-02-28,0.07091953,XGBoost
18689,2022-02-28,0.071283355,XGBoost
1869,2022-02-28,0.21323724,XGBoost
18690,2022-02-28,0.23334287,XGBoost
18691,2022-02-28,0.07398757,XGBoost
18692,2022-02-28,0.077403955,XGBoost
18693,2022-02-28,0.08153117,XGBoost
18694,2022-02-28,0.082240954,XGBoost
18695,2022-02-28,0.08685337,XGBoost
18696,2022-02-28,0.07436281,XGBoost
18697,2022-02-28,0.22672656,XGBoost
18698,2022-02-28,0.07015483,XGBoost
18699,2022-02-28,0.0728742,XGBoost
187,2022-02-28,0.06589422,XGBoost
1870,2022-02-28,0.20997009,XGBoost
18700,2022-02-28,0.23977427,XGBoost
18701,2022-02-28,0.086145744,XGBoost
18702,2022-02-28,0.083697125,XGBoost
18703,2022-02-28,0.23721339,XGBoost
18704,2022-02-28,0.22994852,XGBoost
18705,2022-02-28,0.24186353,XGBoost
18706,2022-02-28,0.21358243,XGBoost
18707,2022-02-28,0.22787711,XGBoost
18708,2022-02-28,0.07947476,XGBoost
18709,2022-02-28,0.08105551,XGBoost
1871,2022-02-28,0.21594591,XGBoost
18710,2022-02-28,0.080902405,XGBoost
18711,2022-02-28,0.23148325,XGBoost
18712,2022-02-28,0.23433131,XGBoost
18713,2022-02-28,0.08400857,XGBoost
18714,2022-02-28,0.07224626,XGBoost
18715,2022-02-28,0.079299465,XGBoost
18716,2022-02-28,0.08306721,XGBoost
18717,2022-02-28,0.08139042,XGBoost
18718,2022-02-28,0.06967094,XGBoost
18719,2022-02-28,0.08816099,XGBoost
1872,2022-02-28,0.23395899,XGBoost
18720,2022-02-28,0.2109875,XGBoost
18721,2022-02-28,0.22251314,XGBoost
18722,2022-02-28,0.22098413,XGBoost
18723,2022-02-28,0.24836694,XGBoost
18724,2022-02-28,0.07908955,XGBoost
18725,2022-02-28,0.22954936,XGBoost
18726,2022-02-28,0.23479971,XGBoost
18727,2022-02-28,0.08164856,XGBoost
18728,2022-02-28,0.07282065,XGBoost
18729,2022-02-28,0.08268539,XGBoost
1873,2022-02-28,0.26008123,XGBoost
18730,2022-02-28,0.21649641,XGBoost
18731,2022-02-28,0.08229458,XGBoost
18732,2022-02-28,0.2143732,XGBoost
18733,2022-02-28,0.2128496,XGBoost
18734,2022-02-28,0.07691213,XGBoost
18735,2022-02-28,0.21395081,XGBoost
18736,2022-02-28,0.24692544,XGBoost
18737,2022-02-28,0.22287226,XGBoost
18738,2022-02-28,0.23731354,XGBoost
18739,2022-02-28,0.23178229,XGBoost
1874,2022-02-28,0.08456008,XGBoost
18740,2022-02-28,0.22340113,XGBoost
18741,2022-02-28,0.08360655,XGBoost
18742,2022-02-28,0.08216972,XGBoost
18743,2022-02-28,0.24125992,XGBoost
18744,2022-02-28,0.0857701,XGBoost
18745,2022-02-28,0.22469687,XGBoost
18746,2022-02-28,0.2310816,XGBoost
18747,2022-02-28,0.08205308,XGBoost
18748,2022-02-28,0.2339644,XGBoost
18749,2022-02-28,0.07304702,XGBoost
1875,2022-02-28,0.23145856,XGBoost
18750,2022-02-28,0.21572767,XGBoost
18751,2022-02-28,0.08181676,XGBoost
18752,2022-02-28,0.22196218,XGBoost
18753,2022-02-28,0.082617186,XGBoost
18754,2022-02-28,0.23574851,XGBoost
18755,2022-02-28,0.07692015,XGBoost
18756,2022-02-28,0.06795116,XGBoost
18757,2022-02-28,0.24521819,XGBoost
18758,2022-02-28,0.24238625,XGBoost
18759,2022-02-28,0.085304804,XGBoost
1876,2022-02-28,0.2524298,XGBoost
18760,2022-02-28,0.08111166,XGBoost
18761,2022-02-28,0.22901288,XGBoost
18762,2022-02-28,0.078696445,XGBoost
18763,2022-02-28,0.087798566,XGBoost
18764,2022-02-28,0.22132026,XGBoost
18765,2022-02-28,0.07027276,XGBoost
18766,2022-02-28,0.081345364,XGBoost
18767,2022-02-28,0.2265359,XGBoost
18768,2022-02-28,0.22866793,XGBoost
18769,2022-02-28,0.2440588,XGBoost
1877,2022-02-28,0.0679049,XGBoost
18770,2022-02-28,0.22700793,XGBoost
18771,2022-02-28,0.23123384,XGBoost
18772,2022-02-28,0.2156073,XGBoost
18773,2022-02-28,0.08348297,XGBoost
18774,2022-02-28,0.07307866,XGBoost
18775,2022-02-28,0.21955878,XGBoost
18776,2022-02-28,0.08484782,XGBoost
18777,2022-02-28,0.07832046,XGBoost
18778,2022-02-28,0.07891633,XGBoost
18779,2022-02-28,0.0825902,XGBoost
1878,2022-02-28,0.1988791,XGBoost
18780,2022-02-28,0.23441449,XGBoost
18781,2022-02-28,0.07677532,XGBoost
18782,2022-02-28,0.07882021,XGBoost
18783,2022-02-28,0.22649424,XGBoost
18784,2022-02-28,0.23413052,XGBoost
18785,2022-02-28,0.2455779,XGBoost
18786,2022-02-28,0.21300825,XGBoost
18787,2022-02-28,0.06280481,XGBoost
18788,2022-02-28,0.08425758,XGBoost
18789,2022-02-28,0.07783074,XGBoost
1879,2022-02-28,0.08197984,XGBoost
18790,2022-02-28,0.23066242,XGBoost
18791,2022-02-28,0.08085638,XGBoost
18792,2022-02-28,0.08487081,XGBoost
18793,2022-02-28,0.07650389,XGBoost
18794,2022-02-28,0.08861082,XGBoost
18795,2022-02-28,0.07966909,XGBoost
18796,2022-02-28,0.066201866,XGBoost
18797,2022-02-28,0.090126984,XGBoost
18798,2022-02-28,0.078925215,XGBoost
18799,2022-02-28,0.08769694,XGBoost
188,2022-02-28,0.22155665,XGBoost
1880,2022-02-28,0.23767081,XGBoost
18800,2022-02-28,0.08095587,XGBoost
18801,2022-02-28,0.2233413,XGBoost
18802,2022-02-28,0.22682555,XGBoost
18803,2022-02-28,0.23197357,XGBoost
18804,2022-02-28,0.078908145,XGBoost
18805,2022-02-28,0.07323589,XGBoost
18806,2022-02-28,0.20568365,XGBoost
18807,2022-02-28,0.08234091,XGBoost
18808,2022-02-28,0.06537796,XGBoost
18809,2022-02-28,0.24536632,XGBoost
1881,2022-02-28,0.06855813,XGBoost
18810,2022-02-28,0.07717257,XGBoost
18811,2022-02-28,0.08637115,XGBoost
18812,2022-02-28,0.088842526,XGBoost
18813,2022-02-28,0.2467612,XGBoost
18814,2022-02-28,0.07896338,XGBoost
18815,2022-02-28,0.22214866,XGBoost
18816,2022-02-28,0.07306491,XGBoost
18817,2022-02-28,0.07934683,XGBoost
18818,2022-02-28,0.08540006,XGBoost
18819,2022-02-28,0.078330055,XGBoost
1882,2022-02-28,0.08524001,XGBoost
18820,2022-02-28,0.085522525,XGBoost
18821,2022-02-28,0.2253443,XGBoost
18822,2022-02-28,0.08158922,XGBoost
18823,2022-02-28,0.08520735,XGBoost
18824,2022-02-28,0.07695313,XGBoost
18825,2022-02-28,0.07080357,XGBoost
18826,2022-02-28,0.08519732,XGBoost
18827,2022-02-28,0.07381642,XGBoost
18828,2022-02-28,0.07852502,XGBoost
18829,2022-02-28,0.24119362,XGBoost
1883,2022-02-28,0.23580907,XGBoost
18830,2022-02-28,0.082490824,XGBoost
18831,2022-02-28,0.08490828,XGBoost
18832,2022-02-28,0.06396301,XGBoost
18833,2022-02-28,0.07777088,XGBoost
18834,2022-02-28,0.20072803,XGBoost
18835,2022-02-28,0.23316075,XGBoost
18836,2022-02-28,0.08342796,XGBoost
18837,2022-02-28,0.23243406,XGBoost
18838,2022-02-28,0.23671637,XGBoost
18839,2022-02-28,0.22263204,XGBoost
1884,2022-02-28,0.0785031,XGBoost
18840,2022-02-28,0.24960493,XGBoost
18841,2022-02-28,0.24059159,XGBoost
18842,2022-02-28,0.074195385,XGBoost
18843,2022-02-28,0.07307237,XGBoost
18844,2022-02-28,0.08503363,XGBoost
18845,2022-02-28,0.08169878,XGBoost
18846,2022-02-28,0.08516174,XGBoost
18847,2022-02-28,0.086597405,XGBoost
18848,2022-02-28,0.21000236,XGBoost
18849,2022-02-28,0.22295147,XGBoost
1885,2022-02-28,0.07898388,XGBoost
18850,2022-02-28,0.23430157,XGBoost
18851,2022-02-28,0.22433963,XGBoost
18852,2022-02-28,0.22947825,XGBoost
18853,2022-02-28,0.07160109,XGBoost
18854,2022-02-28,0.083492525,XGBoost
18855,2022-02-28,0.24883413,XGBoost
18856,2022-02-28,0.08027188,XGBoost
18857,2022-02-28,0.08304085,XGBoost
18858,2022-02-28,0.22865854,XGBoost
18859,2022-02-28,0.22467694,XGBoost
1886,2022-02-28,0.20951429,XGBoost
18860,2022-02-28,0.20128451,XGBoost
18861,2022-02-28,0.07748999,XGBoost
18862,2022-02-28,0.2442085,XGBoost
18863,2022-02-28,0.08098473,XGBoost
18864,2022-02-28,0.08643516,XGBoost
18865,2022-02-28,0.06913899,XGBoost
18866,2022-02-28,0.07532378,XGBoost
18867,2022-02-28,0.07106266,XGBoost
18868,2022-02-28,0.0859978,XGBoost
18869,2022-02-28,0.2267897,XGBoost
1887,2022-02-28,0.23958212,XGBoost
18870,2022-02-28,0.078145005,XGBoost
18871,2022-02-28,0.21379052,XGBoost
18872,2022-02-28,0.20905825,XGBoost
18873,2022-02-28,0.07013803,XGBoost
18874,2022-02-28,0.084990434,XGBoost
18875,2022-02-28,0.213259,XGBoost
18876,2022-02-28,0.081892386,XGBoost
18877,2022-02-28,0.08052623,XGBoost
18878,2022-02-28,0.07782256,XGBoost
18879,2022-02-28,0.22132361,XGBoost
1888,2022-02-28,0.22143047,XGBoost
18880,2022-02-28,0.08480286,XGBoost
18881,2022-02-28,0.23404346,XGBoost
18882,2022-02-28,0.083744854,XGBoost
18883,2022-02-28,0.25303185,XGBoost
18884,2022-02-28,0.20655636,XGBoost
18885,2022-02-28,0.24060258,XGBoost
18886,2022-02-28,0.07774473,XGBoost
18887,2022-02-28,0.07839529,XGBoost
18888,2022-02-28,0.085128024,XGBoost
18889,2022-02-28,0.08742102,XGBoost
1889,2022-02-28,0.24970871,XGBoost
18890,2022-02-28,0.08704995,XGBoost
18891,2022-02-28,0.07046459,XGBoost
18892,2022-02-28,0.077414244,XGBoost
18893,2022-02-28,0.07759372,XGBoost
18894,2022-02-28,0.21752019,XGBoost
18895,2022-02-28,0.08698688,XGBoost
18896,2022-02-28,0.08278844,XGBoost
18897,2022-02-28,0.07309761,XGBoost
18898,2022-02-28,0.24423909,XGBoost
18899,2022-02-28,0.08496074,XGBoost
189,2022-02-28,0.07925429,XGBoost
1890,2022-02-28,0.25389418,XGBoost
18900,2022-02-28,0.08234049,XGBoost
18901,2022-02-28,0.08574813,XGBoost
18902,2022-02-28,0.078493744,XGBoost
18903,2022-02-28,0.08639394,XGBoost
18904,2022-02-28,0.20194183,XGBoost
18905,2022-02-28,0.21444158,XGBoost
18906,2022-02-28,0.07700483,XGBoost
18907,2022-02-28,0.23324552,XGBoost
18908,2022-02-28,0.083623074,XGBoost
18909,2022-02-28,0.14788324,XGBoost
1891,2022-02-28,0.086714044,XGBoost
18910,2022-02-28,0.08849832,XGBoost
18911,2022-02-28,0.24080165,XGBoost
18912,2022-02-28,0.08502595,XGBoost
18913,2022-02-28,0.25602454,XGBoost
18914,2022-02-28,0.070618644,XGBoost
18915,2022-02-28,0.22672786,XGBoost
18916,2022-02-28,0.20101,XGBoost
18917,2022-02-28,0.22312057,XGBoost
18918,2022-02-28,0.24110378,XGBoost
18919,2022-02-28,0.077667706,XGBoost
1892,2022-02-28,0.08601719,XGBoost
18920,2022-02-28,0.22977853,XGBoost
18921,2022-02-28,0.22379461,XGBoost
18922,2022-02-28,0.07865034,XGBoost
18923,2022-02-28,0.07809266,XGBoost
18924,2022-02-28,0.0776445,XGBoost
18925,2022-02-28,0.08313982,XGBoost
18926,2022-02-28,0.06987951,XGBoost
18927,2022-02-28,0.24209742,XGBoost
18928,2022-02-28,0.20413302,XGBoost
18929,2022-02-28,0.08579841,XGBoost
1893,2022-02-28,0.08869998,XGBoost
18930,2022-02-28,0.07801925,XGBoost
18931,2022-02-28,0.08512051,XGBoost
18932,2022-02-28,0.08322068,XGBoost
18933,2022-02-28,0.23127559,XGBoost
18934,2022-02-28,0.07038158,XGBoost
18935,2022-02-28,0.2424039,XGBoost
18936,2022-02-28,0.08368544,XGBoost
18937,2022-02-28,0.2460056,XGBoost
18938,2022-02-28,0.19419225,XGBoost
18939,2022-02-28,0.2256104,XGBoost
1894,2022-02-28,0.08393975,XGBoost
18940,2022-02-28,0.081080906,XGBoost
18941,2022-02-28,0.2557982,XGBoost
18942,2022-02-28,0.069258705,XGBoost
18943,2022-02-28,0.2438706,XGBoost
18944,2022-02-28,0.21585263,XGBoost
18945,2022-02-28,0.2286402,XGBoost
18946,2022-02-28,0.06564578,XGBoost
18947,2022-02-28,0.08452754,XGBoost
18948,2022-02-28,0.23834011,XGBoost
18949,2022-02-28,0.23521599,XGBoost
1895,2022-02-28,0.07669346,XGBoost
18950,2022-02-28,0.08502684,XGBoost
18951,2022-02-28,0.21583004,XGBoost
18952,2022-02-28,0.08113249,XGBoost
18953,2022-02-28,0.21297961,XGBoost
18954,2022-02-28,0.08774725,XGBoost
18955,2022-02-28,0.23990405,XGBoost
18956,2022-02-28,0.08080034,XGBoost
18957,2022-02-28,0.24111177,XGBoost
18958,2022-02-28,0.24403968,XGBoost
18959,2022-02-28,0.09063781,XGBoost
1896,2022-02-28,0.083651476,XGBoost
18960,2022-02-28,0.07716479,XGBoost
18961,2022-02-28,0.07964994,XGBoost
18962,2022-02-28,0.25195515,XGBoost
18963,2022-02-28,0.24664299,XGBoost
18964,2022-02-28,0.2367473,XGBoost
18965,2022-02-28,0.2157896,XGBoost
18966,2022-02-28,0.08042419,XGBoost
18967,2022-02-28,0.08008067,XGBoost
18968,2022-02-28,0.20710191,XGBoost
18969,2022-02-28,0.07831051,XGBoost
1897,2022-02-28,0.21651699,XGBoost
18970,2022-02-28,0.08228196,XGBoost
18971,2022-02-28,0.07270321,XGBoost
18972,2022-02-28,0.08488659,XGBoost
18973,2022-02-28,0.07579496,XGBoost
18974,2022-02-28,0.08617116,XGBoost
18975,2022-02-28,0.23234779,XGBoost
18976,2022-02-28,0.23664176,XGBoost
18977,2022-02-28,0.08246856,XGBoost
18978,2022-02-28,0.21945134,XGBoost
18979,2022-02-28,0.2282058,XGBoost
1898,2022-02-28,0.22720823,XGBoost
18980,2022-02-28,0.08344641,XGBoost
18981,2022-02-28,0.07934301,XGBoost
18982,2022-02-28,0.23171432,XGBoost
18983,2022-02-28,0.08272194,XGBoost
18984,2022-02-28,0.07332758,XGBoost
18985,2022-02-28,0.21607216,XGBoost
18986,2022-02-28,0.08604055,XGBoost
18987,2022-02-28,0.21998763,XGBoost
18988,2022-02-28,0.21558776,XGBoost
18989,2022-02-28,0.07910748,XGBoost
1899,2022-02-28,0.08427946,XGBoost
18990,2022-02-28,0.23346548,XGBoost
18991,2022-02-28,0.22862127,XGBoost
18992,2022-02-28,0.079775535,XGBoost
18993,2022-02-28,0.08191117,XGBoost
18994,2022-02-28,0.08199134,XGBoost
18995,2022-02-28,0.24674585,XGBoost
18996,2022-02-28,0.23579758,XGBoost
18997,2022-02-28,0.07926125,XGBoost
18998,2022-02-28,0.08257299,XGBoost
18999,2022-02-28,0.23090044,XGBoost
19,2022-02-28,0.070922084,XGBoost
190,2022-02-28,0.23117149,XGBoost
1900,2022-02-28,0.07277563,XGBoost
19000,2022-02-28,0.1949695,XGBoost
19001,2022-02-28,0.08568518,XGBoost
19002,2022-02-28,0.08835742,XGBoost
19003,2022-02-28,0.078800574,XGBoost
19004,2022-02-28,0.08083365,XGBoost
19005,2022-02-28,0.082116276,XGBoost
19006,2022-02-28,0.08580552,XGBoost
19007,2022-02-28,0.2400777,XGBoost
19008,2022-02-28,0.23341697,XGBoost
19009,2022-02-28,0.06375905,XGBoost
1901,2022-02-28,0.2470402,XGBoost
19010,2022-02-28,0.21071394,XGBoost
19011,2022-02-28,0.08564245,XGBoost
19012,2022-02-28,0.08225158,XGBoost
19013,2022-02-28,0.08255157,XGBoost
19014,2022-02-28,0.081774645,XGBoost
19015,2022-02-28,0.08102071,XGBoost
19016,2022-02-28,0.23682888,XGBoost
19017,2022-02-28,0.08400112,XGBoost
19018,2022-02-28,0.08328924,XGBoost
19019,2022-02-28,0.082640246,XGBoost
1902,2022-02-28,0.24643135,XGBoost
19020,2022-02-28,0.086451836,XGBoost
19021,2022-02-28,0.20098428,XGBoost
19022,2022-02-28,0.2278559,XGBoost
19023,2022-02-28,0.0840561,XGBoost
19024,2022-02-28,0.07112421,XGBoost
19025,2022-02-28,0.08270857,XGBoost
19026,2022-02-28,0.23102462,XGBoost
19027,2022-02-28,0.22454062,XGBoost
19028,2022-02-28,0.24869691,XGBoost
19029,2022-02-28,0.2299557,XGBoost
1903,2022-02-28,0.08415578,XGBoost
19030,2022-02-28,0.08522266,XGBoost
19031,2022-02-28,0.21238635,XGBoost
19032,2022-02-28,0.082193844,XGBoost
19033,2022-02-28,0.067829184,XGBoost
19034,2022-02-28,0.08363982,XGBoost
19035,2022-02-28,0.19890554,XGBoost
19036,2022-02-28,0.084838,XGBoost
19037,2022-02-28,0.22366698,XGBoost
19038,2022-02-28,0.06925279,XGBoost
19039,2022-02-28,0.08623696,XGBoost
1904,2022-02-28,0.25209832,XGBoost
19040,2022-02-28,0.2266876,XGBoost
19041,2022-02-28,0.08519565,XGBoost
19042,2022-02-28,0.08366031,XGBoost
19043,2022-02-28,0.20331444,XGBoost
19044,2022-02-28,0.07431566,XGBoost
19045,2022-02-28,0.084394924,XGBoost
19046,2022-02-28,0.08011919,XGBoost
19047,2022-02-28,0.2338074,XGBoost
19048,2022-02-28,0.07834702,XGBoost
19049,2022-02-28,0.22547397,XGBoost
1905,2022-02-28,0.07935658,XGBoost
19050,2022-02-28,0.21790932,XGBoost
19051,2022-02-28,0.21544322,XGBoost
19052,2022-02-28,0.076927096,XGBoost
19053,2022-02-28,0.08669929,XGBoost
19054,2022-02-28,0.07904249,XGBoost
19055,2022-02-28,0.2095649,XGBoost
19056,2022-02-28,0.085106835,XGBoost
19057,2022-02-28,0.22636153,XGBoost
19058,2022-02-28,0.07277315,XGBoost
19059,2022-02-28,0.25635815,XGBoost
1906,2022-02-28,0.24620214,XGBoost
19060,2022-02-28,0.23545606,XGBoost
19061,2022-02-28,0.22762398,XGBoost
19062,2022-02-28,0.21179079,XGBoost
19063,2022-02-28,0.08221086,XGBoost
19064,2022-02-28,0.0848715,XGBoost
19065,2022-02-28,0.08305995,XGBoost
19066,2022-02-28,0.085069016,XGBoost
19067,2022-02-28,0.06746057,XGBoost
19068,2022-02-28,0.07839333,XGBoost
19069,2022-02-28,0.22922207,XGBoost
1907,2022-02-28,0.08346846,XGBoost
19070,2022-02-28,0.0870649,XGBoost
19071,2022-02-28,0.2539903,XGBoost
19072,2022-02-28,0.21655914,XGBoost
19073,2022-02-28,0.23429453,XGBoost
19074,2022-02-28,0.2239487,XGBoost
19075,2022-02-28,0.08515217,XGBoost
19076,2022-02-28,0.25546587,XGBoost
19077,2022-02-28,0.20861979,XGBoost
19078,2022-02-28,0.20446238,XGBoost
19079,2022-02-28,0.08830576,XGBoost
1908,2022-02-28,0.086109325,XGBoost
19080,2022-02-28,0.2557268,XGBoost
19081,2022-02-28,0.22706498,XGBoost
19082,2022-02-28,0.22924376,XGBoost
19083,2022-02-28,0.08442519,XGBoost
19084,2022-02-28,0.24058196,XGBoost
19085,2022-02-28,0.079197176,XGBoost
19086,2022-02-28,0.08240765,XGBoost
19087,2022-02-28,0.08192688,XGBoost
19088,2022-02-28,0.22273953,XGBoost
19089,2022-02-28,0.21753849,XGBoost
1909,2022-02-28,0.07765252,XGBoost
19090,2022-02-28,0.07388556,XGBoost
19091,2022-02-28,0.07549658,XGBoost
19092,2022-02-28,0.244559,XGBoost
19093,2022-02-28,0.09337822,XGBoost
19094,2022-02-28,0.08376579,XGBoost
19095,2022-02-28,0.21450643,XGBoost
19096,2022-02-28,0.24649535,XGBoost
19097,2022-02-28,0.23486884,XGBoost
19098,2022-02-28,0.07438396,XGBoost
19099,2022-02-28,0.082217656,XGBoost
191,2022-02-28,0.08300178,XGBoost
1910,2022-02-28,0.07193492,XGBoost
19100,2022-02-28,0.08263291,XGBoost
19101,2022-02-28,0.25045824,XGBoost
19102,2022-02-28,0.24145329,XGBoost
19103,2022-02-28,0.24266969,XGBoost
19104,2022-02-28,0.0799831,XGBoost
19105,2022-02-28,0.079849474,XGBoost
19106,2022-02-28,0.071152635,XGBoost
19107,2022-02-28,0.078761965,XGBoost
19108,2022-02-28,0.2412975,XGBoost
19109,2022-02-28,0.2242903,XGBoost
1911,2022-02-28,0.0715474,XGBoost
19110,2022-02-28,0.24838491,XGBoost
19111,2022-02-28,0.21185711,XGBoost
19112,2022-02-28,0.2534507,XGBoost
19113,2022-02-28,0.08136886,XGBoost
19114,2022-02-28,0.2536202,XGBoost
19115,2022-02-28,0.23500802,XGBoost
19116,2022-02-28,0.083623655,XGBoost
19117,2022-02-28,0.07912057,XGBoost
19118,2022-02-28,0.23633862,XGBoost
19119,2022-02-28,0.080762655,XGBoost
1912,2022-02-28,0.083011895,XGBoost
19120,2022-02-28,0.2306784,XGBoost
19121,2022-02-28,0.20684867,XGBoost
19122,2022-02-28,0.24311085,XGBoost
19123,2022-02-28,0.07139728,XGBoost
19124,2022-02-28,0.2269026,XGBoost
19125,2022-02-28,0.24949458,XGBoost
19126,2022-02-28,0.19534849,XGBoost
19127,2022-02-28,0.08431248,XGBoost
19128,2022-02-28,0.08447974,XGBoost
19129,2022-02-28,0.24193503,XGBoost
1913,2022-02-28,0.23826002,XGBoost
19130,2022-02-28,0.22047906,XGBoost
19131,2022-02-28,0.25151095,XGBoost
19132,2022-02-28,0.22783016,XGBoost
19133,2022-02-28,0.22833475,XGBoost
19134,2022-02-28,0.070762396,XGBoost
19135,2022-02-28,0.078045726,XGBoost
19136,2022-02-28,0.23165597,XGBoost
19137,2022-02-28,0.078588106,XGBoost
19138,2022-02-28,0.085163936,XGBoost
19139,2022-02-28,0.083509855,XGBoost
1914,2022-02-28,0.071621135,XGBoost
19140,2022-02-28,0.24818945,XGBoost
19141,2022-02-28,0.068144135,XGBoost
19142,2022-02-28,0.20972976,XGBoost
19143,2022-02-28,0.075679146,XGBoost
19144,2022-02-28,0.1998322,XGBoost
19145,2022-02-28,0.24620825,XGBoost
19146,2022-02-28,0.08280172,XGBoost
19147,2022-02-28,0.08534197,XGBoost
19148,2022-02-28,0.08197276,XGBoost
19149,2022-02-28,0.23709989,XGBoost
1915,2022-02-28,0.20313963,XGBoost
19150,2022-02-28,0.23240565,XGBoost
19151,2022-02-28,0.08193979,XGBoost
19152,2022-02-28,0.07723451,XGBoost
19153,2022-02-28,0.08621923,XGBoost
19154,2022-02-28,0.08601475,XGBoost
19155,2022-02-28,0.08441712,XGBoost
19156,2022-02-28,0.08590547,XGBoost
19157,2022-02-28,0.07726715,XGBoost
19158,2022-02-28,0.082408845,XGBoost
19159,2022-02-28,0.08333343,XGBoost
1916,2022-02-28,0.20720735,XGBoost
19160,2022-02-28,0.08999779,XGBoost
19161,2022-02-28,0.21130666,XGBoost
19162,2022-02-28,0.07723589,XGBoost
19163,2022-02-28,0.23244755,XGBoost
19164,2022-02-28,0.2191905,XGBoost
19165,2022-02-28,0.21377344,XGBoost
19166,2022-02-28,0.08127959,XGBoost
19167,2022-02-28,0.23207138,XGBoost
19168,2022-02-28,0.24598414,XGBoost
19169,2022-02-28,0.077381946,XGBoost
1917,2022-02-28,0.22642902,XGBoost
19170,2022-02-28,0.07756331,XGBoost
19171,2022-02-28,0.21579038,XGBoost
19172,2022-02-28,0.20984754,XGBoost
19173,2022-02-28,0.073498875,XGBoost
19174,2022-02-28,0.07744827,XGBoost
19175,2022-02-28,0.08534957,XGBoost
19176,2022-02-28,0.08540296,XGBoost
19177,2022-02-28,0.08339238,XGBoost
19178,2022-02-28,0.23006862,XGBoost
19179,2022-02-28,0.20698208,XGBoost
1918,2022-02-28,0.070363075,XGBoost
19180,2022-02-28,0.08561682,XGBoost
19181,2022-02-28,0.07542466,XGBoost
19182,2022-02-28,0.08725826,XGBoost
19183,2022-02-28,0.2152018,XGBoost
19184,2022-02-28,0.069402814,XGBoost
19185,2022-02-28,0.23988794,XGBoost
19186,2022-02-28,0.22817524,XGBoost
19187,2022-02-28,0.0882877,XGBoost
19188,2022-02-28,0.08232972,XGBoost
19189,2022-02-28,0.24163146,XGBoost
1919,2022-02-28,0.08747428,XGBoost
19190,2022-02-28,0.08204222,XGBoost
19191,2022-02-28,0.07831812,XGBoost
19192,2022-02-28,0.23564677,XGBoost
19193,2022-02-28,0.21434224,XGBoost
19194,2022-02-28,0.08544044,XGBoost
19195,2022-02-28,0.23518221,XGBoost
19196,2022-02-28,0.08399497,XGBoost
19197,2022-02-28,0.08308202,XGBoost
19198,2022-02-28,0.08327367,XGBoost
19199,2022-02-28,0.076450326,XGBoost
192,2022-02-28,0.20594615,XGBoost
1920,2022-02-28,0.2354327,XGBoost
19200,2022-02-28,0.070731364,XGBoost
19201,2022-02-28,0.22065334,XGBoost
19202,2022-02-28,0.08537169,XGBoost
19203,2022-02-28,0.08869777,XGBoost
19204,2022-02-28,0.07266032,XGBoost
19205,2022-02-28,0.23562331,XGBoost
19206,2022-02-28,0.069952324,XGBoost
19207,2022-02-28,0.08402569,XGBoost
19208,2022-02-28,0.07166036,XGBoost
19209,2022-02-28,0.23468827,XGBoost
1921,2022-02-28,0.21615313,XGBoost
19210,2022-02-28,0.21954995,XGBoost
19211,2022-02-28,0.08517087,XGBoost
19212,2022-02-28,0.23501061,XGBoost
19213,2022-02-28,0.0803043,XGBoost
19214,2022-02-28,0.23645988,XGBoost
19215,2022-02-28,0.07863133,XGBoost
19216,2022-02-28,0.08688496,XGBoost
19217,2022-02-28,0.21941,XGBoost
19218,2022-02-28,0.23415358,XGBoost
19219,2022-02-28,0.08690526,XGBoost
1922,2022-02-28,0.08347481,XGBoost
19220,2022-02-28,0.2138,XGBoost
19221,2022-02-28,0.08598894,XGBoost
19222,2022-02-28,0.24031569,XGBoost
19223,2022-02-28,0.23216046,XGBoost
19224,2022-02-28,0.08857526,XGBoost
19225,2022-02-28,0.08239292,XGBoost
19226,2022-02-28,0.21477677,XGBoost
19227,2022-02-28,0.20905612,XGBoost
19228,2022-02-28,0.24179302,XGBoost
19229,2022-02-28,0.08549636,XGBoost
1923,2022-02-28,0.24431802,XGBoost
19230,2022-02-28,0.21355905,XGBoost
19231,2022-02-28,0.22911331,XGBoost
19232,2022-02-28,0.22549796,XGBoost
19233,2022-02-28,0.2232145,XGBoost
19234,2022-02-28,0.078957684,XGBoost
19235,2022-02-28,0.22974432,XGBoost
19236,2022-02-28,0.20825474,XGBoost
19237,2022-02-28,0.08135415,XGBoost
19238,2022-02-28,0.20342243,XGBoost
19239,2022-02-28,0.23285016,XGBoost
1924,2022-02-28,0.23020434,XGBoost
19240,2022-02-28,0.21936356,XGBoost
19241,2022-02-28,0.21862963,XGBoost
19242,2022-02-28,0.23530126,XGBoost
19243,2022-02-28,0.06794487,XGBoost
19244,2022-02-28,0.08523994,XGBoost
19245,2022-02-28,0.07987758,XGBoost
19246,2022-02-28,0.085252665,XGBoost
19247,2022-02-28,0.084291585,XGBoost
19248,2022-02-28,0.22833878,XGBoost
19249,2022-02-28,0.22848262,XGBoost
1925,2022-02-28,0.22461021,XGBoost
19250,2022-02-28,0.23647878,XGBoost
19251,2022-02-28,0.079520054,XGBoost
19252,2022-02-28,0.23027858,XGBoost
19253,2022-02-28,0.2450587,XGBoost
19254,2022-02-28,0.08678902,XGBoost
19255,2022-02-28,0.2593691,XGBoost
19256,2022-02-28,0.21472907,XGBoost
19257,2022-02-28,0.22492948,XGBoost
19258,2022-02-28,0.078680575,XGBoost
19259,2022-02-28,0.08163344,XGBoost
1926,2022-02-28,0.082061015,XGBoost
19260,2022-02-28,0.07832271,XGBoost
19261,2022-02-28,0.077029355,XGBoost
19262,2022-02-28,0.24027604,XGBoost
19263,2022-02-28,0.22886705,XGBoost
19264,2022-02-28,0.083487004,XGBoost
19265,2022-02-28,0.07142336,XGBoost
19266,2022-02-28,0.08137701,XGBoost
19267,2022-02-28,0.08269435,XGBoost
19268,2022-02-28,0.08055174,XGBoost
19269,2022-02-28,0.085744664,XGBoost
1927,2022-02-28,0.08971254,XGBoost
19270,2022-02-28,0.07308336,XGBoost
19271,2022-02-28,0.077885,XGBoost
19272,2022-02-28,0.21162115,XGBoost
19273,2022-02-28,0.08745955,XGBoost
19274,2022-02-28,0.22073409,XGBoost
19275,2022-02-28,0.20876804,XGBoost
19276,2022-02-28,0.08692037,XGBoost
19277,2022-02-28,0.08539925,XGBoost
19278,2022-02-28,0.08748477,XGBoost
19279,2022-02-28,0.22462274,XGBoost
1928,2022-02-28,0.24444424,XGBoost
19280,2022-02-28,0.07890637,XGBoost
19281,2022-02-28,0.24708262,XGBoost
19282,2022-02-28,0.23168994,XGBoost
19283,2022-02-28,0.22657473,XGBoost
19284,2022-02-28,0.07698072,XGBoost
19285,2022-02-28,0.082785115,XGBoost
19286,2022-02-28,0.07915851,XGBoost
19287,2022-02-28,0.2099862,XGBoost
19288,2022-02-28,0.22808082,XGBoost
19289,2022-02-28,0.06975095,XGBoost
1929,2022-02-28,0.07161534,XGBoost
19290,2022-02-28,0.08595109,XGBoost
19291,2022-02-28,0.2178559,XGBoost
19292,2022-02-28,0.22892241,XGBoost
19293,2022-02-28,0.2329954,XGBoost
19294,2022-02-28,0.23537613,XGBoost
19295,2022-02-28,0.23179133,XGBoost
19296,2022-02-28,0.0821549,XGBoost
19297,2022-02-28,0.23492923,XGBoost
19298,2022-02-28,0.23104611,XGBoost
19299,2022-02-28,0.21767262,XGBoost
193,2022-02-28,0.23765655,XGBoost
1930,2022-02-28,0.24358405,XGBoost
19300,2022-02-28,0.08798011,XGBoost
19301,2022-02-28,0.24974369,XGBoost
19302,2022-02-28,0.08580797,XGBoost
19303,2022-02-28,0.24496666,XGBoost
19304,2022-02-28,0.08124243,XGBoost
19305,2022-02-28,0.23778206,XGBoost
19306,2022-02-28,0.088310964,XGBoost
19307,2022-02-28,0.23818077,XGBoost
19308,2022-02-28,0.085749954,XGBoost
19309,2022-02-28,0.23387343,XGBoost
1931,2022-02-28,0.07667105,XGBoost
19310,2022-02-28,0.24660367,XGBoost
19311,2022-02-28,0.08566313,XGBoost
19312,2022-02-28,0.08132875,XGBoost
19313,2022-02-28,0.21212482,XGBoost
19314,2022-02-28,0.079072006,XGBoost
19315,2022-02-28,0.22437263,XGBoost
19316,2022-02-28,0.072898336,XGBoost
19317,2022-02-28,0.08661762,XGBoost
19318,2022-02-28,0.07153727,XGBoost
19319,2022-02-28,0.22482397,XGBoost
1932,2022-02-28,0.2498854,XGBoost
19320,2022-02-28,0.08141258,XGBoost
19321,2022-02-28,0.08100177,XGBoost
19322,2022-02-28,0.2368575,XGBoost
19323,2022-02-28,0.08368512,XGBoost
19324,2022-02-28,0.08401476,XGBoost
19325,2022-02-28,0.087904975,XGBoost
19326,2022-02-28,0.07860369,XGBoost
19327,2022-02-28,0.08754252,XGBoost
19328,2022-02-28,0.08796628,XGBoost
19329,2022-02-28,0.083414435,XGBoost
1933,2022-02-28,0.08054584,XGBoost
19330,2022-02-28,0.0878041,XGBoost
19331,2022-02-28,0.08859844,XGBoost
19332,2022-02-28,0.25327802,XGBoost
19333,2022-02-28,0.08320982,XGBoost
19334,2022-02-28,0.07892176,XGBoost
19335,2022-02-28,0.08829643,XGBoost
19336,2022-02-28,0.078744784,XGBoost
19337,2022-02-28,0.21411076,XGBoost
19338,2022-02-28,0.077319525,XGBoost
19339,2022-02-28,0.06574602,XGBoost
1934,2022-02-28,0.08854204,XGBoost
19340,2022-02-28,0.08379984,XGBoost
19341,2022-02-28,0.08295549,XGBoost
19342,2022-02-28,0.08502697,XGBoost
19343,2022-02-28,0.071778014,XGBoost
19344,2022-02-28,0.08105855,XGBoost
19345,2022-02-28,0.073117316,XGBoost
19346,2022-02-28,0.0857079,XGBoost
19347,2022-02-28,0.22651334,XGBoost
19348,2022-02-28,0.23351528,XGBoost
19349,2022-02-28,0.07378261,XGBoost
1935,2022-02-28,0.23607048,XGBoost
19350,2022-02-28,0.20546022,XGBoost
19351,2022-02-28,0.2366964,XGBoost
19352,2022-02-28,0.20718515,XGBoost
19353,2022-02-28,0.21790579,XGBoost
19354,2022-02-28,0.2418,XGBoost
19355,2022-02-28,0.22263594,XGBoost
19356,2022-02-28,0.08547817,XGBoost
19357,2022-02-28,0.07054488,XGBoost
19358,2022-02-28,0.06570587,XGBoost
19359,2022-02-28,0.08509192,XGBoost
1936,2022-02-28,0.24096246,XGBoost
19360,2022-02-28,0.22458352,XGBoost
19361,2022-02-28,0.25348976,XGBoost
19362,2022-02-28,0.0711758,XGBoost
19363,2022-02-28,0.22241396,XGBoost
19364,2022-02-28,0.08186296,XGBoost
19365,2022-02-28,0.24255005,XGBoost
19366,2022-02-28,0.07117777,XGBoost
19367,2022-02-28,0.08537987,XGBoost
19368,2022-02-28,0.22794425,XGBoost
19369,2022-02-28,0.23399192,XGBoost
1937,2022-02-28,0.23042803,XGBoost
19370,2022-02-28,0.08372359,XGBoost
19371,2022-02-28,0.07695876,XGBoost
19372,2022-02-28,0.23424023,XGBoost
19373,2022-02-28,0.082659,XGBoost
19374,2022-02-28,0.086115874,XGBoost
19375,2022-02-28,0.2506521,XGBoost
19376,2022-02-28,0.086655684,XGBoost
19377,2022-02-28,0.08354501,XGBoost
19378,2022-02-28,0.082651004,XGBoost
19379,2022-02-28,0.081878364,XGBoost
1938,2022-02-28,0.08443407,XGBoost
19380,2022-02-28,0.07731682,XGBoost
19381,2022-02-28,0.24528797,XGBoost
19382,2022-02-28,0.07476383,XGBoost
19383,2022-02-28,0.24730086,XGBoost
19384,2022-02-28,0.08464676,XGBoost
19385,2022-02-28,0.08551383,XGBoost
19386,2022-02-28,0.2346458,XGBoost
19387,2022-02-28,0.08819952,XGBoost
19388,2022-02-28,0.072188556,XGBoost
19389,2022-02-28,0.07932873,XGBoost
1939,2022-02-28,0.06479205,XGBoost
19390,2022-02-28,0.24133933,XGBoost
19391,2022-02-28,0.0855949,XGBoost
19392,2022-02-28,0.24135754,XGBoost
19393,2022-02-28,0.08206944,XGBoost
19394,2022-02-28,0.23366906,XGBoost
19395,2022-02-28,0.08694111,XGBoost
19396,2022-02-28,0.2307618,XGBoost
19397,2022-02-28,0.08569422,XGBoost
19398,2022-02-28,0.08431915,XGBoost
19399,2022-02-28,0.073063105,XGBoost
194,2022-02-28,0.23769046,XGBoost
1940,2022-02-28,0.07786102,XGBoost
19400,2022-02-28,0.22476974,XGBoost
19401,2022-02-28,0.07780478,XGBoost
19402,2022-02-28,0.07491935,XGBoost
19403,2022-02-28,0.2386285,XGBoost
19404,2022-02-28,0.23563817,XGBoost
19405,2022-02-28,0.07246292,XGBoost
19406,2022-02-28,0.07494423,XGBoost
19407,2022-02-28,0.19974224,XGBoost
19408,2022-02-28,0.2276258,XGBoost
19409,2022-02-28,0.07151157,XGBoost
1941,2022-02-28,0.07846727,XGBoost
19410,2022-02-28,0.067281075,XGBoost
19411,2022-02-28,0.08275522,XGBoost
19412,2022-02-28,0.08436738,XGBoost
19413,2022-02-28,0.08390303,XGBoost
19414,2022-02-28,0.23559211,XGBoost
19415,2022-02-28,0.07866315,XGBoost
19416,2022-02-28,0.08700008,XGBoost
19417,2022-02-28,0.08680619,XGBoost
19418,2022-02-28,0.086165905,XGBoost
19419,2022-02-28,0.08167772,XGBoost
1942,2022-02-28,0.24120337,XGBoost
19420,2022-02-28,0.21306275,XGBoost
19421,2022-02-28,0.21857254,XGBoost
19422,2022-02-28,0.07777186,XGBoost
19423,2022-02-28,0.21300699,XGBoost
19424,2022-02-28,0.085164405,XGBoost
19425,2022-02-28,0.24426742,XGBoost
19426,2022-02-28,0.0791533,XGBoost
19427,2022-02-28,0.19602983,XGBoost
19428,2022-02-28,0.20959476,XGBoost
19429,2022-02-28,0.082659535,XGBoost
1943,2022-02-28,0.23826927,XGBoost
19430,2022-02-28,0.087321244,XGBoost
19431,2022-02-28,0.23239516,XGBoost
19432,2022-02-28,0.071833625,XGBoost
19433,2022-02-28,0.084341474,XGBoost
19434,2022-02-28,0.08327236,XGBoost
19435,2022-02-28,0.07773984,XGBoost
19436,2022-02-28,0.08121647,XGBoost
19437,2022-02-28,0.07397621,XGBoost
19438,2022-02-28,0.21494871,XGBoost
19439,2022-02-28,0.2384172,XGBoost
1944,2022-02-28,0.08079303,XGBoost
19440,2022-02-28,0.23197737,XGBoost
19441,2022-02-28,0.07904129,XGBoost
19442,2022-02-28,0.08324069,XGBoost
19443,2022-02-28,0.078979805,XGBoost
19444,2022-02-28,0.07202864,XGBoost
19445,2022-02-28,0.24588397,XGBoost
19446,2022-02-28,0.08411818,XGBoost
19447,2022-02-28,0.25378144,XGBoost
19448,2022-02-28,0.22199412,XGBoost
19449,2022-02-28,0.08386496,XGBoost
1945,2022-02-28,0.21375437,XGBoost
19450,2022-02-28,0.22355868,XGBoost
19451,2022-02-28,0.23454495,XGBoost
19452,2022-02-28,0.07759419,XGBoost
19453,2022-02-28,0.0786441,XGBoost
19454,2022-02-28,0.0766748,XGBoost
19455,2022-02-28,0.2193056,XGBoost
19456,2022-02-28,0.1918663,XGBoost
19457,2022-02-28,0.08603686,XGBoost
19458,2022-02-28,0.22270101,XGBoost
19459,2022-02-28,0.07803302,XGBoost
1946,2022-02-28,0.06953477,XGBoost
19460,2022-02-28,0.07889858,XGBoost
19461,2022-02-28,0.07907066,XGBoost
19462,2022-02-28,0.07705664,XGBoost
19463,2022-02-28,0.07140454,XGBoost
19464,2022-02-28,0.24797842,XGBoost
19465,2022-02-28,0.24140355,XGBoost
19466,2022-02-28,0.2544596,XGBoost
19467,2022-02-28,0.087924145,XGBoost
19468,2022-02-28,0.08254383,XGBoost
19469,2022-02-28,0.08153498,XGBoost
1947,2022-02-28,0.23573309,XGBoost
19470,2022-02-28,0.08527835,XGBoost
19471,2022-02-28,0.25758156,XGBoost
19472,2022-02-28,0.23565447,XGBoost
19473,2022-02-28,0.082120664,XGBoost
19474,2022-02-28,0.085038416,XGBoost
19475,2022-02-28,0.08387484,XGBoost
19476,2022-02-28,0.21968733,XGBoost
19477,2022-02-28,0.21238714,XGBoost
19478,2022-02-28,0.22268869,XGBoost
19479,2022-02-28,0.07140827,XGBoost
1948,2022-02-28,0.22621574,XGBoost
19480,2022-02-28,0.24524826,XGBoost
19481,2022-02-28,0.077396624,XGBoost
19482,2022-02-28,0.23164073,XGBoost
19483,2022-02-28,0.077807635,XGBoost
19484,2022-02-28,0.08279236,XGBoost
19485,2022-02-28,0.08333471,XGBoost
19486,2022-02-28,0.085334465,XGBoost
19487,2022-02-28,0.082877606,XGBoost
19488,2022-02-28,0.22805151,XGBoost
19489,2022-02-28,0.20297976,XGBoost
1949,2022-02-28,0.2378859,XGBoost
19490,2022-02-28,0.08206151,XGBoost
19491,2022-02-28,0.23553364,XGBoost
19492,2022-02-28,0.24058057,XGBoost
19493,2022-02-28,0.08258879,XGBoost
19494,2022-02-28,0.23163106,XGBoost
19495,2022-02-28,0.22776349,XGBoost
19496,2022-02-28,0.076708555,XGBoost
19497,2022-02-28,0.24155574,XGBoost
19498,2022-02-28,0.21782662,XGBoost
19499,2022-02-28,0.08379502,XGBoost
195,2022-02-28,0.22548273,XGBoost
1950,2022-02-28,0.20975406,XGBoost
19500,2022-02-28,0.22899497,XGBoost
19501,2022-02-28,0.21723624,XGBoost
19502,2022-02-28,0.22879145,XGBoost
19503,2022-02-28,0.08387379,XGBoost
19504,2022-02-28,0.08354937,XGBoost
19505,2022-02-28,0.06475494,XGBoost
19506,2022-02-28,0.08292245,XGBoost
19507,2022-02-28,0.07908076,XGBoost
19508,2022-02-28,0.08319298,XGBoost
19509,2022-02-28,0.24154305,XGBoost
1951,2022-02-28,0.089158185,XGBoost
19510,2022-02-28,0.23030116,XGBoost
19511,2022-02-28,0.2549113,XGBoost
19512,2022-02-28,0.22957602,XGBoost
19513,2022-02-28,0.21502717,XGBoost
19514,2022-02-28,0.08813843,XGBoost
19515,2022-02-28,0.07790039,XGBoost
19516,2022-02-28,0.21946734,XGBoost
19517,2022-02-28,0.20217225,XGBoost
19518,2022-02-28,0.08323051,XGBoost
19519,2022-02-28,0.07172305,XGBoost
1952,2022-02-28,0.08860806,XGBoost
19520,2022-02-28,0.21522018,XGBoost
19521,2022-02-28,0.08936188,XGBoost
19522,2022-02-28,0.23069996,XGBoost
19523,2022-02-28,0.08691756,XGBoost
19524,2022-02-28,0.21721838,XGBoost
19525,2022-02-28,0.08525606,XGBoost
19526,2022-02-28,0.08236447,XGBoost
19527,2022-02-28,0.0801467,XGBoost
19528,2022-02-28,0.08827753,XGBoost
19529,2022-02-28,0.07395035,XGBoost
1953,2022-02-28,0.06811954,XGBoost
19530,2022-02-28,0.21179982,XGBoost
19531,2022-02-28,0.08043447,XGBoost
19532,2022-02-28,0.078945376,XGBoost
19533,2022-02-28,0.07331652,XGBoost
19534,2022-02-28,0.24603614,XGBoost
19535,2022-02-28,0.23304395,XGBoost
19536,2022-02-28,0.24141318,XGBoost
19537,2022-02-28,0.2675555,XGBoost
19538,2022-02-28,0.22796097,XGBoost
19539,2022-02-28,0.088834055,XGBoost
1954,2022-02-28,0.06511849,XGBoost
19540,2022-02-28,0.23462246,XGBoost
19541,2022-02-28,0.08432124,XGBoost
19542,2022-02-28,0.21858369,XGBoost
19543,2022-02-28,0.24345705,XGBoost
19544,2022-02-28,0.08522302,XGBoost
19545,2022-02-28,0.07484037,XGBoost
19546,2022-02-28,0.21910925,XGBoost
19547,2022-02-28,0.20827478,XGBoost
19548,2022-02-28,0.08621531,XGBoost
19549,2022-02-28,0.24959335,XGBoost
1955,2022-02-28,0.07253185,XGBoost
19550,2022-02-28,0.2297475,XGBoost
19551,2022-02-28,0.19852048,XGBoost
19552,2022-02-28,0.08321003,XGBoost
19553,2022-02-28,0.20518632,XGBoost
19554,2022-02-28,0.08132903,XGBoost
19555,2022-02-28,0.08681438,XGBoost
19556,2022-02-28,0.21459945,XGBoost
19557,2022-02-28,0.071574226,XGBoost
19558,2022-02-28,0.079153985,XGBoost
19559,2022-02-28,0.24398084,XGBoost
1956,2022-02-28,0.22324538,XGBoost
19560,2022-02-28,0.23131238,XGBoost
19561,2022-02-28,0.2066935,XGBoost
19562,2022-02-28,0.23268558,XGBoost
19563,2022-02-28,0.08586444,XGBoost
19564,2022-02-28,0.087027445,XGBoost
19565,2022-02-28,0.08288832,XGBoost
19566,2022-02-28,0.21608908,XGBoost
19567,2022-02-28,0.079136044,XGBoost
19568,2022-02-28,0.081420206,XGBoost
19569,2022-02-28,0.24568304,XGBoost
1957,2022-02-28,0.08242219,XGBoost
19570,2022-02-28,0.07494471,XGBoost
19571,2022-02-28,0.2345459,XGBoost
19572,2022-02-28,0.20052299,XGBoost
19573,2022-02-28,0.08025981,XGBoost
19574,2022-02-28,0.08517828,XGBoost
19575,2022-02-28,0.21836878,XGBoost
19576,2022-02-28,0.222996,XGBoost
19577,2022-02-28,0.07832054,XGBoost
19578,2022-02-28,0.101504005,XGBoost
19579,2022-02-28,0.08441633,XGBoost
1958,2022-02-28,0.0818037,XGBoost
19580,2022-02-28,0.23563153,XGBoost
19581,2022-02-28,0.078427196,XGBoost
19582,2022-02-28,0.07947788,XGBoost
19583,2022-02-28,0.23135404,XGBoost
19584,2022-02-28,0.06795781,XGBoost
19585,2022-02-28,0.21519543,XGBoost
19586,2022-02-28,0.086468875,XGBoost
19587,2022-02-28,0.07896372,XGBoost
19588,2022-02-28,0.08357683,XGBoost
19589,2022-02-28,0.08352343,XGBoost
1959,2022-02-28,0.2293437,XGBoost
19590,2022-02-28,0.23200394,XGBoost
19591,2022-02-28,0.07052314,XGBoost
19592,2022-02-28,0.23122734,XGBoost
19593,2022-02-28,0.21576746,XGBoost
19594,2022-02-28,0.0845155,XGBoost
19595,2022-02-28,0.07585371,XGBoost
19596,2022-02-28,0.078882284,XGBoost
19597,2022-02-28,0.066789545,XGBoost
19598,2022-02-28,0.07082499,XGBoost
19599,2022-02-28,0.22234645,XGBoost
196,2022-02-28,0.07850393,XGBoost
1960,2022-02-28,0.08063539,XGBoost
19600,2022-02-28,0.21933363,XGBoost
19601,2022-02-28,0.24541065,XGBoost
19602,2022-02-28,0.24466884,XGBoost
19603,2022-02-28,0.25188327,XGBoost
19604,2022-02-28,0.20150246,XGBoost
19605,2022-02-28,0.08880297,XGBoost
19606,2022-02-28,0.07804216,XGBoost
19607,2022-02-28,0.078885786,XGBoost
19608,2022-02-28,0.08466971,XGBoost
19609,2022-02-28,0.22796954,XGBoost
1961,2022-02-28,0.22784606,XGBoost
19610,2022-02-28,0.2147306,XGBoost
19611,2022-02-28,0.21731323,XGBoost
19612,2022-02-28,0.07322984,XGBoost
19613,2022-02-28,0.084541775,XGBoost
19614,2022-02-28,0.078854226,XGBoost
19615,2022-02-28,0.076017514,XGBoost
19616,2022-02-28,0.23776153,XGBoost
19617,2022-02-28,0.078722425,XGBoost
19618,2022-02-28,0.07289373,XGBoost
19619,2022-02-28,0.086763546,XGBoost
1962,2022-02-28,0.07791547,XGBoost
19620,2022-02-28,0.070808314,XGBoost
19621,2022-02-28,0.25651574,XGBoost
19622,2022-02-28,0.22352844,XGBoost
19623,2022-02-28,0.081581496,XGBoost
19624,2022-02-28,0.24298827,XGBoost
19625,2022-02-28,0.21734051,XGBoost
19626,2022-02-28,0.08370016,XGBoost
19627,2022-02-28,0.081752054,XGBoost
19628,2022-02-28,0.08243599,XGBoost
19629,2022-02-28,0.23093826,XGBoost
1963,2022-02-28,0.07937189,XGBoost
19630,2022-02-28,0.081903666,XGBoost
19631,2022-02-28,0.08091428,XGBoost
19632,2022-02-28,0.2463842,XGBoost
19633,2022-02-28,0.06439093,XGBoost
19634,2022-02-28,0.08586459,XGBoost
19635,2022-02-28,0.21869287,XGBoost
19636,2022-02-28,0.08499689,XGBoost
19637,2022-02-28,0.23713449,XGBoost
19638,2022-02-28,0.2405447,XGBoost
19639,2022-02-28,0.21360372,XGBoost
1964,2022-02-28,0.23856248,XGBoost
19640,2022-02-28,0.07348966,XGBoost
19641,2022-02-28,0.24739479,XGBoost
19642,2022-02-28,0.085110426,XGBoost
19643,2022-02-28,0.21312761,XGBoost
19644,2022-02-28,0.08179829,XGBoost
19645,2022-02-28,0.21727914,XGBoost
19646,2022-02-28,0.081027575,XGBoost
19647,2022-02-28,0.2264143,XGBoost
19648,2022-02-28,0.19657736,XGBoost
19649,2022-02-28,0.07275205,XGBoost
1965,2022-02-28,0.218906,XGBoost
19650,2022-02-28,0.08460281,XGBoost
19651,2022-02-28,0.24499783,XGBoost
19652,2022-02-28,0.08142145,XGBoost
19653,2022-02-28,0.22914813,XGBoost
19654,2022-02-28,0.07394284,XGBoost
19655,2022-02-28,0.22105853,XGBoost
19656,2022-02-28,0.24515237,XGBoost
19657,2022-02-28,0.08715806,XGBoost
19658,2022-02-28,0.23931938,XGBoost
19659,2022-02-28,0.07046713,XGBoost
1966,2022-02-28,0.08615455,XGBoost
19660,2022-02-28,0.26192376,XGBoost
19661,2022-02-28,0.23286507,XGBoost
19662,2022-02-28,0.23117915,XGBoost
19663,2022-02-28,0.21981923,XGBoost
19664,2022-02-28,0.22425331,XGBoost
19665,2022-02-28,0.22584069,XGBoost
19666,2022-02-28,0.21563564,XGBoost
19667,2022-02-28,0.07739329,XGBoost
19668,2022-02-28,0.08122686,XGBoost
19669,2022-02-28,0.22348161,XGBoost
1967,2022-02-28,0.22188902,XGBoost
19670,2022-02-28,0.07995774,XGBoost
19671,2022-02-28,0.20996165,XGBoost
19672,2022-02-28,0.23511368,XGBoost
19673,2022-02-28,0.08669715,XGBoost
19674,2022-02-28,0.21817698,XGBoost
19675,2022-02-28,0.20546566,XGBoost
19676,2022-02-28,0.24405035,XGBoost
19677,2022-02-28,0.081049554,XGBoost
19678,2022-02-28,0.22342715,XGBoost
19679,2022-02-28,0.20631218,XGBoost
1968,2022-02-28,0.25340003,XGBoost
19680,2022-02-28,0.08392122,XGBoost
19681,2022-02-28,0.07970493,XGBoost
19682,2022-02-28,0.087611236,XGBoost
19683,2022-02-28,0.0804571,XGBoost
19684,2022-02-28,0.07994569,XGBoost
19685,2022-02-28,0.07263961,XGBoost
19686,2022-02-28,0.22899303,XGBoost
19687,2022-02-28,0.23571146,XGBoost
19688,2022-02-28,0.23375155,XGBoost
19689,2022-02-28,0.07242589,XGBoost
1969,2022-02-28,0.08120244,XGBoost
19690,2022-02-28,0.07107172,XGBoost
19691,2022-02-28,0.08548947,XGBoost
19692,2022-02-28,0.08086005,XGBoost
19693,2022-02-28,0.0871383,XGBoost
19694,2022-02-28,0.08317106,XGBoost
19695,2022-02-28,0.07318824,XGBoost
19696,2022-02-28,0.07655322,XGBoost
19697,2022-02-28,0.08484852,XGBoost
19698,2022-02-28,0.20825733,XGBoost
19699,2022-02-28,0.07639313,XGBoost
197,2022-02-28,0.08332239,XGBoost
1970,2022-02-28,0.21851157,XGBoost
19700,2022-02-28,0.08531346,XGBoost
19701,2022-02-28,0.08370854,XGBoost
19702,2022-02-28,0.08241308,XGBoost
19703,2022-02-28,0.07710921,XGBoost
19704,2022-02-28,0.064679384,XGBoost
19705,2022-02-28,0.21774472,XGBoost
19706,2022-02-28,0.087067686,XGBoost
19707,2022-02-28,0.07272561,XGBoost
19708,2022-02-28,0.08682898,XGBoost
19709,2022-02-28,0.08369866,XGBoost
1971,2022-02-28,0.21564242,XGBoost
19710,2022-02-28,0.23500493,XGBoost
19711,2022-02-28,0.21517865,XGBoost
19712,2022-02-28,0.077875085,XGBoost
19713,2022-02-28,0.06968792,XGBoost
19714,2022-02-28,0.07730166,XGBoost
19715,2022-02-28,0.078187354,XGBoost
19716,2022-02-28,0.08239095,XGBoost
19717,2022-02-28,0.23581775,XGBoost
19718,2022-02-28,0.08328892,XGBoost
19719,2022-02-28,0.08534223,XGBoost
1972,2022-02-28,0.20286809,XGBoost
19720,2022-02-28,0.23426554,XGBoost
19721,2022-02-28,0.24170841,XGBoost
19722,2022-02-28,0.2185132,XGBoost
19723,2022-02-28,0.23728602,XGBoost
19724,2022-02-28,0.21130265,XGBoost
19725,2022-02-28,0.07734702,XGBoost
19726,2022-02-28,0.081186794,XGBoost
19727,2022-02-28,0.087586276,XGBoost
19728,2022-02-28,0.24423462,XGBoost
19729,2022-02-28,0.24617349,XGBoost
1973,2022-02-28,0.087297544,XGBoost
19730,2022-02-28,0.22342102,XGBoost
19731,2022-02-28,0.21934372,XGBoost
19732,2022-02-28,0.07739684,XGBoost
19733,2022-02-28,0.25423083,XGBoost
19734,2022-02-28,0.07382601,XGBoost
19735,2022-02-28,0.08185522,XGBoost
19736,2022-02-28,0.23679398,XGBoost
19737,2022-02-28,0.084661596,XGBoost
19738,2022-02-28,0.070430495,XGBoost
19739,2022-02-28,0.07612529,XGBoost
1974,2022-02-28,0.24129277,XGBoost
19740,2022-02-28,0.22307105,XGBoost
19741,2022-02-28,0.24988005,XGBoost
19742,2022-02-28,0.085634865,XGBoost
19743,2022-02-28,0.22436894,XGBoost
19744,2022-02-28,0.083224714,XGBoost
19745,2022-02-28,0.090106994,XGBoost
19746,2022-02-28,0.22039628,XGBoost
19747,2022-02-28,0.08558434,XGBoost
19748,2022-02-28,0.233855,XGBoost
19749,2022-02-28,0.20684819,XGBoost
1975,2022-02-28,0.086322695,XGBoost
19750,2022-02-28,0.21482985,XGBoost
19751,2022-02-28,0.20457596,XGBoost
19752,2022-02-28,0.08833208,XGBoost
19753,2022-02-28,0.083163805,XGBoost
19754,2022-02-28,0.08423899,XGBoost
19755,2022-02-28,0.07286489,XGBoost
19756,2022-02-28,0.24211168,XGBoost
19757,2022-02-28,0.086352274,XGBoost
19758,2022-02-28,0.07179904,XGBoost
19759,2022-02-28,0.08454364,XGBoost
1976,2022-02-28,0.079638064,XGBoost
19760,2022-02-28,0.084957615,XGBoost
19761,2022-02-28,0.08226126,XGBoost
19762,2022-02-28,0.22284219,XGBoost
19763,2022-02-28,0.08446579,XGBoost
19764,2022-02-28,0.082887724,XGBoost
19765,2022-02-28,0.2223261,XGBoost
19766,2022-02-28,0.08128438,XGBoost
19767,2022-02-28,0.23964675,XGBoost
19768,2022-02-28,0.0778246,XGBoost
19769,2022-02-28,0.07949066,XGBoost
1977,2022-02-28,0.07836377,XGBoost
19770,2022-02-28,0.2170244,XGBoost
19771,2022-02-28,0.21127076,XGBoost
19772,2022-02-28,0.25184476,XGBoost
19773,2022-02-28,0.08456516,XGBoost
19774,2022-02-28,0.23594695,XGBoost
19775,2022-02-28,0.21401615,XGBoost
19776,2022-02-28,0.23631988,XGBoost
19777,2022-02-28,0.22035213,XGBoost
19778,2022-02-28,0.24009761,XGBoost
19779,2022-02-28,0.23260105,XGBoost
1978,2022-02-28,0.21862689,XGBoost
19780,2022-02-28,0.21990772,XGBoost
19781,2022-02-28,0.23504874,XGBoost
19782,2022-02-28,0.073904894,XGBoost
19783,2022-02-28,0.21803407,XGBoost
19784,2022-02-28,0.07123246,XGBoost
19785,2022-02-28,0.08171813,XGBoost
19786,2022-02-28,0.07365326,XGBoost
19787,2022-02-28,0.21212889,XGBoost
19788,2022-02-28,0.24079877,XGBoost
19789,2022-02-28,0.20334342,XGBoost
1979,2022-02-28,0.20949602,XGBoost
19790,2022-02-28,0.2595277,XGBoost
19791,2022-02-28,0.22698933,XGBoost
19792,2022-02-28,0.23311135,XGBoost
19793,2022-02-28,0.079784095,XGBoost
19794,2022-02-28,0.2388513,XGBoost
19795,2022-02-28,0.08497462,XGBoost
19796,2022-02-28,0.2314971,XGBoost
19797,2022-02-28,0.21756874,XGBoost
19798,2022-02-28,0.2104583,XGBoost
19799,2022-02-28,0.23366068,XGBoost
198,2022-02-28,0.25751334,XGBoost
1980,2022-02-28,0.08420315,XGBoost
19800,2022-02-28,0.2432635,XGBoost
19801,2022-02-28,0.07705619,XGBoost
19802,2022-02-28,0.23575386,XGBoost
19803,2022-02-28,0.07356726,XGBoost
19804,2022-02-28,0.081782155,XGBoost
19805,2022-02-28,0.08479681,XGBoost
19806,2022-02-28,0.2277239,XGBoost
19807,2022-02-28,0.20228392,XGBoost
19808,2022-02-28,0.07099023,XGBoost
19809,2022-02-28,0.087784685,XGBoost
1981,2022-02-28,0.08998046,XGBoost
19810,2022-02-28,0.21642038,XGBoost
19811,2022-02-28,0.223944,XGBoost
19812,2022-02-28,0.080684796,XGBoost
19813,2022-02-28,0.22915433,XGBoost
19814,2022-02-28,0.22930601,XGBoost
19815,2022-02-28,0.22478677,XGBoost
19816,2022-02-28,0.25203913,XGBoost
19817,2022-02-28,0.06558424,XGBoost
19818,2022-02-28,0.2256921,XGBoost
19819,2022-02-28,0.08012966,XGBoost
1982,2022-02-28,0.24179858,XGBoost
19820,2022-02-28,0.08747813,XGBoost
19821,2022-02-28,0.08124617,XGBoost
19822,2022-02-28,0.08764595,XGBoost
19823,2022-02-28,0.08136005,XGBoost
19824,2022-02-28,0.084551305,XGBoost
19825,2022-02-28,0.23389865,XGBoost
19826,2022-02-28,0.08530803,XGBoost
19827,2022-02-28,0.2392097,XGBoost
19828,2022-02-28,0.08777915,XGBoost
19829,2022-02-28,0.21145152,XGBoost
1983,2022-02-28,0.23509505,XGBoost
19830,2022-02-28,0.2337741,XGBoost
19831,2022-02-28,0.084986724,XGBoost
19832,2022-02-28,0.08453148,XGBoost
19833,2022-02-28,0.22449581,XGBoost
19834,2022-02-28,0.23090163,XGBoost
19835,2022-02-28,0.08704914,XGBoost
19836,2022-02-28,0.08171311,XGBoost
19837,2022-02-28,0.2326083,XGBoost
19838,2022-02-28,0.24628694,XGBoost
19839,2022-02-28,0.22290303,XGBoost
1984,2022-02-28,0.23736921,XGBoost
19840,2022-02-28,0.08109515,XGBoost
19841,2022-02-28,0.21999362,XGBoost
19842,2022-02-28,0.21683004,XGBoost
19843,2022-02-28,0.087282896,XGBoost
19844,2022-02-28,0.22279364,XGBoost
19845,2022-02-28,0.21716397,XGBoost
19846,2022-02-28,0.21989709,XGBoost
19847,2022-02-28,0.2344458,XGBoost
19848,2022-02-28,0.2301192,XGBoost
19849,2022-02-28,0.22516342,XGBoost
1985,2022-02-28,0.22968996,XGBoost
19850,2022-02-28,0.22983456,XGBoost
19851,2022-02-28,0.08375481,XGBoost
19852,2022-02-28,0.24704738,XGBoost
19853,2022-02-28,0.08587652,XGBoost
19854,2022-02-28,0.2349795,XGBoost
19855,2022-02-28,0.21880555,XGBoost
19856,2022-02-28,0.2651134,XGBoost
19857,2022-02-28,0.08263148,XGBoost
19858,2022-02-28,0.0797567,XGBoost
19859,2022-02-28,0.079340145,XGBoost
1986,2022-02-28,0.08465513,XGBoost
19860,2022-02-28,0.22844194,XGBoost
19861,2022-02-28,0.087592945,XGBoost
19862,2022-02-28,0.07816058,XGBoost
19863,2022-02-28,0.0873459,XGBoost
19864,2022-02-28,0.20680031,XGBoost
19865,2022-02-28,0.077847,XGBoost
19866,2022-02-28,0.23648976,XGBoost
19867,2022-02-28,0.08507546,XGBoost
19868,2022-02-28,0.20734861,XGBoost
19869,2022-02-28,0.20611022,XGBoost
1987,2022-02-28,0.08664628,XGBoost
19870,2022-02-28,0.07735855,XGBoost
19871,2022-02-28,0.22501203,XGBoost
19872,2022-02-28,0.19727439,XGBoost
19873,2022-02-28,0.24854511,XGBoost
19874,2022-02-28,0.08538645,XGBoost
19875,2022-02-28,0.08457123,XGBoost
19876,2022-02-28,0.08777437,XGBoost
19877,2022-02-28,0.23496622,XGBoost
19878,2022-02-28,0.19795829,XGBoost
19879,2022-02-28,0.07285919,XGBoost
1988,2022-02-28,0.08698997,XGBoost
19880,2022-02-28,0.07807103,XGBoost
19881,2022-02-28,0.07834565,XGBoost
19882,2022-02-28,0.22120073,XGBoost
19883,2022-02-28,0.0728094,XGBoost
19884,2022-02-28,0.087252595,XGBoost
19885,2022-02-28,0.077532,XGBoost
19886,2022-02-28,0.07830221,XGBoost
19887,2022-02-28,0.23413205,XGBoost
19888,2022-02-28,0.23232532,XGBoost
19889,2022-02-28,0.2315783,XGBoost
1989,2022-02-28,0.22786626,XGBoost
19890,2022-02-28,0.06843911,XGBoost
19891,2022-02-28,0.08646064,XGBoost
19892,2022-02-28,0.22939244,XGBoost
19893,2022-02-28,0.2468435,XGBoost
19894,2022-02-28,0.24489734,XGBoost
19895,2022-02-28,0.077890106,XGBoost
19896,2022-02-28,0.08670086,XGBoost
19897,2022-02-28,0.22185832,XGBoost
19898,2022-02-28,0.08493306,XGBoost
19899,2022-02-28,0.0824237,XGBoost
199,2022-02-28,0.06995742,XGBoost
1990,2022-02-28,0.08758935,XGBoost
19900,2022-02-28,0.08418,XGBoost
19901,2022-02-28,0.21470724,XGBoost
19902,2022-02-28,0.25632742,XGBoost
19903,2022-02-28,0.22977783,XGBoost
19904,2022-02-28,0.08451345,XGBoost
19905,2022-02-28,0.2527563,XGBoost
19906,2022-02-28,0.08196472,XGBoost
19907,2022-02-28,0.08207831,XGBoost
19908,2022-02-28,0.07752222,XGBoost
19909,2022-02-28,0.23991309,XGBoost
1991,2022-02-28,0.23270468,XGBoost
19910,2022-02-28,0.08192999,XGBoost
19911,2022-02-28,0.22615807,XGBoost
19912,2022-02-28,0.08235487,XGBoost
19913,2022-02-28,0.25673953,XGBoost
19914,2022-02-28,0.08684828,XGBoost
19915,2022-02-28,0.07586103,XGBoost
19916,2022-02-28,0.08524727,XGBoost
19917,2022-02-28,0.2141043,XGBoost
19918,2022-02-28,0.08234435,XGBoost
19919,2022-02-28,0.087537155,XGBoost
1992,2022-02-28,0.08055152,XGBoost
19920,2022-02-28,0.06768052,XGBoost
19921,2022-02-28,0.083229356,XGBoost
19922,2022-02-28,0.24552247,XGBoost
19923,2022-02-28,0.07925564,XGBoost
19924,2022-02-28,0.080909885,XGBoost
19925,2022-02-28,0.23791501,XGBoost
19926,2022-02-28,0.086567536,XGBoost
19927,2022-02-28,0.22195409,XGBoost
19928,2022-02-28,0.2050158,XGBoost
19929,2022-02-28,0.074075386,XGBoost
1993,2022-02-28,0.085438795,XGBoost
19930,2022-02-28,0.085952595,XGBoost
19931,2022-02-28,0.08580335,XGBoost
19932,2022-02-28,0.078855015,XGBoost
19933,2022-02-28,0.24164735,XGBoost
19934,2022-02-28,0.22202079,XGBoost
19935,2022-02-28,0.25437224,XGBoost
19936,2022-02-28,0.22891305,XGBoost
19937,2022-02-28,0.08001469,XGBoost
19938,2022-02-28,0.08385168,XGBoost
19939,2022-02-28,0.08200284,XGBoost
1994,2022-02-28,0.08446335,XGBoost
19940,2022-02-28,0.07718438,XGBoost
19941,2022-02-28,0.24980888,XGBoost
19942,2022-02-28,0.082046054,XGBoost
19943,2022-02-28,0.076736264,XGBoost
19944,2022-02-28,0.21060236,XGBoost
19945,2022-02-28,0.24333447,XGBoost
19946,2022-02-28,0.084889464,XGBoost
19947,2022-02-28,0.21350844,XGBoost
19948,2022-02-28,0.077976294,XGBoost
19949,2022-02-28,0.08148821,XGBoost
1995,2022-02-28,0.23419078,XGBoost
19950,2022-02-28,0.2576253,XGBoost
19951,2022-02-28,0.07100423,XGBoost
19952,2022-02-28,0.08404043,XGBoost
19953,2022-02-28,0.079110384,XGBoost
19954,2022-02-28,0.23501293,XGBoost
19955,2022-02-28,0.22383188,XGBoost
19956,2022-02-28,0.08014885,XGBoost
19957,2022-02-28,0.2259529,XGBoost
19958,2022-02-28,0.24024962,XGBoost
19959,2022-02-28,0.086535424,XGBoost
1996,2022-02-28,0.08589125,XGBoost
19960,2022-02-28,0.22291619,XGBoost
19961,2022-02-28,0.066431336,XGBoost
19962,2022-02-28,0.20477441,XGBoost
19963,2022-02-28,0.22724944,XGBoost
19964,2022-02-28,0.07761141,XGBoost
19965,2022-02-28,0.07360761,XGBoost
19966,2022-02-28,0.22656474,XGBoost
19967,2022-02-28,0.23392627,XGBoost
19968,2022-02-28,0.075593695,XGBoost
19969,2022-02-28,0.21154194,XGBoost
1997,2022-02-28,0.083301514,XGBoost
19970,2022-02-28,0.20612311,XGBoost
19971,2022-02-28,0.07182697,XGBoost
19972,2022-02-28,0.25871876,XGBoost
19973,2022-02-28,0.0860723,XGBoost
19974,2022-02-28,0.0709789,XGBoost
19975,2022-02-28,0.08307808,XGBoost
19976,2022-02-28,0.08719156,XGBoost
19977,2022-02-28,0.08459236,XGBoost
19978,2022-02-28,0.23116416,XGBoost
19979,2022-02-28,0.079656675,XGBoost
1998,2022-02-28,0.08288393,XGBoost
19980,2022-02-28,0.19938777,XGBoost
19981,2022-02-28,0.0877911,XGBoost
19982,2022-02-28,0.087265015,XGBoost
19983,2022-02-28,0.21139184,XGBoost
19984,2022-02-28,0.21675321,XGBoost
19985,2022-02-28,0.07910614,XGBoost
19986,2022-02-28,0.24908593,XGBoost
19987,2022-02-28,0.25506544,XGBoost
19988,2022-02-28,0.07813902,XGBoost
19989,2022-02-28,0.22766212,XGBoost
1999,2022-02-28,0.22315851,XGBoost
19990,2022-02-28,0.22702397,XGBoost
19991,2022-02-28,0.08039521,XGBoost
19992,2022-02-28,0.22992386,XGBoost
19993,2022-02-28,0.22290026,XGBoost
19994,2022-02-28,0.23110491,XGBoost
19995,2022-02-28,0.23108794,XGBoost
19996,2022-02-28,0.06514242,XGBoost
19997,2022-02-28,0.08539227,XGBoost
19998,2022-02-28,0.22027677,XGBoost
19999,2022-02-28,0.067799106,XGBoost
2,2022-02-28,0.08646181,XGBoost
20,2022-02-28,0.08452066,XGBoost
200,2022-02-28,0.086336635,XGBoost
2000,2022-02-28,0.07271764,XGBoost
20000,2022-02-28,0.06468428,XGBoost
20001,2022-02-28,0.077569656,XGBoost
20002,2022-02-28,0.085711814,XGBoost
20003,2022-02-28,0.07707703,XGBoost
20004,2022-02-28,0.26229775,XGBoost
20005,2022-02-28,0.21088466,XGBoost
20006,2022-02-28,0.07369694,XGBoost
20007,2022-02-28,0.08573501,XGBoost
20008,2022-02-28,0.081917174,XGBoost
20009,2022-02-28,0.07284411,XGBoost
2001,2022-02-28,0.23870462,XGBoost
20010,2022-02-28,0.082838066,XGBoost
20011,2022-02-28,0.08340975,XGBoost
20012,2022-02-28,0.20452856,XGBoost
20013,2022-02-28,0.08137302,XGBoost
20014,2022-02-28,0.07871939,XGBoost
20015,2022-02-28,0.08110655,XGBoost
20016,2022-02-28,0.24007249,XGBoost
20017,2022-02-28,0.08262102,XGBoost
20018,2022-02-28,0.21783498,XGBoost
20019,2022-02-28,0.08388938,XGBoost
2002,2022-02-28,0.24241847,XGBoost
20020,2022-02-28,0.22383426,XGBoost
20021,2022-02-28,0.07513895,XGBoost
20022,2022-02-28,0.08814667,XGBoost
20023,2022-02-28,0.21025446,XGBoost
20024,2022-02-28,0.08007808,XGBoost
20025,2022-02-28,0.25540906,XGBoost
20026,2022-02-28,0.08331405,XGBoost
20027,2022-02-28,0.24709581,XGBoost
20028,2022-02-28,0.23961523,XGBoost
20029,2022-02-28,0.08548416,XGBoost
2003,2022-02-28,0.07530795,XGBoost
20030,2022-02-28,0.21841945,XGBoost
20031,2022-02-28,0.22983396,XGBoost
20032,2022-02-28,0.23600598,XGBoost
20033,2022-02-28,0.21073787,XGBoost
20034,2022-02-28,0.08251013,XGBoost
20035,2022-02-28,0.07543842,XGBoost
20036,2022-02-28,0.23763512,XGBoost
20037,2022-02-28,0.080670744,XGBoost
20038,2022-02-28,0.22329527,XGBoost
20039,2022-02-28,0.20587865,XGBoost
2004,2022-02-28,0.08143924,XGBoost
20040,2022-02-28,0.23056656,XGBoost
20041,2022-02-28,0.22258513,XGBoost
20042,2022-02-28,0.077769876,XGBoost
20043,2022-02-28,0.07908258,XGBoost
20044,2022-02-28,0.0828975,XGBoost
20045,2022-02-28,0.22696196,XGBoost
20046,2022-02-28,0.16696353,XGBoost
20047,2022-02-28,0.08219274,XGBoost
20048,2022-02-28,0.25018537,XGBoost
20049,2022-02-28,0.07918243,XGBoost
2005,2022-02-28,0.21419324,XGBoost
20050,2022-02-28,0.23702843,XGBoost
20051,2022-02-28,0.23587081,XGBoost
20052,2022-02-28,0.22444335,XGBoost
20053,2022-02-28,0.08206256,XGBoost
20054,2022-02-28,0.08409791,XGBoost
20055,2022-02-28,0.24623318,XGBoost
20056,2022-02-28,0.21683596,XGBoost
20057,2022-02-28,0.23044826,XGBoost
20058,2022-02-28,0.24885842,XGBoost
20059,2022-02-28,0.25136513,XGBoost
2006,2022-02-28,0.24536163,XGBoost
20060,2022-02-28,0.07297764,XGBoost
20061,2022-02-28,0.24979293,XGBoost
20062,2022-02-28,0.07319849,XGBoost
20063,2022-02-28,0.081474885,XGBoost
20064,2022-02-28,0.084759496,XGBoost
20065,2022-02-28,0.07689324,XGBoost
20066,2022-02-28,0.07927277,XGBoost
20067,2022-02-28,0.07036083,XGBoost
20068,2022-02-28,0.20361602,XGBoost
20069,2022-02-28,0.24708374,XGBoost
2007,2022-02-28,0.081927665,XGBoost
20070,2022-02-28,0.083971284,XGBoost
20071,2022-02-28,0.23219591,XGBoost
20072,2022-02-28,0.22316249,XGBoost
20073,2022-02-28,0.22405297,XGBoost
20074,2022-02-28,0.0862742,XGBoost
20075,2022-02-28,0.07784958,XGBoost
20076,2022-02-28,0.23579742,XGBoost
20077,2022-02-28,0.081298366,XGBoost
20078,2022-02-28,0.08518545,XGBoost
20079,2022-02-28,0.07912693,XGBoost
2008,2022-02-28,0.07343507,XGBoost
20080,2022-02-28,0.07676244,XGBoost
20081,2022-02-28,0.08209902,XGBoost
20082,2022-02-28,0.08457319,XGBoost
20083,2022-02-28,0.07901795,XGBoost
20084,2022-02-28,0.21407917,XGBoost
20085,2022-02-28,0.08553383,XGBoost
20086,2022-02-28,0.0876949,XGBoost
20087,2022-02-28,0.2151051,XGBoost
20088,2022-02-28,0.23900516,XGBoost
20089,2022-02-28,0.08071993,XGBoost
2009,2022-02-28,0.07800294,XGBoost
20090,2022-02-28,0.07596231,XGBoost
20091,2022-02-28,0.08404385,XGBoost
20092,2022-02-28,0.24078734,XGBoost
20093,2022-02-28,0.08161565,XGBoost
20094,2022-02-28,0.2229096,XGBoost
20095,2022-02-28,0.2530368,XGBoost
20096,2022-02-28,0.23074351,XGBoost
20097,2022-02-28,0.08202999,XGBoost
20098,2022-02-28,0.23156871,XGBoost
20099,2022-02-28,0.24858196,XGBoost
201,2022-02-28,0.22874717,XGBoost
2010,2022-02-28,0.0835401,XGBoost
20100,2022-02-28,0.07693433,XGBoost
20101,2022-02-28,0.08466844,XGBoost
20102,2022-02-28,0.07267878,XGBoost
20103,2022-02-28,0.08399343,XGBoost
20104,2022-02-28,0.2183738,XGBoost
20105,2022-02-28,0.086177714,XGBoost
20106,2022-02-28,0.08504662,XGBoost
20107,2022-02-28,0.08423081,XGBoost
20108,2022-02-28,0.08327236,XGBoost
20109,2022-02-28,0.07292169,XGBoost
2011,2022-02-28,0.070385985,XGBoost
20110,2022-02-28,0.07978279,XGBoost
20111,2022-02-28,0.08155815,XGBoost
20112,2022-02-28,0.22779544,XGBoost
20113,2022-02-28,0.22716297,XGBoost
20114,2022-02-28,0.23405194,XGBoost
20115,2022-02-28,0.23055926,XGBoost
20116,2022-02-28,0.07443363,XGBoost
20117,2022-02-28,0.22186765,XGBoost
20118,2022-02-28,0.20015116,XGBoost
20119,2022-02-28,0.21463618,XGBoost
2012,2022-02-28,0.0864162,XGBoost
20120,2022-02-28,0.07563019,XGBoost
20121,2022-02-28,0.23232009,XGBoost
20122,2022-02-28,0.086221084,XGBoost
20123,2022-02-28,0.07648286,XGBoost
20124,2022-02-28,0.22810452,XGBoost
20125,2022-02-28,0.073334746,XGBoost
20126,2022-02-28,0.21632174,XGBoost
20127,2022-02-28,0.07137624,XGBoost
20128,2022-02-28,0.07014664,XGBoost
20129,2022-02-28,0.23322718,XGBoost
2013,2022-02-28,0.069259405,XGBoost
20130,2022-02-28,0.071838185,XGBoost
20131,2022-02-28,0.21666244,XGBoost
20132,2022-02-28,0.2137701,XGBoost
20133,2022-02-28,0.22791207,XGBoost
20134,2022-02-28,0.086324036,XGBoost
20135,2022-02-28,0.23780361,XGBoost
20136,2022-02-28,0.21111654,XGBoost
20137,2022-02-28,0.08111244,XGBoost
20138,2022-02-28,0.07418672,XGBoost
20139,2022-02-28,0.23534517,XGBoost
2014,2022-02-28,0.24031249,XGBoost
20140,2022-02-28,0.24117726,XGBoost
20141,2022-02-28,0.084312335,XGBoost
20142,2022-02-28,0.085601486,XGBoost
20143,2022-02-28,0.07067932,XGBoost
20144,2022-02-28,0.077617414,XGBoost
20145,2022-02-28,0.23184818,XGBoost
20146,2022-02-28,0.22958064,XGBoost
20147,2022-02-28,0.22524048,XGBoost
20148,2022-02-28,0.064599335,XGBoost
20149,2022-02-28,0.08384231,XGBoost
2015,2022-02-28,0.07913942,XGBoost
20150,2022-02-28,0.23739342,XGBoost
20151,2022-02-28,0.22555095,XGBoost
20152,2022-02-28,0.23204137,XGBoost
20153,2022-02-28,0.24493992,XGBoost
20154,2022-02-28,0.08129378,XGBoost
20155,2022-02-28,0.08509833,XGBoost
20156,2022-02-28,0.08204607,XGBoost
20157,2022-02-28,0.25518057,XGBoost
20158,2022-02-28,0.23678266,XGBoost
20159,2022-02-28,0.24870338,XGBoost
2016,2022-02-28,0.08732886,XGBoost
20160,2022-02-28,0.0677557,XGBoost
20161,2022-02-28,0.074352555,XGBoost
20162,2022-02-28,0.07849294,XGBoost
20163,2022-02-28,0.08276623,XGBoost
20164,2022-02-28,0.22016847,XGBoost
20165,2022-02-28,0.072207384,XGBoost
20166,2022-02-28,0.08407318,XGBoost
20167,2022-02-28,0.08589268,XGBoost
20168,2022-02-28,0.22043018,XGBoost
20169,2022-02-28,0.22219448,XGBoost
2017,2022-02-28,0.2436012,XGBoost
20170,2022-02-28,0.20102601,XGBoost
20171,2022-02-28,0.08586424,XGBoost
20172,2022-02-28,0.078921564,XGBoost
20173,2022-02-28,0.07872503,XGBoost
20174,2022-02-28,0.21682246,XGBoost
20175,2022-02-28,0.61699,XGBoost
20176,2022-02-28,0.2187799,XGBoost
20177,2022-02-28,0.24800983,XGBoost
20178,2022-02-28,0.19817115,XGBoost
20179,2022-02-28,0.07982767,XGBoost
2018,2022-02-28,0.07206292,XGBoost
20180,2022-02-28,0.23082168,XGBoost
20181,2022-02-28,0.24445122,XGBoost
20182,2022-02-28,0.09076972,XGBoost
20183,2022-02-28,0.0779792,XGBoost
20184,2022-02-28,0.2600783,XGBoost
20185,2022-02-28,0.21570106,XGBoost
20186,2022-02-28,0.22614482,XGBoost
20187,2022-02-28,0.23163998,XGBoost
20188,2022-02-28,0.19788487,XGBoost
20189,2022-02-28,0.0812457,XGBoost
2019,2022-02-28,0.23682088,XGBoost
20190,2022-02-28,0.07682346,XGBoost
20191,2022-02-28,0.10289885,XGBoost
20192,2022-02-28,0.084367216,XGBoost
20193,2022-02-28,0.08563681,XGBoost
20194,2022-02-28,0.08511437,XGBoost
20195,2022-02-28,0.23624529,XGBoost
20196,2022-02-28,0.24494216,XGBoost
20197,2022-02-28,0.22555017,XGBoost
20198,2022-02-28,0.21833444,XGBoost
20199,2022-02-28,0.23571312,XGBoost
202,2022-02-28,0.07751777,XGBoost
2020,2022-02-28,0.07791495,XGBoost
20200,2022-02-28,0.07988733,XGBoost
20201,2022-02-28,0.23489648,XGBoost
20202,2022-02-28,0.07916106,XGBoost
20203,2022-02-28,0.23119001,XGBoost
20204,2022-02-28,0.23068738,XGBoost
20205,2022-02-28,0.22937602,XGBoost
20206,2022-02-28,0.0854814,XGBoost
20207,2022-02-28,0.0794459,XGBoost
20208,2022-02-28,0.073704466,XGBoost
20209,2022-02-28,0.08047211,XGBoost
2021,2022-02-28,0.07204427,XGBoost
20210,2022-02-28,0.2410005,XGBoost
20211,2022-02-28,0.07564833,XGBoost
20212,2022-02-28,0.08122715,XGBoost
20213,2022-02-28,0.24813552,XGBoost
20214,2022-02-28,0.07204634,XGBoost
20215,2022-02-28,0.07266533,XGBoost
20216,2022-02-28,0.069999896,XGBoost
20217,2022-02-28,0.08451153,XGBoost
20218,2022-02-28,0.08560827,XGBoost
20219,2022-02-28,0.08229266,XGBoost
2022,2022-02-28,0.07932542,XGBoost
20220,2022-02-28,0.08374066,XGBoost
20221,2022-02-28,0.22497581,XGBoost
20222,2022-02-28,0.0735726,XGBoost
20223,2022-02-28,0.083313935,XGBoost
20224,2022-02-28,0.0776797,XGBoost
20225,2022-02-28,0.22514035,XGBoost
20226,2022-02-28,0.078162186,XGBoost
20227,2022-02-28,0.078016594,XGBoost
20228,2022-02-28,0.07709693,XGBoost
20229,2022-02-28,0.24447715,XGBoost
2023,2022-02-28,0.08314822,XGBoost
20230,2022-02-28,0.082728334,XGBoost
20231,2022-02-28,0.077221744,XGBoost
20232,2022-02-28,0.23220973,XGBoost
20233,2022-02-28,0.080205865,XGBoost
20234,2022-02-28,0.081823565,XGBoost
20235,2022-02-28,0.2465259,XGBoost
20236,2022-02-28,0.08166404,XGBoost
20237,2022-02-28,0.0855754,XGBoost
20238,2022-02-28,0.08448487,XGBoost
20239,2022-02-28,0.08539007,XGBoost
2024,2022-02-28,0.23437697,XGBoost
20240,2022-02-28,0.07996178,XGBoost
20241,2022-02-28,0.084879555,XGBoost
20242,2022-02-28,0.07945393,XGBoost
20243,2022-02-28,0.22277752,XGBoost
20244,2022-02-28,0.19772257,XGBoost
20245,2022-02-28,0.077585965,XGBoost
20246,2022-02-28,0.22282118,XGBoost
20247,2022-02-28,0.07772374,XGBoost
20248,2022-02-28,0.0821773,XGBoost
20249,2022-02-28,0.07723547,XGBoost
2025,2022-02-28,0.24490531,XGBoost
20250,2022-02-28,0.23857728,XGBoost
20251,2022-02-28,0.22165659,XGBoost
20252,2022-02-28,0.23357551,XGBoost
20253,2022-02-28,0.23355696,XGBoost
20254,2022-02-28,0.07109488,XGBoost
20255,2022-02-28,0.076933324,XGBoost
20256,2022-02-28,0.07785406,XGBoost
20257,2022-02-28,0.077832736,XGBoost
20258,2022-02-28,0.07787526,XGBoost
20259,2022-02-28,0.07689901,XGBoost
2026,2022-02-28,0.08429715,XGBoost
20260,2022-02-28,0.07779883,XGBoost
20261,2022-02-28,0.070026204,XGBoost
20262,2022-02-28,0.08402602,XGBoost
20263,2022-02-28,0.07591586,XGBoost
20264,2022-02-28,0.23855104,XGBoost
20265,2022-02-28,0.08146471,XGBoost
20266,2022-02-28,0.08530912,XGBoost
20267,2022-02-28,0.07242336,XGBoost
20268,2022-02-28,0.06645111,XGBoost
20269,2022-02-28,0.08474618,XGBoost
2027,2022-02-28,0.2178316,XGBoost
20270,2022-02-28,0.07423508,XGBoost
20271,2022-02-28,0.07165109,XGBoost
20272,2022-02-28,0.22210625,XGBoost
20273,2022-02-28,0.08334785,XGBoost
20274,2022-02-28,0.2288471,XGBoost
20275,2022-02-28,0.08446535,XGBoost
20276,2022-02-28,0.08672185,XGBoost
20277,2022-02-28,0.084105745,XGBoost
20278,2022-02-28,0.06362776,XGBoost
20279,2022-02-28,0.0728345,XGBoost
2028,2022-02-28,0.23326138,XGBoost
20280,2022-02-28,0.23619485,XGBoost
20281,2022-02-28,0.07889046,XGBoost
20282,2022-02-28,0.080052316,XGBoost
20283,2022-02-28,0.082152285,XGBoost
20284,2022-02-28,0.078592904,XGBoost
20285,2022-02-28,0.07991183,XGBoost
20286,2022-02-28,0.2109111,XGBoost
20287,2022-02-28,0.08835894,XGBoost
20288,2022-02-28,0.08346108,XGBoost
20289,2022-02-28,0.08545067,XGBoost
2029,2022-02-28,0.07670456,XGBoost
20290,2022-02-28,0.21972837,XGBoost
20291,2022-02-28,0.24269329,XGBoost
20292,2022-02-28,0.07784768,XGBoost
20293,2022-02-28,0.24731192,XGBoost
20294,2022-02-28,0.087815695,XGBoost
20295,2022-02-28,0.08697319,XGBoost
20296,2022-02-28,0.22777577,XGBoost
20297,2022-02-28,0.08556311,XGBoost
20298,2022-02-28,0.23137794,XGBoost
20299,2022-02-28,0.19884694,XGBoost
203,2022-02-28,0.077916496,XGBoost
2030,2022-02-28,0.0724265,XGBoost
20300,2022-02-28,0.08531631,XGBoost
20301,2022-02-28,0.0779458,XGBoost
20302,2022-02-28,0.24371485,XGBoost
20303,2022-02-28,0.24627028,XGBoost
20304,2022-02-28,0.21542767,XGBoost
20305,2022-02-28,0.24002923,XGBoost
20306,2022-02-28,0.20961191,XGBoost
20307,2022-02-28,0.0851568,XGBoost
20308,2022-02-28,0.08934261,XGBoost
20309,2022-02-28,0.07834711,XGBoost
2031,2022-02-28,0.082502805,XGBoost
20310,2022-02-28,0.08478626,XGBoost
20311,2022-02-28,0.08425313,XGBoost
20312,2022-02-28,0.066664115,XGBoost
20313,2022-02-28,0.21856083,XGBoost
20314,2022-02-28,0.24009153,XGBoost
20315,2022-02-28,0.085655585,XGBoost
20316,2022-02-28,0.2382378,XGBoost
20317,2022-02-28,0.24579246,XGBoost
20318,2022-02-28,0.0856,XGBoost
20319,2022-02-28,0.25978246,XGBoost
2032,2022-02-28,0.08348041,XGBoost
20320,2022-02-28,0.22591756,XGBoost
20321,2022-02-28,0.21760969,XGBoost
20322,2022-02-28,0.08750943,XGBoost
20323,2022-02-28,0.08558508,XGBoost
20324,2022-02-28,0.22585022,XGBoost
20325,2022-02-28,0.23036724,XGBoost
20326,2022-02-28,0.22422194,XGBoost
20327,2022-02-28,0.23125476,XGBoost
20328,2022-02-28,0.078807555,XGBoost
20329,2022-02-28,0.07945551,XGBoost
2033,2022-02-28,0.07978968,XGBoost
20330,2022-02-28,0.087907135,XGBoost
20331,2022-02-28,0.2215588,XGBoost
20332,2022-02-28,0.071998954,XGBoost
20333,2022-02-28,0.08496993,XGBoost
20334,2022-02-28,0.22492898,XGBoost
20335,2022-02-28,0.08236132,XGBoost
20336,2022-02-28,0.23358172,XGBoost
20337,2022-02-28,0.06959383,XGBoost
20338,2022-02-28,0.25300127,XGBoost
20339,2022-02-28,0.08544067,XGBoost
2034,2022-02-28,0.06637794,XGBoost
20340,2022-02-28,0.0787229,XGBoost
20341,2022-02-28,0.076587364,XGBoost
20342,2022-02-28,0.084133916,XGBoost
20343,2022-02-28,0.08314585,XGBoost
20344,2022-02-28,0.2217871,XGBoost
20345,2022-02-28,0.07023754,XGBoost
20346,2022-02-28,0.21027489,XGBoost
20347,2022-02-28,0.2672152,XGBoost
20348,2022-02-28,0.21921195,XGBoost
20349,2022-02-28,0.07631254,XGBoost
2035,2022-02-28,0.0874282,XGBoost
20350,2022-02-28,0.21542266,XGBoost
20351,2022-02-28,0.07051457,XGBoost
20352,2022-02-28,0.24480563,XGBoost
20353,2022-02-28,0.23495723,XGBoost
20354,2022-02-28,0.2332983,XGBoost
20355,2022-02-28,0.21039027,XGBoost
20356,2022-02-28,0.07081971,XGBoost
20357,2022-02-28,0.2032017,XGBoost
20358,2022-02-28,0.083115965,XGBoost
20359,2022-02-28,0.086316116,XGBoost
2036,2022-02-28,0.23309286,XGBoost
20360,2022-02-28,0.08178751,XGBoost
20361,2022-02-28,0.23255701,XGBoost
20362,2022-02-28,0.07878676,XGBoost
20363,2022-02-28,0.076259084,XGBoost
20364,2022-02-28,0.20353396,XGBoost
20365,2022-02-28,0.08262666,XGBoost
20366,2022-02-28,0.086733,XGBoost
20367,2022-02-28,0.22834975,XGBoost
20368,2022-02-28,0.08303436,XGBoost
20369,2022-02-28,0.08219379,XGBoost
2037,2022-02-28,0.06878044,XGBoost
20370,2022-02-28,0.2245928,XGBoost
20371,2022-02-28,0.07480102,XGBoost
20372,2022-02-28,0.07212595,XGBoost
20373,2022-02-28,0.08323465,XGBoost
20374,2022-02-28,0.079934396,XGBoost
20375,2022-02-28,0.08029085,XGBoost
20376,2022-02-28,0.23062696,XGBoost
20377,2022-02-28,0.08254423,XGBoost
20378,2022-02-28,0.21620037,XGBoost
20379,2022-02-28,0.07707514,XGBoost
2038,2022-02-28,0.07064722,XGBoost
20380,2022-02-28,0.086582035,XGBoost
20381,2022-02-28,0.22523645,XGBoost
20382,2022-02-28,0.08172686,XGBoost
20383,2022-02-28,0.23160778,XGBoost
20384,2022-02-28,0.065078095,XGBoost
20385,2022-02-28,0.08433166,XGBoost
20386,2022-02-28,0.22755206,XGBoost
20387,2022-02-28,0.08488333,XGBoost
20388,2022-02-28,0.2216049,XGBoost
20389,2022-02-28,0.20414528,XGBoost
2039,2022-02-28,0.08310544,XGBoost
20390,2022-02-28,0.083366066,XGBoost
20391,2022-02-28,0.087358095,XGBoost
20392,2022-02-28,0.24228565,XGBoost
20393,2022-02-28,0.07975941,XGBoost
20394,2022-02-28,0.0796429,XGBoost
20395,2022-02-28,0.23326896,XGBoost
20396,2022-02-28,0.08568108,XGBoost
20397,2022-02-28,0.19284832,XGBoost
20398,2022-02-28,0.076328695,XGBoost
20399,2022-02-28,0.08447773,XGBoost
204,2022-02-28,0.08324743,XGBoost
2040,2022-02-28,0.08523133,XGBoost
20400,2022-02-28,0.2451873,XGBoost
20401,2022-02-28,0.08157765,XGBoost
20402,2022-02-28,0.07911897,XGBoost
20403,2022-02-28,0.2288805,XGBoost
20404,2022-02-28,0.08690197,XGBoost
20405,2022-02-28,0.2212075,XGBoost
20406,2022-02-28,0.22422977,XGBoost
20407,2022-02-28,0.085455306,XGBoost
20408,2022-02-28,0.08253262,XGBoost
20409,2022-02-28,0.08456924,XGBoost
2041,2022-02-28,0.2311272,XGBoost
20410,2022-02-28,0.08735719,XGBoost
20411,2022-02-28,0.082421474,XGBoost
20412,2022-02-28,0.0727865,XGBoost
20413,2022-02-28,0.06946484,XGBoost
20414,2022-02-28,0.08994878,XGBoost
20415,2022-02-28,0.21326107,XGBoost
20416,2022-02-28,0.22001344,XGBoost
20417,2022-02-28,0.081163585,XGBoost
20418,2022-02-28,0.20099726,XGBoost
20419,2022-02-28,0.085519455,XGBoost
2042,2022-02-28,0.23860568,XGBoost
20420,2022-02-28,0.08352393,XGBoost
20421,2022-02-28,0.07385525,XGBoost
20422,2022-02-28,0.2259747,XGBoost
20423,2022-02-28,0.2050397,XGBoost
20424,2022-02-28,0.2692395,XGBoost
20425,2022-02-28,0.22070713,XGBoost
20426,2022-02-28,0.077920504,XGBoost
20427,2022-02-28,0.08371174,XGBoost
20428,2022-02-28,0.23451371,XGBoost
20429,2022-02-28,0.07077563,XGBoost
2043,2022-02-28,0.08337743,XGBoost
20430,2022-02-28,0.06520418,XGBoost
20431,2022-02-28,0.2337989,XGBoost
20432,2022-02-28,0.08614872,XGBoost
20433,2022-02-28,0.2427737,XGBoost
20434,2022-02-28,0.2053258,XGBoost
20435,2022-02-28,0.08658413,XGBoost
20436,2022-02-28,0.2078918,XGBoost
20437,2022-02-28,0.087814815,XGBoost
20438,2022-02-28,0.24095774,XGBoost
20439,2022-02-28,0.2287625,XGBoost
2044,2022-02-28,0.08811545,XGBoost
20440,2022-02-28,0.20291743,XGBoost
20441,2022-02-28,0.22892141,XGBoost
20442,2022-02-28,0.24570481,XGBoost
20443,2022-02-28,0.07719115,XGBoost
20444,2022-02-28,0.22774644,XGBoost
20445,2022-02-28,0.2211895,XGBoost
20446,2022-02-28,0.070066586,XGBoost
20447,2022-02-28,0.25811827,XGBoost
20448,2022-02-28,0.25800216,XGBoost
20449,2022-02-28,0.08504053,XGBoost
2045,2022-02-28,0.080780976,XGBoost
20450,2022-02-28,0.07809376,XGBoost
20451,2022-02-28,0.21814218,XGBoost
20452,2022-02-28,0.22248465,XGBoost
20453,2022-02-28,0.23432226,XGBoost
20454,2022-02-28,0.08459634,XGBoost
20455,2022-02-28,0.23326197,XGBoost
20456,2022-02-28,0.06908617,XGBoost
20457,2022-02-28,0.08267141,XGBoost
20458,2022-02-28,0.08559205,XGBoost
20459,2022-02-28,0.07272235,XGBoost
2046,2022-02-28,0.23660897,XGBoost
20460,2022-02-28,0.23388748,XGBoost
20461,2022-02-28,0.23562634,XGBoost
20462,2022-02-28,0.22467856,XGBoost
20463,2022-02-28,0.08487234,XGBoost
20464,2022-02-28,0.07864343,XGBoost
20465,2022-02-28,0.08336243,XGBoost
20466,2022-02-28,0.23227538,XGBoost
20467,2022-02-28,0.08117743,XGBoost
20468,2022-02-28,0.076747335,XGBoost
20469,2022-02-28,0.07960294,XGBoost
2047,2022-02-28,0.22921948,XGBoost
20470,2022-02-28,0.082328424,XGBoost
20471,2022-02-28,0.206265,XGBoost
20472,2022-02-28,0.07256479,XGBoost
20473,2022-02-28,0.07252465,XGBoost
20474,2022-02-28,0.084669694,XGBoost
20475,2022-02-28,0.23550974,XGBoost
20476,2022-02-28,0.22188509,XGBoost
20477,2022-02-28,0.23977427,XGBoost
20478,2022-02-28,0.07313216,XGBoost
20479,2022-02-28,0.07128249,XGBoost
2048,2022-02-28,0.074291,XGBoost
20480,2022-02-28,0.072135635,XGBoost
20481,2022-02-28,0.07395546,XGBoost
20482,2022-02-28,0.08395761,XGBoost
20483,2022-02-28,0.21986388,XGBoost
20484,2022-02-28,0.07913375,XGBoost
20485,2022-02-28,0.07684664,XGBoost
20486,2022-02-28,0.08398495,XGBoost
20487,2022-02-28,0.07447484,XGBoost
20488,2022-02-28,0.078402214,XGBoost
20489,2022-02-28,0.063648485,XGBoost
2049,2022-02-28,0.072294846,XGBoost
20490,2022-02-28,0.22294763,XGBoost
20491,2022-02-28,0.08328353,XGBoost
20492,2022-02-28,0.24630167,XGBoost
20493,2022-02-28,0.22201094,XGBoost
20494,2022-02-28,0.07985378,XGBoost
20495,2022-02-28,0.23776978,XGBoost
20496,2022-02-28,0.24342054,XGBoost
20497,2022-02-28,0.08696687,XGBoost
20498,2022-02-28,0.22358301,XGBoost
20499,2022-02-28,0.08311246,XGBoost
205,2022-02-28,0.06656165,XGBoost
2050,2022-02-28,0.21595602,XGBoost
20500,2022-02-28,0.22536302,XGBoost
20501,2022-02-28,0.23279491,XGBoost
20502,2022-02-28,0.069075994,XGBoost
20503,2022-02-28,0.21906309,XGBoost
20504,2022-02-28,0.07705637,XGBoost
20505,2022-02-28,0.07912363,XGBoost
20506,2022-02-28,0.22573687,XGBoost
20507,2022-02-28,0.22701226,XGBoost
20508,2022-02-28,0.22967026,XGBoost
20509,2022-02-28,0.21199453,XGBoost
2051,2022-02-28,0.06502142,XGBoost
20510,2022-02-28,0.24717236,XGBoost
20511,2022-02-28,0.2550533,XGBoost
20512,2022-02-28,0.25410074,XGBoost
20513,2022-02-28,0.26265052,XGBoost
20514,2022-02-28,0.25460598,XGBoost
20515,2022-02-28,0.22497343,XGBoost
20516,2022-02-28,0.07202618,XGBoost
20517,2022-02-28,0.24888898,XGBoost
20518,2022-02-28,0.07250308,XGBoost
20519,2022-02-28,0.07307042,XGBoost
2052,2022-02-28,0.085319966,XGBoost
20520,2022-02-28,0.0872664,XGBoost
20521,2022-02-28,0.0727236,XGBoost
20522,2022-02-28,0.081251405,XGBoost
20523,2022-02-28,0.08424401,XGBoost
20524,2022-02-28,0.08702249,XGBoost
20525,2022-02-28,0.07819944,XGBoost
20526,2022-02-28,0.08571814,XGBoost
20527,2022-02-28,0.22410068,XGBoost
20528,2022-02-28,0.070608884,XGBoost
20529,2022-02-28,0.08639329,XGBoost
2053,2022-02-28,0.085492015,XGBoost
20530,2022-02-28,0.08388283,XGBoost
20531,2022-02-28,0.23838688,XGBoost
20532,2022-02-28,0.24002898,XGBoost
20533,2022-02-28,0.07649099,XGBoost
20534,2022-02-28,0.22301778,XGBoost
20535,2022-02-28,0.08377487,XGBoost
20536,2022-02-28,0.07674169,XGBoost
20537,2022-02-28,0.2378128,XGBoost
20538,2022-02-28,0.07819877,XGBoost
20539,2022-02-28,0.08244648,XGBoost
2054,2022-02-28,0.094166234,XGBoost
20540,2022-02-28,0.08641153,XGBoost
20541,2022-02-28,0.0657958,XGBoost
20542,2022-02-28,0.0825917,XGBoost
20543,2022-02-28,0.082859,XGBoost
20544,2022-02-28,0.23595163,XGBoost
20545,2022-02-28,0.21376841,XGBoost
20546,2022-02-28,0.25492448,XGBoost
20547,2022-02-28,0.23557627,XGBoost
20548,2022-02-28,0.069176234,XGBoost
20549,2022-02-28,0.23734455,XGBoost
2055,2022-02-28,0.2088858,XGBoost
20550,2022-02-28,0.21849048,XGBoost
20551,2022-02-28,0.2045487,XGBoost
20552,2022-02-28,0.22639352,XGBoost
20553,2022-02-28,0.076809004,XGBoost
20554,2022-02-28,0.08555967,XGBoost
20555,2022-02-28,0.085748054,XGBoost
20556,2022-02-28,0.0840254,XGBoost
20557,2022-02-28,0.08217209,XGBoost
20558,2022-02-28,0.07364522,XGBoost
20559,2022-02-28,0.085376665,XGBoost
2056,2022-02-28,0.2195409,XGBoost
20560,2022-02-28,0.07969076,XGBoost
20561,2022-02-28,0.08599262,XGBoost
20562,2022-02-28,0.08396751,XGBoost
20563,2022-02-28,0.08853302,XGBoost
20564,2022-02-28,0.080144465,XGBoost
20565,2022-02-28,0.08465128,XGBoost
20566,2022-02-28,0.2305559,XGBoost
20567,2022-02-28,0.077530354,XGBoost
20568,2022-02-28,0.23081717,XGBoost
20569,2022-02-28,0.085702345,XGBoost
2057,2022-02-28,0.081788726,XGBoost
20570,2022-02-28,0.23732606,XGBoost
20571,2022-02-28,0.085311495,XGBoost
20572,2022-02-28,0.083069645,XGBoost
20573,2022-02-28,0.23486866,XGBoost
20574,2022-02-28,0.25000107,XGBoost
20575,2022-02-28,0.08089215,XGBoost
20576,2022-02-28,0.080071144,XGBoost
20577,2022-02-28,0.06977958,XGBoost
20578,2022-02-28,0.08713246,XGBoost
20579,2022-02-28,0.076835185,XGBoost
2058,2022-02-28,0.23457173,XGBoost
20580,2022-02-28,0.082481615,XGBoost
20581,2022-02-28,0.07901771,XGBoost
20582,2022-02-28,0.0865262,XGBoost
20583,2022-02-28,0.19668894,XGBoost
20584,2022-02-28,0.08462866,XGBoost
20585,2022-02-28,0.08744393,XGBoost
20586,2022-02-28,0.08131292,XGBoost
20587,2022-02-28,0.22652446,XGBoost
20588,2022-02-28,0.084966116,XGBoost
20589,2022-02-28,0.24863376,XGBoost
2059,2022-02-28,0.22660309,XGBoost
20590,2022-02-28,0.07904864,XGBoost
20591,2022-02-28,0.08434882,XGBoost
20592,2022-02-28,0.22503103,XGBoost
20593,2022-02-28,0.08931828,XGBoost
20594,2022-02-28,0.23725909,XGBoost
20595,2022-02-28,0.24040878,XGBoost
20596,2022-02-28,0.0782911,XGBoost
20597,2022-02-28,0.08260792,XGBoost
20598,2022-02-28,0.08556873,XGBoost
20599,2022-02-28,0.068457276,XGBoost
206,2022-02-28,0.25207683,XGBoost
2060,2022-02-28,0.20873314,XGBoost
20600,2022-02-28,0.2347622,XGBoost
20601,2022-02-28,0.21743305,XGBoost
20602,2022-02-28,0.083482414,XGBoost
20603,2022-02-28,0.23529707,XGBoost
20604,2022-02-28,0.087035835,XGBoost
20605,2022-02-28,0.24951085,XGBoost
20606,2022-02-28,0.07910433,XGBoost
20607,2022-02-28,0.08222113,XGBoost
20608,2022-02-28,0.069293715,XGBoost
20609,2022-02-28,0.08202517,XGBoost
2061,2022-02-28,0.08633643,XGBoost
20610,2022-02-28,0.08417345,XGBoost
20611,2022-02-28,0.09019557,XGBoost
20612,2022-02-28,0.082885616,XGBoost
20613,2022-02-28,0.21905006,XGBoost
20614,2022-02-28,0.08507405,XGBoost
20615,2022-02-28,0.23671444,XGBoost
20616,2022-02-28,0.0710847,XGBoost
20617,2022-02-28,0.2276771,XGBoost
20618,2022-02-28,0.2278171,XGBoost
20619,2022-02-28,0.08701276,XGBoost
2062,2022-02-28,0.0858779,XGBoost
20620,2022-02-28,0.23228106,XGBoost
20621,2022-02-28,0.08228915,XGBoost
20622,2022-02-28,0.081177525,XGBoost
20623,2022-02-28,0.08368091,XGBoost
20624,2022-02-28,0.07349926,XGBoost
20625,2022-02-28,0.07397056,XGBoost
20626,2022-02-28,0.095504954,XGBoost
20627,2022-02-28,0.0675541,XGBoost
20628,2022-02-28,0.24039827,XGBoost
20629,2022-02-28,0.08747082,XGBoost
2063,2022-02-28,0.23096025,XGBoost
20630,2022-02-28,0.085031204,XGBoost
20631,2022-02-28,0.23773515,XGBoost
20632,2022-02-28,0.08072293,XGBoost
20633,2022-02-28,0.23640579,XGBoost
20634,2022-02-28,0.22125593,XGBoost
20635,2022-02-28,0.0764895,XGBoost
20636,2022-02-28,0.07350971,XGBoost
20637,2022-02-28,0.24032871,XGBoost
20638,2022-02-28,0.092377976,XGBoost
20639,2022-02-28,0.08451376,XGBoost
2064,2022-02-28,0.081244804,XGBoost
20640,2022-02-28,0.07998439,XGBoost
20641,2022-02-28,0.07922001,XGBoost
20642,2022-02-28,0.08194622,XGBoost
20643,2022-02-28,0.2351778,XGBoost
20644,2022-02-28,0.07145951,XGBoost
20645,2022-02-28,0.08502537,XGBoost
20646,2022-02-28,0.22088869,XGBoost
20647,2022-02-28,0.08356796,XGBoost
20648,2022-02-28,0.22568502,XGBoost
20649,2022-02-28,0.23269945,XGBoost
2065,2022-02-28,0.23892699,XGBoost
20650,2022-02-28,0.07854686,XGBoost
20651,2022-02-28,0.20045802,XGBoost
20652,2022-02-28,0.20640428,XGBoost
20653,2022-02-28,0.08568621,XGBoost
20654,2022-02-28,0.23745862,XGBoost
20655,2022-02-28,0.21565604,XGBoost
20656,2022-02-28,0.24297704,XGBoost
20657,2022-02-28,0.23650217,XGBoost
20658,2022-02-28,0.226661,XGBoost
20659,2022-02-28,0.08452277,XGBoost
2066,2022-02-28,0.2261137,XGBoost
20660,2022-02-28,0.23804787,XGBoost
20661,2022-02-28,0.27838108,XGBoost
20662,2022-02-28,0.21751794,XGBoost
20663,2022-02-28,0.22883382,XGBoost
20664,2022-02-28,0.088286914,XGBoost
20665,2022-02-28,0.07773151,XGBoost
20666,2022-02-28,0.23815838,XGBoost
20667,2022-02-28,0.06734413,XGBoost
20668,2022-02-28,0.24775255,XGBoost
20669,2022-02-28,0.08025295,XGBoost
2067,2022-02-28,0.22356056,XGBoost
20670,2022-02-28,0.07898736,XGBoost
20671,2022-02-28,0.22559263,XGBoost
20672,2022-02-28,0.23215619,XGBoost
20673,2022-02-28,0.086910024,XGBoost
20674,2022-02-28,0.08016214,XGBoost
20675,2022-02-28,0.25219908,XGBoost
20676,2022-02-28,0.081878595,XGBoost
20677,2022-02-28,0.2148279,XGBoost
20678,2022-02-28,0.08586326,XGBoost
20679,2022-02-28,0.08202602,XGBoost
2068,2022-02-28,0.077330105,XGBoost
20680,2022-02-28,0.23075067,XGBoost
20681,2022-02-28,0.24072401,XGBoost
20682,2022-02-28,0.089770705,XGBoost
20683,2022-02-28,0.08446655,XGBoost
20684,2022-02-28,0.23102544,XGBoost
20685,2022-02-28,0.2353167,XGBoost
20686,2022-02-28,0.22570927,XGBoost
20687,2022-02-28,0.23958887,XGBoost
20688,2022-02-28,0.07741229,XGBoost
20689,2022-02-28,0.08013802,XGBoost
2069,2022-02-28,0.083560444,XGBoost
20690,2022-02-28,0.083938956,XGBoost
20691,2022-02-28,0.24076658,XGBoost
20692,2022-02-28,0.2342984,XGBoost
20693,2022-02-28,0.2502888,XGBoost
20694,2022-02-28,0.21885908,XGBoost
20695,2022-02-28,0.08791749,XGBoost
20696,2022-02-28,0.22859727,XGBoost
20697,2022-02-28,0.08285283,XGBoost
20698,2022-02-28,0.20800546,XGBoost
20699,2022-02-28,0.084071845,XGBoost
207,2022-02-28,0.08466532,XGBoost
2070,2022-02-28,0.068555936,XGBoost
20700,2022-02-28,0.22099315,XGBoost
20701,2022-02-28,0.20153832,XGBoost
20702,2022-02-28,0.24055444,XGBoost
20703,2022-02-28,0.08344759,XGBoost
20704,2022-02-28,0.082872525,XGBoost
20705,2022-02-28,0.08497041,XGBoost
20706,2022-02-28,0.08498235,XGBoost
20707,2022-02-28,0.24410804,XGBoost
20708,2022-02-28,0.08749696,XGBoost
20709,2022-02-28,0.26657128,XGBoost
2071,2022-02-28,0.07019187,XGBoost
20710,2022-02-28,0.07005026,XGBoost
20711,2022-02-28,0.23242716,XGBoost
20712,2022-02-28,0.21737848,XGBoost
20713,2022-02-28,0.23387189,XGBoost
20714,2022-02-28,0.08340021,XGBoost
20715,2022-02-28,0.07047609,XGBoost
20716,2022-02-28,0.07318107,XGBoost
20717,2022-02-28,0.2147922,XGBoost
20718,2022-02-28,0.086089656,XGBoost
20719,2022-02-28,0.08360169,XGBoost
2072,2022-02-28,0.090414196,XGBoost
20720,2022-02-28,0.08228448,XGBoost
20721,2022-02-28,0.09000508,XGBoost
20722,2022-02-28,0.081351124,XGBoost
20723,2022-02-28,0.07808492,XGBoost
20724,2022-02-28,0.07368724,XGBoost
20725,2022-02-28,0.2673394,XGBoost
20726,2022-02-28,0.082144685,XGBoost
20727,2022-02-28,0.08158665,XGBoost
20728,2022-02-28,0.22737679,XGBoost
20729,2022-02-28,0.081632674,XGBoost
2073,2022-02-28,0.24891418,XGBoost
20730,2022-02-28,0.06970218,XGBoost
20731,2022-02-28,0.069598764,XGBoost
20732,2022-02-28,0.085015945,XGBoost
20733,2022-02-28,0.23330255,XGBoost
20734,2022-02-28,0.22281635,XGBoost
20735,2022-02-28,0.21480864,XGBoost
20736,2022-02-28,0.21722347,XGBoost
20737,2022-02-28,0.08174892,XGBoost
20738,2022-02-28,0.08510059,XGBoost
20739,2022-02-28,0.2276993,XGBoost
2074,2022-02-28,0.22274926,XGBoost
20740,2022-02-28,0.07218775,XGBoost
20741,2022-02-28,0.0830296,XGBoost
20742,2022-02-28,0.06986809,XGBoost
20743,2022-02-28,0.07493782,XGBoost
20744,2022-02-28,0.072914265,XGBoost
20745,2022-02-28,0.08626344,XGBoost
20746,2022-02-28,0.07147576,XGBoost
20747,2022-02-28,0.23519811,XGBoost
20748,2022-02-28,0.06601839,XGBoost
20749,2022-02-28,0.078376554,XGBoost
2075,2022-02-28,0.24538438,XGBoost
20750,2022-02-28,0.08441066,XGBoost
20751,2022-02-28,0.08612113,XGBoost
20752,2022-02-28,0.23413469,XGBoost
20753,2022-02-28,0.07796386,XGBoost
20754,2022-02-28,0.2286993,XGBoost
20755,2022-02-28,0.078920715,XGBoost
20756,2022-02-28,0.08497548,XGBoost
20757,2022-02-28,0.08427582,XGBoost
20758,2022-02-28,0.22653349,XGBoost
20759,2022-02-28,0.08477683,XGBoost
2076,2022-02-28,0.0832403,XGBoost
20760,2022-02-28,0.22349404,XGBoost
20761,2022-02-28,0.08552737,XGBoost
20762,2022-02-28,0.077805124,XGBoost
20763,2022-02-28,0.07005217,XGBoost
20764,2022-02-28,0.082765386,XGBoost
20765,2022-02-28,0.071266465,XGBoost
20766,2022-02-28,0.08563517,XGBoost
20767,2022-02-28,0.2100682,XGBoost
20768,2022-02-28,0.08086722,XGBoost
20769,2022-02-28,0.086544044,XGBoost
2077,2022-02-28,0.087281786,XGBoost
20770,2022-02-28,0.08276098,XGBoost
20771,2022-02-28,0.085767075,XGBoost
20772,2022-02-28,0.083604276,XGBoost
20773,2022-02-28,0.08090989,XGBoost
20774,2022-02-28,0.23347645,XGBoost
20775,2022-02-28,0.19237787,XGBoost
20776,2022-02-28,0.08522402,XGBoost
20777,2022-02-28,0.0853572,XGBoost
20778,2022-02-28,0.23523971,XGBoost
20779,2022-02-28,0.082477674,XGBoost
2078,2022-02-28,0.22718121,XGBoost
20780,2022-02-28,0.085709244,XGBoost
20781,2022-02-28,0.08418864,XGBoost
20782,2022-02-28,0.078832544,XGBoost
20783,2022-02-28,0.07708091,XGBoost
20784,2022-02-28,0.23847494,XGBoost
20785,2022-02-28,0.22602054,XGBoost
20786,2022-02-28,0.22967361,XGBoost
20787,2022-02-28,0.070090026,XGBoost
20788,2022-02-28,0.24004075,XGBoost
20789,2022-02-28,0.08295183,XGBoost
2079,2022-02-28,0.08696301,XGBoost
20790,2022-02-28,0.08583308,XGBoost
20791,2022-02-28,0.21927533,XGBoost
20792,2022-02-28,0.22737528,XGBoost
20793,2022-02-28,0.0853618,XGBoost
20794,2022-02-28,0.22416845,XGBoost
20795,2022-02-28,0.08504962,XGBoost
20796,2022-02-28,0.083415955,XGBoost
20797,2022-02-28,0.2368423,XGBoost
20798,2022-02-28,0.085789755,XGBoost
20799,2022-02-28,0.2252484,XGBoost
208,2022-02-28,0.08813273,XGBoost
2080,2022-02-28,0.07596795,XGBoost
20800,2022-02-28,0.22955129,XGBoost
20801,2022-02-28,0.24979404,XGBoost
20802,2022-02-28,0.23274617,XGBoost
20803,2022-02-28,0.08251557,XGBoost
20804,2022-02-28,0.08305318,XGBoost
20805,2022-02-28,0.07777938,XGBoost
20806,2022-02-28,0.24919438,XGBoost
20807,2022-02-28,0.20707223,XGBoost
20808,2022-02-28,0.08525668,XGBoost
20809,2022-02-28,0.22079024,XGBoost
2081,2022-02-28,0.2250605,XGBoost
20810,2022-02-28,0.08612951,XGBoost
20811,2022-02-28,0.2203732,XGBoost
20812,2022-02-28,0.21092181,XGBoost
20813,2022-02-28,0.07993188,XGBoost
20814,2022-02-28,0.23759799,XGBoost
20815,2022-02-28,0.23573741,XGBoost
20816,2022-02-28,0.07934781,XGBoost
20817,2022-02-28,0.21177925,XGBoost
20818,2022-02-28,0.08034547,XGBoost
20819,2022-02-28,0.22907738,XGBoost
2082,2022-02-28,0.07832683,XGBoost
20820,2022-02-28,0.23421052,XGBoost
20821,2022-02-28,0.08422142,XGBoost
20822,2022-02-28,0.08356789,XGBoost
20823,2022-02-28,0.07827276,XGBoost
20824,2022-02-28,0.23051834,XGBoost
20825,2022-02-28,0.259185,XGBoost
20826,2022-02-28,0.26068214,XGBoost
20827,2022-02-28,0.07931388,XGBoost
20828,2022-02-28,0.07312285,XGBoost
20829,2022-02-28,0.23451224,XGBoost
2083,2022-02-28,0.23305567,XGBoost
20830,2022-02-28,0.08603567,XGBoost
20831,2022-02-28,0.086212456,XGBoost
20832,2022-02-28,0.06398928,XGBoost
20833,2022-02-28,0.22185875,XGBoost
20834,2022-02-28,0.07329099,XGBoost
20835,2022-02-28,0.081402004,XGBoost
20836,2022-02-28,0.08303231,XGBoost
20837,2022-02-28,0.2057092,XGBoost
20838,2022-02-28,0.22858082,XGBoost
20839,2022-02-28,0.07185015,XGBoost
2084,2022-02-28,0.07378993,XGBoost
20840,2022-02-28,0.0881416,XGBoost
20841,2022-02-28,0.08277069,XGBoost
20842,2022-02-28,0.06979278,XGBoost
20843,2022-02-28,0.07979515,XGBoost
20844,2022-02-28,0.07869671,XGBoost
20845,2022-02-28,0.079421796,XGBoost
20846,2022-02-28,0.22964473,XGBoost
20847,2022-02-28,0.23222552,XGBoost
20848,2022-02-28,0.23304889,XGBoost
20849,2022-02-28,0.23569022,XGBoost
2085,2022-02-28,0.21946892,XGBoost
20850,2022-02-28,0.07090669,XGBoost
20851,2022-02-28,0.22465466,XGBoost
20852,2022-02-28,0.08374099,XGBoost
20853,2022-02-28,0.08077507,XGBoost
20854,2022-02-28,0.07817229,XGBoost
20855,2022-02-28,0.24577914,XGBoost
20856,2022-02-28,0.23362443,XGBoost
20857,2022-02-28,0.22865179,XGBoost
20858,2022-02-28,0.08132767,XGBoost
20859,2022-02-28,0.23130126,XGBoost
2086,2022-02-28,0.08541975,XGBoost
20860,2022-02-28,0.22128625,XGBoost
20861,2022-02-28,0.082848065,XGBoost
20862,2022-02-28,0.21941933,XGBoost
20863,2022-02-28,0.21020938,XGBoost
20864,2022-02-28,0.08014589,XGBoost
20865,2022-02-28,0.08314737,XGBoost
20866,2022-02-28,0.26916054,XGBoost
20867,2022-02-28,0.083866864,XGBoost
20868,2022-02-28,0.081319354,XGBoost
20869,2022-02-28,0.082019106,XGBoost
2087,2022-02-28,0.079133816,XGBoost
20870,2022-02-28,0.066271864,XGBoost
20871,2022-02-28,0.08029179,XGBoost
20872,2022-02-28,0.084762484,XGBoost
20873,2022-02-28,0.08409455,XGBoost
20874,2022-02-28,0.07745896,XGBoost
20875,2022-02-28,0.08742848,XGBoost
20876,2022-02-28,0.083593845,XGBoost
20877,2022-02-28,0.2191879,XGBoost
20878,2022-02-28,0.23829608,XGBoost
20879,2022-02-28,0.23334473,XGBoost
2088,2022-02-28,0.0834373,XGBoost
20880,2022-02-28,0.08249327,XGBoost
20881,2022-02-28,0.08589263,XGBoost
20882,2022-02-28,0.08275171,XGBoost
20883,2022-02-28,0.21374117,XGBoost
20884,2022-02-28,0.22640008,XGBoost
20885,2022-02-28,0.21610309,XGBoost
20886,2022-02-28,0.0702689,XGBoost
20887,2022-02-28,0.08059829,XGBoost
20888,2022-02-28,0.24483226,XGBoost
20889,2022-02-28,0.21443291,XGBoost
2089,2022-02-28,0.08028335,XGBoost
20890,2022-02-28,0.08512834,XGBoost
20891,2022-02-28,0.08095199,XGBoost
20892,2022-02-28,0.08218183,XGBoost
20893,2022-02-28,0.22364883,XGBoost
20894,2022-02-28,0.08381987,XGBoost
20895,2022-02-28,0.0708,XGBoost
20896,2022-02-28,0.2473969,XGBoost
20897,2022-02-28,0.23172057,XGBoost
20898,2022-02-28,0.086556815,XGBoost
20899,2022-02-28,0.07386073,XGBoost
209,2022-02-28,0.2297782,XGBoost
2090,2022-02-28,0.08246026,XGBoost
20900,2022-02-28,0.07281998,XGBoost
20901,2022-02-28,0.22583963,XGBoost
20902,2022-02-28,0.08429908,XGBoost
20903,2022-02-28,0.083157435,XGBoost
20904,2022-02-28,0.22833455,XGBoost
20905,2022-02-28,0.085156485,XGBoost
20906,2022-02-28,0.088739224,XGBoost
20907,2022-02-28,0.08607297,XGBoost
20908,2022-02-28,0.08424953,XGBoost
20909,2022-02-28,0.086079426,XGBoost
2091,2022-02-28,0.23019417,XGBoost
20910,2022-02-28,0.21519414,XGBoost
20911,2022-02-28,0.07915473,XGBoost
20912,2022-02-28,0.20280159,XGBoost
20913,2022-02-28,0.08347867,XGBoost
20914,2022-02-28,0.07704241,XGBoost
20915,2022-02-28,0.08741261,XGBoost
20916,2022-02-28,0.086326584,XGBoost
20917,2022-02-28,0.064808205,XGBoost
20918,2022-02-28,0.082410544,XGBoost
20919,2022-02-28,0.07956255,XGBoost
2092,2022-02-28,0.07744098,XGBoost
20920,2022-02-28,0.087869324,XGBoost
20921,2022-02-28,0.077091,XGBoost
20922,2022-02-28,0.071092114,XGBoost
20923,2022-02-28,0.07826521,XGBoost
20924,2022-02-28,0.21057968,XGBoost
20925,2022-02-28,0.08056933,XGBoost
20926,2022-02-28,0.07655753,XGBoost
20927,2022-02-28,0.08146051,XGBoost
20928,2022-02-28,0.20699714,XGBoost
20929,2022-02-28,0.2527222,XGBoost
2093,2022-02-28,0.26169708,XGBoost
20930,2022-02-28,0.07806483,XGBoost
20931,2022-02-28,0.21689102,XGBoost
20932,2022-02-28,0.08531609,XGBoost
20933,2022-02-28,0.08390838,XGBoost
20934,2022-02-28,0.08191836,XGBoost
20935,2022-02-28,0.23014109,XGBoost
20936,2022-02-28,0.22343728,XGBoost
20937,2022-02-28,0.084695525,XGBoost
20938,2022-02-28,0.08508003,XGBoost
20939,2022-02-28,0.08150744,XGBoost
2094,2022-02-28,0.07963477,XGBoost
20940,2022-02-28,0.21221508,XGBoost
20941,2022-02-28,0.23350199,XGBoost
20942,2022-02-28,0.21215694,XGBoost
20943,2022-02-28,0.08604387,XGBoost
20944,2022-02-28,0.2315454,XGBoost
20945,2022-02-28,0.23700052,XGBoost
20946,2022-02-28,0.22088203,XGBoost
20947,2022-02-28,0.07888642,XGBoost
20948,2022-02-28,0.08224048,XGBoost
20949,2022-02-28,0.08837016,XGBoost
2095,2022-02-28,0.21703656,XGBoost
20950,2022-02-28,0.083676375,XGBoost
20951,2022-02-28,0.08637895,XGBoost
20952,2022-02-28,0.08351932,XGBoost
20953,2022-02-28,0.21645321,XGBoost
20954,2022-02-28,0.071039006,XGBoost
20955,2022-02-28,0.08380733,XGBoost
20956,2022-02-28,0.084143974,XGBoost
20957,2022-02-28,0.085865974,XGBoost
20958,2022-02-28,0.08531514,XGBoost
20959,2022-02-28,0.22460718,XGBoost
2096,2022-02-28,0.25753275,XGBoost
20960,2022-02-28,0.23208462,XGBoost
20961,2022-02-28,0.085279465,XGBoost
20962,2022-02-28,0.07938754,XGBoost
20963,2022-02-28,0.08355361,XGBoost
20964,2022-02-28,0.07223025,XGBoost
20965,2022-02-28,0.0870147,XGBoost
20966,2022-02-28,0.25580958,XGBoost
20967,2022-02-28,0.22473428,XGBoost
20968,2022-02-28,0.22152571,XGBoost
20969,2022-02-28,0.07801266,XGBoost
2097,2022-02-28,0.20981799,XGBoost
20970,2022-02-28,0.22516303,XGBoost
20971,2022-02-28,0.084783435,XGBoost
20972,2022-02-28,0.07143561,XGBoost
20973,2022-02-28,0.2519719,XGBoost
20974,2022-02-28,0.07324456,XGBoost
20975,2022-02-28,0.07251419,XGBoost
20976,2022-02-28,0.079832025,XGBoost
20977,2022-02-28,0.08332668,XGBoost
20978,2022-02-28,0.08556346,XGBoost
20979,2022-02-28,0.077765934,XGBoost
2098,2022-02-28,0.071202144,XGBoost
20980,2022-02-28,0.09027971,XGBoost
20981,2022-02-28,0.08972972,XGBoost
20982,2022-02-28,0.21729626,XGBoost
20983,2022-02-28,0.08233746,XGBoost
20984,2022-02-28,0.06515383,XGBoost
20985,2022-02-28,0.21806979,XGBoost
20986,2022-02-28,0.25921285,XGBoost
20987,2022-02-28,0.2330635,XGBoost
20988,2022-02-28,0.086067766,XGBoost
20989,2022-02-28,0.20945305,XGBoost
2099,2022-02-28,0.22014649,XGBoost
20990,2022-02-28,0.22281633,XGBoost
20991,2022-02-28,0.07809813,XGBoost
20992,2022-02-28,0.20535587,XGBoost
20993,2022-02-28,0.07914311,XGBoost
20994,2022-02-28,0.07159886,XGBoost
20995,2022-02-28,0.23062015,XGBoost
20996,2022-02-28,0.07833089,XGBoost
20997,2022-02-28,0.08539356,XGBoost
20998,2022-02-28,0.24992703,XGBoost
20999,2022-02-28,0.23272777,XGBoost
21,2022-02-28,0.072881155,XGBoost
210,2022-02-28,0.23594931,XGBoost
2100,2022-02-28,0.07656077,XGBoost
21000,2022-02-28,0.22856231,XGBoost
21001,2022-02-28,0.22733152,XGBoost
21002,2022-02-28,0.08709329,XGBoost
21003,2022-02-28,0.07195842,XGBoost
21004,2022-02-28,0.07743194,XGBoost
21005,2022-02-28,0.22210228,XGBoost
21006,2022-02-28,0.2236161,XGBoost
21007,2022-02-28,0.08258261,XGBoost
21008,2022-02-28,0.081397995,XGBoost
21009,2022-02-28,0.079177015,XGBoost
2101,2022-02-28,0.084896185,XGBoost
21010,2022-02-28,0.21331176,XGBoost
21011,2022-02-28,0.081552,XGBoost
21012,2022-02-28,0.24027863,XGBoost
21013,2022-02-28,0.068266794,XGBoost
21014,2022-02-28,0.22625047,XGBoost
21015,2022-02-28,0.08562545,XGBoost
21016,2022-02-28,0.07788859,XGBoost
21017,2022-02-28,0.06971323,XGBoost
21018,2022-02-28,0.087977506,XGBoost
21019,2022-02-28,0.22972202,XGBoost
2102,2022-02-28,0.08644099,XGBoost
21020,2022-02-28,0.08281979,XGBoost
21021,2022-02-28,0.079729706,XGBoost
21022,2022-02-28,0.0875396,XGBoost
21023,2022-02-28,0.23498136,XGBoost
21024,2022-02-28,0.24525237,XGBoost
21025,2022-02-28,0.0867946,XGBoost
21026,2022-02-28,0.21480069,XGBoost
21027,2022-02-28,0.08318469,XGBoost
21028,2022-02-28,0.08418425,XGBoost
21029,2022-02-28,0.0862452,XGBoost
2103,2022-02-28,0.081462085,XGBoost
21030,2022-02-28,0.08060454,XGBoost
21031,2022-02-28,0.23586585,XGBoost
21032,2022-02-28,0.22645886,XGBoost
21033,2022-02-28,0.0869164,XGBoost
21034,2022-02-28,0.24839786,XGBoost
21035,2022-02-28,0.22767313,XGBoost
21036,2022-02-28,0.08566078,XGBoost
21037,2022-02-28,0.08550053,XGBoost
21038,2022-02-28,0.07870193,XGBoost
21039,2022-02-28,0.2507339,XGBoost
2104,2022-02-28,0.07638361,XGBoost
21040,2022-02-28,0.07243985,XGBoost
21041,2022-02-28,0.077298224,XGBoost
21042,2022-02-28,0.08363923,XGBoost
21043,2022-02-28,0.07444782,XGBoost
21044,2022-02-28,0.065636165,XGBoost
21045,2022-02-28,0.22152852,XGBoost
21046,2022-02-28,0.08056282,XGBoost
21047,2022-02-28,0.07909907,XGBoost
21048,2022-02-28,0.21782528,XGBoost
21049,2022-02-28,0.08115543,XGBoost
2105,2022-02-28,0.22657104,XGBoost
21050,2022-02-28,0.08518343,XGBoost
21051,2022-02-28,0.08460509,XGBoost
21052,2022-02-28,0.22217247,XGBoost
21053,2022-02-28,0.07253248,XGBoost
21054,2022-02-28,0.21847793,XGBoost
21055,2022-02-28,0.23095721,XGBoost
21056,2022-02-28,0.07141434,XGBoost
21057,2022-02-28,0.21651384,XGBoost
21058,2022-02-28,0.2442111,XGBoost
21059,2022-02-28,0.21721703,XGBoost
2106,2022-02-28,0.22872172,XGBoost
21060,2022-02-28,0.08629376,XGBoost
21061,2022-02-28,0.2526741,XGBoost
21062,2022-02-28,0.23273338,XGBoost
21063,2022-02-28,0.077059515,XGBoost
21064,2022-02-28,0.23738137,XGBoost
21065,2022-02-28,0.08610109,XGBoost
21066,2022-02-28,0.23792137,XGBoost
21067,2022-02-28,0.21987495,XGBoost
21068,2022-02-28,0.22036554,XGBoost
21069,2022-02-28,0.08372539,XGBoost
2107,2022-02-28,0.082589686,XGBoost
21070,2022-02-28,0.08540274,XGBoost
21071,2022-02-28,0.06518655,XGBoost
21072,2022-02-28,0.08269348,XGBoost
21073,2022-02-28,0.079237044,XGBoost
21074,2022-02-28,0.07746674,XGBoost
21075,2022-02-28,0.22364199,XGBoost
21076,2022-02-28,0.08433562,XGBoost
21077,2022-02-28,0.23381533,XGBoost
21078,2022-02-28,0.23890391,XGBoost
21079,2022-02-28,0.08621758,XGBoost
2108,2022-02-28,0.22177437,XGBoost
21080,2022-02-28,0.2546495,XGBoost
21081,2022-02-28,0.08289731,XGBoost
21082,2022-02-28,0.083051585,XGBoost
21083,2022-02-28,0.2379503,XGBoost
21084,2022-02-28,0.086854,XGBoost
21085,2022-02-28,0.08558966,XGBoost
21086,2022-02-28,0.23587723,XGBoost
21087,2022-02-28,0.22146891,XGBoost
21088,2022-02-28,0.08313093,XGBoost
21089,2022-02-28,0.0881459,XGBoost
2109,2022-02-28,0.23303403,XGBoost
21090,2022-02-28,0.23149672,XGBoost
21091,2022-02-28,0.068737596,XGBoost
21092,2022-02-28,0.21484934,XGBoost
21093,2022-02-28,0.23861395,XGBoost
21094,2022-02-28,0.079315044,XGBoost
21095,2022-02-28,0.07817984,XGBoost
21096,2022-02-28,0.21551453,XGBoost
21097,2022-02-28,0.074342884,XGBoost
21098,2022-02-28,0.085461825,XGBoost
21099,2022-02-28,0.2381863,XGBoost
211,2022-02-28,0.23346436,XGBoost
2110,2022-02-28,0.07814925,XGBoost
21100,2022-02-28,0.23475407,XGBoost
21101,2022-02-28,0.23948821,XGBoost
21102,2022-02-28,0.07928917,XGBoost
21103,2022-02-28,0.08383871,XGBoost
21104,2022-02-28,0.086792566,XGBoost
21105,2022-02-28,0.081782855,XGBoost
21106,2022-02-28,0.21431668,XGBoost
21107,2022-02-28,0.22725892,XGBoost
21108,2022-02-28,0.08358465,XGBoost
21109,2022-02-28,0.21724573,XGBoost
2111,2022-02-28,0.2354378,XGBoost
21110,2022-02-28,0.08281744,XGBoost
21111,2022-02-28,0.22894438,XGBoost
21112,2022-02-28,0.22070818,XGBoost
21113,2022-02-28,0.25260997,XGBoost
21114,2022-02-28,0.06934509,XGBoost
21115,2022-02-28,0.23277213,XGBoost
21116,2022-02-28,0.08195772,XGBoost
21117,2022-02-28,0.08039162,XGBoost
21118,2022-02-28,0.21425004,XGBoost
21119,2022-02-28,0.2132719,XGBoost
2112,2022-02-28,0.25502944,XGBoost
21120,2022-02-28,0.23975247,XGBoost
21121,2022-02-28,0.23223309,XGBoost
21122,2022-02-28,0.08303206,XGBoost
21123,2022-02-28,0.084229045,XGBoost
21124,2022-02-28,0.2214187,XGBoost
21125,2022-02-28,0.08405298,XGBoost
21126,2022-02-28,0.23153122,XGBoost
21127,2022-02-28,0.23481086,XGBoost
21128,2022-02-28,0.07775556,XGBoost
21129,2022-02-28,0.08810213,XGBoost
2113,2022-02-28,0.07938055,XGBoost
21130,2022-02-28,0.22610001,XGBoost
21131,2022-02-28,0.08259593,XGBoost
21132,2022-02-28,0.08678183,XGBoost
21133,2022-02-28,0.088190205,XGBoost
21134,2022-02-28,0.22965004,XGBoost
21135,2022-02-28,0.076763175,XGBoost
21136,2022-02-28,0.081722334,XGBoost
21137,2022-02-28,0.075234674,XGBoost
21138,2022-02-28,0.25755972,XGBoost
21139,2022-02-28,0.077568755,XGBoost
2114,2022-02-28,0.08552866,XGBoost
21140,2022-02-28,0.07790222,XGBoost
21141,2022-02-28,0.2285297,XGBoost
21142,2022-02-28,0.221157,XGBoost
21143,2022-02-28,0.08810091,XGBoost
21144,2022-02-28,0.21864639,XGBoost
21145,2022-02-28,0.2209887,XGBoost
21146,2022-02-28,0.08442126,XGBoost
21147,2022-02-28,0.084700555,XGBoost
21148,2022-02-28,0.22212316,XGBoost
21149,2022-02-28,0.06827517,XGBoost
2115,2022-02-28,0.21023043,XGBoost
21150,2022-02-28,0.21972722,XGBoost
21151,2022-02-28,0.073065184,XGBoost
21152,2022-02-28,0.24062097,XGBoost
21153,2022-02-28,0.08253411,XGBoost
21154,2022-02-28,0.2302999,XGBoost
21155,2022-02-28,0.08535482,XGBoost
21156,2022-02-28,0.23698266,XGBoost
21157,2022-02-28,0.23149528,XGBoost
21158,2022-02-28,0.079538904,XGBoost
21159,2022-02-28,0.22955409,XGBoost
2116,2022-02-28,0.21921308,XGBoost
21160,2022-02-28,0.20687771,XGBoost
21161,2022-02-28,0.21794258,XGBoost
21162,2022-02-28,0.08304503,XGBoost
21163,2022-02-28,0.22684437,XGBoost
21164,2022-02-28,0.23517771,XGBoost
21165,2022-02-28,0.06879996,XGBoost
21166,2022-02-28,0.08217481,XGBoost
21167,2022-02-28,0.07361488,XGBoost
21168,2022-02-28,0.22935593,XGBoost
21169,2022-02-28,0.08133169,XGBoost
2117,2022-02-28,0.06426358,XGBoost
21170,2022-02-28,0.23555991,XGBoost
21171,2022-02-28,0.07762512,XGBoost
21172,2022-02-28,0.087313965,XGBoost
21173,2022-02-28,0.08221145,XGBoost
21174,2022-02-28,0.0707092,XGBoost
21175,2022-02-28,0.074548475,XGBoost
21176,2022-02-28,0.23962164,XGBoost
21177,2022-02-28,0.21551065,XGBoost
21178,2022-02-28,0.25869736,XGBoost
21179,2022-02-28,0.23365515,XGBoost
2118,2022-02-28,0.22189583,XGBoost
21180,2022-02-28,0.081997484,XGBoost
21181,2022-02-28,0.07082965,XGBoost
21182,2022-02-28,0.08400824,XGBoost
21183,2022-02-28,0.22515248,XGBoost
21184,2022-02-28,0.07692208,XGBoost
21185,2022-02-28,0.23409878,XGBoost
21186,2022-02-28,0.23579009,XGBoost
21187,2022-02-28,0.083633974,XGBoost
21188,2022-02-28,0.07852245,XGBoost
21189,2022-02-28,0.08420496,XGBoost
2119,2022-02-28,0.08191365,XGBoost
21190,2022-02-28,0.07879736,XGBoost
21191,2022-02-28,0.07466801,XGBoost
21192,2022-02-28,0.0868944,XGBoost
21193,2022-02-28,0.07821302,XGBoost
21194,2022-02-28,0.08321077,XGBoost
21195,2022-02-28,0.24345228,XGBoost
21196,2022-02-28,0.078917615,XGBoost
21197,2022-02-28,0.23154536,XGBoost
21198,2022-02-28,0.21967845,XGBoost
21199,2022-02-28,0.08838917,XGBoost
212,2022-02-28,0.081461735,XGBoost
2120,2022-02-28,0.08167454,XGBoost
21200,2022-02-28,0.22697821,XGBoost
21201,2022-02-28,0.22211845,XGBoost
21202,2022-02-28,0.078092195,XGBoost
21203,2022-02-28,0.07923073,XGBoost
21204,2022-02-28,0.07905659,XGBoost
21205,2022-02-28,0.082589835,XGBoost
21206,2022-02-28,0.083128914,XGBoost
21207,2022-02-28,0.08361668,XGBoost
21208,2022-02-28,0.20847037,XGBoost
21209,2022-02-28,0.23557238,XGBoost
2121,2022-02-28,0.0843118,XGBoost
21210,2022-02-28,0.24937539,XGBoost
21211,2022-02-28,0.08298772,XGBoost
21212,2022-02-28,0.08584435,XGBoost
21213,2022-02-28,0.2084289,XGBoost
21214,2022-02-28,0.0845694,XGBoost
21215,2022-02-28,0.23110639,XGBoost
21216,2022-02-28,0.22016463,XGBoost
21217,2022-02-28,0.07750339,XGBoost
21218,2022-02-28,0.219167,XGBoost
21219,2022-02-28,0.084390245,XGBoost
2122,2022-02-28,0.21250868,XGBoost
21220,2022-02-28,0.23844282,XGBoost
21221,2022-02-28,0.076323494,XGBoost
21222,2022-02-28,0.08141183,XGBoost
21223,2022-02-28,0.21783768,XGBoost
21224,2022-02-28,0.08193595,XGBoost
21225,2022-02-28,0.088141195,XGBoost
21226,2022-02-28,0.2397321,XGBoost
21227,2022-02-28,0.07417777,XGBoost
21228,2022-02-28,0.22359942,XGBoost
21229,2022-02-28,0.08358219,XGBoost
2123,2022-02-28,0.08521501,XGBoost
21230,2022-02-28,0.082949236,XGBoost
21231,2022-02-28,0.07885833,XGBoost
21232,2022-02-28,0.22716565,XGBoost
21233,2022-02-28,0.070514925,XGBoost
21234,2022-02-28,0.08624969,XGBoost
21235,2022-02-28,0.08269763,XGBoost
21236,2022-02-28,0.07672255,XGBoost
21237,2022-02-28,0.07038976,XGBoost
21238,2022-02-28,0.08272044,XGBoost
21239,2022-02-28,0.08837468,XGBoost
2124,2022-02-28,0.082146354,XGBoost
21240,2022-02-28,0.08878019,XGBoost
21241,2022-02-28,0.081426404,XGBoost
21242,2022-02-28,0.23504052,XGBoost
21243,2022-02-28,0.24573325,XGBoost
21244,2022-02-28,0.2339757,XGBoost
21245,2022-02-28,0.08343022,XGBoost
21246,2022-02-28,0.24270102,XGBoost
21247,2022-02-28,0.076595604,XGBoost
21248,2022-02-28,0.08062838,XGBoost
21249,2022-02-28,0.084156506,XGBoost
2125,2022-02-28,0.23271096,XGBoost
21250,2022-02-28,0.22428851,XGBoost
21251,2022-02-28,0.08783744,XGBoost
21252,2022-02-28,0.084094994,XGBoost
21253,2022-02-28,0.08953626,XGBoost
21254,2022-02-28,0.085869595,XGBoost
21255,2022-02-28,0.20756675,XGBoost
21256,2022-02-28,0.07343879,XGBoost
21257,2022-02-28,0.22957194,XGBoost
21258,2022-02-28,0.25021276,XGBoost
21259,2022-02-28,0.072459996,XGBoost
2126,2022-02-28,0.21153335,XGBoost
21260,2022-02-28,0.08566953,XGBoost
21261,2022-02-28,0.082306765,XGBoost
21262,2022-02-28,0.07238063,XGBoost
21263,2022-02-28,0.08453283,XGBoost
21264,2022-02-28,0.22773373,XGBoost
21265,2022-02-28,0.088743165,XGBoost
21266,2022-02-28,0.22455147,XGBoost
21267,2022-02-28,0.08438152,XGBoost
21268,2022-02-28,0.08178008,XGBoost
21269,2022-02-28,0.06456155,XGBoost
2127,2022-02-28,0.23588285,XGBoost
21270,2022-02-28,0.08464843,XGBoost
21271,2022-02-28,0.22512016,XGBoost
21272,2022-02-28,0.0722149,XGBoost
21273,2022-02-28,0.22691616,XGBoost
21274,2022-02-28,0.08802766,XGBoost
21275,2022-02-28,0.07083102,XGBoost
21276,2022-02-28,0.23690033,XGBoost
21277,2022-02-28,0.0843415,XGBoost
21278,2022-02-28,0.08538066,XGBoost
21279,2022-02-28,0.087969705,XGBoost
2128,2022-02-28,0.23643212,XGBoost
21280,2022-02-28,0.073592305,XGBoost
21281,2022-02-28,0.085425295,XGBoost
21282,2022-02-28,0.21665615,XGBoost
21283,2022-02-28,0.23181775,XGBoost
21284,2022-02-28,0.08225393,XGBoost
21285,2022-02-28,0.07700392,XGBoost
21286,2022-02-28,0.22574188,XGBoost
21287,2022-02-28,0.08383133,XGBoost
21288,2022-02-28,0.23392384,XGBoost
21289,2022-02-28,0.0742602,XGBoost
2129,2022-02-28,0.08226132,XGBoost
21290,2022-02-28,0.22738373,XGBoost
21291,2022-02-28,0.080912136,XGBoost
21292,2022-02-28,0.23202743,XGBoost
21293,2022-02-28,0.2389972,XGBoost
21294,2022-02-28,0.066692196,XGBoost
21295,2022-02-28,0.21451476,XGBoost
21296,2022-02-28,0.08293744,XGBoost
21297,2022-02-28,0.23865463,XGBoost
21298,2022-02-28,0.085779004,XGBoost
21299,2022-02-28,0.08538473,XGBoost
213,2022-02-28,0.24713242,XGBoost
2130,2022-02-28,0.23657767,XGBoost
21300,2022-02-28,0.23321414,XGBoost
21301,2022-02-28,0.2337319,XGBoost
21302,2022-02-28,0.08575027,XGBoost
21303,2022-02-28,0.08363494,XGBoost
21304,2022-02-28,0.08469992,XGBoost
21305,2022-02-28,0.08257412,XGBoost
21306,2022-02-28,0.08879072,XGBoost
21307,2022-02-28,0.2392482,XGBoost
21308,2022-02-28,0.07173993,XGBoost
21309,2022-02-28,0.26708633,XGBoost
2131,2022-02-28,0.2140618,XGBoost
21310,2022-02-28,0.073775865,XGBoost
21311,2022-02-28,0.22824828,XGBoost
21312,2022-02-28,0.081898354,XGBoost
21313,2022-02-28,0.08226073,XGBoost
21314,2022-02-28,0.08433848,XGBoost
21315,2022-02-28,0.07348443,XGBoost
21316,2022-02-28,0.22707935,XGBoost
21317,2022-02-28,0.079654284,XGBoost
21318,2022-02-28,0.25271213,XGBoost
21319,2022-02-28,0.24468262,XGBoost
2132,2022-02-28,0.0803146,XGBoost
21320,2022-02-28,0.07813809,XGBoost
21321,2022-02-28,0.085848145,XGBoost
21322,2022-02-28,0.071871564,XGBoost
21323,2022-02-28,0.23096934,XGBoost
21324,2022-02-28,0.22066754,XGBoost
21325,2022-02-28,0.08774007,XGBoost
21326,2022-02-28,0.21466997,XGBoost
21327,2022-02-28,0.2492203,XGBoost
21328,2022-02-28,0.07778401,XGBoost
21329,2022-02-28,0.089020714,XGBoost
2133,2022-02-28,0.21974072,XGBoost
21330,2022-02-28,0.08198349,XGBoost
21331,2022-02-28,0.23071685,XGBoost
21332,2022-02-28,0.21430819,XGBoost
21333,2022-02-28,0.23219933,XGBoost
21334,2022-02-28,0.07842864,XGBoost
21335,2022-02-28,0.0778089,XGBoost
21336,2022-02-28,0.08307338,XGBoost
21337,2022-02-28,0.20825127,XGBoost
21338,2022-02-28,0.2293609,XGBoost
21339,2022-02-28,0.0797483,XGBoost
2134,2022-02-28,0.23334108,XGBoost
21340,2022-02-28,0.23165596,XGBoost
21341,2022-02-28,0.24057503,XGBoost
21342,2022-02-28,0.08468201,XGBoost
21343,2022-02-28,0.08605546,XGBoost
21344,2022-02-28,0.21928719,XGBoost
21345,2022-02-28,0.21717575,XGBoost
21346,2022-02-28,0.07986466,XGBoost
21347,2022-02-28,0.23054525,XGBoost
21348,2022-02-28,0.22250094,XGBoost
21349,2022-02-28,0.22257802,XGBoost
2135,2022-02-28,0.07701225,XGBoost
21350,2022-02-28,0.07112326,XGBoost
21351,2022-02-28,0.08568469,XGBoost
21352,2022-02-28,0.08701142,XGBoost
21353,2022-02-28,0.26103032,XGBoost
21354,2022-02-28,0.07804735,XGBoost
21355,2022-02-28,0.07108665,XGBoost
21356,2022-02-28,0.07917947,XGBoost
21357,2022-02-28,0.25186357,XGBoost
21358,2022-02-28,0.08218605,XGBoost
21359,2022-02-28,0.23230754,XGBoost
2136,2022-02-28,0.083715685,XGBoost
21360,2022-02-28,0.086574204,XGBoost
21361,2022-02-28,0.22136341,XGBoost
21362,2022-02-28,0.21472073,XGBoost
21363,2022-02-28,0.23350821,XGBoost
21364,2022-02-28,0.080443285,XGBoost
21365,2022-02-28,0.21807785,XGBoost
21366,2022-02-28,0.23772722,XGBoost
21367,2022-02-28,0.102184154,XGBoost
21368,2022-02-28,0.07622699,XGBoost
21369,2022-02-28,0.21261044,XGBoost
2137,2022-02-28,0.20501506,XGBoost
21370,2022-02-28,0.0727258,XGBoost
21371,2022-02-28,0.2159811,XGBoost
21372,2022-02-28,0.24174638,XGBoost
21373,2022-02-28,0.083837904,XGBoost
21374,2022-02-28,0.24032487,XGBoost
21375,2022-02-28,0.082969435,XGBoost
21376,2022-02-28,0.07939459,XGBoost
21377,2022-02-28,0.22316419,XGBoost
21378,2022-02-28,0.07129509,XGBoost
21379,2022-02-28,0.23586592,XGBoost
2138,2022-02-28,0.21999809,XGBoost
21380,2022-02-28,0.08119003,XGBoost
21381,2022-02-28,0.23938692,XGBoost
21382,2022-02-28,0.24694443,XGBoost
21383,2022-02-28,0.08443594,XGBoost
21384,2022-02-28,0.15637998,XGBoost
21385,2022-02-28,0.20686446,XGBoost
21386,2022-02-28,0.25676876,XGBoost
21387,2022-02-28,0.08452375,XGBoost
21388,2022-02-28,0.23440032,XGBoost
21389,2022-02-28,0.076744,XGBoost
2139,2022-02-28,0.24987404,XGBoost
21390,2022-02-28,0.23584902,XGBoost
21391,2022-02-28,0.08757023,XGBoost
21392,2022-02-28,0.08216711,XGBoost
21393,2022-02-28,0.2064557,XGBoost
21394,2022-02-28,0.24922793,XGBoost
21395,2022-02-28,0.07259591,XGBoost
21396,2022-02-28,0.25587052,XGBoost
21397,2022-02-28,0.08511516,XGBoost
21398,2022-02-28,0.08625511,XGBoost
21399,2022-02-28,0.08467081,XGBoost
214,2022-02-28,0.068893164,XGBoost
2140,2022-02-28,0.19374762,XGBoost
21400,2022-02-28,0.22777335,XGBoost
21401,2022-02-28,0.19787043,XGBoost
21402,2022-02-28,0.07227605,XGBoost
21403,2022-02-28,0.08733335,XGBoost
21404,2022-02-28,0.07958084,XGBoost
21405,2022-02-28,0.08280339,XGBoost
21406,2022-02-28,0.22394435,XGBoost
21407,2022-02-28,0.22877294,XGBoost
21408,2022-02-28,0.24171841,XGBoost
21409,2022-02-28,0.07888352,XGBoost
2141,2022-02-28,0.08313236,XGBoost
21410,2022-02-28,0.08490825,XGBoost
21411,2022-02-28,0.07638653,XGBoost
21412,2022-02-28,0.08473281,XGBoost
21413,2022-02-28,0.22941807,XGBoost
21414,2022-02-28,0.082722954,XGBoost
21415,2022-02-28,0.2260044,XGBoost
21416,2022-02-28,0.07061542,XGBoost
21417,2022-02-28,0.23664299,XGBoost
21418,2022-02-28,0.066860884,XGBoost
21419,2022-02-28,0.06508446,XGBoost
2142,2022-02-28,0.07926635,XGBoost
21420,2022-02-28,0.2256129,XGBoost
21421,2022-02-28,0.067323856,XGBoost
21422,2022-02-28,0.08638659,XGBoost
21423,2022-02-28,0.06977503,XGBoost
21424,2022-02-28,0.07146431,XGBoost
21425,2022-02-28,0.07020454,XGBoost
21426,2022-02-28,0.2118315,XGBoost
21427,2022-02-28,0.0788275,XGBoost
21428,2022-02-28,0.2181993,XGBoost
21429,2022-02-28,0.25173235,XGBoost
2143,2022-02-28,0.22790712,XGBoost
21430,2022-02-28,0.073210895,XGBoost
21431,2022-02-28,0.066730134,XGBoost
21432,2022-02-28,0.08300695,XGBoost
21433,2022-02-28,0.086227104,XGBoost
21434,2022-02-28,0.25518206,XGBoost
21435,2022-02-28,0.23774184,XGBoost
21436,2022-02-28,0.083460525,XGBoost
21437,2022-02-28,0.07871749,XGBoost
21438,2022-02-28,0.08500595,XGBoost
21439,2022-02-28,0.071492,XGBoost
2144,2022-02-28,0.069463514,XGBoost
21440,2022-02-28,0.08487873,XGBoost
21441,2022-02-28,0.2351381,XGBoost
21442,2022-02-28,0.08624362,XGBoost
21443,2022-02-28,0.2228185,XGBoost
21444,2022-02-28,0.2333795,XGBoost
21445,2022-02-28,0.08573499,XGBoost
21446,2022-02-28,0.22440173,XGBoost
21447,2022-02-28,0.08741497,XGBoost
21448,2022-02-28,0.22657573,XGBoost
21449,2022-02-28,0.08559333,XGBoost
2145,2022-02-28,0.07918278,XGBoost
21450,2022-02-28,0.08261261,XGBoost
21451,2022-02-28,0.24576817,XGBoost
21452,2022-02-28,0.20987038,XGBoost
21453,2022-02-28,0.08338654,XGBoost
21454,2022-02-28,0.06915556,XGBoost
21455,2022-02-28,0.2168891,XGBoost
21456,2022-02-28,0.21756233,XGBoost
21457,2022-02-28,0.082022674,XGBoost
21458,2022-02-28,0.21847071,XGBoost
21459,2022-02-28,0.2385247,XGBoost
2146,2022-02-28,0.068949044,XGBoost
21460,2022-02-28,0.23634918,XGBoost
21461,2022-02-28,0.24611089,XGBoost
21462,2022-02-28,0.08083309,XGBoost
21463,2022-02-28,0.070571035,XGBoost
21464,2022-02-28,0.2515148,XGBoost
21465,2022-02-28,0.0793117,XGBoost
21466,2022-02-28,0.20879717,XGBoost
21467,2022-02-28,0.08207197,XGBoost
21468,2022-02-28,0.07881354,XGBoost
21469,2022-02-28,0.08485898,XGBoost
2147,2022-02-28,0.23750533,XGBoost
21470,2022-02-28,0.21270877,XGBoost
21471,2022-02-28,0.24160095,XGBoost
21472,2022-02-28,0.24023862,XGBoost
21473,2022-02-28,0.20480043,XGBoost
21474,2022-02-28,0.22314814,XGBoost
21475,2022-02-28,0.08723055,XGBoost
21476,2022-02-28,0.086757876,XGBoost
21477,2022-02-28,0.08023491,XGBoost
21478,2022-02-28,0.07735421,XGBoost
21479,2022-02-28,0.0867312,XGBoost
2148,2022-02-28,0.0778202,XGBoost
21480,2022-02-28,0.23551841,XGBoost
21481,2022-02-28,0.08383359,XGBoost
21482,2022-02-28,0.21734849,XGBoost
21483,2022-02-28,0.07422859,XGBoost
21484,2022-02-28,0.07208879,XGBoost
21485,2022-02-28,0.23182757,XGBoost
21486,2022-02-28,0.2230557,XGBoost
21487,2022-02-28,0.08366144,XGBoost
21488,2022-02-28,0.08334815,XGBoost
21489,2022-02-28,0.087339036,XGBoost
2149,2022-02-28,0.22880882,XGBoost
21490,2022-02-28,0.08451186,XGBoost
21491,2022-02-28,0.07670679,XGBoost
21492,2022-02-28,0.078902,XGBoost
21493,2022-02-28,0.23439763,XGBoost
21494,2022-02-28,0.07643315,XGBoost
21495,2022-02-28,0.08302833,XGBoost
21496,2022-02-28,0.08566047,XGBoost
21497,2022-02-28,0.22611152,XGBoost
21498,2022-02-28,0.08341105,XGBoost
21499,2022-02-28,0.23669301,XGBoost
215,2022-02-28,0.21943094,XGBoost
2150,2022-02-28,0.19221759,XGBoost
21500,2022-02-28,0.21436456,XGBoost
21501,2022-02-28,0.20983168,XGBoost
21502,2022-02-28,0.082856126,XGBoost
21503,2022-02-28,0.07868102,XGBoost
21504,2022-02-28,0.21864684,XGBoost
21505,2022-02-28,0.20956837,XGBoost
21506,2022-02-28,0.082780115,XGBoost
21507,2022-02-28,0.22095747,XGBoost
21508,2022-02-28,0.08452968,XGBoost
21509,2022-02-28,0.08166418,XGBoost
2151,2022-02-28,0.071138166,XGBoost
21510,2022-02-28,0.08631842,XGBoost
21511,2022-02-28,0.077792756,XGBoost
21512,2022-02-28,0.19776087,XGBoost
21513,2022-02-28,0.0858005,XGBoost
21514,2022-02-28,0.20111041,XGBoost
21515,2022-02-28,0.069901325,XGBoost
21516,2022-02-28,0.07017773,XGBoost
21517,2022-02-28,0.2305051,XGBoost
21518,2022-02-28,0.25283214,XGBoost
21519,2022-02-28,0.08316865,XGBoost
2152,2022-02-28,0.0728549,XGBoost
21520,2022-02-28,0.08279156,XGBoost
21521,2022-02-28,0.07618387,XGBoost
21522,2022-02-28,0.24452668,XGBoost
21523,2022-02-28,0.21492489,XGBoost
21524,2022-02-28,0.23284924,XGBoost
21525,2022-02-28,0.20816907,XGBoost
21526,2022-02-28,0.07704847,XGBoost
21527,2022-02-28,0.08168223,XGBoost
21528,2022-02-28,0.2323317,XGBoost
21529,2022-02-28,0.2121438,XGBoost
2153,2022-02-28,0.19955403,XGBoost
21530,2022-02-28,0.0851298,XGBoost
21531,2022-02-28,0.07556648,XGBoost
21532,2022-02-28,0.20833579,XGBoost
21533,2022-02-28,0.07956161,XGBoost
21534,2022-02-28,0.07062642,XGBoost
21535,2022-02-28,0.0770116,XGBoost
21536,2022-02-28,0.08469666,XGBoost
21537,2022-02-28,0.22804525,XGBoost
21538,2022-02-28,0.07960771,XGBoost
21539,2022-02-28,0.082477264,XGBoost
2154,2022-02-28,0.081191756,XGBoost
21540,2022-02-28,0.2389646,XGBoost
21541,2022-02-28,0.21913005,XGBoost
21542,2022-02-28,0.23781173,XGBoost
21543,2022-02-28,0.21473347,XGBoost
21544,2022-02-28,0.23404188,XGBoost
21545,2022-02-28,0.22363037,XGBoost
21546,2022-02-28,0.22806782,XGBoost
21547,2022-02-28,0.08607232,XGBoost
21548,2022-02-28,0.091105804,XGBoost
21549,2022-02-28,0.08324433,XGBoost
2155,2022-02-28,0.26025456,XGBoost
21550,2022-02-28,0.083760574,XGBoost
21551,2022-02-28,0.07941902,XGBoost
21552,2022-02-28,0.08516279,XGBoost
21553,2022-02-28,0.082301855,XGBoost
21554,2022-02-28,0.23929313,XGBoost
21555,2022-02-28,0.08759833,XGBoost
21556,2022-02-28,0.085790455,XGBoost
21557,2022-02-28,0.07691192,XGBoost
21558,2022-02-28,0.22175722,XGBoost
21559,2022-02-28,0.073199555,XGBoost
2156,2022-02-28,0.07935665,XGBoost
21560,2022-02-28,0.08494857,XGBoost
21561,2022-02-28,0.08592862,XGBoost
21562,2022-02-28,0.24294028,XGBoost
21563,2022-02-28,0.07710418,XGBoost
21564,2022-02-28,0.23883536,XGBoost
21565,2022-02-28,0.08888114,XGBoost
21566,2022-02-28,0.0747248,XGBoost
21567,2022-02-28,0.08155758,XGBoost
21568,2022-02-28,0.23280773,XGBoost
21569,2022-02-28,0.08487695,XGBoost
2157,2022-02-28,0.23479511,XGBoost
21570,2022-02-28,0.22089034,XGBoost
21571,2022-02-28,0.072988845,XGBoost
21572,2022-02-28,0.0808153,XGBoost
21573,2022-02-28,0.08528866,XGBoost
21574,2022-02-28,0.08449533,XGBoost
21575,2022-02-28,0.08045254,XGBoost
21576,2022-02-28,0.22351234,XGBoost
21577,2022-02-28,0.08227108,XGBoost
21578,2022-02-28,0.07330227,XGBoost
21579,2022-02-28,0.08558941,XGBoost
2158,2022-02-28,0.23624057,XGBoost
21580,2022-02-28,0.21955626,XGBoost
21581,2022-02-28,0.07646832,XGBoost
21582,2022-02-28,0.07729071,XGBoost
21583,2022-02-28,0.086941734,XGBoost
21584,2022-02-28,0.22742161,XGBoost
21585,2022-02-28,0.24766017,XGBoost
21586,2022-02-28,0.23414424,XGBoost
21587,2022-02-28,0.2363303,XGBoost
21588,2022-02-28,0.08368437,XGBoost
21589,2022-02-28,0.23622513,XGBoost
2159,2022-02-28,0.06787933,XGBoost
21590,2022-02-28,0.23295502,XGBoost
21591,2022-02-28,0.22701235,XGBoost
21592,2022-02-28,0.078697704,XGBoost
21593,2022-02-28,0.08534868,XGBoost
21594,2022-02-28,0.24300984,XGBoost
21595,2022-02-28,0.23160255,XGBoost
21596,2022-02-28,0.25351086,XGBoost
21597,2022-02-28,0.08364757,XGBoost
21598,2022-02-28,0.08341937,XGBoost
21599,2022-02-28,0.20841634,XGBoost
216,2022-02-28,0.2070479,XGBoost
2160,2022-02-28,0.080736466,XGBoost
21600,2022-02-28,0.08168155,XGBoost
21601,2022-02-28,0.073016204,XGBoost
21602,2022-02-28,0.07478708,XGBoost
21603,2022-02-28,0.21670114,XGBoost
21604,2022-02-28,0.08447393,XGBoost
21605,2022-02-28,0.22825179,XGBoost
21606,2022-02-28,0.08356289,XGBoost
21607,2022-02-28,0.2268352,XGBoost
21608,2022-02-28,0.23230448,XGBoost
21609,2022-02-28,0.084219806,XGBoost
2161,2022-02-28,0.08228954,XGBoost
21610,2022-02-28,0.08146698,XGBoost
21611,2022-02-28,0.24852033,XGBoost
21612,2022-02-28,0.08592841,XGBoost
21613,2022-02-28,0.079411596,XGBoost
21614,2022-02-28,0.08271526,XGBoost
21615,2022-02-28,0.07942677,XGBoost
21616,2022-02-28,0.08114148,XGBoost
21617,2022-02-28,0.23220745,XGBoost
21618,2022-02-28,0.08616952,XGBoost
21619,2022-02-28,0.22597829,XGBoost
2162,2022-02-28,0.08392626,XGBoost
21620,2022-02-28,0.08384605,XGBoost
21621,2022-02-28,0.07732925,XGBoost
21622,2022-02-28,0.086578526,XGBoost
21623,2022-02-28,0.23713079,XGBoost
21624,2022-02-28,0.087685995,XGBoost
21625,2022-02-28,0.23371272,XGBoost
21626,2022-02-28,0.086249106,XGBoost
21627,2022-02-28,0.23424834,XGBoost
21628,2022-02-28,0.23688658,XGBoost
21629,2022-02-28,0.072134525,XGBoost
2163,2022-02-28,0.230074,XGBoost
21630,2022-02-28,0.09185032,XGBoost
21631,2022-02-28,0.088971585,XGBoost
21632,2022-02-28,0.22449048,XGBoost
21633,2022-02-28,0.2349361,XGBoost
21634,2022-02-28,0.08357657,XGBoost
21635,2022-02-28,0.22327147,XGBoost
21636,2022-02-28,0.22336075,XGBoost
21637,2022-02-28,0.08454919,XGBoost
21638,2022-02-28,0.25380293,XGBoost
21639,2022-02-28,0.215432,XGBoost
2164,2022-02-28,0.078437865,XGBoost
21640,2022-02-28,0.07148831,XGBoost
21641,2022-02-28,0.08636277,XGBoost
21642,2022-02-28,0.07907056,XGBoost
21643,2022-02-28,0.07030495,XGBoost
21644,2022-02-28,0.07902643,XGBoost
21645,2022-02-28,0.06809593,XGBoost
21646,2022-02-28,0.24863516,XGBoost
21647,2022-02-28,0.2258543,XGBoost
21648,2022-02-28,0.08040486,XGBoost
21649,2022-02-28,0.08453951,XGBoost
2165,2022-02-28,0.08455781,XGBoost
21650,2022-02-28,0.0791276,XGBoost
21651,2022-02-28,0.23617904,XGBoost
21652,2022-02-28,0.076111846,XGBoost
21653,2022-02-28,0.07749877,XGBoost
21654,2022-02-28,0.2533028,XGBoost
21655,2022-02-28,0.23749688,XGBoost
21656,2022-02-28,0.23632699,XGBoost
21657,2022-02-28,0.08077768,XGBoost
21658,2022-02-28,0.23339236,XGBoost
21659,2022-02-28,0.24493778,XGBoost
2166,2022-02-28,0.2499714,XGBoost
21660,2022-02-28,0.07638157,XGBoost
21661,2022-02-28,0.20416881,XGBoost
21662,2022-02-28,0.07241806,XGBoost
21663,2022-02-28,0.07232775,XGBoost
21664,2022-02-28,0.20981619,XGBoost
21665,2022-02-28,0.22288632,XGBoost
21666,2022-02-28,0.08141979,XGBoost
21667,2022-02-28,0.22772789,XGBoost
21668,2022-02-28,0.20942974,XGBoost
21669,2022-02-28,0.08282835,XGBoost
2167,2022-02-28,0.088824786,XGBoost
21670,2022-02-28,0.22152689,XGBoost
21671,2022-02-28,0.24199003,XGBoost
21672,2022-02-28,0.0786447,XGBoost
21673,2022-02-28,0.22277905,XGBoost
21674,2022-02-28,0.2177523,XGBoost
21675,2022-02-28,0.23886965,XGBoost
21676,2022-02-28,0.07774802,XGBoost
21677,2022-02-28,0.23325334,XGBoost
21678,2022-02-28,0.08687627,XGBoost
21679,2022-02-28,0.08173196,XGBoost
2168,2022-02-28,0.08330428,XGBoost
21680,2022-02-28,0.08900953,XGBoost
21681,2022-02-28,0.2289481,XGBoost
21682,2022-02-28,0.083716616,XGBoost
21683,2022-02-28,0.08234471,XGBoost
21684,2022-02-28,0.07733704,XGBoost
21685,2022-02-28,0.22557229,XGBoost
21686,2022-02-28,0.26111227,XGBoost
21687,2022-02-28,0.08591401,XGBoost
21688,2022-02-28,0.08454738,XGBoost
21689,2022-02-28,0.22825946,XGBoost
2169,2022-02-28,0.06560121,XGBoost
21690,2022-02-28,0.082353845,XGBoost
21691,2022-02-28,0.22320421,XGBoost
21692,2022-02-28,0.08286912,XGBoost
21693,2022-02-28,0.08361873,XGBoost
21694,2022-02-28,0.08679839,XGBoost
21695,2022-02-28,0.21700677,XGBoost
21696,2022-02-28,0.23196779,XGBoost
21697,2022-02-28,0.06964612,XGBoost
21698,2022-02-28,0.08131078,XGBoost
21699,2022-02-28,0.22583303,XGBoost
217,2022-02-28,0.08719874,XGBoost
2170,2022-02-28,0.08492991,XGBoost
21700,2022-02-28,0.23647228,XGBoost
21701,2022-02-28,0.08824708,XGBoost
21702,2022-02-28,0.0848019,XGBoost
21703,2022-02-28,0.08286736,XGBoost
21704,2022-02-28,0.2203016,XGBoost
21705,2022-02-28,0.20108813,XGBoost
21706,2022-02-28,0.22542186,XGBoost
21707,2022-02-28,0.08559101,XGBoost
21708,2022-02-28,0.222191,XGBoost
21709,2022-02-28,0.07180348,XGBoost
2171,2022-02-28,0.08093017,XGBoost
21710,2022-02-28,0.08042091,XGBoost
21711,2022-02-28,0.08869329,XGBoost
21712,2022-02-28,0.21646205,XGBoost
21713,2022-02-28,0.20277327,XGBoost
21714,2022-02-28,0.08671482,XGBoost
21715,2022-02-28,0.07962362,XGBoost
21716,2022-02-28,0.07303178,XGBoost
21717,2022-02-28,0.228123,XGBoost
21718,2022-02-28,0.08442684,XGBoost
21719,2022-02-28,0.20319952,XGBoost
2172,2022-02-28,0.20967612,XGBoost
21720,2022-02-28,0.08448681,XGBoost
21721,2022-02-28,0.08625101,XGBoost
21722,2022-02-28,0.07368289,XGBoost
21723,2022-02-28,0.08248006,XGBoost
21724,2022-02-28,0.07632049,XGBoost
21725,2022-02-28,0.21838474,XGBoost
21726,2022-02-28,0.25598848,XGBoost
21727,2022-02-28,0.08240969,XGBoost
21728,2022-02-28,0.23409164,XGBoost
21729,2022-02-28,0.08462853,XGBoost
2173,2022-02-28,0.07056367,XGBoost
21730,2022-02-28,0.23639111,XGBoost
21731,2022-02-28,0.08681521,XGBoost
21732,2022-02-28,0.08501579,XGBoost
21733,2022-02-28,0.087181136,XGBoost
21734,2022-02-28,0.11703383,XGBoost
21735,2022-02-28,0.07060775,XGBoost
21736,2022-02-28,0.25121403,XGBoost
21737,2022-02-28,0.08524359,XGBoost
21738,2022-02-28,0.08288075,XGBoost
21739,2022-02-28,0.23973207,XGBoost
2174,2022-02-28,0.08198722,XGBoost
21740,2022-02-28,0.23008646,XGBoost
21741,2022-02-28,0.22659937,XGBoost
21742,2022-02-28,0.080740094,XGBoost
21743,2022-02-28,0.20993488,XGBoost
21744,2022-02-28,0.07814535,XGBoost
21745,2022-02-28,0.23004894,XGBoost
21746,2022-02-28,0.076633014,XGBoost
21747,2022-02-28,0.078089915,XGBoost
21748,2022-02-28,0.06512784,XGBoost
21749,2022-02-28,0.071793035,XGBoost
2175,2022-02-28,0.074231416,XGBoost
21750,2022-02-28,0.22245093,XGBoost
21751,2022-02-28,0.07920045,XGBoost
21752,2022-02-28,0.25078803,XGBoost
21753,2022-02-28,0.19511741,XGBoost
21754,2022-02-28,0.24723253,XGBoost
21755,2022-02-28,0.08469427,XGBoost
21756,2022-02-28,0.22840023,XGBoost
21757,2022-02-28,0.077492855,XGBoost
21758,2022-02-28,0.07505487,XGBoost
21759,2022-02-28,0.23916581,XGBoost
2176,2022-02-28,0.08714202,XGBoost
21760,2022-02-28,0.08229055,XGBoost
21761,2022-02-28,0.07357249,XGBoost
21762,2022-02-28,0.21296054,XGBoost
21763,2022-02-28,0.25100958,XGBoost
21764,2022-02-28,0.23280063,XGBoost
21765,2022-02-28,0.08592826,XGBoost
21766,2022-02-28,0.2243986,XGBoost
21767,2022-02-28,0.22888552,XGBoost
21768,2022-02-28,0.24183545,XGBoost
21769,2022-02-28,0.22528516,XGBoost
2177,2022-02-28,0.23694138,XGBoost
21770,2022-02-28,0.082847655,XGBoost
21771,2022-02-28,0.08096511,XGBoost
21772,2022-02-28,0.08490633,XGBoost
21773,2022-02-28,0.24451685,XGBoost
21774,2022-02-28,0.228285,XGBoost
21775,2022-02-28,0.23092508,XGBoost
21776,2022-02-28,0.08409391,XGBoost
21777,2022-02-28,0.24288897,XGBoost
21778,2022-02-28,0.22105254,XGBoost
21779,2022-02-28,0.08728692,XGBoost
2178,2022-02-28,0.07214274,XGBoost
21780,2022-02-28,0.07736474,XGBoost
21781,2022-02-28,0.23024796,XGBoost
21782,2022-02-28,0.07687288,XGBoost
21783,2022-02-28,0.078780204,XGBoost
21784,2022-02-28,0.2273439,XGBoost
21785,2022-02-28,0.07705772,XGBoost
21786,2022-02-28,0.20913962,XGBoost
21787,2022-02-28,0.20120826,XGBoost
21788,2022-02-28,0.07766899,XGBoost
21789,2022-02-28,0.08090139,XGBoost
2179,2022-02-28,0.084985316,XGBoost
21790,2022-02-28,0.08346417,XGBoost
21791,2022-02-28,0.22224502,XGBoost
21792,2022-02-28,0.08343557,XGBoost
21793,2022-02-28,0.07778066,XGBoost
21794,2022-02-28,0.07161471,XGBoost
21795,2022-02-28,0.066030875,XGBoost
21796,2022-02-28,0.08550612,XGBoost
21797,2022-02-28,0.078205794,XGBoost
21798,2022-02-28,0.079969175,XGBoost
21799,2022-02-28,0.08190253,XGBoost
218,2022-02-28,0.082578786,XGBoost
2180,2022-02-28,0.08285216,XGBoost
21800,2022-02-28,0.08552518,XGBoost
21801,2022-02-28,0.08530231,XGBoost
21802,2022-02-28,0.22793858,XGBoost
21803,2022-02-28,0.08434614,XGBoost
21804,2022-02-28,0.0844379,XGBoost
21805,2022-02-28,0.07960493,XGBoost
21806,2022-02-28,0.079398766,XGBoost
21807,2022-02-28,0.07081321,XGBoost
21808,2022-02-28,0.0781512,XGBoost
21809,2022-02-28,0.0836195,XGBoost
2181,2022-02-28,0.070467055,XGBoost
21810,2022-02-28,0.2161748,XGBoost
21811,2022-02-28,0.22551824,XGBoost
21812,2022-02-28,0.21785094,XGBoost
21813,2022-02-28,0.2560495,XGBoost
21814,2022-02-28,0.08128367,XGBoost
21815,2022-02-28,0.24079786,XGBoost
21816,2022-02-28,0.2547523,XGBoost
21817,2022-02-28,0.08667872,XGBoost
21818,2022-02-28,0.24080038,XGBoost
21819,2022-02-28,0.0868058,XGBoost
2182,2022-02-28,0.0799745,XGBoost
21820,2022-02-28,0.2395896,XGBoost
21821,2022-02-28,0.070684224,XGBoost
21822,2022-02-28,0.20629403,XGBoost
21823,2022-02-28,0.07262243,XGBoost
21824,2022-02-28,0.08121945,XGBoost
21825,2022-02-28,0.08535597,XGBoost
21826,2022-02-28,0.22603703,XGBoost
21827,2022-02-28,0.21902424,XGBoost
21828,2022-02-28,0.22485964,XGBoost
21829,2022-02-28,0.20189379,XGBoost
2183,2022-02-28,0.08175391,XGBoost
21830,2022-02-28,0.21074122,XGBoost
21831,2022-02-28,0.06309379,XGBoost
21832,2022-02-28,0.224096,XGBoost
21833,2022-02-28,0.070985906,XGBoost
21834,2022-02-28,0.08650271,XGBoost
21835,2022-02-28,0.20505606,XGBoost
21836,2022-02-28,0.07143875,XGBoost
21837,2022-02-28,0.08004187,XGBoost
21838,2022-02-28,0.24712797,XGBoost
21839,2022-02-28,0.08322959,XGBoost
2184,2022-02-28,0.23358864,XGBoost
21840,2022-02-28,0.08213889,XGBoost
21841,2022-02-28,0.21612278,XGBoost
21842,2022-02-28,0.23086597,XGBoost
21843,2022-02-28,0.22481658,XGBoost
21844,2022-02-28,0.086707465,XGBoost
21845,2022-02-28,0.22985838,XGBoost
21846,2022-02-28,0.22721513,XGBoost
21847,2022-02-28,0.23941089,XGBoost
21848,2022-02-28,0.07899953,XGBoost
21849,2022-02-28,0.08095083,XGBoost
2185,2022-02-28,0.08461591,XGBoost
21850,2022-02-28,0.21569131,XGBoost
21851,2022-02-28,0.078702435,XGBoost
21852,2022-02-28,0.21051665,XGBoost
21853,2022-02-28,0.07117715,XGBoost
21854,2022-02-28,0.080565006,XGBoost
21855,2022-02-28,0.24373807,XGBoost
21856,2022-02-28,0.07823674,XGBoost
21857,2022-02-28,0.22522247,XGBoost
21858,2022-02-28,0.08440057,XGBoost
21859,2022-02-28,0.08383208,XGBoost
2186,2022-02-28,0.082294874,XGBoost
21860,2022-02-28,0.14194266,XGBoost
21861,2022-02-28,0.07691933,XGBoost
21862,2022-02-28,0.077624135,XGBoost
21863,2022-02-28,0.078670636,XGBoost
21864,2022-02-28,0.08075301,XGBoost
21865,2022-02-28,0.08734903,XGBoost
21866,2022-02-28,0.20456035,XGBoost
21867,2022-02-28,0.23493876,XGBoost
21868,2022-02-28,0.08728489,XGBoost
21869,2022-02-28,0.0833466,XGBoost
2187,2022-02-28,0.08406896,XGBoost
21870,2022-02-28,0.0868019,XGBoost
21871,2022-02-28,0.078606844,XGBoost
21872,2022-02-28,0.068631165,XGBoost
21873,2022-02-28,0.08372785,XGBoost
21874,2022-02-28,0.24343987,XGBoost
21875,2022-02-28,0.06738265,XGBoost
21876,2022-02-28,0.25181225,XGBoost
21877,2022-02-28,0.07986068,XGBoost
21878,2022-02-28,0.08019302,XGBoost
21879,2022-02-28,0.22057705,XGBoost
2188,2022-02-28,0.08542605,XGBoost
21880,2022-02-28,0.07749914,XGBoost
21881,2022-02-28,0.07763209,XGBoost
21882,2022-02-28,0.2268048,XGBoost
21883,2022-02-28,0.07031218,XGBoost
21884,2022-02-28,0.23212796,XGBoost
21885,2022-02-28,0.080900125,XGBoost
21886,2022-02-28,0.23019673,XGBoost
21887,2022-02-28,0.0817258,XGBoost
21888,2022-02-28,0.07908779,XGBoost
21889,2022-02-28,0.22315647,XGBoost
2189,2022-02-28,0.08483756,XGBoost
21890,2022-02-28,0.0792605,XGBoost
21891,2022-02-28,0.24825868,XGBoost
21892,2022-02-28,0.08184957,XGBoost
21893,2022-02-28,0.07627867,XGBoost
21894,2022-02-28,0.2310017,XGBoost
21895,2022-02-28,0.07735556,XGBoost
21896,2022-02-28,0.2285641,XGBoost
21897,2022-02-28,0.08471342,XGBoost
21898,2022-02-28,0.23444696,XGBoost
21899,2022-02-28,0.08251846,XGBoost
219,2022-02-28,0.07743059,XGBoost
2190,2022-02-28,0.22724918,XGBoost
21900,2022-02-28,0.08648322,XGBoost
21901,2022-02-28,0.07821139,XGBoost
21902,2022-02-28,0.2326622,XGBoost
21903,2022-02-28,0.082564,XGBoost
21904,2022-02-28,0.23919576,XGBoost
21905,2022-02-28,0.084299654,XGBoost
21906,2022-02-28,0.06919059,XGBoost
21907,2022-02-28,0.079549275,XGBoost
21908,2022-02-28,0.082060166,XGBoost
21909,2022-02-28,0.07715719,XGBoost
2191,2022-02-28,0.07791456,XGBoost
21910,2022-02-28,0.08724708,XGBoost
21911,2022-02-28,0.22403179,XGBoost
21912,2022-02-28,0.24292128,XGBoost
21913,2022-02-28,0.07813056,XGBoost
21914,2022-02-28,0.21498968,XGBoost
21915,2022-02-28,0.08100872,XGBoost
21916,2022-02-28,0.2529005,XGBoost
21917,2022-02-28,0.077974275,XGBoost
21918,2022-02-28,0.23908864,XGBoost
21919,2022-02-28,0.22970058,XGBoost
2192,2022-02-28,0.21220656,XGBoost
21920,2022-02-28,0.08420711,XGBoost
21921,2022-02-28,0.19954422,XGBoost
21922,2022-02-28,0.09128576,XGBoost
21923,2022-02-28,0.24559365,XGBoost
21924,2022-02-28,0.20665051,XGBoost
21925,2022-02-28,0.2278249,XGBoost
21926,2022-02-28,0.22295527,XGBoost
21927,2022-02-28,0.087474465,XGBoost
21928,2022-02-28,0.20477277,XGBoost
21929,2022-02-28,0.0716604,XGBoost
2193,2022-02-28,0.07839501,XGBoost
21930,2022-02-28,0.23326643,XGBoost
21931,2022-02-28,0.22937699,XGBoost
21932,2022-02-28,0.065270625,XGBoost
21933,2022-02-28,0.23411736,XGBoost
21934,2022-02-28,0.08870247,XGBoost
21935,2022-02-28,0.22852781,XGBoost
21936,2022-02-28,0.07270122,XGBoost
21937,2022-02-28,0.23142815,XGBoost
21938,2022-02-28,0.25176677,XGBoost
21939,2022-02-28,0.0861513,XGBoost
2194,2022-02-28,0.07816599,XGBoost
21940,2022-02-28,0.08028528,XGBoost
21941,2022-02-28,0.07620781,XGBoost
21942,2022-02-28,0.08544669,XGBoost
21943,2022-02-28,0.21756233,XGBoost
21944,2022-02-28,0.22654843,XGBoost
21945,2022-02-28,0.073410444,XGBoost
21946,2022-02-28,0.23148692,XGBoost
21947,2022-02-28,0.23853895,XGBoost
21948,2022-02-28,0.07850041,XGBoost
21949,2022-02-28,0.08193068,XGBoost
2195,2022-02-28,0.088510945,XGBoost
21950,2022-02-28,0.08549484,XGBoost
21951,2022-02-28,0.20853981,XGBoost
21952,2022-02-28,0.24590994,XGBoost
21953,2022-02-28,0.20079775,XGBoost
21954,2022-02-28,0.08513424,XGBoost
21955,2022-02-28,0.08799967,XGBoost
21956,2022-02-28,0.06763183,XGBoost
21957,2022-02-28,0.08670871,XGBoost
21958,2022-02-28,0.08568125,XGBoost
21959,2022-02-28,0.22499739,XGBoost
2196,2022-02-28,0.24875882,XGBoost
21960,2022-02-28,0.08769847,XGBoost
21961,2022-02-28,0.083717726,XGBoost
21962,2022-02-28,0.08483869,XGBoost
21963,2022-02-28,0.08252705,XGBoost
21964,2022-02-28,0.23808391,XGBoost
21965,2022-02-28,0.081614375,XGBoost
21966,2022-02-28,0.082990944,XGBoost
21967,2022-02-28,0.26460892,XGBoost
21968,2022-02-28,0.08166755,XGBoost
21969,2022-02-28,0.0828119,XGBoost
2197,2022-02-28,0.22287935,XGBoost
21970,2022-02-28,0.2332587,XGBoost
21971,2022-02-28,0.081454664,XGBoost
21972,2022-02-28,0.22961949,XGBoost
21973,2022-02-28,0.25491145,XGBoost
21974,2022-02-28,0.0713471,XGBoost
21975,2022-02-28,0.08517413,XGBoost
21976,2022-02-28,0.20308658,XGBoost
21977,2022-02-28,0.08368669,XGBoost
21978,2022-02-28,0.07404291,XGBoost
21979,2022-02-28,0.087245815,XGBoost
2198,2022-02-28,0.08913031,XGBoost
21980,2022-02-28,0.22268589,XGBoost
21981,2022-02-28,0.08530004,XGBoost
21982,2022-02-28,0.08602846,XGBoost
21983,2022-02-28,0.073266506,XGBoost
21984,2022-02-28,0.22989209,XGBoost
21985,2022-02-28,0.23811707,XGBoost
21986,2022-02-28,0.08204867,XGBoost
21987,2022-02-28,0.23270105,XGBoost
21988,2022-02-28,0.22501485,XGBoost
21989,2022-02-28,0.071184546,XGBoost
2199,2022-02-28,0.086472854,XGBoost
21990,2022-02-28,0.22820604,XGBoost
21991,2022-02-28,0.069474064,XGBoost
21992,2022-02-28,0.08597794,XGBoost
21993,2022-02-28,0.08252845,XGBoost
21994,2022-02-28,0.072046824,XGBoost
21995,2022-02-28,0.23133665,XGBoost
21996,2022-02-28,0.08414757,XGBoost
21997,2022-02-28,0.22357501,XGBoost
21998,2022-02-28,0.21377572,XGBoost
21999,2022-02-28,0.08645483,XGBoost
22,2022-02-28,0.2650302,XGBoost
220,2022-02-28,0.2559179,XGBoost
2200,2022-02-28,0.082550794,XGBoost
22000,2022-02-28,0.23370127,XGBoost
22001,2022-02-28,0.071793385,XGBoost
22002,2022-02-28,0.22510903,XGBoost
22003,2022-02-28,0.2356883,XGBoost
22004,2022-02-28,0.07053399,XGBoost
22005,2022-02-28,0.084721,XGBoost
22006,2022-02-28,0.08556135,XGBoost
22007,2022-02-28,0.21831197,XGBoost
22008,2022-02-28,0.071771905,XGBoost
22009,2022-02-28,0.085198484,XGBoost
2201,2022-02-28,0.07262675,XGBoost
22010,2022-02-28,0.07170088,XGBoost
22011,2022-02-28,0.07294116,XGBoost
22012,2022-02-28,0.08197972,XGBoost
22013,2022-02-28,0.21825396,XGBoost
22014,2022-02-28,0.07190814,XGBoost
22015,2022-02-28,0.085209034,XGBoost
22016,2022-02-28,0.083105706,XGBoost
22017,2022-02-28,0.10144403,XGBoost
22018,2022-02-28,0.08138855,XGBoost
22019,2022-02-28,0.08205283,XGBoost
2202,2022-02-28,0.21107265,XGBoost
22020,2022-02-28,0.08373401,XGBoost
22021,2022-02-28,0.22037461,XGBoost
22022,2022-02-28,0.08109937,XGBoost
22023,2022-02-28,0.07702012,XGBoost
22024,2022-02-28,0.24249761,XGBoost
22025,2022-02-28,0.23596296,XGBoost
22026,2022-02-28,0.08309874,XGBoost
22027,2022-02-28,0.22000632,XGBoost
22028,2022-02-28,0.07199995,XGBoost
22029,2022-02-28,0.08278118,XGBoost
2203,2022-02-28,0.071703374,XGBoost
22030,2022-02-28,0.08532036,XGBoost
22031,2022-02-28,0.08008643,XGBoost
22032,2022-02-28,0.077723406,XGBoost
22033,2022-02-28,0.06513134,XGBoost
22034,2022-02-28,0.085708536,XGBoost
22035,2022-02-28,0.23201318,XGBoost
22036,2022-02-28,0.0778487,XGBoost
22037,2022-02-28,0.08196841,XGBoost
22038,2022-02-28,0.07680833,XGBoost
22039,2022-02-28,0.23879826,XGBoost
2204,2022-02-28,0.07157586,XGBoost
22040,2022-02-28,0.22114366,XGBoost
22041,2022-02-28,0.22240551,XGBoost
22042,2022-02-28,0.085639805,XGBoost
22043,2022-02-28,0.072360575,XGBoost
22044,2022-02-28,0.23691383,XGBoost
22045,2022-02-28,0.22543663,XGBoost
22046,2022-02-28,0.23437242,XGBoost
22047,2022-02-28,0.21675612,XGBoost
22048,2022-02-28,0.22141388,XGBoost
22049,2022-02-28,0.21640024,XGBoost
2205,2022-02-28,0.08333577,XGBoost
22050,2022-02-28,0.08254074,XGBoost
22051,2022-02-28,0.07632911,XGBoost
22052,2022-02-28,0.06359872,XGBoost
22053,2022-02-28,0.08210682,XGBoost
22054,2022-02-28,0.08067101,XGBoost
22055,2022-02-28,0.08698282,XGBoost
22056,2022-02-28,0.22627275,XGBoost
22057,2022-02-28,0.08334513,XGBoost
22058,2022-02-28,0.083215155,XGBoost
22059,2022-02-28,0.06679922,XGBoost
2206,2022-02-28,0.21785456,XGBoost
22060,2022-02-28,0.08486049,XGBoost
22061,2022-02-28,0.22338486,XGBoost
22062,2022-02-28,0.22443606,XGBoost
22063,2022-02-28,0.08249267,XGBoost
22064,2022-02-28,0.1367438,XGBoost
22065,2022-02-28,0.07355285,XGBoost
22066,2022-02-28,0.07235306,XGBoost
22067,2022-02-28,0.23586798,XGBoost
22068,2022-02-28,0.2400833,XGBoost
22069,2022-02-28,0.21316402,XGBoost
2207,2022-02-28,0.08289841,XGBoost
22070,2022-02-28,0.083378494,XGBoost
22071,2022-02-28,0.08034892,XGBoost
22072,2022-02-28,0.08784571,XGBoost
22073,2022-02-28,0.07171154,XGBoost
22074,2022-02-28,0.08213856,XGBoost
22075,2022-02-28,0.08267614,XGBoost
22076,2022-02-28,0.08034125,XGBoost
22077,2022-02-28,0.07920019,XGBoost
22078,2022-02-28,0.07900619,XGBoost
22079,2022-02-28,0.22176781,XGBoost
2208,2022-02-28,0.23931706,XGBoost
22080,2022-02-28,0.08437873,XGBoost
22081,2022-02-28,0.08445483,XGBoost
22082,2022-02-28,0.23052844,XGBoost
22083,2022-02-28,0.2145412,XGBoost
22084,2022-02-28,0.21041426,XGBoost
22085,2022-02-28,0.076726384,XGBoost
22086,2022-02-28,0.08532341,XGBoost
22087,2022-02-28,0.24624822,XGBoost
22088,2022-02-28,0.08015058,XGBoost
22089,2022-02-28,0.22305095,XGBoost
2209,2022-02-28,0.23371159,XGBoost
22090,2022-02-28,0.08495977,XGBoost
22091,2022-02-28,0.0794234,XGBoost
22092,2022-02-28,0.23393652,XGBoost
22093,2022-02-28,0.22292343,XGBoost
22094,2022-02-28,0.066937275,XGBoost
22095,2022-02-28,0.2324491,XGBoost
22096,2022-02-28,0.06451161,XGBoost
22097,2022-02-28,0.0784146,XGBoost
22098,2022-02-28,0.22168486,XGBoost
22099,2022-02-28,0.2203432,XGBoost
221,2022-02-28,0.21453097,XGBoost
2210,2022-02-28,0.070665814,XGBoost
22100,2022-02-28,0.077942915,XGBoost
22101,2022-02-28,0.082610205,XGBoost
22102,2022-02-28,0.08959057,XGBoost
22103,2022-02-28,0.2199401,XGBoost
22104,2022-02-28,0.2258929,XGBoost
22105,2022-02-28,0.08228778,XGBoost
22106,2022-02-28,0.21473466,XGBoost
22107,2022-02-28,0.0844714,XGBoost
22108,2022-02-28,0.20305659,XGBoost
22109,2022-02-28,0.06791985,XGBoost
2211,2022-02-28,0.08930498,XGBoost
22110,2022-02-28,0.081864364,XGBoost
22111,2022-02-28,0.082213454,XGBoost
22112,2022-02-28,0.085908964,XGBoost
22113,2022-02-28,0.23535502,XGBoost
22114,2022-02-28,0.07779939,XGBoost
22115,2022-02-28,0.080352664,XGBoost
22116,2022-02-28,0.08603525,XGBoost
22117,2022-02-28,0.2388817,XGBoost
22118,2022-02-28,0.08385876,XGBoost
22119,2022-02-28,0.23966677,XGBoost
2212,2022-02-28,0.076587,XGBoost
22120,2022-02-28,0.2218639,XGBoost
22121,2022-02-28,0.21052408,XGBoost
22122,2022-02-28,0.078944996,XGBoost
22123,2022-02-28,0.08547846,XGBoost
22124,2022-02-28,0.24218287,XGBoost
22125,2022-02-28,0.085593775,XGBoost
22126,2022-02-28,0.20678316,XGBoost
22127,2022-02-28,0.24970132,XGBoost
22128,2022-02-28,0.07984194,XGBoost
22129,2022-02-28,0.08451754,XGBoost
2213,2022-02-28,0.08374847,XGBoost
22130,2022-02-28,0.25719517,XGBoost
22131,2022-02-28,0.1991675,XGBoost
22132,2022-02-28,0.24571888,XGBoost
22133,2022-02-28,0.07956561,XGBoost
22134,2022-02-28,0.08186679,XGBoost
22135,2022-02-28,0.08560363,XGBoost
22136,2022-02-28,0.084424205,XGBoost
22137,2022-02-28,0.08517206,XGBoost
22138,2022-02-28,0.07360554,XGBoost
22139,2022-02-28,0.20957431,XGBoost
2214,2022-02-28,0.077812344,XGBoost
22140,2022-02-28,0.2255567,XGBoost
22141,2022-02-28,0.20870686,XGBoost
22142,2022-02-28,0.077331275,XGBoost
22143,2022-02-28,0.21989913,XGBoost
22144,2022-02-28,0.0858391,XGBoost
22145,2022-02-28,0.2334342,XGBoost
22146,2022-02-28,0.22484449,XGBoost
22147,2022-02-28,0.07874036,XGBoost
22148,2022-02-28,0.08868493,XGBoost
22149,2022-02-28,0.2521827,XGBoost
2215,2022-02-28,0.24334674,XGBoost
22150,2022-02-28,0.07820541,XGBoost
22151,2022-02-28,0.25480554,XGBoost
22152,2022-02-28,0.076776564,XGBoost
22153,2022-02-28,0.07607409,XGBoost
22154,2022-02-28,0.24730952,XGBoost
22155,2022-02-28,0.0795793,XGBoost
22156,2022-02-28,0.080874495,XGBoost
22157,2022-02-28,0.07785825,XGBoost
22158,2022-02-28,0.07742713,XGBoost
22159,2022-02-28,0.08387039,XGBoost
2216,2022-02-28,0.06748635,XGBoost
22160,2022-02-28,0.07174739,XGBoost
22161,2022-02-28,0.082093425,XGBoost
22162,2022-02-28,0.07301205,XGBoost
22163,2022-02-28,0.08711806,XGBoost
22164,2022-02-28,0.25777984,XGBoost
22165,2022-02-28,0.22777385,XGBoost
22166,2022-02-28,0.07818583,XGBoost
22167,2022-02-28,0.087435134,XGBoost
22168,2022-02-28,0.22626658,XGBoost
22169,2022-02-28,0.07983425,XGBoost
2217,2022-02-28,0.20792162,XGBoost
22170,2022-02-28,0.2318681,XGBoost
22171,2022-02-28,0.08484413,XGBoost
22172,2022-02-28,0.19943456,XGBoost
22173,2022-02-28,0.23094182,XGBoost
22174,2022-02-28,0.07917412,XGBoost
22175,2022-02-28,0.08228243,XGBoost
22176,2022-02-28,0.07873233,XGBoost
22177,2022-02-28,0.22081138,XGBoost
22178,2022-02-28,0.22569264,XGBoost
22179,2022-02-28,0.23037536,XGBoost
2218,2022-02-28,0.24551977,XGBoost
22180,2022-02-28,0.069260225,XGBoost
22181,2022-02-28,0.24769403,XGBoost
22182,2022-02-28,0.08632479,XGBoost
22183,2022-02-28,0.22483185,XGBoost
22184,2022-02-28,0.08440805,XGBoost
22185,2022-02-28,0.2000395,XGBoost
22186,2022-02-28,0.08466665,XGBoost
22187,2022-02-28,0.23394728,XGBoost
22188,2022-02-28,0.083569825,XGBoost
22189,2022-02-28,0.08423845,XGBoost
2219,2022-02-28,0.23477523,XGBoost
22190,2022-02-28,0.08091338,XGBoost
22191,2022-02-28,0.074679464,XGBoost
22192,2022-02-28,0.086549535,XGBoost
22193,2022-02-28,0.25340468,XGBoost
22194,2022-02-28,0.22052462,XGBoost
22195,2022-02-28,0.21815592,XGBoost
22196,2022-02-28,0.08450228,XGBoost
22197,2022-02-28,0.08426535,XGBoost
22198,2022-02-28,0.07070149,XGBoost
22199,2022-02-28,0.083407186,XGBoost
222,2022-02-28,0.086889565,XGBoost
2220,2022-02-28,0.24038729,XGBoost
22200,2022-02-28,0.08174476,XGBoost
22201,2022-02-28,0.23015927,XGBoost
22202,2022-02-28,0.08432895,XGBoost
22203,2022-02-28,0.23412901,XGBoost
22204,2022-02-28,0.117998764,XGBoost
22205,2022-02-28,0.20884563,XGBoost
22206,2022-02-28,0.085345,XGBoost
22207,2022-02-28,0.26321542,XGBoost
22208,2022-02-28,0.23454572,XGBoost
22209,2022-02-28,0.08345107,XGBoost
2221,2022-02-28,0.067274526,XGBoost
22210,2022-02-28,0.08041975,XGBoost
22211,2022-02-28,0.23809321,XGBoost
22212,2022-02-28,0.23366942,XGBoost
22213,2022-02-28,0.23543206,XGBoost
22214,2022-02-28,0.08490232,XGBoost
22215,2022-02-28,0.08174436,XGBoost
22216,2022-02-28,0.07801006,XGBoost
22217,2022-02-28,0.2293935,XGBoost
22218,2022-02-28,0.08672712,XGBoost
22219,2022-02-28,0.23917668,XGBoost
2222,2022-02-28,0.084199876,XGBoost
22220,2022-02-28,0.24818246,XGBoost
22221,2022-02-28,0.24728832,XGBoost
22222,2022-02-28,0.25461534,XGBoost
22223,2022-02-28,0.079251625,XGBoost
22224,2022-02-28,0.08249881,XGBoost
22225,2022-02-28,0.07941343,XGBoost
22226,2022-02-28,0.21647274,XGBoost
22227,2022-02-28,0.06832287,XGBoost
22228,2022-02-28,0.07822439,XGBoost
22229,2022-02-28,0.080506355,XGBoost
2223,2022-02-28,0.23300548,XGBoost
22230,2022-02-28,0.085255615,XGBoost
22231,2022-02-28,0.08530253,XGBoost
22232,2022-02-28,0.084595494,XGBoost
22233,2022-02-28,0.07234216,XGBoost
22234,2022-02-28,0.22258133,XGBoost
22235,2022-02-28,0.2361336,XGBoost
22236,2022-02-28,0.08516385,XGBoost
22237,2022-02-28,0.08171403,XGBoost
22238,2022-02-28,0.23308304,XGBoost
22239,2022-02-28,0.21724494,XGBoost
2224,2022-02-28,0.08150576,XGBoost
22240,2022-02-28,0.08133454,XGBoost
22241,2022-02-28,0.2541203,XGBoost
22242,2022-02-28,0.203874,XGBoost
22243,2022-02-28,0.08104628,XGBoost
22244,2022-02-28,0.08634181,XGBoost
22245,2022-02-28,0.07047052,XGBoost
22246,2022-02-28,0.0841437,XGBoost
22247,2022-02-28,0.08599007,XGBoost
22248,2022-02-28,0.23151202,XGBoost
22249,2022-02-28,0.0743741,XGBoost
2225,2022-02-28,0.2279424,XGBoost
22250,2022-02-28,0.082330026,XGBoost
22251,2022-02-28,0.22674744,XGBoost
22252,2022-02-28,0.080973074,XGBoost
22253,2022-02-28,0.08656913,XGBoost
22254,2022-02-28,0.22709315,XGBoost
22255,2022-02-28,0.23912004,XGBoost
22256,2022-02-28,0.22370802,XGBoost
22257,2022-02-28,0.23860541,XGBoost
22258,2022-02-28,0.22125249,XGBoost
22259,2022-02-28,0.071691185,XGBoost
2226,2022-02-28,0.077348515,XGBoost
22260,2022-02-28,0.075098984,XGBoost
22261,2022-02-28,0.08814198,XGBoost
22262,2022-02-28,0.2332499,XGBoost
22263,2022-02-28,0.22512592,XGBoost
22264,2022-02-28,0.08098789,XGBoost
22265,2022-02-28,0.0817333,XGBoost
22266,2022-02-28,0.21480928,XGBoost
22267,2022-02-28,0.06700746,XGBoost
22268,2022-02-28,0.08197766,XGBoost
22269,2022-02-28,0.0829623,XGBoost
2227,2022-02-28,0.08526968,XGBoost
22270,2022-02-28,0.2275035,XGBoost
22271,2022-02-28,0.21509834,XGBoost
22272,2022-02-28,0.08495006,XGBoost
22273,2022-02-28,0.08185078,XGBoost
22274,2022-02-28,0.0815613,XGBoost
22275,2022-02-28,0.2615957,XGBoost
22276,2022-02-28,0.08851185,XGBoost
22277,2022-02-28,0.21072577,XGBoost
22278,2022-02-28,0.08421758,XGBoost
22279,2022-02-28,0.080900945,XGBoost
2228,2022-02-28,0.0695702,XGBoost
22280,2022-02-28,0.2269122,XGBoost
22281,2022-02-28,0.08126248,XGBoost
22282,2022-02-28,0.22632028,XGBoost
22283,2022-02-28,0.2286187,XGBoost
22284,2022-02-28,0.0824802,XGBoost
22285,2022-02-28,0.07880426,XGBoost
22286,2022-02-28,0.07682523,XGBoost
22287,2022-02-28,0.25170895,XGBoost
22288,2022-02-28,0.083240174,XGBoost
22289,2022-02-28,0.08205122,XGBoost
2229,2022-02-28,0.085666366,XGBoost
22290,2022-02-28,0.08320487,XGBoost
22291,2022-02-28,0.20685144,XGBoost
22292,2022-02-28,0.2434819,XGBoost
22293,2022-02-28,0.20868628,XGBoost
22294,2022-02-28,0.22542018,XGBoost
22295,2022-02-28,0.24087748,XGBoost
22296,2022-02-28,0.2395262,XGBoost
22297,2022-02-28,0.084475465,XGBoost
22298,2022-02-28,0.085269086,XGBoost
22299,2022-02-28,0.232817,XGBoost
223,2022-02-28,0.08545171,XGBoost
2230,2022-02-28,0.22901732,XGBoost
22300,2022-02-28,0.22996478,XGBoost
22301,2022-02-28,0.24060594,XGBoost
22302,2022-02-28,0.07410521,XGBoost
22303,2022-02-28,0.07331694,XGBoost
22304,2022-02-28,0.2341907,XGBoost
22305,2022-02-28,0.22604883,XGBoost
22306,2022-02-28,0.08847558,XGBoost
22307,2022-02-28,0.23814341,XGBoost
22308,2022-02-28,0.20148067,XGBoost
22309,2022-02-28,0.22152737,XGBoost
2231,2022-02-28,0.07813956,XGBoost
22310,2022-02-28,0.078757,XGBoost
22311,2022-02-28,0.06614377,XGBoost
22312,2022-02-28,0.08776874,XGBoost
22313,2022-02-28,0.23702371,XGBoost
22314,2022-02-28,0.26049808,XGBoost
22315,2022-02-28,0.082433335,XGBoost
22316,2022-02-28,0.07700978,XGBoost
22317,2022-02-28,0.082576215,XGBoost
22318,2022-02-28,0.2368825,XGBoost
22319,2022-02-28,0.22210412,XGBoost
2232,2022-02-28,0.087105684,XGBoost
22320,2022-02-28,0.08505003,XGBoost
22321,2022-02-28,0.08294372,XGBoost
22322,2022-02-28,0.21452285,XGBoost
22323,2022-02-28,0.24634057,XGBoost
22324,2022-02-28,0.07859518,XGBoost
22325,2022-02-28,0.2258388,XGBoost
22326,2022-02-28,0.08580669,XGBoost
22327,2022-02-28,0.08044313,XGBoost
22328,2022-02-28,0.24142484,XGBoost
22329,2022-02-28,0.08269053,XGBoost
2233,2022-02-28,0.07542556,XGBoost
22330,2022-02-28,0.08007275,XGBoost
22331,2022-02-28,0.0809501,XGBoost
22332,2022-02-28,0.22531761,XGBoost
22333,2022-02-28,0.24359037,XGBoost
22334,2022-02-28,0.22896941,XGBoost
22335,2022-02-28,0.085356675,XGBoost
22336,2022-02-28,0.24049672,XGBoost
22337,2022-02-28,0.21829559,XGBoost
22338,2022-02-28,0.08795929,XGBoost
22339,2022-02-28,0.2280573,XGBoost
2234,2022-02-28,0.21468249,XGBoost
22340,2022-02-28,0.073970586,XGBoost
22341,2022-02-28,0.25815642,XGBoost
22342,2022-02-28,0.0710968,XGBoost
22343,2022-02-28,0.2351025,XGBoost
22344,2022-02-28,0.08531,XGBoost
22345,2022-02-28,0.081052646,XGBoost
22346,2022-02-28,0.21134205,XGBoost
22347,2022-02-28,0.07160021,XGBoost
22348,2022-02-28,0.084608786,XGBoost
22349,2022-02-28,0.24022569,XGBoost
2235,2022-02-28,0.105263196,XGBoost
22350,2022-02-28,0.07199993,XGBoost
22351,2022-02-28,0.06545358,XGBoost
22352,2022-02-28,0.08331166,XGBoost
22353,2022-02-28,0.08405265,XGBoost
22354,2022-02-28,0.08077827,XGBoost
22355,2022-02-28,0.07698729,XGBoost
22356,2022-02-28,0.23544423,XGBoost
22357,2022-02-28,0.077293724,XGBoost
22358,2022-02-28,0.22870272,XGBoost
22359,2022-02-28,0.086540714,XGBoost
2236,2022-02-28,0.07870451,XGBoost
22360,2022-02-28,0.23051612,XGBoost
22361,2022-02-28,0.22183406,XGBoost
22362,2022-02-28,0.22964258,XGBoost
22363,2022-02-28,0.08402174,XGBoost
22364,2022-02-28,0.07471912,XGBoost
22365,2022-02-28,0.08178977,XGBoost
22366,2022-02-28,0.06875824,XGBoost
22367,2022-02-28,0.22778119,XGBoost
22368,2022-02-28,0.08993139,XGBoost
22369,2022-02-28,0.22775577,XGBoost
2237,2022-02-28,0.08255464,XGBoost
22370,2022-02-28,0.20763737,XGBoost
22371,2022-02-28,0.21903719,XGBoost
22372,2022-02-28,0.08579194,XGBoost
22373,2022-02-28,0.22794786,XGBoost
22374,2022-02-28,0.08645019,XGBoost
22375,2022-02-28,0.07034172,XGBoost
22376,2022-02-28,0.07203734,XGBoost
22377,2022-02-28,0.08389636,XGBoost
22378,2022-02-28,0.08409995,XGBoost
22379,2022-02-28,0.06797971,XGBoost
2238,2022-02-28,0.083014175,XGBoost
22380,2022-02-28,0.2169958,XGBoost
22381,2022-02-28,0.23181611,XGBoost
22382,2022-02-28,0.080475196,XGBoost
22383,2022-02-28,0.08257972,XGBoost
22384,2022-02-28,0.078068465,XGBoost
22385,2022-02-28,0.22707123,XGBoost
22386,2022-02-28,0.2444202,XGBoost
22387,2022-02-28,0.21159638,XGBoost
22388,2022-02-28,0.09050214,XGBoost
22389,2022-02-28,0.08310697,XGBoost
2239,2022-02-28,0.08137121,XGBoost
22390,2022-02-28,0.23514742,XGBoost
22391,2022-02-28,0.08310898,XGBoost
22392,2022-02-28,0.23083256,XGBoost
22393,2022-02-28,0.08567858,XGBoost
22394,2022-02-28,0.23428437,XGBoost
22395,2022-02-28,0.2315533,XGBoost
22396,2022-02-28,0.23442186,XGBoost
22397,2022-02-28,0.23676719,XGBoost
22398,2022-02-28,0.07379766,XGBoost
22399,2022-02-28,0.2242555,XGBoost
224,2022-02-28,0.2339292,XGBoost
2240,2022-02-28,0.2369758,XGBoost
22400,2022-02-28,0.0744889,XGBoost
22401,2022-02-28,0.24832664,XGBoost
22402,2022-02-28,0.08619154,XGBoost
22403,2022-02-28,0.24512224,XGBoost
22404,2022-02-28,0.07865456,XGBoost
22405,2022-02-28,0.20446709,XGBoost
22406,2022-02-28,0.069315545,XGBoost
22407,2022-02-28,0.077895366,XGBoost
22408,2022-02-28,0.08236811,XGBoost
22409,2022-02-28,0.0797996,XGBoost
2241,2022-02-28,0.21289556,XGBoost
22410,2022-02-28,0.076795,XGBoost
22411,2022-02-28,0.08662359,XGBoost
22412,2022-02-28,0.085365206,XGBoost
22413,2022-02-28,0.24405882,XGBoost
22414,2022-02-28,0.07530891,XGBoost
22415,2022-02-28,0.069939435,XGBoost
22416,2022-02-28,0.22547527,XGBoost
22417,2022-02-28,0.07187125,XGBoost
22418,2022-02-28,0.08450698,XGBoost
22419,2022-02-28,0.082502216,XGBoost
2242,2022-02-28,0.23629674,XGBoost
22420,2022-02-28,0.08404731,XGBoost
22421,2022-02-28,0.25326014,XGBoost
22422,2022-02-28,0.2404418,XGBoost
22423,2022-02-28,0.21924677,XGBoost
22424,2022-02-28,0.24628282,XGBoost
22425,2022-02-28,0.077563904,XGBoost
22426,2022-02-28,0.082470365,XGBoost
22427,2022-02-28,0.06760816,XGBoost
22428,2022-02-28,0.26207006,XGBoost
22429,2022-02-28,0.21670952,XGBoost
2243,2022-02-28,0.08260249,XGBoost
22430,2022-02-28,0.07771528,XGBoost
22431,2022-02-28,0.23927756,XGBoost
22432,2022-02-28,0.081188336,XGBoost
22433,2022-02-28,0.08493952,XGBoost
22434,2022-02-28,0.22239608,XGBoost
22435,2022-02-28,0.23866206,XGBoost
22436,2022-02-28,0.24709044,XGBoost
22437,2022-02-28,0.08790453,XGBoost
22438,2022-02-28,0.08591897,XGBoost
22439,2022-02-28,0.22284389,XGBoost
2244,2022-02-28,0.22394143,XGBoost
22440,2022-02-28,0.07583633,XGBoost
22441,2022-02-28,0.074259505,XGBoost
22442,2022-02-28,0.21652423,XGBoost
22443,2022-02-28,0.08477355,XGBoost
22444,2022-02-28,0.23973674,XGBoost
22445,2022-02-28,0.22980797,XGBoost
22446,2022-02-28,0.22083138,XGBoost
22447,2022-02-28,0.08457408,XGBoost
22448,2022-02-28,0.24940202,XGBoost
22449,2022-02-28,0.077720426,XGBoost
2245,2022-02-28,0.078616455,XGBoost
22450,2022-02-28,0.08568147,XGBoost
22451,2022-02-28,0.08493194,XGBoost
22452,2022-02-28,0.08108795,XGBoost
22453,2022-02-28,0.08483431,XGBoost
22454,2022-02-28,0.06581547,XGBoost
22455,2022-02-28,0.23523062,XGBoost
22456,2022-02-28,0.24133302,XGBoost
22457,2022-02-28,0.07262525,XGBoost
22458,2022-02-28,0.08067743,XGBoost
22459,2022-02-28,0.077884614,XGBoost
2246,2022-02-28,0.07873615,XGBoost
22460,2022-02-28,0.07253332,XGBoost
22461,2022-02-28,0.084918976,XGBoost
22462,2022-02-28,0.08140022,XGBoost
22463,2022-02-28,0.24136063,XGBoost
22464,2022-02-28,0.08471824,XGBoost
22465,2022-02-28,0.07914142,XGBoost
22466,2022-02-28,0.08737891,XGBoost
22467,2022-02-28,0.21946299,XGBoost
22468,2022-02-28,0.08366072,XGBoost
22469,2022-02-28,0.07996036,XGBoost
2247,2022-02-28,0.22609225,XGBoost
22470,2022-02-28,0.06863218,XGBoost
22471,2022-02-28,0.23073243,XGBoost
22472,2022-02-28,0.087423764,XGBoost
22473,2022-02-28,0.21923462,XGBoost
22474,2022-02-28,0.08375232,XGBoost
22475,2022-02-28,0.088599145,XGBoost
22476,2022-02-28,0.22154784,XGBoost
22477,2022-02-28,0.08642904,XGBoost
22478,2022-02-28,0.07667696,XGBoost
22479,2022-02-28,0.082022615,XGBoost
2248,2022-02-28,0.074271224,XGBoost
22480,2022-02-28,0.24001016,XGBoost
22481,2022-02-28,0.082464606,XGBoost
22482,2022-02-28,0.2348923,XGBoost
22483,2022-02-28,0.07268849,XGBoost
22484,2022-02-28,0.21892814,XGBoost
22485,2022-02-28,0.22193319,XGBoost
22486,2022-02-28,0.23548947,XGBoost
22487,2022-02-28,0.21919708,XGBoost
22488,2022-02-28,0.07180265,XGBoost
22489,2022-02-28,0.08287238,XGBoost
2249,2022-02-28,0.22700644,XGBoost
22490,2022-02-28,0.24034084,XGBoost
22491,2022-02-28,0.07584848,XGBoost
22492,2022-02-28,0.087859124,XGBoost
22493,2022-02-28,0.0786522,XGBoost
22494,2022-02-28,0.08377787,XGBoost
22495,2022-02-28,0.08469503,XGBoost
22496,2022-02-28,0.20539789,XGBoost
22497,2022-02-28,0.079815134,XGBoost
22498,2022-02-28,0.07840985,XGBoost
22499,2022-02-28,0.246092,XGBoost
225,2022-02-28,0.07087111,XGBoost
2250,2022-02-28,0.08220503,XGBoost
22500,2022-02-28,0.08178744,XGBoost
22501,2022-02-28,0.22470756,XGBoost
22502,2022-02-28,0.22700064,XGBoost
22503,2022-02-28,0.23317623,XGBoost
22504,2022-02-28,0.08636248,XGBoost
22505,2022-02-28,0.21066493,XGBoost
22506,2022-02-28,0.08361569,XGBoost
22507,2022-02-28,0.08351139,XGBoost
22508,2022-02-28,0.2367688,XGBoost
22509,2022-02-28,0.25139925,XGBoost
2251,2022-02-28,0.21832609,XGBoost
22510,2022-02-28,0.22213319,XGBoost
22511,2022-02-28,0.06474353,XGBoost
22512,2022-02-28,0.07201184,XGBoost
22513,2022-02-28,0.21111621,XGBoost
22514,2022-02-28,0.08616678,XGBoost
22515,2022-02-28,0.07901013,XGBoost
22516,2022-02-28,0.07088882,XGBoost
22517,2022-02-28,0.086410254,XGBoost
22518,2022-02-28,0.086697966,XGBoost
22519,2022-02-28,0.2288529,XGBoost
2252,2022-02-28,0.24480799,XGBoost
22520,2022-02-28,0.23565502,XGBoost
22521,2022-02-28,0.082002915,XGBoost
22522,2022-02-28,0.079038896,XGBoost
22523,2022-02-28,0.24904355,XGBoost
22524,2022-02-28,0.24443147,XGBoost
22525,2022-02-28,0.08352925,XGBoost
22526,2022-02-28,0.08502351,XGBoost
22527,2022-02-28,0.24460463,XGBoost
22528,2022-02-28,0.085247934,XGBoost
22529,2022-02-28,0.0883381,XGBoost
2253,2022-02-28,0.2528355,XGBoost
22530,2022-02-28,0.22675103,XGBoost
22531,2022-02-28,0.08499934,XGBoost
22532,2022-02-28,0.21514636,XGBoost
22533,2022-02-28,0.07254626,XGBoost
22534,2022-02-28,0.074480616,XGBoost
22535,2022-02-28,0.23007599,XGBoost
22536,2022-02-28,0.086341515,XGBoost
22537,2022-02-28,0.0781499,XGBoost
22538,2022-02-28,0.22807766,XGBoost
22539,2022-02-28,0.22564058,XGBoost
2254,2022-02-28,0.08030155,XGBoost
22540,2022-02-28,0.22079106,XGBoost
22541,2022-02-28,0.08625342,XGBoost
22542,2022-02-28,0.072955705,XGBoost
22543,2022-02-28,0.23869604,XGBoost
22544,2022-02-28,0.23674338,XGBoost
22545,2022-02-28,0.08166041,XGBoost
22546,2022-02-28,0.0770617,XGBoost
22547,2022-02-28,0.08482649,XGBoost
22548,2022-02-28,0.07792497,XGBoost
22549,2022-02-28,0.08998937,XGBoost
2255,2022-02-28,0.08641131,XGBoost
22550,2022-02-28,0.22991583,XGBoost
22551,2022-02-28,0.08017384,XGBoost
22552,2022-02-28,0.0706343,XGBoost
22553,2022-02-28,0.0841778,XGBoost
22554,2022-02-28,0.07004313,XGBoost
22555,2022-02-28,0.08969723,XGBoost
22556,2022-02-28,0.21876116,XGBoost
22557,2022-02-28,0.08342253,XGBoost
22558,2022-02-28,0.08691719,XGBoost
22559,2022-02-28,0.085628904,XGBoost
2256,2022-02-28,0.08224461,XGBoost
22560,2022-02-28,0.08289337,XGBoost
22561,2022-02-28,0.087665886,XGBoost
22562,2022-02-28,0.08805511,XGBoost
22563,2022-02-28,0.08248385,XGBoost
22564,2022-02-28,0.25010204,XGBoost
22565,2022-02-28,0.21214432,XGBoost
22566,2022-02-28,0.24116477,XGBoost
22567,2022-02-28,0.26352268,XGBoost
22568,2022-02-28,0.22322242,XGBoost
22569,2022-02-28,0.26681882,XGBoost
2257,2022-02-28,0.080411844,XGBoost
22570,2022-02-28,0.07737156,XGBoost
22571,2022-02-28,0.2258207,XGBoost
22572,2022-02-28,0.23454231,XGBoost
22573,2022-02-28,0.21890475,XGBoost
22574,2022-02-28,0.242807,XGBoost
22575,2022-02-28,0.07319682,XGBoost
22576,2022-02-28,0.072772205,XGBoost
22577,2022-02-28,0.21966475,XGBoost
22578,2022-02-28,0.23125778,XGBoost
22579,2022-02-28,0.08353146,XGBoost
2258,2022-02-28,0.22093907,XGBoost
22580,2022-02-28,0.2138401,XGBoost
22581,2022-02-28,0.086847305,XGBoost
22582,2022-02-28,0.07808527,XGBoost
22583,2022-02-28,0.24473125,XGBoost
22584,2022-02-28,0.07992915,XGBoost
22585,2022-02-28,0.20105506,XGBoost
22586,2022-02-28,0.083659716,XGBoost
22587,2022-02-28,0.21875876,XGBoost
22588,2022-02-28,0.24095193,XGBoost
22589,2022-02-28,0.08890044,XGBoost
2259,2022-02-28,0.06332241,XGBoost
22590,2022-02-28,0.085729554,XGBoost
22591,2022-02-28,0.07995671,XGBoost
22592,2022-02-28,0.2239546,XGBoost
22593,2022-02-28,0.081413135,XGBoost
22594,2022-02-28,0.07703268,XGBoost
22595,2022-02-28,0.22894175,XGBoost
22596,2022-02-28,0.0783279,XGBoost
22597,2022-02-28,0.25498363,XGBoost
22598,2022-02-28,0.22658287,XGBoost
22599,2022-02-28,0.08187045,XGBoost
226,2022-02-28,0.21577018,XGBoost
2260,2022-02-28,0.08604194,XGBoost
22600,2022-02-28,0.2304058,XGBoost
22601,2022-02-28,0.23330961,XGBoost
22602,2022-02-28,0.22511141,XGBoost
22603,2022-02-28,0.08595751,XGBoost
22604,2022-02-28,0.22059588,XGBoost
22605,2022-02-28,0.08168989,XGBoost
22606,2022-02-28,0.08883625,XGBoost
22607,2022-02-28,0.08078228,XGBoost
22608,2022-02-28,0.08602286,XGBoost
22609,2022-02-28,0.07720497,XGBoost
2261,2022-02-28,0.19746992,XGBoost
22610,2022-02-28,0.25701895,XGBoost
22611,2022-02-28,0.084842645,XGBoost
22612,2022-02-28,0.06969695,XGBoost
22613,2022-02-28,0.2519047,XGBoost
22614,2022-02-28,0.23881984,XGBoost
22615,2022-02-28,0.22103308,XGBoost
22616,2022-02-28,0.22058164,XGBoost
22617,2022-02-28,0.22298674,XGBoost
22618,2022-02-28,0.21421146,XGBoost
22619,2022-02-28,0.21973129,XGBoost
2262,2022-02-28,0.23515698,XGBoost
22620,2022-02-28,0.07251825,XGBoost
22621,2022-02-28,0.08260914,XGBoost
22622,2022-02-28,0.071094625,XGBoost
22623,2022-02-28,0.086765446,XGBoost
22624,2022-02-28,0.083254054,XGBoost
22625,2022-02-28,0.2590694,XGBoost
22626,2022-02-28,0.082165964,XGBoost
22627,2022-02-28,0.07140876,XGBoost
22628,2022-02-28,0.0744107,XGBoost
22629,2022-02-28,0.070222095,XGBoost
2263,2022-02-28,0.08400765,XGBoost
22630,2022-02-28,0.07870582,XGBoost
22631,2022-02-28,0.21354963,XGBoost
22632,2022-02-28,0.075654976,XGBoost
22633,2022-02-28,0.2555495,XGBoost
22634,2022-02-28,0.07638098,XGBoost
22635,2022-02-28,0.22490421,XGBoost
22636,2022-02-28,0.23573013,XGBoost
22637,2022-02-28,0.20371217,XGBoost
22638,2022-02-28,0.21508105,XGBoost
22639,2022-02-28,0.20617692,XGBoost
2264,2022-02-28,0.23038171,XGBoost
22640,2022-02-28,0.08553337,XGBoost
22641,2022-02-28,0.09088934,XGBoost
22642,2022-02-28,0.23141795,XGBoost
22643,2022-02-28,0.08137142,XGBoost
22644,2022-02-28,0.23629071,XGBoost
22645,2022-02-28,0.077614374,XGBoost
22646,2022-02-28,0.21714987,XGBoost
22647,2022-02-28,0.08007951,XGBoost
22648,2022-02-28,0.22851625,XGBoost
22649,2022-02-28,0.21684211,XGBoost
2265,2022-02-28,0.087962486,XGBoost
22650,2022-02-28,0.07130653,XGBoost
22651,2022-02-28,0.20977998,XGBoost
22652,2022-02-28,0.07937728,XGBoost
22653,2022-02-28,0.23995605,XGBoost
22654,2022-02-28,0.08039878,XGBoost
22655,2022-02-28,0.08254558,XGBoost
22656,2022-02-28,0.08799662,XGBoost
22657,2022-02-28,0.19424541,XGBoost
22658,2022-02-28,0.072757095,XGBoost
22659,2022-02-28,0.22903056,XGBoost
2266,2022-02-28,0.08410769,XGBoost
22660,2022-02-28,0.078335606,XGBoost
22661,2022-02-28,0.08641512,XGBoost
22662,2022-02-28,0.08058135,XGBoost
22663,2022-02-28,0.20486519,XGBoost
22664,2022-02-28,0.084496275,XGBoost
22665,2022-02-28,0.23017791,XGBoost
22666,2022-02-28,0.23786263,XGBoost
22667,2022-02-28,0.0821421,XGBoost
22668,2022-02-28,0.07254968,XGBoost
22669,2022-02-28,0.256164,XGBoost
2267,2022-02-28,0.2179062,XGBoost
22670,2022-02-28,0.08437073,XGBoost
22671,2022-02-28,0.07040989,XGBoost
22672,2022-02-28,0.24044828,XGBoost
22673,2022-02-28,0.24166177,XGBoost
22674,2022-02-28,0.22250016,XGBoost
22675,2022-02-28,0.23755805,XGBoost
22676,2022-02-28,0.22913983,XGBoost
22677,2022-02-28,0.08011613,XGBoost
22678,2022-02-28,0.23507315,XGBoost
22679,2022-02-28,0.20295794,XGBoost
2268,2022-02-28,0.21304779,XGBoost
22680,2022-02-28,0.07647098,XGBoost
22681,2022-02-28,0.21620537,XGBoost
22682,2022-02-28,0.085553944,XGBoost
22683,2022-02-28,0.08107038,XGBoost
22684,2022-02-28,0.23904519,XGBoost
22685,2022-02-28,0.23555548,XGBoost
22686,2022-02-28,0.07334119,XGBoost
22687,2022-02-28,0.07036644,XGBoost
22688,2022-02-28,0.23806673,XGBoost
22689,2022-02-28,0.20535307,XGBoost
2269,2022-02-28,0.08204006,XGBoost
22690,2022-02-28,0.23953028,XGBoost
22691,2022-02-28,0.2220569,XGBoost
22692,2022-02-28,0.072864175,XGBoost
22693,2022-02-28,0.23267666,XGBoost
22694,2022-02-28,0.08448843,XGBoost
22695,2022-02-28,0.078338295,XGBoost
22696,2022-02-28,0.21423133,XGBoost
22697,2022-02-28,0.08414307,XGBoost
22698,2022-02-28,0.079588234,XGBoost
22699,2022-02-28,0.2567695,XGBoost
227,2022-02-28,0.08270641,XGBoost
2270,2022-02-28,0.08168272,XGBoost
22700,2022-02-28,0.085476525,XGBoost
22701,2022-02-28,0.08603098,XGBoost
22702,2022-02-28,0.08117226,XGBoost
22703,2022-02-28,0.08326768,XGBoost
22704,2022-02-28,0.08649929,XGBoost
22705,2022-02-28,0.084492214,XGBoost
22706,2022-02-28,0.06520268,XGBoost
22707,2022-02-28,0.22491102,XGBoost
22708,2022-02-28,0.22938551,XGBoost
22709,2022-02-28,0.0847353,XGBoost
2271,2022-02-28,0.22134995,XGBoost
22710,2022-02-28,0.080360286,XGBoost
22711,2022-02-28,0.07734628,XGBoost
22712,2022-02-28,0.23527505,XGBoost
22713,2022-02-28,0.07590298,XGBoost
22714,2022-02-28,0.07853164,XGBoost
22715,2022-02-28,0.08806355,XGBoost
22716,2022-02-28,0.07950717,XGBoost
22717,2022-02-28,0.2161808,XGBoost
22718,2022-02-28,0.07802475,XGBoost
22719,2022-02-28,0.24521615,XGBoost
2272,2022-02-28,0.21355028,XGBoost
22720,2022-02-28,0.21622154,XGBoost
22721,2022-02-28,0.23217814,XGBoost
22722,2022-02-28,0.08437536,XGBoost
22723,2022-02-28,0.08587994,XGBoost
22724,2022-02-28,0.24150887,XGBoost
22725,2022-02-28,0.085130975,XGBoost
22726,2022-02-28,0.08081507,XGBoost
22727,2022-02-28,0.2367164,XGBoost
22728,2022-02-28,0.076927006,XGBoost
22729,2022-02-28,0.078198425,XGBoost
2273,2022-02-28,0.08407131,XGBoost
22730,2022-02-28,0.08397652,XGBoost
22731,2022-02-28,0.085027106,XGBoost
22732,2022-02-28,0.07781493,XGBoost
22733,2022-02-28,0.06519032,XGBoost
22734,2022-02-28,0.21280149,XGBoost
22735,2022-02-28,0.22464137,XGBoost
22736,2022-02-28,0.087584585,XGBoost
22737,2022-02-28,0.0848517,XGBoost
22738,2022-02-28,0.22536388,XGBoost
22739,2022-02-28,0.084005676,XGBoost
2274,2022-02-28,0.23142584,XGBoost
22740,2022-02-28,0.25170732,XGBoost
22741,2022-02-28,0.082105756,XGBoost
22742,2022-02-28,0.077504665,XGBoost
22743,2022-02-28,0.080309324,XGBoost
22744,2022-02-28,0.08576112,XGBoost
22745,2022-02-28,0.244643,XGBoost
22746,2022-02-28,0.26107365,XGBoost
22747,2022-02-28,0.08361263,XGBoost
22748,2022-02-28,0.08220554,XGBoost
22749,2022-02-28,0.084596485,XGBoost
2275,2022-02-28,0.07656717,XGBoost
22750,2022-02-28,0.07806833,XGBoost
22751,2022-02-28,0.070713334,XGBoost
22752,2022-02-28,0.22227979,XGBoost
22753,2022-02-28,0.20902248,XGBoost
22754,2022-02-28,0.08400626,XGBoost
22755,2022-02-28,0.082355395,XGBoost
22756,2022-02-28,0.22158605,XGBoost
22757,2022-02-28,0.08434106,XGBoost
22758,2022-02-28,0.07822099,XGBoost
22759,2022-02-28,0.22421448,XGBoost
2276,2022-02-28,0.07629414,XGBoost
22760,2022-02-28,0.23197168,XGBoost
22761,2022-02-28,0.07941463,XGBoost
22762,2022-02-28,0.08762384,XGBoost
22763,2022-02-28,0.08939141,XGBoost
22764,2022-02-28,0.21408431,XGBoost
22765,2022-02-28,0.07679992,XGBoost
22766,2022-02-28,0.07775231,XGBoost
22767,2022-02-28,0.23256803,XGBoost
22768,2022-02-28,0.24425946,XGBoost
22769,2022-02-28,0.08178799,XGBoost
2277,2022-02-28,0.08810931,XGBoost
22770,2022-02-28,0.22762859,XGBoost
22771,2022-02-28,0.070702665,XGBoost
22772,2022-02-28,0.24496345,XGBoost
22773,2022-02-28,0.0838499,XGBoost
22774,2022-02-28,0.07447078,XGBoost
22775,2022-02-28,0.23359367,XGBoost
22776,2022-02-28,0.07604212,XGBoost
22777,2022-02-28,0.24418171,XGBoost
22778,2022-02-28,0.21804278,XGBoost
22779,2022-02-28,0.08735008,XGBoost
2278,2022-02-28,0.22160807,XGBoost
22780,2022-02-28,0.21870509,XGBoost
22781,2022-02-28,0.08645208,XGBoost
22782,2022-02-28,0.08649211,XGBoost
22783,2022-02-28,0.08477034,XGBoost
22784,2022-02-28,0.22384213,XGBoost
22785,2022-02-28,0.07995284,XGBoost
22786,2022-02-28,0.23680697,XGBoost
22787,2022-02-28,0.22193666,XGBoost
22788,2022-02-28,0.081425555,XGBoost
22789,2022-02-28,0.21452445,XGBoost
2279,2022-02-28,0.20743622,XGBoost
22790,2022-02-28,0.07382072,XGBoost
22791,2022-02-28,0.080378,XGBoost
22792,2022-02-28,0.22815254,XGBoost
22793,2022-02-28,0.24347931,XGBoost
22794,2022-02-28,0.23291013,XGBoost
22795,2022-02-28,0.083090164,XGBoost
22796,2022-02-28,0.08510342,XGBoost
22797,2022-02-28,0.08517115,XGBoost
22798,2022-02-28,0.07843194,XGBoost
22799,2022-02-28,0.22038786,XGBoost
228,2022-02-28,0.09124342,XGBoost
2280,2022-02-28,0.22587425,XGBoost
22800,2022-02-28,0.07376088,XGBoost
22801,2022-02-28,0.08148284,XGBoost
22802,2022-02-28,0.07637909,XGBoost
22803,2022-02-28,0.22920452,XGBoost
22804,2022-02-28,0.23542777,XGBoost
22805,2022-02-28,0.08385917,XGBoost
22806,2022-02-28,0.2245564,XGBoost
22807,2022-02-28,0.26141128,XGBoost
22808,2022-02-28,0.08070246,XGBoost
22809,2022-02-28,0.08130789,XGBoost
2281,2022-02-28,0.08537534,XGBoost
22810,2022-02-28,0.23106702,XGBoost
22811,2022-02-28,0.074459,XGBoost
22812,2022-02-28,0.23348624,XGBoost
22813,2022-02-28,0.07939036,XGBoost
22814,2022-02-28,0.2195905,XGBoost
22815,2022-02-28,0.08601486,XGBoost
22816,2022-02-28,0.08188482,XGBoost
22817,2022-02-28,0.24465251,XGBoost
22818,2022-02-28,0.089181274,XGBoost
22819,2022-02-28,0.08079887,XGBoost
2282,2022-02-28,0.23169483,XGBoost
22820,2022-02-28,0.24769488,XGBoost
22821,2022-02-28,0.23211986,XGBoost
22822,2022-02-28,0.21440142,XGBoost
22823,2022-02-28,0.24172884,XGBoost
22824,2022-02-28,0.20629373,XGBoost
22825,2022-02-28,0.08292976,XGBoost
22826,2022-02-28,0.08606845,XGBoost
22827,2022-02-28,0.080729336,XGBoost
22828,2022-02-28,0.22194019,XGBoost
22829,2022-02-28,0.08732282,XGBoost
2283,2022-02-28,0.07320547,XGBoost
22830,2022-02-28,0.21786188,XGBoost
22831,2022-02-28,0.08562705,XGBoost
22832,2022-02-28,0.07278091,XGBoost
22833,2022-02-28,0.234042,XGBoost
22834,2022-02-28,0.22956258,XGBoost
22835,2022-02-28,0.08457265,XGBoost
22836,2022-02-28,0.24794091,XGBoost
22837,2022-02-28,0.22704463,XGBoost
22838,2022-02-28,0.08675926,XGBoost
22839,2022-02-28,0.08744208,XGBoost
2284,2022-02-28,0.08741846,XGBoost
22840,2022-02-28,0.23261821,XGBoost
22841,2022-02-28,0.07963263,XGBoost
22842,2022-02-28,0.22636738,XGBoost
22843,2022-02-28,0.08761392,XGBoost
22844,2022-02-28,0.21004698,XGBoost
22845,2022-02-28,0.21461366,XGBoost
22846,2022-02-28,0.22718188,XGBoost
22847,2022-02-28,0.06911831,XGBoost
22848,2022-02-28,0.08035035,XGBoost
22849,2022-02-28,0.08692445,XGBoost
2285,2022-02-28,0.0864379,XGBoost
22850,2022-02-28,0.07846567,XGBoost
22851,2022-02-28,0.08322325,XGBoost
22852,2022-02-28,0.22027785,XGBoost
22853,2022-02-28,0.08263292,XGBoost
22854,2022-02-28,0.24807084,XGBoost
22855,2022-02-28,0.06898706,XGBoost
22856,2022-02-28,0.084555045,XGBoost
22857,2022-02-28,0.08094756,XGBoost
22858,2022-02-28,0.21634902,XGBoost
22859,2022-02-28,0.07800191,XGBoost
2286,2022-02-28,0.07981067,XGBoost
22860,2022-02-28,0.08650796,XGBoost
22861,2022-02-28,0.23276545,XGBoost
22862,2022-02-28,0.242111,XGBoost
22863,2022-02-28,0.0790723,XGBoost
22864,2022-02-28,0.083460085,XGBoost
22865,2022-02-28,0.114025675,XGBoost
22866,2022-02-28,0.21584597,XGBoost
22867,2022-02-28,0.08058675,XGBoost
22868,2022-02-28,0.22820936,XGBoost
22869,2022-02-28,0.083740704,XGBoost
2287,2022-02-28,0.078079425,XGBoost
22870,2022-02-28,0.079591535,XGBoost
22871,2022-02-28,0.08391368,XGBoost
22872,2022-02-28,0.08194572,XGBoost
22873,2022-02-28,0.08218371,XGBoost
22874,2022-02-28,0.07726911,XGBoost
22875,2022-02-28,0.24748378,XGBoost
22876,2022-02-28,0.07490082,XGBoost
22877,2022-02-28,0.08356497,XGBoost
22878,2022-02-28,0.21820363,XGBoost
22879,2022-02-28,0.084427625,XGBoost
2288,2022-02-28,0.07680841,XGBoost
22880,2022-02-28,0.22917195,XGBoost
22881,2022-02-28,0.081196085,XGBoost
22882,2022-02-28,0.07856772,XGBoost
22883,2022-02-28,0.082747415,XGBoost
22884,2022-02-28,0.08021035,XGBoost
22885,2022-02-28,0.069157094,XGBoost
22886,2022-02-28,0.23526005,XGBoost
22887,2022-02-28,0.085470125,XGBoost
22888,2022-02-28,0.086806275,XGBoost
22889,2022-02-28,0.22477345,XGBoost
2289,2022-02-28,0.087881766,XGBoost
22890,2022-02-28,0.22239646,XGBoost
22891,2022-02-28,0.081685215,XGBoost
22892,2022-02-28,0.21278898,XGBoost
22893,2022-02-28,0.24052022,XGBoost
22894,2022-02-28,0.07155051,XGBoost
22895,2022-02-28,0.071848996,XGBoost
22896,2022-02-28,0.082556196,XGBoost
22897,2022-02-28,0.07912348,XGBoost
22898,2022-02-28,0.08631165,XGBoost
22899,2022-02-28,0.07284552,XGBoost
229,2022-02-28,0.074381486,XGBoost
2290,2022-02-28,0.08615797,XGBoost
22900,2022-02-28,0.07996303,XGBoost
22901,2022-02-28,0.22679888,XGBoost
22902,2022-02-28,0.08377192,XGBoost
22903,2022-02-28,0.07949075,XGBoost
22904,2022-02-28,0.24617295,XGBoost
22905,2022-02-28,0.07740744,XGBoost
22906,2022-02-28,0.0716289,XGBoost
22907,2022-02-28,0.086185485,XGBoost
22908,2022-02-28,0.08277563,XGBoost
22909,2022-02-28,0.07222183,XGBoost
2291,2022-02-28,0.072661914,XGBoost
22910,2022-02-28,0.08339733,XGBoost
22911,2022-02-28,0.0765468,XGBoost
22912,2022-02-28,0.2444507,XGBoost
22913,2022-02-28,0.08584884,XGBoost
22914,2022-02-28,0.07654129,XGBoost
22915,2022-02-28,0.07716351,XGBoost
22916,2022-02-28,0.081966154,XGBoost
22917,2022-02-28,0.22541139,XGBoost
22918,2022-02-28,0.070439704,XGBoost
22919,2022-02-28,0.20537785,XGBoost
2292,2022-02-28,0.07774992,XGBoost
22920,2022-02-28,0.07939827,XGBoost
22921,2022-02-28,0.08459019,XGBoost
22922,2022-02-28,0.082368,XGBoost
22923,2022-02-28,0.085858956,XGBoost
22924,2022-02-28,0.23934914,XGBoost
22925,2022-02-28,0.23129773,XGBoost
22926,2022-02-28,0.07991404,XGBoost
22927,2022-02-28,0.23241177,XGBoost
22928,2022-02-28,0.084904075,XGBoost
22929,2022-02-28,0.08352761,XGBoost
2293,2022-02-28,0.20577043,XGBoost
22930,2022-02-28,0.21757397,XGBoost
22931,2022-02-28,0.23165204,XGBoost
22932,2022-02-28,0.07043552,XGBoost
22933,2022-02-28,0.07003868,XGBoost
22934,2022-02-28,0.08634425,XGBoost
22935,2022-02-28,0.08679409,XGBoost
22936,2022-02-28,0.068395466,XGBoost
22937,2022-02-28,0.08779138,XGBoost
22938,2022-02-28,0.22004543,XGBoost
22939,2022-02-28,0.07291814,XGBoost
2294,2022-02-28,0.06785057,XGBoost
22940,2022-02-28,0.085156254,XGBoost
22941,2022-02-28,0.22703622,XGBoost
22942,2022-02-28,0.25154448,XGBoost
22943,2022-02-28,0.20507622,XGBoost
22944,2022-02-28,0.07950121,XGBoost
22945,2022-02-28,0.08743659,XGBoost
22946,2022-02-28,0.22918285,XGBoost
22947,2022-02-28,0.23518528,XGBoost
22948,2022-02-28,0.21924223,XGBoost
22949,2022-02-28,0.08441833,XGBoost
2295,2022-02-28,0.082757644,XGBoost
22950,2022-02-28,0.23257402,XGBoost
22951,2022-02-28,0.084073305,XGBoost
22952,2022-02-28,0.20685999,XGBoost
22953,2022-02-28,0.08513571,XGBoost
22954,2022-02-28,0.24620129,XGBoost
22955,2022-02-28,0.08403154,XGBoost
22956,2022-02-28,0.08294556,XGBoost
22957,2022-02-28,0.19230442,XGBoost
22958,2022-02-28,0.085325755,XGBoost
22959,2022-02-28,0.067468986,XGBoost
2296,2022-02-28,0.25575382,XGBoost
22960,2022-02-28,0.2524987,XGBoost
22961,2022-02-28,0.07445502,XGBoost
22962,2022-02-28,0.07315828,XGBoost
22963,2022-02-28,0.08375962,XGBoost
22964,2022-02-28,0.22072165,XGBoost
22965,2022-02-28,0.08385613,XGBoost
22966,2022-02-28,0.23279412,XGBoost
22967,2022-02-28,0.2109966,XGBoost
22968,2022-02-28,0.08528401,XGBoost
22969,2022-02-28,0.08306033,XGBoost
2297,2022-02-28,0.22804485,XGBoost
22970,2022-02-28,0.23779619,XGBoost
22971,2022-02-28,0.08265684,XGBoost
22972,2022-02-28,0.21403682,XGBoost
22973,2022-02-28,0.16222695,XGBoost
22974,2022-02-28,0.08416054,XGBoost
22975,2022-02-28,0.08336366,XGBoost
22976,2022-02-28,0.21603698,XGBoost
22977,2022-02-28,0.22175269,XGBoost
22978,2022-02-28,0.06475554,XGBoost
22979,2022-02-28,0.22202258,XGBoost
2298,2022-02-28,0.07077296,XGBoost
22980,2022-02-28,0.07295541,XGBoost
22981,2022-02-28,0.2459871,XGBoost
22982,2022-02-28,0.20518894,XGBoost
22983,2022-02-28,0.22488391,XGBoost
22984,2022-02-28,0.08448263,XGBoost
22985,2022-02-28,0.08234562,XGBoost
22986,2022-02-28,0.23552348,XGBoost
22987,2022-02-28,0.07051682,XGBoost
22988,2022-02-28,0.08305485,XGBoost
22989,2022-02-28,0.08198785,XGBoost
2299,2022-02-28,0.2269,XGBoost
22990,2022-02-28,0.08228803,XGBoost
22991,2022-02-28,0.08484192,XGBoost
22992,2022-02-28,0.22662415,XGBoost
22993,2022-02-28,0.08267442,XGBoost
22994,2022-02-28,0.23353148,XGBoost
22995,2022-02-28,0.0836409,XGBoost
22996,2022-02-28,0.2191221,XGBoost
22997,2022-02-28,0.07057859,XGBoost
22998,2022-02-28,0.071933106,XGBoost
22999,2022-02-28,0.087213546,XGBoost
23,2022-02-28,0.07324852,XGBoost
230,2022-02-28,0.21417859,XGBoost
2300,2022-02-28,0.077408604,XGBoost
23000,2022-02-28,0.077648856,XGBoost
23001,2022-02-28,0.07298663,XGBoost
23002,2022-02-28,0.07723187,XGBoost
23003,2022-02-28,0.08151256,XGBoost
23004,2022-02-28,0.08470331,XGBoost
23005,2022-02-28,0.08572407,XGBoost
23006,2022-02-28,0.22532876,XGBoost
23007,2022-02-28,0.22468148,XGBoost
23008,2022-02-28,0.08725978,XGBoost
23009,2022-02-28,0.087205276,XGBoost
2301,2022-02-28,0.23391697,XGBoost
23010,2022-02-28,0.2295725,XGBoost
23011,2022-02-28,0.08688891,XGBoost
23012,2022-02-28,0.07302264,XGBoost
23013,2022-02-28,0.07801477,XGBoost
23014,2022-02-28,0.08674307,XGBoost
23015,2022-02-28,0.08297447,XGBoost
23016,2022-02-28,0.21709776,XGBoost
23017,2022-02-28,0.22058207,XGBoost
23018,2022-02-28,0.07818523,XGBoost
23019,2022-02-28,0.08445561,XGBoost
2302,2022-02-28,0.077398516,XGBoost
23020,2022-02-28,0.084144294,XGBoost
23021,2022-02-28,0.24715693,XGBoost
23022,2022-02-28,0.08757705,XGBoost
23023,2022-02-28,0.084224515,XGBoost
23024,2022-02-28,0.19945547,XGBoost
23025,2022-02-28,0.08431761,XGBoost
23026,2022-02-28,0.07937404,XGBoost
23027,2022-02-28,0.23027919,XGBoost
23028,2022-02-28,0.08349752,XGBoost
23029,2022-02-28,0.21340725,XGBoost
2303,2022-02-28,0.21928008,XGBoost
23030,2022-02-28,0.21856181,XGBoost
23031,2022-02-28,0.21943943,XGBoost
23032,2022-02-28,0.078388005,XGBoost
23033,2022-02-28,0.077853955,XGBoost
23034,2022-02-28,0.23490766,XGBoost
23035,2022-02-28,0.22583832,XGBoost
23036,2022-02-28,0.2598496,XGBoost
23037,2022-02-28,0.083378024,XGBoost
23038,2022-02-28,0.07204335,XGBoost
23039,2022-02-28,0.20332216,XGBoost
2304,2022-02-28,0.07757994,XGBoost
23040,2022-02-28,0.24734075,XGBoost
23041,2022-02-28,0.084655076,XGBoost
23042,2022-02-28,0.25124413,XGBoost
23043,2022-02-28,0.08252551,XGBoost
23044,2022-02-28,0.078177735,XGBoost
23045,2022-02-28,0.08003669,XGBoost
23046,2022-02-28,0.08097871,XGBoost
23047,2022-02-28,0.20916173,XGBoost
23048,2022-02-28,0.08314035,XGBoost
23049,2022-02-28,0.0860868,XGBoost
2305,2022-02-28,0.22869752,XGBoost
23050,2022-02-28,0.251399,XGBoost
23051,2022-02-28,0.22752742,XGBoost
23052,2022-02-28,0.24038917,XGBoost
23053,2022-02-28,0.23961343,XGBoost
23054,2022-02-28,0.07876111,XGBoost
23055,2022-02-28,0.24880067,XGBoost
23056,2022-02-28,0.21796702,XGBoost
23057,2022-02-28,0.23130976,XGBoost
23058,2022-02-28,0.20457166,XGBoost
23059,2022-02-28,0.1959335,XGBoost
2306,2022-02-28,0.2655634,XGBoost
23060,2022-02-28,0.063716285,XGBoost
23061,2022-02-28,0.19467576,XGBoost
23062,2022-02-28,0.07832208,XGBoost
23063,2022-02-28,0.080622695,XGBoost
23064,2022-02-28,0.08307963,XGBoost
23065,2022-02-28,0.0713553,XGBoost
23066,2022-02-28,0.07964658,XGBoost
23067,2022-02-28,0.08253042,XGBoost
23068,2022-02-28,0.21843,XGBoost
23069,2022-02-28,0.23131989,XGBoost
2307,2022-02-28,0.22676422,XGBoost
23070,2022-02-28,0.08195733,XGBoost
23071,2022-02-28,0.08302371,XGBoost
23072,2022-02-28,0.22711255,XGBoost
23073,2022-02-28,0.08287205,XGBoost
23074,2022-02-28,0.2510354,XGBoost
23075,2022-02-28,0.23443598,XGBoost
23076,2022-02-28,0.08191496,XGBoost
23077,2022-02-28,0.25026396,XGBoost
23078,2022-02-28,0.08506285,XGBoost
23079,2022-02-28,0.083827056,XGBoost
2308,2022-02-28,0.08574398,XGBoost
23080,2022-02-28,0.07626339,XGBoost
23081,2022-02-28,0.084302545,XGBoost
23082,2022-02-28,0.069370545,XGBoost
23083,2022-02-28,0.08287875,XGBoost
23084,2022-02-28,0.22093718,XGBoost
23085,2022-02-28,0.3038515,XGBoost
23086,2022-02-28,0.082451016,XGBoost
23087,2022-02-28,0.24063043,XGBoost
23088,2022-02-28,0.24100737,XGBoost
23089,2022-02-28,0.0655148,XGBoost
2309,2022-02-28,0.08826731,XGBoost
23090,2022-02-28,0.26002207,XGBoost
23091,2022-02-28,0.22875695,XGBoost
23092,2022-02-28,0.087021686,XGBoost
23093,2022-02-28,0.0748668,XGBoost
23094,2022-02-28,0.06981991,XGBoost
23095,2022-02-28,0.08451561,XGBoost
23096,2022-02-28,0.24319117,XGBoost
23097,2022-02-28,0.08302804,XGBoost
23098,2022-02-28,0.2257933,XGBoost
23099,2022-02-28,0.21694662,XGBoost
231,2022-02-28,0.22236387,XGBoost
2310,2022-02-28,0.20677261,XGBoost
23100,2022-02-28,0.072309464,XGBoost
23101,2022-02-28,0.08617891,XGBoost
23102,2022-02-28,0.087128155,XGBoost
23103,2022-02-28,0.07755912,XGBoost
23104,2022-02-28,0.07728134,XGBoost
23105,2022-02-28,0.08870571,XGBoost
23106,2022-02-28,0.08412383,XGBoost
23107,2022-02-28,0.07847558,XGBoost
23108,2022-02-28,0.0819021,XGBoost
23109,2022-02-28,0.07583541,XGBoost
2311,2022-02-28,0.25233442,XGBoost
23110,2022-02-28,0.08230426,XGBoost
23111,2022-02-28,0.07664144,XGBoost
23112,2022-02-28,0.08851567,XGBoost
23113,2022-02-28,0.08495582,XGBoost
23114,2022-02-28,0.0827143,XGBoost
23115,2022-02-28,0.0876643,XGBoost
23116,2022-02-28,0.22699548,XGBoost
23117,2022-02-28,0.073558584,XGBoost
23118,2022-02-28,0.22571142,XGBoost
23119,2022-02-28,0.078711584,XGBoost
2312,2022-02-28,0.22744578,XGBoost
23120,2022-02-28,0.07931464,XGBoost
23121,2022-02-28,0.2395757,XGBoost
23122,2022-02-28,0.08362115,XGBoost
23123,2022-02-28,0.085324794,XGBoost
23124,2022-02-28,0.23838703,XGBoost
23125,2022-02-28,0.086820394,XGBoost
23126,2022-02-28,0.06453715,XGBoost
23127,2022-02-28,0.073439755,XGBoost
23128,2022-02-28,0.08199466,XGBoost
23129,2022-02-28,0.20414849,XGBoost
2313,2022-02-28,0.20474765,XGBoost
23130,2022-02-28,0.2558374,XGBoost
23131,2022-02-28,0.07727805,XGBoost
23132,2022-02-28,0.0822673,XGBoost
23133,2022-02-28,0.23867242,XGBoost
23134,2022-02-28,0.08272255,XGBoost
23135,2022-02-28,0.084302194,XGBoost
23136,2022-02-28,0.08411824,XGBoost
23137,2022-02-28,0.08601513,XGBoost
23138,2022-02-28,0.08524358,XGBoost
23139,2022-02-28,0.07233624,XGBoost
2314,2022-02-28,0.21877068,XGBoost
23140,2022-02-28,0.07952382,XGBoost
23141,2022-02-28,0.08734301,XGBoost
23142,2022-02-28,0.22164725,XGBoost
23143,2022-02-28,0.08508821,XGBoost
23144,2022-02-28,0.2333155,XGBoost
23145,2022-02-28,0.08242511,XGBoost
23146,2022-02-28,0.07893458,XGBoost
23147,2022-02-28,0.07817997,XGBoost
23148,2022-02-28,0.08387272,XGBoost
23149,2022-02-28,0.20764898,XGBoost
2315,2022-02-28,0.085662104,XGBoost
23150,2022-02-28,0.08761661,XGBoost
23151,2022-02-28,0.07276211,XGBoost
23152,2022-02-28,0.08216518,XGBoost
23153,2022-02-28,0.065870516,XGBoost
23154,2022-02-28,0.22063145,XGBoost
23155,2022-02-28,0.08236829,XGBoost
23156,2022-02-28,0.076511286,XGBoost
23157,2022-02-28,0.08075002,XGBoost
23158,2022-02-28,0.08355028,XGBoost
23159,2022-02-28,0.076734304,XGBoost
2316,2022-02-28,0.078669734,XGBoost
23160,2022-02-28,0.21067676,XGBoost
23161,2022-02-28,0.07770472,XGBoost
23162,2022-02-28,0.24807003,XGBoost
23163,2022-02-28,0.0828039,XGBoost
23164,2022-02-28,0.22608991,XGBoost
23165,2022-02-28,0.08485137,XGBoost
23166,2022-02-28,0.24821839,XGBoost
23167,2022-02-28,0.21395667,XGBoost
23168,2022-02-28,0.2345554,XGBoost
23169,2022-02-28,0.2273857,XGBoost
2317,2022-02-28,0.083814315,XGBoost
23170,2022-02-28,0.087685816,XGBoost
23171,2022-02-28,0.08496298,XGBoost
23172,2022-02-28,0.236522,XGBoost
23173,2022-02-28,0.22176093,XGBoost
23174,2022-02-28,0.087277316,XGBoost
23175,2022-02-28,0.23157184,XGBoost
23176,2022-02-28,0.22255754,XGBoost
23177,2022-02-28,0.26558554,XGBoost
23178,2022-02-28,0.07052508,XGBoost
23179,2022-02-28,0.084870584,XGBoost
2318,2022-02-28,0.08306569,XGBoost
23180,2022-02-28,0.07742361,XGBoost
23181,2022-02-28,0.0769426,XGBoost
23182,2022-02-28,0.0854761,XGBoost
23183,2022-02-28,0.07287229,XGBoost
23184,2022-02-28,0.082744345,XGBoost
23185,2022-02-28,0.08248918,XGBoost
23186,2022-02-28,0.08240933,XGBoost
23187,2022-02-28,0.20325038,XGBoost
23188,2022-02-28,0.08236457,XGBoost
23189,2022-02-28,0.08376741,XGBoost
2319,2022-02-28,0.24805535,XGBoost
23190,2022-02-28,0.23344529,XGBoost
23191,2022-02-28,0.07756132,XGBoost
23192,2022-02-28,0.08632021,XGBoost
23193,2022-02-28,0.24450302,XGBoost
23194,2022-02-28,0.08804785,XGBoost
23195,2022-02-28,0.08581645,XGBoost
23196,2022-02-28,0.08708376,XGBoost
23197,2022-02-28,0.19907467,XGBoost
23198,2022-02-28,0.0823233,XGBoost
23199,2022-02-28,0.07740884,XGBoost
232,2022-02-28,0.23771954,XGBoost
2320,2022-02-28,0.07729083,XGBoost
23200,2022-02-28,0.2328513,XGBoost
23201,2022-02-28,0.23471004,XGBoost
23202,2022-02-28,0.08626701,XGBoost
23203,2022-02-28,0.07016402,XGBoost
23204,2022-02-28,0.08156005,XGBoost
23205,2022-02-28,0.26442784,XGBoost
23206,2022-02-28,0.08607711,XGBoost
23207,2022-02-28,0.084496625,XGBoost
23208,2022-02-28,0.2186008,XGBoost
23209,2022-02-28,0.07992183,XGBoost
2321,2022-02-28,0.23676513,XGBoost
23210,2022-02-28,0.071183406,XGBoost
23211,2022-02-28,0.06937336,XGBoost
23212,2022-02-28,0.07932238,XGBoost
23213,2022-02-28,0.084390074,XGBoost
23214,2022-02-28,0.06997509,XGBoost
23215,2022-02-28,0.08342449,XGBoost
23216,2022-02-28,0.08459867,XGBoost
23217,2022-02-28,0.08254746,XGBoost
23218,2022-02-28,0.25290245,XGBoost
23219,2022-02-28,0.086203694,XGBoost
2322,2022-02-28,0.07832424,XGBoost
23220,2022-02-28,0.07045686,XGBoost
23221,2022-02-28,0.12547141,XGBoost
23222,2022-02-28,0.20086548,XGBoost
23223,2022-02-28,0.0840598,XGBoost
23224,2022-02-28,0.07238152,XGBoost
23225,2022-02-28,0.0727194,XGBoost
23226,2022-02-28,0.084227845,XGBoost
23227,2022-02-28,0.08909094,XGBoost
23228,2022-02-28,0.2377569,XGBoost
23229,2022-02-28,0.07119432,XGBoost
2323,2022-02-28,0.22464176,XGBoost
23230,2022-02-28,0.079312794,XGBoost
23231,2022-02-28,0.23258191,XGBoost
23232,2022-02-28,0.21823193,XGBoost
23233,2022-02-28,0.06781581,XGBoost
23234,2022-02-28,0.06697963,XGBoost
23235,2022-02-28,0.08367336,XGBoost
23236,2022-02-28,0.2234066,XGBoost
23237,2022-02-28,0.08015007,XGBoost
23238,2022-02-28,0.08260703,XGBoost
23239,2022-02-28,0.08146554,XGBoost
2324,2022-02-28,0.08547921,XGBoost
23240,2022-02-28,0.24429919,XGBoost
23241,2022-02-28,0.21417415,XGBoost
23242,2022-02-28,0.0675297,XGBoost
23243,2022-02-28,0.07638539,XGBoost
23244,2022-02-28,0.07786021,XGBoost
23245,2022-02-28,0.08442565,XGBoost
23246,2022-02-28,0.24294238,XGBoost
23247,2022-02-28,0.24289234,XGBoost
23248,2022-02-28,0.21194918,XGBoost
23249,2022-02-28,0.23352146,XGBoost
2325,2022-02-28,0.23609513,XGBoost
23250,2022-02-28,0.23016192,XGBoost
23251,2022-02-28,0.084633075,XGBoost
23252,2022-02-28,0.07038748,XGBoost
23253,2022-02-28,0.22485876,XGBoost
23254,2022-02-28,0.2500257,XGBoost
23255,2022-02-28,0.24287668,XGBoost
23256,2022-02-28,0.22453448,XGBoost
23257,2022-02-28,0.21175529,XGBoost
23258,2022-02-28,0.23182029,XGBoost
23259,2022-02-28,0.22269592,XGBoost
2326,2022-02-28,0.23061803,XGBoost
23260,2022-02-28,0.2175809,XGBoost
23261,2022-02-28,0.07288597,XGBoost
23262,2022-02-28,0.080224864,XGBoost
23263,2022-02-28,0.22923383,XGBoost
23264,2022-02-28,0.24252099,XGBoost
23265,2022-02-28,0.081907906,XGBoost
23266,2022-02-28,0.08235196,XGBoost
23267,2022-02-28,0.22950633,XGBoost
23268,2022-02-28,0.23026489,XGBoost
23269,2022-02-28,0.08601402,XGBoost
2327,2022-02-28,0.08196333,XGBoost
23270,2022-02-28,0.0785334,XGBoost
23271,2022-02-28,0.21246079,XGBoost
23272,2022-02-28,0.07090296,XGBoost
23273,2022-02-28,0.08481334,XGBoost
23274,2022-02-28,0.08335342,XGBoost
23275,2022-02-28,0.22263801,XGBoost
23276,2022-02-28,0.07346039,XGBoost
23277,2022-02-28,0.24633265,XGBoost
23278,2022-02-28,0.23974082,XGBoost
23279,2022-02-28,0.24430601,XGBoost
2328,2022-02-28,0.08632679,XGBoost
23280,2022-02-28,0.0696974,XGBoost
23281,2022-02-28,0.23940283,XGBoost
23282,2022-02-28,0.08431613,XGBoost
23283,2022-02-28,0.25355345,XGBoost
23284,2022-02-28,0.081903175,XGBoost
23285,2022-02-28,0.24311408,XGBoost
23286,2022-02-28,0.071300186,XGBoost
23287,2022-02-28,0.21432063,XGBoost
23288,2022-02-28,0.2150211,XGBoost
23289,2022-02-28,0.22894154,XGBoost
2329,2022-02-28,0.07684718,XGBoost
23290,2022-02-28,0.07703562,XGBoost
23291,2022-02-28,0.20777693,XGBoost
23292,2022-02-28,0.08212551,XGBoost
23293,2022-02-28,0.2174219,XGBoost
23294,2022-02-28,0.08880644,XGBoost
23295,2022-02-28,0.19862998,XGBoost
23296,2022-02-28,0.22619367,XGBoost
23297,2022-02-28,0.08941016,XGBoost
23298,2022-02-28,0.20737113,XGBoost
23299,2022-02-28,0.23500808,XGBoost
233,2022-02-28,0.07839985,XGBoost
2330,2022-02-28,0.07163458,XGBoost
23300,2022-02-28,0.0677561,XGBoost
23301,2022-02-28,0.23248065,XGBoost
23302,2022-02-28,0.08557977,XGBoost
23303,2022-02-28,0.08070804,XGBoost
23304,2022-02-28,0.23544608,XGBoost
23305,2022-02-28,0.08280802,XGBoost
23306,2022-02-28,0.22725047,XGBoost
23307,2022-02-28,0.20006151,XGBoost
23308,2022-02-28,0.25886407,XGBoost
23309,2022-02-28,0.22870259,XGBoost
2331,2022-02-28,0.08545584,XGBoost
23310,2022-02-28,0.08375804,XGBoost
23311,2022-02-28,0.081092454,XGBoost
23312,2022-02-28,0.23573656,XGBoost
23313,2022-02-28,0.08723602,XGBoost
23314,2022-02-28,0.22888985,XGBoost
23315,2022-02-28,0.25482523,XGBoost
23316,2022-02-28,0.2341109,XGBoost
23317,2022-02-28,0.24050377,XGBoost
23318,2022-02-28,0.08448141,XGBoost
23319,2022-02-28,0.23537704,XGBoost
2332,2022-02-28,0.08365372,XGBoost
23320,2022-02-28,0.08043172,XGBoost
23321,2022-02-28,0.19843489,XGBoost
23322,2022-02-28,0.07785383,XGBoost
23323,2022-02-28,0.084635496,XGBoost
23324,2022-02-28,0.08661049,XGBoost
23325,2022-02-28,0.083693005,XGBoost
23326,2022-02-28,0.21847463,XGBoost
23327,2022-02-28,0.21978982,XGBoost
23328,2022-02-28,0.23949215,XGBoost
23329,2022-02-28,0.21929008,XGBoost
2333,2022-02-28,0.068608366,XGBoost
23330,2022-02-28,0.22674991,XGBoost
23331,2022-02-28,0.07768919,XGBoost
23332,2022-02-28,0.083406225,XGBoost
23333,2022-02-28,0.077431515,XGBoost
23334,2022-02-28,0.0704086,XGBoost
23335,2022-02-28,0.21769571,XGBoost
23336,2022-02-28,0.24434555,XGBoost
23337,2022-02-28,0.22376625,XGBoost
23338,2022-02-28,0.07014958,XGBoost
23339,2022-02-28,0.23124263,XGBoost
2334,2022-02-28,0.2421807,XGBoost
23340,2022-02-28,0.23183283,XGBoost
23341,2022-02-28,0.07863791,XGBoost
23342,2022-02-28,0.084823705,XGBoost
23343,2022-02-28,0.23239332,XGBoost
23344,2022-02-28,0.25208646,XGBoost
23345,2022-02-28,0.08486521,XGBoost
23346,2022-02-28,0.07382314,XGBoost
23347,2022-02-28,0.23118246,XGBoost
23348,2022-02-28,0.078366145,XGBoost
23349,2022-02-28,0.24304405,XGBoost
2335,2022-02-28,0.2200135,XGBoost
23350,2022-02-28,0.0845668,XGBoost
23351,2022-02-28,0.083393134,XGBoost
23352,2022-02-28,0.2423844,XGBoost
23353,2022-02-28,0.08251202,XGBoost
23354,2022-02-28,0.23580226,XGBoost
23355,2022-02-28,0.19786593,XGBoost
23356,2022-02-28,0.07604378,XGBoost
23357,2022-02-28,0.072799474,XGBoost
23358,2022-02-28,0.08328827,XGBoost
23359,2022-02-28,0.07196863,XGBoost
2336,2022-02-28,0.080419555,XGBoost
23360,2022-02-28,0.22968285,XGBoost
23361,2022-02-28,0.07307488,XGBoost
23362,2022-02-28,0.08005723,XGBoost
23363,2022-02-28,0.08235766,XGBoost
23364,2022-02-28,0.2452809,XGBoost
23365,2022-02-28,0.084989406,XGBoost
23366,2022-02-28,0.08204618,XGBoost
23367,2022-02-28,0.2402441,XGBoost
23368,2022-02-28,0.08608362,XGBoost
23369,2022-02-28,0.08532483,XGBoost
2337,2022-02-28,0.20610985,XGBoost
23370,2022-02-28,0.086413935,XGBoost
23371,2022-02-28,0.08715005,XGBoost
23372,2022-02-28,0.20812696,XGBoost
23373,2022-02-28,0.22774994,XGBoost
23374,2022-02-28,0.08944623,XGBoost
23375,2022-02-28,0.08012132,XGBoost
23376,2022-02-28,0.065972745,XGBoost
23377,2022-02-28,0.22720431,XGBoost
23378,2022-02-28,0.22156656,XGBoost
23379,2022-02-28,0.07988557,XGBoost
2338,2022-02-28,0.080452874,XGBoost
23380,2022-02-28,0.2307847,XGBoost
23381,2022-02-28,0.08293178,XGBoost
23382,2022-02-28,0.2284004,XGBoost
23383,2022-02-28,0.26146546,XGBoost
23384,2022-02-28,0.2210958,XGBoost
23385,2022-02-28,0.21300042,XGBoost
23386,2022-02-28,0.08386847,XGBoost
23387,2022-02-28,0.08334981,XGBoost
23388,2022-02-28,0.23082475,XGBoost
23389,2022-02-28,0.073902465,XGBoost
2339,2022-02-28,0.08571694,XGBoost
23390,2022-02-28,0.22496876,XGBoost
23391,2022-02-28,0.08921621,XGBoost
23392,2022-02-28,0.08040524,XGBoost
23393,2022-02-28,0.08214822,XGBoost
23394,2022-02-28,0.24749433,XGBoost
23395,2022-02-28,0.08174283,XGBoost
23396,2022-02-28,0.25390446,XGBoost
23397,2022-02-28,0.23582478,XGBoost
23398,2022-02-28,0.08570235,XGBoost
23399,2022-02-28,0.08403573,XGBoost
234,2022-02-28,0.08441558,XGBoost
2340,2022-02-28,0.08530994,XGBoost
23400,2022-02-28,0.22287434,XGBoost
23401,2022-02-28,0.08691069,XGBoost
23402,2022-02-28,0.07307138,XGBoost
23403,2022-02-28,0.22032814,XGBoost
23404,2022-02-28,0.064783536,XGBoost
23405,2022-02-28,0.23423101,XGBoost
23406,2022-02-28,0.083092876,XGBoost
23407,2022-02-28,0.24514222,XGBoost
23408,2022-02-28,0.22409128,XGBoost
23409,2022-02-28,0.085628524,XGBoost
2341,2022-02-28,0.07745077,XGBoost
23410,2022-02-28,0.24087551,XGBoost
23411,2022-02-28,0.077691525,XGBoost
23412,2022-02-28,0.23279151,XGBoost
23413,2022-02-28,0.08107009,XGBoost
23414,2022-02-28,0.07227148,XGBoost
23415,2022-02-28,0.06428007,XGBoost
23416,2022-02-28,0.25352117,XGBoost
23417,2022-02-28,0.08330092,XGBoost
23418,2022-02-28,0.07928393,XGBoost
23419,2022-02-28,0.08369347,XGBoost
2342,2022-02-28,0.082874924,XGBoost
23420,2022-02-28,0.23156776,XGBoost
23421,2022-02-28,0.06754768,XGBoost
23422,2022-02-28,0.088257305,XGBoost
23423,2022-02-28,0.08929713,XGBoost
23424,2022-02-28,0.24726981,XGBoost
23425,2022-02-28,0.0846838,XGBoost
23426,2022-02-28,0.07497794,XGBoost
23427,2022-02-28,0.22773488,XGBoost
23428,2022-02-28,0.24046367,XGBoost
23429,2022-02-28,0.082629874,XGBoost
2343,2022-02-28,0.073059216,XGBoost
23430,2022-02-28,0.25779593,XGBoost
23431,2022-02-28,0.07841018,XGBoost
23432,2022-02-28,0.21996437,XGBoost
23433,2022-02-28,0.24250685,XGBoost
23434,2022-02-28,0.078043036,XGBoost
23435,2022-02-28,0.08300927,XGBoost
23436,2022-02-28,0.23595598,XGBoost
23437,2022-02-28,0.2514526,XGBoost
23438,2022-02-28,0.07045143,XGBoost
23439,2022-02-28,0.07771129,XGBoost
2344,2022-02-28,0.24639167,XGBoost
23440,2022-02-28,0.08502968,XGBoost
23441,2022-02-28,0.2344752,XGBoost
23442,2022-02-28,0.22197641,XGBoost
23443,2022-02-28,0.08476157,XGBoost
23444,2022-02-28,0.06843058,XGBoost
23445,2022-02-28,0.08631453,XGBoost
23446,2022-02-28,0.07767195,XGBoost
23447,2022-02-28,0.082081944,XGBoost
23448,2022-02-28,0.23545437,XGBoost
23449,2022-02-28,0.24062616,XGBoost
2345,2022-02-28,0.076273754,XGBoost
23450,2022-02-28,0.22953129,XGBoost
23451,2022-02-28,0.24402481,XGBoost
23452,2022-02-28,0.06386797,XGBoost
23453,2022-02-28,0.08309626,XGBoost
23454,2022-02-28,0.23073593,XGBoost
23455,2022-02-28,0.22794756,XGBoost
23456,2022-02-28,0.084338635,XGBoost
23457,2022-02-28,0.08654772,XGBoost
23458,2022-02-28,0.2260173,XGBoost
23459,2022-02-28,0.0842808,XGBoost
2346,2022-02-28,0.22611941,XGBoost
23460,2022-02-28,0.22902417,XGBoost
23461,2022-02-28,0.08323895,XGBoost
23462,2022-02-28,0.24646212,XGBoost
23463,2022-02-28,0.25427818,XGBoost
23464,2022-02-28,0.07799,XGBoost
23465,2022-02-28,0.23996393,XGBoost
23466,2022-02-28,0.22891743,XGBoost
23467,2022-02-28,0.07838819,XGBoost
23468,2022-02-28,0.21799442,XGBoost
23469,2022-02-28,0.0788299,XGBoost
2347,2022-02-28,0.25650144,XGBoost
23470,2022-02-28,0.08612253,XGBoost
23471,2022-02-28,0.08113638,XGBoost
23472,2022-02-28,0.08526341,XGBoost
23473,2022-02-28,0.082211375,XGBoost
23474,2022-02-28,0.08896904,XGBoost
23475,2022-02-28,0.22360055,XGBoost
23476,2022-02-28,0.09381453,XGBoost
23477,2022-02-28,0.086655214,XGBoost
23478,2022-02-28,0.06511842,XGBoost
23479,2022-02-28,0.21074088,XGBoost
2348,2022-02-28,0.22096501,XGBoost
23480,2022-02-28,0.22722894,XGBoost
23481,2022-02-28,0.07967889,XGBoost
23482,2022-02-28,0.079180904,XGBoost
23483,2022-02-28,0.22376722,XGBoost
23484,2022-02-28,0.21875323,XGBoost
23485,2022-02-28,0.08537566,XGBoost
23486,2022-02-28,0.23006922,XGBoost
23487,2022-02-28,0.0997955,XGBoost
23488,2022-02-28,0.0703594,XGBoost
23489,2022-02-28,0.08692271,XGBoost
2349,2022-02-28,0.20985082,XGBoost
23490,2022-02-28,0.081780806,XGBoost
23491,2022-02-28,0.24624363,XGBoost
23492,2022-02-28,0.2208954,XGBoost
23493,2022-02-28,0.0826946,XGBoost
23494,2022-02-28,0.07643421,XGBoost
23495,2022-02-28,0.22789364,XGBoost
23496,2022-02-28,0.06901522,XGBoost
23497,2022-02-28,0.086749434,XGBoost
23498,2022-02-28,0.20526552,XGBoost
23499,2022-02-28,0.08398728,XGBoost
235,2022-02-28,0.08932357,XGBoost
2350,2022-02-28,0.22622576,XGBoost
23500,2022-02-28,0.07908677,XGBoost
23501,2022-02-28,0.0837871,XGBoost
23502,2022-02-28,0.21493419,XGBoost
23503,2022-02-28,0.2175794,XGBoost
23504,2022-02-28,0.2383493,XGBoost
23505,2022-02-28,0.25805917,XGBoost
23506,2022-02-28,0.08427443,XGBoost
23507,2022-02-28,0.080109715,XGBoost
23508,2022-02-28,0.07840345,XGBoost
23509,2022-02-28,0.073614694,XGBoost
2351,2022-02-28,0.084301375,XGBoost
23510,2022-02-28,0.21764114,XGBoost
23511,2022-02-28,0.24952514,XGBoost
23512,2022-02-28,0.08305635,XGBoost
23513,2022-02-28,0.077018775,XGBoost
23514,2022-02-28,0.08453736,XGBoost
23515,2022-02-28,0.08409277,XGBoost
23516,2022-02-28,0.19861645,XGBoost
23517,2022-02-28,0.08533576,XGBoost
23518,2022-02-28,0.08610991,XGBoost
23519,2022-02-28,0.22368231,XGBoost
2352,2022-02-28,0.21444978,XGBoost
23520,2022-02-28,0.08563544,XGBoost
23521,2022-02-28,0.22678207,XGBoost
23522,2022-02-28,0.079569235,XGBoost
23523,2022-02-28,0.30725256,XGBoost
23524,2022-02-28,0.06771046,XGBoost
23525,2022-02-28,0.23054202,XGBoost
23526,2022-02-28,0.24404027,XGBoost
23527,2022-02-28,0.0823145,XGBoost
23528,2022-02-28,0.08092317,XGBoost
23529,2022-02-28,0.23078512,XGBoost
2353,2022-02-28,0.087992094,XGBoost
23530,2022-02-28,0.08428062,XGBoost
23531,2022-02-28,0.08849019,XGBoost
23532,2022-02-28,0.07115844,XGBoost
23533,2022-02-28,0.23948306,XGBoost
23534,2022-02-28,0.07857782,XGBoost
23535,2022-02-28,0.07926863,XGBoost
23536,2022-02-28,0.22281656,XGBoost
23537,2022-02-28,0.23228264,XGBoost
23538,2022-02-28,0.074227326,XGBoost
23539,2022-02-28,0.25217918,XGBoost
2354,2022-02-28,0.0865223,XGBoost
23540,2022-02-28,0.088352546,XGBoost
23541,2022-02-28,0.071465835,XGBoost
23542,2022-02-28,0.07736321,XGBoost
23543,2022-02-28,0.21244904,XGBoost
23544,2022-02-28,0.23454884,XGBoost
23545,2022-02-28,0.07170821,XGBoost
23546,2022-02-28,0.20673637,XGBoost
23547,2022-02-28,0.077310376,XGBoost
23548,2022-02-28,0.080661185,XGBoost
23549,2022-02-28,0.22799635,XGBoost
2355,2022-02-28,0.08572629,XGBoost
23550,2022-02-28,0.08275731,XGBoost
23551,2022-02-28,0.085263185,XGBoost
23552,2022-02-28,0.23526396,XGBoost
23553,2022-02-28,0.08809764,XGBoost
23554,2022-02-28,0.07423045,XGBoost
23555,2022-02-28,0.081395775,XGBoost
23556,2022-02-28,0.24971652,XGBoost
23557,2022-02-28,0.08480746,XGBoost
23558,2022-02-28,0.08598676,XGBoost
23559,2022-02-28,0.23943968,XGBoost
2356,2022-02-28,0.07961922,XGBoost
23560,2022-02-28,0.23429786,XGBoost
23561,2022-02-28,0.21644612,XGBoost
23562,2022-02-28,0.22496533,XGBoost
23563,2022-02-28,0.08346252,XGBoost
23564,2022-02-28,0.23805036,XGBoost
23565,2022-02-28,0.08737102,XGBoost
23566,2022-02-28,0.24045305,XGBoost
23567,2022-02-28,0.076278776,XGBoost
23568,2022-02-28,0.21971315,XGBoost
23569,2022-02-28,0.22670962,XGBoost
2357,2022-02-28,0.0753346,XGBoost
23570,2022-02-28,0.07380139,XGBoost
23571,2022-02-28,0.0825141,XGBoost
23572,2022-02-28,0.22753853,XGBoost
23573,2022-02-28,0.086310215,XGBoost
23574,2022-02-28,0.07311993,XGBoost
23575,2022-02-28,0.08545609,XGBoost
23576,2022-02-28,0.07315527,XGBoost
23577,2022-02-28,0.23500676,XGBoost
23578,2022-02-28,0.0849097,XGBoost
23579,2022-02-28,0.077770844,XGBoost
2358,2022-02-28,0.23178624,XGBoost
23580,2022-02-28,0.08520889,XGBoost
23581,2022-02-28,0.21742223,XGBoost
23582,2022-02-28,0.085640945,XGBoost
23583,2022-02-28,0.0792198,XGBoost
23584,2022-02-28,0.25579235,XGBoost
23585,2022-02-28,0.0810982,XGBoost
23586,2022-02-28,0.07969165,XGBoost
23587,2022-02-28,0.08835449,XGBoost
23588,2022-02-28,0.22620058,XGBoost
23589,2022-02-28,0.07651184,XGBoost
2359,2022-02-28,0.22384448,XGBoost
23590,2022-02-28,0.20587654,XGBoost
23591,2022-02-28,0.23978005,XGBoost
23592,2022-02-28,0.08824143,XGBoost
23593,2022-02-28,0.23444527,XGBoost
23594,2022-02-28,0.085088104,XGBoost
23595,2022-02-28,0.08488491,XGBoost
23596,2022-02-28,0.22359094,XGBoost
23597,2022-02-28,0.21721041,XGBoost
23598,2022-02-28,0.20330416,XGBoost
23599,2022-02-28,0.08707419,XGBoost
236,2022-02-28,0.2246728,XGBoost
2360,2022-02-28,0.07641777,XGBoost
23600,2022-02-28,0.08007188,XGBoost
23601,2022-02-28,0.0874991,XGBoost
23602,2022-02-28,0.071521565,XGBoost
23603,2022-02-28,0.08805017,XGBoost
23604,2022-02-28,0.0654562,XGBoost
23605,2022-02-28,0.21393612,XGBoost
23606,2022-02-28,0.070501424,XGBoost
23607,2022-02-28,0.23171534,XGBoost
23608,2022-02-28,0.23864365,XGBoost
23609,2022-02-28,0.086051516,XGBoost
2361,2022-02-28,0.23637325,XGBoost
23610,2022-02-28,0.08304659,XGBoost
23611,2022-02-28,0.08293483,XGBoost
23612,2022-02-28,0.0840055,XGBoost
23613,2022-02-28,0.22660145,XGBoost
23614,2022-02-28,0.08166269,XGBoost
23615,2022-02-28,0.2158423,XGBoost
23616,2022-02-28,0.0807897,XGBoost
23617,2022-02-28,0.07978083,XGBoost
23618,2022-02-28,0.08336192,XGBoost
23619,2022-02-28,0.20571958,XGBoost
2362,2022-02-28,0.08770571,XGBoost
23620,2022-02-28,0.08525167,XGBoost
23621,2022-02-28,0.07252016,XGBoost
23622,2022-02-28,0.0792382,XGBoost
23623,2022-02-28,0.08383872,XGBoost
23624,2022-02-28,0.24170157,XGBoost
23625,2022-02-28,0.084111646,XGBoost
23626,2022-02-28,0.08492973,XGBoost
23627,2022-02-28,0.23254764,XGBoost
23628,2022-02-28,0.07999284,XGBoost
23629,2022-02-28,0.08145891,XGBoost
2363,2022-02-28,0.086376734,XGBoost
23630,2022-02-28,0.085573494,XGBoost
23631,2022-02-28,0.08129849,XGBoost
23632,2022-02-28,0.21408287,XGBoost
23633,2022-02-28,0.22208416,XGBoost
23634,2022-02-28,0.08480124,XGBoost
23635,2022-02-28,0.078646354,XGBoost
23636,2022-02-28,0.22835922,XGBoost
23637,2022-02-28,0.26000983,XGBoost
23638,2022-02-28,0.24157827,XGBoost
23639,2022-02-28,0.08023297,XGBoost
2364,2022-02-28,0.080415994,XGBoost
23640,2022-02-28,0.1990792,XGBoost
23641,2022-02-28,0.23192789,XGBoost
23642,2022-02-28,0.08748519,XGBoost
23643,2022-02-28,0.08565374,XGBoost
23644,2022-02-28,0.24134684,XGBoost
23645,2022-02-28,0.2365445,XGBoost
23646,2022-02-28,0.082513966,XGBoost
23647,2022-02-28,0.083113685,XGBoost
23648,2022-02-28,0.07044824,XGBoost
23649,2022-02-28,0.084423855,XGBoost
2365,2022-02-28,0.07585485,XGBoost
23650,2022-02-28,0.21482879,XGBoost
23651,2022-02-28,0.08465041,XGBoost
23652,2022-02-28,0.2338153,XGBoost
23653,2022-02-28,0.07675439,XGBoost
23654,2022-02-28,0.076602295,XGBoost
23655,2022-02-28,0.080871336,XGBoost
23656,2022-02-28,0.0832857,XGBoost
23657,2022-02-28,0.2626895,XGBoost
23658,2022-02-28,0.22807287,XGBoost
23659,2022-02-28,0.084879264,XGBoost
2366,2022-02-28,0.07282163,XGBoost
23660,2022-02-28,0.06997695,XGBoost
23661,2022-02-28,0.07760043,XGBoost
23662,2022-02-28,0.22833975,XGBoost
23663,2022-02-28,0.08517738,XGBoost
23664,2022-02-28,0.23606122,XGBoost
23665,2022-02-28,0.23518085,XGBoost
23666,2022-02-28,0.2507521,XGBoost
23667,2022-02-28,0.08164041,XGBoost
23668,2022-02-28,0.085648894,XGBoost
23669,2022-02-28,0.06907933,XGBoost
2367,2022-02-28,0.06419393,XGBoost
23670,2022-02-28,0.20176448,XGBoost
23671,2022-02-28,0.08328064,XGBoost
23672,2022-02-28,0.08571637,XGBoost
23673,2022-02-28,0.08796511,XGBoost
23674,2022-02-28,0.07770327,XGBoost
23675,2022-02-28,0.08135715,XGBoost
23676,2022-02-28,0.081412785,XGBoost
23677,2022-02-28,0.08816411,XGBoost
23678,2022-02-28,0.08046451,XGBoost
23679,2022-02-28,0.23111294,XGBoost
2368,2022-02-28,0.08043673,XGBoost
23680,2022-02-28,0.08290654,XGBoost
23681,2022-02-28,0.22937925,XGBoost
23682,2022-02-28,0.08191607,XGBoost
23683,2022-02-28,0.07849062,XGBoost
23684,2022-02-28,0.08562576,XGBoost
23685,2022-02-28,0.23083141,XGBoost
23686,2022-02-28,0.07814198,XGBoost
23687,2022-02-28,0.21695597,XGBoost
23688,2022-02-28,0.07122897,XGBoost
23689,2022-02-28,0.07164679,XGBoost
2369,2022-02-28,0.22125466,XGBoost
23690,2022-02-28,0.23376147,XGBoost
23691,2022-02-28,0.074366815,XGBoost
23692,2022-02-28,0.2097255,XGBoost
23693,2022-02-28,0.084850885,XGBoost
23694,2022-02-28,0.097204976,XGBoost
23695,2022-02-28,0.08483788,XGBoost
23696,2022-02-28,0.07196438,XGBoost
23697,2022-02-28,0.25821897,XGBoost
23698,2022-02-28,0.22735293,XGBoost
23699,2022-02-28,0.08607214,XGBoost
237,2022-02-28,0.23528717,XGBoost
2370,2022-02-28,0.08451761,XGBoost
23700,2022-02-28,0.072335586,XGBoost
23701,2022-02-28,0.23568408,XGBoost
23702,2022-02-28,0.07387225,XGBoost
23703,2022-02-28,0.07035761,XGBoost
23704,2022-02-28,0.08215866,XGBoost
23705,2022-02-28,0.21950719,XGBoost
23706,2022-02-28,0.0856715,XGBoost
23707,2022-02-28,0.08473002,XGBoost
23708,2022-02-28,0.25002816,XGBoost
23709,2022-02-28,0.08305692,XGBoost
2371,2022-02-28,0.21966347,XGBoost
23710,2022-02-28,0.06894079,XGBoost
23711,2022-02-28,0.08244047,XGBoost
23712,2022-02-28,0.23431724,XGBoost
23713,2022-02-28,0.21025468,XGBoost
23714,2022-02-28,0.2310346,XGBoost
23715,2022-02-28,0.07976243,XGBoost
23716,2022-02-28,0.07857554,XGBoost
23717,2022-02-28,0.09002902,XGBoost
23718,2022-02-28,0.071868874,XGBoost
23719,2022-02-28,0.2158608,XGBoost
2372,2022-02-28,0.23249863,XGBoost
23720,2022-02-28,0.23399353,XGBoost
23721,2022-02-28,0.079715975,XGBoost
23722,2022-02-28,0.07017844,XGBoost
23723,2022-02-28,0.07902845,XGBoost
23724,2022-02-28,0.083184525,XGBoost
23725,2022-02-28,0.08321573,XGBoost
23726,2022-02-28,0.08258331,XGBoost
23727,2022-02-28,0.07670534,XGBoost
23728,2022-02-28,0.22698107,XGBoost
23729,2022-02-28,0.22649181,XGBoost
2373,2022-02-28,0.08219212,XGBoost
23730,2022-02-28,0.22885838,XGBoost
23731,2022-02-28,0.08420785,XGBoost
23732,2022-02-28,0.070874296,XGBoost
23733,2022-02-28,0.21355496,XGBoost
23734,2022-02-28,0.0823918,XGBoost
23735,2022-02-28,0.082632676,XGBoost
23736,2022-02-28,0.077258274,XGBoost
23737,2022-02-28,0.08120053,XGBoost
23738,2022-02-28,0.22789198,XGBoost
23739,2022-02-28,0.08097464,XGBoost
2374,2022-02-28,0.23628737,XGBoost
23740,2022-02-28,0.22051696,XGBoost
23741,2022-02-28,0.08542588,XGBoost
23742,2022-02-28,0.07942221,XGBoost
23743,2022-02-28,0.07073524,XGBoost
23744,2022-02-28,0.2239505,XGBoost
23745,2022-02-28,0.06977449,XGBoost
23746,2022-02-28,0.079296276,XGBoost
23747,2022-02-28,0.20691943,XGBoost
23748,2022-02-28,0.07088896,XGBoost
23749,2022-02-28,0.083160095,XGBoost
2375,2022-02-28,0.22585559,XGBoost
23750,2022-02-28,0.09090738,XGBoost
23751,2022-02-28,0.07095276,XGBoost
23752,2022-02-28,0.22325368,XGBoost
23753,2022-02-28,0.23864548,XGBoost
23754,2022-02-28,0.07867296,XGBoost
23755,2022-02-28,0.06576546,XGBoost
23756,2022-02-28,0.07768311,XGBoost
23757,2022-02-28,0.25807,XGBoost
23758,2022-02-28,0.07156093,XGBoost
23759,2022-02-28,0.19597675,XGBoost
2376,2022-02-28,0.21991271,XGBoost
23760,2022-02-28,0.082345575,XGBoost
23761,2022-02-28,0.09035931,XGBoost
23762,2022-02-28,0.0819971,XGBoost
23763,2022-02-28,0.23239952,XGBoost
23764,2022-02-28,0.2472064,XGBoost
23765,2022-02-28,0.0839999,XGBoost
23766,2022-02-28,0.24583106,XGBoost
23767,2022-02-28,0.23530854,XGBoost
23768,2022-02-28,0.084099844,XGBoost
23769,2022-02-28,0.07302437,XGBoost
2377,2022-02-28,0.07010176,XGBoost
23770,2022-02-28,0.08310501,XGBoost
23771,2022-02-28,0.23991023,XGBoost
23772,2022-02-28,0.08213659,XGBoost
23773,2022-02-28,0.078114316,XGBoost
23774,2022-02-28,0.22779766,XGBoost
23775,2022-02-28,0.22269638,XGBoost
23776,2022-02-28,0.25195217,XGBoost
23777,2022-02-28,0.078467295,XGBoost
23778,2022-02-28,0.07132108,XGBoost
23779,2022-02-28,0.07916561,XGBoost
2378,2022-02-28,0.08553444,XGBoost
23780,2022-02-28,0.08444733,XGBoost
23781,2022-02-28,0.20849025,XGBoost
23782,2022-02-28,0.20961484,XGBoost
23783,2022-02-28,0.22687785,XGBoost
23784,2022-02-28,0.23049565,XGBoost
23785,2022-02-28,0.25278586,XGBoost
23786,2022-02-28,0.088259436,XGBoost
23787,2022-02-28,0.07227311,XGBoost
23788,2022-02-28,0.2505395,XGBoost
23789,2022-02-28,0.23071656,XGBoost
2379,2022-02-28,0.22807996,XGBoost
23790,2022-02-28,0.20595051,XGBoost
23791,2022-02-28,0.21790035,XGBoost
23792,2022-02-28,0.23520051,XGBoost
23793,2022-02-28,0.2274723,XGBoost
23794,2022-02-28,0.07588041,XGBoost
23795,2022-02-28,0.0669189,XGBoost
23796,2022-02-28,0.19554484,XGBoost
23797,2022-02-28,0.07770373,XGBoost
23798,2022-02-28,0.21611583,XGBoost
23799,2022-02-28,0.23697187,XGBoost
238,2022-02-28,0.22251663,XGBoost
2380,2022-02-28,0.21421169,XGBoost
23800,2022-02-28,0.08353808,XGBoost
23801,2022-02-28,0.086155176,XGBoost
23802,2022-02-28,0.084059305,XGBoost
23803,2022-02-28,0.23122542,XGBoost
23804,2022-02-28,0.22931552,XGBoost
23805,2022-02-28,0.085641846,XGBoost
23806,2022-02-28,0.07480548,XGBoost
23807,2022-02-28,0.08090307,XGBoost
23808,2022-02-28,0.08078688,XGBoost
23809,2022-02-28,0.06467348,XGBoost
2381,2022-02-28,0.20873861,XGBoost
23810,2022-02-28,0.07281802,XGBoost
23811,2022-02-28,0.084420286,XGBoost
23812,2022-02-28,0.24831966,XGBoost
23813,2022-02-28,0.07868167,XGBoost
23814,2022-02-28,0.080449,XGBoost
23815,2022-02-28,0.085432336,XGBoost
23816,2022-02-28,0.07878227,XGBoost
23817,2022-02-28,0.08537943,XGBoost
23818,2022-02-28,0.085573986,XGBoost
23819,2022-02-28,0.21234909,XGBoost
2382,2022-02-28,0.22040164,XGBoost
23820,2022-02-28,0.084141575,XGBoost
23821,2022-02-28,0.07867824,XGBoost
23822,2022-02-28,0.22752753,XGBoost
23823,2022-02-28,0.0797044,XGBoost
23824,2022-02-28,0.071634166,XGBoost
23825,2022-02-28,0.20093775,XGBoost
23826,2022-02-28,0.08207477,XGBoost
23827,2022-02-28,0.077967495,XGBoost
23828,2022-02-28,0.08495636,XGBoost
23829,2022-02-28,0.08965762,XGBoost
2383,2022-02-28,0.2216275,XGBoost
23830,2022-02-28,0.08687666,XGBoost
23831,2022-02-28,0.077449895,XGBoost
23832,2022-02-28,0.08511852,XGBoost
23833,2022-02-28,0.20580316,XGBoost
23834,2022-02-28,0.08591968,XGBoost
23835,2022-02-28,0.07640077,XGBoost
23836,2022-02-28,0.07988899,XGBoost
23837,2022-02-28,0.08305983,XGBoost
23838,2022-02-28,0.078884885,XGBoost
23839,2022-02-28,0.23733206,XGBoost
2384,2022-02-28,0.25551826,XGBoost
23840,2022-02-28,0.08674069,XGBoost
23841,2022-02-28,0.08600383,XGBoost
23842,2022-02-28,0.068893135,XGBoost
23843,2022-02-28,0.22197637,XGBoost
23844,2022-02-28,0.07273005,XGBoost
23845,2022-02-28,0.071171306,XGBoost
23846,2022-02-28,0.08245954,XGBoost
23847,2022-02-28,0.21930279,XGBoost
23848,2022-02-28,0.07929828,XGBoost
23849,2022-02-28,0.08261956,XGBoost
2385,2022-02-28,0.06976175,XGBoost
23850,2022-02-28,0.07663716,XGBoost
23851,2022-02-28,0.23837548,XGBoost
23852,2022-02-28,0.07808213,XGBoost
23853,2022-02-28,0.20325206,XGBoost
23854,2022-02-28,0.08623302,XGBoost
23855,2022-02-28,0.083338894,XGBoost
23856,2022-02-28,0.20915422,XGBoost
23857,2022-02-28,0.07163554,XGBoost
23858,2022-02-28,0.08686823,XGBoost
23859,2022-02-28,0.07571295,XGBoost
2386,2022-02-28,0.2456209,XGBoost
23860,2022-02-28,0.086975135,XGBoost
23861,2022-02-28,0.08266512,XGBoost
23862,2022-02-28,0.07922479,XGBoost
23863,2022-02-28,0.23031886,XGBoost
23864,2022-02-28,0.2361448,XGBoost
23865,2022-02-28,0.23533474,XGBoost
23866,2022-02-28,0.070277676,XGBoost
23867,2022-02-28,0.08020138,XGBoost
23868,2022-02-28,0.08492308,XGBoost
23869,2022-02-28,0.24393885,XGBoost
2387,2022-02-28,0.078875355,XGBoost
23870,2022-02-28,0.08991752,XGBoost
23871,2022-02-28,0.088269934,XGBoost
23872,2022-02-28,0.08435373,XGBoost
23873,2022-02-28,0.24036074,XGBoost
23874,2022-02-28,0.06714457,XGBoost
23875,2022-02-28,0.23083332,XGBoost
23876,2022-02-28,0.08075403,XGBoost
23877,2022-02-28,0.085649244,XGBoost
23878,2022-02-28,0.0789444,XGBoost
23879,2022-02-28,0.064529255,XGBoost
2388,2022-02-28,0.081757344,XGBoost
23880,2022-02-28,0.22940843,XGBoost
23881,2022-02-28,0.2323854,XGBoost
23882,2022-02-28,0.21887483,XGBoost
23883,2022-02-28,0.08991424,XGBoost
23884,2022-02-28,0.07058462,XGBoost
23885,2022-02-28,0.0785446,XGBoost
23886,2022-02-28,0.21376865,XGBoost
23887,2022-02-28,0.078548476,XGBoost
23888,2022-02-28,0.08495144,XGBoost
23889,2022-02-28,0.081994705,XGBoost
2389,2022-02-28,0.08074066,XGBoost
23890,2022-02-28,0.07277581,XGBoost
23891,2022-02-28,0.23443764,XGBoost
23892,2022-02-28,0.08352086,XGBoost
23893,2022-02-28,0.07921562,XGBoost
23894,2022-02-28,0.23373125,XGBoost
23895,2022-02-28,0.24320735,XGBoost
23896,2022-02-28,0.08021842,XGBoost
23897,2022-02-28,0.21868233,XGBoost
23898,2022-02-28,0.22080079,XGBoost
23899,2022-02-28,0.222647,XGBoost
239,2022-02-28,0.23117627,XGBoost
2390,2022-02-28,0.214372,XGBoost
23900,2022-02-28,0.08302583,XGBoost
23901,2022-02-28,0.20939757,XGBoost
23902,2022-02-28,0.08260588,XGBoost
23903,2022-02-28,0.06826028,XGBoost
23904,2022-02-28,0.084973246,XGBoost
23905,2022-02-28,0.23348995,XGBoost
23906,2022-02-28,0.23721237,XGBoost
23907,2022-02-28,0.22752392,XGBoost
23908,2022-02-28,0.2215198,XGBoost
23909,2022-02-28,0.08681823,XGBoost
2391,2022-02-28,0.22656263,XGBoost
23910,2022-02-28,0.07383573,XGBoost
23911,2022-02-28,0.07486644,XGBoost
23912,2022-02-28,0.08388728,XGBoost
23913,2022-02-28,0.09074781,XGBoost
23914,2022-02-28,0.21691188,XGBoost
23915,2022-02-28,0.08127207,XGBoost
23916,2022-02-28,0.21357317,XGBoost
23917,2022-02-28,0.07734289,XGBoost
23918,2022-02-28,0.086234726,XGBoost
23919,2022-02-28,0.20900409,XGBoost
2392,2022-02-28,0.23885788,XGBoost
23920,2022-02-28,0.08113072,XGBoost
23921,2022-02-28,0.20768975,XGBoost
23922,2022-02-28,0.2119533,XGBoost
23923,2022-02-28,0.08459929,XGBoost
23924,2022-02-28,0.24912876,XGBoost
23925,2022-02-28,0.080137044,XGBoost
23926,2022-02-28,0.0776625,XGBoost
23927,2022-02-28,0.084546745,XGBoost
23928,2022-02-28,0.0720006,XGBoost
23929,2022-02-28,0.083414204,XGBoost
2393,2022-02-28,0.080872595,XGBoost
23930,2022-02-28,0.22481206,XGBoost
23931,2022-02-28,0.079030044,XGBoost
23932,2022-02-28,0.20793116,XGBoost
23933,2022-02-28,0.08230122,XGBoost
23934,2022-02-28,0.22571754,XGBoost
23935,2022-02-28,0.07283909,XGBoost
23936,2022-02-28,0.072707176,XGBoost
23937,2022-02-28,0.23013242,XGBoost
23938,2022-02-28,0.22196823,XGBoost
23939,2022-02-28,0.08469896,XGBoost
2394,2022-02-28,0.084698066,XGBoost
23940,2022-02-28,0.089661546,XGBoost
23941,2022-02-28,0.08088993,XGBoost
23942,2022-02-28,0.06843839,XGBoost
23943,2022-02-28,0.23856717,XGBoost
23944,2022-02-28,0.08526474,XGBoost
23945,2022-02-28,0.081647664,XGBoost
23946,2022-02-28,0.08269515,XGBoost
23947,2022-02-28,0.08246359,XGBoost
23948,2022-02-28,0.21228328,XGBoost
23949,2022-02-28,0.08542343,XGBoost
2395,2022-02-28,0.06868193,XGBoost
23950,2022-02-28,0.09003314,XGBoost
23951,2022-02-28,0.25213304,XGBoost
23952,2022-02-28,0.21837649,XGBoost
23953,2022-02-28,0.08570026,XGBoost
23954,2022-02-28,0.24366081,XGBoost
23955,2022-02-28,0.08204185,XGBoost
23956,2022-02-28,0.23499313,XGBoost
23957,2022-02-28,0.085468605,XGBoost
23958,2022-02-28,0.08739937,XGBoost
23959,2022-02-28,0.07238976,XGBoost
2396,2022-02-28,0.098463245,XGBoost
23960,2022-02-28,0.22893886,XGBoost
23961,2022-02-28,0.20913221,XGBoost
23962,2022-02-28,0.2114831,XGBoost
23963,2022-02-28,0.21820626,XGBoost
23964,2022-02-28,0.08282791,XGBoost
23965,2022-02-28,0.2463419,XGBoost
23966,2022-02-28,0.08428537,XGBoost
23967,2022-02-28,0.23362355,XGBoost
23968,2022-02-28,0.24031328,XGBoost
23969,2022-02-28,0.080848195,XGBoost
2397,2022-02-28,0.08687904,XGBoost
23970,2022-02-28,0.06942737,XGBoost
23971,2022-02-28,0.22644949,XGBoost
23972,2022-02-28,0.2302368,XGBoost
23973,2022-02-28,0.07794366,XGBoost
23974,2022-02-28,0.078287415,XGBoost
23975,2022-02-28,0.084811054,XGBoost
23976,2022-02-28,0.07432255,XGBoost
23977,2022-02-28,0.07683767,XGBoost
23978,2022-02-28,0.077569686,XGBoost
23979,2022-02-28,0.08489178,XGBoost
2398,2022-02-28,0.22748917,XGBoost
23980,2022-02-28,0.069823466,XGBoost
23981,2022-02-28,0.07163516,XGBoost
23982,2022-02-28,0.08721283,XGBoost
23983,2022-02-28,0.2136958,XGBoost
23984,2022-02-28,0.08111989,XGBoost
23985,2022-02-28,0.20810989,XGBoost
23986,2022-02-28,0.08063334,XGBoost
23987,2022-02-28,0.21063444,XGBoost
23988,2022-02-28,0.23657246,XGBoost
23989,2022-02-28,0.08179349,XGBoost
2399,2022-02-28,0.23370706,XGBoost
23990,2022-02-28,0.2354124,XGBoost
23991,2022-02-28,0.08524832,XGBoost
23992,2022-02-28,0.07326256,XGBoost
23993,2022-02-28,0.0863374,XGBoost
23994,2022-02-28,0.08503768,XGBoost
23995,2022-02-28,0.23802802,XGBoost
23996,2022-02-28,0.08139747,XGBoost
23997,2022-02-28,0.071183756,XGBoost
23998,2022-02-28,0.22292404,XGBoost
23999,2022-02-28,0.069806054,XGBoost
24,2022-02-28,0.0866336,XGBoost
240,2022-02-28,0.078072585,XGBoost
2400,2022-02-28,0.08518683,XGBoost
24000,2022-02-28,0.084665164,XGBoost
24001,2022-02-28,0.23694597,XGBoost
24002,2022-02-28,0.07818434,XGBoost
24003,2022-02-28,0.2317324,XGBoost
24004,2022-02-28,0.07045414,XGBoost
24005,2022-02-28,0.08623327,XGBoost
24006,2022-02-28,0.24595213,XGBoost
24007,2022-02-28,0.08068444,XGBoost
24008,2022-02-28,0.08226518,XGBoost
24009,2022-02-28,0.0847303,XGBoost
2401,2022-02-28,0.22969745,XGBoost
24010,2022-02-28,0.23721947,XGBoost
24011,2022-02-28,0.22617699,XGBoost
24012,2022-02-28,0.20530608,XGBoost
24013,2022-02-28,0.07938584,XGBoost
24014,2022-02-28,0.073865496,XGBoost
24015,2022-02-28,0.07597076,XGBoost
24016,2022-02-28,0.08488597,XGBoost
24017,2022-02-28,0.21633951,XGBoost
24018,2022-02-28,0.0823869,XGBoost
24019,2022-02-28,0.07648888,XGBoost
2402,2022-02-28,0.0739199,XGBoost
24020,2022-02-28,0.23898298,XGBoost
24021,2022-02-28,0.07797554,XGBoost
24022,2022-02-28,0.23020433,XGBoost
24023,2022-02-28,0.24649508,XGBoost
24024,2022-02-28,0.082946986,XGBoost
24025,2022-02-28,0.08423222,XGBoost
24026,2022-02-28,0.23056746,XGBoost
24027,2022-02-28,0.2369814,XGBoost
24028,2022-02-28,0.23507406,XGBoost
24029,2022-02-28,0.085266806,XGBoost
2403,2022-02-28,0.089919895,XGBoost
24030,2022-02-28,0.2029948,XGBoost
24031,2022-02-28,0.07724264,XGBoost
24032,2022-02-28,0.08786381,XGBoost
24033,2022-02-28,0.21946721,XGBoost
24034,2022-02-28,0.07994045,XGBoost
24035,2022-02-28,0.08537951,XGBoost
24036,2022-02-28,0.08668527,XGBoost
24037,2022-02-28,0.23600517,XGBoost
24038,2022-02-28,0.23810945,XGBoost
24039,2022-02-28,0.070086256,XGBoost
2404,2022-02-28,0.21944799,XGBoost
24040,2022-02-28,0.08576005,XGBoost
24041,2022-02-28,0.20230041,XGBoost
24042,2022-02-28,0.22228831,XGBoost
24043,2022-02-28,0.08705068,XGBoost
24044,2022-02-28,0.24388978,XGBoost
24045,2022-02-28,0.20957163,XGBoost
24046,2022-02-28,0.07356315,XGBoost
24047,2022-02-28,0.06792152,XGBoost
24048,2022-02-28,0.08646584,XGBoost
24049,2022-02-28,0.085158944,XGBoost
2405,2022-02-28,0.2418391,XGBoost
24050,2022-02-28,0.07906582,XGBoost
24051,2022-02-28,0.21787703,XGBoost
24052,2022-02-28,0.265261,XGBoost
24053,2022-02-28,0.07744589,XGBoost
24054,2022-02-28,0.23478301,XGBoost
24055,2022-02-28,0.086192235,XGBoost
24056,2022-02-28,0.21696298,XGBoost
24057,2022-02-28,0.2066165,XGBoost
24058,2022-02-28,0.06999633,XGBoost
24059,2022-02-28,0.08691294,XGBoost
2406,2022-02-28,0.071483605,XGBoost
24060,2022-02-28,0.07077834,XGBoost
24061,2022-02-28,0.0862718,XGBoost
24062,2022-02-28,0.085569315,XGBoost
24063,2022-02-28,0.08559017,XGBoost
24064,2022-02-28,0.08146548,XGBoost
24065,2022-02-28,0.253421,XGBoost
24066,2022-02-28,0.087521754,XGBoost
24067,2022-02-28,0.081298836,XGBoost
24068,2022-02-28,0.08442712,XGBoost
24069,2022-02-28,0.24561039,XGBoost
2407,2022-02-28,0.08853996,XGBoost
24070,2022-02-28,0.24217154,XGBoost
24071,2022-02-28,0.25538227,XGBoost
24072,2022-02-28,0.081780285,XGBoost
24073,2022-02-28,0.24286862,XGBoost
24074,2022-02-28,0.08508527,XGBoost
24075,2022-02-28,0.08269278,XGBoost
24076,2022-02-28,0.07866918,XGBoost
24077,2022-02-28,0.08476121,XGBoost
24078,2022-02-28,0.08306667,XGBoost
24079,2022-02-28,0.0795295,XGBoost
2408,2022-02-28,0.22283876,XGBoost
24080,2022-02-28,0.08121835,XGBoost
24081,2022-02-28,0.2237252,XGBoost
2409,2022-02-28,0.08165528,XGBoost
241,2022-02-28,0.2275857,XGBoost
2410,2022-02-28,0.21770094,XGBoost
2411,2022-02-28,0.07762311,XGBoost
2412,2022-02-28,0.07912597,XGBoost
2413,2022-02-28,0.081383325,XGBoost
2414,2022-02-28,0.083670065,XGBoost
2415,2022-02-28,0.23487982,XGBoost
2416,2022-02-28,0.076640405,XGBoost
2417,2022-02-28,0.24791543,XGBoost
2418,2022-02-28,0.24436808,XGBoost
2419,2022-02-28,0.06743645,XGBoost
242,2022-02-28,0.2540498,XGBoost
2420,2022-02-28,0.21815865,XGBoost
2421,2022-02-28,0.08009559,XGBoost
2422,2022-02-28,0.076877795,XGBoost
2423,2022-02-28,0.24965338,XGBoost
2424,2022-02-28,0.24368183,XGBoost
2425,2022-02-28,0.08183677,XGBoost
2426,2022-02-28,0.08565213,XGBoost
2427,2022-02-28,0.23189314,XGBoost
2428,2022-02-28,0.084166974,XGBoost
2429,2022-02-28,0.070595115,XGBoost
243,2022-02-28,0.07844022,XGBoost
2430,2022-02-28,0.084366545,XGBoost
2431,2022-02-28,0.082887515,XGBoost
2432,2022-02-28,0.083315484,XGBoost
2433,2022-02-28,0.081921436,XGBoost
2434,2022-02-28,0.07368025,XGBoost
2435,2022-02-28,0.077306874,XGBoost
2436,2022-02-28,0.06945629,XGBoost
2437,2022-02-28,0.21040799,XGBoost
2438,2022-02-28,0.086516045,XGBoost
2439,2022-02-28,0.07652507,XGBoost
244,2022-02-28,0.22602224,XGBoost
2440,2022-02-28,0.080457166,XGBoost
2441,2022-02-28,0.23371446,XGBoost
2442,2022-02-28,0.08153998,XGBoost
2443,2022-02-28,0.25219065,XGBoost
2444,2022-02-28,0.08649991,XGBoost
2445,2022-02-28,0.085756235,XGBoost
2446,2022-02-28,0.07023364,XGBoost
2447,2022-02-28,0.08443285,XGBoost
2448,2022-02-28,0.21513388,XGBoost
2449,2022-02-28,0.23847108,XGBoost
245,2022-02-28,0.24144556,XGBoost
2450,2022-02-28,0.077327676,XGBoost
2451,2022-02-28,0.07870051,XGBoost
2452,2022-02-28,0.070118524,XGBoost
2453,2022-02-28,0.22443017,XGBoost
2454,2022-02-28,0.23263057,XGBoost
2455,2022-02-28,0.24214838,XGBoost
2456,2022-02-28,0.08284469,XGBoost
2457,2022-02-28,0.24273528,XGBoost
2458,2022-02-28,0.08666452,XGBoost
2459,2022-02-28,0.080107145,XGBoost
246,2022-02-28,0.2435817,XGBoost
2460,2022-02-28,0.24565898,XGBoost
2461,2022-02-28,0.087382995,XGBoost
2462,2022-02-28,0.06389056,XGBoost
2463,2022-02-28,0.20343804,XGBoost
2464,2022-02-28,0.21818715,XGBoost
2465,2022-02-28,0.23258182,XGBoost
2466,2022-02-28,0.2139422,XGBoost
2467,2022-02-28,0.2458211,XGBoost
2468,2022-02-28,0.23917992,XGBoost
2469,2022-02-28,0.083191626,XGBoost
247,2022-02-28,0.19878237,XGBoost
2470,2022-02-28,0.21114045,XGBoost
2471,2022-02-28,0.07760335,XGBoost
2472,2022-02-28,0.08274702,XGBoost
2473,2022-02-28,0.07699119,XGBoost
2474,2022-02-28,0.081066206,XGBoost
2475,2022-02-28,0.080647975,XGBoost
2476,2022-02-28,0.24144918,XGBoost
2477,2022-02-28,0.08622473,XGBoost
2478,2022-02-28,0.20555986,XGBoost
2479,2022-02-28,0.07845804,XGBoost
248,2022-02-28,0.21678995,XGBoost
2480,2022-02-28,0.086249895,XGBoost
2481,2022-02-28,0.08633045,XGBoost
2482,2022-02-28,0.07700011,XGBoost
2483,2022-02-28,0.07122568,XGBoost
2484,2022-02-28,0.2064844,XGBoost
2485,2022-02-28,0.085943855,XGBoost
2486,2022-02-28,0.23673476,XGBoost
2487,2022-02-28,0.08874643,XGBoost
2488,2022-02-28,0.08411163,XGBoost
2489,2022-02-28,0.078180596,XGBoost
249,2022-02-28,0.08137062,XGBoost
2490,2022-02-28,0.08163553,XGBoost
2491,2022-02-28,0.07542596,XGBoost
2492,2022-02-28,0.23296492,XGBoost
2493,2022-02-28,0.25734225,XGBoost
2494,2022-02-28,0.07901243,XGBoost
2495,2022-02-28,0.088519394,XGBoost
2496,2022-02-28,0.2319985,XGBoost
2497,2022-02-28,0.08233456,XGBoost
2498,2022-02-28,0.084160514,XGBoost
2499,2022-02-28,0.24785489,XGBoost
25,2022-02-28,0.24122323,XGBoost
250,2022-02-28,0.07932615,XGBoost
2500,2022-02-28,0.22118022,XGBoost
2501,2022-02-28,0.08072147,XGBoost
2502,2022-02-28,0.23359811,XGBoost
2503,2022-02-28,0.08710808,XGBoost
2504,2022-02-28,0.24421766,XGBoost
2505,2022-02-28,0.08608807,XGBoost
2506,2022-02-28,0.07736765,XGBoost
2507,2022-02-28,0.21573833,XGBoost
2508,2022-02-28,0.25120658,XGBoost
2509,2022-02-28,0.22667426,XGBoost
251,2022-02-28,0.19953188,XGBoost
2510,2022-02-28,0.22819717,XGBoost
2511,2022-02-28,0.1194664,XGBoost
2512,2022-02-28,0.20719609,XGBoost
2513,2022-02-28,0.22277917,XGBoost
2514,2022-02-28,0.08267425,XGBoost
2515,2022-02-28,0.24668595,XGBoost
2516,2022-02-28,0.07711454,XGBoost
2517,2022-02-28,0.24255498,XGBoost
2518,2022-02-28,0.08620122,XGBoost
2519,2022-02-28,0.08663959,XGBoost
252,2022-02-28,0.08538809,XGBoost
2520,2022-02-28,0.2233489,XGBoost
2521,2022-02-28,0.2408602,XGBoost
2522,2022-02-28,0.08777438,XGBoost
2523,2022-02-28,0.07265215,XGBoost
2524,2022-02-28,0.063950285,XGBoost
2525,2022-02-28,0.07071873,XGBoost
2526,2022-02-28,0.07999789,XGBoost
2527,2022-02-28,0.21836315,XGBoost
2528,2022-02-28,0.21214715,XGBoost
2529,2022-02-28,0.24659689,XGBoost
253,2022-02-28,0.2221739,XGBoost
2530,2022-02-28,0.21573673,XGBoost
2531,2022-02-28,0.22168769,XGBoost
2532,2022-02-28,0.21593459,XGBoost
2533,2022-02-28,0.2536783,XGBoost
2534,2022-02-28,0.08559635,XGBoost
2535,2022-02-28,0.2303269,XGBoost
2536,2022-02-28,0.24638884,XGBoost
2537,2022-02-28,0.25067434,XGBoost
2538,2022-02-28,0.07376771,XGBoost
2539,2022-02-28,0.07761194,XGBoost
254,2022-02-28,0.076634385,XGBoost
2540,2022-02-28,0.2081726,XGBoost
2541,2022-02-28,0.0855849,XGBoost
2542,2022-02-28,0.19933477,XGBoost
2543,2022-02-28,0.23918632,XGBoost
2544,2022-02-28,0.21452375,XGBoost
2545,2022-02-28,0.24956849,XGBoost
2546,2022-02-28,0.19441424,XGBoost
2547,2022-02-28,0.0839015,XGBoost
2548,2022-02-28,0.08312648,XGBoost
2549,2022-02-28,0.07807513,XGBoost
255,2022-02-28,0.074486114,XGBoost
2550,2022-02-28,0.07066538,XGBoost
2551,2022-02-28,0.24238592,XGBoost
2552,2022-02-28,0.2509482,XGBoost
2553,2022-02-28,0.07773867,XGBoost
2554,2022-02-28,0.070482664,XGBoost
2555,2022-02-28,0.22494777,XGBoost
2556,2022-02-28,0.06878812,XGBoost
2557,2022-02-28,0.23713686,XGBoost
2558,2022-02-28,0.22113238,XGBoost
2559,2022-02-28,0.07981765,XGBoost
256,2022-02-28,0.071952224,XGBoost
2560,2022-02-28,0.22689869,XGBoost
2561,2022-02-28,0.08829443,XGBoost
2562,2022-02-28,0.06467534,XGBoost
2563,2022-02-28,0.083382614,XGBoost
2564,2022-02-28,0.065447465,XGBoost
2565,2022-02-28,0.08590038,XGBoost
2566,2022-02-28,0.2063352,XGBoost
2567,2022-02-28,0.20669733,XGBoost
2568,2022-02-28,0.086097345,XGBoost
2569,2022-02-28,0.2280584,XGBoost
257,2022-02-28,0.25073713,XGBoost
2570,2022-02-28,0.069066316,XGBoost
2571,2022-02-28,0.22361511,XGBoost
2572,2022-02-28,0.24138424,XGBoost
2573,2022-02-28,0.2464777,XGBoost
2574,2022-02-28,0.08813211,XGBoost
2575,2022-02-28,0.08471926,XGBoost
2576,2022-02-28,0.084077924,XGBoost
2577,2022-02-28,0.23181735,XGBoost
2578,2022-02-28,0.22692698,XGBoost
2579,2022-02-28,0.21737647,XGBoost
258,2022-02-28,0.24399734,XGBoost
2580,2022-02-28,0.23297742,XGBoost
2581,2022-02-28,0.0791861,XGBoost
2582,2022-02-28,0.24499531,XGBoost
2583,2022-02-28,0.081874266,XGBoost
2584,2022-02-28,0.22751245,XGBoost
2585,2022-02-28,0.22515395,XGBoost
2586,2022-02-28,0.2182868,XGBoost
2587,2022-02-28,0.24342388,XGBoost
2588,2022-02-28,0.081175596,XGBoost
2589,2022-02-28,0.20131743,XGBoost
259,2022-02-28,0.08483041,XGBoost
2590,2022-02-28,0.23628855,XGBoost
2591,2022-02-28,0.24753736,XGBoost
2592,2022-02-28,0.22167906,XGBoost
2593,2022-02-28,0.22640195,XGBoost
2594,2022-02-28,0.23548786,XGBoost
2595,2022-02-28,0.07921075,XGBoost
2596,2022-02-28,0.06605004,XGBoost
2597,2022-02-28,0.08506063,XGBoost
2598,2022-02-28,0.086047284,XGBoost
2599,2022-02-28,0.08391685,XGBoost
26,2022-02-28,0.08349267,XGBoost
260,2022-02-28,0.23635703,XGBoost
2600,2022-02-28,0.07409784,XGBoost
2601,2022-02-28,0.07685385,XGBoost
2602,2022-02-28,0.085520364,XGBoost
2603,2022-02-28,0.085088275,XGBoost
2604,2022-02-28,0.08213699,XGBoost
2605,2022-02-28,0.0841543,XGBoost
2606,2022-02-28,0.08585818,XGBoost
2607,2022-02-28,0.083801076,XGBoost
2608,2022-02-28,0.08051769,XGBoost
2609,2022-02-28,0.08449355,XGBoost
261,2022-02-28,0.07525312,XGBoost
2610,2022-02-28,0.20907566,XGBoost
2611,2022-02-28,0.073225915,XGBoost
2612,2022-02-28,0.07799422,XGBoost
2613,2022-02-28,0.08715431,XGBoost
2614,2022-02-28,0.22530816,XGBoost
2615,2022-02-28,0.086560525,XGBoost
2616,2022-02-28,0.08520029,XGBoost
2617,2022-02-28,0.23860067,XGBoost
2618,2022-02-28,0.19993573,XGBoost
2619,2022-02-28,0.077991255,XGBoost
262,2022-02-28,0.22044028,XGBoost
2620,2022-02-28,0.21585992,XGBoost
2621,2022-02-28,0.08433804,XGBoost
2622,2022-02-28,0.069950044,XGBoost
2623,2022-02-28,0.22119738,XGBoost
2624,2022-02-28,0.23076686,XGBoost
2625,2022-02-28,0.07125939,XGBoost
2626,2022-02-28,0.20566759,XGBoost
2627,2022-02-28,0.07636813,XGBoost
2628,2022-02-28,0.08713308,XGBoost
2629,2022-02-28,0.07929007,XGBoost
263,2022-02-28,0.08234237,XGBoost
2630,2022-02-28,0.07195472,XGBoost
2631,2022-02-28,0.085684575,XGBoost
2632,2022-02-28,0.08756891,XGBoost
2633,2022-02-28,0.07167243,XGBoost
2634,2022-02-28,0.23350205,XGBoost
2635,2022-02-28,0.08779833,XGBoost
2636,2022-02-28,0.25787655,XGBoost
2637,2022-02-28,0.08596516,XGBoost
2638,2022-02-28,0.082438566,XGBoost
2639,2022-02-28,0.22794741,XGBoost
264,2022-02-28,0.25970754,XGBoost
2640,2022-02-28,0.22594455,XGBoost
2641,2022-02-28,0.23262295,XGBoost
2642,2022-02-28,0.09002064,XGBoost
2643,2022-02-28,0.07924986,XGBoost
2644,2022-02-28,0.078577295,XGBoost
2645,2022-02-28,0.08068909,XGBoost
2646,2022-02-28,0.0848241,XGBoost
2647,2022-02-28,0.23596781,XGBoost
2648,2022-02-28,0.2147025,XGBoost
2649,2022-02-28,0.070828944,XGBoost
265,2022-02-28,0.2359926,XGBoost
2650,2022-02-28,0.20458616,XGBoost
2651,2022-02-28,0.08088196,XGBoost
2652,2022-02-28,0.07935841,XGBoost
2653,2022-02-28,0.22205116,XGBoost
2654,2022-02-28,0.21083869,XGBoost
2655,2022-02-28,0.08451172,XGBoost
2656,2022-02-28,0.08013527,XGBoost
2657,2022-02-28,0.2246623,XGBoost
2658,2022-02-28,0.25300762,XGBoost
2659,2022-02-28,0.23296782,XGBoost
266,2022-02-28,0.076804206,XGBoost
2660,2022-02-28,0.077077664,XGBoost
2661,2022-02-28,0.07183433,XGBoost
2662,2022-02-28,0.2268415,XGBoost
2663,2022-02-28,0.22671297,XGBoost
2664,2022-02-28,0.2150698,XGBoost
2665,2022-02-28,0.25112543,XGBoost
2666,2022-02-28,0.19920807,XGBoost
2667,2022-02-28,0.23087718,XGBoost
2668,2022-02-28,0.23297697,XGBoost
2669,2022-02-28,0.23923048,XGBoost
267,2022-02-28,0.08322821,XGBoost
2670,2022-02-28,0.08597986,XGBoost
2671,2022-02-28,0.24224372,XGBoost
2672,2022-02-28,0.08240564,XGBoost
2673,2022-02-28,0.08178893,XGBoost
2674,2022-02-28,0.23490444,XGBoost
2675,2022-02-28,0.07022241,XGBoost
2676,2022-02-28,0.23066874,XGBoost
2677,2022-02-28,0.21590886,XGBoost
2678,2022-02-28,0.22274193,XGBoost
2679,2022-02-28,0.07216798,XGBoost
268,2022-02-28,0.08637952,XGBoost
2680,2022-02-28,0.22155005,XGBoost
2681,2022-02-28,0.08287246,XGBoost
2682,2022-02-28,0.22901562,XGBoost
2683,2022-02-28,0.08607525,XGBoost
2684,2022-02-28,0.08779367,XGBoost
2685,2022-02-28,0.070889875,XGBoost
2686,2022-02-28,0.23252183,XGBoost
2687,2022-02-28,0.23284939,XGBoost
2688,2022-02-28,0.22743423,XGBoost
2689,2022-02-28,0.077032454,XGBoost
269,2022-02-28,0.25188053,XGBoost
2690,2022-02-28,0.0759891,XGBoost
2691,2022-02-28,0.08626574,XGBoost
2692,2022-02-28,0.08159802,XGBoost
2693,2022-02-28,0.23946346,XGBoost
2694,2022-02-28,0.077487715,XGBoost
2695,2022-02-28,0.07505473,XGBoost
2696,2022-02-28,0.08548159,XGBoost
2697,2022-02-28,0.076555915,XGBoost
2698,2022-02-28,0.24034393,XGBoost
2699,2022-02-28,0.21053919,XGBoost
27,2022-02-28,0.21535055,XGBoost
270,2022-02-28,0.078961566,XGBoost
2700,2022-02-28,0.23341684,XGBoost
2701,2022-02-28,0.08294629,XGBoost
2702,2022-02-28,0.082996,XGBoost
2703,2022-02-28,0.07843851,XGBoost
2704,2022-02-28,0.08133665,XGBoost
2705,2022-02-28,0.21268916,XGBoost
2706,2022-02-28,0.088996604,XGBoost
2707,2022-02-28,0.0856353,XGBoost
2708,2022-02-28,0.2350626,XGBoost
2709,2022-02-28,0.23622428,XGBoost
271,2022-02-28,0.21315277,XGBoost
2710,2022-02-28,0.08593048,XGBoost
2711,2022-02-28,0.07612511,XGBoost
2712,2022-02-28,0.20244555,XGBoost
2713,2022-02-28,0.22306222,XGBoost
2714,2022-02-28,0.07971208,XGBoost
2715,2022-02-28,0.20881267,XGBoost
2716,2022-02-28,0.08782568,XGBoost
2717,2022-02-28,0.06997755,XGBoost
2718,2022-02-28,0.24300636,XGBoost
2719,2022-02-28,0.07810899,XGBoost
272,2022-02-28,0.071991645,XGBoost
2720,2022-02-28,0.2425326,XGBoost
2721,2022-02-28,0.07851632,XGBoost
2722,2022-02-28,0.0705171,XGBoost
2723,2022-02-28,0.24455579,XGBoost
2724,2022-02-28,0.076343946,XGBoost
2725,2022-02-28,0.08201586,XGBoost
2726,2022-02-28,0.07973121,XGBoost
2727,2022-02-28,0.07918198,XGBoost
2728,2022-02-28,0.078114584,XGBoost
2729,2022-02-28,0.07233696,XGBoost
273,2022-02-28,0.21538505,XGBoost
2730,2022-02-28,0.08274462,XGBoost
2731,2022-02-28,0.0815476,XGBoost
2732,2022-02-28,0.07251795,XGBoost
2733,2022-02-28,0.19948497,XGBoost
2734,2022-02-28,0.0820113,XGBoost
2735,2022-02-28,0.08367074,XGBoost
2736,2022-02-28,0.24321334,XGBoost
2737,2022-02-28,0.07963062,XGBoost
2738,2022-02-28,0.0783609,XGBoost
2739,2022-02-28,0.07785939,XGBoost
274,2022-02-28,0.081872195,XGBoost
2740,2022-02-28,0.0823128,XGBoost
2741,2022-02-28,0.24062109,XGBoost
2742,2022-02-28,0.23281424,XGBoost
2743,2022-02-28,0.22063643,XGBoost
2744,2022-02-28,0.2525873,XGBoost
2745,2022-02-28,0.22551689,XGBoost
2746,2022-02-28,0.083274774,XGBoost
2747,2022-02-28,0.24021177,XGBoost
2748,2022-02-28,0.07711725,XGBoost
2749,2022-02-28,0.23189183,XGBoost
275,2022-02-28,0.2192556,XGBoost
2750,2022-02-28,0.2386969,XGBoost
2751,2022-02-28,0.25359476,XGBoost
2752,2022-02-28,0.08516613,XGBoost
2753,2022-02-28,0.26345268,XGBoost
2754,2022-02-28,0.07799863,XGBoost
2755,2022-02-28,0.081159525,XGBoost
2756,2022-02-28,0.2281664,XGBoost
2757,2022-02-28,0.25269532,XGBoost
2758,2022-02-28,0.082875624,XGBoost
2759,2022-02-28,0.08313998,XGBoost
276,2022-02-28,0.084158026,XGBoost
2760,2022-02-28,0.2283752,XGBoost
2761,2022-02-28,0.08263888,XGBoost
2762,2022-02-28,0.22564955,XGBoost
2763,2022-02-28,0.22241822,XGBoost
2764,2022-02-28,0.069830924,XGBoost
2765,2022-02-28,0.083397314,XGBoost
2766,2022-02-28,0.088589616,XGBoost
2767,2022-02-28,0.08593057,XGBoost
2768,2022-02-28,0.21837601,XGBoost
2769,2022-02-28,0.22851765,XGBoost
277,2022-02-28,0.08246422,XGBoost
2770,2022-02-28,0.25502175,XGBoost
2771,2022-02-28,0.08485006,XGBoost
2772,2022-02-28,0.083334,XGBoost
2773,2022-02-28,0.20931862,XGBoost
2774,2022-02-28,0.22415265,XGBoost
2775,2022-02-28,0.24770926,XGBoost
2776,2022-02-28,0.07092952,XGBoost
2777,2022-02-28,0.07837605,XGBoost
2778,2022-02-28,0.217133,XGBoost
2779,2022-02-28,0.24545357,XGBoost
278,2022-02-28,0.23941559,XGBoost
2780,2022-02-28,0.08045492,XGBoost
2781,2022-02-28,0.085800074,XGBoost
2782,2022-02-28,0.21663988,XGBoost
2783,2022-02-28,0.08280183,XGBoost
2784,2022-02-28,0.08662134,XGBoost
2785,2022-02-28,0.22988178,XGBoost
2786,2022-02-28,0.08045175,XGBoost
2787,2022-02-28,0.08462211,XGBoost
2788,2022-02-28,0.23145242,XGBoost
2789,2022-02-28,0.24052872,XGBoost
279,2022-02-28,0.22461854,XGBoost
2790,2022-02-28,0.24101523,XGBoost
2791,2022-02-28,0.07185082,XGBoost
2792,2022-02-28,0.08489371,XGBoost
2793,2022-02-28,0.07333502,XGBoost
2794,2022-02-28,0.23114938,XGBoost
2795,2022-02-28,0.08260662,XGBoost
2796,2022-02-28,0.07037843,XGBoost
2797,2022-02-28,0.24007258,XGBoost
2798,2022-02-28,0.087472245,XGBoost
2799,2022-02-28,0.087834544,XGBoost
28,2022-02-28,0.22469212,XGBoost
280,2022-02-28,0.089292124,XGBoost
2800,2022-02-28,0.22273378,XGBoost
2801,2022-02-28,0.083781816,XGBoost
2802,2022-02-28,0.0751727,XGBoost
2803,2022-02-28,0.07748056,XGBoost
2804,2022-02-28,0.0841137,XGBoost
2805,2022-02-28,0.23881839,XGBoost
2806,2022-02-28,0.086142704,XGBoost
2807,2022-02-28,0.1965835,XGBoost
2808,2022-02-28,0.07932971,XGBoost
2809,2022-02-28,0.22564846,XGBoost
281,2022-02-28,0.07040425,XGBoost
2810,2022-02-28,0.21272027,XGBoost
2811,2022-02-28,0.08527408,XGBoost
2812,2022-02-28,0.08311959,XGBoost
2813,2022-02-28,0.19773386,XGBoost
2814,2022-02-28,0.08183069,XGBoost
2815,2022-02-28,0.08634889,XGBoost
2816,2022-02-28,0.20582016,XGBoost
2817,2022-02-28,0.07436284,XGBoost
2818,2022-02-28,0.085629575,XGBoost
2819,2022-02-28,0.08339172,XGBoost
282,2022-02-28,0.08200997,XGBoost
2820,2022-02-28,0.087062724,XGBoost
2821,2022-02-28,0.08455158,XGBoost
2822,2022-02-28,0.08566041,XGBoost
2823,2022-02-28,0.08745684,XGBoost
2824,2022-02-28,0.08603152,XGBoost
2825,2022-02-28,0.08179181,XGBoost
2826,2022-02-28,0.07774143,XGBoost
2827,2022-02-28,0.06920688,XGBoost
2828,2022-02-28,0.09312036,XGBoost
2829,2022-02-28,0.20792057,XGBoost
283,2022-02-28,0.079538815,XGBoost
2830,2022-02-28,0.24856794,XGBoost
2831,2022-02-28,0.23765789,XGBoost
2832,2022-02-28,0.07207179,XGBoost
2833,2022-02-28,0.23448552,XGBoost
2834,2022-02-28,0.08624311,XGBoost
2835,2022-02-28,0.22661479,XGBoost
2836,2022-02-28,0.0856874,XGBoost
2837,2022-02-28,0.08779995,XGBoost
2838,2022-02-28,0.07691087,XGBoost
2839,2022-02-28,0.07298102,XGBoost
284,2022-02-28,0.074465945,XGBoost
2840,2022-02-28,0.08274742,XGBoost
2841,2022-02-28,0.07402649,XGBoost
2842,2022-02-28,0.21641144,XGBoost
2843,2022-02-28,0.23065786,XGBoost
2844,2022-02-28,0.07997607,XGBoost
2845,2022-02-28,0.21293432,XGBoost
2846,2022-02-28,0.21739316,XGBoost
2847,2022-02-28,0.21535431,XGBoost
2848,2022-02-28,0.21707566,XGBoost
2849,2022-02-28,0.23457465,XGBoost
285,2022-02-28,0.0709607,XGBoost
2850,2022-02-28,0.08030803,XGBoost
2851,2022-02-28,0.07663384,XGBoost
2852,2022-02-28,0.23214452,XGBoost
2853,2022-02-28,0.086396426,XGBoost
2854,2022-02-28,0.22033654,XGBoost
2855,2022-02-28,0.22227617,XGBoost
2856,2022-02-28,0.08212181,XGBoost
2857,2022-02-28,0.2496237,XGBoost
2858,2022-02-28,0.22814135,XGBoost
2859,2022-02-28,0.074178636,XGBoost
286,2022-02-28,0.06886308,XGBoost
2860,2022-02-28,0.22526684,XGBoost
2861,2022-02-28,0.24245226,XGBoost
2862,2022-02-28,0.08313983,XGBoost
2863,2022-02-28,0.24568921,XGBoost
2864,2022-02-28,0.08311558,XGBoost
2865,2022-02-28,0.07950932,XGBoost
2866,2022-02-28,0.24630843,XGBoost
2867,2022-02-28,0.08619753,XGBoost
2868,2022-02-28,0.0795978,XGBoost
2869,2022-02-28,0.08010615,XGBoost
287,2022-02-28,0.08445108,XGBoost
2870,2022-02-28,0.073154025,XGBoost
2871,2022-02-28,0.08348785,XGBoost
2872,2022-02-28,0.2069331,XGBoost
2873,2022-02-28,0.088425934,XGBoost
2874,2022-02-28,0.072498046,XGBoost
2875,2022-02-28,0.084925644,XGBoost
2876,2022-02-28,0.08140872,XGBoost
2877,2022-02-28,0.0719832,XGBoost
2878,2022-02-28,0.22741312,XGBoost
2879,2022-02-28,0.23529686,XGBoost
288,2022-02-28,0.073620975,XGBoost
2880,2022-02-28,0.25029653,XGBoost
2881,2022-02-28,0.07775193,XGBoost
2882,2022-02-28,0.2245266,XGBoost
2883,2022-02-28,0.08424206,XGBoost
2884,2022-02-28,0.23301283,XGBoost
2885,2022-02-28,0.07935928,XGBoost
2886,2022-02-28,0.07943517,XGBoost
2887,2022-02-28,0.08061216,XGBoost
2888,2022-02-28,0.079544015,XGBoost
2889,2022-02-28,0.077760614,XGBoost
289,2022-02-28,0.07885925,XGBoost
2890,2022-02-28,0.07103158,XGBoost
2891,2022-02-28,0.24844845,XGBoost
2892,2022-02-28,0.08715322,XGBoost
2893,2022-02-28,0.086186625,XGBoost
2894,2022-02-28,0.07254337,XGBoost
2895,2022-02-28,0.07285798,XGBoost
2896,2022-02-28,0.23697412,XGBoost
2897,2022-02-28,0.080050975,XGBoost
2898,2022-02-28,0.06795515,XGBoost
2899,2022-02-28,0.20885296,XGBoost
29,2022-02-28,0.21900803,XGBoost
290,2022-02-28,0.23254232,XGBoost
2900,2022-02-28,0.08387217,XGBoost
2901,2022-02-28,0.22052976,XGBoost
2902,2022-02-28,0.23960125,XGBoost
2903,2022-02-28,0.07471616,XGBoost
2904,2022-02-28,0.07365326,XGBoost
2905,2022-02-28,0.08279547,XGBoost
2906,2022-02-28,0.23490486,XGBoost
2907,2022-02-28,0.24631108,XGBoost
2908,2022-02-28,0.19475983,XGBoost
2909,2022-02-28,0.212022,XGBoost
291,2022-02-28,0.070444845,XGBoost
2910,2022-02-28,0.21908058,XGBoost
2911,2022-02-28,0.24280502,XGBoost
2912,2022-02-28,0.22970878,XGBoost
2913,2022-02-28,0.08553053,XGBoost
2914,2022-02-28,0.22162011,XGBoost
2915,2022-02-28,0.08468212,XGBoost
2916,2022-02-28,0.08491279,XGBoost
2917,2022-02-28,0.08589711,XGBoost
2918,2022-02-28,0.21827431,XGBoost
2919,2022-02-28,0.23166957,XGBoost
292,2022-02-28,0.086418316,XGBoost
2920,2022-02-28,0.2228117,XGBoost
2921,2022-02-28,0.08125837,XGBoost
2922,2022-02-28,0.084182866,XGBoost
2923,2022-02-28,0.24258178,XGBoost
2924,2022-02-28,0.081228055,XGBoost
2925,2022-02-28,0.078353524,XGBoost
2926,2022-02-28,0.23401284,XGBoost
2927,2022-02-28,0.08051741,XGBoost
2928,2022-02-28,0.23359671,XGBoost
2929,2022-02-28,0.08727572,XGBoost
293,2022-02-28,0.22255929,XGBoost
2930,2022-02-28,0.07003328,XGBoost
2931,2022-02-28,0.08891797,XGBoost
2932,2022-02-28,0.23118968,XGBoost
2933,2022-02-28,0.08435825,XGBoost
2934,2022-02-28,0.083114475,XGBoost
2935,2022-02-28,0.085958146,XGBoost
2936,2022-02-28,0.23143536,XGBoost
2937,2022-02-28,0.08552269,XGBoost
2938,2022-02-28,0.22838332,XGBoost
2939,2022-02-28,0.085321724,XGBoost
294,2022-02-28,0.19671252,XGBoost
2940,2022-02-28,0.24036229,XGBoost
2941,2022-02-28,0.07260501,XGBoost
2942,2022-02-28,0.20070007,XGBoost
2943,2022-02-28,0.23882273,XGBoost
2944,2022-02-28,0.08083749,XGBoost
2945,2022-02-28,0.18773402,XGBoost
2946,2022-02-28,0.086285345,XGBoost
2947,2022-02-28,0.08451468,XGBoost
2948,2022-02-28,0.07749049,XGBoost
2949,2022-02-28,0.081990905,XGBoost
295,2022-02-28,0.071447216,XGBoost
2950,2022-02-28,0.08297098,XGBoost
2951,2022-02-28,0.08123662,XGBoost
2952,2022-02-28,0.082312346,XGBoost
2953,2022-02-28,0.25134787,XGBoost
2954,2022-02-28,0.08156962,XGBoost
2955,2022-02-28,0.24880512,XGBoost
2956,2022-02-28,0.083263144,XGBoost
2957,2022-02-28,0.21222667,XGBoost
2958,2022-02-28,0.21651669,XGBoost
2959,2022-02-28,0.23244779,XGBoost
296,2022-02-28,0.07791393,XGBoost
2960,2022-02-28,0.22369431,XGBoost
2961,2022-02-28,0.08610657,XGBoost
2962,2022-02-28,0.2158691,XGBoost
2963,2022-02-28,0.08195111,XGBoost
2964,2022-02-28,0.088058285,XGBoost
2965,2022-02-28,0.08460065,XGBoost
2966,2022-02-28,0.19631858,XGBoost
2967,2022-02-28,0.0786555,XGBoost
2968,2022-02-28,0.08049806,XGBoost
2969,2022-02-28,0.23064245,XGBoost
297,2022-02-28,0.23461542,XGBoost
2970,2022-02-28,0.086095795,XGBoost
2971,2022-02-28,0.08005842,XGBoost
2972,2022-02-28,0.22121085,XGBoost
2973,2022-02-28,0.081941254,XGBoost
2974,2022-02-28,0.08638241,XGBoost
2975,2022-02-28,0.08461113,XGBoost
2976,2022-02-28,0.07192099,XGBoost
2977,2022-02-28,0.07037407,XGBoost
2978,2022-02-28,0.21827547,XGBoost
2979,2022-02-28,0.22996534,XGBoost
298,2022-02-28,0.06789932,XGBoost
2980,2022-02-28,0.0812185,XGBoost
2981,2022-02-28,0.22495988,XGBoost
2982,2022-02-28,0.2301771,XGBoost
2983,2022-02-28,0.0813949,XGBoost
2984,2022-02-28,0.078384735,XGBoost
2985,2022-02-28,0.08560687,XGBoost
2986,2022-02-28,0.23487295,XGBoost
2987,2022-02-28,0.2139723,XGBoost
2988,2022-02-28,0.23362319,XGBoost
2989,2022-02-28,0.08507316,XGBoost
299,2022-02-28,0.074783035,XGBoost
2990,2022-02-28,0.0865921,XGBoost
2991,2022-02-28,0.07073935,XGBoost
2992,2022-02-28,0.22010764,XGBoost
2993,2022-02-28,0.21069872,XGBoost
2994,2022-02-28,0.07901805,XGBoost
2995,2022-02-28,0.20398445,XGBoost
2996,2022-02-28,0.24762307,XGBoost
2997,2022-02-28,0.06987192,XGBoost
2998,2022-02-28,0.22419189,XGBoost
2999,2022-02-28,0.20597273,XGBoost
3,2022-02-28,0.07885757,XGBoost
30,2022-02-28,0.08434892,XGBoost
300,2022-02-28,0.08296695,XGBoost
3000,2022-02-28,0.26002306,XGBoost
3001,2022-02-28,0.086132444,XGBoost
3002,2022-02-28,0.24732567,XGBoost
3003,2022-02-28,0.22971122,XGBoost
3004,2022-02-28,0.23432913,XGBoost
3005,2022-02-28,0.084644094,XGBoost
3006,2022-02-28,0.08613483,XGBoost
3007,2022-02-28,0.23068324,XGBoost
3008,2022-02-28,0.08240683,XGBoost
3009,2022-02-28,0.24365653,XGBoost
301,2022-02-28,0.22397217,XGBoost
3010,2022-02-28,0.084809996,XGBoost
3011,2022-02-28,0.08739028,XGBoost
3012,2022-02-28,0.086947344,XGBoost
3013,2022-02-28,0.08538881,XGBoost
3014,2022-02-28,0.22916755,XGBoost
3015,2022-02-28,0.19731398,XGBoost
3016,2022-02-28,0.08201417,XGBoost
3017,2022-02-28,0.07821112,XGBoost
3018,2022-02-28,0.079505436,XGBoost
3019,2022-02-28,0.24074921,XGBoost
302,2022-02-28,0.07914098,XGBoost
3020,2022-02-28,0.07628685,XGBoost
3021,2022-02-28,0.08308268,XGBoost
3022,2022-02-28,0.08079895,XGBoost
3023,2022-02-28,0.06942147,XGBoost
3024,2022-02-28,0.07861712,XGBoost
3025,2022-02-28,0.08435797,XGBoost
3026,2022-02-28,0.2141183,XGBoost
3027,2022-02-28,0.24112783,XGBoost
3028,2022-02-28,0.084122814,XGBoost
3029,2022-02-28,0.0701845,XGBoost
303,2022-02-28,0.08176188,XGBoost
3030,2022-02-28,0.22466676,XGBoost
3031,2022-02-28,0.21144797,XGBoost
3032,2022-02-28,0.08442894,XGBoost
3033,2022-02-28,0.077464834,XGBoost
3034,2022-02-28,0.22820373,XGBoost
3035,2022-02-28,0.08021021,XGBoost
3036,2022-02-28,0.223057,XGBoost
3037,2022-02-28,0.08254062,XGBoost
3038,2022-02-28,0.0816117,XGBoost
3039,2022-02-28,0.08592335,XGBoost
304,2022-02-28,0.071826905,XGBoost
3040,2022-02-28,0.08346815,XGBoost
3041,2022-02-28,0.26535007,XGBoost
3042,2022-02-28,0.21501493,XGBoost
3043,2022-02-28,0.08283421,XGBoost
3044,2022-02-28,0.24626338,XGBoost
3045,2022-02-28,0.08715004,XGBoost
3046,2022-02-28,0.23893747,XGBoost
3047,2022-02-28,0.07837999,XGBoost
3048,2022-02-28,0.23313087,XGBoost
3049,2022-02-28,0.22183003,XGBoost
305,2022-02-28,0.19920334,XGBoost
3050,2022-02-28,0.081953555,XGBoost
3051,2022-02-28,0.078789406,XGBoost
3052,2022-02-28,0.219558,XGBoost
3053,2022-02-28,0.0876904,XGBoost
3054,2022-02-28,0.081121475,XGBoost
3055,2022-02-28,0.22046971,XGBoost
3056,2022-02-28,0.078298844,XGBoost
3057,2022-02-28,0.07049731,XGBoost
3058,2022-02-28,0.077840164,XGBoost
3059,2022-02-28,0.0843197,XGBoost
306,2022-02-28,0.22341901,XGBoost
3060,2022-02-28,0.08063615,XGBoost
3061,2022-02-28,0.081581675,XGBoost
3062,2022-02-28,0.08356194,XGBoost
3063,2022-02-28,0.07811982,XGBoost
3064,2022-02-28,0.21071862,XGBoost
3065,2022-02-28,0.084222354,XGBoost
3066,2022-02-28,0.08783306,XGBoost
3067,2022-02-28,0.08055103,XGBoost
3068,2022-02-28,0.21973123,XGBoost
3069,2022-02-28,0.0816509,XGBoost
307,2022-02-28,0.24060144,XGBoost
3070,2022-02-28,0.08548282,XGBoost
3071,2022-02-28,0.2243591,XGBoost
3072,2022-02-28,0.08206357,XGBoost
3073,2022-02-28,0.21164648,XGBoost
3074,2022-02-28,0.08466826,XGBoost
3075,2022-02-28,0.08383175,XGBoost
3076,2022-02-28,0.2315725,XGBoost
3077,2022-02-28,0.23909357,XGBoost
3078,2022-02-28,0.086351424,XGBoost
3079,2022-02-28,0.084166594,XGBoost
308,2022-02-28,0.25485516,XGBoost
3080,2022-02-28,0.24704821,XGBoost
3081,2022-02-28,0.08455456,XGBoost
3082,2022-02-28,0.25617367,XGBoost
3083,2022-02-28,0.06928999,XGBoost
3084,2022-02-28,0.08935859,XGBoost
3085,2022-02-28,0.07863513,XGBoost
3086,2022-02-28,0.07507683,XGBoost
3087,2022-02-28,0.07772746,XGBoost
3088,2022-02-28,0.08219095,XGBoost
3089,2022-02-28,0.07690429,XGBoost
309,2022-02-28,0.086486466,XGBoost
3090,2022-02-28,0.08750874,XGBoost
3091,2022-02-28,0.21256678,XGBoost
3092,2022-02-28,0.21443307,XGBoost
3093,2022-02-28,0.08589859,XGBoost
3094,2022-02-28,0.07825537,XGBoost
3095,2022-02-28,0.2359214,XGBoost
3096,2022-02-28,0.23141845,XGBoost
3097,2022-02-28,0.07865511,XGBoost
3098,2022-02-28,0.07982718,XGBoost
3099,2022-02-28,0.22929153,XGBoost
31,2022-02-28,0.08509655,XGBoost
310,2022-02-28,0.24022546,XGBoost
3100,2022-02-28,0.20390123,XGBoost
3101,2022-02-28,0.21019256,XGBoost
3102,2022-02-28,0.07814499,XGBoost
3103,2022-02-28,0.0769654,XGBoost
3104,2022-02-28,0.22230513,XGBoost
3105,2022-02-28,0.07777973,XGBoost
3106,2022-02-28,0.2143905,XGBoost
3107,2022-02-28,0.07420193,XGBoost
3108,2022-02-28,0.22828239,XGBoost
3109,2022-02-28,0.07672293,XGBoost
311,2022-02-28,0.23567656,XGBoost
3110,2022-02-28,0.086138874,XGBoost
3111,2022-02-28,0.08421666,XGBoost
3112,2022-02-28,0.2345963,XGBoost
3113,2022-02-28,0.22786802,XGBoost
3114,2022-02-28,0.23737179,XGBoost
3115,2022-02-28,0.22922744,XGBoost
3116,2022-02-28,0.08216804,XGBoost
3117,2022-02-28,0.21081479,XGBoost
3118,2022-02-28,0.24339785,XGBoost
3119,2022-02-28,0.07066169,XGBoost
312,2022-02-28,0.066800766,XGBoost
3120,2022-02-28,0.08101559,XGBoost
3121,2022-02-28,0.24245091,XGBoost
3122,2022-02-28,0.0842703,XGBoost
3123,2022-02-28,0.07755667,XGBoost
3124,2022-02-28,0.22377296,XGBoost
3125,2022-02-28,0.0830822,XGBoost
3126,2022-02-28,0.08560185,XGBoost
3127,2022-02-28,0.08489687,XGBoost
3128,2022-02-28,0.085193485,XGBoost
3129,2022-02-28,0.06926507,XGBoost
313,2022-02-28,0.20225662,XGBoost
3130,2022-02-28,0.07410311,XGBoost
3131,2022-02-28,0.087096125,XGBoost
3132,2022-02-28,0.08762782,XGBoost
3133,2022-02-28,0.07178832,XGBoost
3134,2022-02-28,0.24347444,XGBoost
3135,2022-02-28,0.07642027,XGBoost
3136,2022-02-28,0.07982201,XGBoost
3137,2022-02-28,0.07096236,XGBoost
3138,2022-02-28,0.22536422,XGBoost
3139,2022-02-28,0.08145302,XGBoost
314,2022-02-28,0.08494722,XGBoost
3140,2022-02-28,0.08260899,XGBoost
3141,2022-02-28,0.08116191,XGBoost
3142,2022-02-28,0.077151835,XGBoost
3143,2022-02-28,0.070562534,XGBoost
3144,2022-02-28,0.08662461,XGBoost
3145,2022-02-28,0.24087541,XGBoost
3146,2022-02-28,0.080336966,XGBoost
3147,2022-02-28,0.23290806,XGBoost
3148,2022-02-28,0.0862771,XGBoost
3149,2022-02-28,0.0855724,XGBoost
315,2022-02-28,0.22924177,XGBoost
3150,2022-02-28,0.24188057,XGBoost
3151,2022-02-28,0.23110482,XGBoost
3152,2022-02-28,0.070118606,XGBoost
3153,2022-02-28,0.08696919,XGBoost
3154,2022-02-28,0.08653789,XGBoost
3155,2022-02-28,0.07783584,XGBoost
3156,2022-02-28,0.08540426,XGBoost
3157,2022-02-28,0.23136711,XGBoost
3158,2022-02-28,0.2467975,XGBoost
3159,2022-02-28,0.08538544,XGBoost
316,2022-02-28,0.07879134,XGBoost
3160,2022-02-28,0.08660038,XGBoost
3161,2022-02-28,0.24387959,XGBoost
3162,2022-02-28,0.23838152,XGBoost
3163,2022-02-28,0.08370182,XGBoost
3164,2022-02-28,0.2209014,XGBoost
3165,2022-02-28,0.2485266,XGBoost
3166,2022-02-28,0.24903825,XGBoost
3167,2022-02-28,0.085810445,XGBoost
3168,2022-02-28,0.083547674,XGBoost
3169,2022-02-28,0.085847184,XGBoost
317,2022-02-28,0.07602334,XGBoost
3170,2022-02-28,0.08686172,XGBoost
3171,2022-02-28,0.08467438,XGBoost
3172,2022-02-28,0.08172651,XGBoost
3173,2022-02-28,0.22774437,XGBoost
3174,2022-02-28,0.23043303,XGBoost
3175,2022-02-28,0.20394222,XGBoost
3176,2022-02-28,0.23044461,XGBoost
3177,2022-02-28,0.08956775,XGBoost
3178,2022-02-28,0.2152405,XGBoost
3179,2022-02-28,0.23376241,XGBoost
318,2022-02-28,0.21224622,XGBoost
3180,2022-02-28,0.07191,XGBoost
3181,2022-02-28,0.23026356,XGBoost
3182,2022-02-28,0.21902911,XGBoost
3183,2022-02-28,0.079245076,XGBoost
3184,2022-02-28,0.08730346,XGBoost
3185,2022-02-28,0.0757856,XGBoost
3186,2022-02-28,0.25056183,XGBoost
3187,2022-02-28,0.21327397,XGBoost
3188,2022-02-28,0.2367321,XGBoost
3189,2022-02-28,0.07979899,XGBoost
319,2022-02-28,0.07903412,XGBoost
3190,2022-02-28,0.07666695,XGBoost
3191,2022-02-28,0.2456914,XGBoost
3192,2022-02-28,0.080965586,XGBoost
3193,2022-02-28,0.08630667,XGBoost
3194,2022-02-28,0.2294623,XGBoost
3195,2022-02-28,0.08535067,XGBoost
3196,2022-02-28,0.22294842,XGBoost
3197,2022-02-28,0.08506853,XGBoost
3198,2022-02-28,0.2293463,XGBoost
3199,2022-02-28,0.07765976,XGBoost
32,2022-02-28,0.07757265,XGBoost
320,2022-02-28,0.23893736,XGBoost
3200,2022-02-28,0.085215494,XGBoost
3201,2022-02-28,0.08164915,XGBoost
3202,2022-02-28,0.21699105,XGBoost
3203,2022-02-28,0.08190817,XGBoost
3204,2022-02-28,0.2369986,XGBoost
3205,2022-02-28,0.21402743,XGBoost
3206,2022-02-28,0.0788731,XGBoost
3207,2022-02-28,0.24029168,XGBoost
3208,2022-02-28,0.087047555,XGBoost
3209,2022-02-28,0.22593646,XGBoost
321,2022-02-28,0.085740134,XGBoost
3210,2022-02-28,0.07686478,XGBoost
3211,2022-02-28,0.08263934,XGBoost
3212,2022-02-28,0.08021803,XGBoost
3213,2022-02-28,0.08925794,XGBoost
3214,2022-02-28,0.0864402,XGBoost
3215,2022-02-28,0.07091773,XGBoost
3216,2022-02-28,0.2334949,XGBoost
3217,2022-02-28,0.227476,XGBoost
3218,2022-02-28,0.23091815,XGBoost
3219,2022-02-28,0.08715838,XGBoost
322,2022-02-28,0.26032525,XGBoost
3220,2022-02-28,0.07977834,XGBoost
3221,2022-02-28,0.086954005,XGBoost
3222,2022-02-28,0.080799475,XGBoost
3223,2022-02-28,0.22895455,XGBoost
3224,2022-02-28,0.07713096,XGBoost
3225,2022-02-28,0.06982197,XGBoost
3226,2022-02-28,0.07046975,XGBoost
3227,2022-02-28,0.2377816,XGBoost
3228,2022-02-28,0.25239694,XGBoost
3229,2022-02-28,0.21740125,XGBoost
323,2022-02-28,0.078088835,XGBoost
3230,2022-02-28,0.08581669,XGBoost
3231,2022-02-28,0.07778409,XGBoost
3232,2022-02-28,0.11752802,XGBoost
3233,2022-02-28,0.2222094,XGBoost
3234,2022-02-28,0.085991114,XGBoost
3235,2022-02-28,0.23264545,XGBoost
3236,2022-02-28,0.08219361,XGBoost
3237,2022-02-28,0.07763549,XGBoost
3238,2022-02-28,0.08129931,XGBoost
3239,2022-02-28,0.08271987,XGBoost
324,2022-02-28,0.21458708,XGBoost
3240,2022-02-28,0.08477772,XGBoost
3241,2022-02-28,0.08096126,XGBoost
3242,2022-02-28,0.21880446,XGBoost
3243,2022-02-28,0.08476073,XGBoost
3244,2022-02-28,0.078513905,XGBoost
3245,2022-02-28,0.08221251,XGBoost
3246,2022-02-28,0.083776906,XGBoost
3247,2022-02-28,0.23783232,XGBoost
3248,2022-02-28,0.23984411,XGBoost
3249,2022-02-28,0.06973193,XGBoost
325,2022-02-28,0.24863766,XGBoost
3250,2022-02-28,0.08808704,XGBoost
3251,2022-02-28,0.07313803,XGBoost
3252,2022-02-28,0.08390367,XGBoost
3253,2022-02-28,0.24319275,XGBoost
3254,2022-02-28,0.2269348,XGBoost
3255,2022-02-28,0.21867861,XGBoost
3256,2022-02-28,0.087037764,XGBoost
3257,2022-02-28,0.08035226,XGBoost
3258,2022-02-28,0.07529357,XGBoost
3259,2022-02-28,0.08473172,XGBoost
326,2022-02-28,0.07723159,XGBoost
3260,2022-02-28,0.22726543,XGBoost
3261,2022-02-28,0.085031584,XGBoost
3262,2022-02-28,0.07895813,XGBoost
3263,2022-02-28,0.07065695,XGBoost
3264,2022-02-28,0.2217388,XGBoost
3265,2022-02-28,0.08204643,XGBoost
3266,2022-02-28,0.07052798,XGBoost
3267,2022-02-28,0.08189388,XGBoost
3268,2022-02-28,0.07940485,XGBoost
3269,2022-02-28,0.22998376,XGBoost
327,2022-02-28,0.22409518,XGBoost
3270,2022-02-28,0.08618554,XGBoost
3271,2022-02-28,0.22172496,XGBoost
3272,2022-02-28,0.23070548,XGBoost
3273,2022-02-28,0.08191642,XGBoost
3274,2022-02-28,0.08700968,XGBoost
3275,2022-02-28,0.2547489,XGBoost
3276,2022-02-28,0.072229564,XGBoost
3277,2022-02-28,0.07411699,XGBoost
3278,2022-02-28,0.07992557,XGBoost
3279,2022-02-28,0.21316801,XGBoost
328,2022-02-28,0.21864334,XGBoost
3280,2022-02-28,0.21630001,XGBoost
3281,2022-02-28,0.24550846,XGBoost
3282,2022-02-28,0.22486113,XGBoost
3283,2022-02-28,0.082214445,XGBoost
3284,2022-02-28,0.07063532,XGBoost
3285,2022-02-28,0.077338904,XGBoost
3286,2022-02-28,0.06863934,XGBoost
3287,2022-02-28,0.21315072,XGBoost
3288,2022-02-28,0.2450127,XGBoost
3289,2022-02-28,0.22505867,XGBoost
329,2022-02-28,0.08173448,XGBoost
3290,2022-02-28,0.22034329,XGBoost
3291,2022-02-28,0.22508083,XGBoost
3292,2022-02-28,0.082781695,XGBoost
3293,2022-02-28,0.07691783,XGBoost
3294,2022-02-28,0.22490479,XGBoost
3295,2022-02-28,0.08694225,XGBoost
3296,2022-02-28,0.082867675,XGBoost
3297,2022-02-28,0.07045724,XGBoost
3298,2022-02-28,0.2285126,XGBoost
3299,2022-02-28,0.0828021,XGBoost
33,2022-02-28,0.2379841,XGBoost
330,2022-02-28,0.23595814,XGBoost
3300,2022-02-28,0.07040963,XGBoost
3301,2022-02-28,0.08513449,XGBoost
3302,2022-02-28,0.08225507,XGBoost
3303,2022-02-28,0.077681586,XGBoost
3304,2022-02-28,0.08641984,XGBoost
3305,2022-02-28,0.25745144,XGBoost
3306,2022-02-28,0.24396726,XGBoost
3307,2022-02-28,0.23887141,XGBoost
3308,2022-02-28,0.08549645,XGBoost
3309,2022-02-28,0.23576814,XGBoost
331,2022-02-28,0.22793216,XGBoost
3310,2022-02-28,0.076871194,XGBoost
3311,2022-02-28,0.23588704,XGBoost
3312,2022-02-28,0.085406326,XGBoost
3313,2022-02-28,0.0837136,XGBoost
3314,2022-02-28,0.085018314,XGBoost
3315,2022-02-28,0.21350811,XGBoost
3316,2022-02-28,0.074958295,XGBoost
3317,2022-02-28,0.077922344,XGBoost
3318,2022-02-28,0.084688224,XGBoost
3319,2022-02-28,0.2265798,XGBoost
332,2022-02-28,0.21607512,XGBoost
3320,2022-02-28,0.08518486,XGBoost
3321,2022-02-28,0.22817865,XGBoost
3322,2022-02-28,0.25941542,XGBoost
3323,2022-02-28,0.08348856,XGBoost
3324,2022-02-28,0.07385262,XGBoost
3325,2022-02-28,0.084587134,XGBoost
3326,2022-02-28,0.22595523,XGBoost
3327,2022-02-28,0.22648884,XGBoost
3328,2022-02-28,0.07395457,XGBoost
3329,2022-02-28,0.24184391,XGBoost
333,2022-02-28,0.23526403,XGBoost
3330,2022-02-28,0.2377192,XGBoost
3331,2022-02-28,0.08549954,XGBoost
3332,2022-02-28,0.25223297,XGBoost
3333,2022-02-28,0.082665384,XGBoost
3334,2022-02-28,0.08245636,XGBoost
3335,2022-02-28,0.085907005,XGBoost
3336,2022-02-28,0.07788546,XGBoost
3337,2022-02-28,0.22772574,XGBoost
3338,2022-02-28,0.23521048,XGBoost
3339,2022-02-28,0.21353588,XGBoost
334,2022-02-28,0.0775891,XGBoost
3340,2022-02-28,0.07675437,XGBoost
3341,2022-02-28,0.22730334,XGBoost
3342,2022-02-28,0.08002276,XGBoost
3343,2022-02-28,0.07793565,XGBoost
3344,2022-02-28,0.21596868,XGBoost
3345,2022-02-28,0.07096655,XGBoost
3346,2022-02-28,0.23321284,XGBoost
3347,2022-02-28,0.20988385,XGBoost
3348,2022-02-28,0.083990134,XGBoost
3349,2022-02-28,0.083159894,XGBoost
335,2022-02-28,0.07649299,XGBoost
3350,2022-02-28,0.23861353,XGBoost
3351,2022-02-28,0.0857346,XGBoost
3352,2022-02-28,0.07818907,XGBoost
3353,2022-02-28,0.08525515,XGBoost
3354,2022-02-28,0.08848162,XGBoost
3355,2022-02-28,0.24177934,XGBoost
3356,2022-02-28,0.07730173,XGBoost
3357,2022-02-28,0.21403053,XGBoost
3358,2022-02-28,0.22068949,XGBoost
3359,2022-02-28,0.07718957,XGBoost
336,2022-02-28,0.06978804,XGBoost
3360,2022-02-28,0.08695801,XGBoost
3361,2022-02-28,0.23349611,XGBoost
3362,2022-02-28,0.25488326,XGBoost
3363,2022-02-28,0.084295206,XGBoost
3364,2022-02-28,0.08548588,XGBoost
3365,2022-02-28,0.20922643,XGBoost
3366,2022-02-28,0.08593035,XGBoost
3367,2022-02-28,0.079979375,XGBoost
3368,2022-02-28,0.08418814,XGBoost
3369,2022-02-28,0.07270055,XGBoost
337,2022-02-28,0.24404259,XGBoost
3370,2022-02-28,0.22157423,XGBoost
3371,2022-02-28,0.23616354,XGBoost
3372,2022-02-28,0.22080302,XGBoost
3373,2022-02-28,0.077590056,XGBoost
3374,2022-02-28,0.08233492,XGBoost
3375,2022-02-28,0.07775469,XGBoost
3376,2022-02-28,0.06926659,XGBoost
3377,2022-02-28,0.22443272,XGBoost
3378,2022-02-28,0.08705848,XGBoost
3379,2022-02-28,0.2316804,XGBoost
338,2022-02-28,0.21055199,XGBoost
3380,2022-02-28,0.079986736,XGBoost
3381,2022-02-28,0.072667465,XGBoost
3382,2022-02-28,0.06872555,XGBoost
3383,2022-02-28,0.24562326,XGBoost
3384,2022-02-28,0.22723077,XGBoost
3385,2022-02-28,0.07498143,XGBoost
3386,2022-02-28,0.08146899,XGBoost
3387,2022-02-28,0.22865167,XGBoost
3388,2022-02-28,0.07928705,XGBoost
3389,2022-02-28,0.068137385,XGBoost
339,2022-02-28,0.22894438,XGBoost
3390,2022-02-28,0.08560189,XGBoost
3391,2022-02-28,0.2357244,XGBoost
3392,2022-02-28,0.07080808,XGBoost
3393,2022-02-28,0.077809654,XGBoost
3394,2022-02-28,0.08695272,XGBoost
3395,2022-02-28,0.08627593,XGBoost
3396,2022-02-28,0.08603898,XGBoost
3397,2022-02-28,0.08470792,XGBoost
3398,2022-02-28,0.23429757,XGBoost
3399,2022-02-28,0.0836941,XGBoost
34,2022-02-28,0.20730653,XGBoost
340,2022-02-28,0.068087,XGBoost
3400,2022-02-28,0.080651626,XGBoost
3401,2022-02-28,0.0780667,XGBoost
3402,2022-02-28,0.23324749,XGBoost
3403,2022-02-28,0.084860064,XGBoost
3404,2022-02-28,0.06973241,XGBoost
3405,2022-02-28,0.08795702,XGBoost
3406,2022-02-28,0.23761147,XGBoost
3407,2022-02-28,0.23389074,XGBoost
3408,2022-02-28,0.23101394,XGBoost
3409,2022-02-28,0.083322965,XGBoost
341,2022-02-28,0.084521815,XGBoost
3410,2022-02-28,0.21829338,XGBoost
3411,2022-02-28,0.231766,XGBoost
3412,2022-02-28,0.22725438,XGBoost
3413,2022-02-28,0.20785984,XGBoost
3414,2022-02-28,0.085173815,XGBoost
3415,2022-02-28,0.25968602,XGBoost
3416,2022-02-28,0.2200409,XGBoost
3417,2022-02-28,0.22022654,XGBoost
3418,2022-02-28,0.07015856,XGBoost
3419,2022-02-28,0.075793795,XGBoost
342,2022-02-28,0.08909319,XGBoost
3420,2022-02-28,0.083711565,XGBoost
3421,2022-02-28,0.085324444,XGBoost
3422,2022-02-28,0.24536362,XGBoost
3423,2022-02-28,0.26423576,XGBoost
3424,2022-02-28,0.07932788,XGBoost
3425,2022-02-28,0.08013412,XGBoost
3426,2022-02-28,0.07063164,XGBoost
3427,2022-02-28,0.08643227,XGBoost
3428,2022-02-28,0.22516504,XGBoost
3429,2022-02-28,0.21934687,XGBoost
343,2022-02-28,0.21622936,XGBoost
3430,2022-02-28,0.076679714,XGBoost
3431,2022-02-28,0.0857303,XGBoost
3432,2022-02-28,0.07132198,XGBoost
3433,2022-02-28,0.0843739,XGBoost
3434,2022-02-28,0.21096471,XGBoost
3435,2022-02-28,0.07132816,XGBoost
3436,2022-02-28,0.078405544,XGBoost
3437,2022-02-28,0.2220606,XGBoost
3438,2022-02-28,0.06591455,XGBoost
3439,2022-02-28,0.23512511,XGBoost
344,2022-02-28,0.07230481,XGBoost
3440,2022-02-28,0.08754285,XGBoost
3441,2022-02-28,0.087367535,XGBoost
3442,2022-02-28,0.07877064,XGBoost
3443,2022-02-28,0.23462094,XGBoost
3444,2022-02-28,0.08450968,XGBoost
3445,2022-02-28,0.08263882,XGBoost
3446,2022-02-28,0.080861956,XGBoost
3447,2022-02-28,0.07156008,XGBoost
3448,2022-02-28,0.0839091,XGBoost
3449,2022-02-28,0.21774463,XGBoost
345,2022-02-28,0.21886332,XGBoost
3450,2022-02-28,0.08221348,XGBoost
3451,2022-02-28,0.20098713,XGBoost
3452,2022-02-28,0.21978174,XGBoost
3453,2022-02-28,0.23911001,XGBoost
3454,2022-02-28,0.08539622,XGBoost
3455,2022-02-28,0.0739597,XGBoost
3456,2022-02-28,0.086212344,XGBoost
3457,2022-02-28,0.2329283,XGBoost
3458,2022-02-28,0.08576255,XGBoost
3459,2022-02-28,0.2547118,XGBoost
346,2022-02-28,0.072057225,XGBoost
3460,2022-02-28,0.07716332,XGBoost
3461,2022-02-28,0.22722605,XGBoost
3462,2022-02-28,0.23387903,XGBoost
3463,2022-02-28,0.08750421,XGBoost
3464,2022-02-28,0.071088545,XGBoost
3465,2022-02-28,0.24999252,XGBoost
3466,2022-02-28,0.08481632,XGBoost
3467,2022-02-28,0.21871305,XGBoost
3468,2022-02-28,0.08431084,XGBoost
3469,2022-02-28,0.25863028,XGBoost
347,2022-02-28,0.08129067,XGBoost
3470,2022-02-28,0.2073924,XGBoost
3471,2022-02-28,0.22550686,XGBoost
3472,2022-02-28,0.21551862,XGBoost
3473,2022-02-28,0.23781283,XGBoost
3474,2022-02-28,0.0851505,XGBoost
3475,2022-02-28,0.21124963,XGBoost
3476,2022-02-28,0.082363784,XGBoost
3477,2022-02-28,0.23098095,XGBoost
3478,2022-02-28,0.07302007,XGBoost
3479,2022-02-28,0.07680803,XGBoost
348,2022-02-28,0.08182781,XGBoost
3480,2022-02-28,0.21701865,XGBoost
3481,2022-02-28,0.0767633,XGBoost
3482,2022-02-28,0.08503322,XGBoost
3483,2022-02-28,0.23541163,XGBoost
3484,2022-02-28,0.068718486,XGBoost
3485,2022-02-28,0.08320494,XGBoost
3486,2022-02-28,0.083120875,XGBoost
3487,2022-02-28,0.08354348,XGBoost
3488,2022-02-28,0.23232305,XGBoost
3489,2022-02-28,0.2127345,XGBoost
349,2022-02-28,0.078017496,XGBoost
3490,2022-02-28,0.08499541,XGBoost
3491,2022-02-28,0.2605099,XGBoost
3492,2022-02-28,0.085596405,XGBoost
3493,2022-02-28,0.22726735,XGBoost
3494,2022-02-28,0.21897028,XGBoost
3495,2022-02-28,0.08609813,XGBoost
3496,2022-02-28,0.24306086,XGBoost
3497,2022-02-28,0.21862526,XGBoost
3498,2022-02-28,0.08432489,XGBoost
3499,2022-02-28,0.075068526,XGBoost
35,2022-02-28,0.083168544,XGBoost
350,2022-02-28,0.08452738,XGBoost
3500,2022-02-28,0.087732695,XGBoost
3501,2022-02-28,0.23041375,XGBoost
3502,2022-02-28,0.087337285,XGBoost
3503,2022-02-28,0.23194762,XGBoost
3504,2022-02-28,0.073432535,XGBoost
3505,2022-02-28,0.19087715,XGBoost
3506,2022-02-28,0.07519732,XGBoost
3507,2022-02-28,0.08510609,XGBoost
3508,2022-02-28,0.21206698,XGBoost
3509,2022-02-28,0.08064308,XGBoost
351,2022-02-28,0.08706808,XGBoost
3510,2022-02-28,0.21048461,XGBoost
3511,2022-02-28,0.067974724,XGBoost
3512,2022-02-28,0.08224815,XGBoost
3513,2022-02-28,0.19811626,XGBoost
3514,2022-02-28,0.22953849,XGBoost
3515,2022-02-28,0.08179816,XGBoost
3516,2022-02-28,0.08259433,XGBoost
3517,2022-02-28,0.26554283,XGBoost
3518,2022-02-28,0.08245101,XGBoost
3519,2022-02-28,0.08572043,XGBoost
352,2022-02-28,0.08578417,XGBoost
3520,2022-02-28,0.07305731,XGBoost
3521,2022-02-28,0.07800957,XGBoost
3522,2022-02-28,0.25894564,XGBoost
3523,2022-02-28,0.083773404,XGBoost
3524,2022-02-28,0.07123415,XGBoost
3525,2022-02-28,0.086258814,XGBoost
3526,2022-02-28,0.08365781,XGBoost
3527,2022-02-28,0.07753144,XGBoost
3528,2022-02-28,0.19665408,XGBoost
3529,2022-02-28,0.0653468,XGBoost
353,2022-02-28,0.08010074,XGBoost
3530,2022-02-28,0.22059686,XGBoost
3531,2022-02-28,0.21061385,XGBoost
3532,2022-02-28,0.06577384,XGBoost
3533,2022-02-28,0.23788868,XGBoost
3534,2022-02-28,0.2093259,XGBoost
3535,2022-02-28,0.08704436,XGBoost
3536,2022-02-28,0.25165626,XGBoost
3537,2022-02-28,0.06640653,XGBoost
3538,2022-02-28,0.084671915,XGBoost
3539,2022-02-28,0.25381482,XGBoost
354,2022-02-28,0.08121892,XGBoost
3540,2022-02-28,0.087646455,XGBoost
3541,2022-02-28,0.22784346,XGBoost
3542,2022-02-28,0.21812262,XGBoost
3543,2022-02-28,0.08612833,XGBoost
3544,2022-02-28,0.23281652,XGBoost
3545,2022-02-28,0.0847101,XGBoost
3546,2022-02-28,0.07017568,XGBoost
3547,2022-02-28,0.23754227,XGBoost
3548,2022-02-28,0.22941865,XGBoost
3549,2022-02-28,0.23876725,XGBoost
355,2022-02-28,0.07795337,XGBoost
3550,2022-02-28,0.22329251,XGBoost
3551,2022-02-28,0.2359094,XGBoost
3552,2022-02-28,0.07731881,XGBoost
3553,2022-02-28,0.23174812,XGBoost
3554,2022-02-28,0.087376386,XGBoost
3555,2022-02-28,0.19850294,XGBoost
3556,2022-02-28,0.086465366,XGBoost
3557,2022-02-28,0.083648086,XGBoost
3558,2022-02-28,0.07163795,XGBoost
3559,2022-02-28,0.083592124,XGBoost
356,2022-02-28,0.083781675,XGBoost
3560,2022-02-28,0.0864941,XGBoost
3561,2022-02-28,0.08242733,XGBoost
3562,2022-02-28,0.077815786,XGBoost
3563,2022-02-28,0.22563562,XGBoost
3564,2022-02-28,0.06513684,XGBoost
3565,2022-02-28,0.08547374,XGBoost
3566,2022-02-28,0.21767424,XGBoost
3567,2022-02-28,0.081052616,XGBoost
3568,2022-02-28,0.21576191,XGBoost
3569,2022-02-28,0.24988115,XGBoost
357,2022-02-28,0.19968773,XGBoost
3570,2022-02-28,0.23702568,XGBoost
3571,2022-02-28,0.23249279,XGBoost
3572,2022-02-28,0.21384093,XGBoost
3573,2022-02-28,0.23146072,XGBoost
3574,2022-02-28,0.0877719,XGBoost
3575,2022-02-28,0.22329262,XGBoost
3576,2022-02-28,0.23000523,XGBoost
3577,2022-02-28,0.23986506,XGBoost
3578,2022-02-28,0.22962797,XGBoost
3579,2022-02-28,0.23012929,XGBoost
358,2022-02-28,0.07736435,XGBoost
3580,2022-02-28,0.21104443,XGBoost
3581,2022-02-28,0.24029782,XGBoost
3582,2022-02-28,0.24162559,XGBoost
3583,2022-02-28,0.06462171,XGBoost
3584,2022-02-28,0.08659876,XGBoost
3585,2022-02-28,0.08170549,XGBoost
3586,2022-02-28,0.08257496,XGBoost
3587,2022-02-28,0.075420834,XGBoost
3588,2022-02-28,0.20733106,XGBoost
3589,2022-02-28,0.2455637,XGBoost
359,2022-02-28,0.23213798,XGBoost
3590,2022-02-28,0.23836295,XGBoost
3591,2022-02-28,0.07234346,XGBoost
3592,2022-02-28,0.228986,XGBoost
3593,2022-02-28,0.08388567,XGBoost
3594,2022-02-28,0.08397633,XGBoost
3595,2022-02-28,0.21435413,XGBoost
3596,2022-02-28,0.08006558,XGBoost
3597,2022-02-28,0.21430795,XGBoost
3598,2022-02-28,0.22561294,XGBoost
3599,2022-02-28,0.23331967,XGBoost
36,2022-02-28,0.0831236,XGBoost
360,2022-02-28,0.071310826,XGBoost
3600,2022-02-28,0.08353192,XGBoost
3601,2022-02-28,0.22859618,XGBoost
3602,2022-02-28,0.087697856,XGBoost
3603,2022-02-28,0.21694675,XGBoost
3604,2022-02-28,0.08529939,XGBoost
3605,2022-02-28,0.07022757,XGBoost
3606,2022-02-28,0.08374347,XGBoost
3607,2022-02-28,0.08345597,XGBoost
3608,2022-02-28,0.08533309,XGBoost
3609,2022-02-28,0.08715791,XGBoost
361,2022-02-28,0.21417084,XGBoost
3610,2022-02-28,0.08739624,XGBoost
3611,2022-02-28,0.08674221,XGBoost
3612,2022-02-28,0.07896947,XGBoost
3613,2022-02-28,0.2258031,XGBoost
3614,2022-02-28,0.2169108,XGBoost
3615,2022-02-28,0.08330602,XGBoost
3616,2022-02-28,0.24046117,XGBoost
3617,2022-02-28,0.086214945,XGBoost
3618,2022-02-28,0.07979601,XGBoost
3619,2022-02-28,0.20617656,XGBoost
362,2022-02-28,0.08236692,XGBoost
3620,2022-02-28,0.23892617,XGBoost
3621,2022-02-28,0.08236644,XGBoost
3622,2022-02-28,0.079508215,XGBoost
3623,2022-02-28,0.24932502,XGBoost
3624,2022-02-28,0.23810692,XGBoost
3625,2022-02-28,0.08522607,XGBoost
3626,2022-02-28,0.21198817,XGBoost
3627,2022-02-28,0.23269485,XGBoost
3628,2022-02-28,0.21523519,XGBoost
3629,2022-02-28,0.08436291,XGBoost
363,2022-02-28,0.07367542,XGBoost
3630,2022-02-28,0.084120035,XGBoost
3631,2022-02-28,0.08488951,XGBoost
3632,2022-02-28,0.08475056,XGBoost
3633,2022-02-28,0.08758167,XGBoost
3634,2022-02-28,0.08322025,XGBoost
3635,2022-02-28,0.08237032,XGBoost
3636,2022-02-28,0.0715432,XGBoost
3637,2022-02-28,0.08721916,XGBoost
3638,2022-02-28,0.22991757,XGBoost
3639,2022-02-28,0.24551542,XGBoost
364,2022-02-28,0.22882706,XGBoost
3640,2022-02-28,0.08882068,XGBoost
3641,2022-02-28,0.23616558,XGBoost
3642,2022-02-28,0.07742203,XGBoost
3643,2022-02-28,0.08741682,XGBoost
3644,2022-02-28,0.07714026,XGBoost
3645,2022-02-28,0.077650845,XGBoost
3646,2022-02-28,0.2419917,XGBoost
3647,2022-02-28,0.08201032,XGBoost
3648,2022-02-28,0.084461965,XGBoost
3649,2022-02-28,0.0874754,XGBoost
365,2022-02-28,0.08730873,XGBoost
3650,2022-02-28,0.07554212,XGBoost
3651,2022-02-28,0.07746067,XGBoost
3652,2022-02-28,0.08498923,XGBoost
3653,2022-02-28,0.07872701,XGBoost
3654,2022-02-28,0.21750893,XGBoost
3655,2022-02-28,0.07714706,XGBoost
3656,2022-02-28,0.23803836,XGBoost
3657,2022-02-28,0.09247605,XGBoost
3658,2022-02-28,0.25518826,XGBoost
3659,2022-02-28,0.2641777,XGBoost
366,2022-02-28,0.08130195,XGBoost
3660,2022-02-28,0.22544767,XGBoost
3661,2022-02-28,0.0888625,XGBoost
3662,2022-02-28,0.22758456,XGBoost
3663,2022-02-28,0.22760382,XGBoost
3664,2022-02-28,0.23630172,XGBoost
3665,2022-02-28,0.08200632,XGBoost
3666,2022-02-28,0.2021329,XGBoost
3667,2022-02-28,0.07271888,XGBoost
3668,2022-02-28,0.07313603,XGBoost
3669,2022-02-28,0.2388244,XGBoost
367,2022-02-28,0.087368645,XGBoost
3670,2022-02-28,0.0874653,XGBoost
3671,2022-02-28,0.078155205,XGBoost
3672,2022-02-28,0.2217541,XGBoost
3673,2022-02-28,0.22866817,XGBoost
3674,2022-02-28,0.23344779,XGBoost
3675,2022-02-28,0.22322313,XGBoost
3676,2022-02-28,0.08192961,XGBoost
3677,2022-02-28,0.24157554,XGBoost
3678,2022-02-28,0.084534906,XGBoost
3679,2022-02-28,0.23701318,XGBoost
368,2022-02-28,0.08393142,XGBoost
3680,2022-02-28,0.08230462,XGBoost
3681,2022-02-28,0.22413403,XGBoost
3682,2022-02-28,0.22906333,XGBoost
3683,2022-02-28,0.08149712,XGBoost
3684,2022-02-28,0.23154682,XGBoost
3685,2022-02-28,0.22340865,XGBoost
3686,2022-02-28,0.08685679,XGBoost
3687,2022-02-28,0.20149912,XGBoost
3688,2022-02-28,0.22574115,XGBoost
3689,2022-02-28,0.079601206,XGBoost
369,2022-02-28,0.21613601,XGBoost
3690,2022-02-28,0.087974824,XGBoost
3691,2022-02-28,0.08291597,XGBoost
3692,2022-02-28,0.23372121,XGBoost
3693,2022-02-28,0.078491725,XGBoost
3694,2022-02-28,0.2464816,XGBoost
3695,2022-02-28,0.08281361,XGBoost
3696,2022-02-28,0.2393495,XGBoost
3697,2022-02-28,0.08384849,XGBoost
3698,2022-02-28,0.08671274,XGBoost
3699,2022-02-28,0.08399852,XGBoost
37,2022-02-28,0.07985168,XGBoost
370,2022-02-28,0.20991385,XGBoost
3700,2022-02-28,0.0756339,XGBoost
3701,2022-02-28,0.23644865,XGBoost
3702,2022-02-28,0.20621957,XGBoost
3703,2022-02-28,0.21968122,XGBoost
3704,2022-02-28,0.085579254,XGBoost
3705,2022-02-28,0.07739343,XGBoost
3706,2022-02-28,0.22587994,XGBoost
3707,2022-02-28,0.08366752,XGBoost
3708,2022-02-28,0.08529064,XGBoost
3709,2022-02-28,0.20787989,XGBoost
371,2022-02-28,0.2512482,XGBoost
3710,2022-02-28,0.06797699,XGBoost
3711,2022-02-28,0.08687984,XGBoost
3712,2022-02-28,0.08234826,XGBoost
3713,2022-02-28,0.07980344,XGBoost
3714,2022-02-28,0.08541097,XGBoost
3715,2022-02-28,0.23156399,XGBoost
3716,2022-02-28,0.08272256,XGBoost
3717,2022-02-28,0.19721876,XGBoost
3718,2022-02-28,0.24198633,XGBoost
3719,2022-02-28,0.08096915,XGBoost
372,2022-02-28,0.21659508,XGBoost
3720,2022-02-28,0.23551986,XGBoost
3721,2022-02-28,0.08744035,XGBoost
3722,2022-02-28,0.2527989,XGBoost
3723,2022-02-28,0.23459494,XGBoost
3724,2022-02-28,0.22783805,XGBoost
3725,2022-02-28,0.08530114,XGBoost
3726,2022-02-28,0.0821309,XGBoost
3727,2022-02-28,0.08490838,XGBoost
3728,2022-02-28,0.08718877,XGBoost
3729,2022-02-28,0.08067987,XGBoost
373,2022-02-28,0.081207916,XGBoost
3730,2022-02-28,0.080056004,XGBoost
3731,2022-02-28,0.23266938,XGBoost
3732,2022-02-28,0.25144264,XGBoost
3733,2022-02-28,0.08474964,XGBoost
3734,2022-02-28,0.22387771,XGBoost
3735,2022-02-28,0.07390566,XGBoost
3736,2022-02-28,0.07888733,XGBoost
3737,2022-02-28,0.08613034,XGBoost
3738,2022-02-28,0.08087876,XGBoost
3739,2022-02-28,0.088549204,XGBoost
374,2022-02-28,0.082694545,XGBoost
3740,2022-02-28,0.07277763,XGBoost
3741,2022-02-28,0.06825457,XGBoost
3742,2022-02-28,0.2224042,XGBoost
3743,2022-02-28,0.20696081,XGBoost
3744,2022-02-28,0.085599676,XGBoost
3745,2022-02-28,0.24611689,XGBoost
3746,2022-02-28,0.084869474,XGBoost
3747,2022-02-28,0.08375323,XGBoost
3748,2022-02-28,0.22687863,XGBoost
3749,2022-02-28,0.2409702,XGBoost
375,2022-02-28,0.085597634,XGBoost
3750,2022-02-28,0.072975986,XGBoost
3751,2022-02-28,0.25771374,XGBoost
3752,2022-02-28,0.2234322,XGBoost
3753,2022-02-28,0.064192496,XGBoost
3754,2022-02-28,0.078683764,XGBoost
3755,2022-02-28,0.083832406,XGBoost
3756,2022-02-28,0.21472622,XGBoost
3757,2022-02-28,0.087776974,XGBoost
3758,2022-02-28,0.21588136,XGBoost
3759,2022-02-28,0.23186609,XGBoost
376,2022-02-28,0.082551226,XGBoost
3760,2022-02-28,0.08114671,XGBoost
3761,2022-02-28,0.08270959,XGBoost
3762,2022-02-28,0.07101293,XGBoost
3763,2022-02-28,0.08539977,XGBoost
3764,2022-02-28,0.2296181,XGBoost
3765,2022-02-28,0.08466434,XGBoost
3766,2022-02-28,0.09059707,XGBoost
3767,2022-02-28,0.0863726,XGBoost
3768,2022-02-28,0.081656955,XGBoost
3769,2022-02-28,0.2304339,XGBoost
377,2022-02-28,0.071828954,XGBoost
3770,2022-02-28,0.23241349,XGBoost
3771,2022-02-28,0.2112549,XGBoost
3772,2022-02-28,0.20863245,XGBoost
3773,2022-02-28,0.08231908,XGBoost
3774,2022-02-28,0.07969018,XGBoost
3775,2022-02-28,0.24134697,XGBoost
3776,2022-02-28,0.08406602,XGBoost
3777,2022-02-28,0.21329498,XGBoost
3778,2022-02-28,0.34678724,XGBoost
3779,2022-02-28,0.25572878,XGBoost
378,2022-02-28,0.23402332,XGBoost
3780,2022-02-28,0.08882531,XGBoost
3781,2022-02-28,0.0683544,XGBoost
3782,2022-02-28,0.23860906,XGBoost
3783,2022-02-28,0.2505869,XGBoost
3784,2022-02-28,0.07759909,XGBoost
3785,2022-02-28,0.24011093,XGBoost
3786,2022-02-28,0.07280059,XGBoost
3787,2022-02-28,0.08086319,XGBoost
3788,2022-02-28,0.21722996,XGBoost
3789,2022-02-28,0.06814861,XGBoost
379,2022-02-28,0.08497873,XGBoost
3790,2022-02-28,0.21480034,XGBoost
3791,2022-02-28,0.23401237,XGBoost
3792,2022-02-28,0.08191258,XGBoost
3793,2022-02-28,0.08601603,XGBoost
3794,2022-02-28,0.2063136,XGBoost
3795,2022-02-28,0.22847869,XGBoost
3796,2022-02-28,0.085888304,XGBoost
3797,2022-02-28,0.21978082,XGBoost
3798,2022-02-28,0.07909668,XGBoost
3799,2022-02-28,0.08817598,XGBoost
38,2022-02-28,0.08103547,XGBoost
380,2022-02-28,0.22017011,XGBoost
3800,2022-02-28,0.23948194,XGBoost
3801,2022-02-28,0.19146024,XGBoost
3802,2022-02-28,0.085402325,XGBoost
3803,2022-02-28,0.07870957,XGBoost
3804,2022-02-28,0.07200973,XGBoost
3805,2022-02-28,0.07318459,XGBoost
3806,2022-02-28,0.085782036,XGBoost
3807,2022-02-28,0.07837674,XGBoost
3808,2022-02-28,0.06836612,XGBoost
3809,2022-02-28,0.23288602,XGBoost
381,2022-02-28,0.07950511,XGBoost
3810,2022-02-28,0.08286428,XGBoost
3811,2022-02-28,0.08445907,XGBoost
3812,2022-02-28,0.22884041,XGBoost
3813,2022-02-28,0.07983633,XGBoost
3814,2022-02-28,0.2402128,XGBoost
3815,2022-02-28,0.08381951,XGBoost
3816,2022-02-28,0.21666713,XGBoost
3817,2022-02-28,0.06871947,XGBoost
3818,2022-02-28,0.24992156,XGBoost
3819,2022-02-28,0.070780076,XGBoost
382,2022-02-28,0.07186023,XGBoost
3820,2022-02-28,0.08282774,XGBoost
3821,2022-02-28,0.22023255,XGBoost
3822,2022-02-28,0.07246176,XGBoost
3823,2022-02-28,0.08939027,XGBoost
3824,2022-02-28,0.083840266,XGBoost
3825,2022-02-28,0.07116838,XGBoost
3826,2022-02-28,0.076521456,XGBoost
3827,2022-02-28,0.08536377,XGBoost
3828,2022-02-28,0.21782282,XGBoost
3829,2022-02-28,0.23782611,XGBoost
383,2022-02-28,0.07353854,XGBoost
3830,2022-02-28,0.2039092,XGBoost
3831,2022-02-28,0.07032155,XGBoost
3832,2022-02-28,0.08224449,XGBoost
3833,2022-02-28,0.21966247,XGBoost
3834,2022-02-28,0.23345692,XGBoost
3835,2022-02-28,0.07253146,XGBoost
3836,2022-02-28,0.22750916,XGBoost
3837,2022-02-28,0.2491897,XGBoost
3838,2022-02-28,0.22829331,XGBoost
3839,2022-02-28,0.07703063,XGBoost
384,2022-02-28,0.21989723,XGBoost
3840,2022-02-28,0.08589039,XGBoost
3841,2022-02-28,0.08535481,XGBoost
3842,2022-02-28,0.21221521,XGBoost
3843,2022-02-28,0.08203882,XGBoost
3844,2022-02-28,0.22818044,XGBoost
3845,2022-02-28,0.22972038,XGBoost
3846,2022-02-28,0.22776176,XGBoost
3847,2022-02-28,0.08110031,XGBoost
3848,2022-02-28,0.08419325,XGBoost
3849,2022-02-28,0.23891911,XGBoost
385,2022-02-28,0.24724361,XGBoost
3850,2022-02-28,0.21862252,XGBoost
3851,2022-02-28,0.07810731,XGBoost
3852,2022-02-28,0.07005077,XGBoost
3853,2022-02-28,0.07684033,XGBoost
3854,2022-02-28,0.07317877,XGBoost
3855,2022-02-28,0.23294711,XGBoost
3856,2022-02-28,0.2164698,XGBoost
3857,2022-02-28,0.086095735,XGBoost
3858,2022-02-28,0.22711723,XGBoost
3859,2022-02-28,0.0837323,XGBoost
386,2022-02-28,0.06986677,XGBoost
3860,2022-02-28,0.08604434,XGBoost
3861,2022-02-28,0.25236973,XGBoost
3862,2022-02-28,0.08656611,XGBoost
3863,2022-02-28,0.21536618,XGBoost
3864,2022-02-28,0.07689106,XGBoost
3865,2022-02-28,0.083928674,XGBoost
3866,2022-02-28,0.21521766,XGBoost
3867,2022-02-28,0.22653607,XGBoost
3868,2022-02-28,0.06707668,XGBoost
3869,2022-02-28,0.22773114,XGBoost
387,2022-02-28,0.08341761,XGBoost
3870,2022-02-28,0.078672044,XGBoost
3871,2022-02-28,0.21910334,XGBoost
3872,2022-02-28,0.06688306,XGBoost
3873,2022-02-28,0.07317956,XGBoost
3874,2022-02-28,0.21181074,XGBoost
3875,2022-02-28,0.086118914,XGBoost
3876,2022-02-28,0.071352385,XGBoost
3877,2022-02-28,0.084415324,XGBoost
3878,2022-02-28,0.23146628,XGBoost
3879,2022-02-28,0.24044067,XGBoost
388,2022-02-28,0.23374727,XGBoost
3880,2022-02-28,0.21993351,XGBoost
3881,2022-02-28,0.22300375,XGBoost
3882,2022-02-28,0.080125935,XGBoost
3883,2022-02-28,0.22303414,XGBoost
3884,2022-02-28,0.22798316,XGBoost
3885,2022-02-28,0.23311113,XGBoost
3886,2022-02-28,0.23894586,XGBoost
3887,2022-02-28,0.20537134,XGBoost
3888,2022-02-28,0.08703742,XGBoost
3889,2022-02-28,0.088021725,XGBoost
389,2022-02-28,0.24970078,XGBoost
3890,2022-02-28,0.23014455,XGBoost
3891,2022-02-28,0.07944286,XGBoost
3892,2022-02-28,0.07257488,XGBoost
3893,2022-02-28,0.08143835,XGBoost
3894,2022-02-28,0.085437424,XGBoost
3895,2022-02-28,0.0765086,XGBoost
3896,2022-02-28,0.07795226,XGBoost
3897,2022-02-28,0.08589051,XGBoost
3898,2022-02-28,0.081942536,XGBoost
3899,2022-02-28,0.227745,XGBoost
39,2022-02-28,0.24562253,XGBoost
390,2022-02-28,0.08357188,XGBoost
3900,2022-02-28,0.22383603,XGBoost
3901,2022-02-28,0.22774807,XGBoost
3902,2022-02-28,0.07296013,XGBoost
3903,2022-02-28,0.08075845,XGBoost
3904,2022-02-28,0.08492115,XGBoost
3905,2022-02-28,0.08595054,XGBoost
3906,2022-02-28,0.08351113,XGBoost
3907,2022-02-28,0.20408109,XGBoost
3908,2022-02-28,0.24783257,XGBoost
3909,2022-02-28,0.08081299,XGBoost
391,2022-02-28,0.231472,XGBoost
3910,2022-02-28,0.073905945,XGBoost
3911,2022-02-28,0.2519102,XGBoost
3912,2022-02-28,0.084124245,XGBoost
3913,2022-02-28,0.0735636,XGBoost
3914,2022-02-28,0.0712701,XGBoost
3915,2022-02-28,0.080096416,XGBoost
3916,2022-02-28,0.08392009,XGBoost
3917,2022-02-28,0.084834956,XGBoost
3918,2022-02-28,0.07748363,XGBoost
3919,2022-02-28,0.08209733,XGBoost
392,2022-02-28,0.08621492,XGBoost
3920,2022-02-28,0.23575103,XGBoost
3921,2022-02-28,0.08237283,XGBoost
3922,2022-02-28,0.24323355,XGBoost
3923,2022-02-28,0.08584146,XGBoost
3924,2022-02-28,0.079609975,XGBoost
3925,2022-02-28,0.2045918,XGBoost
3926,2022-02-28,0.07865081,XGBoost
3927,2022-02-28,0.22428626,XGBoost
3928,2022-02-28,0.2471085,XGBoost
3929,2022-02-28,0.24775991,XGBoost
393,2022-02-28,0.23183842,XGBoost
3930,2022-02-28,0.086414695,XGBoost
3931,2022-02-28,0.085070245,XGBoost
3932,2022-02-28,0.0852244,XGBoost
3933,2022-02-28,0.23360251,XGBoost
3934,2022-02-28,0.08682988,XGBoost
3935,2022-02-28,0.22187161,XGBoost
3936,2022-02-28,0.23279798,XGBoost
3937,2022-02-28,0.08468464,XGBoost
3938,2022-02-28,0.2217739,XGBoost
3939,2022-02-28,0.07763269,XGBoost
394,2022-02-28,0.085158736,XGBoost
3940,2022-02-28,0.06951468,XGBoost
3941,2022-02-28,0.24312626,XGBoost
3942,2022-02-28,0.24886581,XGBoost
3943,2022-02-28,0.083658114,XGBoost
3944,2022-02-28,0.07311056,XGBoost
3945,2022-02-28,0.23155041,XGBoost
3946,2022-02-28,0.06447646,XGBoost
3947,2022-02-28,0.21842849,XGBoost
3948,2022-02-28,0.084219456,XGBoost
3949,2022-02-28,0.21346211,XGBoost
395,2022-02-28,0.2304847,XGBoost
3950,2022-02-28,0.07094692,XGBoost
3951,2022-02-28,0.2054381,XGBoost
3952,2022-02-28,0.08849698,XGBoost
3953,2022-02-28,0.078942806,XGBoost
3954,2022-02-28,0.07608879,XGBoost
3955,2022-02-28,0.08041915,XGBoost
3956,2022-02-28,0.24869353,XGBoost
3957,2022-02-28,0.082839414,XGBoost
3958,2022-02-28,0.06628506,XGBoost
3959,2022-02-28,0.08673699,XGBoost
396,2022-02-28,0.23856491,XGBoost
3960,2022-02-28,0.08020734,XGBoost
3961,2022-02-28,0.20435749,XGBoost
3962,2022-02-28,0.22865395,XGBoost
3963,2022-02-28,0.2569601,XGBoost
3964,2022-02-28,0.2491698,XGBoost
3965,2022-02-28,0.2256006,XGBoost
3966,2022-02-28,0.08417966,XGBoost
3967,2022-02-28,0.24892884,XGBoost
3968,2022-02-28,0.23334098,XGBoost
3969,2022-02-28,0.21911404,XGBoost
397,2022-02-28,0.23108019,XGBoost
3970,2022-02-28,0.08338608,XGBoost
3971,2022-02-28,0.08453007,XGBoost
3972,2022-02-28,0.08315398,XGBoost
3973,2022-02-28,0.076776214,XGBoost
3974,2022-02-28,0.08329273,XGBoost
3975,2022-02-28,0.08550966,XGBoost
3976,2022-02-28,0.07787827,XGBoost
3977,2022-02-28,0.0734031,XGBoost
3978,2022-02-28,0.08605218,XGBoost
3979,2022-02-28,0.0841524,XGBoost
398,2022-02-28,0.083871655,XGBoost
3980,2022-02-28,0.22696729,XGBoost
3981,2022-02-28,0.08674618,XGBoost
3982,2022-02-28,0.0811826,XGBoost
3983,2022-02-28,0.08510478,XGBoost
3984,2022-02-28,0.25354528,XGBoost
3985,2022-02-28,0.22672811,XGBoost
3986,2022-02-28,0.08783714,XGBoost
3987,2022-02-28,0.08772417,XGBoost
3988,2022-02-28,0.0834022,XGBoost
3989,2022-02-28,0.08410677,XGBoost
399,2022-02-28,0.073659025,XGBoost
3990,2022-02-28,0.0834383,XGBoost
3991,2022-02-28,0.08396746,XGBoost
3992,2022-02-28,0.08517425,XGBoost
3993,2022-02-28,0.08569459,XGBoost
3994,2022-02-28,0.22932465,XGBoost
3995,2022-02-28,0.23577198,XGBoost
3996,2022-02-28,0.23333517,XGBoost
3997,2022-02-28,0.079786554,XGBoost
3998,2022-02-28,0.22516344,XGBoost
3999,2022-02-28,0.07794954,XGBoost
4,2022-02-28,0.08456299,XGBoost
40,2022-02-28,0.089454964,XGBoost
400,2022-02-28,0.071923,XGBoost
4000,2022-02-28,0.22826055,XGBoost
4001,2022-02-28,0.2284848,XGBoost
4002,2022-02-28,0.08502311,XGBoost
4003,2022-02-28,0.08058399,XGBoost
4004,2022-02-28,0.21799321,XGBoost
4005,2022-02-28,0.22832675,XGBoost
4006,2022-02-28,0.08631033,XGBoost
4007,2022-02-28,0.08637148,XGBoost
4008,2022-02-28,0.23991458,XGBoost
4009,2022-02-28,0.23033926,XGBoost
401,2022-02-28,0.23840283,XGBoost
4010,2022-02-28,0.068485744,XGBoost
4011,2022-02-28,0.08365474,XGBoost
4012,2022-02-28,0.20493816,XGBoost
4013,2022-02-28,0.0799633,XGBoost
4014,2022-02-28,0.22717318,XGBoost
4015,2022-02-28,0.24334006,XGBoost
4016,2022-02-28,0.09064887,XGBoost
4017,2022-02-28,0.07619088,XGBoost
4018,2022-02-28,0.20199984,XGBoost
4019,2022-02-28,0.23910333,XGBoost
402,2022-02-28,0.0850945,XGBoost
4020,2022-02-28,0.084870845,XGBoost
4021,2022-02-28,0.24495085,XGBoost
4022,2022-02-28,0.2354631,XGBoost
4023,2022-02-28,0.084996514,XGBoost
4024,2022-02-28,0.08645276,XGBoost
4025,2022-02-28,0.08433387,XGBoost
4026,2022-02-28,0.086198546,XGBoost
4027,2022-02-28,0.21040054,XGBoost
4028,2022-02-28,0.22815253,XGBoost
4029,2022-02-28,0.23386627,XGBoost
403,2022-02-28,0.08752431,XGBoost
4030,2022-02-28,0.084203154,XGBoost
4031,2022-02-28,0.07340079,XGBoost
4032,2022-02-28,0.08790667,XGBoost
4033,2022-02-28,0.07694858,XGBoost
4034,2022-02-28,0.08548014,XGBoost
4035,2022-02-28,0.08096806,XGBoost
4036,2022-02-28,0.07618893,XGBoost
4037,2022-02-28,0.21267079,XGBoost
4038,2022-02-28,0.08525165,XGBoost
4039,2022-02-28,0.07450331,XGBoost
404,2022-02-28,0.07795937,XGBoost
4040,2022-02-28,0.08328289,XGBoost
4041,2022-02-28,0.07089547,XGBoost
4042,2022-02-28,0.0713305,XGBoost
4043,2022-02-28,0.23979434,XGBoost
4044,2022-02-28,0.083808765,XGBoost
4045,2022-02-28,0.07354936,XGBoost
4046,2022-02-28,0.22072639,XGBoost
4047,2022-02-28,0.086487606,XGBoost
4048,2022-02-28,0.08277907,XGBoost
4049,2022-02-28,0.22250007,XGBoost
405,2022-02-28,0.2384007,XGBoost
4050,2022-02-28,0.090017796,XGBoost
4051,2022-02-28,0.08484333,XGBoost
4052,2022-02-28,0.08241586,XGBoost
4053,2022-02-28,0.24419942,XGBoost
4054,2022-02-28,0.07536703,XGBoost
4055,2022-02-28,0.06916264,XGBoost
4056,2022-02-28,0.08312273,XGBoost
4057,2022-02-28,0.22645971,XGBoost
4058,2022-02-28,0.07828255,XGBoost
4059,2022-02-28,0.08183876,XGBoost
406,2022-02-28,0.08668767,XGBoost
4060,2022-02-28,0.072796114,XGBoost
4061,2022-02-28,0.08268267,XGBoost
4062,2022-02-28,0.075840406,XGBoost
4063,2022-02-28,0.08498958,XGBoost
4064,2022-02-28,0.08512011,XGBoost
4065,2022-02-28,0.082625166,XGBoost
4066,2022-02-28,0.07283392,XGBoost
4067,2022-02-28,0.081552655,XGBoost
4068,2022-02-28,0.083257474,XGBoost
4069,2022-02-28,0.08847426,XGBoost
407,2022-02-28,0.07331358,XGBoost
4070,2022-02-28,0.08191833,XGBoost
4071,2022-02-28,0.2279527,XGBoost
4072,2022-02-28,0.24031204,XGBoost
4073,2022-02-28,0.071659505,XGBoost
4074,2022-02-28,0.2300152,XGBoost
4075,2022-02-28,0.08465501,XGBoost
4076,2022-02-28,0.08815066,XGBoost
4077,2022-02-28,0.08373415,XGBoost
4078,2022-02-28,0.2218286,XGBoost
4079,2022-02-28,0.06630628,XGBoost
408,2022-02-28,0.22138947,XGBoost
4080,2022-02-28,0.23542315,XGBoost
4081,2022-02-28,0.08369265,XGBoost
4082,2022-02-28,0.26345542,XGBoost
4083,2022-02-28,0.07751449,XGBoost
4084,2022-02-28,0.08691722,XGBoost
4085,2022-02-28,0.24611945,XGBoost
4086,2022-02-28,0.082276605,XGBoost
4087,2022-02-28,0.087885715,XGBoost
4088,2022-02-28,0.22441143,XGBoost
4089,2022-02-28,0.2609124,XGBoost
409,2022-02-28,0.08709796,XGBoost
4090,2022-02-28,0.08217154,XGBoost
4091,2022-02-28,0.24914382,XGBoost
4092,2022-02-28,0.07694248,XGBoost
4093,2022-02-28,0.22689496,XGBoost
4094,2022-02-28,0.23444527,XGBoost
4095,2022-02-28,0.08656625,XGBoost
4096,2022-02-28,0.08353719,XGBoost
4097,2022-02-28,0.21962401,XGBoost
4098,2022-02-28,0.22654432,XGBoost
4099,2022-02-28,0.08904775,XGBoost
41,2022-02-28,0.22619781,XGBoost
410,2022-02-28,0.22259933,XGBoost
4100,2022-02-28,0.08115262,XGBoost
4101,2022-02-28,0.078116834,XGBoost
4102,2022-02-28,0.07988748,XGBoost
4103,2022-02-28,0.23525764,XGBoost
4104,2022-02-28,0.24665749,XGBoost
4105,2022-02-28,0.21574697,XGBoost
4106,2022-02-28,0.23582187,XGBoost
4107,2022-02-28,0.23996605,XGBoost
4108,2022-02-28,0.22051375,XGBoost
4109,2022-02-28,0.2246817,XGBoost
411,2022-02-28,0.0877318,XGBoost
4110,2022-02-28,0.08180348,XGBoost
4111,2022-02-28,0.08687817,XGBoost
4112,2022-02-28,0.08097426,XGBoost
4113,2022-02-28,0.070776,XGBoost
4114,2022-02-28,0.08832314,XGBoost
4115,2022-02-28,0.08539846,XGBoost
4116,2022-02-28,0.07361317,XGBoost
4117,2022-02-28,0.0822806,XGBoost
4118,2022-02-28,0.222112,XGBoost
4119,2022-02-28,0.06552466,XGBoost
412,2022-02-28,0.25249442,XGBoost
4120,2022-02-28,0.083980106,XGBoost
4121,2022-02-28,0.22972518,XGBoost
4122,2022-02-28,0.07391897,XGBoost
4123,2022-02-28,0.25641978,XGBoost
4124,2022-02-28,0.079457864,XGBoost
4125,2022-02-28,0.22731219,XGBoost
4126,2022-02-28,0.24746212,XGBoost
4127,2022-02-28,0.083234005,XGBoost
4128,2022-02-28,0.2155757,XGBoost
4129,2022-02-28,0.082342274,XGBoost
413,2022-02-28,0.07894937,XGBoost
4130,2022-02-28,0.08321749,XGBoost
4131,2022-02-28,0.071698904,XGBoost
4132,2022-02-28,0.21329214,XGBoost
4133,2022-02-28,0.22584946,XGBoost
4134,2022-02-28,0.24465974,XGBoost
4135,2022-02-28,0.08665168,XGBoost
4136,2022-02-28,0.24784867,XGBoost
4137,2022-02-28,0.0809613,XGBoost
4138,2022-02-28,0.07079968,XGBoost
4139,2022-02-28,0.23953703,XGBoost
414,2022-02-28,0.077817075,XGBoost
4140,2022-02-28,0.084710814,XGBoost
4141,2022-02-28,0.07847194,XGBoost
4142,2022-02-28,0.22188313,XGBoost
4143,2022-02-28,0.08490559,XGBoost
4144,2022-02-28,0.23841713,XGBoost
4145,2022-02-28,0.07703446,XGBoost
4146,2022-02-28,0.23573685,XGBoost
4147,2022-02-28,0.08005926,XGBoost
4148,2022-02-28,0.23513886,XGBoost
4149,2022-02-28,0.081321456,XGBoost
415,2022-02-28,0.236013,XGBoost
4150,2022-02-28,0.079668395,XGBoost
4151,2022-02-28,0.09150283,XGBoost
4152,2022-02-28,0.084847644,XGBoost
4153,2022-02-28,0.22407609,XGBoost
4154,2022-02-28,0.23374917,XGBoost
4155,2022-02-28,0.0677011,XGBoost
4156,2022-02-28,0.08494042,XGBoost
4157,2022-02-28,0.08664492,XGBoost
4158,2022-02-28,0.084957235,XGBoost
4159,2022-02-28,0.08445981,XGBoost
416,2022-02-28,0.073106624,XGBoost
4160,2022-02-28,0.07003809,XGBoost
4161,2022-02-28,0.08146348,XGBoost
4162,2022-02-28,0.08322239,XGBoost
4163,2022-02-28,0.21945515,XGBoost
4164,2022-02-28,0.08222229,XGBoost
4165,2022-02-28,0.22883949,XGBoost
4166,2022-02-28,0.21744645,XGBoost
4167,2022-02-28,0.23971103,XGBoost
4168,2022-02-28,0.083918445,XGBoost
4169,2022-02-28,0.0776085,XGBoost
417,2022-02-28,0.23624218,XGBoost
4170,2022-02-28,0.08051181,XGBoost
4171,2022-02-28,0.2543353,XGBoost
4172,2022-02-28,0.24156354,XGBoost
4173,2022-02-28,0.078837775,XGBoost
4174,2022-02-28,0.08790311,XGBoost
4175,2022-02-28,0.22819531,XGBoost
4176,2022-02-28,0.24712966,XGBoost
4177,2022-02-28,0.08390384,XGBoost
4178,2022-02-28,0.25190723,XGBoost
4179,2022-02-28,0.08777181,XGBoost
418,2022-02-28,0.06797021,XGBoost
4180,2022-02-28,0.07896493,XGBoost
4181,2022-02-28,0.23766065,XGBoost
4182,2022-02-28,0.2308713,XGBoost
4183,2022-02-28,0.24591455,XGBoost
4184,2022-02-28,0.22687623,XGBoost
4185,2022-02-28,0.07518724,XGBoost
4186,2022-02-28,0.08324841,XGBoost
4187,2022-02-28,0.22108932,XGBoost
4188,2022-02-28,0.10139959,XGBoost
4189,2022-02-28,0.2265933,XGBoost
419,2022-02-28,0.079031736,XGBoost
4190,2022-02-28,0.26320076,XGBoost
4191,2022-02-28,0.081061445,XGBoost
4192,2022-02-28,0.22182189,XGBoost
4193,2022-02-28,0.2610083,XGBoost
4194,2022-02-28,0.21911694,XGBoost
4195,2022-02-28,0.08489338,XGBoost
4196,2022-02-28,0.070173725,XGBoost
4197,2022-02-28,0.07865687,XGBoost
4198,2022-02-28,0.22980207,XGBoost
4199,2022-02-28,0.23280402,XGBoost
42,2022-02-28,0.24079496,XGBoost
420,2022-02-28,0.23405883,XGBoost
4200,2022-02-28,0.25992325,XGBoost
4201,2022-02-28,0.090413816,XGBoost
4202,2022-02-28,0.21448752,XGBoost
4203,2022-02-28,0.24809013,XGBoost
4204,2022-02-28,0.25250295,XGBoost
4205,2022-02-28,0.21427917,XGBoost
4206,2022-02-28,0.22387807,XGBoost
4207,2022-02-28,0.08371822,XGBoost
4208,2022-02-28,0.07828305,XGBoost
4209,2022-02-28,0.072594054,XGBoost
421,2022-02-28,0.21512534,XGBoost
4210,2022-02-28,0.22470875,XGBoost
4211,2022-02-28,0.07892397,XGBoost
4212,2022-02-28,0.07286835,XGBoost
4213,2022-02-28,0.08815226,XGBoost
4214,2022-02-28,0.215546,XGBoost
4215,2022-02-28,0.07879553,XGBoost
4216,2022-02-28,0.08650061,XGBoost
4217,2022-02-28,0.2442144,XGBoost
4218,2022-02-28,0.071198694,XGBoost
4219,2022-02-28,0.0843889,XGBoost
422,2022-02-28,0.0841683,XGBoost
4220,2022-02-28,0.08347594,XGBoost
4221,2022-02-28,0.07874255,XGBoost
4222,2022-02-28,0.22915727,XGBoost
4223,2022-02-28,0.08033239,XGBoost
4224,2022-02-28,0.23007116,XGBoost
4225,2022-02-28,0.24123111,XGBoost
4226,2022-02-28,0.08400414,XGBoost
4227,2022-02-28,0.0778351,XGBoost
4228,2022-02-28,0.07143732,XGBoost
4229,2022-02-28,0.08546421,XGBoost
423,2022-02-28,0.2079397,XGBoost
4230,2022-02-28,0.08709896,XGBoost
4231,2022-02-28,0.23766053,XGBoost
4232,2022-02-28,0.08305383,XGBoost
4233,2022-02-28,0.07989529,XGBoost
4234,2022-02-28,0.08758144,XGBoost
4235,2022-02-28,0.21033107,XGBoost
4236,2022-02-28,0.24776845,XGBoost
4237,2022-02-28,0.22746901,XGBoost
4238,2022-02-28,0.23517783,XGBoost
4239,2022-02-28,0.07547774,XGBoost
424,2022-02-28,0.069845796,XGBoost
4240,2022-02-28,0.08299008,XGBoost
4241,2022-02-28,0.08638664,XGBoost
4242,2022-02-28,0.23430368,XGBoost
4243,2022-02-28,0.08276376,XGBoost
4244,2022-02-28,0.08191904,XGBoost
4245,2022-02-28,0.20839216,XGBoost
4246,2022-02-28,0.22843678,XGBoost
4247,2022-02-28,0.06359072,XGBoost
4248,2022-02-28,0.080164775,XGBoost
4249,2022-02-28,0.081534356,XGBoost
425,2022-02-28,0.08336987,XGBoost
4250,2022-02-28,0.072461784,XGBoost
4251,2022-02-28,0.077593535,XGBoost
4252,2022-02-28,0.08114958,XGBoost
4253,2022-02-28,0.21649301,XGBoost
4254,2022-02-28,0.21760912,XGBoost
4255,2022-02-28,0.07189146,XGBoost
4256,2022-02-28,0.25220004,XGBoost
4257,2022-02-28,0.2357422,XGBoost
4258,2022-02-28,0.0806405,XGBoost
4259,2022-02-28,0.0794708,XGBoost
426,2022-02-28,0.23498277,XGBoost
4260,2022-02-28,0.23132244,XGBoost
4261,2022-02-28,0.23921186,XGBoost
4262,2022-02-28,0.067338474,XGBoost
4263,2022-02-28,0.22703426,XGBoost
4264,2022-02-28,0.22561297,XGBoost
4265,2022-02-28,0.22999054,XGBoost
4266,2022-02-28,0.23708525,XGBoost
4267,2022-02-28,0.23624161,XGBoost
4268,2022-02-28,0.07822571,XGBoost
4269,2022-02-28,0.07214241,XGBoost
427,2022-02-28,0.08222206,XGBoost
4270,2022-02-28,0.08318631,XGBoost
4271,2022-02-28,0.08125236,XGBoost
4272,2022-02-28,0.077728525,XGBoost
4273,2022-02-28,0.23477,XGBoost
4274,2022-02-28,0.078741804,XGBoost
4275,2022-02-28,0.079523854,XGBoost
4276,2022-02-28,0.0820928,XGBoost
4277,2022-02-28,0.08830029,XGBoost
4278,2022-02-28,0.23378642,XGBoost
4279,2022-02-28,0.22943035,XGBoost
428,2022-02-28,0.22342367,XGBoost
4280,2022-02-28,0.07905661,XGBoost
4281,2022-02-28,0.08121301,XGBoost
4282,2022-02-28,0.2409094,XGBoost
4283,2022-02-28,0.08334271,XGBoost
4284,2022-02-28,0.086818695,XGBoost
4285,2022-02-28,0.086764924,XGBoost
4286,2022-02-28,0.22867808,XGBoost
4287,2022-02-28,0.084327996,XGBoost
4288,2022-02-28,0.078735925,XGBoost
4289,2022-02-28,0.228943,XGBoost
429,2022-02-28,0.08588435,XGBoost
4290,2022-02-28,0.081315935,XGBoost
4291,2022-02-28,0.080368,XGBoost
4292,2022-02-28,0.08271915,XGBoost
4293,2022-02-28,0.083712034,XGBoost
4294,2022-02-28,0.22239721,XGBoost
4295,2022-02-28,0.23543252,XGBoost
4296,2022-02-28,0.07563121,XGBoost
4297,2022-02-28,0.08321905,XGBoost
4298,2022-02-28,0.25080803,XGBoost
4299,2022-02-28,0.07390534,XGBoost
43,2022-02-28,0.23417495,XGBoost
430,2022-02-28,0.08074686,XGBoost
4300,2022-02-28,0.08408522,XGBoost
4301,2022-02-28,0.2342106,XGBoost
4302,2022-02-28,0.24456653,XGBoost
4303,2022-02-28,0.083358526,XGBoost
4304,2022-02-28,0.0819395,XGBoost
4305,2022-02-28,0.079334,XGBoost
4306,2022-02-28,0.08362048,XGBoost
4307,2022-02-28,0.06901023,XGBoost
4308,2022-02-28,0.23929879,XGBoost
4309,2022-02-28,0.083289556,XGBoost
431,2022-02-28,0.079669654,XGBoost
4310,2022-02-28,0.08178237,XGBoost
4311,2022-02-28,0.08271971,XGBoost
4312,2022-02-28,0.07842322,XGBoost
4313,2022-02-28,0.2169031,XGBoost
4314,2022-02-28,0.2187347,XGBoost
4315,2022-02-28,0.22739534,XGBoost
4316,2022-02-28,0.2455208,XGBoost
4317,2022-02-28,0.08002604,XGBoost
4318,2022-02-28,0.08741504,XGBoost
4319,2022-02-28,0.23809323,XGBoost
432,2022-02-28,0.08501154,XGBoost
4320,2022-02-28,0.085388646,XGBoost
4321,2022-02-28,0.083974995,XGBoost
4322,2022-02-28,0.22829641,XGBoost
4323,2022-02-28,0.22553365,XGBoost
4324,2022-02-28,0.08182859,XGBoost
4325,2022-02-28,0.228318,XGBoost
4326,2022-02-28,0.215753,XGBoost
4327,2022-02-28,0.08165345,XGBoost
4328,2022-02-28,0.21260877,XGBoost
4329,2022-02-28,0.072219715,XGBoost
433,2022-02-28,0.08336003,XGBoost
4330,2022-02-28,0.24552748,XGBoost
4331,2022-02-28,0.24224527,XGBoost
4332,2022-02-28,0.08630569,XGBoost
4333,2022-02-28,0.06896887,XGBoost
4334,2022-02-28,0.08396016,XGBoost
4335,2022-02-28,0.21226083,XGBoost
4336,2022-02-28,0.07440113,XGBoost
4337,2022-02-28,0.082434,XGBoost
4338,2022-02-28,0.08495908,XGBoost
4339,2022-02-28,0.21500717,XGBoost
434,2022-02-28,0.07191342,XGBoost
4340,2022-02-28,0.08776151,XGBoost
4341,2022-02-28,0.08920056,XGBoost
4342,2022-02-28,0.23717576,XGBoost
4343,2022-02-28,0.19495192,XGBoost
4344,2022-02-28,0.23536547,XGBoost
4345,2022-02-28,0.24253726,XGBoost
4346,2022-02-28,0.26458102,XGBoost
4347,2022-02-28,0.22223057,XGBoost
4348,2022-02-28,0.2398633,XGBoost
4349,2022-02-28,0.19711998,XGBoost
435,2022-02-28,0.2182756,XGBoost
4350,2022-02-28,0.07210805,XGBoost
4351,2022-02-28,0.2346932,XGBoost
4352,2022-02-28,0.07833483,XGBoost
4353,2022-02-28,0.24172287,XGBoost
4354,2022-02-28,0.23733856,XGBoost
4355,2022-02-28,0.080198914,XGBoost
4356,2022-02-28,0.22590524,XGBoost
4357,2022-02-28,0.22881068,XGBoost
4358,2022-02-28,0.0853323,XGBoost
4359,2022-02-28,0.083174534,XGBoost
436,2022-02-28,0.25989667,XGBoost
4360,2022-02-28,0.23473917,XGBoost
4361,2022-02-28,0.22500937,XGBoost
4362,2022-02-28,0.2483968,XGBoost
4363,2022-02-28,0.23101795,XGBoost
4364,2022-02-28,0.079687946,XGBoost
4365,2022-02-28,0.117278785,XGBoost
4366,2022-02-28,0.23191771,XGBoost
4367,2022-02-28,0.08252861,XGBoost
4368,2022-02-28,0.073725544,XGBoost
4369,2022-02-28,0.083528474,XGBoost
437,2022-02-28,0.22025855,XGBoost
4370,2022-02-28,0.084722415,XGBoost
4371,2022-02-28,0.07724011,XGBoost
4372,2022-02-28,0.23617366,XGBoost
4373,2022-02-28,0.078003414,XGBoost
4374,2022-02-28,0.22513461,XGBoost
4375,2022-02-28,0.07031598,XGBoost
4376,2022-02-28,0.06986933,XGBoost
4377,2022-02-28,0.23934817,XGBoost
4378,2022-02-28,0.08564949,XGBoost
4379,2022-02-28,0.085296094,XGBoost
438,2022-02-28,0.086519584,XGBoost
4380,2022-02-28,0.23859128,XGBoost
4381,2022-02-28,0.2106522,XGBoost
4382,2022-02-28,0.21547255,XGBoost
4383,2022-02-28,0.23826192,XGBoost
4384,2022-02-28,0.08303466,XGBoost
4385,2022-02-28,0.08352188,XGBoost
4386,2022-02-28,0.22377324,XGBoost
4387,2022-02-28,0.07159166,XGBoost
4388,2022-02-28,0.08533588,XGBoost
4389,2022-02-28,0.24474685,XGBoost
439,2022-02-28,0.23717566,XGBoost
4390,2022-02-28,0.23167376,XGBoost
4391,2022-02-28,0.08489534,XGBoost
4392,2022-02-28,0.077878624,XGBoost
4393,2022-02-28,0.22293314,XGBoost
4394,2022-02-28,0.08396308,XGBoost
4395,2022-02-28,0.0790679,XGBoost
4396,2022-02-28,0.23127481,XGBoost
4397,2022-02-28,0.08521249,XGBoost
4398,2022-02-28,0.2446566,XGBoost
4399,2022-02-28,0.07332024,XGBoost
44,2022-02-28,0.23714754,XGBoost
440,2022-02-28,0.084594235,XGBoost
4400,2022-02-28,0.08253435,XGBoost
4401,2022-02-28,0.08390435,XGBoost
4402,2022-02-28,0.07744891,XGBoost
4403,2022-02-28,0.0818873,XGBoost
4404,2022-02-28,0.20877193,XGBoost
4405,2022-02-28,0.08570725,XGBoost
4406,2022-02-28,0.24302572,XGBoost
4407,2022-02-28,0.082722254,XGBoost
4408,2022-02-28,0.0784393,XGBoost
4409,2022-02-28,0.07477767,XGBoost
441,2022-02-28,0.23102634,XGBoost
4410,2022-02-28,0.21667704,XGBoost
4411,2022-02-28,0.07442754,XGBoost
4412,2022-02-28,0.22990492,XGBoost
4413,2022-02-28,0.07910645,XGBoost
4414,2022-02-28,0.24286036,XGBoost
4415,2022-02-28,0.085580505,XGBoost
4416,2022-02-28,0.08584202,XGBoost
4417,2022-02-28,0.08268669,XGBoost
4418,2022-02-28,0.07019065,XGBoost
4419,2022-02-28,0.24007617,XGBoost
442,2022-02-28,0.23440944,XGBoost
4420,2022-02-28,0.088048354,XGBoost
4421,2022-02-28,0.22652532,XGBoost
4422,2022-02-28,0.06984247,XGBoost
4423,2022-02-28,0.22972487,XGBoost
4424,2022-02-28,0.086506106,XGBoost
4425,2022-02-28,0.085633375,XGBoost
4426,2022-02-28,0.21255426,XGBoost
4427,2022-02-28,0.073341,XGBoost
4428,2022-02-28,0.22231486,XGBoost
4429,2022-02-28,0.23872979,XGBoost
443,2022-02-28,0.23346008,XGBoost
4430,2022-02-28,0.08365227,XGBoost
4431,2022-02-28,0.08482882,XGBoost
4432,2022-02-28,0.08194947,XGBoost
4433,2022-02-28,0.21310961,XGBoost
4434,2022-02-28,0.08302568,XGBoost
4435,2022-02-28,0.08625342,XGBoost
4436,2022-02-28,0.0832642,XGBoost
4437,2022-02-28,0.08268543,XGBoost
4438,2022-02-28,0.08086688,XGBoost
4439,2022-02-28,0.25168863,XGBoost
444,2022-02-28,0.089892894,XGBoost
4440,2022-02-28,0.25886124,XGBoost
4441,2022-02-28,0.23807448,XGBoost
4442,2022-02-28,0.25302222,XGBoost
4443,2022-02-28,0.08374655,XGBoost
4444,2022-02-28,0.081569955,XGBoost
4445,2022-02-28,0.2329952,XGBoost
4446,2022-02-28,0.084854625,XGBoost
4447,2022-02-28,0.24520019,XGBoost
4448,2022-02-28,0.23166654,XGBoost
4449,2022-02-28,0.086752996,XGBoost
445,2022-02-28,0.08416436,XGBoost
4450,2022-02-28,0.2206918,XGBoost
4451,2022-02-28,0.24073981,XGBoost
4452,2022-02-28,0.23259942,XGBoost
4453,2022-02-28,0.23847052,XGBoost
4454,2022-02-28,0.08425259,XGBoost
4455,2022-02-28,0.07123278,XGBoost
4456,2022-02-28,0.08558233,XGBoost
4457,2022-02-28,0.2408754,XGBoost
4458,2022-02-28,0.078817286,XGBoost
4459,2022-02-28,0.08066608,XGBoost
446,2022-02-28,0.08727667,XGBoost
4460,2022-02-28,0.08274336,XGBoost
4461,2022-02-28,0.08109906,XGBoost
4462,2022-02-28,0.23391218,XGBoost
4463,2022-02-28,0.083841674,XGBoost
4464,2022-02-28,0.23385541,XGBoost
4465,2022-02-28,0.085823774,XGBoost
4466,2022-02-28,0.07733201,XGBoost
4467,2022-02-28,0.08609086,XGBoost
4468,2022-02-28,0.24919924,XGBoost
4469,2022-02-28,0.07678595,XGBoost
447,2022-02-28,0.21008106,XGBoost
4470,2022-02-28,0.24287346,XGBoost
4471,2022-02-28,0.07782338,XGBoost
4472,2022-02-28,0.19512482,XGBoost
4473,2022-02-28,0.21311988,XGBoost
4474,2022-02-28,0.24190098,XGBoost
4475,2022-02-28,0.083317935,XGBoost
4476,2022-02-28,0.23524778,XGBoost
4477,2022-02-28,0.08676943,XGBoost
4478,2022-02-28,0.082255535,XGBoost
4479,2022-02-28,0.2278097,XGBoost
448,2022-02-28,0.21865144,XGBoost
4480,2022-02-28,0.22487456,XGBoost
4481,2022-02-28,0.06575845,XGBoost
4482,2022-02-28,0.2295568,XGBoost
4483,2022-02-28,0.23131137,XGBoost
4484,2022-02-28,0.23534583,XGBoost
4485,2022-02-28,0.22139135,XGBoost
4486,2022-02-28,0.08248368,XGBoost
4487,2022-02-28,0.08780183,XGBoost
4488,2022-02-28,0.082562074,XGBoost
4489,2022-02-28,0.2097696,XGBoost
449,2022-02-28,0.121989705,XGBoost
4490,2022-02-28,0.08446768,XGBoost
4491,2022-02-28,0.08440389,XGBoost
4492,2022-02-28,0.22812775,XGBoost
4493,2022-02-28,0.08416936,XGBoost
4494,2022-02-28,0.24815615,XGBoost
4495,2022-02-28,0.21680255,XGBoost
4496,2022-02-28,0.0691534,XGBoost
4497,2022-02-28,0.078551225,XGBoost
4498,2022-02-28,0.078816146,XGBoost
4499,2022-02-28,0.084823914,XGBoost
45,2022-02-28,0.08330869,XGBoost
450,2022-02-28,0.19025055,XGBoost
4500,2022-02-28,0.23567215,XGBoost
4501,2022-02-28,0.08619954,XGBoost
4502,2022-02-28,0.24240768,XGBoost
4503,2022-02-28,0.22402142,XGBoost
4504,2022-02-28,0.0777352,XGBoost
4505,2022-02-28,0.070541196,XGBoost
4506,2022-02-28,0.084433444,XGBoost
4507,2022-02-28,0.08696611,XGBoost
4508,2022-02-28,0.21622495,XGBoost
4509,2022-02-28,0.08302429,XGBoost
451,2022-02-28,0.08616498,XGBoost
4510,2022-02-28,0.23007138,XGBoost
4511,2022-02-28,0.2315484,XGBoost
4512,2022-02-28,0.082418635,XGBoost
4513,2022-02-28,0.08388902,XGBoost
4514,2022-02-28,0.08273481,XGBoost
4515,2022-02-28,0.08020878,XGBoost
4516,2022-02-28,0.083110206,XGBoost
4517,2022-02-28,0.2261825,XGBoost
4518,2022-02-28,0.08570162,XGBoost
4519,2022-02-28,0.080808274,XGBoost
452,2022-02-28,0.084834635,XGBoost
4520,2022-02-28,0.215863,XGBoost
4521,2022-02-28,0.2042649,XGBoost
4522,2022-02-28,0.08325887,XGBoost
4523,2022-02-28,0.086272694,XGBoost
4524,2022-02-28,0.23010904,XGBoost
4525,2022-02-28,0.07192369,XGBoost
4526,2022-02-28,0.085207105,XGBoost
4527,2022-02-28,0.23410597,XGBoost
4528,2022-02-28,0.0821742,XGBoost
4529,2022-02-28,0.08076681,XGBoost
453,2022-02-28,0.084095575,XGBoost
4530,2022-02-28,0.08405074,XGBoost
4531,2022-02-28,0.2327863,XGBoost
4532,2022-02-28,0.23295455,XGBoost
4533,2022-02-28,0.078976214,XGBoost
4534,2022-02-28,0.08891187,XGBoost
4535,2022-02-28,0.08000301,XGBoost
4536,2022-02-28,0.0773349,XGBoost
4537,2022-02-28,0.06596246,XGBoost
4538,2022-02-28,0.24525951,XGBoost
4539,2022-02-28,0.086432405,XGBoost
454,2022-02-28,0.20267566,XGBoost
4540,2022-02-28,0.24986014,XGBoost
4541,2022-02-28,0.08327171,XGBoost
4542,2022-02-28,0.24432626,XGBoost
4543,2022-02-28,0.22752634,XGBoost
4544,2022-02-28,0.22200537,XGBoost
4545,2022-02-28,0.20029983,XGBoost
4546,2022-02-28,0.23018125,XGBoost
4547,2022-02-28,0.23091441,XGBoost
4548,2022-02-28,0.085344605,XGBoost
4549,2022-02-28,0.073255785,XGBoost
455,2022-02-28,0.20437957,XGBoost
4550,2022-02-28,0.08500822,XGBoost
4551,2022-02-28,0.08883893,XGBoost
4552,2022-02-28,0.2317959,XGBoost
4553,2022-02-28,0.2168348,XGBoost
4554,2022-02-28,0.070512995,XGBoost
4555,2022-02-28,0.07359249,XGBoost
4556,2022-02-28,0.24315567,XGBoost
4557,2022-02-28,0.22288376,XGBoost
4558,2022-02-28,0.08144549,XGBoost
4559,2022-02-28,0.079400174,XGBoost
456,2022-02-28,0.073158495,XGBoost
4560,2022-02-28,0.085198306,XGBoost
4561,2022-02-28,0.23978755,XGBoost
4562,2022-02-28,0.07176094,XGBoost
4563,2022-02-28,0.21995318,XGBoost
4564,2022-02-28,0.23219143,XGBoost
4565,2022-02-28,0.23920049,XGBoost
4566,2022-02-28,0.07246174,XGBoost
4567,2022-02-28,0.08193003,XGBoost
4568,2022-02-28,0.08651245,XGBoost
4569,2022-02-28,0.08599115,XGBoost
457,2022-02-28,0.20792703,XGBoost
4570,2022-02-28,0.08535551,XGBoost
4571,2022-02-28,0.21270357,XGBoost
4572,2022-02-28,0.07870903,XGBoost
4573,2022-02-28,0.083605975,XGBoost
4574,2022-02-28,0.07619344,XGBoost
4575,2022-02-28,0.08182487,XGBoost
4576,2022-02-28,0.08456905,XGBoost
4577,2022-02-28,0.23454447,XGBoost
4578,2022-02-28,0.087448746,XGBoost
4579,2022-02-28,0.08211612,XGBoost
458,2022-02-28,0.072380215,XGBoost
4580,2022-02-28,0.24527813,XGBoost
4581,2022-02-28,0.08628078,XGBoost
4582,2022-02-28,0.19420911,XGBoost
4583,2022-02-28,0.23663501,XGBoost
4584,2022-02-28,0.07806228,XGBoost
4585,2022-02-28,0.22373562,XGBoost
4586,2022-02-28,0.23780301,XGBoost
4587,2022-02-28,0.08262577,XGBoost
4588,2022-02-28,0.22684869,XGBoost
4589,2022-02-28,0.07043152,XGBoost
459,2022-02-28,0.20479621,XGBoost
4590,2022-02-28,0.07941846,XGBoost
4591,2022-02-28,0.22861983,XGBoost
4592,2022-02-28,0.24181268,XGBoost
4593,2022-02-28,0.24145876,XGBoost
4594,2022-02-28,0.23323983,XGBoost
4595,2022-02-28,0.07854707,XGBoost
4596,2022-02-28,0.065114245,XGBoost
4597,2022-02-28,0.087214984,XGBoost
4598,2022-02-28,0.08603491,XGBoost
4599,2022-02-28,0.07967721,XGBoost
46,2022-02-28,0.078892805,XGBoost
460,2022-02-28,0.22226337,XGBoost
4600,2022-02-28,0.069669165,XGBoost
4601,2022-02-28,0.082520664,XGBoost
4602,2022-02-28,0.22294895,XGBoost
4603,2022-02-28,0.07142049,XGBoost
4604,2022-02-28,0.2554585,XGBoost
4605,2022-02-28,0.086483985,XGBoost
4606,2022-02-28,0.22287828,XGBoost
4607,2022-02-28,0.077616185,XGBoost
4608,2022-02-28,0.23710899,XGBoost
4609,2022-02-28,0.22447404,XGBoost
461,2022-02-28,0.23328169,XGBoost
4610,2022-02-28,0.064437374,XGBoost
4611,2022-02-28,0.06324833,XGBoost
4612,2022-02-28,0.07651146,XGBoost
4613,2022-02-28,0.23125702,XGBoost
4614,2022-02-28,0.07788525,XGBoost
4615,2022-02-28,0.21727571,XGBoost
4616,2022-02-28,0.089142814,XGBoost
4617,2022-02-28,0.09476191,XGBoost
4618,2022-02-28,0.07125893,XGBoost
4619,2022-02-28,0.20437442,XGBoost
462,2022-02-28,0.07599599,XGBoost
4620,2022-02-28,0.07342995,XGBoost
4621,2022-02-28,0.2172062,XGBoost
4622,2022-02-28,0.084354855,XGBoost
4623,2022-02-28,0.07044373,XGBoost
4624,2022-02-28,0.08727125,XGBoost
4625,2022-02-28,0.07215372,XGBoost
4626,2022-02-28,0.08111448,XGBoost
4627,2022-02-28,0.08413493,XGBoost
4628,2022-02-28,0.08392787,XGBoost
4629,2022-02-28,0.22877721,XGBoost
463,2022-02-28,0.22961304,XGBoost
4630,2022-02-28,0.24973342,XGBoost
4631,2022-02-28,0.23532619,XGBoost
4632,2022-02-28,0.08148294,XGBoost
4633,2022-02-28,0.23034105,XGBoost
4634,2022-02-28,0.071681686,XGBoost
4635,2022-02-28,0.081991404,XGBoost
4636,2022-02-28,0.07751226,XGBoost
4637,2022-02-28,0.21334878,XGBoost
4638,2022-02-28,0.23933083,XGBoost
4639,2022-02-28,0.08107153,XGBoost
464,2022-02-28,0.080822475,XGBoost
4640,2022-02-28,0.2315555,XGBoost
4641,2022-02-28,0.0801572,XGBoost
4642,2022-02-28,0.22876121,XGBoost
4643,2022-02-28,0.23587348,XGBoost
4644,2022-02-28,0.07286914,XGBoost
4645,2022-02-28,0.21374065,XGBoost
4646,2022-02-28,0.08065622,XGBoost
4647,2022-02-28,0.078668855,XGBoost
4648,2022-02-28,0.2252424,XGBoost
4649,2022-02-28,0.23666102,XGBoost
465,2022-02-28,0.08357812,XGBoost
4650,2022-02-28,0.088309385,XGBoost
4651,2022-02-28,0.22013135,XGBoost
4652,2022-02-28,0.24001439,XGBoost
4653,2022-02-28,0.22025199,XGBoost
4654,2022-02-28,0.07478408,XGBoost
4655,2022-02-28,0.24134515,XGBoost
4656,2022-02-28,0.0843523,XGBoost
4657,2022-02-28,0.22871767,XGBoost
4658,2022-02-28,0.2087719,XGBoost
4659,2022-02-28,0.080780156,XGBoost
466,2022-02-28,0.08758002,XGBoost
4660,2022-02-28,0.23825273,XGBoost
4661,2022-02-28,0.22794582,XGBoost
4662,2022-02-28,0.24694568,XGBoost
4663,2022-02-28,0.23651937,XGBoost
4664,2022-02-28,0.08318269,XGBoost
4665,2022-02-28,0.08356568,XGBoost
4666,2022-02-28,0.21463026,XGBoost
4667,2022-02-28,0.21438059,XGBoost
4668,2022-02-28,0.08668816,XGBoost
4669,2022-02-28,0.23172015,XGBoost
467,2022-02-28,0.24446622,XGBoost
4670,2022-02-28,0.22955927,XGBoost
4671,2022-02-28,0.07812301,XGBoost
4672,2022-02-28,0.08209133,XGBoost
4673,2022-02-28,0.20755364,XGBoost
4674,2022-02-28,0.24530122,XGBoost
4675,2022-02-28,0.08538214,XGBoost
4676,2022-02-28,0.083159186,XGBoost
4677,2022-02-28,0.08219269,XGBoost
4678,2022-02-28,0.08611303,XGBoost
4679,2022-02-28,0.08609898,XGBoost
468,2022-02-28,0.082342364,XGBoost
4680,2022-02-28,0.08624749,XGBoost
4681,2022-02-28,0.22725372,XGBoost
4682,2022-02-28,0.07605498,XGBoost
4683,2022-02-28,0.08595526,XGBoost
4684,2022-02-28,0.07945636,XGBoost
4685,2022-02-28,0.08107681,XGBoost
4686,2022-02-28,0.24096198,XGBoost
4687,2022-02-28,0.22097524,XGBoost
4688,2022-02-28,0.21881014,XGBoost
4689,2022-02-28,0.2405222,XGBoost
469,2022-02-28,0.2132039,XGBoost
4690,2022-02-28,0.215491,XGBoost
4691,2022-02-28,0.21013711,XGBoost
4692,2022-02-28,0.07798216,XGBoost
4693,2022-02-28,0.21792795,XGBoost
4694,2022-02-28,0.24244496,XGBoost
4695,2022-02-28,0.23618495,XGBoost
4696,2022-02-28,0.08041785,XGBoost
4697,2022-02-28,0.078933634,XGBoost
4698,2022-02-28,0.23639463,XGBoost
4699,2022-02-28,0.24416205,XGBoost
47,2022-02-28,0.08291984,XGBoost
470,2022-02-28,0.22457343,XGBoost
4700,2022-02-28,0.22685048,XGBoost
4701,2022-02-28,0.079924524,XGBoost
4702,2022-02-28,0.07067416,XGBoost
4703,2022-02-28,0.08580823,XGBoost
4704,2022-02-28,0.08302082,XGBoost
4705,2022-02-28,0.08246821,XGBoost
4706,2022-02-28,0.07765621,XGBoost
4707,2022-02-28,0.23191664,XGBoost
4708,2022-02-28,0.069197126,XGBoost
4709,2022-02-28,0.07323675,XGBoost
471,2022-02-28,0.23410779,XGBoost
4710,2022-02-28,0.23598932,XGBoost
4711,2022-02-28,0.08280975,XGBoost
4712,2022-02-28,0.22896093,XGBoost
4713,2022-02-28,0.0808786,XGBoost
4714,2022-02-28,0.07350106,XGBoost
4715,2022-02-28,0.08453683,XGBoost
4716,2022-02-28,0.22046046,XGBoost
4717,2022-02-28,0.08342987,XGBoost
4718,2022-02-28,0.08369107,XGBoost
4719,2022-02-28,0.08525919,XGBoost
472,2022-02-28,0.07757346,XGBoost
4720,2022-02-28,0.22719814,XGBoost
4721,2022-02-28,0.08602425,XGBoost
4722,2022-02-28,0.078353725,XGBoost
4723,2022-02-28,0.08355708,XGBoost
4724,2022-02-28,0.08272946,XGBoost
4725,2022-02-28,0.22583096,XGBoost
4726,2022-02-28,0.07886431,XGBoost
4727,2022-02-28,0.23485456,XGBoost
4728,2022-02-28,0.21307077,XGBoost
4729,2022-02-28,0.077096075,XGBoost
473,2022-02-28,0.06759752,XGBoost
4730,2022-02-28,0.07369352,XGBoost
4731,2022-02-28,0.07654415,XGBoost
4732,2022-02-28,0.085033916,XGBoost
4733,2022-02-28,0.23358113,XGBoost
4734,2022-02-28,0.08445234,XGBoost
4735,2022-02-28,0.08311004,XGBoost
4736,2022-02-28,0.23054539,XGBoost
4737,2022-02-28,0.08471256,XGBoost
4738,2022-02-28,0.08623163,XGBoost
4739,2022-02-28,0.0790775,XGBoost
474,2022-02-28,0.08183451,XGBoost
4740,2022-02-28,0.085538045,XGBoost
4741,2022-02-28,0.0778569,XGBoost
4742,2022-02-28,0.21399024,XGBoost
4743,2022-02-28,0.081353284,XGBoost
4744,2022-02-28,0.08386666,XGBoost
4745,2022-02-28,0.08568495,XGBoost
4746,2022-02-28,0.24573977,XGBoost
4747,2022-02-28,0.2398413,XGBoost
4748,2022-02-28,0.08326593,XGBoost
4749,2022-02-28,0.2314343,XGBoost
475,2022-02-28,0.22507752,XGBoost
4750,2022-02-28,0.24328841,XGBoost
4751,2022-02-28,0.08371479,XGBoost
4752,2022-02-28,0.086031385,XGBoost
4753,2022-02-28,0.082245365,XGBoost
4754,2022-02-28,0.23339704,XGBoost
4755,2022-02-28,0.07624193,XGBoost
4756,2022-02-28,0.23584352,XGBoost
4757,2022-02-28,0.077869125,XGBoost
4758,2022-02-28,0.07225763,XGBoost
4759,2022-02-28,0.23263621,XGBoost
476,2022-02-28,0.23062211,XGBoost
4760,2022-02-28,0.08594693,XGBoost
4761,2022-02-28,0.20120478,XGBoost
4762,2022-02-28,0.08223215,XGBoost
4763,2022-02-28,0.25623778,XGBoost
4764,2022-02-28,0.083900824,XGBoost
4765,2022-02-28,0.07105141,XGBoost
4766,2022-02-28,0.07799529,XGBoost
4767,2022-02-28,0.08045368,XGBoost
4768,2022-02-28,0.08882034,XGBoost
4769,2022-02-28,0.23901291,XGBoost
477,2022-02-28,0.23324235,XGBoost
4770,2022-02-28,0.08540073,XGBoost
4771,2022-02-28,0.21587975,XGBoost
4772,2022-02-28,0.082524404,XGBoost
4773,2022-02-28,0.23533824,XGBoost
4774,2022-02-28,0.07727917,XGBoost
4775,2022-02-28,0.08176646,XGBoost
4776,2022-02-28,0.06861326,XGBoost
4777,2022-02-28,0.20425421,XGBoost
4778,2022-02-28,0.083108075,XGBoost
4779,2022-02-28,0.21074745,XGBoost
478,2022-02-28,0.20844018,XGBoost
4780,2022-02-28,0.08490559,XGBoost
4781,2022-02-28,0.08049095,XGBoost
4782,2022-02-28,0.08554755,XGBoost
4783,2022-02-28,0.24124955,XGBoost
4784,2022-02-28,0.07107369,XGBoost
4785,2022-02-28,0.08916778,XGBoost
4786,2022-02-28,0.082350984,XGBoost
4787,2022-02-28,0.2151483,XGBoost
4788,2022-02-28,0.23089963,XGBoost
4789,2022-02-28,0.21246012,XGBoost
479,2022-02-28,0.08087343,XGBoost
4790,2022-02-28,0.20002845,XGBoost
4791,2022-02-28,0.2409411,XGBoost
4792,2022-02-28,0.2416373,XGBoost
4793,2022-02-28,0.07992217,XGBoost
4794,2022-02-28,0.22647011,XGBoost
4795,2022-02-28,0.08755888,XGBoost
4796,2022-02-28,0.20577408,XGBoost
4797,2022-02-28,0.08377432,XGBoost
4798,2022-02-28,0.0694128,XGBoost
4799,2022-02-28,0.07838873,XGBoost
48,2022-02-28,0.08328777,XGBoost
480,2022-02-28,0.23084556,XGBoost
4800,2022-02-28,0.08542482,XGBoost
4801,2022-02-28,0.0824806,XGBoost
4802,2022-02-28,0.08130944,XGBoost
4803,2022-02-28,0.078016385,XGBoost
4804,2022-02-28,0.08042465,XGBoost
4805,2022-02-28,0.23546109,XGBoost
4806,2022-02-28,0.22991672,XGBoost
4807,2022-02-28,0.086238235,XGBoost
4808,2022-02-28,0.07808407,XGBoost
4809,2022-02-28,0.080285706,XGBoost
481,2022-02-28,0.08486855,XGBoost
4810,2022-02-28,0.20233501,XGBoost
4811,2022-02-28,0.079211675,XGBoost
4812,2022-02-28,0.24351172,XGBoost
4813,2022-02-28,0.23526509,XGBoost
4814,2022-02-28,0.073144495,XGBoost
4815,2022-02-28,0.081391454,XGBoost
4816,2022-02-28,0.06794839,XGBoost
4817,2022-02-28,0.08099812,XGBoost
4818,2022-02-28,0.24382585,XGBoost
4819,2022-02-28,0.22760034,XGBoost
482,2022-02-28,0.086683765,XGBoost
4820,2022-02-28,0.0823475,XGBoost
4821,2022-02-28,0.083257005,XGBoost
4822,2022-02-28,0.064237736,XGBoost
4823,2022-02-28,0.24540104,XGBoost
4824,2022-02-28,0.08292522,XGBoost
4825,2022-02-28,0.073270366,XGBoost
4826,2022-02-28,0.23929207,XGBoost
4827,2022-02-28,0.08458939,XGBoost
4828,2022-02-28,0.078986056,XGBoost
4829,2022-02-28,0.08164622,XGBoost
483,2022-02-28,0.08251045,XGBoost
4830,2022-02-28,0.21354517,XGBoost
4831,2022-02-28,0.07843925,XGBoost
4832,2022-02-28,0.0840961,XGBoost
4833,2022-02-28,0.20774852,XGBoost
4834,2022-02-28,0.084483825,XGBoost
4835,2022-02-28,0.07062546,XGBoost
4836,2022-02-28,0.22856781,XGBoost
4837,2022-02-28,0.228634,XGBoost
4838,2022-02-28,0.08327439,XGBoost
4839,2022-02-28,0.19694465,XGBoost
484,2022-02-28,0.082356535,XGBoost
4840,2022-02-28,0.08254084,XGBoost
4841,2022-02-28,0.0774026,XGBoost
4842,2022-02-28,0.219817,XGBoost
4843,2022-02-28,0.08335666,XGBoost
4844,2022-02-28,0.08349245,XGBoost
4845,2022-02-28,0.08449995,XGBoost
4846,2022-02-28,0.08591536,XGBoost
4847,2022-02-28,0.23391373,XGBoost
4848,2022-02-28,0.078685105,XGBoost
4849,2022-02-28,0.085804746,XGBoost
485,2022-02-28,0.07601412,XGBoost
4850,2022-02-28,0.08561885,XGBoost
4851,2022-02-28,0.22036941,XGBoost
4852,2022-02-28,0.22750394,XGBoost
4853,2022-02-28,0.0825719,XGBoost
4854,2022-02-28,0.2390955,XGBoost
4855,2022-02-28,0.06637803,XGBoost
4856,2022-02-28,0.07946437,XGBoost
4857,2022-02-28,0.08179066,XGBoost
4858,2022-02-28,0.23562625,XGBoost
4859,2022-02-28,0.21205297,XGBoost
486,2022-02-28,0.23011927,XGBoost
4860,2022-02-28,0.07173539,XGBoost
4861,2022-02-28,0.07406776,XGBoost
4862,2022-02-28,0.07220026,XGBoost
4863,2022-02-28,0.21515255,XGBoost
4864,2022-02-28,0.08537928,XGBoost
4865,2022-02-28,0.08551554,XGBoost
4866,2022-02-28,0.08528888,XGBoost
4867,2022-02-28,0.08487374,XGBoost
4868,2022-02-28,0.2101163,XGBoost
4869,2022-02-28,0.22094503,XGBoost
487,2022-02-28,0.086180314,XGBoost
4870,2022-02-28,0.24337885,XGBoost
4871,2022-02-28,0.2021562,XGBoost
4872,2022-02-28,0.22542368,XGBoost
4873,2022-02-28,0.21458262,XGBoost
4874,2022-02-28,0.083647236,XGBoost
4875,2022-02-28,0.23570004,XGBoost
4876,2022-02-28,0.20375772,XGBoost
4877,2022-02-28,0.22730212,XGBoost
4878,2022-02-28,0.2426887,XGBoost
4879,2022-02-28,0.23278636,XGBoost
488,2022-02-28,0.21098876,XGBoost
4880,2022-02-28,0.2390367,XGBoost
4881,2022-02-28,0.21567431,XGBoost
4882,2022-02-28,0.076266676,XGBoost
4883,2022-02-28,0.08596551,XGBoost
4884,2022-02-28,0.08377105,XGBoost
4885,2022-02-28,0.072193496,XGBoost
4886,2022-02-28,0.24033983,XGBoost
4887,2022-02-28,0.064256355,XGBoost
4888,2022-02-28,0.08406681,XGBoost
4889,2022-02-28,0.25577673,XGBoost
489,2022-02-28,0.08464062,XGBoost
4890,2022-02-28,0.085942864,XGBoost
4891,2022-02-28,0.08674551,XGBoost
4892,2022-02-28,0.071559526,XGBoost
4893,2022-02-28,0.21822186,XGBoost
4894,2022-02-28,0.21402726,XGBoost
4895,2022-02-28,0.21714745,XGBoost
4896,2022-02-28,0.07748582,XGBoost
4897,2022-02-28,0.08227078,XGBoost
4898,2022-02-28,0.0860651,XGBoost
4899,2022-02-28,0.08665125,XGBoost
49,2022-02-28,0.22914872,XGBoost
490,2022-02-28,0.2111503,XGBoost
4900,2022-02-28,0.22306956,XGBoost
4901,2022-02-28,0.08665793,XGBoost
4902,2022-02-28,0.0859065,XGBoost
4903,2022-02-28,0.07145125,XGBoost
4904,2022-02-28,0.08101666,XGBoost
4905,2022-02-28,0.23758332,XGBoost
4906,2022-02-28,0.25534266,XGBoost
4907,2022-02-28,0.08728855,XGBoost
4908,2022-02-28,0.08444828,XGBoost
4909,2022-02-28,0.07596615,XGBoost
491,2022-02-28,0.23081052,XGBoost
4910,2022-02-28,0.08369247,XGBoost
4911,2022-02-28,0.08039756,XGBoost
4912,2022-02-28,0.07325095,XGBoost
4913,2022-02-28,0.07839508,XGBoost
4914,2022-02-28,0.22144362,XGBoost
4915,2022-02-28,0.2264705,XGBoost
4916,2022-02-28,0.086809285,XGBoost
4917,2022-02-28,0.21537738,XGBoost
4918,2022-02-28,0.09012198,XGBoost
4919,2022-02-28,0.08772887,XGBoost
492,2022-02-28,0.24027406,XGBoost
4920,2022-02-28,0.08023248,XGBoost
4921,2022-02-28,0.22315079,XGBoost
4922,2022-02-28,0.086072,XGBoost
4923,2022-02-28,0.07946888,XGBoost
4924,2022-02-28,0.20137718,XGBoost
4925,2022-02-28,0.08578331,XGBoost
4926,2022-02-28,0.21887581,XGBoost
4927,2022-02-28,0.24367496,XGBoost
4928,2022-02-28,0.23412316,XGBoost
4929,2022-02-28,0.2253678,XGBoost
493,2022-02-28,0.2348896,XGBoost
4930,2022-02-28,0.2203003,XGBoost
4931,2022-02-28,0.08974163,XGBoost
4932,2022-02-28,0.08307921,XGBoost
4933,2022-02-28,0.21402451,XGBoost
4934,2022-02-28,0.24231662,XGBoost
4935,2022-02-28,0.21882202,XGBoost
4936,2022-02-28,0.2387256,XGBoost
4937,2022-02-28,0.08051328,XGBoost
4938,2022-02-28,0.22573178,XGBoost
4939,2022-02-28,0.0869048,XGBoost
494,2022-02-28,0.08268413,XGBoost
4940,2022-02-28,0.07761302,XGBoost
4941,2022-02-28,0.08229709,XGBoost
4942,2022-02-28,0.08569804,XGBoost
4943,2022-02-28,0.069999896,XGBoost
4944,2022-02-28,0.08396903,XGBoost
4945,2022-02-28,0.23832378,XGBoost
4946,2022-02-28,0.24086834,XGBoost
4947,2022-02-28,0.06997317,XGBoost
4948,2022-02-28,0.23768224,XGBoost
4949,2022-02-28,0.08324841,XGBoost
495,2022-02-28,0.08161043,XGBoost
4950,2022-02-28,0.23024878,XGBoost
4951,2022-02-28,0.08478654,XGBoost
4952,2022-02-28,0.23057146,XGBoost
4953,2022-02-28,0.07959728,XGBoost
4954,2022-02-28,0.08339251,XGBoost
4955,2022-02-28,0.21663636,XGBoost
4956,2022-02-28,0.23703973,XGBoost
4957,2022-02-28,0.24056335,XGBoost
4958,2022-02-28,0.07369262,XGBoost
4959,2022-02-28,0.22405612,XGBoost
496,2022-02-28,0.07256898,XGBoost
4960,2022-02-28,0.24524432,XGBoost
4961,2022-02-28,0.08228605,XGBoost
4962,2022-02-28,0.2337662,XGBoost
4963,2022-02-28,0.07126618,XGBoost
4964,2022-02-28,0.086412735,XGBoost
4965,2022-02-28,0.0889761,XGBoost
4966,2022-02-28,0.07127158,XGBoost
4967,2022-02-28,0.08159175,XGBoost
4968,2022-02-28,0.2308231,XGBoost
4969,2022-02-28,0.08305614,XGBoost
497,2022-02-28,0.0772146,XGBoost
4970,2022-02-28,0.24947137,XGBoost
4971,2022-02-28,0.06490766,XGBoost
4972,2022-02-28,0.2351412,XGBoost
4973,2022-02-28,0.08541172,XGBoost
4974,2022-02-28,0.082580775,XGBoost
4975,2022-02-28,0.22958247,XGBoost
4976,2022-02-28,0.07073313,XGBoost
4977,2022-02-28,0.24404825,XGBoost
4978,2022-02-28,0.07145591,XGBoost
4979,2022-02-28,0.22569916,XGBoost
498,2022-02-28,0.06826989,XGBoost
4980,2022-02-28,0.22528388,XGBoost
4981,2022-02-28,0.08705973,XGBoost
4982,2022-02-28,0.07797561,XGBoost
4983,2022-02-28,0.08293677,XGBoost
4984,2022-02-28,0.08758585,XGBoost
4985,2022-02-28,0.065234624,XGBoost
4986,2022-02-28,0.08141135,XGBoost
4987,2022-02-28,0.22496392,XGBoost
4988,2022-02-28,0.08562902,XGBoost
4989,2022-02-28,0.22244519,XGBoost
499,2022-02-28,0.08568417,XGBoost
4990,2022-02-28,0.08282738,XGBoost
4991,2022-02-28,0.23585914,XGBoost
4992,2022-02-28,0.21999283,XGBoost
4993,2022-02-28,0.0834511,XGBoost
4994,2022-02-28,0.08659294,XGBoost
4995,2022-02-28,0.22409922,XGBoost
4996,2022-02-28,0.0797108,XGBoost
4997,2022-02-28,0.22191153,XGBoost
4998,2022-02-28,0.078435816,XGBoost
4999,2022-02-28,0.08138987,XGBoost
5,2022-02-28,0.22258109,XGBoost
50,2022-02-28,0.22522,XGBoost
500,2022-02-28,0.08110729,XGBoost
5000,2022-02-28,0.08560304,XGBoost
5001,2022-02-28,0.08198197,XGBoost
5002,2022-02-28,0.085481115,XGBoost
5003,2022-02-28,0.07984898,XGBoost
5004,2022-02-28,0.23390792,XGBoost
5005,2022-02-28,0.24605063,XGBoost
5006,2022-02-28,0.20434725,XGBoost
5007,2022-02-28,0.07980446,XGBoost
5008,2022-02-28,0.082186796,XGBoost
5009,2022-02-28,0.08689174,XGBoost
501,2022-02-28,0.20971629,XGBoost
5010,2022-02-28,0.24579298,XGBoost
5011,2022-02-28,0.08645859,XGBoost
5012,2022-02-28,0.22104429,XGBoost
5013,2022-02-28,0.082092635,XGBoost
5014,2022-02-28,0.22078152,XGBoost
5015,2022-02-28,0.08468245,XGBoost
5016,2022-02-28,0.216107,XGBoost
5017,2022-02-28,0.082187206,XGBoost
5018,2022-02-28,0.23433147,XGBoost
5019,2022-02-28,0.2463707,XGBoost
502,2022-02-28,0.21975589,XGBoost
5020,2022-02-28,0.0829042,XGBoost
5021,2022-02-28,0.23936361,XGBoost
5022,2022-02-28,0.21896568,XGBoost
5023,2022-02-28,0.21446963,XGBoost
5024,2022-02-28,0.07129409,XGBoost
5025,2022-02-28,0.25592157,XGBoost
5026,2022-02-28,0.07931762,XGBoost
5027,2022-02-28,0.24722593,XGBoost
5028,2022-02-28,0.08070944,XGBoost
5029,2022-02-28,0.20413814,XGBoost
503,2022-02-28,0.072597906,XGBoost
5030,2022-02-28,0.22262354,XGBoost
5031,2022-02-28,0.07809562,XGBoost
5032,2022-02-28,0.08811718,XGBoost
5033,2022-02-28,0.22860537,XGBoost
5034,2022-02-28,0.078980625,XGBoost
5035,2022-02-28,0.24353924,XGBoost
5036,2022-02-28,0.2233927,XGBoost
5037,2022-02-28,0.08517252,XGBoost
5038,2022-02-28,0.2123108,XGBoost
5039,2022-02-28,0.23890431,XGBoost
504,2022-02-28,0.23945343,XGBoost
5040,2022-02-28,0.08402743,XGBoost
5041,2022-02-28,0.20834473,XGBoost
5042,2022-02-28,0.08470482,XGBoost
5043,2022-02-28,0.23224902,XGBoost
5044,2022-02-28,0.08419307,XGBoost
5045,2022-02-28,0.0862039,XGBoost
5046,2022-02-28,0.2121476,XGBoost
5047,2022-02-28,0.2375477,XGBoost
5048,2022-02-28,0.22367533,XGBoost
5049,2022-02-28,0.0867127,XGBoost
505,2022-02-28,0.07988165,XGBoost
5050,2022-02-28,0.21934833,XGBoost
5051,2022-02-28,0.07329342,XGBoost
5052,2022-02-28,0.082900174,XGBoost
5053,2022-02-28,0.24872166,XGBoost
5054,2022-02-28,0.07124814,XGBoost
5055,2022-02-28,0.08478934,XGBoost
5056,2022-02-28,0.21783814,XGBoost
5057,2022-02-28,0.08245294,XGBoost
5058,2022-02-28,0.07867875,XGBoost
5059,2022-02-28,0.08217514,XGBoost
506,2022-02-28,0.070186354,XGBoost
5060,2022-02-28,0.07161894,XGBoost
5061,2022-02-28,0.23823069,XGBoost
5062,2022-02-28,0.07955765,XGBoost
5063,2022-02-28,0.24457029,XGBoost
5064,2022-02-28,0.21519735,XGBoost
5065,2022-02-28,0.23736462,XGBoost
5066,2022-02-28,0.22152314,XGBoost
5067,2022-02-28,0.20764934,XGBoost
5068,2022-02-28,0.21456414,XGBoost
5069,2022-02-28,0.22496162,XGBoost
507,2022-02-28,0.08581663,XGBoost
5070,2022-02-28,0.08585231,XGBoost
5071,2022-02-28,0.07815663,XGBoost
5072,2022-02-28,0.082512416,XGBoost
5073,2022-02-28,0.07131764,XGBoost
5074,2022-02-28,0.086472444,XGBoost
5075,2022-02-28,0.07580047,XGBoost
5076,2022-02-28,0.23028825,XGBoost
5077,2022-02-28,0.078512505,XGBoost
5078,2022-02-28,0.24212651,XGBoost
5079,2022-02-28,0.0735575,XGBoost
508,2022-02-28,0.07800204,XGBoost
5080,2022-02-28,0.22981778,XGBoost
5081,2022-02-28,0.24068001,XGBoost
5082,2022-02-28,0.22946982,XGBoost
5083,2022-02-28,0.23094884,XGBoost
5084,2022-02-28,0.08416191,XGBoost
5085,2022-02-28,0.23073302,XGBoost
5086,2022-02-28,0.08812826,XGBoost
5087,2022-02-28,0.23828128,XGBoost
5088,2022-02-28,0.07042936,XGBoost
5089,2022-02-28,0.07728833,XGBoost
509,2022-02-28,0.081872575,XGBoost
5090,2022-02-28,0.22553116,XGBoost
5091,2022-02-28,0.2320963,XGBoost
5092,2022-02-28,0.23668781,XGBoost
5093,2022-02-28,0.06561893,XGBoost
5094,2022-02-28,0.08451027,XGBoost
5095,2022-02-28,0.22050771,XGBoost
5096,2022-02-28,0.08662764,XGBoost
5097,2022-02-28,0.0810615,XGBoost
5098,2022-02-28,0.21635114,XGBoost
5099,2022-02-28,0.24542731,XGBoost
51,2022-02-28,0.08248271,XGBoost
510,2022-02-28,0.08747978,XGBoost
5100,2022-02-28,0.073351525,XGBoost
5101,2022-02-28,0.086875305,XGBoost
5102,2022-02-28,0.08086085,XGBoost
5103,2022-02-28,0.082254596,XGBoost
5104,2022-02-28,0.22139178,XGBoost
5105,2022-02-28,0.084869616,XGBoost
5106,2022-02-28,0.08589293,XGBoost
5107,2022-02-28,0.22292793,XGBoost
5108,2022-02-28,0.08472635,XGBoost
5109,2022-02-28,0.08338719,XGBoost
511,2022-02-28,0.086329274,XGBoost
5110,2022-02-28,0.22410652,XGBoost
5111,2022-02-28,0.23451854,XGBoost
5112,2022-02-28,0.083260134,XGBoost
5113,2022-02-28,0.21301137,XGBoost
5114,2022-02-28,0.08452698,XGBoost
5115,2022-02-28,0.22074817,XGBoost
5116,2022-02-28,0.07565722,XGBoost
5117,2022-02-28,0.07728259,XGBoost
5118,2022-02-28,0.22903621,XGBoost
5119,2022-02-28,0.08624435,XGBoost
512,2022-02-28,0.072560765,XGBoost
5120,2022-02-28,0.23165049,XGBoost
5121,2022-02-28,0.08221122,XGBoost
5122,2022-02-28,0.24193954,XGBoost
5123,2022-02-28,0.21154875,XGBoost
5124,2022-02-28,0.07817497,XGBoost
5125,2022-02-28,0.23027675,XGBoost
5126,2022-02-28,0.0713019,XGBoost
5127,2022-02-28,0.21828578,XGBoost
5128,2022-02-28,0.0767259,XGBoost
5129,2022-02-28,0.07856535,XGBoost
513,2022-02-28,0.07094925,XGBoost
5130,2022-02-28,0.07767089,XGBoost
5131,2022-02-28,0.08595019,XGBoost
5132,2022-02-28,0.20248342,XGBoost
5133,2022-02-28,0.24870172,XGBoost
5134,2022-02-28,0.08522266,XGBoost
5135,2022-02-28,0.06944842,XGBoost
5136,2022-02-28,0.08798576,XGBoost
5137,2022-02-28,0.08094676,XGBoost
5138,2022-02-28,0.23014218,XGBoost
5139,2022-02-28,0.25314137,XGBoost
514,2022-02-28,0.08292136,XGBoost
5140,2022-02-28,0.23216008,XGBoost
5141,2022-02-28,0.2223707,XGBoost
5142,2022-02-28,0.08206526,XGBoost
5143,2022-02-28,0.24201128,XGBoost
5144,2022-02-28,0.2489587,XGBoost
5145,2022-02-28,0.07521407,XGBoost
5146,2022-02-28,0.08436032,XGBoost
5147,2022-02-28,0.23504548,XGBoost
5148,2022-02-28,0.08717173,XGBoost
5149,2022-02-28,0.2246792,XGBoost
515,2022-02-28,0.2074432,XGBoost
5150,2022-02-28,0.08503602,XGBoost
5151,2022-02-28,0.06725488,XGBoost
5152,2022-02-28,0.24399237,XGBoost
5153,2022-02-28,0.083225206,XGBoost
5154,2022-02-28,0.08627577,XGBoost
5155,2022-02-28,0.08572518,XGBoost
5156,2022-02-28,0.08548044,XGBoost
5157,2022-02-28,0.0845213,XGBoost
5158,2022-02-28,0.21718763,XGBoost
5159,2022-02-28,0.21653768,XGBoost
516,2022-02-28,0.2517217,XGBoost
5160,2022-02-28,0.22631675,XGBoost
5161,2022-02-28,0.08327959,XGBoost
5162,2022-02-28,0.08675618,XGBoost
5163,2022-02-28,0.07193281,XGBoost
5164,2022-02-28,0.08345106,XGBoost
5165,2022-02-28,0.2502528,XGBoost
5166,2022-02-28,0.2191032,XGBoost
5167,2022-02-28,0.07258302,XGBoost
5168,2022-02-28,0.21906994,XGBoost
5169,2022-02-28,0.22772609,XGBoost
517,2022-02-28,0.21896777,XGBoost
5170,2022-02-28,0.24320452,XGBoost
5171,2022-02-28,0.07931565,XGBoost
5172,2022-02-28,0.07321488,XGBoost
5173,2022-02-28,0.0742162,XGBoost
5174,2022-02-28,0.08771803,XGBoost
5175,2022-02-28,0.07761992,XGBoost
5176,2022-02-28,0.07297713,XGBoost
5177,2022-02-28,0.083155066,XGBoost
5178,2022-02-28,0.21758558,XGBoost
5179,2022-02-28,0.2380829,XGBoost
518,2022-02-28,0.08528859,XGBoost
5180,2022-02-28,0.082862906,XGBoost
5181,2022-02-28,0.23130652,XGBoost
5182,2022-02-28,0.090885155,XGBoost
5183,2022-02-28,0.08008857,XGBoost
5184,2022-02-28,0.08456761,XGBoost
5185,2022-02-28,0.08698777,XGBoost
5186,2022-02-28,0.085244566,XGBoost
5187,2022-02-28,0.215405,XGBoost
5188,2022-02-28,0.23530807,XGBoost
5189,2022-02-28,0.07801029,XGBoost
519,2022-02-28,0.08693827,XGBoost
5190,2022-02-28,0.07892614,XGBoost
5191,2022-02-28,0.08392692,XGBoost
5192,2022-02-28,0.19655953,XGBoost
5193,2022-02-28,0.22620516,XGBoost
5194,2022-02-28,0.08668056,XGBoost
5195,2022-02-28,0.22294387,XGBoost
5196,2022-02-28,0.21446389,XGBoost
5197,2022-02-28,0.08119354,XGBoost
5198,2022-02-28,0.08580604,XGBoost
5199,2022-02-28,0.07724523,XGBoost
52,2022-02-28,0.0788062,XGBoost
520,2022-02-28,0.08481225,XGBoost
5200,2022-02-28,0.08420524,XGBoost
5201,2022-02-28,0.07725851,XGBoost
5202,2022-02-28,0.23208964,XGBoost
5203,2022-02-28,0.0849999,XGBoost
5204,2022-02-28,0.08449566,XGBoost
5205,2022-02-28,0.07326947,XGBoost
5206,2022-02-28,0.08332146,XGBoost
5207,2022-02-28,0.07692782,XGBoost
5208,2022-02-28,0.08567844,XGBoost
5209,2022-02-28,0.078816004,XGBoost
521,2022-02-28,0.0817868,XGBoost
5210,2022-02-28,0.2271925,XGBoost
5211,2022-02-28,0.0808149,XGBoost
5212,2022-02-28,0.083423324,XGBoost
5213,2022-02-28,0.07681524,XGBoost
5214,2022-02-28,0.068483174,XGBoost
5215,2022-02-28,0.084172964,XGBoost
5216,2022-02-28,0.24330156,XGBoost
5217,2022-02-28,0.22246626,XGBoost
5218,2022-02-28,0.08525732,XGBoost
5219,2022-02-28,0.085955955,XGBoost
522,2022-02-28,0.071604304,XGBoost
5220,2022-02-28,0.07731852,XGBoost
5221,2022-02-28,0.082601346,XGBoost
5222,2022-02-28,0.07994155,XGBoost
5223,2022-02-28,0.08497756,XGBoost
5224,2022-02-28,0.08099111,XGBoost
5225,2022-02-28,0.085857265,XGBoost
5226,2022-02-28,0.08213583,XGBoost
5227,2022-02-28,0.075460896,XGBoost
5228,2022-02-28,0.0807231,XGBoost
5229,2022-02-28,0.07320972,XGBoost
523,2022-02-28,0.08615684,XGBoost
5230,2022-02-28,0.06858736,XGBoost
5231,2022-02-28,0.23021121,XGBoost
5232,2022-02-28,0.07100461,XGBoost
5233,2022-02-28,0.07052403,XGBoost
5234,2022-02-28,0.21584135,XGBoost
5235,2022-02-28,0.22798783,XGBoost
5236,2022-02-28,0.08320327,XGBoost
5237,2022-02-28,0.23254581,XGBoost
5238,2022-02-28,0.08416191,XGBoost
5239,2022-02-28,0.21130066,XGBoost
524,2022-02-28,0.08168464,XGBoost
5240,2022-02-28,0.22657254,XGBoost
5241,2022-02-28,0.086278975,XGBoost
5242,2022-02-28,0.08418673,XGBoost
5243,2022-02-28,0.21731398,XGBoost
5244,2022-02-28,0.25089294,XGBoost
5245,2022-02-28,0.2411794,XGBoost
5246,2022-02-28,0.20701629,XGBoost
5247,2022-02-28,0.20964587,XGBoost
5248,2022-02-28,0.2532117,XGBoost
5249,2022-02-28,0.22338884,XGBoost
525,2022-02-28,0.22717245,XGBoost
5250,2022-02-28,0.077255726,XGBoost
5251,2022-02-28,0.24580748,XGBoost
5252,2022-02-28,0.26238903,XGBoost
5253,2022-02-28,0.21323398,XGBoost
5254,2022-02-28,0.08768398,XGBoost
5255,2022-02-28,0.08468255,XGBoost
5256,2022-02-28,0.23445511,XGBoost
5257,2022-02-28,0.24409308,XGBoost
5258,2022-02-28,0.078645825,XGBoost
5259,2022-02-28,0.08082602,XGBoost
526,2022-02-28,0.22468226,XGBoost
5260,2022-02-28,0.22382693,XGBoost
5261,2022-02-28,0.083545804,XGBoost
5262,2022-02-28,0.08652475,XGBoost
5263,2022-02-28,0.07394067,XGBoost
5264,2022-02-28,0.08020625,XGBoost
5265,2022-02-28,0.083836004,XGBoost
5266,2022-02-28,0.23749687,XGBoost
5267,2022-02-28,0.22735919,XGBoost
5268,2022-02-28,0.24097374,XGBoost
5269,2022-02-28,0.08488031,XGBoost
527,2022-02-28,0.24272272,XGBoost
5270,2022-02-28,0.23405595,XGBoost
5271,2022-02-28,0.2414922,XGBoost
5272,2022-02-28,0.2419495,XGBoost
5273,2022-02-28,0.2265924,XGBoost
5274,2022-02-28,0.21264176,XGBoost
5275,2022-02-28,0.08265319,XGBoost
5276,2022-02-28,0.22780901,XGBoost
5277,2022-02-28,0.22991374,XGBoost
5278,2022-02-28,0.078469485,XGBoost
5279,2022-02-28,0.22391559,XGBoost
528,2022-02-28,0.24877866,XGBoost
5280,2022-02-28,0.06958609,XGBoost
5281,2022-02-28,0.25473365,XGBoost
5282,2022-02-28,0.22509706,XGBoost
5283,2022-02-28,0.21008733,XGBoost
5284,2022-02-28,0.24758951,XGBoost
5285,2022-02-28,0.22508071,XGBoost
5286,2022-02-28,0.07031603,XGBoost
5287,2022-02-28,0.08394834,XGBoost
5288,2022-02-28,0.22421205,XGBoost
5289,2022-02-28,0.08554598,XGBoost
529,2022-02-28,0.06484557,XGBoost
5290,2022-02-28,0.21154867,XGBoost
5291,2022-02-28,0.23687407,XGBoost
5292,2022-02-28,0.06803519,XGBoost
5293,2022-02-28,0.26170495,XGBoost
5294,2022-02-28,0.08798912,XGBoost
5295,2022-02-28,0.20065047,XGBoost
5296,2022-02-28,0.21039459,XGBoost
5297,2022-02-28,0.22470126,XGBoost
5298,2022-02-28,0.21016116,XGBoost
5299,2022-02-28,0.24311276,XGBoost
53,2022-02-28,0.08566976,XGBoost
530,2022-02-28,0.071841605,XGBoost
5300,2022-02-28,0.08655995,XGBoost
5301,2022-02-28,0.08398484,XGBoost
5302,2022-02-28,0.07777623,XGBoost
5303,2022-02-28,0.08435592,XGBoost
5304,2022-02-28,0.0860445,XGBoost
5305,2022-02-28,0.22590181,XGBoost
5306,2022-02-28,0.08319696,XGBoost
5307,2022-02-28,0.07662909,XGBoost
5308,2022-02-28,0.07250133,XGBoost
5309,2022-02-28,0.075117536,XGBoost
531,2022-02-28,0.06855617,XGBoost
5310,2022-02-28,0.22751777,XGBoost
5311,2022-02-28,0.08573912,XGBoost
5312,2022-02-28,0.22765943,XGBoost
5313,2022-02-28,0.081964105,XGBoost
5314,2022-02-28,0.21141379,XGBoost
5315,2022-02-28,0.08630636,XGBoost
5316,2022-02-28,0.07100105,XGBoost
5317,2022-02-28,0.08443124,XGBoost
5318,2022-02-28,0.23178181,XGBoost
5319,2022-02-28,0.24121332,XGBoost
532,2022-02-28,0.21705002,XGBoost
5320,2022-02-28,0.08523218,XGBoost
5321,2022-02-28,0.083899416,XGBoost
5322,2022-02-28,0.0888011,XGBoost
5323,2022-02-28,0.22858764,XGBoost
5324,2022-02-28,0.07173865,XGBoost
5325,2022-02-28,0.07035893,XGBoost
5326,2022-02-28,0.08686725,XGBoost
5327,2022-02-28,0.077907525,XGBoost
5328,2022-02-28,0.24042043,XGBoost
5329,2022-02-28,0.07473577,XGBoost
533,2022-02-28,0.073501274,XGBoost
5330,2022-02-28,0.08196512,XGBoost
5331,2022-02-28,0.08381739,XGBoost
5332,2022-02-28,0.22688504,XGBoost
5333,2022-02-28,0.24187039,XGBoost
5334,2022-02-28,0.24493712,XGBoost
5335,2022-02-28,0.07861924,XGBoost
5336,2022-02-28,0.06778423,XGBoost
5337,2022-02-28,0.08919592,XGBoost
5338,2022-02-28,0.23104846,XGBoost
5339,2022-02-28,0.2305324,XGBoost
534,2022-02-28,0.22648746,XGBoost
5340,2022-02-28,0.20340125,XGBoost
5341,2022-02-28,0.14363536,XGBoost
5342,2022-02-28,0.07724685,XGBoost
5343,2022-02-28,0.08282732,XGBoost
5344,2022-02-28,0.083514124,XGBoost
5345,2022-02-28,0.22943823,XGBoost
5346,2022-02-28,0.077840865,XGBoost
5347,2022-02-28,0.08521184,XGBoost
5348,2022-02-28,0.07817872,XGBoost
5349,2022-02-28,0.23482743,XGBoost
535,2022-02-28,0.07739556,XGBoost
5350,2022-02-28,0.08504675,XGBoost
5351,2022-02-28,0.08325894,XGBoost
5352,2022-02-28,0.20840345,XGBoost
5353,2022-02-28,0.19904469,XGBoost
5354,2022-02-28,0.07877481,XGBoost
5355,2022-02-28,0.071236216,XGBoost
5356,2022-02-28,0.22483192,XGBoost
5357,2022-02-28,0.2450057,XGBoost
5358,2022-02-28,0.081156455,XGBoost
5359,2022-02-28,0.24714814,XGBoost
536,2022-02-28,0.13787954,XGBoost
5360,2022-02-28,0.07797507,XGBoost
5361,2022-02-28,0.2510639,XGBoost
5362,2022-02-28,0.08200805,XGBoost
5363,2022-02-28,0.21153964,XGBoost
5364,2022-02-28,0.08459928,XGBoost
5365,2022-02-28,0.2208546,XGBoost
5366,2022-02-28,0.06741598,XGBoost
5367,2022-02-28,0.080665804,XGBoost
5368,2022-02-28,0.21480042,XGBoost
5369,2022-02-28,0.07111715,XGBoost
537,2022-02-28,0.23342857,XGBoost
5370,2022-02-28,0.2527038,XGBoost
5371,2022-02-28,0.08667192,XGBoost
5372,2022-02-28,0.23644811,XGBoost
5373,2022-02-28,0.22636259,XGBoost
5374,2022-02-28,0.08805301,XGBoost
5375,2022-02-28,0.23816657,XGBoost
5376,2022-02-28,0.20731981,XGBoost
5377,2022-02-28,0.086372524,XGBoost
5378,2022-02-28,0.076800674,XGBoost
5379,2022-02-28,0.08100033,XGBoost
538,2022-02-28,0.08439795,XGBoost
5380,2022-02-28,0.21395373,XGBoost
5381,2022-02-28,0.086644776,XGBoost
5382,2022-02-28,0.21919358,XGBoost
5383,2022-02-28,0.06937922,XGBoost
5384,2022-02-28,0.22649851,XGBoost
5385,2022-02-28,0.25252604,XGBoost
5386,2022-02-28,0.23865254,XGBoost
5387,2022-02-28,0.25919503,XGBoost
5388,2022-02-28,0.22930433,XGBoost
5389,2022-02-28,0.08156985,XGBoost
539,2022-02-28,0.23037511,XGBoost
5390,2022-02-28,0.22561122,XGBoost
5391,2022-02-28,0.25055015,XGBoost
5392,2022-02-28,0.08679209,XGBoost
5393,2022-02-28,0.23551159,XGBoost
5394,2022-02-28,0.24177505,XGBoost
5395,2022-02-28,0.22459733,XGBoost
5396,2022-02-28,0.08627929,XGBoost
5397,2022-02-28,0.1939671,XGBoost
5398,2022-02-28,0.083450526,XGBoost
5399,2022-02-28,0.08456436,XGBoost
54,2022-02-28,0.08464783,XGBoost
540,2022-02-28,0.21268198,XGBoost
5400,2022-02-28,0.0865849,XGBoost
5401,2022-02-28,0.08392711,XGBoost
5402,2022-02-28,0.087246686,XGBoost
5403,2022-02-28,0.23537219,XGBoost
5404,2022-02-28,0.25298116,XGBoost
5405,2022-02-28,0.081905805,XGBoost
5406,2022-02-28,0.082597725,XGBoost
5407,2022-02-28,0.08221437,XGBoost
5408,2022-02-28,0.23786013,XGBoost
5409,2022-02-28,0.08499149,XGBoost
541,2022-02-28,0.22357734,XGBoost
5410,2022-02-28,0.08560966,XGBoost
5411,2022-02-28,0.2275992,XGBoost
5412,2022-02-28,0.082655944,XGBoost
5413,2022-02-28,0.23326287,XGBoost
5414,2022-02-28,0.07758281,XGBoost
5415,2022-02-28,0.23013625,XGBoost
5416,2022-02-28,0.24724719,XGBoost
5417,2022-02-28,0.077375606,XGBoost
5418,2022-02-28,0.08195539,XGBoost
5419,2022-02-28,0.23055205,XGBoost
542,2022-02-28,0.08694104,XGBoost
5420,2022-02-28,0.22951065,XGBoost
5421,2022-02-28,0.080682024,XGBoost
5422,2022-02-28,0.08665875,XGBoost
5423,2022-02-28,0.08437849,XGBoost
5424,2022-02-28,0.08457899,XGBoost
5425,2022-02-28,0.08527622,XGBoost
5426,2022-02-28,0.22817568,XGBoost
5427,2022-02-28,0.08662233,XGBoost
5428,2022-02-28,0.23263381,XGBoost
5429,2022-02-28,0.20428386,XGBoost
543,2022-02-28,0.08399404,XGBoost
5430,2022-02-28,0.2325014,XGBoost
5431,2022-02-28,0.19940285,XGBoost
5432,2022-02-28,0.08242947,XGBoost
5433,2022-02-28,0.0761065,XGBoost
5434,2022-02-28,0.07699321,XGBoost
5435,2022-02-28,0.08898906,XGBoost
5436,2022-02-28,0.08535194,XGBoost
5437,2022-02-28,0.066704996,XGBoost
5438,2022-02-28,0.2370658,XGBoost
5439,2022-02-28,0.087975465,XGBoost
544,2022-02-28,0.08420872,XGBoost
5440,2022-02-28,0.23076236,XGBoost
5441,2022-02-28,0.09490076,XGBoost
5442,2022-02-28,0.083168104,XGBoost
5443,2022-02-28,0.20668639,XGBoost
5444,2022-02-28,0.23851319,XGBoost
5445,2022-02-28,0.08439017,XGBoost
5446,2022-02-28,0.2510248,XGBoost
5447,2022-02-28,0.07695381,XGBoost
5448,2022-02-28,0.08731128,XGBoost
5449,2022-02-28,0.08650988,XGBoost
545,2022-02-28,0.07855001,XGBoost
5450,2022-02-28,0.22218499,XGBoost
5451,2022-02-28,0.083149105,XGBoost
5452,2022-02-28,0.24057437,XGBoost
5453,2022-02-28,0.0834506,XGBoost
5454,2022-02-28,0.20178246,XGBoost
5455,2022-02-28,0.08227601,XGBoost
5456,2022-02-28,0.08285199,XGBoost
5457,2022-02-28,0.23445883,XGBoost
5458,2022-02-28,0.23380873,XGBoost
5459,2022-02-28,0.07868772,XGBoost
546,2022-02-28,0.06996833,XGBoost
5460,2022-02-28,0.22684422,XGBoost
5461,2022-02-28,0.22955337,XGBoost
5462,2022-02-28,0.2180463,XGBoost
5463,2022-02-28,0.082594186,XGBoost
5464,2022-02-28,0.08575932,XGBoost
5465,2022-02-28,0.22733314,XGBoost
5466,2022-02-28,0.07026222,XGBoost
5467,2022-02-28,0.08251373,XGBoost
5468,2022-02-28,0.2113619,XGBoost
5469,2022-02-28,0.084155254,XGBoost
547,2022-02-28,0.24788594,XGBoost
5470,2022-02-28,0.25021294,XGBoost
5471,2022-02-28,0.079206854,XGBoost
5472,2022-02-28,0.08418834,XGBoost
5473,2022-02-28,0.19867662,XGBoost
5474,2022-02-28,0.24441284,XGBoost
5475,2022-02-28,0.23841034,XGBoost
5476,2022-02-28,0.23733342,XGBoost
5477,2022-02-28,0.2000948,XGBoost
5478,2022-02-28,0.2284871,XGBoost
5479,2022-02-28,0.21986362,XGBoost
548,2022-02-28,0.08419989,XGBoost
5480,2022-02-28,0.23414184,XGBoost
5481,2022-02-28,0.23438944,XGBoost
5482,2022-02-28,0.21841942,XGBoost
5483,2022-02-28,0.08558807,XGBoost
5484,2022-02-28,0.08659919,XGBoost
5485,2022-02-28,0.08486356,XGBoost
5486,2022-02-28,0.086276375,XGBoost
5487,2022-02-28,0.22629704,XGBoost
5488,2022-02-28,0.07847956,XGBoost
5489,2022-02-28,0.0775644,XGBoost
549,2022-02-28,0.084943615,XGBoost
5490,2022-02-28,0.24860856,XGBoost
5491,2022-02-28,0.25975743,XGBoost
5492,2022-02-28,0.08153792,XGBoost
5493,2022-02-28,0.2407601,XGBoost
5494,2022-02-28,0.082517445,XGBoost
5495,2022-02-28,0.08565394,XGBoost
5496,2022-02-28,0.22235951,XGBoost
5497,2022-02-28,0.22601208,XGBoost
5498,2022-02-28,0.07255913,XGBoost
5499,2022-02-28,0.2551972,XGBoost
55,2022-02-28,0.24797852,XGBoost
550,2022-02-28,0.08749228,XGBoost
5500,2022-02-28,0.06360049,XGBoost
5501,2022-02-28,0.23819189,XGBoost
5502,2022-02-28,0.07797915,XGBoost
5503,2022-02-28,0.08824815,XGBoost
5504,2022-02-28,0.235716,XGBoost
5505,2022-02-28,0.07845076,XGBoost
5506,2022-02-28,0.23653688,XGBoost
5507,2022-02-28,0.08284959,XGBoost
5508,2022-02-28,0.21245688,XGBoost
5509,2022-02-28,0.07228632,XGBoost
551,2022-02-28,0.078813605,XGBoost
5510,2022-02-28,0.07681374,XGBoost
5511,2022-02-28,0.08670839,XGBoost
5512,2022-02-28,0.07321259,XGBoost
5513,2022-02-28,0.2336702,XGBoost
5514,2022-02-28,0.06630841,XGBoost
5515,2022-02-28,0.07100131,XGBoost
5516,2022-02-28,0.26054296,XGBoost
5517,2022-02-28,0.2311265,XGBoost
5518,2022-02-28,0.22998694,XGBoost
5519,2022-02-28,0.21109337,XGBoost
552,2022-02-28,0.23953794,XGBoost
5520,2022-02-28,0.19981045,XGBoost
5521,2022-02-28,0.20894337,XGBoost
5522,2022-02-28,0.21915008,XGBoost
5523,2022-02-28,0.08429873,XGBoost
5524,2022-02-28,0.2602185,XGBoost
5525,2022-02-28,0.0797791,XGBoost
5526,2022-02-28,0.2369863,XGBoost
5527,2022-02-28,0.07175425,XGBoost
5528,2022-02-28,0.08414765,XGBoost
5529,2022-02-28,0.080157325,XGBoost
553,2022-02-28,0.072130375,XGBoost
5530,2022-02-28,0.24775335,XGBoost
5531,2022-02-28,0.080151066,XGBoost
5532,2022-02-28,0.24283294,XGBoost
5533,2022-02-28,0.085324116,XGBoost
5534,2022-02-28,0.23640937,XGBoost
5535,2022-02-28,0.2351873,XGBoost
5536,2022-02-28,0.21608976,XGBoost
5537,2022-02-28,0.2534131,XGBoost
5538,2022-02-28,0.22373126,XGBoost
5539,2022-02-28,0.07695943,XGBoost
554,2022-02-28,0.24128808,XGBoost
5540,2022-02-28,0.0812497,XGBoost
5541,2022-02-28,0.078454785,XGBoost
5542,2022-02-28,0.24087727,XGBoost
5543,2022-02-28,0.07838789,XGBoost
5544,2022-02-28,0.2154501,XGBoost
5545,2022-02-28,0.07775144,XGBoost
5546,2022-02-28,0.23464736,XGBoost
5547,2022-02-28,0.24969342,XGBoost
5548,2022-02-28,0.084193595,XGBoost
5549,2022-02-28,0.22598843,XGBoost
555,2022-02-28,0.08168346,XGBoost
5550,2022-02-28,0.085417174,XGBoost
5551,2022-02-28,0.2262782,XGBoost
5552,2022-02-28,0.08500183,XGBoost
5553,2022-02-28,0.084965006,XGBoost
5554,2022-02-28,0.20455076,XGBoost
5555,2022-02-28,0.23824301,XGBoost
5556,2022-02-28,0.066235155,XGBoost
5557,2022-02-28,0.0844198,XGBoost
5558,2022-02-28,0.07964798,XGBoost
5559,2022-02-28,0.08575664,XGBoost
556,2022-02-28,0.07931095,XGBoost
5560,2022-02-28,0.086820915,XGBoost
5561,2022-02-28,0.087213784,XGBoost
5562,2022-02-28,0.24013194,XGBoost
5563,2022-02-28,0.0841882,XGBoost
5564,2022-02-28,0.23241495,XGBoost
5565,2022-02-28,0.24262604,XGBoost
5566,2022-02-28,0.06827298,XGBoost
5567,2022-02-28,0.08340861,XGBoost
5568,2022-02-28,0.063835055,XGBoost
5569,2022-02-28,0.08488224,XGBoost
557,2022-02-28,0.21818535,XGBoost
5570,2022-02-28,0.08541585,XGBoost
5571,2022-02-28,0.23320058,XGBoost
5572,2022-02-28,0.08737206,XGBoost
5573,2022-02-28,0.06997713,XGBoost
5574,2022-02-28,0.2399676,XGBoost
5575,2022-02-28,0.22827506,XGBoost
5576,2022-02-28,0.24532048,XGBoost
5577,2022-02-28,0.23213883,XGBoost
5578,2022-02-28,0.082994096,XGBoost
5579,2022-02-28,0.07379832,XGBoost
558,2022-02-28,0.24664064,XGBoost
5580,2022-02-28,0.22235431,XGBoost
5581,2022-02-28,0.22931865,XGBoost
5582,2022-02-28,0.23754098,XGBoost
5583,2022-02-28,0.08277204,XGBoost
5584,2022-02-28,0.07714725,XGBoost
5585,2022-02-28,0.08719605,XGBoost
5586,2022-02-28,0.08026819,XGBoost
5587,2022-02-28,0.07624405,XGBoost
5588,2022-02-28,0.22980145,XGBoost
5589,2022-02-28,0.2144967,XGBoost
559,2022-02-28,0.076253705,XGBoost
5590,2022-02-28,0.21289237,XGBoost
5591,2022-02-28,0.085585766,XGBoost
5592,2022-02-28,0.23791951,XGBoost
5593,2022-02-28,0.2360058,XGBoost
5594,2022-02-28,0.08279033,XGBoost
5595,2022-02-28,0.2310371,XGBoost
5596,2022-02-28,0.08473283,XGBoost
5597,2022-02-28,0.08258632,XGBoost
5598,2022-02-28,0.20717642,XGBoost
5599,2022-02-28,0.084840186,XGBoost
56,2022-02-28,0.08210335,XGBoost
560,2022-02-28,0.084139,XGBoost
5600,2022-02-28,0.23563269,XGBoost
5601,2022-02-28,0.2191577,XGBoost
5602,2022-02-28,0.22242457,XGBoost
5603,2022-02-28,0.22658949,XGBoost
5604,2022-02-28,0.2509144,XGBoost
5605,2022-02-28,0.23563541,XGBoost
5606,2022-02-28,0.07180157,XGBoost
5607,2022-02-28,0.08121979,XGBoost
5608,2022-02-28,0.23202151,XGBoost
5609,2022-02-28,0.08230854,XGBoost
561,2022-02-28,0.084838636,XGBoost
5610,2022-02-28,0.083892815,XGBoost
5611,2022-02-28,0.08305445,XGBoost
5612,2022-02-28,0.2171093,XGBoost
5613,2022-02-28,0.08837205,XGBoost
5614,2022-02-28,0.084664,XGBoost
5615,2022-02-28,0.08951604,XGBoost
5616,2022-02-28,0.082380906,XGBoost
5617,2022-02-28,0.083944105,XGBoost
5618,2022-02-28,0.08094523,XGBoost
5619,2022-02-28,0.23044586,XGBoost
562,2022-02-28,0.08530046,XGBoost
5620,2022-02-28,0.071418405,XGBoost
5621,2022-02-28,0.23693757,XGBoost
5622,2022-02-28,0.23955935,XGBoost
5623,2022-02-28,0.07898569,XGBoost
5624,2022-02-28,0.07056431,XGBoost
5625,2022-02-28,0.07911972,XGBoost
5626,2022-02-28,0.07342647,XGBoost
5627,2022-02-28,0.2201033,XGBoost
5628,2022-02-28,0.07099221,XGBoost
5629,2022-02-28,0.22981757,XGBoost
563,2022-02-28,0.08217568,XGBoost
5630,2022-02-28,0.07007601,XGBoost
5631,2022-02-28,0.06687427,XGBoost
5632,2022-02-28,0.07910948,XGBoost
5633,2022-02-28,0.21687537,XGBoost
5634,2022-02-28,0.079826675,XGBoost
5635,2022-02-28,0.23259166,XGBoost
5636,2022-02-28,0.25273228,XGBoost
5637,2022-02-28,0.077287585,XGBoost
5638,2022-02-28,0.079432696,XGBoost
5639,2022-02-28,0.08123592,XGBoost
564,2022-02-28,0.07777881,XGBoost
5640,2022-02-28,0.080890805,XGBoost
5641,2022-02-28,0.23027298,XGBoost
5642,2022-02-28,0.25116035,XGBoost
5643,2022-02-28,0.20976283,XGBoost
5644,2022-02-28,0.085569255,XGBoost
5645,2022-02-28,0.23093913,XGBoost
5646,2022-02-28,0.0789015,XGBoost
5647,2022-02-28,0.21315497,XGBoost
5648,2022-02-28,0.0653095,XGBoost
5649,2022-02-28,0.08395077,XGBoost
565,2022-02-28,0.25117448,XGBoost
5650,2022-02-28,0.06872973,XGBoost
5651,2022-02-28,0.22820838,XGBoost
5652,2022-02-28,0.08342136,XGBoost
5653,2022-02-28,0.086113,XGBoost
5654,2022-02-28,0.08358159,XGBoost
5655,2022-02-28,0.20110258,XGBoost
5656,2022-02-28,0.078928776,XGBoost
5657,2022-02-28,0.21228938,XGBoost
5658,2022-02-28,0.08429388,XGBoost
5659,2022-02-28,0.08315266,XGBoost
566,2022-02-28,0.07694883,XGBoost
5660,2022-02-28,0.06510987,XGBoost
5661,2022-02-28,0.22139974,XGBoost
5662,2022-02-28,0.08329848,XGBoost
5663,2022-02-28,0.20600845,XGBoost
5664,2022-02-28,0.072454885,XGBoost
5665,2022-02-28,0.13602838,XGBoost
5666,2022-02-28,0.079938985,XGBoost
5667,2022-02-28,0.22845015,XGBoost
5668,2022-02-28,0.21533737,XGBoost
5669,2022-02-28,0.23994534,XGBoost
567,2022-02-28,0.2316928,XGBoost
5670,2022-02-28,0.08209415,XGBoost
5671,2022-02-28,0.23783755,XGBoost
5672,2022-02-28,0.076126374,XGBoost
5673,2022-02-28,0.07774033,XGBoost
5674,2022-02-28,0.2406343,XGBoost
5675,2022-02-28,0.24587192,XGBoost
5676,2022-02-28,0.085118584,XGBoost
5677,2022-02-28,0.08442256,XGBoost
5678,2022-02-28,0.08492192,XGBoost
5679,2022-02-28,0.2371554,XGBoost
568,2022-02-28,0.08590228,XGBoost
5680,2022-02-28,0.074895136,XGBoost
5681,2022-02-28,0.2118659,XGBoost
5682,2022-02-28,0.21949524,XGBoost
5683,2022-02-28,0.08744858,XGBoost
5684,2022-02-28,0.22690845,XGBoost
5685,2022-02-28,0.07765886,XGBoost
5686,2022-02-28,0.23068891,XGBoost
5687,2022-02-28,0.21547234,XGBoost
5688,2022-02-28,0.23647995,XGBoost
5689,2022-02-28,0.23715827,XGBoost
569,2022-02-28,0.080281414,XGBoost
5690,2022-02-28,0.08162777,XGBoost
5691,2022-02-28,0.09027006,XGBoost
5692,2022-02-28,0.23501727,XGBoost
5693,2022-02-28,0.22002879,XGBoost
5694,2022-02-28,0.07748775,XGBoost
5695,2022-02-28,0.23309384,XGBoost
5696,2022-02-28,0.08779058,XGBoost
5697,2022-02-28,0.081931986,XGBoost
5698,2022-02-28,0.0697895,XGBoost
5699,2022-02-28,0.20014088,XGBoost
57,2022-02-28,0.08475522,XGBoost
570,2022-02-28,0.08478203,XGBoost
5700,2022-02-28,0.23412777,XGBoost
5701,2022-02-28,0.20920576,XGBoost
5702,2022-02-28,0.21993805,XGBoost
5703,2022-02-28,0.09015487,XGBoost
5704,2022-02-28,0.083894566,XGBoost
5705,2022-02-28,0.08981324,XGBoost
5706,2022-02-28,0.23443049,XGBoost
5707,2022-02-28,0.08275639,XGBoost
5708,2022-02-28,0.24242269,XGBoost
5709,2022-02-28,0.20565838,XGBoost
571,2022-02-28,0.082229555,XGBoost
5710,2022-02-28,0.22638233,XGBoost
5711,2022-02-28,0.08250505,XGBoost
5712,2022-02-28,0.23113778,XGBoost
5713,2022-02-28,0.23107798,XGBoost
5714,2022-02-28,0.20482416,XGBoost
5715,2022-02-28,0.086463146,XGBoost
5716,2022-02-28,0.22034505,XGBoost
5717,2022-02-28,0.07048792,XGBoost
5718,2022-02-28,0.08742738,XGBoost
5719,2022-02-28,0.22224602,XGBoost
572,2022-02-28,0.088610254,XGBoost
5720,2022-02-28,0.076814376,XGBoost
5721,2022-02-28,0.21633165,XGBoost
5722,2022-02-28,0.22786945,XGBoost
5723,2022-02-28,0.08264063,XGBoost
5724,2022-02-28,0.2183648,XGBoost
5725,2022-02-28,0.08029251,XGBoost
5726,2022-02-28,0.08766884,XGBoost
5727,2022-02-28,0.23448226,XGBoost
5728,2022-02-28,0.21951115,XGBoost
5729,2022-02-28,0.22317593,XGBoost
573,2022-02-28,0.08160881,XGBoost
5730,2022-02-28,0.08241275,XGBoost
5731,2022-02-28,0.08753433,XGBoost
5732,2022-02-28,0.08434795,XGBoost
5733,2022-02-28,0.085882574,XGBoost
5734,2022-02-28,0.08097939,XGBoost
5735,2022-02-28,0.21522349,XGBoost
5736,2022-02-28,0.08647598,XGBoost
5737,2022-02-28,0.08274554,XGBoost
5738,2022-02-28,0.23700222,XGBoost
5739,2022-02-28,0.21406287,XGBoost
574,2022-02-28,0.07785745,XGBoost
5740,2022-02-28,0.08017132,XGBoost
5741,2022-02-28,0.08239956,XGBoost
5742,2022-02-28,0.24404332,XGBoost
5743,2022-02-28,0.21270853,XGBoost
5744,2022-02-28,0.22160947,XGBoost
5745,2022-02-28,0.23015082,XGBoost
5746,2022-02-28,0.2555207,XGBoost
5747,2022-02-28,0.21400376,XGBoost
5748,2022-02-28,0.22350547,XGBoost
5749,2022-02-28,0.085382424,XGBoost
575,2022-02-28,0.07884087,XGBoost
5750,2022-02-28,0.07315055,XGBoost
5751,2022-02-28,0.06884744,XGBoost
5752,2022-02-28,0.22736633,XGBoost
5753,2022-02-28,0.2072892,XGBoost
5754,2022-02-28,0.08291327,XGBoost
5755,2022-02-28,0.23612651,XGBoost
5756,2022-02-28,0.08279717,XGBoost
5757,2022-02-28,0.26125893,XGBoost
5758,2022-02-28,0.082017876,XGBoost
5759,2022-02-28,0.08364873,XGBoost
576,2022-02-28,0.08854924,XGBoost
5760,2022-02-28,0.07832888,XGBoost
5761,2022-02-28,0.07264706,XGBoost
5762,2022-02-28,0.07964351,XGBoost
5763,2022-02-28,0.07472062,XGBoost
5764,2022-02-28,0.085311264,XGBoost
5765,2022-02-28,0.14852151,XGBoost
5766,2022-02-28,0.24455847,XGBoost
5767,2022-02-28,0.23419744,XGBoost
5768,2022-02-28,0.0833164,XGBoost
5769,2022-02-28,0.083839096,XGBoost
577,2022-02-28,0.078518555,XGBoost
5770,2022-02-28,0.062946685,XGBoost
5771,2022-02-28,0.06886289,XGBoost
5772,2022-02-28,0.08477728,XGBoost
5773,2022-02-28,0.082876235,XGBoost
5774,2022-02-28,0.23472302,XGBoost
5775,2022-02-28,0.24004751,XGBoost
5776,2022-02-28,0.23611438,XGBoost
5777,2022-02-28,0.24492514,XGBoost
5778,2022-02-28,0.22509247,XGBoost
5779,2022-02-28,0.08530619,XGBoost
578,2022-02-28,0.08332827,XGBoost
5780,2022-02-28,0.08173899,XGBoost
5781,2022-02-28,0.08622921,XGBoost
5782,2022-02-28,0.24326509,XGBoost
5783,2022-02-28,0.08594636,XGBoost
5784,2022-02-28,0.07051711,XGBoost
5785,2022-02-28,0.07254045,XGBoost
5786,2022-02-28,0.0859902,XGBoost
5787,2022-02-28,0.08469257,XGBoost
5788,2022-02-28,0.21769385,XGBoost
5789,2022-02-28,0.08346246,XGBoost
579,2022-02-28,0.08242385,XGBoost
5790,2022-02-28,0.08613512,XGBoost
5791,2022-02-28,0.074269325,XGBoost
5792,2022-02-28,0.08556067,XGBoost
5793,2022-02-28,0.07759554,XGBoost
5794,2022-02-28,0.08349203,XGBoost
5795,2022-02-28,0.08604695,XGBoost
5796,2022-02-28,0.24185309,XGBoost
5797,2022-02-28,0.2307348,XGBoost
5798,2022-02-28,0.0812174,XGBoost
5799,2022-02-28,0.08027529,XGBoost
58,2022-02-28,0.08088752,XGBoost
580,2022-02-28,0.08244547,XGBoost
5800,2022-02-28,0.080406554,XGBoost
5801,2022-02-28,0.23177831,XGBoost
5802,2022-02-28,0.2221825,XGBoost
5803,2022-02-28,0.19077627,XGBoost
5804,2022-02-28,0.08613146,XGBoost
5805,2022-02-28,0.07811617,XGBoost
5806,2022-02-28,0.076016985,XGBoost
5807,2022-02-28,0.07583016,XGBoost
5808,2022-02-28,0.23886889,XGBoost
5809,2022-02-28,0.083326876,XGBoost
581,2022-02-28,0.08902622,XGBoost
5810,2022-02-28,0.08025608,XGBoost
5811,2022-02-28,0.08280086,XGBoost
5812,2022-02-28,0.07900412,XGBoost
5813,2022-02-28,0.077340916,XGBoost
5814,2022-02-28,0.082049854,XGBoost
5815,2022-02-28,0.08138754,XGBoost
5816,2022-02-28,0.065831706,XGBoost
5817,2022-02-28,0.22618845,XGBoost
5818,2022-02-28,0.08404912,XGBoost
5819,2022-02-28,0.2276832,XGBoost
582,2022-02-28,0.082907334,XGBoost
5820,2022-02-28,0.076922916,XGBoost
5821,2022-02-28,0.07115528,XGBoost
5822,2022-02-28,0.07379512,XGBoost
5823,2022-02-28,0.08563336,XGBoost
5824,2022-02-28,0.087219425,XGBoost
5825,2022-02-28,0.088028096,XGBoost
5826,2022-02-28,0.07631435,XGBoost
5827,2022-02-28,0.07512432,XGBoost
5828,2022-02-28,0.0796584,XGBoost
5829,2022-02-28,0.23348369,XGBoost
583,2022-02-28,0.08788918,XGBoost
5830,2022-02-28,0.23060432,XGBoost
5831,2022-02-28,0.07936004,XGBoost
5832,2022-02-28,0.21927182,XGBoost
5833,2022-02-28,0.07643945,XGBoost
5834,2022-02-28,0.08466555,XGBoost
5835,2022-02-28,0.22922015,XGBoost
5836,2022-02-28,0.21869484,XGBoost
5837,2022-02-28,0.21082003,XGBoost
5838,2022-02-28,0.22553204,XGBoost
5839,2022-02-28,0.21969408,XGBoost
584,2022-02-28,0.08118986,XGBoost
5840,2022-02-28,0.20000374,XGBoost
5841,2022-02-28,0.07803919,XGBoost
5842,2022-02-28,0.0699145,XGBoost
5843,2022-02-28,0.225276,XGBoost
5844,2022-02-28,0.2186312,XGBoost
5845,2022-02-28,0.08829921,XGBoost
5846,2022-02-28,0.24972852,XGBoost
5847,2022-02-28,0.23585217,XGBoost
5848,2022-02-28,0.071886316,XGBoost
5849,2022-02-28,0.21999918,XGBoost
585,2022-02-28,0.08176637,XGBoost
5850,2022-02-28,0.23275654,XGBoost
5851,2022-02-28,0.08162409,XGBoost
5852,2022-02-28,0.23165926,XGBoost
5853,2022-02-28,0.0826791,XGBoost
5854,2022-02-28,0.2332741,XGBoost
5855,2022-02-28,0.071420595,XGBoost
5856,2022-02-28,0.084026426,XGBoost
5857,2022-02-28,0.25773078,XGBoost
5858,2022-02-28,0.24242969,XGBoost
5859,2022-02-28,0.07149946,XGBoost
586,2022-02-28,0.080348976,XGBoost
5860,2022-02-28,0.08570288,XGBoost
5861,2022-02-28,0.21788941,XGBoost
5862,2022-02-28,0.26897922,XGBoost
5863,2022-02-28,0.08320978,XGBoost
5864,2022-02-28,0.21082808,XGBoost
5865,2022-02-28,0.08457088,XGBoost
5866,2022-02-28,0.22738072,XGBoost
5867,2022-02-28,0.08574815,XGBoost
5868,2022-02-28,0.23361136,XGBoost
5869,2022-02-28,0.08463454,XGBoost
587,2022-02-28,0.06483432,XGBoost
5870,2022-02-28,0.08604308,XGBoost
5871,2022-02-28,0.078654855,XGBoost
5872,2022-02-28,0.08081771,XGBoost
5873,2022-02-28,0.06913201,XGBoost
5874,2022-02-28,0.06994232,XGBoost
5875,2022-02-28,0.24522321,XGBoost
5876,2022-02-28,0.087083064,XGBoost
5877,2022-02-28,0.23106468,XGBoost
5878,2022-02-28,0.24037819,XGBoost
5879,2022-02-28,0.079932444,XGBoost
588,2022-02-28,0.08236674,XGBoost
5880,2022-02-28,0.24559204,XGBoost
5881,2022-02-28,0.24252704,XGBoost
5882,2022-02-28,0.08532862,XGBoost
5883,2022-02-28,0.08057278,XGBoost
5884,2022-02-28,0.074048266,XGBoost
5885,2022-02-28,0.0728136,XGBoost
5886,2022-02-28,0.08273396,XGBoost
5887,2022-02-28,0.08663011,XGBoost
5888,2022-02-28,0.072932266,XGBoost
5889,2022-02-28,0.074320644,XGBoost
589,2022-02-28,0.2165453,XGBoost
5890,2022-02-28,0.24399734,XGBoost
5891,2022-02-28,0.085603096,XGBoost
5892,2022-02-28,0.07212586,XGBoost
5893,2022-02-28,0.23361444,XGBoost
5894,2022-02-28,0.086923406,XGBoost
5895,2022-02-28,0.22545281,XGBoost
5896,2022-02-28,0.083022326,XGBoost
5897,2022-02-28,0.22010998,XGBoost
5898,2022-02-28,0.23637731,XGBoost
5899,2022-02-28,0.071090184,XGBoost
59,2022-02-28,0.081911154,XGBoost
590,2022-02-28,0.24911773,XGBoost
5900,2022-02-28,0.08351137,XGBoost
5901,2022-02-28,0.2229042,XGBoost
5902,2022-02-28,0.07114792,XGBoost
5903,2022-02-28,0.22252615,XGBoost
5904,2022-02-28,0.08155154,XGBoost
5905,2022-02-28,0.085424334,XGBoost
5906,2022-02-28,0.22656405,XGBoost
5907,2022-02-28,0.08837391,XGBoost
5908,2022-02-28,0.08426286,XGBoost
5909,2022-02-28,0.23414896,XGBoost
591,2022-02-28,0.078258835,XGBoost
5910,2022-02-28,0.080202445,XGBoost
5911,2022-02-28,0.08213452,XGBoost
5912,2022-02-28,0.082646124,XGBoost
5913,2022-02-28,0.07233541,XGBoost
5914,2022-02-28,0.06978035,XGBoost
5915,2022-02-28,0.087952025,XGBoost
5916,2022-02-28,0.21897161,XGBoost
5917,2022-02-28,0.079149775,XGBoost
5918,2022-02-28,0.07499943,XGBoost
5919,2022-02-28,0.22313482,XGBoost
592,2022-02-28,0.086314596,XGBoost
5920,2022-02-28,0.08606608,XGBoost
5921,2022-02-28,0.07898348,XGBoost
5922,2022-02-28,0.22828667,XGBoost
5923,2022-02-28,0.07272436,XGBoost
5924,2022-02-28,0.08508242,XGBoost
5925,2022-02-28,0.25818112,XGBoost
5926,2022-02-28,0.20813607,XGBoost
5927,2022-02-28,0.24590647,XGBoost
5928,2022-02-28,0.06958831,XGBoost
5929,2022-02-28,0.22323287,XGBoost
593,2022-02-28,0.08043451,XGBoost
5930,2022-02-28,0.23487501,XGBoost
5931,2022-02-28,0.22912225,XGBoost
5932,2022-02-28,0.082337506,XGBoost
5933,2022-02-28,0.08737739,XGBoost
5934,2022-02-28,0.22437507,XGBoost
5935,2022-02-28,0.07744519,XGBoost
5936,2022-02-28,0.25223687,XGBoost
5937,2022-02-28,0.067549184,XGBoost
5938,2022-02-28,0.083475456,XGBoost
5939,2022-02-28,0.08226433,XGBoost
594,2022-02-28,0.08291038,XGBoost
5940,2022-02-28,0.08284063,XGBoost
5941,2022-02-28,0.074538305,XGBoost
5942,2022-02-28,0.22255543,XGBoost
5943,2022-02-28,0.23149946,XGBoost
5944,2022-02-28,0.22213909,XGBoost
5945,2022-02-28,0.23247178,XGBoost
5946,2022-02-28,0.06971159,XGBoost
5947,2022-02-28,0.21133223,XGBoost
5948,2022-02-28,0.086045004,XGBoost
5949,2022-02-28,0.085921355,XGBoost
595,2022-02-28,0.08234395,XGBoost
5950,2022-02-28,0.08438924,XGBoost
5951,2022-02-28,0.23583414,XGBoost
5952,2022-02-28,0.07301969,XGBoost
5953,2022-02-28,0.07976597,XGBoost
5954,2022-02-28,0.081836864,XGBoost
5955,2022-02-28,0.23099071,XGBoost
5956,2022-02-28,0.24852605,XGBoost
5957,2022-02-28,0.08805257,XGBoost
5958,2022-02-28,0.2304986,XGBoost
5959,2022-02-28,0.23728362,XGBoost
596,2022-02-28,0.19804391,XGBoost
5960,2022-02-28,0.07230977,XGBoost
5961,2022-02-28,0.08646435,XGBoost
5962,2022-02-28,0.24452166,XGBoost
5963,2022-02-28,0.083388805,XGBoost
5964,2022-02-28,0.07894188,XGBoost
5965,2022-02-28,0.21945965,XGBoost
5966,2022-02-28,0.082453676,XGBoost
5967,2022-02-28,0.08365672,XGBoost
5968,2022-02-28,0.21659881,XGBoost
5969,2022-02-28,0.0813093,XGBoost
597,2022-02-28,0.08328515,XGBoost
5970,2022-02-28,0.072606444,XGBoost
5971,2022-02-28,0.073741384,XGBoost
5972,2022-02-28,0.23752147,XGBoost
5973,2022-02-28,0.08418931,XGBoost
5974,2022-02-28,0.082025215,XGBoost
5975,2022-02-28,0.08532891,XGBoost
5976,2022-02-28,0.082971886,XGBoost
5977,2022-02-28,0.078456216,XGBoost
5978,2022-02-28,0.23882824,XGBoost
5979,2022-02-28,0.22010233,XGBoost
598,2022-02-28,0.086658016,XGBoost
5980,2022-02-28,0.2355076,XGBoost
5981,2022-02-28,0.08675334,XGBoost
5982,2022-02-28,0.08295037,XGBoost
5983,2022-02-28,0.22100998,XGBoost
5984,2022-02-28,0.082494445,XGBoost
5985,2022-02-28,0.07821995,XGBoost
5986,2022-02-28,0.082751565,XGBoost
5987,2022-02-28,0.24106506,XGBoost
5988,2022-02-28,0.072986804,XGBoost
5989,2022-02-28,0.06907004,XGBoost
599,2022-02-28,0.077997886,XGBoost
5990,2022-02-28,0.08657559,XGBoost
5991,2022-02-28,0.23460042,XGBoost
5992,2022-02-28,0.2203588,XGBoost
5993,2022-02-28,0.2471009,XGBoost
5994,2022-02-28,0.20580493,XGBoost
5995,2022-02-28,0.08387776,XGBoost
5996,2022-02-28,0.08483902,XGBoost
5997,2022-02-28,0.08212299,XGBoost
5998,2022-02-28,0.073156595,XGBoost
5999,2022-02-28,0.08292533,XGBoost
6,2022-02-28,0.0828987,XGBoost
60,2022-02-28,0.23641957,XGBoost
600,2022-02-28,0.0814697,XGBoost
6000,2022-02-28,0.08495208,XGBoost
6001,2022-02-28,0.20721875,XGBoost
6002,2022-02-28,0.07738649,XGBoost
6003,2022-02-28,0.22402461,XGBoost
6004,2022-02-28,0.08013637,XGBoost
6005,2022-02-28,0.082111865,XGBoost
6006,2022-02-28,0.08268245,XGBoost
6007,2022-02-28,0.08324633,XGBoost
6008,2022-02-28,0.2220016,XGBoost
6009,2022-02-28,0.24131696,XGBoost
601,2022-02-28,0.23932523,XGBoost
6010,2022-02-28,0.082060866,XGBoost
6011,2022-02-28,0.08482415,XGBoost
6012,2022-02-28,0.08202201,XGBoost
6013,2022-02-28,0.23754986,XGBoost
6014,2022-02-28,0.20929062,XGBoost
6015,2022-02-28,0.07471204,XGBoost
6016,2022-02-28,0.072019614,XGBoost
6017,2022-02-28,0.08394907,XGBoost
6018,2022-02-28,0.074101605,XGBoost
6019,2022-02-28,0.21561082,XGBoost
602,2022-02-28,0.071759254,XGBoost
6020,2022-02-28,0.07472449,XGBoost
6021,2022-02-28,0.0887199,XGBoost
6022,2022-02-28,0.23204595,XGBoost
6023,2022-02-28,0.08401255,XGBoost
6024,2022-02-28,0.22524026,XGBoost
6025,2022-02-28,0.23910354,XGBoost
6026,2022-02-28,0.22550118,XGBoost
6027,2022-02-28,0.21247691,XGBoost
6028,2022-02-28,0.21431935,XGBoost
6029,2022-02-28,0.21662858,XGBoost
603,2022-02-28,0.21270366,XGBoost
6030,2022-02-28,0.07455901,XGBoost
6031,2022-02-28,0.23019658,XGBoost
6032,2022-02-28,0.21820615,XGBoost
6033,2022-02-28,0.24854071,XGBoost
6034,2022-02-28,0.070759945,XGBoost
6035,2022-02-28,0.08164297,XGBoost
6036,2022-02-28,0.22090283,XGBoost
6037,2022-02-28,0.08123503,XGBoost
6038,2022-02-28,0.079255596,XGBoost
6039,2022-02-28,0.07098554,XGBoost
604,2022-02-28,0.23328295,XGBoost
6040,2022-02-28,0.08466229,XGBoost
6041,2022-02-28,0.08629566,XGBoost
6042,2022-02-28,0.08370888,XGBoost
6043,2022-02-28,0.07265256,XGBoost
6044,2022-02-28,0.06948436,XGBoost
6045,2022-02-28,0.083595194,XGBoost
6046,2022-02-28,0.2021366,XGBoost
6047,2022-02-28,0.08107008,XGBoost
6048,2022-02-28,0.21477395,XGBoost
6049,2022-02-28,0.23069829,XGBoost
605,2022-02-28,0.08128709,XGBoost
6050,2022-02-28,0.07921917,XGBoost
6051,2022-02-28,0.23033461,XGBoost
6052,2022-02-28,0.079042,XGBoost
6053,2022-02-28,0.24027266,XGBoost
6054,2022-02-28,0.08292189,XGBoost
6055,2022-02-28,0.084390126,XGBoost
6056,2022-02-28,0.08245644,XGBoost
6057,2022-02-28,0.0867308,XGBoost
6058,2022-02-28,0.071221456,XGBoost
6059,2022-02-28,0.07222614,XGBoost
606,2022-02-28,0.0838914,XGBoost
6060,2022-02-28,0.239624,XGBoost
6061,2022-02-28,0.06369402,XGBoost
6062,2022-02-28,0.23204528,XGBoost
6063,2022-02-28,0.22909826,XGBoost
6064,2022-02-28,0.082003854,XGBoost
6065,2022-02-28,0.22712411,XGBoost
6066,2022-02-28,0.07872693,XGBoost
6067,2022-02-28,0.23575297,XGBoost
6068,2022-02-28,0.19645458,XGBoost
6069,2022-02-28,0.22358686,XGBoost
607,2022-02-28,0.22059457,XGBoost
6070,2022-02-28,0.08212259,XGBoost
6071,2022-02-28,0.07975903,XGBoost
6072,2022-02-28,0.07732921,XGBoost
6073,2022-02-28,0.08653739,XGBoost
6074,2022-02-28,0.08260641,XGBoost
6075,2022-02-28,0.23403673,XGBoost
6076,2022-02-28,0.08557082,XGBoost
6077,2022-02-28,0.22536463,XGBoost
6078,2022-02-28,0.070055075,XGBoost
6079,2022-02-28,0.085994035,XGBoost
608,2022-02-28,0.07649268,XGBoost
6080,2022-02-28,0.07986839,XGBoost
6081,2022-02-28,0.080070846,XGBoost
6082,2022-02-28,0.06499652,XGBoost
6083,2022-02-28,0.085097864,XGBoost
6084,2022-02-28,0.23198812,XGBoost
6085,2022-02-28,0.23427929,XGBoost
6086,2022-02-28,0.21464515,XGBoost
6087,2022-02-28,0.08609521,XGBoost
6088,2022-02-28,0.23968428,XGBoost
6089,2022-02-28,0.25362962,XGBoost
609,2022-02-28,0.0813631,XGBoost
6090,2022-02-28,0.07924697,XGBoost
6091,2022-02-28,0.09100854,XGBoost
6092,2022-02-28,0.0705026,XGBoost
6093,2022-02-28,0.2112879,XGBoost
6094,2022-02-28,0.23397762,XGBoost
6095,2022-02-28,0.08606334,XGBoost
6096,2022-02-28,0.07903434,XGBoost
6097,2022-02-28,0.22103721,XGBoost
6098,2022-02-28,0.21979377,XGBoost
6099,2022-02-28,0.22970113,XGBoost
61,2022-02-28,0.08615763,XGBoost
610,2022-02-28,0.08554607,XGBoost
6100,2022-02-28,0.083600126,XGBoost
6101,2022-02-28,0.07936485,XGBoost
6102,2022-02-28,0.20912008,XGBoost
6103,2022-02-28,0.23894939,XGBoost
6104,2022-02-28,0.21539493,XGBoost
6105,2022-02-28,0.23086618,XGBoost
6106,2022-02-28,0.083070114,XGBoost
6107,2022-02-28,0.21535046,XGBoost
6108,2022-02-28,0.08688581,XGBoost
6109,2022-02-28,0.07932082,XGBoost
611,2022-02-28,0.22762845,XGBoost
6110,2022-02-28,0.08056617,XGBoost
6111,2022-02-28,0.23862568,XGBoost
6112,2022-02-28,0.07130766,XGBoost
6113,2022-02-28,0.21991298,XGBoost
6114,2022-02-28,0.08856906,XGBoost
6115,2022-02-28,0.20948572,XGBoost
6116,2022-02-28,0.24451339,XGBoost
6117,2022-02-28,0.081649646,XGBoost
6118,2022-02-28,0.08114236,XGBoost
6119,2022-02-28,0.2214055,XGBoost
612,2022-02-28,0.23075856,XGBoost
6120,2022-02-28,0.08476545,XGBoost
6121,2022-02-28,0.2406472,XGBoost
6122,2022-02-28,0.07909585,XGBoost
6123,2022-02-28,0.0739507,XGBoost
6124,2022-02-28,0.23687673,XGBoost
6125,2022-02-28,0.21395837,XGBoost
6126,2022-02-28,0.07042785,XGBoost
6127,2022-02-28,0.20442526,XGBoost
6128,2022-02-28,0.08766179,XGBoost
6129,2022-02-28,0.23184527,XGBoost
613,2022-02-28,0.082292736,XGBoost
6130,2022-02-28,0.07390984,XGBoost
6131,2022-02-28,0.23988459,XGBoost
6132,2022-02-28,0.08147797,XGBoost
6133,2022-02-28,0.23011456,XGBoost
6134,2022-02-28,0.06917441,XGBoost
6135,2022-02-28,0.22115801,XGBoost
6136,2022-02-28,0.22298574,XGBoost
6137,2022-02-28,0.08072747,XGBoost
6138,2022-02-28,0.07910694,XGBoost
6139,2022-02-28,0.22878237,XGBoost
614,2022-02-28,0.24562578,XGBoost
6140,2022-02-28,0.08071427,XGBoost
6141,2022-02-28,0.07089403,XGBoost
6142,2022-02-28,0.20946728,XGBoost
6143,2022-02-28,0.08290108,XGBoost
6144,2022-02-28,0.21502355,XGBoost
6145,2022-02-28,0.22543477,XGBoost
6146,2022-02-28,0.070687495,XGBoost
6147,2022-02-28,0.0818856,XGBoost
6148,2022-02-28,0.23552649,XGBoost
6149,2022-02-28,0.21121205,XGBoost
615,2022-02-28,0.23623721,XGBoost
6150,2022-02-28,0.08536202,XGBoost
6151,2022-02-28,0.07282592,XGBoost
6152,2022-02-28,0.08350973,XGBoost
6153,2022-02-28,0.08575552,XGBoost
6154,2022-02-28,0.08309737,XGBoost
6155,2022-02-28,0.065543525,XGBoost
6156,2022-02-28,0.088640004,XGBoost
6157,2022-02-28,0.08018452,XGBoost
6158,2022-02-28,0.06967419,XGBoost
6159,2022-02-28,0.084360845,XGBoost
616,2022-02-28,0.08290822,XGBoost
6160,2022-02-28,0.08538767,XGBoost
6161,2022-02-28,0.21126945,XGBoost
6162,2022-02-28,0.25277275,XGBoost
6163,2022-02-28,0.077113934,XGBoost
6164,2022-02-28,0.08587533,XGBoost
6165,2022-02-28,0.22838971,XGBoost
6166,2022-02-28,0.23120338,XGBoost
6167,2022-02-28,0.07752399,XGBoost
6168,2022-02-28,0.23133343,XGBoost
6169,2022-02-28,0.082336806,XGBoost
617,2022-02-28,0.08262527,XGBoost
6170,2022-02-28,0.06693241,XGBoost
6171,2022-02-28,0.07841538,XGBoost
6172,2022-02-28,0.08348778,XGBoost
6173,2022-02-28,0.22801566,XGBoost
6174,2022-02-28,0.22205167,XGBoost
6175,2022-02-28,0.21405959,XGBoost
6176,2022-02-28,0.08729981,XGBoost
6177,2022-02-28,0.20702478,XGBoost
6178,2022-02-28,0.22249845,XGBoost
6179,2022-02-28,0.21610768,XGBoost
618,2022-02-28,0.24713191,XGBoost
6180,2022-02-28,0.08503951,XGBoost
6181,2022-02-28,0.23103008,XGBoost
6182,2022-02-28,0.08443325,XGBoost
6183,2022-02-28,0.23262282,XGBoost
6184,2022-02-28,0.07791205,XGBoost
6185,2022-02-28,0.21342233,XGBoost
6186,2022-02-28,0.20723486,XGBoost
6187,2022-02-28,0.2215567,XGBoost
6188,2022-02-28,0.2547938,XGBoost
6189,2022-02-28,0.08393592,XGBoost
619,2022-02-28,0.07092344,XGBoost
6190,2022-02-28,0.26801112,XGBoost
6191,2022-02-28,0.24020413,XGBoost
6192,2022-02-28,0.08130619,XGBoost
6193,2022-02-28,0.23829803,XGBoost
6194,2022-02-28,0.07616714,XGBoost
6195,2022-02-28,0.08076502,XGBoost
6196,2022-02-28,0.0689149,XGBoost
6197,2022-02-28,0.08483339,XGBoost
6198,2022-02-28,0.06711331,XGBoost
6199,2022-02-28,0.084339626,XGBoost
62,2022-02-28,0.08582255,XGBoost
620,2022-02-28,0.084936716,XGBoost
6200,2022-02-28,0.07764381,XGBoost
6201,2022-02-28,0.08507147,XGBoost
6202,2022-02-28,0.08346731,XGBoost
6203,2022-02-28,0.08344123,XGBoost
6204,2022-02-28,0.23090874,XGBoost
6205,2022-02-28,0.22372895,XGBoost
6206,2022-02-28,0.20812887,XGBoost
6207,2022-02-28,0.25759664,XGBoost
6208,2022-02-28,0.08667116,XGBoost
6209,2022-02-28,0.23269565,XGBoost
621,2022-02-28,0.07396667,XGBoost
6210,2022-02-28,0.08276166,XGBoost
6211,2022-02-28,0.08495314,XGBoost
6212,2022-02-28,0.24317324,XGBoost
6213,2022-02-28,0.066067606,XGBoost
6214,2022-02-28,0.21519579,XGBoost
6215,2022-02-28,0.21248561,XGBoost
6216,2022-02-28,0.21292591,XGBoost
6217,2022-02-28,0.06984125,XGBoost
6218,2022-02-28,0.21614183,XGBoost
6219,2022-02-28,0.19841886,XGBoost
622,2022-02-28,0.0878119,XGBoost
6220,2022-02-28,0.074878216,XGBoost
6221,2022-02-28,0.08607719,XGBoost
6222,2022-02-28,0.08609595,XGBoost
6223,2022-02-28,0.07828856,XGBoost
6224,2022-02-28,0.22248213,XGBoost
6225,2022-02-28,0.23473203,XGBoost
6226,2022-02-28,0.08398416,XGBoost
6227,2022-02-28,0.22852965,XGBoost
6228,2022-02-28,0.06379037,XGBoost
6229,2022-02-28,0.07109646,XGBoost
623,2022-02-28,0.08581219,XGBoost
6230,2022-02-28,0.2431806,XGBoost
6231,2022-02-28,0.08429612,XGBoost
6232,2022-02-28,0.23535238,XGBoost
6233,2022-02-28,0.23555171,XGBoost
6234,2022-02-28,0.22648509,XGBoost
6235,2022-02-28,0.07920449,XGBoost
6236,2022-02-28,0.22427256,XGBoost
6237,2022-02-28,0.085747115,XGBoost
6238,2022-02-28,0.08297337,XGBoost
6239,2022-02-28,0.23612684,XGBoost
624,2022-02-28,0.08544748,XGBoost
6240,2022-02-28,0.22942491,XGBoost
6241,2022-02-28,0.07477988,XGBoost
6242,2022-02-28,0.0734987,XGBoost
6243,2022-02-28,0.20400102,XGBoost
6244,2022-02-28,0.24069631,XGBoost
6245,2022-02-28,0.08207434,XGBoost
6246,2022-02-28,0.069725186,XGBoost
6247,2022-02-28,0.22303562,XGBoost
6248,2022-02-28,0.23358002,XGBoost
6249,2022-02-28,0.231572,XGBoost
625,2022-02-28,0.24371481,XGBoost
6250,2022-02-28,0.072532505,XGBoost
6251,2022-02-28,0.22309932,XGBoost
6252,2022-02-28,0.08096666,XGBoost
6253,2022-02-28,0.085312486,XGBoost
6254,2022-02-28,0.21722037,XGBoost
6255,2022-02-28,0.083151326,XGBoost
6256,2022-02-28,0.21954429,XGBoost
6257,2022-02-28,0.23730324,XGBoost
6258,2022-02-28,0.23565024,XGBoost
6259,2022-02-28,0.22884946,XGBoost
626,2022-02-28,0.23983738,XGBoost
6260,2022-02-28,0.22928724,XGBoost
6261,2022-02-28,0.21523103,XGBoost
6262,2022-02-28,0.23744065,XGBoost
6263,2022-02-28,0.23792396,XGBoost
6264,2022-02-28,0.08716691,XGBoost
6265,2022-02-28,0.085869305,XGBoost
6266,2022-02-28,0.090777576,XGBoost
6267,2022-02-28,0.20869996,XGBoost
6268,2022-02-28,0.078472674,XGBoost
6269,2022-02-28,0.087786585,XGBoost
627,2022-02-28,0.24234137,XGBoost
6270,2022-02-28,0.08641045,XGBoost
6271,2022-02-28,0.08539077,XGBoost
6272,2022-02-28,0.25302452,XGBoost
6273,2022-02-28,0.08263614,XGBoost
6274,2022-02-28,0.08173251,XGBoost
6275,2022-02-28,0.088011555,XGBoost
6276,2022-02-28,0.08427963,XGBoost
6277,2022-02-28,0.07910326,XGBoost
6278,2022-02-28,0.086125426,XGBoost
6279,2022-02-28,0.086916395,XGBoost
628,2022-02-28,0.08305333,XGBoost
6280,2022-02-28,0.08178252,XGBoost
6281,2022-02-28,0.2430288,XGBoost
6282,2022-02-28,0.07507832,XGBoost
6283,2022-02-28,0.085418515,XGBoost
6284,2022-02-28,0.2386192,XGBoost
6285,2022-02-28,0.23465753,XGBoost
6286,2022-02-28,0.23482542,XGBoost
6287,2022-02-28,0.08628708,XGBoost
6288,2022-02-28,0.08248645,XGBoost
6289,2022-02-28,0.23249047,XGBoost
629,2022-02-28,0.08010247,XGBoost
6290,2022-02-28,0.22993204,XGBoost
6291,2022-02-28,0.21214001,XGBoost
6292,2022-02-28,0.22633374,XGBoost
6293,2022-02-28,0.23159651,XGBoost
6294,2022-02-28,0.21084043,XGBoost
6295,2022-02-28,0.082286604,XGBoost
6296,2022-02-28,0.08684232,XGBoost
6297,2022-02-28,0.06854768,XGBoost
6298,2022-02-28,0.22987202,XGBoost
6299,2022-02-28,0.23923616,XGBoost
63,2022-02-28,0.08932326,XGBoost
630,2022-02-28,0.08006612,XGBoost
6300,2022-02-28,0.23326564,XGBoost
6301,2022-02-28,0.073704995,XGBoost
6302,2022-02-28,0.076840505,XGBoost
6303,2022-02-28,0.23635699,XGBoost
6304,2022-02-28,0.08594572,XGBoost
6305,2022-02-28,0.071856454,XGBoost
6306,2022-02-28,0.24667256,XGBoost
6307,2022-02-28,0.2437358,XGBoost
6308,2022-02-28,0.20243026,XGBoost
6309,2022-02-28,0.07094704,XGBoost
631,2022-02-28,0.08608457,XGBoost
6310,2022-02-28,0.22796448,XGBoost
6311,2022-02-28,0.21275485,XGBoost
6312,2022-02-28,0.22965796,XGBoost
6313,2022-02-28,0.07628019,XGBoost
6314,2022-02-28,0.073700085,XGBoost
6315,2022-02-28,0.07073843,XGBoost
6316,2022-02-28,0.07505162,XGBoost
6317,2022-02-28,0.20826516,XGBoost
6318,2022-02-28,0.24858733,XGBoost
6319,2022-02-28,0.066372745,XGBoost
632,2022-02-28,0.22642463,XGBoost
6320,2022-02-28,0.08202559,XGBoost
6321,2022-02-28,0.075902194,XGBoost
6322,2022-02-28,0.23402567,XGBoost
6323,2022-02-28,0.22950988,XGBoost
6324,2022-02-28,0.0766987,XGBoost
6325,2022-02-28,0.23712687,XGBoost
6326,2022-02-28,0.08597852,XGBoost
6327,2022-02-28,0.086808845,XGBoost
6328,2022-02-28,0.24365689,XGBoost
6329,2022-02-28,0.08422136,XGBoost
633,2022-02-28,0.24084832,XGBoost
6330,2022-02-28,0.22852658,XGBoost
6331,2022-02-28,0.2322716,XGBoost
6332,2022-02-28,0.215249,XGBoost
6333,2022-02-28,0.24524382,XGBoost
6334,2022-02-28,0.081963785,XGBoost
6335,2022-02-28,0.22088706,XGBoost
6336,2022-02-28,0.08731547,XGBoost
6337,2022-02-28,0.2528182,XGBoost
6338,2022-02-28,0.08306578,XGBoost
6339,2022-02-28,0.07736211,XGBoost
634,2022-02-28,0.08620702,XGBoost
6340,2022-02-28,0.07826384,XGBoost
6341,2022-02-28,0.23419636,XGBoost
6342,2022-02-28,0.26134807,XGBoost
6343,2022-02-28,0.21610992,XGBoost
6344,2022-02-28,0.081425674,XGBoost
6345,2022-02-28,0.08540741,XGBoost
6346,2022-02-28,0.079560414,XGBoost
6347,2022-02-28,0.23060992,XGBoost
6348,2022-02-28,0.08555923,XGBoost
6349,2022-02-28,0.23066837,XGBoost
635,2022-02-28,0.07682704,XGBoost
6350,2022-02-28,0.23198351,XGBoost
6351,2022-02-28,0.07223821,XGBoost
6352,2022-02-28,0.08127557,XGBoost
6353,2022-02-28,0.08076015,XGBoost
6354,2022-02-28,0.23276496,XGBoost
6355,2022-02-28,0.085795395,XGBoost
6356,2022-02-28,0.078901626,XGBoost
6357,2022-02-28,0.23717235,XGBoost
6358,2022-02-28,0.0820835,XGBoost
6359,2022-02-28,0.08068459,XGBoost
636,2022-02-28,0.08418703,XGBoost
6360,2022-02-28,0.07616814,XGBoost
6361,2022-02-28,0.08372245,XGBoost
6362,2022-02-28,0.21471025,XGBoost
6363,2022-02-28,0.2265256,XGBoost
6364,2022-02-28,0.22436129,XGBoost
6365,2022-02-28,0.07542773,XGBoost
6366,2022-02-28,0.08515718,XGBoost
6367,2022-02-28,0.26408607,XGBoost
6368,2022-02-28,0.07780564,XGBoost
6369,2022-02-28,0.075991735,XGBoost
637,2022-02-28,0.22033976,XGBoost
6370,2022-02-28,0.0830056,XGBoost
6371,2022-02-28,0.07914567,XGBoost
6372,2022-02-28,0.080221534,XGBoost
6373,2022-02-28,0.23287746,XGBoost
6374,2022-02-28,0.08565145,XGBoost
6375,2022-02-28,0.25654468,XGBoost
6376,2022-02-28,0.23044148,XGBoost
6377,2022-02-28,0.08060411,XGBoost
6378,2022-02-28,0.22930935,XGBoost
6379,2022-02-28,0.23086756,XGBoost
638,2022-02-28,0.21774895,XGBoost
6380,2022-02-28,0.07559394,XGBoost
6381,2022-02-28,0.08220495,XGBoost
6382,2022-02-28,0.08601767,XGBoost
6383,2022-02-28,0.20398691,XGBoost
6384,2022-02-28,0.0839754,XGBoost
6385,2022-02-28,0.21194936,XGBoost
6386,2022-02-28,0.07929902,XGBoost
6387,2022-02-28,0.25278187,XGBoost
6388,2022-02-28,0.07908564,XGBoost
6389,2022-02-28,0.08329858,XGBoost
639,2022-02-28,0.25184813,XGBoost
6390,2022-02-28,0.085474424,XGBoost
6391,2022-02-28,0.23182648,XGBoost
6392,2022-02-28,0.21655697,XGBoost
6393,2022-02-28,0.22618158,XGBoost
6394,2022-02-28,0.21715423,XGBoost
6395,2022-02-28,0.07087513,XGBoost
6396,2022-02-28,0.23039341,XGBoost
6397,2022-02-28,0.08734571,XGBoost
6398,2022-02-28,0.085529745,XGBoost
6399,2022-02-28,0.074061446,XGBoost
64,2022-02-28,0.08659771,XGBoost
640,2022-02-28,0.22457083,XGBoost
6400,2022-02-28,0.08728816,XGBoost
6401,2022-02-28,0.2207909,XGBoost
6402,2022-02-28,0.2328178,XGBoost
6403,2022-02-28,0.085035466,XGBoost
6404,2022-02-28,0.083459415,XGBoost
6405,2022-02-28,0.080324076,XGBoost
6406,2022-02-28,0.22315694,XGBoost
6407,2022-02-28,0.07130369,XGBoost
6408,2022-02-28,0.086304635,XGBoost
6409,2022-02-28,0.21164736,XGBoost
641,2022-02-28,0.08463931,XGBoost
6410,2022-02-28,0.2162463,XGBoost
6411,2022-02-28,0.0841116,XGBoost
6412,2022-02-28,0.07089689,XGBoost
6413,2022-02-28,0.21429767,XGBoost
6414,2022-02-28,0.076935716,XGBoost
6415,2022-02-28,0.083554044,XGBoost
6416,2022-02-28,0.0833927,XGBoost
6417,2022-02-28,0.06609244,XGBoost
6418,2022-02-28,0.08810277,XGBoost
6419,2022-02-28,0.0792218,XGBoost
642,2022-02-28,0.078148834,XGBoost
6420,2022-02-28,0.21354207,XGBoost
6421,2022-02-28,0.08195097,XGBoost
6422,2022-02-28,0.086878374,XGBoost
6423,2022-02-28,0.24225114,XGBoost
6424,2022-02-28,0.23893636,XGBoost
6425,2022-02-28,0.07705785,XGBoost
6426,2022-02-28,0.07898834,XGBoost
6427,2022-02-28,0.07333432,XGBoost
6428,2022-02-28,0.23907045,XGBoost
6429,2022-02-28,0.08552103,XGBoost
643,2022-02-28,0.08203277,XGBoost
6430,2022-02-28,0.08382644,XGBoost
6431,2022-02-28,0.23123673,XGBoost
6432,2022-02-28,0.08416436,XGBoost
6433,2022-02-28,0.07322543,XGBoost
6434,2022-02-28,0.21595997,XGBoost
6435,2022-02-28,0.082509145,XGBoost
6436,2022-02-28,0.06522612,XGBoost
6437,2022-02-28,0.2137313,XGBoost
6438,2022-02-28,0.083814725,XGBoost
6439,2022-02-28,0.07985663,XGBoost
644,2022-02-28,0.07080085,XGBoost
6440,2022-02-28,0.24454054,XGBoost
6441,2022-02-28,0.22676568,XGBoost
6442,2022-02-28,0.07207277,XGBoost
6443,2022-02-28,0.22541222,XGBoost
6444,2022-02-28,0.08573674,XGBoost
6445,2022-02-28,0.07702629,XGBoost
6446,2022-02-28,0.073886774,XGBoost
6447,2022-02-28,0.08381688,XGBoost
6448,2022-02-28,0.24737048,XGBoost
6449,2022-02-28,0.0871627,XGBoost
645,2022-02-28,0.2446607,XGBoost
6450,2022-02-28,0.078057595,XGBoost
6451,2022-02-28,0.24159549,XGBoost
6452,2022-02-28,0.07967282,XGBoost
6453,2022-02-28,0.26772416,XGBoost
6454,2022-02-28,0.08744261,XGBoost
6455,2022-02-28,0.08292217,XGBoost
6456,2022-02-28,0.08610816,XGBoost
6457,2022-02-28,0.21524477,XGBoost
6458,2022-02-28,0.20549479,XGBoost
6459,2022-02-28,0.083135344,XGBoost
646,2022-02-28,0.0786287,XGBoost
6460,2022-02-28,0.078907244,XGBoost
6461,2022-02-28,0.22930393,XGBoost
6462,2022-02-28,0.24732481,XGBoost
6463,2022-02-28,0.08362455,XGBoost
6464,2022-02-28,0.24233161,XGBoost
6465,2022-02-28,0.0778977,XGBoost
6466,2022-02-28,0.081233434,XGBoost
6467,2022-02-28,0.22768265,XGBoost
6468,2022-02-28,0.24005674,XGBoost
6469,2022-02-28,0.08042002,XGBoost
647,2022-02-28,0.21088545,XGBoost
6470,2022-02-28,0.07171904,XGBoost
6471,2022-02-28,0.088025235,XGBoost
6472,2022-02-28,0.07484832,XGBoost
6473,2022-02-28,0.08392868,XGBoost
6474,2022-02-28,0.24715093,XGBoost
6475,2022-02-28,0.21021992,XGBoost
6476,2022-02-28,0.07881362,XGBoost
6477,2022-02-28,0.078485474,XGBoost
6478,2022-02-28,0.07719653,XGBoost
6479,2022-02-28,0.07795903,XGBoost
648,2022-02-28,0.08207877,XGBoost
6480,2022-02-28,0.07889788,XGBoost
6481,2022-02-28,0.21882516,XGBoost
6482,2022-02-28,0.23072357,XGBoost
6483,2022-02-28,0.0791912,XGBoost
6484,2022-02-28,0.0867167,XGBoost
6485,2022-02-28,0.083390355,XGBoost
6486,2022-02-28,0.23566258,XGBoost
6487,2022-02-28,0.25142154,XGBoost
6488,2022-02-28,0.083129,XGBoost
6489,2022-02-28,0.08301501,XGBoost
649,2022-02-28,0.08504446,XGBoost
6490,2022-02-28,0.21946271,XGBoost
6491,2022-02-28,0.2086526,XGBoost
6492,2022-02-28,0.08201865,XGBoost
6493,2022-02-28,0.082812004,XGBoost
6494,2022-02-28,0.08014115,XGBoost
6495,2022-02-28,0.20294821,XGBoost
6496,2022-02-28,0.081462145,XGBoost
6497,2022-02-28,0.07171776,XGBoost
6498,2022-02-28,0.08414904,XGBoost
6499,2022-02-28,0.23537953,XGBoost
65,2022-02-28,0.07793201,XGBoost
650,2022-02-28,0.23800476,XGBoost
6500,2022-02-28,0.07847599,XGBoost
6501,2022-02-28,0.08318134,XGBoost
6502,2022-02-28,0.23340389,XGBoost
6503,2022-02-28,0.08626329,XGBoost
6504,2022-02-28,0.23233186,XGBoost
6505,2022-02-28,0.08178231,XGBoost
6506,2022-02-28,0.08587274,XGBoost
6507,2022-02-28,0.22635454,XGBoost
6508,2022-02-28,0.2111306,XGBoost
6509,2022-02-28,0.07073,XGBoost
651,2022-02-28,0.07810036,XGBoost
6510,2022-02-28,0.084199205,XGBoost
6511,2022-02-28,0.22263065,XGBoost
6512,2022-02-28,0.24803829,XGBoost
6513,2022-02-28,0.24482732,XGBoost
6514,2022-02-28,0.078721374,XGBoost
6515,2022-02-28,0.22557904,XGBoost
6516,2022-02-28,0.07917599,XGBoost
6517,2022-02-28,0.07949074,XGBoost
6518,2022-02-28,0.082158454,XGBoost
6519,2022-02-28,0.08273296,XGBoost
652,2022-02-28,0.20994641,XGBoost
6520,2022-02-28,0.21583822,XGBoost
6521,2022-02-28,0.08469136,XGBoost
6522,2022-02-28,0.23182036,XGBoost
6523,2022-02-28,0.08458728,XGBoost
6524,2022-02-28,0.24265853,XGBoost
6525,2022-02-28,0.083613046,XGBoost
6526,2022-02-28,0.2452429,XGBoost
6527,2022-02-28,0.0784331,XGBoost
6528,2022-02-28,0.07991654,XGBoost
6529,2022-02-28,0.23180948,XGBoost
653,2022-02-28,0.085765734,XGBoost
6530,2022-02-28,0.20183586,XGBoost
6531,2022-02-28,0.07902892,XGBoost
6532,2022-02-28,0.21208523,XGBoost
6533,2022-02-28,0.07838233,XGBoost
6534,2022-02-28,0.08368299,XGBoost
6535,2022-02-28,0.22890848,XGBoost
6536,2022-02-28,0.07947952,XGBoost
6537,2022-02-28,0.077969536,XGBoost
6538,2022-02-28,0.20729116,XGBoost
6539,2022-02-28,0.08313251,XGBoost
654,2022-02-28,0.08501626,XGBoost
6540,2022-02-28,0.08037439,XGBoost
6541,2022-02-28,0.070783705,XGBoost
6542,2022-02-28,0.22184815,XGBoost
6543,2022-02-28,0.08539987,XGBoost
6544,2022-02-28,0.078727566,XGBoost
6545,2022-02-28,0.22005236,XGBoost
6546,2022-02-28,0.08199338,XGBoost
6547,2022-02-28,0.209872,XGBoost
6548,2022-02-28,0.22300579,XGBoost
6549,2022-02-28,0.076545484,XGBoost
655,2022-02-28,0.083706886,XGBoost
6550,2022-02-28,0.21187815,XGBoost
6551,2022-02-28,0.22386308,XGBoost
6552,2022-02-28,0.07658612,XGBoost
6553,2022-02-28,0.24190503,XGBoost
6554,2022-02-28,0.08660586,XGBoost
6555,2022-02-28,0.08175571,XGBoost
6556,2022-02-28,0.22327106,XGBoost
6557,2022-02-28,0.20621254,XGBoost
6558,2022-02-28,0.21002084,XGBoost
6559,2022-02-28,0.22437008,XGBoost
656,2022-02-28,0.22205172,XGBoost
6560,2022-02-28,0.2154254,XGBoost
6561,2022-02-28,0.07087616,XGBoost
6562,2022-02-28,0.071163006,XGBoost
6563,2022-02-28,0.081004955,XGBoost
6564,2022-02-28,0.08096948,XGBoost
6565,2022-02-28,0.084349,XGBoost
6566,2022-02-28,0.086807385,XGBoost
6567,2022-02-28,0.22330637,XGBoost
6568,2022-02-28,0.22038835,XGBoost
6569,2022-02-28,0.18640167,XGBoost
657,2022-02-28,0.21786782,XGBoost
6570,2022-02-28,0.20888364,XGBoost
6571,2022-02-28,0.08597378,XGBoost
6572,2022-02-28,0.21927945,XGBoost
6573,2022-02-28,0.079431444,XGBoost
6574,2022-02-28,0.22580938,XGBoost
6575,2022-02-28,0.23931971,XGBoost
6576,2022-02-28,0.21149683,XGBoost
6577,2022-02-28,0.08422703,XGBoost
6578,2022-02-28,0.2648405,XGBoost
6579,2022-02-28,0.24804479,XGBoost
658,2022-02-28,0.20233615,XGBoost
6580,2022-02-28,0.08640823,XGBoost
6581,2022-02-28,0.22603288,XGBoost
6582,2022-02-28,0.088523984,XGBoost
6583,2022-02-28,0.082913816,XGBoost
6584,2022-02-28,0.23017259,XGBoost
6585,2022-02-28,0.06988982,XGBoost
6586,2022-02-28,0.24547811,XGBoost
6587,2022-02-28,0.0856447,XGBoost
6588,2022-02-28,0.06994821,XGBoost
6589,2022-02-28,0.08437321,XGBoost
659,2022-02-28,0.2515261,XGBoost
6590,2022-02-28,0.07913679,XGBoost
6591,2022-02-28,0.24652085,XGBoost
6592,2022-02-28,0.0666989,XGBoost
6593,2022-02-28,0.2452939,XGBoost
6594,2022-02-28,0.23464124,XGBoost
6595,2022-02-28,0.20689365,XGBoost
6596,2022-02-28,0.08869785,XGBoost
6597,2022-02-28,0.22663084,XGBoost
6598,2022-02-28,0.08760939,XGBoost
6599,2022-02-28,0.07116102,XGBoost
66,2022-02-28,0.08000393,XGBoost
660,2022-02-28,0.21182224,XGBoost
6600,2022-02-28,0.08429059,XGBoost
6601,2022-02-28,0.21595815,XGBoost
6602,2022-02-28,0.08425925,XGBoost
6603,2022-02-28,0.087109044,XGBoost
6604,2022-02-28,0.0849886,XGBoost
6605,2022-02-28,0.08555985,XGBoost
6606,2022-02-28,0.22238925,XGBoost
6607,2022-02-28,0.073385805,XGBoost
6608,2022-02-28,0.07248513,XGBoost
6609,2022-02-28,0.084917374,XGBoost
661,2022-02-28,0.22988352,XGBoost
6610,2022-02-28,0.085682586,XGBoost
6611,2022-02-28,0.08175043,XGBoost
6612,2022-02-28,0.07165372,XGBoost
6613,2022-02-28,0.08844341,XGBoost
6614,2022-02-28,0.20729952,XGBoost
6615,2022-02-28,0.06891566,XGBoost
6616,2022-02-28,0.20638798,XGBoost
6617,2022-02-28,0.07752071,XGBoost
6618,2022-02-28,0.08472111,XGBoost
6619,2022-02-28,0.07165319,XGBoost
662,2022-02-28,0.07754714,XGBoost
6620,2022-02-28,0.21297541,XGBoost
6621,2022-02-28,0.25879198,XGBoost
6622,2022-02-28,0.08292282,XGBoost
6623,2022-02-28,0.23082338,XGBoost
6624,2022-02-28,0.08893541,XGBoost
6625,2022-02-28,0.0879379,XGBoost
6626,2022-02-28,0.2400597,XGBoost
6627,2022-02-28,0.07303166,XGBoost
6628,2022-02-28,0.22057945,XGBoost
6629,2022-02-28,0.08163312,XGBoost
663,2022-02-28,0.23246808,XGBoost
6630,2022-02-28,0.079284206,XGBoost
6631,2022-02-28,0.23838651,XGBoost
6632,2022-02-28,0.08252433,XGBoost
6633,2022-02-28,0.2156023,XGBoost
6634,2022-02-28,0.23318441,XGBoost
6635,2022-02-28,0.22446944,XGBoost
6636,2022-02-28,0.08295006,XGBoost
6637,2022-02-28,0.23265089,XGBoost
6638,2022-02-28,0.2318698,XGBoost
6639,2022-02-28,0.08251978,XGBoost
664,2022-02-28,0.08577487,XGBoost
6640,2022-02-28,0.23924473,XGBoost
6641,2022-02-28,0.2189852,XGBoost
6642,2022-02-28,0.22070204,XGBoost
6643,2022-02-28,0.08404365,XGBoost
6644,2022-02-28,0.07667461,XGBoost
6645,2022-02-28,0.08824454,XGBoost
6646,2022-02-28,0.085612625,XGBoost
6647,2022-02-28,0.22598083,XGBoost
6648,2022-02-28,0.078497246,XGBoost
6649,2022-02-28,0.07277174,XGBoost
665,2022-02-28,0.06896034,XGBoost
6650,2022-02-28,0.21047191,XGBoost
6651,2022-02-28,0.2031928,XGBoost
6652,2022-02-28,0.22209674,XGBoost
6653,2022-02-28,0.08598994,XGBoost
6654,2022-02-28,0.23375799,XGBoost
6655,2022-02-28,0.08634753,XGBoost
6656,2022-02-28,0.22907081,XGBoost
6657,2022-02-28,0.24795318,XGBoost
6658,2022-02-28,0.0832504,XGBoost
6659,2022-02-28,0.2461037,XGBoost
666,2022-02-28,0.08170647,XGBoost
6660,2022-02-28,0.2291034,XGBoost
6661,2022-02-28,0.20481136,XGBoost
6662,2022-02-28,0.24852169,XGBoost
6663,2022-02-28,0.23048042,XGBoost
6664,2022-02-28,0.08597872,XGBoost
6665,2022-02-28,0.0817696,XGBoost
6666,2022-02-28,0.08448444,XGBoost
6667,2022-02-28,0.22155315,XGBoost
6668,2022-02-28,0.08668359,XGBoost
6669,2022-02-28,0.072739184,XGBoost
667,2022-02-28,0.0781116,XGBoost
6670,2022-02-28,0.22370644,XGBoost
6671,2022-02-28,0.0780233,XGBoost
6672,2022-02-28,0.23969007,XGBoost
6673,2022-02-28,0.23433791,XGBoost
6674,2022-02-28,0.078063846,XGBoost
6675,2022-02-28,0.085936464,XGBoost
6676,2022-02-28,0.23194559,XGBoost
6677,2022-02-28,0.08412274,XGBoost
6678,2022-02-28,0.22428504,XGBoost
6679,2022-02-28,0.23757906,XGBoost
668,2022-02-28,0.23106143,XGBoost
6680,2022-02-28,0.22171733,XGBoost
6681,2022-02-28,0.0862358,XGBoost
6682,2022-02-28,0.08238644,XGBoost
6683,2022-02-28,0.085791945,XGBoost
6684,2022-02-28,0.06832852,XGBoost
6685,2022-02-28,0.07719866,XGBoost
6686,2022-02-28,0.21640496,XGBoost
6687,2022-02-28,0.08298802,XGBoost
6688,2022-02-28,0.07680039,XGBoost
6689,2022-02-28,0.23275037,XGBoost
669,2022-02-28,0.08575707,XGBoost
6690,2022-02-28,0.22220345,XGBoost
6691,2022-02-28,0.081750415,XGBoost
6692,2022-02-28,0.08096624,XGBoost
6693,2022-02-28,0.22879648,XGBoost
6694,2022-02-28,0.2427506,XGBoost
6695,2022-02-28,0.07908495,XGBoost
6696,2022-02-28,0.237627,XGBoost
6697,2022-02-28,0.23761475,XGBoost
6698,2022-02-28,0.21861418,XGBoost
6699,2022-02-28,0.08041961,XGBoost
67,2022-02-28,0.070093736,XGBoost
670,2022-02-28,0.22816974,XGBoost
6700,2022-02-28,0.08069539,XGBoost
6701,2022-02-28,0.24453539,XGBoost
6702,2022-02-28,0.21388589,XGBoost
6703,2022-02-28,0.0783954,XGBoost
6704,2022-02-28,0.077075265,XGBoost
6705,2022-02-28,0.084205024,XGBoost
6706,2022-02-28,0.079828605,XGBoost
6707,2022-02-28,0.20332876,XGBoost
6708,2022-02-28,0.071590185,XGBoost
6709,2022-02-28,0.0815441,XGBoost
671,2022-02-28,0.08755851,XGBoost
6710,2022-02-28,0.2380352,XGBoost
6711,2022-02-28,0.22236724,XGBoost
6712,2022-02-28,0.084264584,XGBoost
6713,2022-02-28,0.089481264,XGBoost
6714,2022-02-28,0.22363527,XGBoost
6715,2022-02-28,0.08072451,XGBoost
6716,2022-02-28,0.08147827,XGBoost
6717,2022-02-28,0.08764751,XGBoost
6718,2022-02-28,0.2105484,XGBoost
6719,2022-02-28,0.22757928,XGBoost
672,2022-02-28,0.24808708,XGBoost
6720,2022-02-28,0.06608555,XGBoost
6721,2022-02-28,0.084252276,XGBoost
6722,2022-02-28,0.08253337,XGBoost
6723,2022-02-28,0.2094577,XGBoost
6724,2022-02-28,0.08518722,XGBoost
6725,2022-02-28,0.12990408,XGBoost
6726,2022-02-28,0.077319235,XGBoost
6727,2022-02-28,0.21739706,XGBoost
6728,2022-02-28,0.23567319,XGBoost
6729,2022-02-28,0.086629495,XGBoost
673,2022-02-28,0.25456005,XGBoost
6730,2022-02-28,0.08664954,XGBoost
6731,2022-02-28,0.25072235,XGBoost
6732,2022-02-28,0.23288545,XGBoost
6733,2022-02-28,0.22072546,XGBoost
6734,2022-02-28,0.22786729,XGBoost
6735,2022-02-28,0.072794825,XGBoost
6736,2022-02-28,0.22165425,XGBoost
6737,2022-02-28,0.08496802,XGBoost
6738,2022-02-28,0.08358546,XGBoost
6739,2022-02-28,0.081794284,XGBoost
674,2022-02-28,0.07960869,XGBoost
6740,2022-02-28,0.22245729,XGBoost
6741,2022-02-28,0.21750037,XGBoost
6742,2022-02-28,0.0827118,XGBoost
6743,2022-02-28,0.087500766,XGBoost
6744,2022-02-28,0.23154457,XGBoost
6745,2022-02-28,0.07977139,XGBoost
6746,2022-02-28,0.08348963,XGBoost
6747,2022-02-28,0.21005835,XGBoost
6748,2022-02-28,0.08044059,XGBoost
6749,2022-02-28,0.086721465,XGBoost
675,2022-02-28,0.08611241,XGBoost
6750,2022-02-28,0.08283888,XGBoost
6751,2022-02-28,0.22059064,XGBoost
6752,2022-02-28,0.21251793,XGBoost
6753,2022-02-28,0.07195278,XGBoost
6754,2022-02-28,0.07946045,XGBoost
6755,2022-02-28,0.08029956,XGBoost
6756,2022-02-28,0.19857766,XGBoost
6757,2022-02-28,0.22577952,XGBoost
6758,2022-02-28,0.08020119,XGBoost
6759,2022-02-28,0.08409561,XGBoost
676,2022-02-28,0.23049326,XGBoost
6760,2022-02-28,0.21174382,XGBoost
6761,2022-02-28,0.08130922,XGBoost
6762,2022-02-28,0.08416659,XGBoost
6763,2022-02-28,0.08205119,XGBoost
6764,2022-02-28,0.084418215,XGBoost
6765,2022-02-28,0.23353752,XGBoost
6766,2022-02-28,0.24454974,XGBoost
6767,2022-02-28,0.086990476,XGBoost
6768,2022-02-28,0.10783557,XGBoost
6769,2022-02-28,0.22035873,XGBoost
677,2022-02-28,0.07848187,XGBoost
6770,2022-02-28,0.08482918,XGBoost
6771,2022-02-28,0.26084784,XGBoost
6772,2022-02-28,0.22551721,XGBoost
6773,2022-02-28,0.06807967,XGBoost
6774,2022-02-28,0.08213859,XGBoost
6775,2022-02-28,0.07858379,XGBoost
6776,2022-02-28,0.08543425,XGBoost
6777,2022-02-28,0.07514316,XGBoost
6778,2022-02-28,0.21272033,XGBoost
6779,2022-02-28,0.08340748,XGBoost
678,2022-02-28,0.240065,XGBoost
6780,2022-02-28,0.2257411,XGBoost
6781,2022-02-28,0.08272695,XGBoost
6782,2022-02-28,0.22539237,XGBoost
6783,2022-02-28,0.23562981,XGBoost
6784,2022-02-28,0.07206605,XGBoost
6785,2022-02-28,0.23961535,XGBoost
6786,2022-02-28,0.08421566,XGBoost
6787,2022-02-28,0.074223384,XGBoost
6788,2022-02-28,0.22359529,XGBoost
6789,2022-02-28,0.2248491,XGBoost
679,2022-02-28,0.0753416,XGBoost
6790,2022-02-28,0.06852449,XGBoost
6791,2022-02-28,0.072570555,XGBoost
6792,2022-02-28,0.082306795,XGBoost
6793,2022-02-28,0.08226503,XGBoost
6794,2022-02-28,0.08506171,XGBoost
6795,2022-02-28,0.08744658,XGBoost
6796,2022-02-28,0.08580294,XGBoost
6797,2022-02-28,0.07108187,XGBoost
6798,2022-02-28,0.08714167,XGBoost
6799,2022-02-28,0.220704,XGBoost
68,2022-02-28,0.07039595,XGBoost
680,2022-02-28,0.08466445,XGBoost
6800,2022-02-28,0.25312883,XGBoost
6801,2022-02-28,0.08427085,XGBoost
6802,2022-02-28,0.23471902,XGBoost
6803,2022-02-28,0.23729956,XGBoost
6804,2022-02-28,0.08197997,XGBoost
6805,2022-02-28,0.07820216,XGBoost
6806,2022-02-28,0.23264334,XGBoost
6807,2022-02-28,0.22402556,XGBoost
6808,2022-02-28,0.08459441,XGBoost
6809,2022-02-28,0.0813529,XGBoost
681,2022-02-28,0.23620148,XGBoost
6810,2022-02-28,0.07838587,XGBoost
6811,2022-02-28,0.07894362,XGBoost
6812,2022-02-28,0.07903831,XGBoost
6813,2022-02-28,0.22244602,XGBoost
6814,2022-02-28,0.0838033,XGBoost
6815,2022-02-28,0.2350705,XGBoost
6816,2022-02-28,0.07819975,XGBoost
6817,2022-02-28,0.23596707,XGBoost
6818,2022-02-28,0.084503464,XGBoost
6819,2022-02-28,0.23123957,XGBoost
682,2022-02-28,0.23853639,XGBoost
6820,2022-02-28,0.22252338,XGBoost
6821,2022-02-28,0.07233856,XGBoost
6822,2022-02-28,0.22527666,XGBoost
6823,2022-02-28,0.24300036,XGBoost
6824,2022-02-28,0.21142296,XGBoost
6825,2022-02-28,0.08395963,XGBoost
6826,2022-02-28,0.08390791,XGBoost
6827,2022-02-28,0.20484905,XGBoost
6828,2022-02-28,0.23480028,XGBoost
6829,2022-02-28,0.07899024,XGBoost
683,2022-02-28,0.0842779,XGBoost
6830,2022-02-28,0.08825367,XGBoost
6831,2022-02-28,0.22009297,XGBoost
6832,2022-02-28,0.24850516,XGBoost
6833,2022-02-28,0.23490766,XGBoost
6834,2022-02-28,0.07129929,XGBoost
6835,2022-02-28,0.08758363,XGBoost
6836,2022-02-28,0.08511438,XGBoost
6837,2022-02-28,0.22505775,XGBoost
6838,2022-02-28,0.078444034,XGBoost
6839,2022-02-28,0.069135845,XGBoost
684,2022-02-28,0.085909046,XGBoost
6840,2022-02-28,0.08245039,XGBoost
6841,2022-02-28,0.085209936,XGBoost
6842,2022-02-28,0.08163631,XGBoost
6843,2022-02-28,0.23730679,XGBoost
6844,2022-02-28,0.07242368,XGBoost
6845,2022-02-28,0.21485013,XGBoost
6846,2022-02-28,0.24153283,XGBoost
6847,2022-02-28,0.07148604,XGBoost
6848,2022-02-28,0.2198024,XGBoost
6849,2022-02-28,0.08339508,XGBoost
685,2022-02-28,0.21101366,XGBoost
6850,2022-02-28,0.08204427,XGBoost
6851,2022-02-28,0.071501955,XGBoost
6852,2022-02-28,0.22703977,XGBoost
6853,2022-02-28,0.0861562,XGBoost
6854,2022-02-28,0.23346424,XGBoost
6855,2022-02-28,0.08341768,XGBoost
6856,2022-02-28,0.08125988,XGBoost
6857,2022-02-28,0.08512378,XGBoost
6858,2022-02-28,0.0798179,XGBoost
6859,2022-02-28,0.23770921,XGBoost
686,2022-02-28,0.25041604,XGBoost
6860,2022-02-28,0.07926446,XGBoost
6861,2022-02-28,0.07706119,XGBoost
6862,2022-02-28,0.24836914,XGBoost
6863,2022-02-28,0.08148984,XGBoost
6864,2022-02-28,0.23105516,XGBoost
6865,2022-02-28,0.25928655,XGBoost
6866,2022-02-28,0.08062897,XGBoost
6867,2022-02-28,0.08043391,XGBoost
6868,2022-02-28,0.23094453,XGBoost
6869,2022-02-28,0.22935389,XGBoost
687,2022-02-28,0.24673453,XGBoost
6870,2022-02-28,0.22131118,XGBoost
6871,2022-02-28,0.080658525,XGBoost
6872,2022-02-28,0.07636859,XGBoost
6873,2022-02-28,0.07554225,XGBoost
6874,2022-02-28,0.08053911,XGBoost
6875,2022-02-28,0.078553535,XGBoost
6876,2022-02-28,0.07092672,XGBoost
6877,2022-02-28,0.24230605,XGBoost
6878,2022-02-28,0.076984994,XGBoost
6879,2022-02-28,0.08059475,XGBoost
688,2022-02-28,0.066012144,XGBoost
6880,2022-02-28,0.22583558,XGBoost
6881,2022-02-28,0.2251803,XGBoost
6882,2022-02-28,0.08281906,XGBoost
6883,2022-02-28,0.087559916,XGBoost
6884,2022-02-28,0.08436472,XGBoost
6885,2022-02-28,0.08592848,XGBoost
6886,2022-02-28,0.0802159,XGBoost
6887,2022-02-28,0.08727529,XGBoost
6888,2022-02-28,0.08648082,XGBoost
6889,2022-02-28,0.20304227,XGBoost
689,2022-02-28,0.072838396,XGBoost
6890,2022-02-28,0.23488228,XGBoost
6891,2022-02-28,0.08295505,XGBoost
6892,2022-02-28,0.085155845,XGBoost
6893,2022-02-28,0.08481148,XGBoost
6894,2022-02-28,0.078874096,XGBoost
6895,2022-02-28,0.07467089,XGBoost
6896,2022-02-28,0.21574013,XGBoost
6897,2022-02-28,0.077777795,XGBoost
6898,2022-02-28,0.25441778,XGBoost
6899,2022-02-28,0.087867744,XGBoost
69,2022-02-28,0.07223429,XGBoost
690,2022-02-28,0.2420937,XGBoost
6900,2022-02-28,0.07350015,XGBoost
6901,2022-02-28,0.08576949,XGBoost
6902,2022-02-28,0.08511712,XGBoost
6903,2022-02-28,0.23284304,XGBoost
6904,2022-02-28,0.2190491,XGBoost
6905,2022-02-28,0.083524376,XGBoost
6906,2022-02-28,0.23285425,XGBoost
6907,2022-02-28,0.08556816,XGBoost
6908,2022-02-28,0.07829984,XGBoost
6909,2022-02-28,0.0865995,XGBoost
691,2022-02-28,0.25048205,XGBoost
6910,2022-02-28,0.21704127,XGBoost
6911,2022-02-28,0.2324502,XGBoost
6912,2022-02-28,0.23261102,XGBoost
6913,2022-02-28,0.0790876,XGBoost
6914,2022-02-28,0.081239134,XGBoost
6915,2022-02-28,0.2316943,XGBoost
6916,2022-02-28,0.23404805,XGBoost
6917,2022-02-28,0.20460327,XGBoost
6918,2022-02-28,0.07611626,XGBoost
6919,2022-02-28,0.236554,XGBoost
692,2022-02-28,0.08625188,XGBoost
6920,2022-02-28,0.085502125,XGBoost
6921,2022-02-28,0.084056966,XGBoost
6922,2022-02-28,0.07731344,XGBoost
6923,2022-02-28,0.07387448,XGBoost
6924,2022-02-28,0.22948256,XGBoost
6925,2022-02-28,0.07778719,XGBoost
6926,2022-02-28,0.07665207,XGBoost
6927,2022-02-28,0.07356043,XGBoost
6928,2022-02-28,0.24365345,XGBoost
6929,2022-02-28,0.06415893,XGBoost
693,2022-02-28,0.08543344,XGBoost
6930,2022-02-28,0.08644561,XGBoost
6931,2022-02-28,0.22505213,XGBoost
6932,2022-02-28,0.21754554,XGBoost
6933,2022-02-28,0.0797136,XGBoost
6934,2022-02-28,0.21475305,XGBoost
6935,2022-02-28,0.08367328,XGBoost
6936,2022-02-28,0.23301287,XGBoost
6937,2022-02-28,0.21408801,XGBoost
6938,2022-02-28,0.064899534,XGBoost
6939,2022-02-28,0.25470078,XGBoost
694,2022-02-28,0.08589893,XGBoost
6940,2022-02-28,0.07636958,XGBoost
6941,2022-02-28,0.081291266,XGBoost
6942,2022-02-28,0.07750948,XGBoost
6943,2022-02-28,0.07012718,XGBoost
6944,2022-02-28,0.2362023,XGBoost
6945,2022-02-28,0.07898662,XGBoost
6946,2022-02-28,0.08620733,XGBoost
6947,2022-02-28,0.22585358,XGBoost
6948,2022-02-28,0.228185,XGBoost
6949,2022-02-28,0.22808054,XGBoost
695,2022-02-28,0.072514884,XGBoost
6950,2022-02-28,0.08301949,XGBoost
6951,2022-02-28,0.08255898,XGBoost
6952,2022-02-28,0.07806898,XGBoost
6953,2022-02-28,0.25421345,XGBoost
6954,2022-02-28,0.0705831,XGBoost
6955,2022-02-28,0.23233712,XGBoost
6956,2022-02-28,0.083087675,XGBoost
6957,2022-02-28,0.25597563,XGBoost
6958,2022-02-28,0.22146063,XGBoost
6959,2022-02-28,0.08676011,XGBoost
696,2022-02-28,0.25488204,XGBoost
6960,2022-02-28,0.08373622,XGBoost
6961,2022-02-28,0.24295531,XGBoost
6962,2022-02-28,0.21595088,XGBoost
6963,2022-02-28,0.21993297,XGBoost
6964,2022-02-28,0.22032906,XGBoost
6965,2022-02-28,0.08643349,XGBoost
6966,2022-02-28,0.21059528,XGBoost
6967,2022-02-28,0.073552296,XGBoost
6968,2022-02-28,0.2352666,XGBoost
6969,2022-02-28,0.08447727,XGBoost
697,2022-02-28,0.07783735,XGBoost
6970,2022-02-28,0.07847631,XGBoost
6971,2022-02-28,0.07210769,XGBoost
6972,2022-02-28,0.24413359,XGBoost
6973,2022-02-28,0.07746935,XGBoost
6974,2022-02-28,0.22759394,XGBoost
6975,2022-02-28,0.073405,XGBoost
6976,2022-02-28,0.20658746,XGBoost
6977,2022-02-28,0.24338867,XGBoost
6978,2022-02-28,0.23671557,XGBoost
6979,2022-02-28,0.22910781,XGBoost
698,2022-02-28,0.22755833,XGBoost
6980,2022-02-28,0.21145125,XGBoost
6981,2022-02-28,0.23556459,XGBoost
6982,2022-02-28,0.24480884,XGBoost
6983,2022-02-28,0.08378343,XGBoost
6984,2022-02-28,0.076322734,XGBoost
6985,2022-02-28,0.08113922,XGBoost
6986,2022-02-28,0.07180347,XGBoost
6987,2022-02-28,0.08378235,XGBoost
6988,2022-02-28,0.22699013,XGBoost
6989,2022-02-28,0.19679837,XGBoost
699,2022-02-28,0.2444357,XGBoost
6990,2022-02-28,0.086732894,XGBoost
6991,2022-02-28,0.10429264,XGBoost
6992,2022-02-28,0.08765948,XGBoost
6993,2022-02-28,0.08224154,XGBoost
6994,2022-02-28,0.08611759,XGBoost
6995,2022-02-28,0.08384173,XGBoost
6996,2022-02-28,0.08266357,XGBoost
6997,2022-02-28,0.08363683,XGBoost
6998,2022-02-28,0.2485402,XGBoost
6999,2022-02-28,0.22493109,XGBoost
7,2022-02-28,0.21079254,XGBoost
70,2022-02-28,0.08757097,XGBoost
700,2022-02-28,0.24351951,XGBoost
7000,2022-02-28,0.07650514,XGBoost
7001,2022-02-28,0.25523353,XGBoost
7002,2022-02-28,0.084996685,XGBoost
7003,2022-02-28,0.24765965,XGBoost
7004,2022-02-28,0.08653345,XGBoost
7005,2022-02-28,0.08340078,XGBoost
7006,2022-02-28,0.06945996,XGBoost
7007,2022-02-28,0.07955394,XGBoost
7008,2022-02-28,0.07895634,XGBoost
7009,2022-02-28,0.08637372,XGBoost
701,2022-02-28,0.08133851,XGBoost
7010,2022-02-28,0.078106694,XGBoost
7011,2022-02-28,0.23338127,XGBoost
7012,2022-02-28,0.0825532,XGBoost
7013,2022-02-28,0.08435221,XGBoost
7014,2022-02-28,0.08455145,XGBoost
7015,2022-02-28,0.082821555,XGBoost
7016,2022-02-28,0.082945086,XGBoost
7017,2022-02-28,0.085199,XGBoost
7018,2022-02-28,0.08590554,XGBoost
7019,2022-02-28,0.08111232,XGBoost
702,2022-02-28,0.07769529,XGBoost
7020,2022-02-28,0.21108814,XGBoost
7021,2022-02-28,0.2488774,XGBoost
7022,2022-02-28,0.2323653,XGBoost
7023,2022-02-28,0.08909897,XGBoost
7024,2022-02-28,0.19814135,XGBoost
7025,2022-02-28,0.081419095,XGBoost
7026,2022-02-28,0.23100506,XGBoost
7027,2022-02-28,0.08055165,XGBoost
7028,2022-02-28,0.08163406,XGBoost
7029,2022-02-28,0.23295102,XGBoost
703,2022-02-28,0.22864921,XGBoost
7030,2022-02-28,0.23567992,XGBoost
7031,2022-02-28,0.08361085,XGBoost
7032,2022-02-28,0.22122248,XGBoost
7033,2022-02-28,0.07826396,XGBoost
7034,2022-02-28,0.23330125,XGBoost
7035,2022-02-28,0.24718168,XGBoost
7036,2022-02-28,0.08514792,XGBoost
7037,2022-02-28,0.07718591,XGBoost
7038,2022-02-28,0.082914874,XGBoost
7039,2022-02-28,0.22581059,XGBoost
704,2022-02-28,0.23362374,XGBoost
7040,2022-02-28,0.08335591,XGBoost
7041,2022-02-28,0.073840365,XGBoost
7042,2022-02-28,0.2086872,XGBoost
7043,2022-02-28,0.21738659,XGBoost
7044,2022-02-28,0.21577136,XGBoost
7045,2022-02-28,0.08044055,XGBoost
7046,2022-02-28,0.08102139,XGBoost
7047,2022-02-28,0.08288173,XGBoost
7048,2022-02-28,0.23014554,XGBoost
7049,2022-02-28,0.076261595,XGBoost
705,2022-02-28,0.06756665,XGBoost
7050,2022-02-28,0.076131366,XGBoost
7051,2022-02-28,0.07147525,XGBoost
7052,2022-02-28,0.0707526,XGBoost
7053,2022-02-28,0.2215488,XGBoost
7054,2022-02-28,0.08266272,XGBoost
7055,2022-02-28,0.07855458,XGBoost
7056,2022-02-28,0.0852306,XGBoost
7057,2022-02-28,0.085009225,XGBoost
7058,2022-02-28,0.08679276,XGBoost
7059,2022-02-28,0.0791664,XGBoost
706,2022-02-28,0.074062765,XGBoost
7060,2022-02-28,0.0814363,XGBoost
7061,2022-02-28,0.081350595,XGBoost
7062,2022-02-28,0.076868005,XGBoost
7063,2022-02-28,0.23287465,XGBoost
7064,2022-02-28,0.08226495,XGBoost
7065,2022-02-28,0.08407765,XGBoost
7066,2022-02-28,0.24577732,XGBoost
7067,2022-02-28,0.23352537,XGBoost
7068,2022-02-28,0.0853304,XGBoost
7069,2022-02-28,0.22500609,XGBoost
707,2022-02-28,0.08304278,XGBoost
7070,2022-02-28,0.22776507,XGBoost
7071,2022-02-28,0.07957155,XGBoost
7072,2022-02-28,0.23149092,XGBoost
7073,2022-02-28,0.08748384,XGBoost
7074,2022-02-28,0.25445595,XGBoost
7075,2022-02-28,0.075995,XGBoost
7076,2022-02-28,0.07994064,XGBoost
7077,2022-02-28,0.084212415,XGBoost
7078,2022-02-28,0.069450885,XGBoost
7079,2022-02-28,0.07220613,XGBoost
708,2022-02-28,0.077145524,XGBoost
7080,2022-02-28,0.21718904,XGBoost
7081,2022-02-28,0.20708132,XGBoost
7082,2022-02-28,0.072152704,XGBoost
7083,2022-02-28,0.22954196,XGBoost
7084,2022-02-28,0.07804413,XGBoost
7085,2022-02-28,0.21732417,XGBoost
7086,2022-02-28,0.08505478,XGBoost
7087,2022-02-28,0.08585798,XGBoost
7088,2022-02-28,0.08360986,XGBoost
7089,2022-02-28,0.20812039,XGBoost
709,2022-02-28,0.07073252,XGBoost
7090,2022-02-28,0.08886388,XGBoost
7091,2022-02-28,0.26471186,XGBoost
7092,2022-02-28,0.25256255,XGBoost
7093,2022-02-28,0.08457615,XGBoost
7094,2022-02-28,0.074078396,XGBoost
7095,2022-02-28,0.2612491,XGBoost
7096,2022-02-28,0.08644798,XGBoost
7097,2022-02-28,0.23259296,XGBoost
7098,2022-02-28,0.22165526,XGBoost
7099,2022-02-28,0.08279013,XGBoost
71,2022-02-28,0.08425964,XGBoost
710,2022-02-28,0.21395177,XGBoost
7100,2022-02-28,0.08441482,XGBoost
7101,2022-02-28,0.25427628,XGBoost
7102,2022-02-28,0.25135937,XGBoost
7103,2022-02-28,0.08392205,XGBoost
7104,2022-02-28,0.082853794,XGBoost
7105,2022-02-28,0.22955893,XGBoost
7106,2022-02-28,0.21869475,XGBoost
7107,2022-02-28,0.08766703,XGBoost
7108,2022-02-28,0.21558805,XGBoost
7109,2022-02-28,0.21553262,XGBoost
711,2022-02-28,0.23784116,XGBoost
7110,2022-02-28,0.078487046,XGBoost
7111,2022-02-28,0.08231838,XGBoost
7112,2022-02-28,0.083167285,XGBoost
7113,2022-02-28,0.08480055,XGBoost
7114,2022-02-28,0.07700754,XGBoost
7115,2022-02-28,0.08530801,XGBoost
7116,2022-02-28,0.20786004,XGBoost
7117,2022-02-28,0.08441602,XGBoost
7118,2022-02-28,0.21821938,XGBoost
7119,2022-02-28,0.084684245,XGBoost
712,2022-02-28,0.08060424,XGBoost
7120,2022-02-28,0.24465731,XGBoost
7121,2022-02-28,0.23642495,XGBoost
7122,2022-02-28,0.06536797,XGBoost
7123,2022-02-28,0.085415505,XGBoost
7124,2022-02-28,0.08689994,XGBoost
7125,2022-02-28,0.08216824,XGBoost
7126,2022-02-28,0.23676151,XGBoost
7127,2022-02-28,0.079865046,XGBoost
7128,2022-02-28,0.087480485,XGBoost
7129,2022-02-28,0.08304135,XGBoost
713,2022-02-28,0.23181534,XGBoost
7130,2022-02-28,0.21932681,XGBoost
7131,2022-02-28,0.072763525,XGBoost
7132,2022-02-28,0.07738435,XGBoost
7133,2022-02-28,0.0779622,XGBoost
7134,2022-02-28,0.0875086,XGBoost
7135,2022-02-28,0.21387969,XGBoost
7136,2022-02-28,0.23249891,XGBoost
7137,2022-02-28,0.07130671,XGBoost
7138,2022-02-28,0.21958789,XGBoost
7139,2022-02-28,0.08227207,XGBoost
714,2022-02-28,0.06828583,XGBoost
7140,2022-02-28,0.069440916,XGBoost
7141,2022-02-28,0.082236804,XGBoost
7142,2022-02-28,0.23621789,XGBoost
7143,2022-02-28,0.07887111,XGBoost
7144,2022-02-28,0.22708143,XGBoost
7145,2022-02-28,0.21550964,XGBoost
7146,2022-02-28,0.21398449,XGBoost
7147,2022-02-28,0.2583579,XGBoost
7148,2022-02-28,0.21935935,XGBoost
7149,2022-02-28,0.23002386,XGBoost
715,2022-02-28,0.078710206,XGBoost
7150,2022-02-28,0.20999372,XGBoost
7151,2022-02-28,0.07273982,XGBoost
7152,2022-02-28,0.2551211,XGBoost
7153,2022-02-28,0.07662465,XGBoost
7154,2022-02-28,0.08291747,XGBoost
7155,2022-02-28,0.22696674,XGBoost
7156,2022-02-28,0.25225553,XGBoost
7157,2022-02-28,0.20492157,XGBoost
7158,2022-02-28,0.08193221,XGBoost
7159,2022-02-28,0.078032404,XGBoost
716,2022-02-28,0.083343856,XGBoost
7160,2022-02-28,0.22960183,XGBoost
7161,2022-02-28,0.21682096,XGBoost
7162,2022-02-28,0.08480724,XGBoost
7163,2022-02-28,0.22848874,XGBoost
7164,2022-02-28,0.2534415,XGBoost
7165,2022-02-28,0.0764409,XGBoost
7166,2022-02-28,0.08649185,XGBoost
7167,2022-02-28,0.2517917,XGBoost
7168,2022-02-28,0.07250206,XGBoost
7169,2022-02-28,0.08200097,XGBoost
717,2022-02-28,0.08422259,XGBoost
7170,2022-02-28,0.077624254,XGBoost
7171,2022-02-28,0.21125245,XGBoost
7172,2022-02-28,0.21408892,XGBoost
7173,2022-02-28,0.086755745,XGBoost
7174,2022-02-28,0.078164905,XGBoost
7175,2022-02-28,0.22643821,XGBoost
7176,2022-02-28,0.08885334,XGBoost
7177,2022-02-28,0.084483415,XGBoost
7178,2022-02-28,0.07160497,XGBoost
7179,2022-02-28,0.082808465,XGBoost
718,2022-02-28,0.2168151,XGBoost
7180,2022-02-28,0.07601564,XGBoost
7181,2022-02-28,0.068619534,XGBoost
7182,2022-02-28,0.086255126,XGBoost
7183,2022-02-28,0.08196057,XGBoost
7184,2022-02-28,0.24226902,XGBoost
7185,2022-02-28,0.082121916,XGBoost
7186,2022-02-28,0.08696103,XGBoost
7187,2022-02-28,0.085591204,XGBoost
7188,2022-02-28,0.08212756,XGBoost
7189,2022-02-28,0.20684372,XGBoost
719,2022-02-28,0.08292594,XGBoost
7190,2022-02-28,0.08382252,XGBoost
7191,2022-02-28,0.26289105,XGBoost
7192,2022-02-28,0.06432665,XGBoost
7193,2022-02-28,0.21877219,XGBoost
7194,2022-02-28,0.07154269,XGBoost
7195,2022-02-28,0.072331555,XGBoost
7196,2022-02-28,0.21391019,XGBoost
7197,2022-02-28,0.07700836,XGBoost
7198,2022-02-28,0.07103381,XGBoost
7199,2022-02-28,0.08257616,XGBoost
72,2022-02-28,0.070364654,XGBoost
720,2022-02-28,0.0837932,XGBoost
7200,2022-02-28,0.070328385,XGBoost
7201,2022-02-28,0.08548366,XGBoost
7202,2022-02-28,0.08694376,XGBoost
7203,2022-02-28,0.080816396,XGBoost
7204,2022-02-28,0.086764194,XGBoost
7205,2022-02-28,0.2202168,XGBoost
7206,2022-02-28,0.08402485,XGBoost
7207,2022-02-28,0.23899896,XGBoost
7208,2022-02-28,0.07027882,XGBoost
7209,2022-02-28,0.22922997,XGBoost
721,2022-02-28,0.22111884,XGBoost
7210,2022-02-28,0.07979902,XGBoost
7211,2022-02-28,0.079082854,XGBoost
7212,2022-02-28,0.07886076,XGBoost
7213,2022-02-28,0.08594838,XGBoost
7214,2022-02-28,0.07935048,XGBoost
7215,2022-02-28,0.21723646,XGBoost
7216,2022-02-28,0.08338833,XGBoost
7217,2022-02-28,0.25523788,XGBoost
7218,2022-02-28,0.08395251,XGBoost
7219,2022-02-28,0.20549075,XGBoost
722,2022-02-28,0.22369389,XGBoost
7220,2022-02-28,0.076938026,XGBoost
7221,2022-02-28,0.07294168,XGBoost
7222,2022-02-28,0.081536554,XGBoost
7223,2022-02-28,0.23115827,XGBoost
7224,2022-02-28,0.22487874,XGBoost
7225,2022-02-28,0.07730234,XGBoost
7226,2022-02-28,0.23235746,XGBoost
7227,2022-02-28,0.08523716,XGBoost
7228,2022-02-28,0.07892158,XGBoost
7229,2022-02-28,0.0783296,XGBoost
723,2022-02-28,0.083364904,XGBoost
7230,2022-02-28,0.065966845,XGBoost
7231,2022-02-28,0.06574688,XGBoost
7232,2022-02-28,0.08305047,XGBoost
7233,2022-02-28,0.071472965,XGBoost
7234,2022-02-28,0.08670733,XGBoost
7235,2022-02-28,0.07821748,XGBoost
7236,2022-02-28,0.22489505,XGBoost
7237,2022-02-28,0.08106694,XGBoost
7238,2022-02-28,0.24545015,XGBoost
7239,2022-02-28,0.2340642,XGBoost
724,2022-02-28,0.21864568,XGBoost
7240,2022-02-28,0.2339483,XGBoost
7241,2022-02-28,0.0827787,XGBoost
7242,2022-02-28,0.23333159,XGBoost
7243,2022-02-28,0.22613499,XGBoost
7244,2022-02-28,0.08477209,XGBoost
7245,2022-02-28,0.08828574,XGBoost
7246,2022-02-28,0.08592321,XGBoost
7247,2022-02-28,0.08187541,XGBoost
7248,2022-02-28,0.0837378,XGBoost
7249,2022-02-28,0.08503668,XGBoost
725,2022-02-28,0.22107364,XGBoost
7250,2022-02-28,0.08705194,XGBoost
7251,2022-02-28,0.23695765,XGBoost
7252,2022-02-28,0.062751025,XGBoost
7253,2022-02-28,0.20294595,XGBoost
7254,2022-02-28,0.081271455,XGBoost
7255,2022-02-28,0.22913224,XGBoost
7256,2022-02-28,0.2340016,XGBoost
7257,2022-02-28,0.22429046,XGBoost
7258,2022-02-28,0.08767218,XGBoost
7259,2022-02-28,0.08511349,XGBoost
726,2022-02-28,0.08309404,XGBoost
7260,2022-02-28,0.08459455,XGBoost
7261,2022-02-28,0.24370925,XGBoost
7262,2022-02-28,0.23194738,XGBoost
7263,2022-02-28,0.08502922,XGBoost
7264,2022-02-28,0.22176112,XGBoost
7265,2022-02-28,0.23641774,XGBoost
7266,2022-02-28,0.21730836,XGBoost
7267,2022-02-28,0.077616,XGBoost
7268,2022-02-28,0.08007287,XGBoost
7269,2022-02-28,0.071512684,XGBoost
727,2022-02-28,0.07740597,XGBoost
7270,2022-02-28,0.086261936,XGBoost
7271,2022-02-28,0.26513308,XGBoost
7272,2022-02-28,0.0829495,XGBoost
7273,2022-02-28,0.084622644,XGBoost
7274,2022-02-28,0.083454214,XGBoost
7275,2022-02-28,0.19978002,XGBoost
7276,2022-02-28,0.084935956,XGBoost
7277,2022-02-28,0.24953151,XGBoost
7278,2022-02-28,0.07799732,XGBoost
7279,2022-02-28,0.07044711,XGBoost
728,2022-02-28,0.25897455,XGBoost
7280,2022-02-28,0.07235192,XGBoost
7281,2022-02-28,0.20443024,XGBoost
7282,2022-02-28,0.08191042,XGBoost
7283,2022-02-28,0.23666985,XGBoost
7284,2022-02-28,0.08178113,XGBoost
7285,2022-02-28,0.22915354,XGBoost
7286,2022-02-28,0.082526445,XGBoost
7287,2022-02-28,0.081960626,XGBoost
7288,2022-02-28,0.072632045,XGBoost
7289,2022-02-28,0.22759846,XGBoost
729,2022-02-28,0.07013428,XGBoost
7290,2022-02-28,0.22907816,XGBoost
7291,2022-02-28,0.081040986,XGBoost
7292,2022-02-28,0.23178841,XGBoost
7293,2022-02-28,0.08544166,XGBoost
7294,2022-02-28,0.087099336,XGBoost
7295,2022-02-28,0.088444784,XGBoost
7296,2022-02-28,0.07754322,XGBoost
7297,2022-02-28,0.062345,XGBoost
7298,2022-02-28,0.2218963,XGBoost
7299,2022-02-28,0.2507092,XGBoost
73,2022-02-28,0.08797986,XGBoost
730,2022-02-28,0.073130704,XGBoost
7300,2022-02-28,0.21130508,XGBoost
7301,2022-02-28,0.24112199,XGBoost
7302,2022-02-28,0.23823151,XGBoost
7303,2022-02-28,0.078746006,XGBoost
7304,2022-02-28,0.078125834,XGBoost
7305,2022-02-28,0.22445518,XGBoost
7306,2022-02-28,0.0823358,XGBoost
7307,2022-02-28,0.20355432,XGBoost
7308,2022-02-28,0.25224683,XGBoost
7309,2022-02-28,0.21866652,XGBoost
731,2022-02-28,0.084969126,XGBoost
7310,2022-02-28,0.084479764,XGBoost
7311,2022-02-28,0.08691416,XGBoost
7312,2022-02-28,0.079657815,XGBoost
7313,2022-02-28,0.08584962,XGBoost
7314,2022-02-28,0.21416348,XGBoost
7315,2022-02-28,0.08545174,XGBoost
7316,2022-02-28,0.23069817,XGBoost
7317,2022-02-28,0.08019545,XGBoost
7318,2022-02-28,0.08305466,XGBoost
7319,2022-02-28,0.08422294,XGBoost
732,2022-02-28,0.08011774,XGBoost
7320,2022-02-28,0.22452872,XGBoost
7321,2022-02-28,0.084607795,XGBoost
7322,2022-02-28,0.08306775,XGBoost
7323,2022-02-28,0.25196004,XGBoost
7324,2022-02-28,0.079069756,XGBoost
7325,2022-02-28,0.07903653,XGBoost
7326,2022-02-28,0.081888765,XGBoost
7327,2022-02-28,0.06983883,XGBoost
7328,2022-02-28,0.078870654,XGBoost
7329,2022-02-28,0.24272081,XGBoost
733,2022-02-28,0.081611246,XGBoost
7330,2022-02-28,0.21956325,XGBoost
7331,2022-02-28,0.2235503,XGBoost
7332,2022-02-28,0.22719906,XGBoost
7333,2022-02-28,0.08325535,XGBoost
7334,2022-02-28,0.23242153,XGBoost
7335,2022-02-28,0.23402639,XGBoost
7336,2022-02-28,0.21385731,XGBoost
7337,2022-02-28,0.23732275,XGBoost
7338,2022-02-28,0.079065084,XGBoost
7339,2022-02-28,0.07722323,XGBoost
734,2022-02-28,0.08728027,XGBoost
7340,2022-02-28,0.07995141,XGBoost
7341,2022-02-28,0.085267045,XGBoost
7342,2022-02-28,0.21375643,XGBoost
7343,2022-02-28,0.24808912,XGBoost
7344,2022-02-28,0.23148124,XGBoost
7345,2022-02-28,0.2315031,XGBoost
7346,2022-02-28,0.07142446,XGBoost
7347,2022-02-28,0.20386091,XGBoost
7348,2022-02-28,0.23890863,XGBoost
7349,2022-02-28,0.24216178,XGBoost
735,2022-02-28,0.08165051,XGBoost
7350,2022-02-28,0.23358455,XGBoost
7351,2022-02-28,0.20592979,XGBoost
7352,2022-02-28,0.07242798,XGBoost
7353,2022-02-28,0.08243516,XGBoost
7354,2022-02-28,0.078634344,XGBoost
7355,2022-02-28,0.08048523,XGBoost
7356,2022-02-28,0.24717762,XGBoost
7357,2022-02-28,0.07797464,XGBoost
7358,2022-02-28,0.23132835,XGBoost
7359,2022-02-28,0.2096084,XGBoost
736,2022-02-28,0.0699176,XGBoost
7360,2022-02-28,0.2306498,XGBoost
7361,2022-02-28,0.085656464,XGBoost
7362,2022-02-28,0.08503198,XGBoost
7363,2022-02-28,0.23785536,XGBoost
7364,2022-02-28,0.25300616,XGBoost
7365,2022-02-28,0.08177051,XGBoost
7366,2022-02-28,0.085809305,XGBoost
7367,2022-02-28,0.24436511,XGBoost
7368,2022-02-28,0.22989507,XGBoost
7369,2022-02-28,0.23757127,XGBoost
737,2022-02-28,0.24782759,XGBoost
7370,2022-02-28,0.0845103,XGBoost
7371,2022-02-28,0.25943074,XGBoost
7372,2022-02-28,0.08341689,XGBoost
7373,2022-02-28,0.2245582,XGBoost
7374,2022-02-28,0.07785667,XGBoost
7375,2022-02-28,0.08281393,XGBoost
7376,2022-02-28,0.084928066,XGBoost
7377,2022-02-28,0.2374666,XGBoost
7378,2022-02-28,0.22494036,XGBoost
7379,2022-02-28,0.23091684,XGBoost
738,2022-02-28,0.08152297,XGBoost
7380,2022-02-28,0.22060291,XGBoost
7381,2022-02-28,0.22606994,XGBoost
7382,2022-02-28,0.2358423,XGBoost
7383,2022-02-28,0.08565806,XGBoost
7384,2022-02-28,0.07571102,XGBoost
7385,2022-02-28,0.0892276,XGBoost
7386,2022-02-28,0.22391382,XGBoost
7387,2022-02-28,0.079881385,XGBoost
7388,2022-02-28,0.07069289,XGBoost
7389,2022-02-28,0.085568756,XGBoost
739,2022-02-28,0.22989577,XGBoost
7390,2022-02-28,0.2205507,XGBoost
7391,2022-02-28,0.08606411,XGBoost
7392,2022-02-28,0.080019,XGBoost
7393,2022-02-28,0.08274018,XGBoost
7394,2022-02-28,0.22198874,XGBoost
7395,2022-02-28,0.07792806,XGBoost
7396,2022-02-28,0.23835136,XGBoost
7397,2022-02-28,0.23153521,XGBoost
7398,2022-02-28,0.07832786,XGBoost
7399,2022-02-28,0.08395089,XGBoost
74,2022-02-28,0.14327484,XGBoost
740,2022-02-28,0.06811303,XGBoost
7400,2022-02-28,0.21076356,XGBoost
7401,2022-02-28,0.24959624,XGBoost
7402,2022-02-28,0.19896342,XGBoost
7403,2022-02-28,0.083658725,XGBoost
7404,2022-02-28,0.06990085,XGBoost
7405,2022-02-28,0.20969589,XGBoost
7406,2022-02-28,0.23542838,XGBoost
7407,2022-02-28,0.23113428,XGBoost
7408,2022-02-28,0.23976567,XGBoost
7409,2022-02-28,0.08530044,XGBoost
741,2022-02-28,0.08749839,XGBoost
7410,2022-02-28,0.08236592,XGBoost
7411,2022-02-28,0.08235469,XGBoost
7412,2022-02-28,0.07263276,XGBoost
7413,2022-02-28,0.08591959,XGBoost
7414,2022-02-28,0.079470806,XGBoost
7415,2022-02-28,0.08556932,XGBoost
7416,2022-02-28,0.2208527,XGBoost
7417,2022-02-28,0.081928946,XGBoost
7418,2022-02-28,0.07742287,XGBoost
7419,2022-02-28,0.22991121,XGBoost
742,2022-02-28,0.23164251,XGBoost
7420,2022-02-28,0.07269108,XGBoost
7421,2022-02-28,0.07300461,XGBoost
7422,2022-02-28,0.0820367,XGBoost
7423,2022-02-28,0.21538983,XGBoost
7424,2022-02-28,0.078278534,XGBoost
7425,2022-02-28,0.22196428,XGBoost
7426,2022-02-28,0.22161531,XGBoost
7427,2022-02-28,0.25484648,XGBoost
7428,2022-02-28,0.07446415,XGBoost
7429,2022-02-28,0.22814788,XGBoost
743,2022-02-28,0.081159726,XGBoost
7430,2022-02-28,0.23372507,XGBoost
7431,2022-02-28,0.08028047,XGBoost
7432,2022-02-28,0.082353406,XGBoost
7433,2022-02-28,0.11419105,XGBoost
7434,2022-02-28,0.22009078,XGBoost
7435,2022-02-28,0.08289619,XGBoost
7436,2022-02-28,0.0874239,XGBoost
7437,2022-02-28,0.2434533,XGBoost
7438,2022-02-28,0.082639225,XGBoost
7439,2022-02-28,0.08632288,XGBoost
744,2022-02-28,0.084471576,XGBoost
7440,2022-02-28,0.24135554,XGBoost
7441,2022-02-28,0.07426502,XGBoost
7442,2022-02-28,0.08271049,XGBoost
7443,2022-02-28,0.07841108,XGBoost
7444,2022-02-28,0.06810156,XGBoost
7445,2022-02-28,0.22666861,XGBoost
7446,2022-02-28,0.08296823,XGBoost
7447,2022-02-28,0.23069109,XGBoost
7448,2022-02-28,0.08143515,XGBoost
7449,2022-02-28,0.074312955,XGBoost
745,2022-02-28,0.22602057,XGBoost
7450,2022-02-28,0.2245108,XGBoost
7451,2022-02-28,0.08606533,XGBoost
7452,2022-02-28,0.24253103,XGBoost
7453,2022-02-28,0.2258905,XGBoost
7454,2022-02-28,0.22549143,XGBoost
7455,2022-02-28,0.24543336,XGBoost
7456,2022-02-28,0.082764685,XGBoost
7457,2022-02-28,0.084157966,XGBoost
7458,2022-02-28,0.22835463,XGBoost
7459,2022-02-28,0.085339956,XGBoost
746,2022-02-28,0.23831585,XGBoost
7460,2022-02-28,0.089512795,XGBoost
7461,2022-02-28,0.21215181,XGBoost
7462,2022-02-28,0.081557274,XGBoost
7463,2022-02-28,0.23068103,XGBoost
7464,2022-02-28,0.08245135,XGBoost
7465,2022-02-28,0.08381989,XGBoost
7466,2022-02-28,0.06935411,XGBoost
7467,2022-02-28,0.086000845,XGBoost
7468,2022-02-28,0.078048185,XGBoost
7469,2022-02-28,0.08036505,XGBoost
747,2022-02-28,0.07976703,XGBoost
7470,2022-02-28,0.07755249,XGBoost
7471,2022-02-28,0.08230041,XGBoost
7472,2022-02-28,0.08247951,XGBoost
7473,2022-02-28,0.08270666,XGBoost
7474,2022-02-28,0.24932148,XGBoost
7475,2022-02-28,0.23352948,XGBoost
7476,2022-02-28,0.22356705,XGBoost
7477,2022-02-28,0.07788899,XGBoost
7478,2022-02-28,0.078943536,XGBoost
7479,2022-02-28,0.085019685,XGBoost
748,2022-02-28,0.2455763,XGBoost
7480,2022-02-28,0.064717844,XGBoost
7481,2022-02-28,0.23330204,XGBoost
7482,2022-02-28,0.07490091,XGBoost
7483,2022-02-28,0.07151268,XGBoost
7484,2022-02-28,0.2240322,XGBoost
7485,2022-02-28,0.084602155,XGBoost
7486,2022-02-28,0.08633787,XGBoost
7487,2022-02-28,0.25090337,XGBoost
7488,2022-02-28,0.08595918,XGBoost
7489,2022-02-28,0.1936992,XGBoost
749,2022-02-28,0.08379728,XGBoost
7490,2022-02-28,0.07800678,XGBoost
7491,2022-02-28,0.23137328,XGBoost
7492,2022-02-28,0.07855941,XGBoost
7493,2022-02-28,0.2521707,XGBoost
7494,2022-02-28,0.23496492,XGBoost
7495,2022-02-28,0.23004112,XGBoost
7496,2022-02-28,0.08395545,XGBoost
7497,2022-02-28,0.07381678,XGBoost
7498,2022-02-28,0.23178577,XGBoost
7499,2022-02-28,0.071770236,XGBoost
75,2022-02-28,0.08567383,XGBoost
750,2022-02-28,0.21255204,XGBoost
7500,2022-02-28,0.23234744,XGBoost
7501,2022-02-28,0.0805115,XGBoost
7502,2022-02-28,0.20310897,XGBoost
7503,2022-02-28,0.08018204,XGBoost
7504,2022-02-28,0.08126563,XGBoost
7505,2022-02-28,0.08383067,XGBoost
7506,2022-02-28,0.25055853,XGBoost
7507,2022-02-28,0.21742615,XGBoost
7508,2022-02-28,0.2212554,XGBoost
7509,2022-02-28,0.08457231,XGBoost
751,2022-02-28,0.08469189,XGBoost
7510,2022-02-28,0.077172235,XGBoost
7511,2022-02-28,0.08378858,XGBoost
7512,2022-02-28,0.23030755,XGBoost
7513,2022-02-28,0.082536556,XGBoost
7514,2022-02-28,0.073202424,XGBoost
7515,2022-02-28,0.06947901,XGBoost
7516,2022-02-28,0.087751776,XGBoost
7517,2022-02-28,0.08303358,XGBoost
7518,2022-02-28,0.21457975,XGBoost
7519,2022-02-28,0.19946773,XGBoost
752,2022-02-28,0.069903485,XGBoost
7520,2022-02-28,0.08518044,XGBoost
7521,2022-02-28,0.23107728,XGBoost
7522,2022-02-28,0.077200435,XGBoost
7523,2022-02-28,0.07799751,XGBoost
7524,2022-02-28,0.22302294,XGBoost
7525,2022-02-28,0.22850612,XGBoost
7526,2022-02-28,0.08988468,XGBoost
7527,2022-02-28,0.22432142,XGBoost
7528,2022-02-28,0.07877253,XGBoost
7529,2022-02-28,0.07370705,XGBoost
753,2022-02-28,0.06338112,XGBoost
7530,2022-02-28,0.0845417,XGBoost
7531,2022-02-28,0.24511442,XGBoost
7532,2022-02-28,0.22416763,XGBoost
7533,2022-02-28,0.07719518,XGBoost
7534,2022-02-28,0.0808635,XGBoost
7535,2022-02-28,0.23015672,XGBoost
7536,2022-02-28,0.080682635,XGBoost
7537,2022-02-28,0.08122657,XGBoost
7538,2022-02-28,0.07106627,XGBoost
7539,2022-02-28,0.24207166,XGBoost
754,2022-02-28,0.09313918,XGBoost
7540,2022-02-28,0.08374573,XGBoost
7541,2022-02-28,0.08302483,XGBoost
7542,2022-02-28,0.19935803,XGBoost
7543,2022-02-28,0.2382079,XGBoost
7544,2022-02-28,0.08431992,XGBoost
7545,2022-02-28,0.087408766,XGBoost
7546,2022-02-28,0.08254735,XGBoost
7547,2022-02-28,0.08147428,XGBoost
7548,2022-02-28,0.23331678,XGBoost
7549,2022-02-28,0.07470628,XGBoost
755,2022-02-28,0.24291559,XGBoost
7550,2022-02-28,0.21478623,XGBoost
7551,2022-02-28,0.08344143,XGBoost
7552,2022-02-28,0.22092931,XGBoost
7553,2022-02-28,0.0819545,XGBoost
7554,2022-02-28,0.07103119,XGBoost
7555,2022-02-28,0.08038255,XGBoost
7556,2022-02-28,0.0774154,XGBoost
7557,2022-02-28,0.22834831,XGBoost
7558,2022-02-28,0.23121865,XGBoost
7559,2022-02-28,0.08635462,XGBoost
756,2022-02-28,0.08279074,XGBoost
7560,2022-02-28,0.071888916,XGBoost
7561,2022-02-28,0.082089186,XGBoost
7562,2022-02-28,0.083404034,XGBoost
7563,2022-02-28,0.08007079,XGBoost
7564,2022-02-28,0.07937535,XGBoost
7565,2022-02-28,0.074591756,XGBoost
7566,2022-02-28,0.08438003,XGBoost
7567,2022-02-28,0.22354625,XGBoost
7568,2022-02-28,0.08501387,XGBoost
7569,2022-02-28,0.07217929,XGBoost
757,2022-02-28,0.07748133,XGBoost
7570,2022-02-28,0.21877515,XGBoost
7571,2022-02-28,0.21689695,XGBoost
7572,2022-02-28,0.07902766,XGBoost
7573,2022-02-28,0.08523253,XGBoost
7574,2022-02-28,0.08397583,XGBoost
7575,2022-02-28,0.23289408,XGBoost
7576,2022-02-28,0.08100197,XGBoost
7577,2022-02-28,0.07432322,XGBoost
7578,2022-02-28,0.084048286,XGBoost
7579,2022-02-28,0.071802646,XGBoost
758,2022-02-28,0.23117965,XGBoost
7580,2022-02-28,0.079781294,XGBoost
7581,2022-02-28,0.08449625,XGBoost
7582,2022-02-28,0.07876029,XGBoost
7583,2022-02-28,0.22302666,XGBoost
7584,2022-02-28,0.084241115,XGBoost
7585,2022-02-28,0.085485965,XGBoost
7586,2022-02-28,0.07711211,XGBoost
7587,2022-02-28,0.072202496,XGBoost
7588,2022-02-28,0.23401386,XGBoost
7589,2022-02-28,0.08164846,XGBoost
759,2022-02-28,0.086218774,XGBoost
7590,2022-02-28,0.22282766,XGBoost
7591,2022-02-28,0.21942347,XGBoost
7592,2022-02-28,0.08023361,XGBoost
7593,2022-02-28,0.24705997,XGBoost
7594,2022-02-28,0.24392201,XGBoost
7595,2022-02-28,0.22496103,XGBoost
7596,2022-02-28,0.22273043,XGBoost
7597,2022-02-28,0.08638237,XGBoost
7598,2022-02-28,0.23170368,XGBoost
7599,2022-02-28,0.08056694,XGBoost
76,2022-02-28,0.24339755,XGBoost
760,2022-02-28,0.07255423,XGBoost
7600,2022-02-28,0.07683862,XGBoost
7601,2022-02-28,0.24294217,XGBoost
7602,2022-02-28,0.08311162,XGBoost
7603,2022-02-28,0.076417446,XGBoost
7604,2022-02-28,0.06574418,XGBoost
7605,2022-02-28,0.079241864,XGBoost
7606,2022-02-28,0.06737263,XGBoost
7607,2022-02-28,0.24737833,XGBoost
7608,2022-02-28,0.24581149,XGBoost
7609,2022-02-28,0.2141069,XGBoost
761,2022-02-28,0.07189761,XGBoost
7610,2022-02-28,0.20989065,XGBoost
7611,2022-02-28,0.08487532,XGBoost
7612,2022-02-28,0.26750925,XGBoost
7613,2022-02-28,0.24034205,XGBoost
7614,2022-02-28,0.23806192,XGBoost
7615,2022-02-28,0.21785237,XGBoost
7616,2022-02-28,0.2010821,XGBoost
7617,2022-02-28,0.07777425,XGBoost
7618,2022-02-28,0.2381667,XGBoost
7619,2022-02-28,0.22998947,XGBoost
762,2022-02-28,0.07855666,XGBoost
7620,2022-02-28,0.2281262,XGBoost
7621,2022-02-28,0.21584404,XGBoost
7622,2022-02-28,0.082642995,XGBoost
7623,2022-02-28,0.21623181,XGBoost
7624,2022-02-28,0.22250952,XGBoost
7625,2022-02-28,0.23617436,XGBoost
7626,2022-02-28,0.08350443,XGBoost
7627,2022-02-28,0.0821844,XGBoost
7628,2022-02-28,0.07860277,XGBoost
7629,2022-02-28,0.08949631,XGBoost
763,2022-02-28,0.11075619,XGBoost
7630,2022-02-28,0.084651895,XGBoost
7631,2022-02-28,0.08446079,XGBoost
7632,2022-02-28,0.22340843,XGBoost
7633,2022-02-28,0.19116051,XGBoost
7634,2022-02-28,0.076347515,XGBoost
7635,2022-02-28,0.08256973,XGBoost
7636,2022-02-28,0.22602499,XGBoost
7637,2022-02-28,0.06973857,XGBoost
7638,2022-02-28,0.08228803,XGBoost
7639,2022-02-28,0.24390621,XGBoost
764,2022-02-28,0.23216106,XGBoost
7640,2022-02-28,0.22899465,XGBoost
7641,2022-02-28,0.231391,XGBoost
7642,2022-02-28,0.095528394,XGBoost
7643,2022-02-28,0.22229274,XGBoost
7644,2022-02-28,0.06645862,XGBoost
7645,2022-02-28,0.082376026,XGBoost
7646,2022-02-28,0.23447461,XGBoost
7647,2022-02-28,0.20831825,XGBoost
7648,2022-02-28,0.08356963,XGBoost
7649,2022-02-28,0.25932127,XGBoost
765,2022-02-28,0.21860237,XGBoost
7650,2022-02-28,0.08549127,XGBoost
7651,2022-02-28,0.08595326,XGBoost
7652,2022-02-28,0.21494386,XGBoost
7653,2022-02-28,0.2550061,XGBoost
7654,2022-02-28,0.063105896,XGBoost
7655,2022-02-28,0.0854212,XGBoost
7656,2022-02-28,0.20825139,XGBoost
7657,2022-02-28,0.0810439,XGBoost
7658,2022-02-28,0.24563155,XGBoost
7659,2022-02-28,0.081712395,XGBoost
766,2022-02-28,0.08573514,XGBoost
7660,2022-02-28,0.071332246,XGBoost
7661,2022-02-28,0.0860143,XGBoost
7662,2022-02-28,0.08536372,XGBoost
7663,2022-02-28,0.088127956,XGBoost
7664,2022-02-28,0.085376635,XGBoost
7665,2022-02-28,0.10833309,XGBoost
7666,2022-02-28,0.08613635,XGBoost
7667,2022-02-28,0.2371305,XGBoost
7668,2022-02-28,0.08326959,XGBoost
7669,2022-02-28,0.22765686,XGBoost
767,2022-02-28,0.0855229,XGBoost
7670,2022-02-28,0.07957427,XGBoost
7671,2022-02-28,0.064164616,XGBoost
7672,2022-02-28,0.065478146,XGBoost
7673,2022-02-28,0.073965,XGBoost
7674,2022-02-28,0.21799181,XGBoost
7675,2022-02-28,0.06947505,XGBoost
7676,2022-02-28,0.0847428,XGBoost
7677,2022-02-28,0.22408107,XGBoost
7678,2022-02-28,0.071856186,XGBoost
7679,2022-02-28,0.22180198,XGBoost
768,2022-02-28,0.2190543,XGBoost
7680,2022-02-28,0.08274092,XGBoost
7681,2022-02-28,0.082836285,XGBoost
7682,2022-02-28,0.2264609,XGBoost
7683,2022-02-28,0.08260436,XGBoost
7684,2022-02-28,0.07576301,XGBoost
7685,2022-02-28,0.21256922,XGBoost
7686,2022-02-28,0.08514884,XGBoost
7687,2022-02-28,0.0842768,XGBoost
7688,2022-02-28,0.0795914,XGBoost
7689,2022-02-28,0.077634536,XGBoost
769,2022-02-28,0.071041,XGBoost
7690,2022-02-28,0.07998717,XGBoost
7691,2022-02-28,0.22299488,XGBoost
7692,2022-02-28,0.078411944,XGBoost
7693,2022-02-28,0.21137327,XGBoost
7694,2022-02-28,0.23533586,XGBoost
7695,2022-02-28,0.08672645,XGBoost
7696,2022-02-28,0.23673297,XGBoost
7697,2022-02-28,0.08174407,XGBoost
7698,2022-02-28,0.08654664,XGBoost
7699,2022-02-28,0.08562351,XGBoost
77,2022-02-28,0.08577122,XGBoost
770,2022-02-28,0.08401622,XGBoost
7700,2022-02-28,0.07256548,XGBoost
7701,2022-02-28,0.08205362,XGBoost
7702,2022-02-28,0.06969041,XGBoost
7703,2022-02-28,0.24000159,XGBoost
7704,2022-02-28,0.08783948,XGBoost
7705,2022-02-28,0.087284125,XGBoost
7706,2022-02-28,0.25416058,XGBoost
7707,2022-02-28,0.07225946,XGBoost
7708,2022-02-28,0.08431272,XGBoost
7709,2022-02-28,0.2222858,XGBoost
771,2022-02-28,0.07052615,XGBoost
7710,2022-02-28,0.08552905,XGBoost
7711,2022-02-28,0.085314415,XGBoost
7712,2022-02-28,0.22188805,XGBoost
7713,2022-02-28,0.0797962,XGBoost
7714,2022-02-28,0.25613892,XGBoost
7715,2022-02-28,0.21504162,XGBoost
7716,2022-02-28,0.2259798,XGBoost
7717,2022-02-28,0.0839881,XGBoost
7718,2022-02-28,0.22546948,XGBoost
7719,2022-02-28,0.22338669,XGBoost
772,2022-02-28,0.08131754,XGBoost
7720,2022-02-28,0.08135006,XGBoost
7721,2022-02-28,0.22589472,XGBoost
7722,2022-02-28,0.23773806,XGBoost
7723,2022-02-28,0.08230015,XGBoost
7724,2022-02-28,0.08596888,XGBoost
7725,2022-02-28,0.2136115,XGBoost
7726,2022-02-28,0.08174044,XGBoost
7727,2022-02-28,0.07768396,XGBoost
7728,2022-02-28,0.088095516,XGBoost
7729,2022-02-28,0.22909127,XGBoost
773,2022-02-28,0.07144017,XGBoost
7730,2022-02-28,0.08549068,XGBoost
7731,2022-02-28,0.084553756,XGBoost
7732,2022-02-28,0.22539842,XGBoost
7733,2022-02-28,0.22252882,XGBoost
7734,2022-02-28,0.06700252,XGBoost
7735,2022-02-28,0.2552683,XGBoost
7736,2022-02-28,0.2264168,XGBoost
7737,2022-02-28,0.08320227,XGBoost
7738,2022-02-28,0.22481078,XGBoost
7739,2022-02-28,0.0829113,XGBoost
774,2022-02-28,0.08372814,XGBoost
7740,2022-02-28,0.23558469,XGBoost
7741,2022-02-28,0.08308739,XGBoost
7742,2022-02-28,0.2450327,XGBoost
7743,2022-02-28,0.0838388,XGBoost
7744,2022-02-28,0.232779,XGBoost
7745,2022-02-28,0.21165045,XGBoost
7746,2022-02-28,0.19515204,XGBoost
7747,2022-02-28,0.22960004,XGBoost
7748,2022-02-28,0.2055497,XGBoost
7749,2022-02-28,0.23963584,XGBoost
775,2022-02-28,0.1998504,XGBoost
7750,2022-02-28,0.24839287,XGBoost
7751,2022-02-28,0.08518941,XGBoost
7752,2022-02-28,0.22464173,XGBoost
7753,2022-02-28,0.08376604,XGBoost
7754,2022-02-28,0.071708865,XGBoost
7755,2022-02-28,0.08479923,XGBoost
7756,2022-02-28,0.2173829,XGBoost
7757,2022-02-28,0.21203348,XGBoost
7758,2022-02-28,0.08444378,XGBoost
7759,2022-02-28,0.08741859,XGBoost
776,2022-02-28,0.2424363,XGBoost
7760,2022-02-28,0.07070048,XGBoost
7761,2022-02-28,0.07701722,XGBoost
7762,2022-02-28,0.08656987,XGBoost
7763,2022-02-28,0.08515042,XGBoost
7764,2022-02-28,0.0871813,XGBoost
7765,2022-02-28,0.08333721,XGBoost
7766,2022-02-28,0.2342591,XGBoost
7767,2022-02-28,0.08696461,XGBoost
7768,2022-02-28,0.26997945,XGBoost
7769,2022-02-28,0.07302638,XGBoost
777,2022-02-28,0.21974748,XGBoost
7770,2022-02-28,0.068898395,XGBoost
7771,2022-02-28,0.081550874,XGBoost
7772,2022-02-28,0.21253219,XGBoost
7773,2022-02-28,0.08563476,XGBoost
7774,2022-02-28,0.081251025,XGBoost
7775,2022-02-28,0.22732247,XGBoost
7776,2022-02-28,0.081878394,XGBoost
7777,2022-02-28,0.23040323,XGBoost
7778,2022-02-28,0.2534572,XGBoost
7779,2022-02-28,0.20587066,XGBoost
778,2022-02-28,0.07889461,XGBoost
7780,2022-02-28,0.23489602,XGBoost
7781,2022-02-28,0.08403522,XGBoost
7782,2022-02-28,0.073926196,XGBoost
7783,2022-02-28,0.2469252,XGBoost
7784,2022-02-28,0.2124286,XGBoost
7785,2022-02-28,0.07726477,XGBoost
7786,2022-02-28,0.21521375,XGBoost
7787,2022-02-28,0.22006966,XGBoost
7788,2022-02-28,0.24164605,XGBoost
7789,2022-02-28,0.07682756,XGBoost
779,2022-02-28,0.22209962,XGBoost
7790,2022-02-28,0.21368809,XGBoost
7791,2022-02-28,0.21978049,XGBoost
7792,2022-02-28,0.24118237,XGBoost
7793,2022-02-28,0.083984286,XGBoost
7794,2022-02-28,0.23989898,XGBoost
7795,2022-02-28,0.2348991,XGBoost
7796,2022-02-28,0.07824749,XGBoost
7797,2022-02-28,0.08870442,XGBoost
7798,2022-02-28,0.077769294,XGBoost
7799,2022-02-28,0.07738969,XGBoost
78,2022-02-28,0.24558015,XGBoost
780,2022-02-28,0.07918193,XGBoost
7800,2022-02-28,0.22783673,XGBoost
7801,2022-02-28,0.22275761,XGBoost
7802,2022-02-28,0.085979216,XGBoost
7803,2022-02-28,0.08705558,XGBoost
7804,2022-02-28,0.074052,XGBoost
7805,2022-02-28,0.08727497,XGBoost
7806,2022-02-28,0.0878793,XGBoost
7807,2022-02-28,0.22699772,XGBoost
7808,2022-02-28,0.07038457,XGBoost
7809,2022-02-28,0.08411865,XGBoost
781,2022-02-28,0.23630092,XGBoost
7810,2022-02-28,0.21343641,XGBoost
7811,2022-02-28,0.24558419,XGBoost
7812,2022-02-28,0.065781966,XGBoost
7813,2022-02-28,0.07983076,XGBoost
7814,2022-02-28,0.22208834,XGBoost
7815,2022-02-28,0.081190795,XGBoost
7816,2022-02-28,0.081983835,XGBoost
7817,2022-02-28,0.23016167,XGBoost
7818,2022-02-28,0.081483506,XGBoost
7819,2022-02-28,0.20862448,XGBoost
782,2022-02-28,0.23769914,XGBoost
7820,2022-02-28,0.08567011,XGBoost
7821,2022-02-28,0.086897604,XGBoost
7822,2022-02-28,0.08525647,XGBoost
7823,2022-02-28,0.08636939,XGBoost
7824,2022-02-28,0.23104621,XGBoost
7825,2022-02-28,0.22856398,XGBoost
7826,2022-02-28,0.08252672,XGBoost
7827,2022-02-28,0.08432972,XGBoost
7828,2022-02-28,0.22126466,XGBoost
7829,2022-02-28,0.07015902,XGBoost
783,2022-02-28,0.23348327,XGBoost
7830,2022-02-28,0.086042166,XGBoost
7831,2022-02-28,0.22527826,XGBoost
7832,2022-02-28,0.08073963,XGBoost
7833,2022-02-28,0.08576018,XGBoost
7834,2022-02-28,0.21595755,XGBoost
7835,2022-02-28,0.084988184,XGBoost
7836,2022-02-28,0.086486146,XGBoost
7837,2022-02-28,0.079867944,XGBoost
7838,2022-02-28,0.23864323,XGBoost
7839,2022-02-28,0.08371707,XGBoost
784,2022-02-28,0.07459692,XGBoost
7840,2022-02-28,0.21211122,XGBoost
7841,2022-02-28,0.22443075,XGBoost
7842,2022-02-28,0.08195822,XGBoost
7843,2022-02-28,0.23560663,XGBoost
7844,2022-02-28,0.23523279,XGBoost
7845,2022-02-28,0.2454889,XGBoost
7846,2022-02-28,0.07248225,XGBoost
7847,2022-02-28,0.084857084,XGBoost
7848,2022-02-28,0.08303299,XGBoost
7849,2022-02-28,0.0725128,XGBoost
785,2022-02-28,0.07180655,XGBoost
7850,2022-02-28,0.20439103,XGBoost
7851,2022-02-28,0.08322835,XGBoost
7852,2022-02-28,0.23430488,XGBoost
7853,2022-02-28,0.24580963,XGBoost
7854,2022-02-28,0.23911029,XGBoost
7855,2022-02-28,0.0832515,XGBoost
7856,2022-02-28,0.08208947,XGBoost
7857,2022-02-28,0.07924142,XGBoost
7858,2022-02-28,0.13502696,XGBoost
7859,2022-02-28,0.07728669,XGBoost
786,2022-02-28,0.08225181,XGBoost
7860,2022-02-28,0.06912511,XGBoost
7861,2022-02-28,0.076381266,XGBoost
7862,2022-02-28,0.080202475,XGBoost
7863,2022-02-28,0.23092183,XGBoost
7864,2022-02-28,0.08434255,XGBoost
7865,2022-02-28,0.08365806,XGBoost
7866,2022-02-28,0.08114693,XGBoost
7867,2022-02-28,0.080115005,XGBoost
7868,2022-02-28,0.2285732,XGBoost
7869,2022-02-28,0.2334388,XGBoost
787,2022-02-28,0.087803885,XGBoost
7870,2022-02-28,0.084714845,XGBoost
7871,2022-02-28,0.08057955,XGBoost
7872,2022-02-28,0.08467069,XGBoost
7873,2022-02-28,0.08808025,XGBoost
7874,2022-02-28,0.087896094,XGBoost
7875,2022-02-28,0.21727863,XGBoost
7876,2022-02-28,0.22435743,XGBoost
7877,2022-02-28,0.08353997,XGBoost
7878,2022-02-28,0.22742394,XGBoost
7879,2022-02-28,0.070181094,XGBoost
788,2022-02-28,0.08417362,XGBoost
7880,2022-02-28,0.21644679,XGBoost
7881,2022-02-28,0.0796215,XGBoost
7882,2022-02-28,0.09037351,XGBoost
7883,2022-02-28,0.08072856,XGBoost
7884,2022-02-28,0.23450159,XGBoost
7885,2022-02-28,0.078095466,XGBoost
7886,2022-02-28,0.21926849,XGBoost
7887,2022-02-28,0.23725729,XGBoost
7888,2022-02-28,0.0862469,XGBoost
7889,2022-02-28,0.22930911,XGBoost
789,2022-02-28,0.0853274,XGBoost
7890,2022-02-28,0.21856019,XGBoost
7891,2022-02-28,0.21570371,XGBoost
7892,2022-02-28,0.2418678,XGBoost
7893,2022-02-28,0.08051804,XGBoost
7894,2022-02-28,0.09073597,XGBoost
7895,2022-02-28,0.2383848,XGBoost
7896,2022-02-28,0.23580413,XGBoost
7897,2022-02-28,0.2108107,XGBoost
7898,2022-02-28,0.08315916,XGBoost
7899,2022-02-28,0.086448744,XGBoost
79,2022-02-28,0.08466284,XGBoost
790,2022-02-28,0.24313484,XGBoost
7900,2022-02-28,0.24191034,XGBoost
7901,2022-02-28,0.07676689,XGBoost
7902,2022-02-28,0.08755272,XGBoost
7903,2022-02-28,0.07237122,XGBoost
7904,2022-02-28,0.23520735,XGBoost
7905,2022-02-28,0.21266782,XGBoost
7906,2022-02-28,0.068862624,XGBoost
7907,2022-02-28,0.07898671,XGBoost
7908,2022-02-28,0.22874862,XGBoost
7909,2022-02-28,0.25174654,XGBoost
791,2022-02-28,0.22108151,XGBoost
7910,2022-02-28,0.08499517,XGBoost
7911,2022-02-28,0.07882266,XGBoost
7912,2022-02-28,0.08528291,XGBoost
7913,2022-02-28,0.07753244,XGBoost
7914,2022-02-28,0.19782726,XGBoost
7915,2022-02-28,0.08402073,XGBoost
7916,2022-02-28,0.08483619,XGBoost
7917,2022-02-28,0.21635897,XGBoost
7918,2022-02-28,0.22636716,XGBoost
7919,2022-02-28,0.08412632,XGBoost
792,2022-02-28,0.0734821,XGBoost
7920,2022-02-28,0.21265535,XGBoost
7921,2022-02-28,0.06939795,XGBoost
7922,2022-02-28,0.08070012,XGBoost
7923,2022-02-28,0.0712661,XGBoost
7924,2022-02-28,0.22904307,XGBoost
7925,2022-02-28,0.23252308,XGBoost
7926,2022-02-28,0.086531535,XGBoost
7927,2022-02-28,0.07255651,XGBoost
7928,2022-02-28,0.085064024,XGBoost
7929,2022-02-28,0.23135759,XGBoost
793,2022-02-28,0.085793056,XGBoost
7930,2022-02-28,0.08496161,XGBoost
7931,2022-02-28,0.25315857,XGBoost
7932,2022-02-28,0.23217645,XGBoost
7933,2022-02-28,0.24624325,XGBoost
7934,2022-02-28,0.24296685,XGBoost
7935,2022-02-28,0.2246773,XGBoost
7936,2022-02-28,0.08562861,XGBoost
7937,2022-02-28,0.23867828,XGBoost
7938,2022-02-28,0.20307894,XGBoost
7939,2022-02-28,0.07727626,XGBoost
794,2022-02-28,0.22663349,XGBoost
7940,2022-02-28,0.23673265,XGBoost
7941,2022-02-28,0.08696775,XGBoost
7942,2022-02-28,0.21439266,XGBoost
7943,2022-02-28,0.08739562,XGBoost
7944,2022-02-28,0.22456902,XGBoost
7945,2022-02-28,0.21571688,XGBoost
7946,2022-02-28,0.22095814,XGBoost
7947,2022-02-28,0.088463664,XGBoost
7948,2022-02-28,0.08110475,XGBoost
7949,2022-02-28,0.23255284,XGBoost
795,2022-02-28,0.22166231,XGBoost
7950,2022-02-28,0.0815168,XGBoost
7951,2022-02-28,0.082478344,XGBoost
7952,2022-02-28,0.2382968,XGBoost
7953,2022-02-28,0.2436461,XGBoost
7954,2022-02-28,0.08591809,XGBoost
7955,2022-02-28,0.08584446,XGBoost
7956,2022-02-28,0.22864214,XGBoost
7957,2022-02-28,0.07196725,XGBoost
7958,2022-02-28,0.08013192,XGBoost
7959,2022-02-28,0.23364519,XGBoost
796,2022-02-28,0.0853708,XGBoost
7960,2022-02-28,0.22700736,XGBoost
7961,2022-02-28,0.078709245,XGBoost
7962,2022-02-28,0.07237166,XGBoost
7963,2022-02-28,0.2288933,XGBoost
7964,2022-02-28,0.23462206,XGBoost
7965,2022-02-28,0.22897969,XGBoost
7966,2022-02-28,0.23205009,XGBoost
7967,2022-02-28,0.071073726,XGBoost
7968,2022-02-28,0.2489638,XGBoost
7969,2022-02-28,0.075081475,XGBoost
797,2022-02-28,0.23447756,XGBoost
7970,2022-02-28,0.08717715,XGBoost
7971,2022-02-28,0.08696965,XGBoost
7972,2022-02-28,0.08513775,XGBoost
7973,2022-02-28,0.23596294,XGBoost
7974,2022-02-28,0.08433,XGBoost
7975,2022-02-28,0.2306381,XGBoost
7976,2022-02-28,0.085853636,XGBoost
7977,2022-02-28,0.08660329,XGBoost
7978,2022-02-28,0.08524146,XGBoost
7979,2022-02-28,0.08561058,XGBoost
798,2022-02-28,0.0844182,XGBoost
7980,2022-02-28,0.08709499,XGBoost
7981,2022-02-28,0.0776951,XGBoost
7982,2022-02-28,0.08676984,XGBoost
7983,2022-02-28,0.2201058,XGBoost
7984,2022-02-28,0.2294796,XGBoost
7985,2022-02-28,0.24225606,XGBoost
7986,2022-02-28,0.08724177,XGBoost
7987,2022-02-28,0.06590884,XGBoost
7988,2022-02-28,0.082684614,XGBoost
7989,2022-02-28,0.20767733,XGBoost
799,2022-02-28,0.23811519,XGBoost
7990,2022-02-28,0.22438273,XGBoost
7991,2022-02-28,0.22379053,XGBoost
7992,2022-02-28,0.08256457,XGBoost
7993,2022-02-28,0.08875982,XGBoost
7994,2022-02-28,0.22275037,XGBoost
7995,2022-02-28,0.20214303,XGBoost
7996,2022-02-28,0.085786365,XGBoost
7997,2022-02-28,0.21482186,XGBoost
7998,2022-02-28,0.21972264,XGBoost
7999,2022-02-28,0.078036256,XGBoost
8,2022-02-28,0.088024504,XGBoost
80,2022-02-28,0.083038844,XGBoost
800,2022-02-28,0.087791696,XGBoost
8000,2022-02-28,0.22171359,XGBoost
8001,2022-02-28,0.23963155,XGBoost
8002,2022-02-28,0.22550045,XGBoost
8003,2022-02-28,0.24101306,XGBoost
8004,2022-02-28,0.24530028,XGBoost
8005,2022-02-28,0.22890498,XGBoost
8006,2022-02-28,0.21579456,XGBoost
8007,2022-02-28,0.21703395,XGBoost
8008,2022-02-28,0.23256607,XGBoost
8009,2022-02-28,0.104407124,XGBoost
801,2022-02-28,0.082070805,XGBoost
8010,2022-02-28,0.24677789,XGBoost
8011,2022-02-28,0.24554965,XGBoost
8012,2022-02-28,0.07662064,XGBoost
8013,2022-02-28,0.23288447,XGBoost
8014,2022-02-28,0.06861644,XGBoost
8015,2022-02-28,0.25349072,XGBoost
8016,2022-02-28,0.07862451,XGBoost
8017,2022-02-28,0.07829716,XGBoost
8018,2022-02-28,0.22637995,XGBoost
8019,2022-02-28,0.21398124,XGBoost
802,2022-02-28,0.22937788,XGBoost
8020,2022-02-28,0.08211088,XGBoost
8021,2022-02-28,0.08136333,XGBoost
8022,2022-02-28,0.24760048,XGBoost
8023,2022-02-28,0.07007237,XGBoost
8024,2022-02-28,0.08024096,XGBoost
8025,2022-02-28,0.08519264,XGBoost
8026,2022-02-28,0.084356785,XGBoost
8027,2022-02-28,0.22153497,XGBoost
8028,2022-02-28,0.085649095,XGBoost
8029,2022-02-28,0.086732596,XGBoost
803,2022-02-28,0.23022856,XGBoost
8030,2022-02-28,0.08054027,XGBoost
8031,2022-02-28,0.074238904,XGBoost
8032,2022-02-28,0.21611285,XGBoost
8033,2022-02-28,0.08840694,XGBoost
8034,2022-02-28,0.078291774,XGBoost
8035,2022-02-28,0.08599646,XGBoost
8036,2022-02-28,0.25259906,XGBoost
8037,2022-02-28,0.07771827,XGBoost
8038,2022-02-28,0.21975559,XGBoost
8039,2022-02-28,0.23359539,XGBoost
804,2022-02-28,0.08293292,XGBoost
8040,2022-02-28,0.22900993,XGBoost
8041,2022-02-28,0.08195486,XGBoost
8042,2022-02-28,0.08458632,XGBoost
8043,2022-02-28,0.24212907,XGBoost
8044,2022-02-28,0.07275574,XGBoost
8045,2022-02-28,0.21327318,XGBoost
8046,2022-02-28,0.0777882,XGBoost
8047,2022-02-28,0.07885197,XGBoost
8048,2022-02-28,0.23961386,XGBoost
8049,2022-02-28,0.07244762,XGBoost
805,2022-02-28,0.2469237,XGBoost
8050,2022-02-28,0.0713262,XGBoost
8051,2022-02-28,0.0829619,XGBoost
8052,2022-02-28,0.084890336,XGBoost
8053,2022-02-28,0.072389096,XGBoost
8054,2022-02-28,0.086611494,XGBoost
8055,2022-02-28,0.08768338,XGBoost
8056,2022-02-28,0.070098504,XGBoost
8057,2022-02-28,0.23614855,XGBoost
8058,2022-02-28,0.08686652,XGBoost
8059,2022-02-28,0.2539944,XGBoost
806,2022-02-28,0.0831691,XGBoost
8060,2022-02-28,0.2202354,XGBoost
8061,2022-02-28,0.06502843,XGBoost
8062,2022-02-28,0.080857,XGBoost
8063,2022-02-28,0.07008799,XGBoost
8064,2022-02-28,0.24390906,XGBoost
8065,2022-02-28,0.24271353,XGBoost
8066,2022-02-28,0.21824728,XGBoost
8067,2022-02-28,0.08605132,XGBoost
8068,2022-02-28,0.086049944,XGBoost
8069,2022-02-28,0.079701595,XGBoost
807,2022-02-28,0.21113443,XGBoost
8070,2022-02-28,0.08288192,XGBoost
8071,2022-02-28,0.21447773,XGBoost
8072,2022-02-28,0.068611324,XGBoost
8073,2022-02-28,0.21760243,XGBoost
8074,2022-02-28,0.08470757,XGBoost
8075,2022-02-28,0.23609449,XGBoost
8076,2022-02-28,0.08294319,XGBoost
8077,2022-02-28,0.23887262,XGBoost
8078,2022-02-28,0.22006859,XGBoost
8079,2022-02-28,0.07593698,XGBoost
808,2022-02-28,0.24065046,XGBoost
8080,2022-02-28,0.07146501,XGBoost
8081,2022-02-28,0.23972316,XGBoost
8082,2022-02-28,0.08421269,XGBoost
8083,2022-02-28,0.084072225,XGBoost
8084,2022-02-28,0.23928942,XGBoost
8085,2022-02-28,0.24904642,XGBoost
8086,2022-02-28,0.08630404,XGBoost
8087,2022-02-28,0.210365,XGBoost
8088,2022-02-28,0.23359405,XGBoost
8089,2022-02-28,0.08605901,XGBoost
809,2022-02-28,0.080719806,XGBoost
8090,2022-02-28,0.08037911,XGBoost
8091,2022-02-28,0.24142128,XGBoost
8092,2022-02-28,0.23583303,XGBoost
8093,2022-02-28,0.082152724,XGBoost
8094,2022-02-28,0.0772771,XGBoost
8095,2022-02-28,0.08362309,XGBoost
8096,2022-02-28,0.22385202,XGBoost
8097,2022-02-28,0.079652525,XGBoost
8098,2022-02-28,0.23784873,XGBoost
8099,2022-02-28,0.24097982,XGBoost
81,2022-02-28,0.0844908,XGBoost
810,2022-02-28,0.22825602,XGBoost
8100,2022-02-28,0.2392679,XGBoost
8101,2022-02-28,0.083059445,XGBoost
8102,2022-02-28,0.0843058,XGBoost
8103,2022-02-28,0.06960801,XGBoost
8104,2022-02-28,0.22982304,XGBoost
8105,2022-02-28,0.07864279,XGBoost
8106,2022-02-28,0.20426682,XGBoost
8107,2022-02-28,0.07765159,XGBoost
8108,2022-02-28,0.07086414,XGBoost
8109,2022-02-28,0.229547,XGBoost
811,2022-02-28,0.22890896,XGBoost
8110,2022-02-28,0.082500555,XGBoost
8111,2022-02-28,0.21119577,XGBoost
8112,2022-02-28,0.20709762,XGBoost
8113,2022-02-28,0.08524064,XGBoost
8114,2022-02-28,0.087360255,XGBoost
8115,2022-02-28,0.082286835,XGBoost
8116,2022-02-28,0.24530318,XGBoost
8117,2022-02-28,0.20028123,XGBoost
8118,2022-02-28,0.08198117,XGBoost
8119,2022-02-28,0.08068956,XGBoost
812,2022-02-28,0.22740084,XGBoost
8120,2022-02-28,0.22780399,XGBoost
8121,2022-02-28,0.08694642,XGBoost
8122,2022-02-28,0.22603743,XGBoost
8123,2022-02-28,0.2425242,XGBoost
8124,2022-02-28,0.07097368,XGBoost
8125,2022-02-28,0.23359706,XGBoost
8126,2022-02-28,0.07773411,XGBoost
8127,2022-02-28,0.082360804,XGBoost
8128,2022-02-28,0.085457504,XGBoost
8129,2022-02-28,0.082089104,XGBoost
813,2022-02-28,0.07835668,XGBoost
8130,2022-02-28,0.24576528,XGBoost
8131,2022-02-28,0.24394211,XGBoost
8132,2022-02-28,0.23431022,XGBoost
8133,2022-02-28,0.22685026,XGBoost
8134,2022-02-28,0.08664411,XGBoost
8135,2022-02-28,0.070925996,XGBoost
8136,2022-02-28,0.23011912,XGBoost
8137,2022-02-28,0.0808126,XGBoost
8138,2022-02-28,0.22360839,XGBoost
8139,2022-02-28,0.23642725,XGBoost
814,2022-02-28,0.21838227,XGBoost
8140,2022-02-28,0.2389068,XGBoost
8141,2022-02-28,0.20347966,XGBoost
8142,2022-02-28,0.07868176,XGBoost
8143,2022-02-28,0.075953685,XGBoost
8144,2022-02-28,0.08515568,XGBoost
8145,2022-02-28,0.2524196,XGBoost
8146,2022-02-28,0.0839113,XGBoost
8147,2022-02-28,0.07122119,XGBoost
8148,2022-02-28,0.07858903,XGBoost
8149,2022-02-28,0.21117155,XGBoost
815,2022-02-28,0.084366135,XGBoost
8150,2022-02-28,0.23048717,XGBoost
8151,2022-02-28,0.073273726,XGBoost
8152,2022-02-28,0.07075253,XGBoost
8153,2022-02-28,0.22403485,XGBoost
8154,2022-02-28,0.077929966,XGBoost
8155,2022-02-28,0.08519256,XGBoost
8156,2022-02-28,0.07948811,XGBoost
8157,2022-02-28,0.08761226,XGBoost
8158,2022-02-28,0.08711588,XGBoost
8159,2022-02-28,0.08091117,XGBoost
816,2022-02-28,0.069399476,XGBoost
8160,2022-02-28,0.08687157,XGBoost
8161,2022-02-28,0.22550623,XGBoost
8162,2022-02-28,0.21710843,XGBoost
8163,2022-02-28,0.21732052,XGBoost
8164,2022-02-28,0.08726231,XGBoost
8165,2022-02-28,0.24163276,XGBoost
8166,2022-02-28,0.07024361,XGBoost
8167,2022-02-28,0.24557664,XGBoost
8168,2022-02-28,0.25161985,XGBoost
8169,2022-02-28,0.2275011,XGBoost
817,2022-02-28,0.08307116,XGBoost
8170,2022-02-28,0.23969853,XGBoost
8171,2022-02-28,0.20535325,XGBoost
8172,2022-02-28,0.21669233,XGBoost
8173,2022-02-28,0.072947316,XGBoost
8174,2022-02-28,0.24050719,XGBoost
8175,2022-02-28,0.07141222,XGBoost
8176,2022-02-28,0.082441874,XGBoost
8177,2022-02-28,0.07235694,XGBoost
8178,2022-02-28,0.07366798,XGBoost
8179,2022-02-28,0.07372173,XGBoost
818,2022-02-28,0.07064085,XGBoost
8180,2022-02-28,0.2318622,XGBoost
8181,2022-02-28,0.2170714,XGBoost
8182,2022-02-28,0.0817184,XGBoost
8183,2022-02-28,0.0819998,XGBoost
8184,2022-02-28,0.08505319,XGBoost
8185,2022-02-28,0.21554145,XGBoost
8186,2022-02-28,0.08409858,XGBoost
8187,2022-02-28,0.25682083,XGBoost
8188,2022-02-28,0.07743326,XGBoost
8189,2022-02-28,0.087462306,XGBoost
819,2022-02-28,0.22579315,XGBoost
8190,2022-02-28,0.07707667,XGBoost
8191,2022-02-28,0.2457743,XGBoost
8192,2022-02-28,0.08139482,XGBoost
8193,2022-02-28,0.23998038,XGBoost
8194,2022-02-28,0.2475922,XGBoost
8195,2022-02-28,0.08939178,XGBoost
8196,2022-02-28,0.074715465,XGBoost
8197,2022-02-28,0.08542377,XGBoost
8198,2022-02-28,0.088601075,XGBoost
8199,2022-02-28,0.08561782,XGBoost
82,2022-02-28,0.079348214,XGBoost
820,2022-02-28,0.08487596,XGBoost
8200,2022-02-28,0.075833224,XGBoost
8201,2022-02-28,0.24058409,XGBoost
8202,2022-02-28,0.079599686,XGBoost
8203,2022-02-28,0.23595509,XGBoost
8204,2022-02-28,0.2429749,XGBoost
8205,2022-02-28,0.23518367,XGBoost
8206,2022-02-28,0.23268983,XGBoost
8207,2022-02-28,0.08741485,XGBoost
8208,2022-02-28,0.21773109,XGBoost
8209,2022-02-28,0.08030189,XGBoost
821,2022-02-28,0.07702675,XGBoost
8210,2022-02-28,0.07855813,XGBoost
8211,2022-02-28,0.07185591,XGBoost
8212,2022-02-28,0.24404716,XGBoost
8213,2022-02-28,0.08047587,XGBoost
8214,2022-02-28,0.06879765,XGBoost
8215,2022-02-28,0.23110707,XGBoost
8216,2022-02-28,0.07672775,XGBoost
8217,2022-02-28,0.21476538,XGBoost
8218,2022-02-28,0.086194575,XGBoost
8219,2022-02-28,0.07879243,XGBoost
822,2022-02-28,0.08449378,XGBoost
8220,2022-02-28,0.08820202,XGBoost
8221,2022-02-28,0.0845025,XGBoost
8222,2022-02-28,0.08441777,XGBoost
8223,2022-02-28,0.078698695,XGBoost
8224,2022-02-28,0.081449695,XGBoost
8225,2022-02-28,0.07875277,XGBoost
8226,2022-02-28,0.22871722,XGBoost
8227,2022-02-28,0.08536247,XGBoost
8228,2022-02-28,0.080277756,XGBoost
8229,2022-02-28,0.23581886,XGBoost
823,2022-02-28,0.08349661,XGBoost
8230,2022-02-28,0.2322058,XGBoost
8231,2022-02-28,0.2268824,XGBoost
8232,2022-02-28,0.23469675,XGBoost
8233,2022-02-28,0.22831357,XGBoost
8234,2022-02-28,0.08079664,XGBoost
8235,2022-02-28,0.24629201,XGBoost
8236,2022-02-28,0.25600553,XGBoost
8237,2022-02-28,0.2319244,XGBoost
8238,2022-02-28,0.23907371,XGBoost
8239,2022-02-28,0.23685154,XGBoost
824,2022-02-28,0.083139904,XGBoost
8240,2022-02-28,0.08045628,XGBoost
8241,2022-02-28,0.07517534,XGBoost
8242,2022-02-28,0.084577866,XGBoost
8243,2022-02-28,0.24143013,XGBoost
8244,2022-02-28,0.086726464,XGBoost
8245,2022-02-28,0.071190275,XGBoost
8246,2022-02-28,0.08503015,XGBoost
8247,2022-02-28,0.08415914,XGBoost
8248,2022-02-28,0.08568514,XGBoost
8249,2022-02-28,0.08225787,XGBoost
825,2022-02-28,0.2783949,XGBoost
8250,2022-02-28,0.083938815,XGBoost
8251,2022-02-28,0.078034975,XGBoost
8252,2022-02-28,0.071622826,XGBoost
8253,2022-02-28,0.07990376,XGBoost
8254,2022-02-28,0.082787514,XGBoost
8255,2022-02-28,0.07753676,XGBoost
8256,2022-02-28,0.07571476,XGBoost
8257,2022-02-28,0.22800662,XGBoost
8258,2022-02-28,0.07902898,XGBoost
8259,2022-02-28,0.23716733,XGBoost
826,2022-02-28,0.24669331,XGBoost
8260,2022-02-28,0.07889231,XGBoost
8261,2022-02-28,0.24302265,XGBoost
8262,2022-02-28,0.21370427,XGBoost
8263,2022-02-28,0.21335647,XGBoost
8264,2022-02-28,0.2413218,XGBoost
8265,2022-02-28,0.08363189,XGBoost
8266,2022-02-28,0.0811327,XGBoost
8267,2022-02-28,0.08107757,XGBoost
8268,2022-02-28,0.08182986,XGBoost
8269,2022-02-28,0.20426564,XGBoost
827,2022-02-28,0.07959258,XGBoost
8270,2022-02-28,0.241896,XGBoost
8271,2022-02-28,0.08372583,XGBoost
8272,2022-02-28,0.07761782,XGBoost
8273,2022-02-28,0.22491108,XGBoost
8274,2022-02-28,0.0819395,XGBoost
8275,2022-02-28,0.07060212,XGBoost
8276,2022-02-28,0.082930826,XGBoost
8277,2022-02-28,0.22925928,XGBoost
8278,2022-02-28,0.0878682,XGBoost
8279,2022-02-28,0.21971902,XGBoost
828,2022-02-28,0.07187403,XGBoost
8280,2022-02-28,0.08176499,XGBoost
8281,2022-02-28,0.23377444,XGBoost
8282,2022-02-28,0.20950219,XGBoost
8283,2022-02-28,0.08349221,XGBoost
8284,2022-02-28,0.08516353,XGBoost
8285,2022-02-28,0.2474921,XGBoost
8286,2022-02-28,0.0833222,XGBoost
8287,2022-02-28,0.22746162,XGBoost
8288,2022-02-28,0.06783045,XGBoost
8289,2022-02-28,0.080684096,XGBoost
829,2022-02-28,0.21398322,XGBoost
8290,2022-02-28,0.079479516,XGBoost
8291,2022-02-28,0.23487039,XGBoost
8292,2022-02-28,0.08365537,XGBoost
8293,2022-02-28,0.08127487,XGBoost
8294,2022-02-28,0.23715739,XGBoost
8295,2022-02-28,0.110897414,XGBoost
8296,2022-02-28,0.07085841,XGBoost
8297,2022-02-28,0.0795812,XGBoost
8298,2022-02-28,0.08711642,XGBoost
8299,2022-02-28,0.083138354,XGBoost
83,2022-02-28,0.07180918,XGBoost
830,2022-02-28,0.21787575,XGBoost
8300,2022-02-28,0.087369174,XGBoost
8301,2022-02-28,0.22002964,XGBoost
8302,2022-02-28,0.24306853,XGBoost
8303,2022-02-28,0.0787965,XGBoost
8304,2022-02-28,0.08179804,XGBoost
8305,2022-02-28,0.22824842,XGBoost
8306,2022-02-28,0.26944816,XGBoost
8307,2022-02-28,0.25181362,XGBoost
8308,2022-02-28,0.2214859,XGBoost
8309,2022-02-28,0.078510426,XGBoost
831,2022-02-28,0.07943549,XGBoost
8310,2022-02-28,0.07213702,XGBoost
8311,2022-02-28,0.08192903,XGBoost
8312,2022-02-28,0.08338399,XGBoost
8313,2022-02-28,0.083982885,XGBoost
8314,2022-02-28,0.22580455,XGBoost
8315,2022-02-28,0.08899117,XGBoost
8316,2022-02-28,0.22513446,XGBoost
8317,2022-02-28,0.07893014,XGBoost
8318,2022-02-28,0.2243987,XGBoost
8319,2022-02-28,0.086048104,XGBoost
832,2022-02-28,0.23565842,XGBoost
8320,2022-02-28,0.085684724,XGBoost
8321,2022-02-28,0.086596005,XGBoost
8322,2022-02-28,0.08614681,XGBoost
8323,2022-02-28,0.22954683,XGBoost
8324,2022-02-28,0.23740806,XGBoost
8325,2022-02-28,0.08264993,XGBoost
8326,2022-02-28,0.08621182,XGBoost
8327,2022-02-28,0.08316111,XGBoost
8328,2022-02-28,0.23370041,XGBoost
8329,2022-02-28,0.22648369,XGBoost
833,2022-02-28,0.20999053,XGBoost
8330,2022-02-28,0.08005872,XGBoost
8331,2022-02-28,0.25454396,XGBoost
8332,2022-02-28,0.08418553,XGBoost
8333,2022-02-28,0.20615026,XGBoost
8334,2022-02-28,0.083669506,XGBoost
8335,2022-02-28,0.084150046,XGBoost
8336,2022-02-28,0.08299164,XGBoost
8337,2022-02-28,0.08011575,XGBoost
8338,2022-02-28,0.08702778,XGBoost
8339,2022-02-28,0.23438735,XGBoost
834,2022-02-28,0.079482354,XGBoost
8340,2022-02-28,0.24117051,XGBoost
8341,2022-02-28,0.07767292,XGBoost
8342,2022-02-28,0.08208533,XGBoost
8343,2022-02-28,0.06750449,XGBoost
8344,2022-02-28,0.23558775,XGBoost
8345,2022-02-28,0.14244662,XGBoost
8346,2022-02-28,0.20206513,XGBoost
8347,2022-02-28,0.19473346,XGBoost
8348,2022-02-28,0.20465258,XGBoost
8349,2022-02-28,0.073778555,XGBoost
835,2022-02-28,0.23718993,XGBoost
8350,2022-02-28,0.08139539,XGBoost
8351,2022-02-28,0.07323095,XGBoost
8352,2022-02-28,0.0871812,XGBoost
8353,2022-02-28,0.21635577,XGBoost
8354,2022-02-28,0.082082056,XGBoost
8355,2022-02-28,0.08319511,XGBoost
8356,2022-02-28,0.08939128,XGBoost
8357,2022-02-28,0.076202765,XGBoost
8358,2022-02-28,0.072368346,XGBoost
8359,2022-02-28,0.0701869,XGBoost
836,2022-02-28,0.0800249,XGBoost
8360,2022-02-28,0.08588294,XGBoost
8361,2022-02-28,0.08550557,XGBoost
8362,2022-02-28,0.08221272,XGBoost
8363,2022-02-28,0.21668707,XGBoost
8364,2022-02-28,0.08582411,XGBoost
8365,2022-02-28,0.08663856,XGBoost
8366,2022-02-28,0.23274446,XGBoost
8367,2022-02-28,0.08169702,XGBoost
8368,2022-02-28,0.24302183,XGBoost
8369,2022-02-28,0.079536095,XGBoost
837,2022-02-28,0.077281356,XGBoost
8370,2022-02-28,0.08580797,XGBoost
8371,2022-02-28,0.22263093,XGBoost
8372,2022-02-28,0.07919897,XGBoost
8373,2022-02-28,0.08221528,XGBoost
8374,2022-02-28,0.08182654,XGBoost
8375,2022-02-28,0.23781756,XGBoost
8376,2022-02-28,0.08480467,XGBoost
8377,2022-02-28,0.22047202,XGBoost
8378,2022-02-28,0.2513708,XGBoost
8379,2022-02-28,0.080431335,XGBoost
838,2022-02-28,0.24249771,XGBoost
8380,2022-02-28,0.0792295,XGBoost
8381,2022-02-28,0.22906797,XGBoost
8382,2022-02-28,0.20657176,XGBoost
8383,2022-02-28,0.08466844,XGBoost
8384,2022-02-28,0.08064012,XGBoost
8385,2022-02-28,0.24511918,XGBoost
8386,2022-02-28,0.22585185,XGBoost
8387,2022-02-28,0.084495604,XGBoost
8388,2022-02-28,0.23926514,XGBoost
8389,2022-02-28,0.077827044,XGBoost
839,2022-02-28,0.084163554,XGBoost
8390,2022-02-28,0.08252932,XGBoost
8391,2022-02-28,0.22113167,XGBoost
8392,2022-02-28,0.08171261,XGBoost
8393,2022-02-28,0.23548578,XGBoost
8394,2022-02-28,0.07686307,XGBoost
8395,2022-02-28,0.22611573,XGBoost
8396,2022-02-28,0.23604876,XGBoost
8397,2022-02-28,0.08353709,XGBoost
8398,2022-02-28,0.087153,XGBoost
8399,2022-02-28,0.24358629,XGBoost
84,2022-02-28,0.0870451,XGBoost
840,2022-02-28,0.22079448,XGBoost
8400,2022-02-28,0.22850455,XGBoost
8401,2022-02-28,0.07088505,XGBoost
8402,2022-02-28,0.084538326,XGBoost
8403,2022-02-28,0.24158905,XGBoost
8404,2022-02-28,0.21499269,XGBoost
8405,2022-02-28,0.08650134,XGBoost
8406,2022-02-28,0.072901405,XGBoost
8407,2022-02-28,0.22610193,XGBoost
8408,2022-02-28,0.08141988,XGBoost
8409,2022-02-28,0.079454094,XGBoost
841,2022-02-28,0.08203102,XGBoost
8410,2022-02-28,0.08605871,XGBoost
8411,2022-02-28,0.07988841,XGBoost
8412,2022-02-28,0.08990754,XGBoost
8413,2022-02-28,0.06293067,XGBoost
8414,2022-02-28,0.08191271,XGBoost
8415,2022-02-28,0.24594207,XGBoost
8416,2022-02-28,0.07765646,XGBoost
8417,2022-02-28,0.078527264,XGBoost
8418,2022-02-28,0.21060313,XGBoost
8419,2022-02-28,0.07318225,XGBoost
842,2022-02-28,0.2343116,XGBoost
8420,2022-02-28,0.21882898,XGBoost
8421,2022-02-28,0.079916246,XGBoost
8422,2022-02-28,0.22176787,XGBoost
8423,2022-02-28,0.22018142,XGBoost
8424,2022-02-28,0.07699733,XGBoost
8425,2022-02-28,0.083184615,XGBoost
8426,2022-02-28,0.07931868,XGBoost
8427,2022-02-28,0.08654603,XGBoost
8428,2022-02-28,0.21717167,XGBoost
8429,2022-02-28,0.0693082,XGBoost
843,2022-02-28,0.23440425,XGBoost
8430,2022-02-28,0.083331846,XGBoost
8431,2022-02-28,0.22173148,XGBoost
8432,2022-02-28,0.22611402,XGBoost
8433,2022-02-28,0.23501328,XGBoost
8434,2022-02-28,0.08227803,XGBoost
8435,2022-02-28,0.08539672,XGBoost
8436,2022-02-28,0.07747622,XGBoost
8437,2022-02-28,0.07887104,XGBoost
8438,2022-02-28,0.21696192,XGBoost
8439,2022-02-28,0.084752716,XGBoost
844,2022-02-28,0.24682018,XGBoost
8440,2022-02-28,0.22332954,XGBoost
8441,2022-02-28,0.08313515,XGBoost
8442,2022-02-28,0.23960069,XGBoost
8443,2022-02-28,0.21742916,XGBoost
8444,2022-02-28,0.07152199,XGBoost
8445,2022-02-28,0.23556721,XGBoost
8446,2022-02-28,0.20702633,XGBoost
8447,2022-02-28,0.08159518,XGBoost
8448,2022-02-28,0.08283616,XGBoost
8449,2022-02-28,0.23534755,XGBoost
845,2022-02-28,0.21411638,XGBoost
8450,2022-02-28,0.23386909,XGBoost
8451,2022-02-28,0.08686777,XGBoost
8452,2022-02-28,0.20392922,XGBoost
8453,2022-02-28,0.24712612,XGBoost
8454,2022-02-28,0.08606579,XGBoost
8455,2022-02-28,0.07335205,XGBoost
8456,2022-02-28,0.22919884,XGBoost
8457,2022-02-28,0.23300338,XGBoost
8458,2022-02-28,0.2364466,XGBoost
8459,2022-02-28,0.08485306,XGBoost
846,2022-02-28,0.07872737,XGBoost
8460,2022-02-28,0.079918616,XGBoost
8461,2022-02-28,0.2295937,XGBoost
8462,2022-02-28,0.08653203,XGBoost
8463,2022-02-28,0.076101035,XGBoost
8464,2022-02-28,0.23735502,XGBoost
8465,2022-02-28,0.08510055,XGBoost
8466,2022-02-28,0.08039947,XGBoost
8467,2022-02-28,0.22955883,XGBoost
8468,2022-02-28,0.07862437,XGBoost
8469,2022-02-28,0.2439269,XGBoost
847,2022-02-28,0.08518377,XGBoost
8470,2022-02-28,0.08416374,XGBoost
8471,2022-02-28,0.08239307,XGBoost
8472,2022-02-28,0.2295152,XGBoost
8473,2022-02-28,0.21841913,XGBoost
8474,2022-02-28,0.078639835,XGBoost
8475,2022-02-28,0.08391842,XGBoost
8476,2022-02-28,0.080299534,XGBoost
8477,2022-02-28,0.084537394,XGBoost
8478,2022-02-28,0.08436629,XGBoost
8479,2022-02-28,0.25094888,XGBoost
848,2022-02-28,0.08099245,XGBoost
8480,2022-02-28,0.078763835,XGBoost
8481,2022-02-28,0.07875418,XGBoost
8482,2022-02-28,0.074131556,XGBoost
8483,2022-02-28,0.22178827,XGBoost
8484,2022-02-28,0.07696388,XGBoost
8485,2022-02-28,0.07538752,XGBoost
8486,2022-02-28,0.24241543,XGBoost
8487,2022-02-28,0.07798472,XGBoost
8488,2022-02-28,0.22899751,XGBoost
8489,2022-02-28,0.08579863,XGBoost
849,2022-02-28,0.25831854,XGBoost
8490,2022-02-28,0.07278436,XGBoost
8491,2022-02-28,0.087444924,XGBoost
8492,2022-02-28,0.06996374,XGBoost
8493,2022-02-28,0.08156289,XGBoost
8494,2022-02-28,0.07109017,XGBoost
8495,2022-02-28,0.0712265,XGBoost
8496,2022-02-28,0.08166639,XGBoost
8497,2022-02-28,0.25212604,XGBoost
8498,2022-02-28,0.08854158,XGBoost
8499,2022-02-28,0.08380812,XGBoost
85,2022-02-28,0.082875304,XGBoost
850,2022-02-28,0.07703818,XGBoost
8500,2022-02-28,0.071898,XGBoost
8501,2022-02-28,0.23007044,XGBoost
8502,2022-02-28,0.085099116,XGBoost
8503,2022-02-28,0.08374161,XGBoost
8504,2022-02-28,0.23038416,XGBoost
8505,2022-02-28,0.08491185,XGBoost
8506,2022-02-28,0.21582071,XGBoost
8507,2022-02-28,0.08314419,XGBoost
8508,2022-02-28,0.06889025,XGBoost
8509,2022-02-28,0.0827176,XGBoost
851,2022-02-28,0.2175424,XGBoost
8510,2022-02-28,0.25619602,XGBoost
8511,2022-02-28,0.08489293,XGBoost
8512,2022-02-28,0.22442798,XGBoost
8513,2022-02-28,0.070111,XGBoost
8514,2022-02-28,0.23025955,XGBoost
8515,2022-02-28,0.08515152,XGBoost
8516,2022-02-28,0.070900716,XGBoost
8517,2022-02-28,0.077197045,XGBoost
8518,2022-02-28,0.08842593,XGBoost
8519,2022-02-28,0.25196105,XGBoost
852,2022-02-28,0.07353383,XGBoost
8520,2022-02-28,0.23412666,XGBoost
8521,2022-02-28,0.08648331,XGBoost
8522,2022-02-28,0.20416215,XGBoost
8523,2022-02-28,0.08033292,XGBoost
8524,2022-02-28,0.07915072,XGBoost
8525,2022-02-28,0.083291985,XGBoost
8526,2022-02-28,0.22003734,XGBoost
8527,2022-02-28,0.08284453,XGBoost
8528,2022-02-28,0.08299994,XGBoost
8529,2022-02-28,0.07964279,XGBoost
853,2022-02-28,0.0640962,XGBoost
8530,2022-02-28,0.08576986,XGBoost
8531,2022-02-28,0.23869221,XGBoost
8532,2022-02-28,0.19633004,XGBoost
8533,2022-02-28,0.08704867,XGBoost
8534,2022-02-28,0.23430716,XGBoost
8535,2022-02-28,0.07124407,XGBoost
8536,2022-02-28,0.24377024,XGBoost
8537,2022-02-28,0.08637969,XGBoost
8538,2022-02-28,0.23088461,XGBoost
8539,2022-02-28,0.08401811,XGBoost
854,2022-02-28,0.25207022,XGBoost
8540,2022-02-28,0.22145787,XGBoost
8541,2022-02-28,0.2067457,XGBoost
8542,2022-02-28,0.08362655,XGBoost
8543,2022-02-28,0.08052466,XGBoost
8544,2022-02-28,0.076774314,XGBoost
8545,2022-02-28,0.07986983,XGBoost
8546,2022-02-28,0.07776567,XGBoost
8547,2022-02-28,0.21040626,XGBoost
8548,2022-02-28,0.08463428,XGBoost
8549,2022-02-28,0.08239205,XGBoost
855,2022-02-28,0.08722042,XGBoost
8550,2022-02-28,0.07113314,XGBoost
8551,2022-02-28,0.22544543,XGBoost
8552,2022-02-28,0.081125334,XGBoost
8553,2022-02-28,0.07343138,XGBoost
8554,2022-02-28,0.08148899,XGBoost
8555,2022-02-28,0.086276144,XGBoost
8556,2022-02-28,0.08231333,XGBoost
8557,2022-02-28,0.08754526,XGBoost
8558,2022-02-28,0.086612135,XGBoost
8559,2022-02-28,0.21981111,XGBoost
856,2022-02-28,0.08567513,XGBoost
8560,2022-02-28,0.072981074,XGBoost
8561,2022-02-28,0.08825508,XGBoost
8562,2022-02-28,0.069754004,XGBoost
8563,2022-02-28,0.06843766,XGBoost
8564,2022-02-28,0.08418117,XGBoost
8565,2022-02-28,0.081516184,XGBoost
8566,2022-02-28,0.23570846,XGBoost
8567,2022-02-28,0.07225248,XGBoost
8568,2022-02-28,0.08576775,XGBoost
8569,2022-02-28,0.075928,XGBoost
857,2022-02-28,0.21231231,XGBoost
8570,2022-02-28,0.071038455,XGBoost
8571,2022-02-28,0.23399532,XGBoost
8572,2022-02-28,0.070356995,XGBoost
8573,2022-02-28,0.23348545,XGBoost
8574,2022-02-28,0.24624795,XGBoost
8575,2022-02-28,0.07060177,XGBoost
8576,2022-02-28,0.26612362,XGBoost
8577,2022-02-28,0.08345868,XGBoost
8578,2022-02-28,0.2558915,XGBoost
8579,2022-02-28,0.08079188,XGBoost
858,2022-02-28,0.2128322,XGBoost
8580,2022-02-28,0.06927263,XGBoost
8581,2022-02-28,0.0832512,XGBoost
8582,2022-02-28,0.08071537,XGBoost
8583,2022-02-28,0.08619047,XGBoost
8584,2022-02-28,0.08065309,XGBoost
8585,2022-02-28,0.22100547,XGBoost
8586,2022-02-28,0.08425821,XGBoost
8587,2022-02-28,0.08076855,XGBoost
8588,2022-02-28,0.23091567,XGBoost
8589,2022-02-28,0.07824614,XGBoost
859,2022-02-28,0.22976497,XGBoost
8590,2022-02-28,0.08231722,XGBoost
8591,2022-02-28,0.08232564,XGBoost
8592,2022-02-28,0.073606834,XGBoost
8593,2022-02-28,0.08087549,XGBoost
8594,2022-02-28,0.0699007,XGBoost
8595,2022-02-28,0.08297174,XGBoost
8596,2022-02-28,0.065750256,XGBoost
8597,2022-02-28,0.21983087,XGBoost
8598,2022-02-28,0.0822444,XGBoost
8599,2022-02-28,0.077920675,XGBoost
86,2022-02-28,0.2133882,XGBoost
860,2022-02-28,0.086220264,XGBoost
8600,2022-02-28,0.22633906,XGBoost
8601,2022-02-28,0.23890449,XGBoost
8602,2022-02-28,0.23754993,XGBoost
8603,2022-02-28,0.0778197,XGBoost
8604,2022-02-28,0.07729521,XGBoost
8605,2022-02-28,0.087858245,XGBoost
8606,2022-02-28,0.086368315,XGBoost
8607,2022-02-28,0.2186208,XGBoost
8608,2022-02-28,0.23084867,XGBoost
8609,2022-02-28,0.08195881,XGBoost
861,2022-02-28,0.07975321,XGBoost
8610,2022-02-28,0.21952887,XGBoost
8611,2022-02-28,0.08360509,XGBoost
8612,2022-02-28,0.2316058,XGBoost
8613,2022-02-28,0.08475634,XGBoost
8614,2022-02-28,0.23840933,XGBoost
8615,2022-02-28,0.08094465,XGBoost
8616,2022-02-28,0.066715755,XGBoost
8617,2022-02-28,0.19716907,XGBoost
8618,2022-02-28,0.07425816,XGBoost
8619,2022-02-28,0.25606838,XGBoost
862,2022-02-28,0.23462625,XGBoost
8620,2022-02-28,0.072311394,XGBoost
8621,2022-02-28,0.2277968,XGBoost
8622,2022-02-28,0.07334595,XGBoost
8623,2022-02-28,0.22880751,XGBoost
8624,2022-02-28,0.08417037,XGBoost
8625,2022-02-28,0.23896007,XGBoost
8626,2022-02-28,0.08158572,XGBoost
8627,2022-02-28,0.07739474,XGBoost
8628,2022-02-28,0.084354974,XGBoost
8629,2022-02-28,0.069849044,XGBoost
863,2022-02-28,0.23519589,XGBoost
8630,2022-02-28,0.23192568,XGBoost
8631,2022-02-28,0.24741347,XGBoost
8632,2022-02-28,0.23360667,XGBoost
8633,2022-02-28,0.07673721,XGBoost
8634,2022-02-28,0.08630299,XGBoost
8635,2022-02-28,0.24719036,XGBoost
8636,2022-02-28,0.22399168,XGBoost
8637,2022-02-28,0.071413994,XGBoost
8638,2022-02-28,0.08617429,XGBoost
8639,2022-02-28,0.235917,XGBoost
864,2022-02-28,0.08435821,XGBoost
8640,2022-02-28,0.07526573,XGBoost
8641,2022-02-28,0.07689487,XGBoost
8642,2022-02-28,0.22593616,XGBoost
8643,2022-02-28,0.22872277,XGBoost
8644,2022-02-28,0.06757086,XGBoost
8645,2022-02-28,0.2318657,XGBoost
8646,2022-02-28,0.08812628,XGBoost
8647,2022-02-28,0.08183123,XGBoost
8648,2022-02-28,0.082250506,XGBoost
8649,2022-02-28,0.068127476,XGBoost
865,2022-02-28,0.08294096,XGBoost
8650,2022-02-28,0.086780995,XGBoost
8651,2022-02-28,0.08329943,XGBoost
8652,2022-02-28,0.21773867,XGBoost
8653,2022-02-28,0.06546383,XGBoost
8654,2022-02-28,0.23516752,XGBoost
8655,2022-02-28,0.24807635,XGBoost
8656,2022-02-28,0.08324939,XGBoost
8657,2022-02-28,0.087057814,XGBoost
8658,2022-02-28,0.08611116,XGBoost
8659,2022-02-28,0.07765834,XGBoost
866,2022-02-28,0.082946666,XGBoost
8660,2022-02-28,0.0882463,XGBoost
8661,2022-02-28,0.25689265,XGBoost
8662,2022-02-28,0.26046053,XGBoost
8663,2022-02-28,0.21879554,XGBoost
8664,2022-02-28,0.22370398,XGBoost
8665,2022-02-28,0.08017048,XGBoost
8666,2022-02-28,0.21285239,XGBoost
8667,2022-02-28,0.2302561,XGBoost
8668,2022-02-28,0.087358326,XGBoost
8669,2022-02-28,0.2406595,XGBoost
867,2022-02-28,0.08150428,XGBoost
8670,2022-02-28,0.24131025,XGBoost
8671,2022-02-28,0.22762504,XGBoost
8672,2022-02-28,0.0823513,XGBoost
8673,2022-02-28,0.08669456,XGBoost
8674,2022-02-28,0.07825873,XGBoost
8675,2022-02-28,0.09065789,XGBoost
8676,2022-02-28,0.22886293,XGBoost
8677,2022-02-28,0.081274584,XGBoost
8678,2022-02-28,0.08038238,XGBoost
8679,2022-02-28,0.24146608,XGBoost
868,2022-02-28,0.07781348,XGBoost
8680,2022-02-28,0.08761588,XGBoost
8681,2022-02-28,0.081552975,XGBoost
8682,2022-02-28,0.076705515,XGBoost
8683,2022-02-28,0.22480504,XGBoost
8684,2022-02-28,0.07833707,XGBoost
8685,2022-02-28,0.08162695,XGBoost
8686,2022-02-28,0.08533164,XGBoost
8687,2022-02-28,0.23822445,XGBoost
8688,2022-02-28,0.08658399,XGBoost
8689,2022-02-28,0.07061047,XGBoost
869,2022-02-28,0.252191,XGBoost
8690,2022-02-28,0.21971358,XGBoost
8691,2022-02-28,0.07367479,XGBoost
8692,2022-02-28,0.08822645,XGBoost
8693,2022-02-28,0.08462909,XGBoost
8694,2022-02-28,0.08337915,XGBoost
8695,2022-02-28,0.08330393,XGBoost
8696,2022-02-28,0.2303054,XGBoost
8697,2022-02-28,0.22954296,XGBoost
8698,2022-02-28,0.15537092,XGBoost
8699,2022-02-28,0.076156564,XGBoost
87,2022-02-28,0.24919468,XGBoost
870,2022-02-28,0.07986939,XGBoost
8700,2022-02-28,0.07853084,XGBoost
8701,2022-02-28,0.2272449,XGBoost
8702,2022-02-28,0.23190306,XGBoost
8703,2022-02-28,0.26519597,XGBoost
8704,2022-02-28,0.084691346,XGBoost
8705,2022-02-28,0.079902425,XGBoost
8706,2022-02-28,0.08521068,XGBoost
8707,2022-02-28,0.086044654,XGBoost
8708,2022-02-28,0.08022448,XGBoost
8709,2022-02-28,0.23115267,XGBoost
871,2022-02-28,0.08596514,XGBoost
8710,2022-02-28,0.22417736,XGBoost
8711,2022-02-28,0.21883278,XGBoost
8712,2022-02-28,0.078749366,XGBoost
8713,2022-02-28,0.074318714,XGBoost
8714,2022-02-28,0.08433717,XGBoost
8715,2022-02-28,0.08048419,XGBoost
8716,2022-02-28,0.08421322,XGBoost
8717,2022-02-28,0.22444253,XGBoost
8718,2022-02-28,0.08292743,XGBoost
8719,2022-02-28,0.087960415,XGBoost
872,2022-02-28,0.230343,XGBoost
8720,2022-02-28,0.07097704,XGBoost
8721,2022-02-28,0.2198843,XGBoost
8722,2022-02-28,0.07759915,XGBoost
8723,2022-02-28,0.081479564,XGBoost
8724,2022-02-28,0.24464649,XGBoost
8725,2022-02-28,0.09959651,XGBoost
8726,2022-02-28,0.1997041,XGBoost
8727,2022-02-28,0.21211734,XGBoost
8728,2022-02-28,0.082676716,XGBoost
8729,2022-02-28,0.08782586,XGBoost
873,2022-02-28,0.0784695,XGBoost
8730,2022-02-28,0.081516445,XGBoost
8731,2022-02-28,0.22526033,XGBoost
8732,2022-02-28,0.08135667,XGBoost
8733,2022-02-28,0.06619266,XGBoost
8734,2022-02-28,0.26113322,XGBoost
8735,2022-02-28,0.23927395,XGBoost
8736,2022-02-28,0.22009465,XGBoost
8737,2022-02-28,0.081114456,XGBoost
8738,2022-02-28,0.08632786,XGBoost
8739,2022-02-28,0.08296377,XGBoost
874,2022-02-28,0.23363048,XGBoost
8740,2022-02-28,0.08445253,XGBoost
8741,2022-02-28,0.083863854,XGBoost
8742,2022-02-28,0.085692585,XGBoost
8743,2022-02-28,0.07740727,XGBoost
8744,2022-02-28,0.086418845,XGBoost
8745,2022-02-28,0.23777954,XGBoost
8746,2022-02-28,0.07475692,XGBoost
8747,2022-02-28,0.24367091,XGBoost
8748,2022-02-28,0.2316295,XGBoost
8749,2022-02-28,0.070842884,XGBoost
875,2022-02-28,0.085046,XGBoost
8750,2022-02-28,0.21520433,XGBoost
8751,2022-02-28,0.0855703,XGBoost
8752,2022-02-28,0.07174632,XGBoost
8753,2022-02-28,0.22333811,XGBoost
8754,2022-02-28,0.08379012,XGBoost
8755,2022-02-28,0.20149793,XGBoost
8756,2022-02-28,0.19018026,XGBoost
8757,2022-02-28,0.08301454,XGBoost
8758,2022-02-28,0.22306122,XGBoost
8759,2022-02-28,0.077035524,XGBoost
876,2022-02-28,0.22812304,XGBoost
8760,2022-02-28,0.086187266,XGBoost
8761,2022-02-28,0.07253969,XGBoost
8762,2022-02-28,0.08135423,XGBoost
8763,2022-02-28,0.08410275,XGBoost
8764,2022-02-28,0.08381425,XGBoost
8765,2022-02-28,0.2192511,XGBoost
8766,2022-02-28,0.2457896,XGBoost
8767,2022-02-28,0.07874103,XGBoost
8768,2022-02-28,0.08111769,XGBoost
8769,2022-02-28,0.07333232,XGBoost
877,2022-02-28,0.2371342,XGBoost
8770,2022-02-28,0.22599897,XGBoost
8771,2022-02-28,0.074311495,XGBoost
8772,2022-02-28,0.0852559,XGBoost
8773,2022-02-28,0.19954264,XGBoost
8774,2022-02-28,0.23806433,XGBoost
8775,2022-02-28,0.23078717,XGBoost
8776,2022-02-28,0.08886795,XGBoost
8777,2022-02-28,0.07528887,XGBoost
8778,2022-02-28,0.22938944,XGBoost
8779,2022-02-28,0.076866224,XGBoost
878,2022-02-28,0.22539423,XGBoost
8780,2022-02-28,0.077024445,XGBoost
8781,2022-02-28,0.0854475,XGBoost
8782,2022-02-28,0.073053144,XGBoost
8783,2022-02-28,0.23873027,XGBoost
8784,2022-02-28,0.23105049,XGBoost
8785,2022-02-28,0.20591518,XGBoost
8786,2022-02-28,0.2305702,XGBoost
8787,2022-02-28,0.08585877,XGBoost
8788,2022-02-28,0.2502132,XGBoost
8789,2022-02-28,0.2346212,XGBoost
879,2022-02-28,0.08056673,XGBoost
8790,2022-02-28,0.22594027,XGBoost
8791,2022-02-28,0.22544205,XGBoost
8792,2022-02-28,0.07830477,XGBoost
8793,2022-02-28,0.23873758,XGBoost
8794,2022-02-28,0.21421388,XGBoost
8795,2022-02-28,0.23973437,XGBoost
8796,2022-02-28,0.23519476,XGBoost
8797,2022-02-28,0.20606081,XGBoost
8798,2022-02-28,0.081506796,XGBoost
8799,2022-02-28,0.24212456,XGBoost
88,2022-02-28,0.25620338,XGBoost
880,2022-02-28,0.21822971,XGBoost
8800,2022-02-28,0.23983501,XGBoost
8801,2022-02-28,0.08407702,XGBoost
8802,2022-02-28,0.20801865,XGBoost
8803,2022-02-28,0.08493331,XGBoost
8804,2022-02-28,0.08383909,XGBoost
8805,2022-02-28,0.2247234,XGBoost
8806,2022-02-28,0.07867091,XGBoost
8807,2022-02-28,0.20251143,XGBoost
8808,2022-02-28,0.079574145,XGBoost
8809,2022-02-28,0.2329031,XGBoost
881,2022-02-28,0.07742072,XGBoost
8810,2022-02-28,0.078385375,XGBoost
8811,2022-02-28,0.24024248,XGBoost
8812,2022-02-28,0.06781079,XGBoost
8813,2022-02-28,0.24252957,XGBoost
8814,2022-02-28,0.24770834,XGBoost
8815,2022-02-28,0.087245904,XGBoost
8816,2022-02-28,0.23904778,XGBoost
8817,2022-02-28,0.07215683,XGBoost
8818,2022-02-28,0.21185414,XGBoost
8819,2022-02-28,0.08337612,XGBoost
882,2022-02-28,0.08489336,XGBoost
8820,2022-02-28,0.2335976,XGBoost
8821,2022-02-28,0.08736563,XGBoost
8822,2022-02-28,0.07160144,XGBoost
8823,2022-02-28,0.24395373,XGBoost
8824,2022-02-28,0.08083774,XGBoost
8825,2022-02-28,0.08055847,XGBoost
8826,2022-02-28,0.07162997,XGBoost
8827,2022-02-28,0.07006363,XGBoost
8828,2022-02-28,0.07050823,XGBoost
8829,2022-02-28,0.24456723,XGBoost
883,2022-02-28,0.08252393,XGBoost
8830,2022-02-28,0.23340562,XGBoost
8831,2022-02-28,0.23411392,XGBoost
8832,2022-02-28,0.2386143,XGBoost
8833,2022-02-28,0.08279419,XGBoost
8834,2022-02-28,0.082649074,XGBoost
8835,2022-02-28,0.2183714,XGBoost
8836,2022-02-28,0.25856104,XGBoost
8837,2022-02-28,0.08646909,XGBoost
8838,2022-02-28,0.07552889,XGBoost
8839,2022-02-28,0.24063113,XGBoost
884,2022-02-28,0.08540997,XGBoost
8840,2022-02-28,0.06855694,XGBoost
8841,2022-02-28,0.08393484,XGBoost
8842,2022-02-28,0.081337765,XGBoost
8843,2022-02-28,0.23664147,XGBoost
8844,2022-02-28,0.07785334,XGBoost
8845,2022-02-28,0.0656479,XGBoost
8846,2022-02-28,0.0793825,XGBoost
8847,2022-02-28,0.23326144,XGBoost
8848,2022-02-28,0.23916423,XGBoost
8849,2022-02-28,0.069211945,XGBoost
885,2022-02-28,0.23798169,XGBoost
8850,2022-02-28,0.07438742,XGBoost
8851,2022-02-28,0.24560782,XGBoost
8852,2022-02-28,0.07700338,XGBoost
8853,2022-02-28,0.08596372,XGBoost
8854,2022-02-28,0.0701934,XGBoost
8855,2022-02-28,0.23058197,XGBoost
8856,2022-02-28,0.23123813,XGBoost
8857,2022-02-28,0.2115814,XGBoost
8858,2022-02-28,0.21740735,XGBoost
8859,2022-02-28,0.23036297,XGBoost
886,2022-02-28,0.083682016,XGBoost
8860,2022-02-28,0.08674782,XGBoost
8861,2022-02-28,0.078755766,XGBoost
8862,2022-02-28,0.07150301,XGBoost
8863,2022-02-28,0.08257595,XGBoost
8864,2022-02-28,0.078652166,XGBoost
8865,2022-02-28,0.07027524,XGBoost
8866,2022-02-28,0.2278911,XGBoost
8867,2022-02-28,0.074616164,XGBoost
8868,2022-02-28,0.08577277,XGBoost
8869,2022-02-28,0.082315736,XGBoost
887,2022-02-28,0.08151026,XGBoost
8870,2022-02-28,0.067768425,XGBoost
8871,2022-02-28,0.0840356,XGBoost
8872,2022-02-28,0.07751138,XGBoost
8873,2022-02-28,0.08347633,XGBoost
8874,2022-02-28,0.07758807,XGBoost
8875,2022-02-28,0.086670466,XGBoost
8876,2022-02-28,0.08679099,XGBoost
8877,2022-02-28,0.22298227,XGBoost
8878,2022-02-28,0.20896064,XGBoost
8879,2022-02-28,0.23471536,XGBoost
888,2022-02-28,0.0867394,XGBoost
8880,2022-02-28,0.23998883,XGBoost
8881,2022-02-28,0.0851131,XGBoost
8882,2022-02-28,0.08425515,XGBoost
8883,2022-02-28,0.21357937,XGBoost
8884,2022-02-28,0.07917102,XGBoost
8885,2022-02-28,0.08770745,XGBoost
8886,2022-02-28,0.23841543,XGBoost
8887,2022-02-28,0.24033567,XGBoost
8888,2022-02-28,0.08260923,XGBoost
8889,2022-02-28,0.07912707,XGBoost
889,2022-02-28,0.21908109,XGBoost
8890,2022-02-28,0.08411043,XGBoost
8891,2022-02-28,0.08540853,XGBoost
8892,2022-02-28,0.073031254,XGBoost
8893,2022-02-28,0.25969037,XGBoost
8894,2022-02-28,0.08372879,XGBoost
8895,2022-02-28,0.22292624,XGBoost
8896,2022-02-28,0.07162855,XGBoost
8897,2022-02-28,0.08046153,XGBoost
8898,2022-02-28,0.085067935,XGBoost
8899,2022-02-28,0.08291351,XGBoost
89,2022-02-28,0.23915517,XGBoost
890,2022-02-28,0.081041954,XGBoost
8900,2022-02-28,0.22137247,XGBoost
8901,2022-02-28,0.07918758,XGBoost
8902,2022-02-28,0.06849019,XGBoost
8903,2022-02-28,0.07921425,XGBoost
8904,2022-02-28,0.20545162,XGBoost
8905,2022-02-28,0.07815183,XGBoost
8906,2022-02-28,0.21384439,XGBoost
8907,2022-02-28,0.08103831,XGBoost
8908,2022-02-28,0.069246314,XGBoost
8909,2022-02-28,0.22933467,XGBoost
891,2022-02-28,0.080552354,XGBoost
8910,2022-02-28,0.207746,XGBoost
8911,2022-02-28,0.22562817,XGBoost
8912,2022-02-28,0.08080312,XGBoost
8913,2022-02-28,0.07525036,XGBoost
8914,2022-02-28,0.2414627,XGBoost
8915,2022-02-28,0.21415372,XGBoost
8916,2022-02-28,0.08056121,XGBoost
8917,2022-02-28,0.08306393,XGBoost
8918,2022-02-28,0.21485442,XGBoost
8919,2022-02-28,0.2185804,XGBoost
892,2022-02-28,0.088569865,XGBoost
8920,2022-02-28,0.087898575,XGBoost
8921,2022-02-28,0.20759867,XGBoost
8922,2022-02-28,0.08376114,XGBoost
8923,2022-02-28,0.086478494,XGBoost
8924,2022-02-28,0.2230562,XGBoost
8925,2022-02-28,0.22634642,XGBoost
8926,2022-02-28,0.08307899,XGBoost
8927,2022-02-28,0.06293256,XGBoost
8928,2022-02-28,0.23429227,XGBoost
8929,2022-02-28,0.088014096,XGBoost
893,2022-02-28,0.07841728,XGBoost
8930,2022-02-28,0.23080884,XGBoost
8931,2022-02-28,0.073415026,XGBoost
8932,2022-02-28,0.08182192,XGBoost
8933,2022-02-28,0.23857106,XGBoost
8934,2022-02-28,0.21600425,XGBoost
8935,2022-02-28,0.0803134,XGBoost
8936,2022-02-28,0.08334689,XGBoost
8937,2022-02-28,0.21730202,XGBoost
8938,2022-02-28,0.086203724,XGBoost
8939,2022-02-28,0.20357276,XGBoost
894,2022-02-28,0.082342856,XGBoost
8940,2022-02-28,0.22131403,XGBoost
8941,2022-02-28,0.2585427,XGBoost
8942,2022-02-28,0.22387359,XGBoost
8943,2022-02-28,0.08503832,XGBoost
8944,2022-02-28,0.23022819,XGBoost
8945,2022-02-28,0.07240359,XGBoost
8946,2022-02-28,0.07014447,XGBoost
8947,2022-02-28,0.24539004,XGBoost
8948,2022-02-28,0.22660755,XGBoost
8949,2022-02-28,0.23184533,XGBoost
895,2022-02-28,0.18899128,XGBoost
8950,2022-02-28,0.25749797,XGBoost
8951,2022-02-28,0.081150874,XGBoost
8952,2022-02-28,0.08320761,XGBoost
8953,2022-02-28,0.08300034,XGBoost
8954,2022-02-28,0.07762344,XGBoost
8955,2022-02-28,0.22283956,XGBoost
8956,2022-02-28,0.085143276,XGBoost
8957,2022-02-28,0.08412446,XGBoost
8958,2022-02-28,0.20045716,XGBoost
8959,2022-02-28,0.086821854,XGBoost
896,2022-02-28,0.2397876,XGBoost
8960,2022-02-28,0.21971309,XGBoost
8961,2022-02-28,0.23305474,XGBoost
8962,2022-02-28,0.07465867,XGBoost
8963,2022-02-28,0.08731322,XGBoost
8964,2022-02-28,0.08219398,XGBoost
8965,2022-02-28,0.08095446,XGBoost
8966,2022-02-28,0.08462576,XGBoost
8967,2022-02-28,0.23548228,XGBoost
8968,2022-02-28,0.2068781,XGBoost
8969,2022-02-28,0.08668887,XGBoost
897,2022-02-28,0.085974395,XGBoost
8970,2022-02-28,0.23346707,XGBoost
8971,2022-02-28,0.0828469,XGBoost
8972,2022-02-28,0.08731131,XGBoost
8973,2022-02-28,0.20900491,XGBoost
8974,2022-02-28,0.23407288,XGBoost
8975,2022-02-28,0.08500514,XGBoost
8976,2022-02-28,0.23962986,XGBoost
8977,2022-02-28,0.2383707,XGBoost
8978,2022-02-28,0.08004572,XGBoost
8979,2022-02-28,0.23012991,XGBoost
898,2022-02-28,0.077700585,XGBoost
8980,2022-02-28,0.23076832,XGBoost
8981,2022-02-28,0.25137165,XGBoost
8982,2022-02-28,0.23203039,XGBoost
8983,2022-02-28,0.087067425,XGBoost
8984,2022-02-28,0.08600836,XGBoost
8985,2022-02-28,0.23695324,XGBoost
8986,2022-02-28,0.082720704,XGBoost
8987,2022-02-28,0.23473495,XGBoost
8988,2022-02-28,0.08534543,XGBoost
8989,2022-02-28,0.077024035,XGBoost
899,2022-02-28,0.084029645,XGBoost
8990,2022-02-28,0.08249698,XGBoost
8991,2022-02-28,0.23259176,XGBoost
8992,2022-02-28,0.07522172,XGBoost
8993,2022-02-28,0.24882972,XGBoost
8994,2022-02-28,0.08155171,XGBoost
8995,2022-02-28,0.08125211,XGBoost
8996,2022-02-28,0.08010207,XGBoost
8997,2022-02-28,0.25078154,XGBoost
8998,2022-02-28,0.20377634,XGBoost
8999,2022-02-28,0.083439015,XGBoost
9,2022-02-28,0.08657001,XGBoost
90,2022-02-28,0.24833533,XGBoost
900,2022-02-28,0.22920413,XGBoost
9000,2022-02-28,0.07713486,XGBoost
9001,2022-02-28,0.08453225,XGBoost
9002,2022-02-28,0.087201245,XGBoost
9003,2022-02-28,0.08099866,XGBoost
9004,2022-02-28,0.22351573,XGBoost
9005,2022-02-28,0.24558695,XGBoost
9006,2022-02-28,0.08417186,XGBoost
9007,2022-02-28,0.21520999,XGBoost
9008,2022-02-28,0.23105592,XGBoost
9009,2022-02-28,0.082420774,XGBoost
901,2022-02-28,0.2298507,XGBoost
9010,2022-02-28,0.21662532,XGBoost
9011,2022-02-28,0.24597156,XGBoost
9012,2022-02-28,0.22983745,XGBoost
9013,2022-02-28,0.27039927,XGBoost
9014,2022-02-28,0.07084882,XGBoost
9015,2022-02-28,0.06423221,XGBoost
9016,2022-02-28,0.06621116,XGBoost
9017,2022-02-28,0.082156196,XGBoost
9018,2022-02-28,0.08878765,XGBoost
9019,2022-02-28,0.25005424,XGBoost
902,2022-02-28,0.08354769,XGBoost
9020,2022-02-28,0.08562216,XGBoost
9021,2022-02-28,0.22240649,XGBoost
9022,2022-02-28,0.08047415,XGBoost
9023,2022-02-28,0.081257366,XGBoost
9024,2022-02-28,0.19939944,XGBoost
9025,2022-02-28,0.20616929,XGBoost
9026,2022-02-28,0.25370795,XGBoost
9027,2022-02-28,0.23751648,XGBoost
9028,2022-02-28,0.26688543,XGBoost
9029,2022-02-28,0.23524612,XGBoost
903,2022-02-28,0.24854083,XGBoost
9030,2022-02-28,0.23648974,XGBoost
9031,2022-02-28,0.2334883,XGBoost
9032,2022-02-28,0.081192106,XGBoost
9033,2022-02-28,0.0688222,XGBoost
9034,2022-02-28,0.081152484,XGBoost
9035,2022-02-28,0.24368855,XGBoost
9036,2022-02-28,0.08183328,XGBoost
9037,2022-02-28,0.0854365,XGBoost
9038,2022-02-28,0.2102414,XGBoost
9039,2022-02-28,0.20650612,XGBoost
904,2022-02-28,0.08337979,XGBoost
9040,2022-02-28,0.08557628,XGBoost
9041,2022-02-28,0.22374888,XGBoost
9042,2022-02-28,0.07051074,XGBoost
9043,2022-02-28,0.08574355,XGBoost
9044,2022-02-28,0.0828806,XGBoost
9045,2022-02-28,0.080465265,XGBoost
9046,2022-02-28,0.07708461,XGBoost
9047,2022-02-28,0.07878403,XGBoost
9048,2022-02-28,0.082724124,XGBoost
9049,2022-02-28,0.083025284,XGBoost
905,2022-02-28,0.25550666,XGBoost
9050,2022-02-28,0.08541958,XGBoost
9051,2022-02-28,0.08396229,XGBoost
9052,2022-02-28,0.23715809,XGBoost
9053,2022-02-28,0.08513472,XGBoost
9054,2022-02-28,0.081011936,XGBoost
9055,2022-02-28,0.07824195,XGBoost
9056,2022-02-28,0.24081339,XGBoost
9057,2022-02-28,0.2560035,XGBoost
9058,2022-02-28,0.085506715,XGBoost
9059,2022-02-28,0.21668212,XGBoost
906,2022-02-28,0.07037112,XGBoost
9060,2022-02-28,0.08557107,XGBoost
9061,2022-02-28,0.08637019,XGBoost
9062,2022-02-28,0.2223005,XGBoost
9063,2022-02-28,0.21902822,XGBoost
9064,2022-02-28,0.2370758,XGBoost
9065,2022-02-28,0.23300292,XGBoost
9066,2022-02-28,0.082652174,XGBoost
9067,2022-02-28,0.07765257,XGBoost
9068,2022-02-28,0.06481216,XGBoost
9069,2022-02-28,0.24414073,XGBoost
907,2022-02-28,0.082953125,XGBoost
9070,2022-02-28,0.20592189,XGBoost
9071,2022-02-28,0.0815703,XGBoost
9072,2022-02-28,0.06380107,XGBoost
9073,2022-02-28,0.086172156,XGBoost
9074,2022-02-28,0.22145146,XGBoost
9075,2022-02-28,0.07934406,XGBoost
9076,2022-02-28,0.08657548,XGBoost
9077,2022-02-28,0.23246258,XGBoost
9078,2022-02-28,0.084813245,XGBoost
9079,2022-02-28,0.2249433,XGBoost
908,2022-02-28,0.06969103,XGBoost
9080,2022-02-28,0.07130719,XGBoost
9081,2022-02-28,0.22076811,XGBoost
9082,2022-02-28,0.06988191,XGBoost
9083,2022-02-28,0.07878588,XGBoost
9084,2022-02-28,0.08422254,XGBoost
9085,2022-02-28,0.08354596,XGBoost
9086,2022-02-28,0.23040432,XGBoost
9087,2022-02-28,0.25332287,XGBoost
9088,2022-02-28,0.21246399,XGBoost
9089,2022-02-28,0.072304346,XGBoost
909,2022-02-28,0.20728977,XGBoost
9090,2022-02-28,0.08192465,XGBoost
9091,2022-02-28,0.07601201,XGBoost
9092,2022-02-28,0.077067494,XGBoost
9093,2022-02-28,0.087233655,XGBoost
9094,2022-02-28,0.22221324,XGBoost
9095,2022-02-28,0.08648828,XGBoost
9096,2022-02-28,0.2434997,XGBoost
9097,2022-02-28,0.23054539,XGBoost
9098,2022-02-28,0.21619724,XGBoost
9099,2022-02-28,0.23656422,XGBoost
91,2022-02-28,0.24118629,XGBoost
910,2022-02-28,0.08672575,XGBoost
9100,2022-02-28,0.068354264,XGBoost
9101,2022-02-28,0.20592082,XGBoost
9102,2022-02-28,0.19500895,XGBoost
9103,2022-02-28,0.22732879,XGBoost
9104,2022-02-28,0.21124627,XGBoost
9105,2022-02-28,0.08337546,XGBoost
9106,2022-02-28,0.22745043,XGBoost
9107,2022-02-28,0.2157917,XGBoost
9108,2022-02-28,0.078124225,XGBoost
9109,2022-02-28,0.21481103,XGBoost
911,2022-02-28,0.23284532,XGBoost
9110,2022-02-28,0.07675672,XGBoost
9111,2022-02-28,0.23033378,XGBoost
9112,2022-02-28,0.07949197,XGBoost
9113,2022-02-28,0.0828548,XGBoost
9114,2022-02-28,0.08743692,XGBoost
9115,2022-02-28,0.23205957,XGBoost
9116,2022-02-28,0.07759797,XGBoost
9117,2022-02-28,0.21808586,XGBoost
9118,2022-02-28,0.24947223,XGBoost
9119,2022-02-28,0.083049744,XGBoost
912,2022-02-28,0.22929625,XGBoost
9120,2022-02-28,0.07963,XGBoost
9121,2022-02-28,0.08692306,XGBoost
9122,2022-02-28,0.082199275,XGBoost
9123,2022-02-28,0.084812865,XGBoost
9124,2022-02-28,0.22432324,XGBoost
9125,2022-02-28,0.22457811,XGBoost
9126,2022-02-28,0.08372019,XGBoost
9127,2022-02-28,0.085544646,XGBoost
9128,2022-02-28,0.082015686,XGBoost
9129,2022-02-28,0.22186926,XGBoost
913,2022-02-28,0.081766024,XGBoost
9130,2022-02-28,0.08159122,XGBoost
9131,2022-02-28,0.21751297,XGBoost
9132,2022-02-28,0.08634558,XGBoost
9133,2022-02-28,0.22147298,XGBoost
9134,2022-02-28,0.24655478,XGBoost
9135,2022-02-28,0.23304293,XGBoost
9136,2022-02-28,0.08271348,XGBoost
9137,2022-02-28,0.23673348,XGBoost
9138,2022-02-28,0.071093164,XGBoost
9139,2022-02-28,0.07633832,XGBoost
914,2022-02-28,0.09420784,XGBoost
9140,2022-02-28,0.07072231,XGBoost
9141,2022-02-28,0.07833581,XGBoost
9142,2022-02-28,0.25599486,XGBoost
9143,2022-02-28,0.23083304,XGBoost
9144,2022-02-28,0.08319435,XGBoost
9145,2022-02-28,0.08683329,XGBoost
9146,2022-02-28,0.25383416,XGBoost
9147,2022-02-28,0.077660315,XGBoost
9148,2022-02-28,0.10367745,XGBoost
9149,2022-02-28,0.083483286,XGBoost
915,2022-02-28,0.22275339,XGBoost
9150,2022-02-28,0.21603376,XGBoost
9151,2022-02-28,0.07374667,XGBoost
9152,2022-02-28,0.23264958,XGBoost
9153,2022-02-28,0.23451583,XGBoost
9154,2022-02-28,0.23923114,XGBoost
9155,2022-02-28,0.22398591,XGBoost
9156,2022-02-28,0.22002643,XGBoost
9157,2022-02-28,0.09141373,XGBoost
9158,2022-02-28,0.2578962,XGBoost
9159,2022-02-28,0.2273108,XGBoost
916,2022-02-28,0.077615164,XGBoost
9160,2022-02-28,0.23232472,XGBoost
9161,2022-02-28,0.08728334,XGBoost
9162,2022-02-28,0.08218274,XGBoost
9163,2022-02-28,0.21471147,XGBoost
9164,2022-02-28,0.080579594,XGBoost
9165,2022-02-28,0.21406086,XGBoost
9166,2022-02-28,0.24311677,XGBoost
9167,2022-02-28,0.08600244,XGBoost
9168,2022-02-28,0.23293509,XGBoost
9169,2022-02-28,0.20136686,XGBoost
917,2022-02-28,0.081283264,XGBoost
9170,2022-02-28,0.082104646,XGBoost
9171,2022-02-28,0.22649439,XGBoost
9172,2022-02-28,0.24930686,XGBoost
9173,2022-02-28,0.2077458,XGBoost
9174,2022-02-28,0.07969823,XGBoost
9175,2022-02-28,0.20790993,XGBoost
9176,2022-02-28,0.07739923,XGBoost
9177,2022-02-28,0.24300241,XGBoost
9178,2022-02-28,0.0818999,XGBoost
9179,2022-02-28,0.08467945,XGBoost
918,2022-02-28,0.23479693,XGBoost
9180,2022-02-28,0.24414533,XGBoost
9181,2022-02-28,0.23085782,XGBoost
9182,2022-02-28,0.2195736,XGBoost
9183,2022-02-28,0.22825906,XGBoost
9184,2022-02-28,0.079631604,XGBoost
9185,2022-02-28,0.082481466,XGBoost
9186,2022-02-28,0.08447378,XGBoost
9187,2022-02-28,0.07806104,XGBoost
9188,2022-02-28,0.21671486,XGBoost
9189,2022-02-28,0.23637846,XGBoost
919,2022-02-28,0.069357105,XGBoost
9190,2022-02-28,0.079641566,XGBoost
9191,2022-02-28,0.23623154,XGBoost
9192,2022-02-28,0.23638216,XGBoost
9193,2022-02-28,0.22205226,XGBoost
9194,2022-02-28,0.22098395,XGBoost
9195,2022-02-28,0.24815838,XGBoost
9196,2022-02-28,0.08449299,XGBoost
9197,2022-02-28,0.08556154,XGBoost
9198,2022-02-28,0.0813841,XGBoost
9199,2022-02-28,0.084492885,XGBoost
92,2022-02-28,0.079531096,XGBoost
920,2022-02-28,0.24478477,XGBoost
9200,2022-02-28,0.07655112,XGBoost
9201,2022-02-28,0.086558186,XGBoost
9202,2022-02-28,0.2311813,XGBoost
9203,2022-02-28,0.08145525,XGBoost
9204,2022-02-28,0.22761017,XGBoost
9205,2022-02-28,0.083534494,XGBoost
9206,2022-02-28,0.1996371,XGBoost
9207,2022-02-28,0.082009025,XGBoost
9208,2022-02-28,0.08486171,XGBoost
9209,2022-02-28,0.2244583,XGBoost
921,2022-02-28,0.2174875,XGBoost
9210,2022-02-28,0.20021668,XGBoost
9211,2022-02-28,0.0843493,XGBoost
9212,2022-02-28,0.23144592,XGBoost
9213,2022-02-28,0.07303074,XGBoost
9214,2022-02-28,0.19343348,XGBoost
9215,2022-02-28,0.07162789,XGBoost
9216,2022-02-28,0.08819531,XGBoost
9217,2022-02-28,0.08443813,XGBoost
9218,2022-02-28,0.08784755,XGBoost
9219,2022-02-28,0.08240329,XGBoost
922,2022-02-28,0.069567055,XGBoost
9220,2022-02-28,0.070417345,XGBoost
9221,2022-02-28,0.2259642,XGBoost
9222,2022-02-28,0.08359769,XGBoost
9223,2022-02-28,0.24532403,XGBoost
9224,2022-02-28,0.22022326,XGBoost
9225,2022-02-28,0.07877011,XGBoost
9226,2022-02-28,0.2042822,XGBoost
9227,2022-02-28,0.0832194,XGBoost
9228,2022-02-28,0.23741499,XGBoost
9229,2022-02-28,0.21876502,XGBoost
923,2022-02-28,0.21397565,XGBoost
9230,2022-02-28,0.22095817,XGBoost
9231,2022-02-28,0.079073355,XGBoost
9232,2022-02-28,0.08631165,XGBoost
9233,2022-02-28,0.06780895,XGBoost
9234,2022-02-28,0.083126485,XGBoost
9235,2022-02-28,0.084103435,XGBoost
9236,2022-02-28,0.23643741,XGBoost
9237,2022-02-28,0.08230016,XGBoost
9238,2022-02-28,0.23290554,XGBoost
9239,2022-02-28,0.07992376,XGBoost
924,2022-02-28,0.20263325,XGBoost
9240,2022-02-28,0.07287075,XGBoost
9241,2022-02-28,0.22437388,XGBoost
9242,2022-02-28,0.23399596,XGBoost
9243,2022-02-28,0.22988665,XGBoost
9244,2022-02-28,0.21109399,XGBoost
9245,2022-02-28,0.23918092,XGBoost
9246,2022-02-28,0.08398415,XGBoost
9247,2022-02-28,0.24636146,XGBoost
9248,2022-02-28,0.21259277,XGBoost
9249,2022-02-28,0.232209,XGBoost
925,2022-02-28,0.07819892,XGBoost
9250,2022-02-28,0.08653557,XGBoost
9251,2022-02-28,0.08333819,XGBoost
9252,2022-02-28,0.22611973,XGBoost
9253,2022-02-28,0.21679032,XGBoost
9254,2022-02-28,0.21328408,XGBoost
9255,2022-02-28,0.08409688,XGBoost
9256,2022-02-28,0.08832434,XGBoost
9257,2022-02-28,0.08555109,XGBoost
9258,2022-02-28,0.25543937,XGBoost
9259,2022-02-28,0.22441289,XGBoost
926,2022-02-28,0.21960032,XGBoost
9260,2022-02-28,0.079932414,XGBoost
9261,2022-02-28,0.063664824,XGBoost
9262,2022-02-28,0.08330511,XGBoost
9263,2022-02-28,0.07762382,XGBoost
9264,2022-02-28,0.07042246,XGBoost
9265,2022-02-28,0.22173364,XGBoost
9266,2022-02-28,0.2312383,XGBoost
9267,2022-02-28,0.08317847,XGBoost
9268,2022-02-28,0.21656886,XGBoost
9269,2022-02-28,0.08293643,XGBoost
927,2022-02-28,0.22029805,XGBoost
9270,2022-02-28,0.07373377,XGBoost
9271,2022-02-28,0.08300751,XGBoost
9272,2022-02-28,0.08399925,XGBoost
9273,2022-02-28,0.2248218,XGBoost
9274,2022-02-28,0.23781233,XGBoost
9275,2022-02-28,0.06876046,XGBoost
9276,2022-02-28,0.23333871,XGBoost
9277,2022-02-28,0.2116082,XGBoost
9278,2022-02-28,0.07113372,XGBoost
9279,2022-02-28,0.21380974,XGBoost
928,2022-02-28,0.086591244,XGBoost
9280,2022-02-28,0.08445098,XGBoost
9281,2022-02-28,0.21573299,XGBoost
9282,2022-02-28,0.21124315,XGBoost
9283,2022-02-28,0.24505028,XGBoost
9284,2022-02-28,0.078730986,XGBoost
9285,2022-02-28,0.08169156,XGBoost
9286,2022-02-28,0.08294583,XGBoost
9287,2022-02-28,0.0780283,XGBoost
9288,2022-02-28,0.23446707,XGBoost
9289,2022-02-28,0.086494565,XGBoost
929,2022-02-28,0.07306756,XGBoost
9290,2022-02-28,0.08482167,XGBoost
9291,2022-02-28,0.24128643,XGBoost
9292,2022-02-28,0.08675694,XGBoost
9293,2022-02-28,0.07989893,XGBoost
9294,2022-02-28,0.079088405,XGBoost
9295,2022-02-28,0.083885826,XGBoost
9296,2022-02-28,0.081855744,XGBoost
9297,2022-02-28,0.069627285,XGBoost
9298,2022-02-28,0.086046144,XGBoost
9299,2022-02-28,0.23403195,XGBoost
93,2022-02-28,0.08301429,XGBoost
930,2022-02-28,0.06850544,XGBoost
9300,2022-02-28,0.24675529,XGBoost
9301,2022-02-28,0.081219584,XGBoost
9302,2022-02-28,0.24874502,XGBoost
9303,2022-02-28,0.1982876,XGBoost
9304,2022-02-28,0.086741805,XGBoost
9305,2022-02-28,0.083177224,XGBoost
9306,2022-02-28,0.21018809,XGBoost
9307,2022-02-28,0.081974745,XGBoost
9308,2022-02-28,0.08466468,XGBoost
9309,2022-02-28,0.077971816,XGBoost
931,2022-02-28,0.22529837,XGBoost
9310,2022-02-28,0.20081459,XGBoost
9311,2022-02-28,0.08537549,XGBoost
9312,2022-02-28,0.24952894,XGBoost
9313,2022-02-28,0.084526844,XGBoost
9314,2022-02-28,0.23784472,XGBoost
9315,2022-02-28,0.07965582,XGBoost
9316,2022-02-28,0.22293784,XGBoost
9317,2022-02-28,0.24924245,XGBoost
9318,2022-02-28,0.084864244,XGBoost
9319,2022-02-28,0.23088257,XGBoost
932,2022-02-28,0.07095247,XGBoost
9320,2022-02-28,0.0820774,XGBoost
9321,2022-02-28,0.08315986,XGBoost
9322,2022-02-28,0.22385965,XGBoost
9323,2022-02-28,0.087447524,XGBoost
9324,2022-02-28,0.08130406,XGBoost
9325,2022-02-28,0.078003466,XGBoost
9326,2022-02-28,0.088662304,XGBoost
9327,2022-02-28,0.08182741,XGBoost
9328,2022-02-28,0.08813088,XGBoost
9329,2022-02-28,0.082829535,XGBoost
933,2022-02-28,0.24203432,XGBoost
9330,2022-02-28,0.079165764,XGBoost
9331,2022-02-28,0.22017218,XGBoost
9332,2022-02-28,0.2267213,XGBoost
9333,2022-02-28,0.24028559,XGBoost
9334,2022-02-28,0.08824522,XGBoost
9335,2022-02-28,0.08471129,XGBoost
9336,2022-02-28,0.22050583,XGBoost
9337,2022-02-28,0.2243514,XGBoost
9338,2022-02-28,0.08670858,XGBoost
9339,2022-02-28,0.07782699,XGBoost
934,2022-02-28,0.07758971,XGBoost
9340,2022-02-28,0.23742503,XGBoost
9341,2022-02-28,0.08381446,XGBoost
9342,2022-02-28,0.08321714,XGBoost
9343,2022-02-28,0.08185536,XGBoost
9344,2022-02-28,0.08462569,XGBoost
9345,2022-02-28,0.084336236,XGBoost
9346,2022-02-28,0.084572725,XGBoost
9347,2022-02-28,0.23654303,XGBoost
9348,2022-02-28,0.2258451,XGBoost
9349,2022-02-28,0.22484113,XGBoost
935,2022-02-28,0.07690539,XGBoost
9350,2022-02-28,0.23185723,XGBoost
9351,2022-02-28,0.21360478,XGBoost
9352,2022-02-28,0.20917475,XGBoost
9353,2022-02-28,0.08270049,XGBoost
9354,2022-02-28,0.096736096,XGBoost
9355,2022-02-28,0.07753204,XGBoost
9356,2022-02-28,0.07792449,XGBoost
9357,2022-02-28,0.07524081,XGBoost
9358,2022-02-28,0.085176945,XGBoost
9359,2022-02-28,0.07536841,XGBoost
936,2022-02-28,0.08292824,XGBoost
9360,2022-02-28,0.21775217,XGBoost
9361,2022-02-28,0.24298567,XGBoost
9362,2022-02-28,0.07813017,XGBoost
9363,2022-02-28,0.07725556,XGBoost
9364,2022-02-28,0.06584686,XGBoost
9365,2022-02-28,0.22971956,XGBoost
9366,2022-02-28,0.24148217,XGBoost
9367,2022-02-28,0.24607915,XGBoost
9368,2022-02-28,0.08180076,XGBoost
9369,2022-02-28,0.086593665,XGBoost
937,2022-02-28,0.08403465,XGBoost
9370,2022-02-28,0.0868648,XGBoost
9371,2022-02-28,0.08677442,XGBoost
9372,2022-02-28,0.077180535,XGBoost
9373,2022-02-28,0.07334552,XGBoost
9374,2022-02-28,0.081406824,XGBoost
9375,2022-02-28,0.077405915,XGBoost
9376,2022-02-28,0.081938885,XGBoost
9377,2022-02-28,0.24965867,XGBoost
9378,2022-02-28,0.08491515,XGBoost
9379,2022-02-28,0.0832466,XGBoost
938,2022-02-28,0.08664897,XGBoost
9380,2022-02-28,0.084077485,XGBoost
9381,2022-02-28,0.08498911,XGBoost
9382,2022-02-28,0.24233878,XGBoost
9383,2022-02-28,0.08669767,XGBoost
9384,2022-02-28,0.21314055,XGBoost
9385,2022-02-28,0.22799782,XGBoost
9386,2022-02-28,0.21621455,XGBoost
9387,2022-02-28,0.085732825,XGBoost
9388,2022-02-28,0.071518324,XGBoost
9389,2022-02-28,0.22637266,XGBoost
939,2022-02-28,0.087784946,XGBoost
9390,2022-02-28,0.087281995,XGBoost
9391,2022-02-28,0.08410551,XGBoost
9392,2022-02-28,0.07824007,XGBoost
9393,2022-02-28,0.084151305,XGBoost
9394,2022-02-28,0.23178038,XGBoost
9395,2022-02-28,0.24751334,XGBoost
9396,2022-02-28,0.08651396,XGBoost
9397,2022-02-28,0.084683344,XGBoost
9398,2022-02-28,0.24020873,XGBoost
9399,2022-02-28,0.07170707,XGBoost
94,2022-02-28,0.21729699,XGBoost
940,2022-02-28,0.083884075,XGBoost
9400,2022-02-28,0.2369544,XGBoost
9401,2022-02-28,0.06969218,XGBoost
9402,2022-02-28,0.08189692,XGBoost
9403,2022-02-28,0.0771353,XGBoost
9404,2022-02-28,0.25779194,XGBoost
9405,2022-02-28,0.085797414,XGBoost
9406,2022-02-28,0.0786418,XGBoost
9407,2022-02-28,0.08569883,XGBoost
9408,2022-02-28,0.07393177,XGBoost
9409,2022-02-28,0.08333844,XGBoost
941,2022-02-28,0.22745311,XGBoost
9410,2022-02-28,0.08634318,XGBoost
9411,2022-02-28,0.08477469,XGBoost
9412,2022-02-28,0.23190822,XGBoost
9413,2022-02-28,0.08110864,XGBoost
9414,2022-02-28,0.077102505,XGBoost
9415,2022-02-28,0.23107918,XGBoost
9416,2022-02-28,0.20903094,XGBoost
9417,2022-02-28,0.24491058,XGBoost
9418,2022-02-28,0.08831877,XGBoost
9419,2022-02-28,0.08138072,XGBoost
942,2022-02-28,0.23137859,XGBoost
9420,2022-02-28,0.2565993,XGBoost
9421,2022-02-28,0.083256856,XGBoost
9422,2022-02-28,0.085634805,XGBoost
9423,2022-02-28,0.0826622,XGBoost
9424,2022-02-28,0.23960184,XGBoost
9425,2022-02-28,0.21916623,XGBoost
9426,2022-02-28,0.07500271,XGBoost
9427,2022-02-28,0.21052308,XGBoost
9428,2022-02-28,0.07208515,XGBoost
9429,2022-02-28,0.22055292,XGBoost
943,2022-02-28,0.23415095,XGBoost
9430,2022-02-28,0.24320872,XGBoost
9431,2022-02-28,0.22222313,XGBoost
9432,2022-02-28,0.09009673,XGBoost
9433,2022-02-28,0.08481427,XGBoost
9434,2022-02-28,0.078881435,XGBoost
9435,2022-02-28,0.077454895,XGBoost
9436,2022-02-28,0.08339717,XGBoost
9437,2022-02-28,0.22536178,XGBoost
9438,2022-02-28,0.23341791,XGBoost
9439,2022-02-28,0.21901834,XGBoost
944,2022-02-28,0.08383956,XGBoost
9440,2022-02-28,0.2052376,XGBoost
9441,2022-02-28,0.08017283,XGBoost
9442,2022-02-28,0.0684244,XGBoost
9443,2022-02-28,0.23799343,XGBoost
9444,2022-02-28,0.078398496,XGBoost
9445,2022-02-28,0.24702045,XGBoost
9446,2022-02-28,0.23370296,XGBoost
9447,2022-02-28,0.08603217,XGBoost
9448,2022-02-28,0.23543122,XGBoost
9449,2022-02-28,0.23725392,XGBoost
945,2022-02-28,0.082855366,XGBoost
9450,2022-02-28,0.07684353,XGBoost
9451,2022-02-28,0.24325775,XGBoost
9452,2022-02-28,0.22233658,XGBoost
9453,2022-02-28,0.08290075,XGBoost
9454,2022-02-28,0.07446712,XGBoost
9455,2022-02-28,0.07722154,XGBoost
9456,2022-02-28,0.22954175,XGBoost
9457,2022-02-28,0.07027458,XGBoost
9458,2022-02-28,0.24528754,XGBoost
9459,2022-02-28,0.24114166,XGBoost
946,2022-02-28,0.20187692,XGBoost
9460,2022-02-28,0.25513297,XGBoost
9461,2022-02-28,0.083105564,XGBoost
9462,2022-02-28,0.22999495,XGBoost
9463,2022-02-28,0.0870704,XGBoost
9464,2022-02-28,0.07796944,XGBoost
9465,2022-02-28,0.24861836,XGBoost
9466,2022-02-28,0.08517044,XGBoost
9467,2022-02-28,0.07164259,XGBoost
9468,2022-02-28,0.22646369,XGBoost
9469,2022-02-28,0.21476936,XGBoost
947,2022-02-28,0.086198755,XGBoost
9470,2022-02-28,0.083923966,XGBoost
9471,2022-02-28,0.23922239,XGBoost
9472,2022-02-28,0.08519934,XGBoost
9473,2022-02-28,0.07228406,XGBoost
9474,2022-02-28,0.23134185,XGBoost
9475,2022-02-28,0.06962672,XGBoost
9476,2022-02-28,0.08448839,XGBoost
9477,2022-02-28,0.083122514,XGBoost
9478,2022-02-28,0.081678025,XGBoost
9479,2022-02-28,0.22881947,XGBoost
948,2022-02-28,0.22957328,XGBoost
9480,2022-02-28,0.08503496,XGBoost
9481,2022-02-28,0.08180104,XGBoost
9482,2022-02-28,0.23484948,XGBoost
9483,2022-02-28,0.25628364,XGBoost
9484,2022-02-28,0.2092233,XGBoost
9485,2022-02-28,0.23129219,XGBoost
9486,2022-02-28,0.0829856,XGBoost
9487,2022-02-28,0.08456337,XGBoost
9488,2022-02-28,0.0645803,XGBoost
9489,2022-02-28,0.08474234,XGBoost
949,2022-02-28,0.08469763,XGBoost
9490,2022-02-28,0.24062534,XGBoost
9491,2022-02-28,0.07007086,XGBoost
9492,2022-02-28,0.083989576,XGBoost
9493,2022-02-28,0.2449523,XGBoost
9494,2022-02-28,0.073555775,XGBoost
9495,2022-02-28,0.08383369,XGBoost
9496,2022-02-28,0.071685724,XGBoost
9497,2022-02-28,0.24758874,XGBoost
9498,2022-02-28,0.0806208,XGBoost
9499,2022-02-28,0.08412134,XGBoost
95,2022-02-28,0.08179664,XGBoost
950,2022-02-28,0.25467655,XGBoost
9500,2022-02-28,0.08493239,XGBoost
9501,2022-02-28,0.20766136,XGBoost
9502,2022-02-28,0.2245726,XGBoost
9503,2022-02-28,0.07979104,XGBoost
9504,2022-02-28,0.07257079,XGBoost
9505,2022-02-28,0.0783248,XGBoost
9506,2022-02-28,0.08123199,XGBoost
9507,2022-02-28,0.22991699,XGBoost
9508,2022-02-28,0.23037542,XGBoost
9509,2022-02-28,0.21123691,XGBoost
951,2022-02-28,0.23405796,XGBoost
9510,2022-02-28,0.24057621,XGBoost
9511,2022-02-28,0.20915276,XGBoost
9512,2022-02-28,0.23784076,XGBoost
9513,2022-02-28,0.07178534,XGBoost
9514,2022-02-28,0.0835814,XGBoost
9515,2022-02-28,0.08728673,XGBoost
9516,2022-02-28,0.08019717,XGBoost
9517,2022-02-28,0.08411529,XGBoost
9518,2022-02-28,0.069397025,XGBoost
9519,2022-02-28,0.22003305,XGBoost
952,2022-02-28,0.24422319,XGBoost
9520,2022-02-28,0.08518136,XGBoost
9521,2022-02-28,0.23624045,XGBoost
9522,2022-02-28,0.22494166,XGBoost
9523,2022-02-28,0.2392287,XGBoost
9524,2022-02-28,0.07855804,XGBoost
9525,2022-02-28,0.24895966,XGBoost
9526,2022-02-28,0.21444324,XGBoost
9527,2022-02-28,0.21372221,XGBoost
9528,2022-02-28,0.20705754,XGBoost
9529,2022-02-28,0.077001475,XGBoost
953,2022-02-28,0.23172215,XGBoost
9530,2022-02-28,0.24412331,XGBoost
9531,2022-02-28,0.08127895,XGBoost
9532,2022-02-28,0.22105458,XGBoost
9533,2022-02-28,0.20748083,XGBoost
9534,2022-02-28,0.063415006,XGBoost
9535,2022-02-28,0.080725305,XGBoost
9536,2022-02-28,0.06937662,XGBoost
9537,2022-02-28,0.2205243,XGBoost
9538,2022-02-28,0.068759315,XGBoost
9539,2022-02-28,0.08623147,XGBoost
954,2022-02-28,0.07407472,XGBoost
9540,2022-02-28,0.07696497,XGBoost
9541,2022-02-28,0.084772915,XGBoost
9542,2022-02-28,0.21964571,XGBoost
9543,2022-02-28,0.08208581,XGBoost
9544,2022-02-28,0.085315235,XGBoost
9545,2022-02-28,0.06862878,XGBoost
9546,2022-02-28,0.08716172,XGBoost
9547,2022-02-28,0.22747938,XGBoost
9548,2022-02-28,0.084115975,XGBoost
9549,2022-02-28,0.08485049,XGBoost
955,2022-02-28,0.24622808,XGBoost
9550,2022-02-28,0.07904625,XGBoost
9551,2022-02-28,0.23973602,XGBoost
9552,2022-02-28,0.08590504,XGBoost
9553,2022-02-28,0.22760102,XGBoost
9554,2022-02-28,0.08044854,XGBoost
9555,2022-02-28,0.22280343,XGBoost
9556,2022-02-28,0.08329023,XGBoost
9557,2022-02-28,0.08325137,XGBoost
9558,2022-02-28,0.08230249,XGBoost
9559,2022-02-28,0.23579706,XGBoost
956,2022-02-28,0.21359552,XGBoost
9560,2022-02-28,0.09817088,XGBoost
9561,2022-02-28,0.2370059,XGBoost
9562,2022-02-28,0.21477734,XGBoost
9563,2022-02-28,0.2220904,XGBoost
9564,2022-02-28,0.25052324,XGBoost
9565,2022-02-28,0.23258635,XGBoost
9566,2022-02-28,0.22834238,XGBoost
9567,2022-02-28,0.07775504,XGBoost
9568,2022-02-28,0.2185193,XGBoost
9569,2022-02-28,0.084152274,XGBoost
957,2022-02-28,0.23225237,XGBoost
9570,2022-02-28,0.22042264,XGBoost
9571,2022-02-28,0.082418695,XGBoost
9572,2022-02-28,0.08189092,XGBoost
9573,2022-02-28,0.08318185,XGBoost
9574,2022-02-28,0.08418356,XGBoost
9575,2022-02-28,0.08152517,XGBoost
9576,2022-02-28,0.08158824,XGBoost
9577,2022-02-28,0.08016211,XGBoost
9578,2022-02-28,0.22928146,XGBoost
9579,2022-02-28,0.21382818,XGBoost
958,2022-02-28,0.08668498,XGBoost
9580,2022-02-28,0.08722495,XGBoost
9581,2022-02-28,0.21517394,XGBoost
9582,2022-02-28,0.21663727,XGBoost
9583,2022-02-28,0.23447448,XGBoost
9584,2022-02-28,0.2593607,XGBoost
9585,2022-02-28,0.2432594,XGBoost
9586,2022-02-28,0.07184147,XGBoost
9587,2022-02-28,0.24812225,XGBoost
9588,2022-02-28,0.0701228,XGBoost
9589,2022-02-28,0.2399636,XGBoost
959,2022-02-28,0.087903805,XGBoost
9590,2022-02-28,0.21904464,XGBoost
9591,2022-02-28,0.22066893,XGBoost
9592,2022-02-28,0.08525164,XGBoost
9593,2022-02-28,0.22950543,XGBoost
9594,2022-02-28,0.07011394,XGBoost
9595,2022-02-28,0.08296132,XGBoost
9596,2022-02-28,0.23692776,XGBoost
9597,2022-02-28,0.08258583,XGBoost
9598,2022-02-28,0.08685962,XGBoost
9599,2022-02-28,0.08524736,XGBoost
96,2022-02-28,0.08346148,XGBoost
960,2022-02-28,0.23765008,XGBoost
9600,2022-02-28,0.07794663,XGBoost
9601,2022-02-28,0.065938644,XGBoost
9602,2022-02-28,0.23229305,XGBoost
9603,2022-02-28,0.06472016,XGBoost
9604,2022-02-28,0.080818936,XGBoost
9605,2022-02-28,0.067585975,XGBoost
9606,2022-02-28,0.23063757,XGBoost
9607,2022-02-28,0.23708427,XGBoost
9608,2022-02-28,0.08481531,XGBoost
9609,2022-02-28,0.21321563,XGBoost
961,2022-02-28,0.24008673,XGBoost
9610,2022-02-28,0.23690301,XGBoost
9611,2022-02-28,0.071107276,XGBoost
9612,2022-02-28,0.072231226,XGBoost
9613,2022-02-28,0.08498378,XGBoost
9614,2022-02-28,0.22785759,XGBoost
9615,2022-02-28,0.22891434,XGBoost
9616,2022-02-28,0.07098923,XGBoost
9617,2022-02-28,0.21718034,XGBoost
9618,2022-02-28,0.08707218,XGBoost
9619,2022-02-28,0.24503435,XGBoost
962,2022-02-28,0.08850648,XGBoost
9620,2022-02-28,0.08644988,XGBoost
9621,2022-02-28,0.08684207,XGBoost
9622,2022-02-28,0.08176975,XGBoost
9623,2022-02-28,0.079576,XGBoost
9624,2022-02-28,0.08724914,XGBoost
9625,2022-02-28,0.22316036,XGBoost
9626,2022-02-28,0.08454276,XGBoost
9627,2022-02-28,0.2091485,XGBoost
9628,2022-02-28,0.0816866,XGBoost
9629,2022-02-28,0.22723988,XGBoost
963,2022-02-28,0.089073345,XGBoost
9630,2022-02-28,0.2189126,XGBoost
9631,2022-02-28,0.24525099,XGBoost
9632,2022-02-28,0.2233294,XGBoost
9633,2022-02-28,0.22231512,XGBoost
9634,2022-02-28,0.07266814,XGBoost
9635,2022-02-28,0.23073673,XGBoost
9636,2022-02-28,0.08241252,XGBoost
9637,2022-02-28,0.085155696,XGBoost
9638,2022-02-28,0.07991813,XGBoost
9639,2022-02-28,0.22113039,XGBoost
964,2022-02-28,0.07877228,XGBoost
9640,2022-02-28,0.08387641,XGBoost
9641,2022-02-28,0.23744804,XGBoost
9642,2022-02-28,0.25738254,XGBoost
9643,2022-02-28,0.23386984,XGBoost
9644,2022-02-28,0.08172901,XGBoost
9645,2022-02-28,0.083105184,XGBoost
9646,2022-02-28,0.21826677,XGBoost
9647,2022-02-28,0.07997413,XGBoost
9648,2022-02-28,0.06480805,XGBoost
9649,2022-02-28,0.22678602,XGBoost
965,2022-02-28,0.24168739,XGBoost
9650,2022-02-28,0.08613052,XGBoost
9651,2022-02-28,0.21339422,XGBoost
9652,2022-02-28,0.109474175,XGBoost
9653,2022-02-28,0.2272215,XGBoost
9654,2022-02-28,0.08394698,XGBoost
9655,2022-02-28,0.07236497,XGBoost
9656,2022-02-28,0.21580784,XGBoost
9657,2022-02-28,0.24320981,XGBoost
9658,2022-02-28,0.0685903,XGBoost
9659,2022-02-28,0.08171046,XGBoost
966,2022-02-28,0.06330505,XGBoost
9660,2022-02-28,0.2239431,XGBoost
9661,2022-02-28,0.08148349,XGBoost
9662,2022-02-28,0.08422364,XGBoost
9663,2022-02-28,0.07889532,XGBoost
9664,2022-02-28,0.08446145,XGBoost
9665,2022-02-28,0.08142213,XGBoost
9666,2022-02-28,0.23403288,XGBoost
9667,2022-02-28,0.08356338,XGBoost
9668,2022-02-28,0.08684663,XGBoost
9669,2022-02-28,0.20922549,XGBoost
967,2022-02-28,0.22805539,XGBoost
9670,2022-02-28,0.19675595,XGBoost
9671,2022-02-28,0.07874865,XGBoost
9672,2022-02-28,0.23534328,XGBoost
9673,2022-02-28,0.22150394,XGBoost
9674,2022-02-28,0.23979947,XGBoost
9675,2022-02-28,0.0850422,XGBoost
9676,2022-02-28,0.0872632,XGBoost
9677,2022-02-28,0.07751939,XGBoost
9678,2022-02-28,0.08109259,XGBoost
9679,2022-02-28,0.08729542,XGBoost
968,2022-02-28,0.07886187,XGBoost
9680,2022-02-28,0.22566469,XGBoost
9681,2022-02-28,0.08176671,XGBoost
9682,2022-02-28,0.23636666,XGBoost
9683,2022-02-28,0.24678536,XGBoost
9684,2022-02-28,0.247891,XGBoost
9685,2022-02-28,0.23750982,XGBoost
9686,2022-02-28,0.22747706,XGBoost
9687,2022-02-28,0.07988314,XGBoost
9688,2022-02-28,0.21849544,XGBoost
9689,2022-02-28,0.08229573,XGBoost
969,2022-02-28,0.24490538,XGBoost
9690,2022-02-28,0.23059677,XGBoost
9691,2022-02-28,0.08597301,XGBoost
9692,2022-02-28,0.23167734,XGBoost
9693,2022-02-28,0.07039367,XGBoost
9694,2022-02-28,0.084289685,XGBoost
9695,2022-02-28,0.21910968,XGBoost
9696,2022-02-28,0.07272196,XGBoost
9697,2022-02-28,0.24529998,XGBoost
9698,2022-02-28,0.23311202,XGBoost
9699,2022-02-28,0.24529123,XGBoost
97,2022-02-28,0.24308185,XGBoost
970,2022-02-28,0.07944557,XGBoost
9700,2022-02-28,0.2338082,XGBoost
9701,2022-02-28,0.08458265,XGBoost
9702,2022-02-28,0.19616857,XGBoost
9703,2022-02-28,0.24340342,XGBoost
9704,2022-02-28,0.23340167,XGBoost
9705,2022-02-28,0.23822302,XGBoost
9706,2022-02-28,0.08805736,XGBoost
9707,2022-02-28,0.2208148,XGBoost
9708,2022-02-28,0.22870758,XGBoost
9709,2022-02-28,0.20883685,XGBoost
971,2022-02-28,0.083717294,XGBoost
9710,2022-02-28,0.083455935,XGBoost
9711,2022-02-28,0.0821436,XGBoost
9712,2022-02-28,0.08045283,XGBoost
9713,2022-02-28,0.22816996,XGBoost
9714,2022-02-28,0.24694616,XGBoost
9715,2022-02-28,0.2234579,XGBoost
9716,2022-02-28,0.21530318,XGBoost
9717,2022-02-28,0.078085914,XGBoost
9718,2022-02-28,0.24070056,XGBoost
9719,2022-02-28,0.21794826,XGBoost
972,2022-02-28,0.0819602,XGBoost
9720,2022-02-28,0.21524866,XGBoost
9721,2022-02-28,0.21271944,XGBoost
9722,2022-02-28,0.06941112,XGBoost
9723,2022-02-28,0.068953015,XGBoost
9724,2022-02-28,0.2321485,XGBoost
9725,2022-02-28,0.08436091,XGBoost
9726,2022-02-28,0.084481366,XGBoost
9727,2022-02-28,0.22329459,XGBoost
9728,2022-02-28,0.24037714,XGBoost
9729,2022-02-28,0.084227495,XGBoost
973,2022-02-28,0.23131563,XGBoost
9730,2022-02-28,0.08626152,XGBoost
9731,2022-02-28,0.083633944,XGBoost
9732,2022-02-28,0.07367912,XGBoost
9733,2022-02-28,0.23190053,XGBoost
9734,2022-02-28,0.22057825,XGBoost
9735,2022-02-28,0.22494936,XGBoost
9736,2022-02-28,0.24208249,XGBoost
9737,2022-02-28,0.086387545,XGBoost
9738,2022-02-28,0.08622346,XGBoost
9739,2022-02-28,0.076639675,XGBoost
974,2022-02-28,0.23206863,XGBoost
9740,2022-02-28,0.08475038,XGBoost
9741,2022-02-28,0.2299429,XGBoost
9742,2022-02-28,0.083470315,XGBoost
9743,2022-02-28,0.08429995,XGBoost
9744,2022-02-28,0.07750219,XGBoost
9745,2022-02-28,0.21809551,XGBoost
9746,2022-02-28,0.08225586,XGBoost
9747,2022-02-28,0.22606808,XGBoost
9748,2022-02-28,0.0847964,XGBoost
9749,2022-02-28,0.23543124,XGBoost
975,2022-02-28,0.19757155,XGBoost
9750,2022-02-28,0.07785342,XGBoost
9751,2022-02-28,0.07857661,XGBoost
9752,2022-02-28,0.08605809,XGBoost
9753,2022-02-28,0.08721347,XGBoost
9754,2022-02-28,0.2306551,XGBoost
9755,2022-02-28,0.08201719,XGBoost
9756,2022-02-28,0.08169665,XGBoost
9757,2022-02-28,0.077125095,XGBoost
9758,2022-02-28,0.2544767,XGBoost
9759,2022-02-28,0.084276035,XGBoost
976,2022-02-28,0.2216297,XGBoost
9760,2022-02-28,0.21782361,XGBoost
9761,2022-02-28,0.2620374,XGBoost
9762,2022-02-28,0.22094922,XGBoost
9763,2022-02-28,0.22140224,XGBoost
9764,2022-02-28,0.23165563,XGBoost
9765,2022-02-28,0.076185875,XGBoost
9766,2022-02-28,0.08442634,XGBoost
9767,2022-02-28,0.22354542,XGBoost
9768,2022-02-28,0.21677335,XGBoost
9769,2022-02-28,0.084112,XGBoost
977,2022-02-28,0.20717147,XGBoost
9770,2022-02-28,0.2154532,XGBoost
9771,2022-02-28,0.080990896,XGBoost
9772,2022-02-28,0.25447485,XGBoost
9773,2022-02-28,0.2342172,XGBoost
9774,2022-02-28,0.08428272,XGBoost
9775,2022-02-28,0.06924969,XGBoost
9776,2022-02-28,0.07957077,XGBoost
9777,2022-02-28,0.084929384,XGBoost
9778,2022-02-28,0.2343085,XGBoost
9779,2022-02-28,0.08338337,XGBoost
978,2022-02-28,0.22830528,XGBoost
9780,2022-02-28,0.21885677,XGBoost
9781,2022-02-28,0.087178774,XGBoost
9782,2022-02-28,0.085106716,XGBoost
9783,2022-02-28,0.07818885,XGBoost
9784,2022-02-28,0.08459585,XGBoost
9785,2022-02-28,0.2288013,XGBoost
9786,2022-02-28,0.24204375,XGBoost
9787,2022-02-28,0.07721657,XGBoost
9788,2022-02-28,0.08548732,XGBoost
9789,2022-02-28,0.089029446,XGBoost
979,2022-02-28,0.086890005,XGBoost
9790,2022-02-28,0.22648704,XGBoost
9791,2022-02-28,0.08112314,XGBoost
9792,2022-02-28,0.083670706,XGBoost
9793,2022-02-28,0.22983083,XGBoost
9794,2022-02-28,0.08605349,XGBoost
9795,2022-02-28,0.22583814,XGBoost
9796,2022-02-28,0.0717293,XGBoost
9797,2022-02-28,0.07689861,XGBoost
9798,2022-02-28,0.07684103,XGBoost
9799,2022-02-28,0.21682605,XGBoost
98,2022-02-28,0.2484112,XGBoost
980,2022-02-28,0.22912468,XGBoost
9800,2022-02-28,0.08573908,XGBoost
9801,2022-02-28,0.23223378,XGBoost
9802,2022-02-28,0.23991705,XGBoost
9803,2022-02-28,0.08691418,XGBoost
9804,2022-02-28,0.21311294,XGBoost
9805,2022-02-28,0.08708318,XGBoost
9806,2022-02-28,0.070352465,XGBoost
9807,2022-02-28,0.07911691,XGBoost
9808,2022-02-28,0.23435861,XGBoost
9809,2022-02-28,0.24156426,XGBoost
981,2022-02-28,0.23329413,XGBoost
9810,2022-02-28,0.07915318,XGBoost
9811,2022-02-28,0.08000449,XGBoost
9812,2022-02-28,0.23078242,XGBoost
9813,2022-02-28,0.22279865,XGBoost
9814,2022-02-28,0.08421305,XGBoost
9815,2022-02-28,0.24579975,XGBoost
9816,2022-02-28,0.08508379,XGBoost
9817,2022-02-28,0.24561101,XGBoost
9818,2022-02-28,0.23977472,XGBoost
9819,2022-02-28,0.08847009,XGBoost
982,2022-02-28,0.08225304,XGBoost
9820,2022-02-28,0.08517126,XGBoost
9821,2022-02-28,0.24170366,XGBoost
9822,2022-02-28,0.25042573,XGBoost
9823,2022-02-28,0.08551991,XGBoost
9824,2022-02-28,0.08428558,XGBoost
9825,2022-02-28,0.0837047,XGBoost
9826,2022-02-28,0.07130036,XGBoost
9827,2022-02-28,0.08065923,XGBoost
9828,2022-02-28,0.081116974,XGBoost
9829,2022-02-28,0.22340506,XGBoost
983,2022-02-28,0.084456034,XGBoost
9830,2022-02-28,0.07285294,XGBoost
9831,2022-02-28,0.21827753,XGBoost
9832,2022-02-28,0.08255175,XGBoost
9833,2022-02-28,0.07245778,XGBoost
9834,2022-02-28,0.08592418,XGBoost
9835,2022-02-28,0.072563656,XGBoost
9836,2022-02-28,0.08765905,XGBoost
9837,2022-02-28,0.24807419,XGBoost
9838,2022-02-28,0.08552384,XGBoost
9839,2022-02-28,0.082883984,XGBoost
984,2022-02-28,0.0855371,XGBoost
9840,2022-02-28,0.21935016,XGBoost
9841,2022-02-28,0.22497739,XGBoost
9842,2022-02-28,0.08184622,XGBoost
9843,2022-02-28,0.09107685,XGBoost
9844,2022-02-28,0.08564663,XGBoost
9845,2022-02-28,0.08618523,XGBoost
9846,2022-02-28,0.07936496,XGBoost
9847,2022-02-28,0.08379127,XGBoost
9848,2022-02-28,0.218962,XGBoost
9849,2022-02-28,0.076974794,XGBoost
985,2022-02-28,0.08640813,XGBoost
9850,2022-02-28,0.07313641,XGBoost
9851,2022-02-28,0.0789424,XGBoost
9852,2022-02-28,0.07774075,XGBoost
9853,2022-02-28,0.08526865,XGBoost
9854,2022-02-28,0.22954717,XGBoost
9855,2022-02-28,0.085472465,XGBoost
9856,2022-02-28,0.062425304,XGBoost
9857,2022-02-28,0.08117136,XGBoost
9858,2022-02-28,0.22717075,XGBoost
9859,2022-02-28,0.24630521,XGBoost
986,2022-02-28,0.21341711,XGBoost
9860,2022-02-28,0.23156928,XGBoost
9861,2022-02-28,0.21811534,XGBoost
9862,2022-02-28,0.08498122,XGBoost
9863,2022-02-28,0.22010998,XGBoost
9864,2022-02-28,0.07833279,XGBoost
9865,2022-02-28,0.078890555,XGBoost
9866,2022-02-28,0.078463584,XGBoost
9867,2022-02-28,0.23390205,XGBoost
9868,2022-02-28,0.25720012,XGBoost
9869,2022-02-28,0.24222045,XGBoost
987,2022-02-28,0.25273234,XGBoost
9870,2022-02-28,0.23136297,XGBoost
9871,2022-02-28,0.07831401,XGBoost
9872,2022-02-28,0.07149751,XGBoost
9873,2022-02-28,0.08198398,XGBoost
9874,2022-02-28,0.06406062,XGBoost
9875,2022-02-28,0.08591762,XGBoost
9876,2022-02-28,0.07878646,XGBoost
9877,2022-02-28,0.23742464,XGBoost
9878,2022-02-28,0.08044396,XGBoost
9879,2022-02-28,0.06993638,XGBoost
988,2022-02-28,0.07806635,XGBoost
9880,2022-02-28,0.08151662,XGBoost
9881,2022-02-28,0.23035277,XGBoost
9882,2022-02-28,0.07915689,XGBoost
9883,2022-02-28,0.08268769,XGBoost
9884,2022-02-28,0.24682976,XGBoost
9885,2022-02-28,0.06915225,XGBoost
9886,2022-02-28,0.083243884,XGBoost
9887,2022-02-28,0.08277263,XGBoost
9888,2022-02-28,0.07888963,XGBoost
9889,2022-02-28,0.22033127,XGBoost
989,2022-02-28,0.069747135,XGBoost
9890,2022-02-28,0.23278843,XGBoost
9891,2022-02-28,0.077481754,XGBoost
9892,2022-02-28,0.22705601,XGBoost
9893,2022-02-28,0.082832515,XGBoost
9894,2022-02-28,0.22294253,XGBoost
9895,2022-02-28,0.06972885,XGBoost
9896,2022-02-28,0.08161933,XGBoost
9897,2022-02-28,0.22163685,XGBoost
9898,2022-02-28,0.23802711,XGBoost
9899,2022-02-28,0.08442519,XGBoost
99,2022-02-28,0.2074229,XGBoost
990,2022-02-28,0.08559832,XGBoost
9900,2022-02-28,0.23136507,XGBoost
9901,2022-02-28,0.22746137,XGBoost
9902,2022-02-28,0.08287958,XGBoost
9903,2022-02-28,0.08625838,XGBoost
9904,2022-02-28,0.082140744,XGBoost
9905,2022-02-28,0.08427028,XGBoost
9906,2022-02-28,0.0767476,XGBoost
9907,2022-02-28,0.2404374,XGBoost
9908,2022-02-28,0.20935744,XGBoost
9909,2022-02-28,0.084018335,XGBoost
991,2022-02-28,0.23792733,XGBoost
9910,2022-02-28,0.23119645,XGBoost
9911,2022-02-28,0.22390018,XGBoost
9912,2022-02-28,0.08781849,XGBoost
9913,2022-02-28,0.08108694,XGBoost
9914,2022-02-28,0.21948309,XGBoost
9915,2022-02-28,0.086761944,XGBoost
9916,2022-02-28,0.24277838,XGBoost
9917,2022-02-28,0.08143056,XGBoost
9918,2022-02-28,0.082233034,XGBoost
9919,2022-02-28,0.077459686,XGBoost
992,2022-02-28,0.2239029,XGBoost
9920,2022-02-28,0.07608019,XGBoost
9921,2022-02-28,0.0777762,XGBoost
9922,2022-02-28,0.07885872,XGBoost
9923,2022-02-28,0.2078126,XGBoost
9924,2022-02-28,0.22357751,XGBoost
9925,2022-02-28,0.08271314,XGBoost
9926,2022-02-28,0.21195784,XGBoost
9927,2022-02-28,0.07066055,XGBoost
9928,2022-02-28,0.21813293,XGBoost
9929,2022-02-28,0.24932039,XGBoost
993,2022-02-28,0.08194177,XGBoost
9930,2022-02-28,0.08419132,XGBoost
9931,2022-02-28,0.20297128,XGBoost
9932,2022-02-28,0.08395336,XGBoost
9933,2022-02-28,0.21400072,XGBoost
9934,2022-02-28,0.23380816,XGBoost
9935,2022-02-28,0.08509749,XGBoost
9936,2022-02-28,0.086547814,XGBoost
9937,2022-02-28,0.07287366,XGBoost
9938,2022-02-28,0.08600339,XGBoost
9939,2022-02-28,0.08639513,XGBoost
994,2022-02-28,0.08295826,XGBoost
9940,2022-02-28,0.08011284,XGBoost
9941,2022-02-28,0.2261942,XGBoost
9942,2022-02-28,0.088769935,XGBoost
9943,2022-02-28,0.08525303,XGBoost
9944,2022-02-28,0.06561601,XGBoost
9945,2022-02-28,0.08122938,XGBoost
9946,2022-02-28,0.22068824,XGBoost
9947,2022-02-28,0.08537153,XGBoost
9948,2022-02-28,0.085348494,XGBoost
9949,2022-02-28,0.24059002,XGBoost
995,2022-02-28,0.07758868,XGBoost
9950,2022-02-28,0.06964375,XGBoost
9951,2022-02-28,0.24243589,XGBoost
9952,2022-02-28,0.21866241,XGBoost
9953,2022-02-28,0.072924644,XGBoost
9954,2022-02-28,0.2175219,XGBoost
9955,2022-02-28,0.24240333,XGBoost
9956,2022-02-28,0.23142791,XGBoost
9957,2022-02-28,0.22411527,XGBoost
9958,2022-02-28,0.06944057,XGBoost
9959,2022-02-28,0.08505573,XGBoost
996,2022-02-28,0.22771005,XGBoost
9960,2022-02-28,0.07903719,XGBoost
9961,2022-02-28,0.23111911,XGBoost
9962,2022-02-28,0.25484568,XGBoost
9963,2022-02-28,0.24670225,XGBoost
9964,2022-02-28,0.23632178,XGBoost
9965,2022-02-28,0.08649231,XGBoost
9966,2022-02-28,0.2554537,XGBoost
9967,2022-02-28,0.07016152,XGBoost
9968,2022-02-28,0.0782462,XGBoost
9969,2022-02-28,0.08132525,XGBoost
997,2022-02-28,0.22499575,XGBoost
9970,2022-02-28,0.21582891,XGBoost
9971,2022-02-28,0.08631012,XGBoost
9972,2022-02-28,0.075859815,XGBoost
9973,2022-02-28,0.08665366,XGBoost
9974,2022-02-28,0.072467856,XGBoost
9975,2022-02-28,0.082811244,XGBoost
9976,2022-02-28,0.25575763,XGBoost
9977,2022-02-28,0.090628415,XGBoost
9978,2022-02-28,0.07697577,XGBoost
9979,2022-02-28,0.22107822,XGBoost
998,2022-02-28,0.08324907,XGBoost
9980,2022-02-28,0.08291475,XGBoost
9981,2022-02-28,0.07054776,XGBoost
9982,2022-02-28,0.071457274,XGBoost
9983,2022-02-28,0.08557435,XGBoost
9984,2022-02-28,0.084271096,XGBoost
9985,2022-02-28,0.21568717,XGBoost
9986,2022-02-28,0.07123089,XGBoost
9987,2022-02-28,0.07627459,XGBoost
9988,2022-02-28,0.23221685,XGBoost
9989,2022-02-28,0.08656583,XGBoost
999,2022-02-28,0.06895489,XGBoost
9990,2022-02-28,0.08484267,XGBoost
9991,2022-02-28,0.21383846,XGBoost
9992,2022-02-28,0.08409631,XGBoost
9993,2022-02-28,0.23387945,XGBoost
9994,2022-02-28,0.08579548,XGBoost
9995,2022-02-28,0.22425134,XGBoost
9996,2022-02-28,0.22979704,XGBoost
9997,2022-02-28,0.08520433,XGBoost
9998,2022-02-28,0.083881885,XGBoost
9999,2022-02-28,0.08418519,XGBoost
