merchant_abn,merchant_name,consumer_exposure_percentile,knn_score,knn_merchant_risk_percentile,fraud_risk_index,risk_safety_score
10023283211,Felis Limited,0.5798776342624066,0.5378328336045118,0.3155394707079846,0.4477085524851956,55.22914475148044
10142254217,Arcu Ac Orci Corporation,0.44731475186947656,0.6545852801422699,0.6435195657091156,0.5454171587892961,45.45828412107039
10165489824,Nunc Sed Company,0.0,0.5242599133149801,0.29857498303551233,0.14928749151775617,85.07125084822438
10187291046,Ultricies Dignissim Lacus Foundation,0.11488783140720599,0.6592212676050236,0.7907713187061751,0.4528295750566905,54.71704249433095
10192359162,Enim Condimentum PC,0.9023340131429867,0.653776959988613,0.6197692829676543,0.7610516480553204,23.894835194467955
10206519221,Fusce Company,0.669385905279855,0.5745492976783012,0.382040262384076,0.5257130838319655,47.428691616803455
10255988167,Aliquam Enim Incorporated,0.6417403127124405,0.6353653876123968,0.5084822438362362,0.5751112782743384,42.48887217256616
10264435225,Ipsum Primis Ltd,0.5658282347609336,0.5473361511853504,0.3345396969011536,0.4501839658310436,54.98160341689564
10279061213,Pede Ultrices Industries,0.28869249943349196,0.6329405354642841,0.4949106536982583,0.3918015765658751,60.81984234341249
10323485998,Nunc Inc.,0.32789485610695673,0.40331461562410775,0.0974892558244741,0.21269205596571542,78.73079440342846
10342410215,Facilisis Facilisis Corp.,0.7799682755495128,0.6310686889935638,0.4872200859534042,0.6335941807514585,36.64058192485415
10346855916,Odio Institute,0.9655563108996148,0.5748414445898603,0.3824926487220086,0.6740244798108117,32.59755201891883
10364012396,Rutrum Justo Ltd,0.07749830047586675,0.6555012195913817,0.6715675186609364,0.3745329095684016,62.546709043159844
10385011947,Tellus Foundation,0.033537276229322455,0.6521061633729146,0.5819950237502828,0.3077661499898026,69.22338500101975
10385163239,Sed Et Company,0.46793564468615456,0.6629152476623379,0.9366659126894368,0.7023007786877957,29.769922131220426
10385250025,Id Ltd,0.4840244731475187,0.6296276556186918,0.4813390635602805,0.4826817683538996,51.73182316461005
10404542215,Consequat Foundation,0.00498527079084523,0.3865646444165229,0.08323908617959738,0.04411217848522131,95.58878215147787
10430380319,Sit Amet Nulla Corp.,0.9308860185814638,0.6590500682532547,0.782402171454422,0.8566440950179429,14.335590498205708
10441711491,Massa Vestibulum Foundation,0.004532064355313846,0.42204387930215975,0.12259669757973309,0.06356438096752347,93.64356190324766
10462560289,Ut Consulting,0.2728302741898935,0.6537054842543081,0.617959737615924,0.44539500590290876,55.460499409709115
10463252268,Id Mollis Corporation,0.7944708814865171,0.6620295707363719,0.9063560280479529,0.8504134547672351,14.958654523276493
10487253336,Laoreet Lectus Associates,0.589848175844097,0.5010790645559219,0.2537887355801855,0.42181845571214127,57.818154428785874
10530696903,Ut Semper Industries,0.22501699524133242,0.6315236922088322,0.4890296313051346,0.3570233132732335,64.29766867267665
10545955006,Lacus Vestibulum Inc.,0.3664174031271244,0.6305646824336683,0.48427957475684236,0.4253484889419834,57.46515110580166
10553813474,Commodo Hendrerit Donec Corporation,0.20620892816677996,0.6541940064614902,0.6322099072608007,0.41920941771379033,58.07905822862096
10596295795,Egestas A Associates,0.7500566508044414,0.5024063440221359,0.25718163311467995,0.5036191419595607,49.63808580404393
10618089367,Enim Consequat Institute,0.3467029231815092,0.49745024102246527,0.244288622483601,0.2954957728325551,70.45042271674448
10648956813,Proin Nisl Institute,0.510310446408339,0.3123395140834313,0.03483374802080977,0.27257209721457437,72.74279027854256
10651113986,Sed Et Libero PC,0.7421255381826422,0.6525503724361463,0.5878760461434065,0.6650007921630243,33.49992078369757
10672322914,,0.24269204622705642,0.49429593594490145,0.2338837367111513,0.23828789146910387,76.1712108530896
10702078694,Fermentum Risus Foundation,0.48651710854294133,0.6591096095647667,0.785342682650984,0.6359298955969627,36.407010440303736
10714068705,Sollicitudin Commodo Ipsum Industries,0.2377067754362112,0.6557515565575338,0.6797104727437231,0.45870862408996715,54.129137591003285
10739268011,Libero Proin Mi Incorporated,0.03013822796283707,0.4825227504301691,0.2026690793938023,0.11640365367831969,88.35963463216802
10746056613,Risus Associates,0.1466122818944029,0.6623724312885699,0.920153811354897,0.53338304662465,46.661695337535
10848766800,Ut Dolor Dapibus LLP,0.2762293224563789,0.6590388311123322,0.7817235919475232,0.5289764572019511,47.10235427980489
10854978569,Dui Cras Pellentesque Limited,0.18354860639021073,0.6511498503440997,0.5659353087536756,0.3747419575719432,62.525804242805684
10860706939,Vitae Aliquet Nec Associates,0.19555857693179243,0.654173012869429,0.6315313277539019,0.41354495234284716,58.64550476571529
10881038707,Sed Facilisis Vitae Incorporated,0.8309539995467936,0.4585091260523179,0.17326396742818367,0.5021089834874887,49.78910165125113
10901349044,Per Inceptos Company,0.41468388851121685,0.6345357775830656,0.5039583804569102,0.45932113448406353,54.067886551593645
10922217544,Justo Associates,0.12961704056197598,0.6612852143469018,0.8776294955892332,0.5036232680756045,49.63767319243955
10930486968,Metus Vitae Velit LLP,0.4980738726489916,0.6596282993738936,0.8079619995476136,0.6530179360983026,34.69820639016974
10945019164,Nam Associates,0.6057104010876955,0.6369543941515896,0.5134584935534947,0.5595844473205951,44.04155526794049
10955677986,Arcu Iaculis Corporation,0.7242238839791525,0.6593574092573141,0.7980095001130966,0.7611166920461245,23.888330795387546
10959028715,Ante Maecenas Ltd,0.613414910491729,0.4070165670498718,0.10314408504863153,0.35827949777018026,64.17205022298198
10995883576,Non Feugiat Incorporated,0.9213686834353048,0.6627315245608328,0.9314634698032119,0.9264160766192584,7.35839233807416
11017796471,Sodales Mauris Consulting,0.6279175164287333,0.5906141989766396,0.4098620221669306,0.5188897692978319,48.11102307021681
11024352823,Aliquet Metus Urna LLP,0.21799229549059596,0.6609482804067812,0.8633793259443565,0.5406858107174762,45.93141892825238
11029341140,,0.16474053931565827,0.6004233288657154,0.43406469124632435,0.2994026152809913,70.05973847190087
11076688542,Amet Diam Industries,0.8570133695898482,0.6054554591344314,0.4415290658222122,0.6492712177060302,35.07287822939698
11089768124,Rutrum Corp.,0.49150237933378654,0.6535576407459287,0.6109477493779688,0.5512250643558777,44.87749356441223
11093673306,Ac Mi Corp.,0.8329934285066848,0.5967342954168152,0.42637412350147025,0.6296837760040775,37.031622399592244
11121775571,Egestas Nunc Associates,0.6077498300475866,0.31487461822625673,0.03845283872427053,0.3231013343859286,67.68986656140714
11134994590,Quis Massa Mauris Ltd,0.03127124405166554,0.5795989485284995,0.3908617959737616,0.21106652001271356,78.89334799872864
11137507330,,0.7036029911624745,0.6543572859539313,0.6358289979642615,0.669715994563368,33.0284005436632
11149063370,Et Arcu Limited,0.05982324949014276,0.5328693336242285,0.3073965166251979,0.18360988305767034,81.63901169423296
11173270682,Feugiat Tellus LLP,0.7457511896668932,0.5479490292243003,0.33612304908391766,0.5409371193754055,45.90628806245945
11199348915,Orci Luctus PC,0.6276909132109676,0.4497744181983917,0.154489934403981,0.3910904238074743,60.890957619252575
11208869091,Cursus Et Eros LLP,0.6791298436437797,0.6613827276178941,0.8830581316444244,0.7810939876441021,21.89060123558979
11215815177,Scelerisque Scelerisque Ltd,0.7117607070020394,0.45480109929301427,0.16715675186609363,0.4394587294340665,56.05412705659335
11237511112,Magna Institute,0.684115114434625,0.29403814284076346,0.009500113096584483,0.34680761376560476,65.31923862343952
11240426404,,0.5615227736233854,0.2940864536122371,0.00972630626555078,0.2856245399444681,71.43754600555319
11243046390,Ornare Placerat Foundation,0.7815544980738727,0.6527392685041183,0.5921737163537661,0.6868641072138194,31.31358927861806
11285988014,Tincidunt Pede Company,0.40018128257421254,0.41580469129638187,0.11535851617281158,0.2577698993735121,74.2230100626488
11304124014,Nostra Per Inceptos Ltd,0.5567641060503059,0.6613599257454825,0.8821533589685592,0.7194587325094326,28.054126749056742
11355018654,Interdum Inc.,0.41083163380920007,0.5034743680820926,0.2594435648043429,0.33513759930677145,66.48624006932286
11358147682,,0.44482211647405395,0.5064169198786787,0.2689436779009274,0.35688289718749067,64.31171028125094
11400713351,,0.13414910491728982,0.5405245210874002,0.3209681067631758,0.2275586058402328,77.24413941597672
11411018019,Ipsum Sodales Industries,0.9274869703149785,0.5122206367321388,0.2829676543768378,0.6052273123459082,39.47726876540918
11422053652,Aptent Taciti Consulting,0.35010197144799454,0.6544341684371514,0.6380909296539244,0.4940964505509595,50.59035494490405
11422618712,Praesent Luctus Inc.,0.5961930659415363,0.6454360842541216,0.5326849129156299,0.5644389894285831,43.556101057141696
11437621158,Nam Foundation,0.2635395422615001,0.5461614743984232,0.331825378873558,0.29768246056752906,70.2317539432471
11439466003,Blandit At LLC,0.40335372762293226,0.2997782686257116,0.024202669079393804,0.21377819835116302,78.62218016488369
11452293720,Sed Neque Sed Inc.,0.6492182188987083,0.6634259382638535,0.9608685817688306,0.8050434003337694,19.49565996662306
11470993597,Sed Associates,0.42329481078631315,0.6337734364737917,0.49966071024655057,0.46147776051643186,53.852223948356816
11563852275,Proin Vel Incorporated,0.3702696578291412,0.6518402069711982,0.5786021262157883,0.4744358920224647,52.55641079775353
11566786699,Euismod Et Institute,0.4946748243825062,0.29452259412111914,0.011309658448314861,0.25299224141541055,74.70077585845894
11588046517,Dolor Industries,0.41536369816451396,0.543494704973695,0.3259443564804343,0.3706540273224741,62.93459726775259
11590404675,Arcu Sed PC,0.08633582596872875,0.29607818240092093,0.018095453517303777,0.05221563974301627,94.77843602569837
11633090957,Cum Sociis Incorporated,0.8332200317244505,0.6607517575773256,0.8543315991857046,0.8437758154550775,15.622418454492248
11700214701,Vitae Aliquam Incorporated,0.7054158169046001,0.4937679795839762,0.23230038452838725,0.4688581007164937,53.11418992835063
11766327188,Ante Maecenas Mi Incorporated,0.8089734874235214,0.6617486532444763,0.8954987559375707,0.8522361216805461,14.776387831945392
11788487195,Id Magna LLP,0.6861545433945162,0.6608319654576827,0.8579506898891653,0.7720526166418408,22.79473833581592
11791943985,Nulla Magna Incorporated,0.8067074552458645,0.6378757091806244,0.5157204252431576,0.6612139402445111,33.87860597554889
11800043583,Morbi Vehicula Inc.,0.05914343983684568,0.49008016273620886,0.2198597602352409,0.13950160003604328,86.04983999639568
11802512399,At Egestas A Corp.,0.45637888058010423,0.45274655022735116,0.16195430897986882,0.30916659477998654,69.08334052200135
11839682616,,0.2895989123045547,0.34987317484803304,0.05360778104501244,0.17160334667478358,82.83966533252163
11841065357,Eu Tellus Industries,0.6102424654430093,0.5470875442337922,0.33386111739425467,0.47205179141863196,52.7948208581368
11848576000,Aenean Eget Corporation,0.08769544527532291,0.5784516659117739,0.3883736711151323,0.23803455819522762,76.19654418047723
11895748930,Gravida Inc.,0.395422615001133,0.4229160375174653,0.12327527708663198,0.2593489460438825,74.06510539561175
11944993446,Tincidunt Dui Corp.,0.7140267391796964,0.4060851218296244,0.10223931237276634,0.40813302577623134,59.18669742237687
11961681734,Dui Cras Pellentesque Company,0.8103331067301156,0.6621209192813985,0.9097489255824475,0.8600410161562815,13.995898384371852
11974270529,Dui Fusce Corp.,0.1697258101065035,0.42413364131156184,0.12372766342456458,0.14672673676553405,85.3273263234466
11975295389,Tortor Corp.,0.15159755268524813,0.5856792005148139,0.3978737842117168,0.27473566844848246,72.52643315515175
11981237946,Sed Molestie Sed Institute,0.8506684794924088,0.6634908155995785,0.9631305134584935,0.9068994964754511,9.31005035245489
12014115545,In Lobortis Company,0.2848402447314752,0.503592178141561,0.2603483374802081,0.27259429110584166,72.74057088941584
12031655138,Tincidunt Aliquam Arcu Corp.,0.22932245637888057,0.6632319860641219,0.9513684686722461,0.5903454625255633,40.96545374744367
12034469787,Pede Suspendisse Corp.,0.4566054837978699,0.5577702221587252,0.3578375933046822,0.4072215385512761,59.27784614487239
12037481016,Consequat LLP,0.11851348289145706,0.6630371707575681,0.9418683555756616,0.5301909192335593,46.98090807664407
12042198256,Donec Nibh LLP,0.4076591887604804,0.557766802189776,0.3576114001357159,0.3826352944480982,61.73647055519018
12103450178,Tincidunt Tempus Incorporated,0.9771130750056651,0.6494043731291351,0.5568875819950238,0.7670003285003444,23.29996714996556
12133839110,Et Eros Limited,0.06322229775662815,0.6813045841849019,0.9886903415516851,0.5259563196541567,47.40436803458433
12161076724,Eu Ultrices Ltd,0.38771810559709946,0.5896320340399913,0.407147704139335,0.39743290486821725,60.25670951317827
12171241826,Interdum Sed Foundation,0.10627690913210967,0.653687739443729,0.6166025786021262,0.3614397438671179,63.8560256132882
12173100693,Quam Quis Diam Foundation,0.4640833899841378,0.4028537667227352,0.09635828997964262,0.2802208399818902,71.97791600181098
12182018430,Integer In Ltd,0.09336052571946522,0.5873249540159604,0.40058810223931235,0.2469743139793888,75.30256860206113
12183270048,Risus Consulting,0.7067754362111942,0.6601995703471167,0.8305813164442434,0.7686783763277187,23.132162367228126
12185659961,Aliquam Ornare Libero LLP,0.19465216406072966,0.6552460566277855,0.6625197919022846,0.4285859779815071,57.14140220184929
12208064492,Nullam Ut Industries,0.8529345116700657,0.6809333646274685,0.9882379552137526,0.9205862334419092,7.941376655809085
12219088747,Velit Corp.,0.4140040788579198,0.6591712885826758,0.7878308075096132,0.6009174431837665,39.90825568162335
12240378188,Ut Ipsum Corp.,0.016315431679129844,0.5832973559455653,0.39425469350825604,0.20528506259369295,79.4714937406307
12296390138,Montes Nascetur Ridiculus Industries,0.2757761160208475,0.646653132624484,0.5383397421397874,0.40705792908031746,59.294207091968254
12353567572,Quam Curabitur Company,0.831407205982325,0.6023076952113204,0.4365528161049536,0.6339800110436393,36.601998895636065
12374632228,Posuere Enim Incorporated,0.13573532744164968,0.5842282589949366,0.3962904320289527,0.2660128797353012,73.39871202646988
12380299397,Neque Morbi Foundation,0.2227509630636755,0.6601462878696432,0.8278669984166478,0.5253089807401616,47.469101925983836
12395011633,Luctus Sit Corporation,0.9061862678450034,0.6620586506465651,0.9077131870617507,0.9069497274533771,9.30502725466229
12404803031,Porttitor Scelerisque Neque Limited,0.18309539995467936,0.6538031852084665,0.6204478624745533,0.40177163121461634,59.82283687853837
12426913844,Diam Proin Industries,0.6934058463630184,0.660922059442643,0.862248360099525,0.7778271032312717,22.21728967687283
12434006854,Feugiat Non Associates,0.4978472694312259,0.5028778636344913,0.25808640579054515,0.37796683761088556,62.20331623891144
12438697459,At Arcu Industries,0.44164967142533423,0.5333564798954421,0.3078489029631305,0.3747492871942324,62.52507128057676
12476477880,Egestas A Scelerisque Limited,0.04418762746430999,0.6569115491079317,0.7097941642162406,0.37699089584027534,62.30091041597247
12483082042,Sed PC,0.7414457285293451,0.5459315066664647,0.33069441302872654,0.5360700707790358,46.39299292209642
12497320096,Velit Quisque LLP,0.4214819850441876,0.6576877235389161,0.7353539923094322,0.5784179886768099,42.15820113231901
12513701055,Et Lacinia Industries,0.9127577611602085,0.6612893843201499,0.8785342682650984,0.8956460147126535,10.435398528734652
12516851436,Mollis Corp.,0.9150237933378654,0.6625987950603986,0.926939606423886,0.9209816998808757,7.901830011912425
12543580354,Ut Aliquam Corp.,0.6469521867210515,0.45599719026077185,0.16896629721782402,0.4079592419694378,59.20407580305622
12578813079,Eros Corporation,0.9481078631316565,0.6635498937243126,0.9635828997964262,0.9558453814640413,4.41546185359587
12710873213,Maecenas Mi Felis Limited,0.12485837298889645,0.6627560592903791,0.9334992083239086,0.5291787906564025,47.08212093435975
12711807314,Senectus Foundation,0.9431225923408112,0.6576882304327818,0.7355801854783985,0.8393513889096049,16.06486110903951
12741443840,Tincidunt Aliquam Limited,0.20326308633582596,0.4267682360850437,0.12666817462112645,0.1649656304784762,83.50343695215237
12771097467,At Pretium Corp.,0.34760933605257194,0.33369956747230234,0.0486315313277539,0.1981204336901629,80.1879566309837
12840456630,Purus Inc.,0.9607976433265353,0.6636373814618683,0.9656186383171228,0.963208140821829,3.679185917817096
12847992240,Nec Enim Company,0.12553818264219352,0.6062259917177122,0.44288622483601,0.2842122037391017,71.57877962608983
12870663624,Vestibulum Ut Eros Corporation,0.3555404486743712,0.36215882407862754,0.0655960190002262,0.2105682338372987,78.94317661627012
12888399565,In Molestie Limited,0.36551099025606165,0.6325887884938104,0.49287491517756166,0.4291929527168117,57.080704728318835
12899341959,Consectetuer Euismod Inc.,0.13142986630410153,0.6571664893050935,0.7156751866093644,0.4235525264567329,57.64474735432671
12927607277,Amet Orci Industries,0.8737820077045094,0.6578888863107542,0.7428183668853201,0.8083001872949147,19.16998127050853
12959550150,Nunc Risus Company,0.710627690913211,0.6311541286833392,0.4881248586292694,0.5993762747712402,40.062372522875975
12959561070,,0.0015862225243598459,0.3743405515254107,0.07622709794164216,0.038906660233001,96.1093339766999
12983555508,Nibh Lacinia Foundation,0.0056650804441423066,0.6926657434842086,0.9945713639448088,0.5001182221944755,49.98817778055245
13041890826,Sit Amet Ltd,0.6562429186494448,0.6624076069246726,0.9215109703686949,0.7888769445090699,21.112305549093012
13061606045,Risus Limited,0.9517335146159075,0.6063348723620119,0.44356480434290885,0.6976491594794082,30.23508405205918
13066244467,Ac Orci Industries,0.7541355087242239,0.6537161266834446,0.6186383171228229,0.6863869129235234,31.361308707647662
13067850740,Felis Eget Industries,0.13822796283707228,0.43705033254096454,0.13368016285908166,0.13595406284807698,86.4045937151923
13086571368,Enim Diam Vel Industries,0.3616587355540449,0.6596118535641999,0.8072834200407147,0.5844710777973798,41.55289222026202
13093581573,Dis Parturient Corporation,0.5542714706548832,0.5242177814397581,0.298348789866546,0.4263101302607146,57.368986973928536
13103397121,Litora Torquent Limited,0.6770904146838885,0.6526482154764294,0.5899117846641031,0.6335010996739958,36.64989003260042
13106608471,Sem Vitae PC,0.09879900294584183,0.6574094574514654,0.7229133680162859,0.4108561854810639,58.914381451893604
13108046922,Luctus Limited,0.8148651710854294,0.6528067576598664,0.5930784890296313,0.7039718300575304,29.60281699424696
13118172970,Placerat Cras Incorporated,0.48425107636528436,0.3591654906524595,0.060393576114001354,0.27232232623964286,72.76776737603572
13120157976,Sem Egestas Blandit Limited,0.7260367097212781,0.6544112888048449,0.6371861569780592,0.6816114333496687,31.838856665033134
13129485817,,0.10015862225243599,0.6271982791868425,0.47704139334992085,0.28860000780117845,71.13999921988216
13136513766,Pede Nec Incorporated,0.7099478812599139,0.6594230827455813,0.8002714318027595,0.7551096565313367,24.489034346866333
13159730941,Metus LLC,0.9055064581917063,0.6514788824066517,0.5718163311467994,0.7386613946692528,26.133860533074717
13177076095,,0.3788805801042375,0.6558246435349685,0.6815200180954535,0.5302002990998455,46.979970090015456
13226823813,,0.3165646952186721,0.6666586796580958,0.9816783533137299,0.649121524266201,35.087847573379904
13248824465,Convallis Erat Limited,0.052345343303874914,0.4971144029720293,0.2429314634698032,0.14763840338683906,85.2361596613161
13255205539,In Aliquet Inc.,0.3893043281214593,0.49292306576702954,0.22958606650079166,0.3094451973111255,69.05548026888745
13272374672,Leo In Incorporated,0.14208021753908906,0.6610925792187927,0.8692603483374802,0.5056702829382846,49.432971706171536
13285958344,Purus Gravida Sagittis Inc.,0.5116700657149331,0.34676658147147943,0.05270300836914725,0.28218653704204016,71.78134629579598
13289167958,,0.026285973260820304,0.5321930131747707,0.3060393576114001,0.16616266543611022,83.38373345638898
13290952071,Eget Foundation,0.21346023113528212,0.6633585826047274,0.9588328432481339,0.5861465371917081,41.3853462808292
13297955415,Adipiscing Mauris Associates,0.6750509857239972,0.657319320819634,0.7197466636507578,0.6973988246873775,30.260117531262253
13376463476,Sed Sem Egestas Institute,0.6757307953772943,0.6603878772499916,0.8389504636959964,0.7573406295366454,24.265937046335463
13401263605,Fames Inc.,0.7598005891683662,0.649898290612359,0.559375706853653,0.6595881480110096,34.041185198899036
13447011295,Magna Nec Institute,0.4285066847949241,0.6335434613635532,0.4978511648948202,0.4631789248448721,53.68210751551279
13447019122,Amet Risus Foundation,0.35961930659415364,0.6587180906944592,0.7706401266681746,0.5651297166311642,43.48702833688358
13461552885,Dapibus Id Blandit Institute,0.0938137321549966,0.6602542459037338,0.8328432481339063,0.46332849014445143,53.667150985554855
13467303030,Duis LLP,0.037389530931339225,0.6054588598143069,0.44175525899117846,0.23957239496125884,76.04276050387412
13473158710,Tempor Lorem Eget Incorporated,0.21753908905506458,0.6139082890863582,0.45849355349468446,0.3380163212748745,66.19836787251255
13494073581,,0.9732608203036484,0.49729943519031183,0.2438362361456684,0.6085485282246583,39.14514717753417
13514558491,Magna Praesent PC,0.6177203716292772,0.3146403640596007,0.03777425921737163,0.3277473154233244,67.22526845766757
13555086357,Ipsum LLP,0.2528891910265126,0.42902602316024807,0.12779914046595792,0.19034416574623525,80.96558342537648
13565102775,Malesuada LLP,0.4516202130070247,0.32673813173984556,0.04636959963809093,0.24899490632255783,75.10050936774422
13571059405,Dapibus Institute,0.339451620213007,0.6601802732109284,0.8294503505994119,0.5844509854062094,41.55490145937905
13606543798,Odio Phasellus Associates,0.9746204396102425,0.6209679247806587,0.46799366659126895,0.7213070531007557,27.86929468992443
13611382586,Quisque Tincidunt Pede Limited,0.19737140267391798,0.6623293042224838,0.9183442660031667,0.5578578343385423,44.21421656614577
13631004035,Eu Eleifend Incorporated,0.6872875594833446,0.6561202696769662,0.6901153585161728,0.6887014589997587,31.129854100024133
13663374533,Ac Mattis Limited,0.7888058010423749,0.6561817571970345,0.6919249038679032,0.740365352455139,25.963464754486097
13747603419,Fermentum Vel Mauris Institute,0.9834579651031045,0.537803731081747,0.315087084370052,0.6492725247365783,35.07274752634218
13770392625,Suspendisse Institute,0.20734194425560842,0.6618806336602229,0.9004750056548292,0.5539084749552188,44.609152504478125
13803154777,Lorem Auctor LLC,0.0351234987536823,0.6591560433181548,0.7866998416647817,0.41091167020923197,58.908832979076806
13812221471,Eget Massa Associates,0.4699750736460458,0.3821096871114757,0.07984618864510291,0.27491063114557435,72.50893688544257
13822969155,Pellentesque Habitant Morbi Associates,0.11964649898028552,0.6936411500629808,0.9952499434517078,0.5574482212159967,44.25517787840033
13823979247,Egestas Limited,0.49966009517335147,0.6537089026374634,0.6181859307848903,0.5589230129791208,44.107698702087916
13830448327,Neque Sed PC,0.5912077951506911,0.6007418505398473,0.43451707758425695,0.5128624363674741,48.71375636325259
13839274306,Sit Amet Consectetuer PC,0.4407432585542715,0.36087239796490783,0.06310789414159693,0.2519255763479342,74.80744236520658
13868849576,,0.26172671651937457,0.5104715591197124,0.28047952951820854,0.2711031230187916,72.88968769812084
13900607417,Pharetra Institute,0.03942895989123046,0.6565754420975322,0.7009726306265551,0.37020079525889277,62.97992047411072
13902377680,Mollis Nec Cursus LLP,0.4668026285973261,0.6551245638938584,0.6589007011988238,0.5628516648980749,43.714833510192506
13917288638,Leo Vivamus Nibh Associates,0.8823929299796057,0.6445238179273114,0.5306491743949333,0.7065210521872696,29.34789478127304
13942467372,Amet Massa Corporation,0.7659188760480399,0.6631183539641037,0.9452612531101561,0.8555900645790979,14.440993542090208
13945345356,Nibh Donec Est Associates,0.1876274643099932,0.5347118098913785,0.31078941415969236,0.24920843923484276,75.07915607651572
13986396343,Nulla In Inc.,0.14321323362791752,0.6617929606292069,0.8968559149513685,0.5200345742896431,47.9965425710357
14004773634,Dapibus Gravida Limited,0.0009064128710627691,0.46398434382930054,0.18321646686270074,0.09206143986688176,90.79385601331182
14040735315,Morbi Tristique Senectus Limited,0.7237706775436211,0.5467213388302531,0.3331825378873558,0.5284766077154884,47.152339228451154
14042321810,Ac PC,0.2492635395422615,0.6608941984121091,0.8604388147477946,0.5548511771450281,44.514882285497194
14058755389,Vel Mauris Integer Limited,0.3528212100611829,0.4683531026915042,0.1877403302420267,0.2702807701516048,72.97192298483952
14081759429,Velit Pellentesque Associates,0.8683435304781328,0.6601666504947179,0.8285455779235467,0.8484445542008398,15.155544579916025
14089706307,Donec Institute,0.8363924767731702,0.6547678550422034,0.6494005881022393,0.7428965324377048,25.71034675622952
14145464079,Arcu Sed Inc.,0.14230682075685475,0.6603162600607575,0.8360099524994345,0.48915838662814465,51.08416133718554
14148282104,Dictum Magna Ltd,0.2202583276682529,0.46002009662247045,0.17688305813164443,0.19857069289994866,80.14293071000513
14246432250,Mauris Elit Foundation,0.6256514842510764,0.5443883555922022,0.3273015154942321,0.4764764998726543,52.352350012734576
14278929774,Etiam LLP,0.6356220258327668,0.654763529626852,0.649174394933273,0.6423982103830199,35.76017896169801
14314268730,Nec Ltd,0.7251302968502152,0.6325028520261081,0.49264872200859533,0.6088895094294053,39.11104905705947
14315147591,Vitae Orci Institute,0.9598912304554724,0.6990777068314867,0.9972856819724044,0.9785884562139384,2.141154378606158
14316652139,Sed Dolor Inc.,0.8119193292544754,0.6529178032252827,0.597376159239991,0.7046477442472332,29.53522557527668
14336275166,Euismod Est Associates,0.5257194652164061,0.5861708576029385,0.398778556887582,0.46224901105199406,53.775098894800585
14420598156,Bibendum Sed Est Foundation,0.7097212780421482,0.6659685704420367,0.9805473874688985,0.8451343327555234,15.486566724447659
14430838529,Magna A Neque LLC,0.6673464763199637,0.294876667174773,0.013571590137977834,0.34045903322897075,65.95409667710292
14443753481,Purus Ac Incorporated,0.5026059370043054,0.6647977131743257,0.9757973309206062,0.7392016339624559,26.079836603754416
14480530534,Eu Augue Corporation,0.254022207115341,0.4959411257313365,0.23931237276634246,0.24666728994084175,75.33327100591582
14492521225,Praesent Eu Associates,0.598685701336959,0.2941313417131344,0.009952499434517077,0.304319100385738,69.56808996142621
14522297874,Nonummy Ipsum Non Inc.,0.17425787446181737,0.6558009036483339,0.6808414385885546,0.427549656525186,57.24503434748141
14530561097,Duis At Inc.,0.8017221844550193,0.8080054474543396,0.9993214204931011,0.9005218024740602,9.947819752593979
14555045817,Commodo Auctor Ltd,0.07160661681395876,0.6555958908593092,0.6747342230264646,0.37317041992021166,62.682958007978826
14559784311,Convallis Ligula Donec Inc.,0.21481985044187626,0.6605261308426432,0.8446052929201538,0.529712571681015,47.0287428318985
14570580767,Lacus Etiam Inc.,0.09041468388851122,0.6594106016055666,0.799819045464827,0.4451168646766691,55.48831353233309
14583462783,Elit Elit Institute,0.2905053251756175,0.4594823150638918,0.17552589911784663,0.23301561214673205,76.6984387853268
14602793938,Cursus Vestibulum LLP,0.6088828461364152,0.6567216558925967,0.7043655281610496,0.6566241871487324,34.33758128512676
14616123867,Fringilla Porttitor Vulputate PC,0.9737140267391797,0.4831675730537726,0.2042524315765664,0.588983229157873,41.101677084212696
14626521979,Dictum Proin PC,0.7736233854520734,0.46911813396944785,0.18864510291789188,0.48113424418498263,51.88657558150174
14639241847,Aliquet Molestie Tellus Company,0.3782007704509404,0.5918531206778889,0.4137073060393576,0.395954038245149,60.4045961754851
14639489823,Auctor Mauris Incorporated,0.6587355540448674,0.48628750936119103,0.20855010178692604,0.4336428279158967,56.63571720841033
14666015798,Elementum Dui Associates,0.9449354180829368,0.6622902006823734,0.91630852748247,0.9306219727827034,6.937802721729658
14675858680,Sollicitudin Adipiscing LLC,0.3079537729435758,0.6561574099133621,0.6907939380230717,0.4993738554833237,50.06261445166763
14762929642,Dolor Nonummy Ac Corporation,0.19261273510083843,0.6553941554685816,0.6684008142954083,0.4305067746981234,56.949322530187665
14796275705,In Tincidunt Congue Institute,0.1960117833673238,0.6573529428502759,0.7204252431576567,0.45821851326249025,54.17814867375097
14804580099,Sem Consequat Consulting,0.18422841604350781,0.46630495996362487,0.18570459172133003,0.18496650388241892,81.50334961175811
14809247463,Id Mollis PC,0.7829141173804668,0.6816072012156144,0.989368921058584,0.8861415192195254,11.385848078047456
14820207872,Vehicula Pellentesque PC,0.7473374121912532,0.6518370470228166,0.578375933046822,0.6628566726190376,33.71433273809624
14827550074,,0.12508497620666215,0.4200056688395546,0.11988237955213753,0.12248367787939984,87.75163221206002
14878918457,Ultrices Limited,0.24223883979152505,0.6592109564269617,0.7896403528613436,0.5159395963264344,48.40604036735656
14939466370,Nunc Ac LLP,0.17697711307500566,0.6630927404657995,0.9443564804342909,0.5606667967546483,43.933320324535174
14955471775,A Associates,0.4348515748923635,0.6583835447314561,0.7591042750508935,0.5969779249716285,40.30220750283715
14961279222,Lacinia At Inc.,0.29866304101518243,0.490516312350459,0.22166930558697126,0.26016617330107683,73.98338266989232
14965232967,Augue Ac Ipsum Associates,0.6773170179016542,0.5490703218795534,0.3399683329563447,0.5086426754289994,49.135732457100055
15010840269,Elit Erat Ltd,0.39723544074325856,0.4901199115929681,0.2203121465731735,0.308773793658216,69.1226206341784
15043504837,Odio Incorporated,0.13301608882846136,0.36985370646853477,0.07238181406921511,0.10269895144883823,89.73010485511618
15058508937,,0.9249943349195558,0.6509197595843914,0.563899570232979,0.7444469525762674,25.555304742373263
15061716544,Tempus Scelerisque Lorem Incorporated,0.4237480172218446,0.36111149936840076,0.06333408731056323,0.2435410522662039,75.64589477337961
15069598461,Parturient Institute,0.4065261726716519,0.31228193445633656,0.03438136168287718,0.22045376717726456,77.95462328227354
15070005651,Vulputate Mauris Inc.,0.6684794924087922,0.6605006469862549,0.8430219407373898,0.755750716573091,24.424928342690897
15073534664,Dignissim Tempor Arcu Ltd,0.5171085429413098,0.6522557614919772,0.584483148608912,0.550795845775111,44.9204154224889
15073921424,,0.04260140493995015,0.4723771300366031,0.19045464826962225,0.1165280266047862,88.34719733952137
15093767253,Arcu Curabitur Limited,0.18558803535010196,0.661154276617121,0.8717484731961095,0.5286682542731057,47.13317457268943
15115332331,In Consectetuer Ltd,0.8064808520280988,0.6607267612053686,0.8527482470029405,0.8296145495155196,17.03854504844804
15130143460,Integer LLP,0.3464763199637435,0.4101206972180362,0.10721556209002488,0.22684594102688418,77.31540589731158
15135045968,Eu Dui Ltd,0.16202130070246998,0.6197006149142343,0.4664103144085049,0.31421580755548745,68.57841924445125
15157368385,Tempus Non Lacinia Inc.,0.9245411284840245,0.6427741319283029,0.5265776973535399,0.7255594129187821,27.444058708121787
15253672771,Nascetur Ridiculus LLC,0.4004078857919782,0.5389843719961214,0.3178014023976476,0.3591046440948129,64.08953559051871
15269431008,Nisi Limited,0.5347835939270338,0.3575873937015246,0.059488803438136166,0.29713619868258495,70.28638013174151
15293888435,Ipsum Sodales Purus Company,0.009064128710627692,0.39216980134312784,0.08663198371409184,0.04784805621235976,95.21519437876402
15297597516,Ornare Lectus Corp.,0.7625198277815545,0.6592244730544115,0.7912237050441077,0.7768717664128311,22.312823358716894
15299889494,Porttitor Eros Ltd,0.4958078404713347,0.3178910583474935,0.041167156751866094,0.2684874986116004,73.15125013883997
15302620892,Facilisis Suspendisse PC,0.13958758214366643,0.662545086512446,0.9264872200859534,0.5330374011148099,46.69625988851901
15332026424,Metus Urna Convallis Ltd,0.9506004985270791,0.6633353886528437,0.9570232978964035,0.9538118982117413,4.618810178825871
15347709593,Eget Corp.,0.8866983911171539,0.6604989329437653,0.8425695543994571,0.8646339727583054,13.536602724169455
15353137412,Semper Pretium PC,0.9392703376387944,0.6231157994767609,0.4716127572947297,0.705441547466762,29.455845253323798
15359085759,Ac Urna Ut PC,0.35100838431905734,0.45210115929862793,0.16037095679710472,0.255689670558081,74.4310329441919
15367144876,Id Nunc Corporation,0.7391796963516882,0.6329615059775754,0.4951368468672246,0.6171582716094564,38.284172839054364
15422452671,Euismod Corporation,0.44119646498980286,0.6645710589230219,0.9746663650757748,0.7079314150327888,29.20685849672112
15441635442,Lectus A Corp.,0.3981418536143213,0.37938758236758807,0.07894141596923773,0.23854163479177953,76.14583652082206
15446964877,Pede Industries,0.7779288465896216,0.6648227970271272,0.9760235240895725,0.876976185339597,12.302381466040302
15457638036,Gravida Praesent LLP,0.9120779515069114,0.5275011071565175,0.300610721556209,0.6063443365315602,39.365566346843984
15489539819,In Mi PC,0.9166100158622252,0.44055193376238433,0.1375254467315087,0.527067731296867,47.2932268703133
15514494276,Et Euismod Et Associates,0.6938590527985498,0.6637837298879935,0.9701425016964488,0.8320007772474993,16.79992227525007
15527324674,Laoreet Libero LLC,0.1144346249716746,0.6589090298851787,0.7762949558923321,0.44536479043200333,55.46352095679967
15531408565,Aliquam Eu LLP,0.590527985497394,0.5036635983335649,0.2608007238181407,0.42566435465776736,57.43356453422326
15544195408,Proin Company,0.11284840244731476,0.6554518483814148,0.6704365528161049,0.39164247763170984,60.83575223682902
15549624934,Commodo Associates,0.2959438024019941,0.6599733625009402,0.8206288170097263,0.5582863097058602,44.171369029413974
15560455575,Morbi Accumsan Laoreet Industries,0.5572173124858373,0.2962032521758165,0.01854783985523637,0.2878825761705368,71.21174238294631
15577036924,Euismod Ac Corporation,0.09268071606616814,0.659671216093646,0.8090929653924451,0.4508868407293066,54.91131592706934
15582356843,Consectetuer Cursus Company,0.20416949920688873,0.6617247702322789,0.8948201764306718,0.5494948378187803,45.05051621812197
15582655078,Eu Odio Phasellus Corp.,0.49739406299569455,0.4971920365934487,0.2433838498077358,0.3703889564017152,62.96110435982848
15612785317,Congue Corporation,0.8658508950827102,0.6620305896482795,0.9065822212169192,0.8862165581498147,11.37834418501853
15613631617,Ante Industries,0.47450713800135963,0.5868897247981143,0.3994571363944809,0.43698213719792023,56.30178628020798
15625166573,Velit Quisque Industries,0.31928393383186043,0.6570333980375359,0.7113775163990047,0.5153307251154325,48.46692748845675
15686458582,Sed Orci Lobortis Corp.,0.8438703829594381,0.6342178981298545,0.5012440624293146,0.6725572226943763,32.74427773056237
15699401518,,0.6990709268071607,0.6369747742894468,0.513684686722461,0.6063778067648109,39.36221932351891
15700338102,Aliquam Ornare Inc.,0.3090867890324043,0.6631357225554837,0.9459398326170549,0.6275133108247296,37.24866891752704
15704713883,Faucibus Ut Nulla Ltd,0.01994108316338092,0.6574221387943963,0.7238181406921511,0.37187961192776603,62.81203880722339
15710208349,Rhoncus Foundation,0.8182642193519148,0.4297555849382763,0.12825152680389051,0.4732578730779027,52.674212692209736
15790540567,Integer Foundation,0.4457285293451167,0.49574507728494394,0.23818140692151096,0.34195496813331383,65.80450318666861
15795298692,Sollicitudin LLC,0.11874008610922275,0.4979402141568158,0.24564578149739877,0.18219293380331075,81.78070661966892
15862090061,,0.7595739859506005,0.6025831857491646,0.4370052024428862,0.5982895941967434,40.17104058032566
15870230869,Ullamcorper Eu Euismod Corp.,0.7928846589621572,0.6630703577620926,0.9429993214204931,0.8679419901913252,13.205800980867476
15896837295,Quam Quis Foundation,0.7314751869476547,0.6623028617994333,0.9167609138204026,0.8241180503840286,17.588194961597136
15903176024,Adipiscing Elit PC,0.4538862451846816,0.40095658261960415,0.09522732413481112,0.27455678465974637,72.54432153402537
15912561882,Nullam Nisl Institute,0.6775436211194199,0.5031557375627053,0.258764985297444,0.468154303208432,53.1845696791568
15937271532,Diam Proin Dolor Limited,0.23680036256514841,0.6591709131418418,0.7876046143406469,0.5122024884528976,48.77975115471024
15965199256,Proin Nisl Sem Corp.,0.746657602537956,0.6600986553013006,0.8251526803890522,0.7859051414635041,21.409485853649592
15971734188,Magna Nec Quam LLP,0.11239519601178337,0.6576874282630165,0.735127799140466,0.4237614975761247,57.62385024238753
15998215727,Ut Lacus Nulla Ltd,0.6564695218672105,0.6547580443953894,0.6489482017643067,0.6527088618157586,34.72911381842414
16002602393,Suscipit Est Ac Corporation,0.18241559030138227,0.48528617159443177,0.20719294277312825,0.19480426653725524,80.51957334627447
16019856141,Dignissim Magna Incorporated,0.0557443915703603,0.6577522483775866,0.7376159239990953,0.39668015778472776,60.33198422152722
16058191622,Parturient Incorporated,0.7992295490595966,0.34206677233853544,0.050214883510517984,0.4247222162850573,57.52777837149428
16096277862,Arcu Vivamus Incorporated,0.4051665533650578,0.5969093198319894,0.42705270300836917,0.4161096281867135,58.38903718132865
16104218122,Scelerisque Ltd,0.012463176977113076,0.39188367768200744,0.08617959737615924,0.04932138717663616,95.06786128233638
16119907679,Proin Non Inc.,0.21844550192612736,0.4877726005892428,0.2117168061524542,0.2150811540392908,78.49188459607093
16143938351,Enim Institute,0.1287106276909132,0.5771112888068618,0.38565935308753674,0.257184990389225,74.28150096107751
16156289887,Aliquet Sem Corp.,0.009743938363924768,0.47496749911559144,0.19271657995928523,0.101230259161605,89.8769740838395
16165222459,Vehicula Pellentesque LLP,0.3564468615454339,0.5423478339347615,0.3236824247907713,0.3400646431681026,65.99353568318975
16174402479,Neque Sed Dictum Company,0.6236120552911851,0.5912886008313988,0.41167156751866096,0.517641811404923,48.235818859507695
16178821827,Odio Tristique Institute,0.05710401087695445,0.495867770517401,0.23840760009047726,0.14775580548371586,85.22441945162842
16199101110,Et Magnis Dis Corporation,0.5624291864944482,0.6619768925902565,0.9047726758651888,0.7336009311798185,26.63990688201815
16218917521,In At Pede LLC,0.3281214593247224,0.661789924006869,0.8966297217824022,0.6123755905535623,38.76244094464377
16242364669,In Nec Limited,0.23408112395196012,0.6625233427916588,0.9260348337480208,0.5800579788499904,41.99420211500096
16248082282,Phasellus Foundation,0.4722411058237027,0.4992501163106932,0.24858629269396065,0.3604136992588317,63.958630074116826
16254418652,Urna LLP,0.2553818264219352,0.6578944988786749,0.743496946392219,0.4994393864070771,50.05606135929229
16256895427,Tempus Non Foundation,0.49036936324495806,0.4843660037149806,0.20583578375933048,0.34810257350214424,65.18974264978557
16286338734,Vitae PC,0.4368910038522547,0.35479460920806133,0.05767925808640579,0.24728513096933025,75.27148690306697
16288327194,A Neque LLC,0.3965556310899615,0.36912944297602235,0.07147704139334993,0.23401633624165571,76.59836637583443
16315736437,Id Mollis Limited,0.8694765465669613,0.6524415903318014,0.5865188871296086,0.727997716848285,27.200228315171504
16334864366,Curabitur LLP,0.09539995467935644,0.6563796332998539,0.6957701877403303,0.3955850712098434,60.441492879015655
16361981729,Et LLC,0.011330160888284613,0.49479813037696385,0.2356932820628817,0.12351172147558316,87.64882785244168
16377211887,Gravida Mauris PC,0.018354860639021073,0.5647869982813585,0.37027821759782853,0.1943165391184248,80.56834608815751
16388802220,Iaculis Aliquet Institute,0.6113754815318377,0.6567032541838264,0.7036869486541506,0.6575312150929942,34.24687849070058
16394504716,Enim Nec Tempus Corporation,0.35712667119873104,0.5552187681224542,0.35308753675638993,0.3551071039775605,64.48928960224394
16404532871,Et Malesuada Ltd,0.0818037616134149,0.6617978167214719,0.8973083012893011,0.48955603145135795,51.0443968548642
16423528990,Litora Torquent Corporation,0.33378653976886474,0.49172322707645,0.2261931689662972,0.27998985436758095,72.00101456324191
16432242544,Aliquam Eros Company,0.09925220938137322,0.655681147991559,0.6774485410540602,0.3883503752177167,61.16496247822833
16452078130,In Sodales PC,0.4983004758667573,0.44809932792850454,0.15154942320741913,0.3249249495370882,67.50750504629117
16492082804,Et Malesuada Institute,0.4944482211647405,0.42642161788780464,0.12621578828319385,0.31033200472396716,68.96679952760329
16496390781,,0.07976433265352369,0.6514409678472564,0.5711377516399004,0.32545104214671206,67.4548957853288
16500351705,Sociosqu Corporation,0.86743711760707,0.6491085961502971,0.555530422981226,0.711483770294148,28.8516229705852
16528286991,Pellentesque Massa Limited,0.016542034896895538,0.576612787023741,0.38520696674960414,0.20087450082324984,79.91254991767501
16550028284,In LLP,0.1787899388171312,0.6632501305616842,0.9524994345170776,0.5656446866671044,43.43553133328955
16570599421,Non Magna Nam PC,0.6514842510763653,0.4046228043285534,0.09997738068310337,0.37573081587973434,62.426918412026566
16587082018,Laoreet Ipsum Ltd,0.3899841377747564,0.5615656846839248,0.3650757747116037,0.37752995624318003,62.247004375682
16629601490,Enim Non Foundation,0.2141400407885792,0.49638418285327834,0.24089572494910655,0.2275178828688429,77.24821171311571
16644129035,Magna Associates,0.5939270337638795,0.35945307786277536,0.06107215562090025,0.3274995946923899,67.25004053076101
16676754730,Risus Donec Limited,0.6048039882166327,0.6526812425429157,0.5908165573399683,0.5978102727783006,40.218972722169944
16765088338,Duis Elementum Corp.,0.22093813732154996,0.6599171219937564,0.8179144989821308,0.5194263181518404,48.057368184815964
16771252290,Nonummy Corp.,0.10446408338998414,0.6476198470946869,0.5458041167156752,0.32513410005282967,67.48658999471704
16796167828,Elit Pretium Limited,0.9719012009970541,0.6540372353569621,0.6272336575435422,0.7995674292702981,20.04325707297019
16863641025,Aliquet Diam LLC,0.6881939723544074,0.6563973864656132,0.6969011535851617,0.6925475629697846,30.74524370302154
16903677169,Quis Lectus Nullam PC,0.14751869476546567,0.5992691570290228,0.4324813390635603,0.290000016914513,70.99999830854871
16919425848,Aliquam LLP,0.6238386585089508,0.6238824853960853,0.4720651436326623,0.5479519010708065,45.20480989291935
16941018799,Eget Laoreet Inc.,0.4198957625198278,0.6593109376207127,0.7950689889165348,0.6074823757181813,39.25176242818187
16980639748,Sodales Elit Erat LLC,0.3419442556084296,0.5947951249242966,0.4220764532911106,0.3820103544497701,61.798964555022984
16993524298,Posuere Cubilia Curae LLP,0.2846136415137095,0.6565216671567659,0.7000678579506899,0.4923407497321997,50.76592502678003
17009186054,Et Ltd,0.8039882166326762,0.63112617371072,0.4876724722913368,0.6458303444620065,35.41696555379935
17028880379,Sem Mollis Inc.,0.17561749376841151,0.6622562207758657,0.9144989821307397,0.5450582379495756,45.494176205042436
17034043771,Imperdiet Ullamcorper Inc.,0.6265578971221392,0.5834905228574425,0.39448088667722236,0.5105193918996808,48.948060810031926
17055065679,Sit Amet Consectetuer Ltd,0.45343303874915025,0.45273350051871963,0.16172811581090252,0.3075805772800264,69.24194227199736
17060583346,Dolor Sit Limited,0.2204849308860186,0.5071509633616955,0.27188418909748924,0.24618455999175393,75.3815440008246
17073441842,Duis Corp.,0.7452979832313619,0.505379731342998,0.2664555530422981,0.50587676813683,49.412323186316996
17107204463,Ultricies Ornare Elit Limited,0.5918876048039882,0.4003784053471874,0.09454874462791224,0.3432181747159502,65.67818252840499
17109287252,,0.6093360525719466,0.5937471658639576,0.41913594209454874,0.5142359973332477,48.576400266675236
17124978176,Enim Etiam PC,0.45026059370043053,0.6568941296998042,0.7093417778783081,0.5798011857893693,42.01988142106307
17135205181,,0.4423294810786313,0.6348244488385799,0.5044107667948428,0.47337012393673705,52.6629876063263
17158952809,Arcu Vestibulum Corp.,0.5082710174484477,0.3146294521074264,0.03754806604840534,0.2729095417484265,72.70904582515735
17175760321,Morbi Metus Vivamus Industries,0.9750736460457738,0.6012143817703954,0.4351956570911559,0.7051346515684649,29.48653484315351
17186910612,Semper Tellus LLP,0.4493541808293678,0.631619640297189,0.4892558244741009,0.46930500265173436,53.069499734826564
17189523131,Fusce Aliquet Limited,0.9472014502605937,0.657810946430209,0.7396516625197919,0.8434265563901928,15.65734436098072
17208085375,Volutpat Ornare Facilisis Associates,0.16270111035576706,0.6239113227413764,0.4722913368016286,0.31749622357869783,68.25037764213022
17228439250,Erat Foundation,0.014276002719238613,0.48475859589158565,0.20651436326622935,0.11039518299273399,88.9604817007266
17266923036,Volutpat Inc.,0.9583050079311126,0.7204500852189716,0.9977380683103371,0.9780215381207249,2.19784618792751
17291470169,Nullam Lobortis Limited,0.2963970088375255,0.6530457013504585,0.6005428636055191,0.4484699362215223,55.15300637784777
17294075449,In Faucibus Incorporated,0.8554271470654883,0.6601918703106392,0.830355123275277,0.8428911351703827,15.710886482961728
17308640834,Et Rutrum Limited,0.2460910944935418,0.6369048575832554,0.5132323003845284,0.3796616974390351,62.033830256096486
17324645993,Eget Metus In Corporation,0.6397008837525493,0.29278367878943734,0.0038452838724270526,0.3217730838124882,67.82269161875118
17335347560,Et Eros Institute,0.8456832087015635,0.65924918272027,0.7923546708889392,0.8190189397952514,18.09810602047486
17366602511,,0.07341944255608429,0.6606714899177392,0.8502601221443112,0.46183978235019774,53.81602176498023
17386856164,Nulla Integer Corp.,0.21957851801495581,0.6524798931273544,0.5869712734675413,0.40327489574124853,59.672510425875146
17429613585,Vel Convallis Company,0.16542034896895536,0.660238183399107,0.8312598959511422,0.4983401224600488,50.165987753995125
17431888602,Metus Inc.,0.4994334919555858,0.3695960790695184,0.07192942773128251,0.2856814598434341,71.4318540156566
17435313552,Ac Fermentum Vel LLP,0.7874461817357806,0.6538236343646903,0.6209002488124858,0.7041732152741332,29.582678472586675
17465489150,Quam A Company,0.7011103557670519,0.650611532643014,0.5627686043881475,0.6319394800775997,36.80605199224003
17469082744,Condimentum LLP,0.6290505325175617,0.6620684083686706,0.9081655733996833,0.7686080529586226,23.139194704137743
17476208631,Sit Institute,0.40856560163154315,0.5452063889016654,0.32888486767699615,0.36872523465426965,63.127476534573034
17488304283,Posuere Cubilia Curae Corporation,0.40267391796963514,0.29653355892152755,0.019226419362135264,0.2109501686658852,78.90498313341148
17496459532,Nonummy Ultricies Ornare Institute,0.9218218898708361,0.6490378896859056,0.5550780366432934,0.7384499632570647,26.155003674293532
17507773571,Libero Nec Limited,0.9635168819397235,0.6076246072421179,0.44763628138430217,0.7055765816620129,29.442341833798714
17523010120,Urna Convallis Foundation,0.3929299796057104,0.6576444661174774,0.734449219633567,0.5636895996196387,43.631040038036126
17541067926,Tristique Institute,0.13075005665080444,0.6626861674384805,0.9301063107894142,0.5304281837201094,46.957181627989065
17559476022,Id Incorporated,0.8352594606843418,0.6601453223648733,0.8276408052476815,0.8314501329660116,16.854986703398843
17610103622,Per Conubia Corporation,0.9562655789712214,0.48159503322391384,0.20063334087310564,0.5784494599221636,42.15505400778364
17611272180,Id Magna Limited,0.946974847042828,0.6597772059220006,0.812033476589007,0.8795041618159175,12.04958381840825
17614133590,Nec Enim LLP,0.7835939270337638,0.6516383131839835,0.573852069667496,0.67872299835063,32.127700164937
17649195875,Velit Eu Sem Consulting,0.022207115341037843,0.4797433430779501,0.19769282967654378,0.10994997250879081,89.00500274912092
17663034743,Semper Incorporated,0.6220258327668253,0.6611641728887437,0.872200859534042,0.7471133461504337,25.288665384956634
17670294801,,0.80852028098799,0.6364482064833237,0.5123275277086632,0.6604239043483267,33.95760956516733
17678252870,Faucibus Morbi Foundation,0.5157489236347156,0.39211052113483474,0.08640579054512554,0.30107735708992056,69.89226429100795
17684250719,Ac Risus Associates,0.7307953772943576,0.6607254515372375,0.8525220538339742,0.7916587155641659,20.83412844358341
17701272704,Neque In LLC,0.050079311126217996,0.604590603873185,0.44039809997738066,0.24523870555179933,75.47612944482007
17739089622,Auctor Quis Corp.,0.5168819397235441,0.3562973304297585,0.05813164442433839,0.28750679207394125,71.24932079260587
17758483290,Orci PC,0.19397235440743257,0.4484234523795337,0.15200180954535172,0.17298708197639215,82.70129180236079
17799557745,Sociosqu Company,0.9628370722864265,0.5661576346718573,0.3716353766116263,0.6672362244490264,33.276377555097355
17866919544,Orci Sem LLP,0.8638114661228189,0.6610203600532415,0.8669984166478172,0.865404941385318,13.459505861468202
17934773261,Fringilla LLP,0.3161114887831407,0.44477520824955996,0.14431124180049762,0.23021136529181918,76.97886347081808
17945458645,Curae Industries,0.4726943122592341,0.5439340019136,0.32617054964940057,0.39943243095431735,60.05675690456827
17950989709,A Dui Institute,0.719465216406073,0.45705690402409344,0.17100203573852069,0.44523362607229683,55.476637392770314
17965654828,Vitae Posuere Ltd,0.0793111262179923,0.6597863874493343,0.8127120560959059,0.4460115911569491,55.39884088430509
17978936678,Congue A Aliquet Ltd,0.988896442329481,0.40294185270779337,0.09658448314860892,0.542740462739045,45.725953726095504
18064155652,Lectus Justo Ltd,0.19759800589168366,0.6314075111463301,0.488577244967202,0.3430876254294428,65.69123745705572
18112900644,Lacus Etiam Institute,0.39247677317017904,0.6546083466663843,0.6444243383849808,0.5184505557775799,48.15494442224201
18120123446,Morbi Sit Corporation,0.7493768411511443,0.652595973665469,0.5890070119882379,0.6691919265696911,33.08080734303089
18126169589,Elit A PC,0.6639474280534784,0.6498878851068493,0.5591495136846867,0.6115484708690826,38.84515291309174
18135911314,Ac Arcu Inc.,0.9864038069340585,0.6515519911489268,0.572268717484732,0.7793362622093952,22.066373779060477
18142272571,Ligula Nullam Inc.,0.8690233401314299,0.6483625885420593,0.5507803664329337,0.7099018532821818,29.009814671781818
18146314043,Vel Consulting,0.8642646725583504,0.6488158842759524,0.5528161049536304,0.7085403887559905,29.145961124400955
18158387243,Nec Tellus Ltd,0.6050305914343984,0.2902968340431819,0.002261931689662972,0.3036462615620307,69.63537384379693
18180785640,Varius Et Associates,0.9295263992748697,0.6534895307664702,0.609590590364171,0.7695584948195203,23.044150518047967
18250330194,,0.004305461137548153,0.3952447664777822,0.08866772223478851,0.04648659168616833,95.35134083138317
18253795725,Quam Pellentesque Corporation,0.8869249943349196,0.6560258807545071,0.6880796199954762,0.7875023071651979,21.249769283480212
18261886835,Massa Rutrum LLP,0.9961477452979832,0.3937775870478386,0.08776294955892332,0.5419553474284533,45.80446525715467
18293836021,Orci Adipiscing Non Corporation,0.318830727396329,0.6616554558413406,0.8923320515720425,0.6055813894841857,39.44186105158143
18303734841,Sollicitudin Orci Ltd,0.35123498753682303,0.46499404944114847,0.18434743270753223,0.26779121012217766,73.22087898778223
18305506006,Mollis Lectus Consulting,0.41219125311579424,0.6608807964233079,0.8599864284098621,0.6360888407628281,36.39111592371719
18306927906,Sed Tortor Limited,0.25334239746204396,0.6541351885231659,0.6297217824021715,0.4415320899321077,55.84679100678923
18310531307,Nunc Corporation,0.5821436664400634,0.6536468164763174,0.6145668400814296,0.5983552532607466,40.16447467392534
18313275661,Lectus Ante Incorporated,0.7124405166553365,0.5925757065153341,0.4157430445600543,0.5640917806076954,43.59082193923046
18355044772,Sed Nunc LLC,0.12463176977113075,0.661157244386375,0.8719746663650758,0.4983032180681033,50.16967819318967
18376556220,Sagittis Semper Nam Limited,0.6143213233627918,0.6308888821696093,0.4858629269396064,0.5500921251511991,44.99078748488009
18416401655,Pellentesque Incorporated,0.4634035803308407,0.653608027368204,0.6125311015607329,0.5379673409457868,46.20326590542132
18440845368,Ac Turpis Egestas Corp.,0.14933152050759121,0.6641371385353193,0.9733092060619769,0.5613203632847841,43.86796367152159
18525353549,Pede Ultrices Corp.,0.36233854520734193,0.4864607458879814,0.20877629495589234,0.2855574200816171,71.44425799183828
18547244547,Sem Nulla Interdum Corp.,0.4078857919782461,0.6566735905468358,0.7027821759782854,0.5553339839782657,44.46660160217343
18582096775,Quis Tristique Ltd,0.8021753908905507,0.4819729294794991,0.20176430671793713,0.5019698488042439,49.80301511957561
18600250054,Est Vitae Ltd,0.32698844323589393,0.4911190245967801,0.22347885093870165,0.2752336470872978,72.47663529127021
18645942609,Pellentesque A LLP,0.6442329481078631,0.4531506200144081,0.16399004750056548,0.4041114978042143,59.58885021957857
18651012250,Aliquet Sem Ut LLP,0.12281894402900521,0.6571216322484577,0.7147704139334992,0.41879467898125217,58.12053210187478
18653260078,Maecenas Mi LLC,0.34964876501246317,0.42027030076912375,0.12033476589007013,0.23499176545126665,76.50082345487334
18709053174,Massa Rutrum Industries,0.4862905053251756,0.6372296426478898,0.5143632662293599,0.5003268857772678,49.96731142227322
18714755910,Feugiat Non Lobortis Ltd,0.04033537276229322,0.6608085819124891,0.8559149513684686,0.44812516206538094,55.1874837934619
18716225872,Amet Ante Vivamus Associates,0.891003852254702,0.5873191721375665,0.4003619090703461,0.6456828806625241,35.43171193374759
18737319630,Ut Industries,0.28982551552232044,0.7273069736562613,0.9986428409862023,0.6442341782542613,35.576582174573865
18814588565,Dolor Inc.,0.027192386131883073,0.39613900410095665,0.0895724949106537,0.05838244052126838,94.16175594787316
18883136194,Velit Pellentesque Ultricies Foundation,0.2673917969635169,0.43791609419273053,0.13458493553494685,0.2009883662492319,79.9011633750768
18899854203,,0.010423748017221844,0.656500671250779,0.6996154716127573,0.35501960981498953,64.49803901850105
18904790666,Nunc Risus Corporation,0.737820077045094,0.6595673937473063,0.8054738746889843,0.7716469758670392,22.835302413296077
18905299698,Massa LLP,0.4298663041015182,0.5713755441310971,0.37751639900475004,0.4036913515531341,59.630864844686585
18923178136,Eu PC,0.09743938363924767,0.6596678168322325,0.8088667722234788,0.4531530779313632,54.68469220686367
18924241226,At Velit Pellentesque Ltd,0.7763426240652618,0.6574958874986707,0.7276634245645781,0.7520030243149199,24.799697568508005
18935690984,Semper Et Consulting,0.660548379786993,0.410811824232735,0.10812033476589007,0.38433435727644155,61.56656427235585
18949610555,Metus In LLP,0.6807160661681396,0.5975966905204761,0.42908844152906583,0.5549022538486027,44.50977461513973
18978126444,,0.7892590074779062,0.6647770995492586,0.97557113775164,0.882415072614773,11.758492738522698
19010030815,,0.08678903240426014,0.5103392791971205,0.27980095001130967,0.18329499120778492,81.6705008792215
19054547079,Tincidunt Adipiscing Corp.,0.6100158622252436,0.49283812566510005,0.2291336801628591,0.41957477119405134,58.04252288059486
19109035261,,0.8905506458191706,0.49514873052267677,0.2370504410766795,0.5638005434479251,43.619945655207495
19111577631,Dictum Industries,0.6011783367323816,0.4803497928094744,0.19882379552137525,0.40000106612687847,59.999893387312156
19119901659,Ante Dictum Mi Inc.,0.7983231361885339,0.6608210401001494,0.8565935308753676,0.8274583335319508,17.254166646804926
19127906616,Metus Corp.,0.7326082030364831,0.6547323032959875,0.6484958154263741,0.6905520092314286,30.944799076857144
19142852082,,0.05597099478812599,0.6570366695913191,0.7118299027369374,0.38390044876253165,61.60995512374683
19197006880,Libero At LLC,0.4928619986403807,0.6300968515940087,0.48292241574304456,0.48789220719171267,51.21077928082873
19237425345,A Scelerisque Associates,0.610469068660775,0.34219366160303755,0.05044107667948428,0.33045507267012963,66.95449273298703
19249968599,Nunc Pulvinar Industries,0.670065714933152,0.6566004169560155,0.701651210133454,0.6858584625333031,31.414153746669694
19257772092,Dignissim Lacus Corp.,0.15386358486290505,0.6649443750518031,0.9762497172585388,0.5650566510607219,43.494334893927814
19340071232,Magna Sed Associates,0.4323589394969409,0.610740282473893,0.45216014476362815,0.4422595421302845,55.77404578697155
19378069235,Massa Vestibulum Incorporated,0.4040335372762293,0.6493996877981534,0.5566613888260574,0.4803474630511434,51.96525369488566
19401969640,Vestibulum Accumsan Incorporated,0.9798323136188534,0.525554636302801,0.29902736937344493,0.6394298414961491,36.057015850385085
19417329512,,0.8533877181055971,0.6660316753609385,0.9807735806378647,0.917080649371731,8.291935062826905
19455998870,Eget Metus Eu Institute,0.3222297756628144,0.6167115116730383,0.4614340646912463,0.3918319201770304,60.816807982296964
19458945909,Purus Industries,0.9777928846589622,0.5617666870133659,0.36530196788057,0.671547426269766,32.845257373023394
19465180165,Euismod Urna Corp.,0.3539542261500113,0.5484997395692653,0.3386111739425469,0.34628270004627915,65.37172999537208
19468125152,Ut Dolor Corporation,0.18944029005211874,0.6828799912332941,0.991630852748247,0.5905355714001829,40.946442859981715
19492220327,Commodo Ipsum Industries,0.22184455019261273,0.31958306675667547,0.04275050893463017,0.13229752956362145,86.77024704363785
19573722372,Faucibus Orci Incorporated,0.6136415137094947,0.4911833965588568,0.22370504410766795,0.4186732789085813,58.13267210914187
19575005485,Nulla Integer Vulputate Institute,0.7756628144119646,0.6599028799346297,0.8170097263062656,0.796336270359115,20.366372964088498
19585107705,Amet Consectetuer Adipiscing Associates,0.22954905959664626,0.5875108988072535,0.4012666817462113,0.3154078706714288,68.45921293285713
19618998054,Morbi Accumsan Industries,0.6285973260820303,0.29357034558912415,0.008595340420719294,0.3185963332513748,68.14036667486252
19633197919,Molestie Sodales Mauris Industries,0.5087242238839792,0.6074792227767075,0.4474100882153359,0.47806715604965755,52.19328439503425
19687751331,Nulla Semper LLP,0.14570586902334012,0.6627095355311102,0.9310110834652794,0.5383584762443098,46.164152375569024
19734745008,Etiam Imperdiet Corporation,0.30953999546793565,0.6599247398613048,0.8181406921510971,0.5638403438095163,43.61596561904837
19757865821,Orci Phasellus Dapibus PC,0.9125311579424428,0.6632961774758503,0.9558923320515721,0.9342117449970074,6.578825500299256
19770897283,Risus Duis Inc.,0.9669159302062089,0.6513460985292936,0.570006785795069,0.768461358000639,23.153864199936102
19811355860,Senectus Et PC,0.13618853387718105,0.5900240050259016,0.4078262836462339,0.2720074087617075,72.79925912382924
19836429553,Ac Feugiat LLP,0.5205075912077951,0.6551421316201619,0.6600316670436552,0.5902696291257252,40.97303708742748
19839532017,Pellentesque Habitant LLC,0.29254475413550873,0.5107352441715906,0.28138430219407373,0.28696452816479123,71.30354718352088
19841142617,Elementum Sem LLP,0.34375708135055516,0.6647378438993344,0.9753449445826736,0.6595510129666144,34.04489870333855
19844927419,Natoque Penatibus Et LLC,0.18060276455925675,0.6628940768627142,0.9362135263515042,0.5584081454553805,44.15918545446195
19848020292,Sed Nulla Ante Consulting,0.7020167686381147,0.6140099556376845,0.45894593983261706,0.5804813542353658,41.951864576463414
19854089605,Aenean Massa Industries,0.6437797416723318,0.31111731854067554,0.03370278217597829,0.33874126192415505,66.1258738075845
19892730735,Nunc Sit Incorporated,0.7616134149104917,0.5939483350922933,0.4198145216014476,0.5907139682559697,40.92860317440304
19894828184,Arcu Vel Associates,0.799682755495128,0.6633551042280114,0.958154263741235,0.8789185096181815,12.108149038181848
19925160030,Vestibulum Massa Rutrum Associates,0.19306594153636983,0.6618373438276063,0.8988916534720651,0.5459787975042175,45.402120249578246
19933438190,Dui Nec Corporation,0.48810333106730114,0.29260267403222767,0.003166704365528161,0.24563501771641466,75.43649822835854
19946380099,Enim Gravida Ltd,0.18694765465669613,0.6485359990990629,0.5516851391087989,0.36931639688274753,63.06836031172524
19986358096,Hendrerit Donec Company,0.5857693179243145,0.3962565978229798,0.08979868807961999,0.33778400300196726,66.22159969980328
19988273819,Nascetur Ridiculus Industries,0.285746657602538,0.6623709324033613,0.9199276181859308,0.6028371378942344,39.716286210576556
19995295153,Risus Nulla Institute,0.2399728076138681,0.6563846258596484,0.6959963809092965,0.4679845942615823,53.20154057384177
20017721725,Pellentesque Sed Dictum Foundation,0.8925900747790618,0.6531262564680756,0.601221443112418,0.74690575894574,25.309424105426004
20036872831,In Industries,0.8916836619079991,0.6550780228578497,0.6577697353539923,0.7747266986309957,22.527330136900424
20073297612,Dictum Sapien Associates,0.8830727396329028,0.6529078424195451,0.5969237729020583,0.7399982562674805,26.00017437325195
20131680113,Adipiscing Lacus Ut Corp.,0.08928166779968276,0.653883770721635,0.6231621805021489,0.3562219241509158,64.37780758490842
20139842060,,0.9959211420802175,0.45997749690869716,0.17643067179371183,0.5861759069369646,41.382409306303536
20203896291,,0.43757081350555177,0.6579407288232463,0.7448541054060167,0.5912124594557843,40.87875405442157
20206252973,,0.0849762066621346,0.5069254857943641,0.27097941642162404,0.1779778115418793,82.20221884581207
20213430114,Dui Fusce Incorporated,0.06616813958758215,0.6267745934715657,0.47613662067405566,0.2711523801308189,72.88476198691811
20233857661,Sed Eget Industries,0.015409018808067075,0.39341557354896134,0.08731056322099072,0.051359791014528894,94.86402089854711
20240471832,Eu Metus In LLP,0.3317471108089735,0.41728935488621727,0.11784664103144085,0.2247968759202072,77.52031240797928
20269486864,Mi Eleifend Egestas Corp.,0.3133922501699524,0.3561656194328236,0.05790545125537209,0.18564885071266227,81.43511492873378
20284137308,Nisi Nibh Associates,0.9943349195558577,0.39751653029837986,0.09138204026238407,0.542858479909121,45.714152009087904
20290993541,,0.5941536369816451,0.5882809385807108,0.4044333861117394,0.49929351154669227,50.070648845330766
20325086904,Vivamus Rhoncus Ltd,0.4056197598005892,0.37857985744020484,0.07848902963130513,0.24205439471594714,75.79456052840528
20334248803,Facilisis Lorem Foundation,0.22864264672558351,0.6303954745253033,0.48337480208097716,0.35600872440328035,64.39912755967197
20349182689,Nunc Interdum Feugiat Limited,0.8010423748017221,0.6626114430569288,0.9271657995928523,0.8641040871972872,13.589591280271286
20352820919,A Feugiat Inc.,0.918196238386585,0.651345946870386,0.5697805926261027,0.7439884155063439,25.601158449365613
20364924160,Sed Congue Limited,0.27736233854520737,0.464495677993225,0.18344266003166704,0.2304024992884372,76.95975007115628
20415536115,Nibh Phasellus Nulla Industries,0.8644912757761161,0.6613982896026502,0.8837367111513232,0.8741139934637197,12.588600653628035
20422223827,Ut Nisi Limited,0.24087922048493088,0.6537036179250696,0.6172811581090251,0.429080189296978,57.0919810703022
20435488659,Diam Lorem Industries,0.7217312485837298,0.5076473339915961,0.27278896177335443,0.49726010517854213,50.27398948214579
20443361465,Semper Dui Foundation,0.33899841377747564,0.6607248352290302,0.852295860665008,0.5956471372212417,40.435286277875825
20445424481,Amet Industries,0.8187174257874462,0.5976324405605085,0.42954082786699843,0.6241291268272223,37.58708731727777
20450624188,Nullam Nisl Maecenas PC,0.48855653750283257,0.6482031244878024,0.549423207419136,0.5189898724609843,48.10101275390157
20497101151,Arcu Vestibulum Ante LLC,0.7971901200997055,0.4910849367033883,0.22325265776973535,0.5102213889347205,48.97786110652795
20510478676,Curabitur Sed LLC,0.8653976886471788,0.6464691154785379,0.5378873558018548,0.7016425222245168,29.835747777548317
20520680348,Blandit Mattis Company,0.548606390210741,0.4141412771032472,0.11264419814521602,0.3306252941779785,66.93747058220215
20527255332,Erat Volutpat Nulla PC,0.5062315884885565,0.5409467046556051,0.32209907260800724,0.41416533054828186,58.583466945171814
20544804614,Malesuada Malesuada Corporation,0.6963516881939723,0.6376787017461152,0.5154942320741913,0.6059229601340819,39.40770398659181
20549656225,Sed Inc.,0.40358033084069794,0.4365197791744465,0.13254919701425016,0.268064763927474,73.1935236072526
20562405782,,0.4953546340358033,0.298012082414459,0.022619316896629722,0.2589869754662165,74.10130245337835
20569508100,Euismod Est Corp.,0.5481531837752096,0.6339384492713426,0.5001130965844831,0.5241331401798464,47.58668598201537
20594162542,Litora Torquent Per LLP,0.3700430546113755,0.6207926435922743,0.46754128025333636,0.4187921674323559,58.120783256764405
20606594082,Nunc Nulla Vulputate LLC,0.42895989123045547,0.5157475429561901,0.28997964261479303,0.3594697669226242,64.05302330773758
20642885273,Eu Limited,0.717199184228416,0.6543933897541103,0.6365075774711604,0.6768533808497882,32.31466191502118
20692490685,Aliquet Molestie Limited,0.33537276229322455,0.5457653377868554,0.32978964035286135,0.3325812013230429,66.7418798676957
20717777781,Convallis Dolor Quisque Associates,0.25356900067980964,0.6814877396016582,0.9889165347206514,0.6212427677002306,37.87572322997694
20717993088,Lacus Vestibulum Lorem Institute,0.4507138001359619,0.5482799029669745,0.33748020809771545,0.3940970041168387,60.590299588316135
20734004951,Enim Consequat Inc.,0.7532290958531611,0.46727985549324286,0.1863831712282289,0.469806133540695,53.0193866459305
20740910820,Ultrices Posuere Cubilia Incorporated,0.6188533877181056,0.5923233729063763,0.4152906582221217,0.5170720229701137,48.29279770298863
20774839004,Laoreet Lectus Limited,0.058690233401314296,0.5203092783060799,0.2942773128251527,0.1764837731132335,82.35162268867666
20781273791,Eu Tellus Phasellus PC,0.9848175844096986,0.5876557751911704,0.40239764759104274,0.6936076160003707,30.63923839996293
20797699905,Tincidunt Nunc Ac Ltd,0.8803535010197144,0.6384062909648164,0.5177561637638544,0.6990548323917845,30.094516760821556
20803442676,Ante Nunc Corporation,0.861545433945162,0.3874316096384173,0.08369147251752997,0.472618453231346,52.7381546768654
20833247272,Tincidunt Pede Institute,0.4029005211874009,0.6609313082213473,0.8627007464374576,0.6328006338124292,36.719936618757075
20836895545,Gravida Sit Amet Corporation,0.009517335146159076,0.6704112828217847,0.9852974440171907,0.49740738958167485,50.25926104183252
20847737557,Tempor LLP,0.15476999773396782,0.6548435610220333,0.6518887129608686,0.4033293553474182,59.66706446525818
20877828351,Semper Dui LLP,0.9098119193292544,0.6631347386423225,0.9457136394480886,0.9277627793886716,7.223722061132842
20884516643,Faucibus Orci Industries,0.9938817131203264,0.4021007455197198,0.09613209681067632,0.5450069049655013,45.49930950344987
20885454195,Pharetra Ut Industries,0.44980738726489916,0.40746276447976226,0.10382266455553042,0.2768150259102148,72.31849740897852
20890410130,,0.03761613414910492,0.5923037824353027,0.4150644650531554,0.22634029960113017,77.36597003988699
20939962818,Semper Cursus Institute,0.5807840471334693,0.45122744869747633,0.15833521827640806,0.3695596327049387,63.04403672950614
20985347699,Semper Tellus PC,0.6392476773170179,0.2927435441322555,0.0033928975344944584,0.3213202874257562,67.86797125742439
21003199892,Non Luctus Sit Foundation,0.8701563562202583,0.6484657233735577,0.5514589459398326,0.7108076510800454,28.91923489199546
21024150335,Libero Inc.,0.6891003852254702,0.6593677651553519,0.7984618864510292,0.7437811358382498,25.621886416175023
21025433654,Lorem Foundation,0.3614321323362792,0.30028820664278166,0.026238407600090476,0.19383526996818484,80.61647300318151
21046714053,Nibh Phasellus Nulla Foundation,0.3469295263992749,0.497991653102525,0.24587197466636507,0.29640075053282,70.359924946718
21073645356,Egestas A Consulting,0.8962157262633129,0.473988652144566,0.19203800045238634,0.5441268633578497,45.58731366421503
21094505909,Venenatis Corp.,0.2966236120552912,0.4460349367019009,0.1470255598280932,0.2218245859416922,77.81754140583078
21156812402,Enim Mi Limited,0.9596646272377067,0.6630246438782321,0.9411897760687628,0.9504272016532347,4.957279834676531
21158149109,Mauris Ipsum Porta LLC,0.023340131429866306,0.3974723054998134,0.09115584709341779,0.05724798926164205,94.27520107383579
21162389643,Sit Amet Associates,0.24699750736460457,0.623058820486049,0.4713865641257634,0.359192035745184,64.0807964254816
21166508693,Urna Ut Tincidunt Ltd,0.908678903240426,0.6623956726647025,0.920832390861796,0.914755647051111,8.5244352948889
21166782413,Ornare Industries,0.9657829141173805,0.6478366920214554,0.5473874688984393,0.7565851915079098,24.34148084920902
21204719156,Quis Diam Pellentesque Limited,0.44663494221617944,0.6629817234079441,0.9398326170549649,0.6932337796355722,30.67662203644278
21205587568,Nullam Ut Foundation,0.9802855200543847,0.4445970046023678,0.14385885546256502,0.5620721877584749,43.79278122415251
21232022824,Quis Massa Mauris Corporation,0.636981645139361,0.5447994439757025,0.3277539018321647,0.4823677734857628,51.763222651423725
21263722044,Lacus Quisque Industries,0.0906412871062769,0.626000631378837,0.47432707532232526,0.2824841812143011,71.7515818785699
21291463935,Ultrices A LLP,0.6952186721051439,0.6574505728712838,0.7258538792128477,0.7105362756589958,28.94637243410042
21319642626,At Risus Associates,0.07795150691139814,0.4405583862779588,0.137751639900475,0.10785157340593657,89.21484265940634
21328457653,,0.26580557443915703,0.6546066529628292,0.6439719520470482,0.45488876324310257,54.511123675689745
21350600012,Nullam Suscipit Est PC,0.9623838658508951,0.6558626373646165,0.6835557566161502,0.8229698112335226,17.703018876647736
21359184622,Sit Amet PC,0.5853161114887832,0.30177803971746975,0.027369373444921963,0.30634274246685256,69.36572575331475
21384345425,Magnis Dis Parturient PC,0.9830047586675731,0.6169860430381693,0.4618864510291789,0.722445604848376,27.755439515162394
21437482304,Consectetuer Adipiscing Corp.,0.04917289825515522,0.6637373873042774,0.9681067631757521,0.5086398307154536,49.13601692845464
21439773999,Mauris Non Institute,0.5973260820303649,0.28504479048104586,0.001130965844831486,0.2992285239375982,70.07714760624017
21474173492,Donec Corp.,0.8891910265125765,0.6552258950663847,0.6616150192264194,0.7754030228694979,22.459697713050208
21498909695,Cras Vulputate LLP,0.1728982551552232,0.6618119929031706,0.8979868807961999,0.5354425679757115,46.45574320242885
21532935983,Eleifend Nec Incorporated,0.430772716972581,0.656478503810665,0.6989368921058584,0.5648548045392197,43.514519546078034
21548346742,Eu Consulting,0.8828461364151371,0.6600698574022702,0.8244741008821533,0.8536601186486452,14.633988135135478
21552853184,Senectus Et Netus Corporation,0.8749150237933379,0.6659071137870274,0.9803211942999321,0.927618109046635,7.2381890953365
21563204684,,0.811466122818944,0.5092526077654314,0.2761818593078489,0.5438239910633964,45.61760089366036
21587176464,Dictum Eu LLP,0.8157715839564922,0.6572909450335939,0.7192942773128251,0.7675329306346587,23.246706936534135
21614701484,Et Netus Et Corp.,0.2750963063675504,0.6583588073128541,0.7577471160370957,0.516421711202323,48.357828879767695
21615741041,Nulla Facilisi Sed LLP,0.8098799002945842,0.6613961662962874,0.8835105179823569,0.8466952091384705,15.330479086152948
21616154893,Dapibus Rutrum Incorporated,0.04758667573079538,0.6123695415966895,0.45487446279122373,0.25123056926100956,74.87694307389904
21635402842,Aliquet Phasellus Limited,0.8112395196011783,0.6626646603229884,0.929201538113549,0.8702205288573637,12.977947114263632
21645141747,Ipsum Ltd,0.19238613188307274,0.622488824062765,0.4704817914498982,0.3314339616664855,66.85660383335146
21667845371,Ante Vivamus Company,0.9510537049626104,0.639741157163232,0.5211490612983488,0.7361013831304797,26.38986168695203
21667858163,Cras Institute,0.36823022886924994,0.6584793021869849,0.7620447862474553,0.5651375075583527,43.48624924416473
21702179125,At Auctor Ullamcorper Incorporated,0.8542941309766598,0.6599732679787605,0.82040262384076,0.8373483774087099,16.265162259129006
21755625204,Phasellus Corporation,0.976433265352368,0.5797632075856748,0.3913141823116942,0.683873723832031,31.612627616796896
21772962346,Purus Gravida Sagittis Ltd,0.5395422615001133,0.2965855917718916,0.01945261253110156,0.2794974370156074,72.05025629843927
21782713770,Odio A Ltd,0.12757761160208475,0.6167023893457678,0.46120787152228004,0.2943927415621824,70.56072584378175
21783961149,Eu Corporation,0.21889870836165873,0.5430511675121831,0.3250395838045691,0.2719691460831139,72.8030853916886
21793603759,In Tincidunt Congue PC,0.6029911624745071,0.658924798754006,0.7767473422302646,0.6898692523523859,31.013074764761406
21804816746,Nullam Ut Inc.,0.24019941083163382,0.6541821075589126,0.6319837140918344,0.4360915624617341,56.390843753826594
21807339153,Praesent Eu LLP,0.5184681622479039,0.3524659581944376,0.054738746889843926,0.2866034545688739,71.3396545431126
21817899740,In Tincidunt Congue LLP,0.10310446408338998,0.66237591692275,0.9203800045238634,0.5117422343036266,48.825776569637334
21820852598,Et Tristique Consulting,0.45977792884658963,0.5405395248226216,0.32119429993214205,0.39048611438936587,60.95138856106341
21881994118,Varius Ultrices LLP,0.6480852028098799,0.6335146499648985,0.4976249717258539,0.5728550872678669,42.714491273213305
21887123887,Nunc Interdum LLP,0.37162927713573535,0.6472577478414581,0.5428636055191133,0.4572464413274243,54.275355867257566
21901704733,Vehicula Risus Nulla Ltd,0.09789259007477906,0.6535950800339096,0.611852522053834,0.3548725560643065,64.51274439356935
21911286661,Arcu Vivamus LLC,0.6718785406752776,0.6611848239884457,0.8733318253788735,0.7726051830270756,22.73948169729244
21986309398,Ut Dolor Consulting,0.9259007477906186,0.48330751186293935,0.204704817914499,0.5653027828525587,43.469721714744125
22019281430,Ipsum Suspendisse Corporation,0.9626104690686608,0.5732340881213172,0.37955213752544675,0.6710813032970537,32.891869670294625
22019664345,Molestie Sodales Foundation,0.35372762293224563,0.5470836706522345,0.3336349242252884,0.343681273578767,65.6318726421233
22027671078,Mauris Magna Industries,0.22139134375708136,0.40005307083753056,0.09387016512101334,0.15763075443904734,84.23692455609526
22033359776,Suspendisse Non Leo PC,0.5909811919329254,0.2998038495797901,0.0244288622483601,0.30770502709064274,69.22949729093573
22039770981,,0.02424654430092907,0.633631556997916,0.49875593757068537,0.26150124093580723,73.84987590641927
22059270846,Montes Nascetur Ridiculus Limited,0.6968048946295038,0.3002522600262494,0.02601221443112418,0.361408554530314,63.859144546968594
22084888224,Parturient Montes LLC,0.6485384092454113,0.6605526827313859,0.8457362587649853,0.7471373340051983,25.286266599480168
22090875218,Aliquam Auctor Institute,0.7745297983231362,0.6616493834416782,0.8918796652341099,0.8332047317786231,16.679526822137692
22119749782,,0.8753682302288692,0.5221202789986729,0.29608685817688307,0.5857275442028762,41.42724557971238
22130142351,,0.16881939723544073,0.6277193026503677,0.4781723591947523,0.3234958782150965,67.65041217849034
22147354496,Augue Ut LLP,0.8361658735554045,0.6335955992783586,0.4983035512327528,0.6672347123940786,33.276528760592136
22155114860,Suscipit Nonummy Fusce PC,0.7661454792658056,0.6250532969516345,0.47296991630852747,0.6195576977871665,38.04423022128335
22168725907,Sed Neque Limited,0.9612508497620667,0.6560387074378146,0.6889843926713414,0.825117621216704,17.488237878329606
22184299297,Mus Inc.,0.9417629730342171,0.6553936072775305,0.668174621126442,0.8049687970803295,19.503120291967047
22191978114,Nec Company,0.9569453886245185,0.6595676471801567,0.8057000678579507,0.8813227282412346,11.867727175876542
22206721435,Suspendisse Aliquet LLC,0.6560163154316792,0.32232356926915356,0.04342908844152907,0.3497227019366041,65.0277298063396
22211992302,,0.9422161794697484,0.5732911980118123,0.379778330694413,0.6609972550820807,33.900274491791926
22215771201,,0.7677317017901654,0.606510070926483,0.4446957701877403,0.6062137359889528,39.378626401104725
22227727512,Malesuada Integer Id Foundation,0.5060049852707909,0.3161705529799881,0.03935761140013572,0.2726812983354633,72.73187016645367
22237228673,,0.9827781554498074,0.4304169489150391,0.1287039131418231,0.5557410342958152,44.42589657041848
22248828825,Taciti PC,0.5554044867437118,0.413513726108064,0.11196561863831712,0.33368505269101445,66.63149473089855
22267067774,Viverra Maecenas Iaculis Ltd,0.06979379107183321,0.5688228875604746,0.3748020809771545,0.22229793602449385,77.77020639755061
22288600259,Ipsum Suspendisse LLP,0.8912304554724677,0.6541063708165297,0.6292693960642388,0.7602499257683533,23.975007423164673
22298599094,Hymenaeos Ltd,0.7475640154090188,0.6567636678278743,0.7057226871748473,0.726643351291933,27.335664870806696
22335198868,Elementum Sem Limited,0.32041694992068886,0.6614710891940863,0.8855462565030536,0.6029816032118712,39.70183967881288
22390313614,,0.00045320643553138455,0.6016904842334735,0.4356480434290884,0.2180506249323099,78.19493750676901
22395185606,Ut Corp.,0.02877860865624292,0.5933379654451385,0.4175525899117847,0.2231655992840138,77.68344007159862
22407003576,In Lorem Corporation,0.45569907092680717,0.4010878277901578,0.09567971047274372,0.27568939069977544,72.43106093002245
22469567189,Quam Dignissim Pharetra Consulting,0.5193745751189667,0.48627487187069046,0.20832390861795974,0.36384924186846324,63.61507581315367
22470136913,Adipiscing Elit Incorporated,0.7049626104690686,0.5422885910744972,0.32345623162180503,0.5142094210454369,48.579057895456316
22474703869,Consectetuer Inc.,0.6301835486063903,0.5531405594392782,0.3494684460529292,0.4898259973296597,51.01740026703403
22487474791,Non Arcu Vivamus Foundation,0.39768864717878993,0.593533678807975,0.4180049762497173,0.40784681171425363,59.21531882857464
22503967537,Iaculis Quis LLC,0.005211874008610922,0.4452877038885249,0.14521601447636281,0.07521394424248687,92.47860557575132
22526511302,Semper Et Incorporated,0.5646952186721051,0.45313071807770033,0.16376385433159918,0.3642295365018522,63.57704634981478
22528859307,Cum Sociis Corp.,0.5923408112395196,0.6633613786139878,0.9590590364171002,0.77569992382831,22.430007617169
22549192713,Tincidunt Congue Associates,0.24382506231588488,0.5068291329800448,0.2703008369147252,0.257062949615305,74.29370503846951
22552769838,Dui Augue LLP,0.39157036029911624,0.657515003748097,0.7292467767473423,0.5604085685232293,43.95914314767707
22575615382,Enim Non LLP,0.23272150464536595,0.660553664909011,0.8459624519339516,0.5393419782896588,46.06580217103412
22578135006,A Aliquet Ltd,0.36437797416723317,0.6362312247548558,0.511422755032798,0.4379003646000156,56.20996353999844
22606727520,Laoreet Ipsum Industries,0.30976659868570133,0.6299278699015306,0.4822438362361457,0.39600521746092354,60.399478253907645
22614311069,Vivamus Limited,0.22637661454792657,0.6543434185000275,0.6349242252883963,0.43065041991816144,56.934958008183855
22614407882,,0.19125311579424428,0.6546434586953027,0.6457814973987785,0.41851730659651143,58.148269340348854
22615718811,Et Ipsum Cursus LLC,0.979379107183322,0.6612849318817758,0.8774033024202669,0.9283912048017944,7.160879519820562
22629400849,Auctor Non Incorporated,0.9107183322003173,0.6512394880945316,0.567744854105406,0.7392315931528617,26.07684068471383
22644977942,At Risus Nunc Foundation,0.6063902107409925,0.6820838485948466,0.9898213073965166,0.7981057590687546,20.189424093124543
22658353530,Libero Corporation,0.6258780874688421,0.6128075384428662,0.45623162180502147,0.5410548546369318,45.894514536306815
22678591293,Tellus Id Industries,0.1844550192612735,0.6556756630702965,0.6769961547161276,0.43072558698870056,56.927441301129946
22705725824,Dignissim Lacus Incorporated,0.7380466802628597,0.6287361452028681,0.4797557113775164,0.608901195820188,39.1098804179812
22718657980,Ultricies Ornare Associates,0.40063448900974397,0.44685081553622225,0.14883510517982357,0.27473479709478377,72.52652029052162
22792191490,Vulputate Nisi Limited,0.7618400181282574,0.6553622597956831,0.6672698484505768,0.7145549332894171,28.54450667105829
22795471441,Etiam Gravida Molestie LLP,0.5250396555631089,0.3579482353532406,0.059714996607102465,0.2923773260851057,70.76226739148943
22811128657,Viverra Inc.,0.7119873102198051,0.6589828452860169,0.7792354670888939,0.7456113886543495,25.438861134565048
22812667768,Feugiat Tellus Lorem Ltd,0.3047813278948561,0.6628104241930404,0.9348563673377064,0.6198188476162813,38.01811523837188
22840936261,Eu Nulla Inc.,0.663494221617947,0.6608976894975565,0.8608912010857273,0.7621927113518372,23.780728864816282
22853038342,Semper Pretium Limited,0.9916156809426694,0.4078234269810313,0.10450124406242932,0.5480584625025493,45.19415374974507
22883189698,Quam Vel PC,0.012009970541581691,0.38013997310724995,0.07939380230717033,0.04570188642437601,95.4298113575624
22900076341,In Consequat LLC,0.14004078857919783,0.6607584596219404,0.8545577923546709,0.49729929046693433,50.270070953306565
22926973508,Ipsum Non Industries,0.0616360752322683,0.5591855850096328,0.36100429767021036,0.21132018645123934,78.86798135487606
22953464223,Est Mauris Rhoncus Corporation,0.5182415590301382,0.5379029465560861,0.31576566387695093,0.4170036114535446,58.29963885464554
22961647681,Vestibulum Ante Corporation,0.36301835486063905,0.6552363109308568,0.662067405564352,0.5125428802124955,48.74571197875045
22997201471,A Malesuada Id Institute,0.6779968275549513,0.45063872150300843,0.15629947975571137,0.4171481536553313,58.285184634466866
23026499747,Metus Aenean Inc.,0.5884885565375029,0.5908300864202456,0.41054060167382944,0.49951457910566616,50.04854208943339
23046605325,Adipiscing Ligula Foundation,0.8135055517788352,0.6371362652929652,0.5141370730603936,0.6638213124196144,33.61786875803856
23055736061,Pede Inc.,0.2318150917743032,0.6495717062671202,0.5580185478398553,0.39491681980707927,60.508318019292076
23078969912,Augue Id Ante Consulting,0.13664174031271245,0.504145811479988,0.2623840760009048,0.1995129081568086,80.04870918431915
23092329041,Cum Sociis Associates,0.34738273283480625,0.4882695314932194,0.21375254467315086,0.28056763875397855,71.94323612460214
23109950638,Etiam Bibendum Fermentum LLC,0.38794470881486515,0.534485402165723,0.31033702782175976,0.3491408683183125,65.08591316816876
23142656360,,0.03081803761613415,0.5741465079838105,0.3815878760461434,0.2062029568311388,79.37970431688612
23144747020,Nam Ac Corp.,0.711307500566508,0.6574048772301653,0.7224609816783533,0.7168842411224307,28.311575887756934
23222608112,Proin Vel Nisl PC,0.8860185814638568,0.6571354500708709,0.7149966071024655,0.8005075942831612,19.94924057168388
23255291705,Interdum Nunc Sollicitudin Foundation,0.6440063448900974,0.40325409848715177,0.09703686948654151,0.3705216071883195,62.94783928116805
23290056758,Sed Incorporated,0.7122139134375708,0.6548719314363868,0.6523410992988011,0.682277506368186,31.772249363181405
23305324752,Sit Amet Inc.,0.07681849082256968,0.6586850253611906,0.7690567744854105,0.4229376326539901,57.70623673460099
23322235350,Dui Incorporated,0.5805574439157036,0.6633552099663447,0.9583804569102014,0.7694689504129525,23.05310495870475
23329655134,,0.9438024019941084,0.5070440837914808,0.27143180275955664,0.6076171023768325,39.23828976231675
23335369654,Rhoncus Proin Foundation,0.8001359619306594,0.6646736607029698,0.9751187514137073,0.8876273566721833,11.23726433278167
23338656015,Iaculis LLC,0.5243598459098119,0.29467200347765804,0.01221443112418005,0.268287138516996,73.1712861483004
23388327799,Id Enim Corp.,0.08293677770224338,0.6579811292774562,0.7462112644198146,0.414574021061029,58.54259789389711
23398653749,Vivamus Molestie Associates,0.29775662814411963,0.6577995607063548,0.7391992761818593,0.5184779521629894,48.15220478370106
23399930700,Elementum LLC,0.2782687514162701,0.6475776679911991,0.5451255372087763,0.41169714431252324,58.83028556874768
23455487331,Egestas PC,0.1259913890777249,0.6601430484408144,0.8271884189097489,0.4765899039937369,52.34100960062631
23490868997,Odio Auctor LLC,0.7484704282800816,0.6558587137146962,0.6828771771092513,0.7156738026946665,28.432619730533347
23495610951,,0.2585542714706549,0.5069942861389531,0.27120560959059037,0.26487994053062264,73.51200594693775
23506252960,Etiam Incorporated,0.8656242918649445,0.6564625165169191,0.6987106989368921,0.7821674954009183,21.783250459908167
23527526869,Tellus Phasellus Corporation,0.6324495807840471,0.40389486156371607,0.098167835331373,0.36530870805771004,63.469129194229
23540152063,Nulla Cras Limited,0.6759573985950601,0.42084043342883704,0.12101334539696901,0.3984853719960145,60.15146280039855
23540388582,Sociis Natoque Company,0.7690913210967596,0.5936706716319453,0.4184573625876499,0.5937743418422048,40.622565815779524
23541969839,Amet Nulla Ltd,0.19215952866530706,0.6608752298275364,0.8595340420719294,0.5258467853686182,47.415321463138184
23600565711,Ut Nulla Ltd,0.20960797643326534,0.6305066678363165,0.48405338158787603,0.3468306790105707,65.31693209894294
23617533061,Torquent Ltd,0.8030818037616134,0.6472262796670348,0.5421850260122144,0.672633414886914,32.736658511308605
23618059522,,0.9095853161114887,0.6513160261715035,0.56932820628817,0.7394567611998294,26.054323880017062
23633724513,,0.1758440969861772,0.35383409628118834,0.0565482922415743,0.11619619461387576,88.38038053861243
23661821077,Suspendisse Eleifend Corp.,0.5517788352594607,0.351175290651272,0.054286360551911335,0.30303259790568604,69.6967402094314
23661853559,Ipsum Dolor Corp.,0.21617946974847044,0.6548840360522099,0.6530196788057001,0.4345995742770853,56.54004257229147
23686790459,,0.08135055517788353,0.7945434415085351,0.9990952273241348,0.5402228912510092,45.97771087489908
23692710924,Integer Urna Corporation,0.37956038975753453,0.46114863642370685,0.1784664103144085,0.2790134000359715,72.09865999640284
23709946765,Faucibus Leo Corp.,0.37072286426467255,0.44012725378338585,0.13662067405564352,0.25367176916015804,74.6328230839842
23710434768,Adipiscing Institute,0.5998187174257874,0.5581181259402872,0.3589685591495137,0.4793936382876506,52.06063617123494
23754348523,Vel Faucibus Id Company,0.6832087015635622,0.5594581960659423,0.3621352635150418,0.522671982539302,47.732801746069796
23765687737,A Neque Incorporated,0.8751416270111035,0.6534196273077215,0.6077810450124407,0.7414613360117721,25.853866398822788
23787788327,Ad Corporation,0.8144119646498981,0.540208915768323,0.3200633340873106,0.5672376493686043,43.276235063139566
23812588784,Porttitor Vulputate Institute,0.8944029005211874,0.6549255780927441,0.6534720651436327,0.77393748283241,22.606251716758997
23812847062,Pellentesque Eget Ltd,0.7858599592114208,0.6020116729189843,0.436100429767021,0.6109801944892209,38.901980551077905
23867882346,Mollis Phasellus Institute,0.10242465443009291,0.6632194389704517,0.9504636959963809,0.5264441752132369,47.355582478676304
23915266871,Pellentesque PC,0.8271017448447768,0.6605861658480445,0.8466410314408505,0.8368713881428136,16.312861185718642
23925773818,Per Conubia Nostra Ltd,0.5236800362565148,0.4920164557262134,0.2273241348111287,0.37550208553382175,62.44979144661782
23931302979,Suscipit Incorporated,0.8955359166100159,0.6416473624790604,0.5252205383397421,0.710378227474879,28.9621772525121
23942094477,Vivamus Industries,0.7317017901654204,0.6513236057189634,0.5695543994571364,0.6506280948112784,34.937190518872164
23956501449,Eu Arcu Morbi Corporation,0.20099705415816904,0.6558595397583996,0.6831033702782175,0.4420502122181933,55.79497877818067
23996199758,,0.14253342397462043,0.6609859888117042,0.8651888712960869,0.5038611476353536,49.61388523646464
24015173965,Lectus Limited,0.7162927713573533,0.32038357622742947,0.04320289527256277,0.379747833314958,62.0252166685042
24015576448,Mi Eleifend Associates,0.23090867890324043,0.336365074494393,0.04953630400361909,0.14022249145342977,85.97775085465702
24043105437,Enim Nec Tempus Institute,0.7851801495581238,0.5127690216916557,0.283872427052703,0.5345262883054134,46.547371169458664
24070342853,Ligula Tortor PC,0.5746657602537956,0.3613572026746755,0.06378647364849581,0.31922611695114567,68.07738830488543
24089799666,,0.024473147518694765,0.613262733940668,0.4569102013119204,0.2406916744153076,75.93083255846923
24092849628,Duis Ac Foundation,0.8692499433491956,0.5128095323062246,0.2840986202216693,0.5766742817854325,42.33257182145675
24094430920,Ac Fermentum LLP,0.6054837978699298,0.5508703248745167,0.3444921963356707,0.47498799710280026,52.501200289719975
24102148742,Amet Metus Aliquam Industries,0.06208928166779968,0.5578983229040256,0.3582899796426148,0.21018963065520724,78.98103693447928
24120162361,Ut Pellentesque Eget Inc.,0.10038522547020168,0.6087649613839223,0.4492196335670663,0.274802429518634,72.5197570481366
24123600795,Et Eros Inc.,0.4346249716745978,0.4972380312855117,0.2436100429767021,0.33911750732564994,66.088249267435
24131662787,Libero Est LLP,0.7321549966009517,0.6401393138551443,0.5218276408052477,0.6269913187030998,37.30086812969002
24147681440,Turpis Nulla Institute,0.17357806480852028,0.6557661946837732,0.6801628590816557,0.42687046194508804,57.3129538054912
24155164444,Elit LLC,0.9356446861545434,0.6635589442225318,0.9638090929653924,0.949726889559968,5.027311044003202
24164521701,Libero Industries,0.3566734647631996,0.6536209928208027,0.6132096810676317,0.4849415729154157,51.50584270845844
24174334793,Nunc Sollicitudin LLP,0.990482664853841,0.45099236071469057,0.15788283193847547,0.5741827483961582,42.581725160384174
24179472533,Est Congue Institute,0.69068660774983,0.6638191786893425,0.971047274372314,0.8308669410610721,16.913305893892794
24212300522,Consectetuer Industries,0.0063448900974393836,0.40426993830167607,0.09952499434517077,0.05293494222130508,94.70650577786948
24245553756,Vulputate Velit Eu Incorporated,0.2576478585995921,0.6572380032723728,0.7172585387921285,0.48745319869586035,51.254680130413966
24264927934,Non Inc.,0.8150917743031951,0.6534047177610426,0.6066500791676092,0.7108709267354021,28.91290732645979
24301977828,,0.09290731928393384,0.5007393886566484,0.2524315765663877,0.17266944792516076,82.73305520748393
24302923489,Ipsum Corporation,0.6800362565148426,0.6330276186896193,0.4955892332051572,0.5878127448599999,41.21872551400001
24314208971,Metus Ltd,0.9796057104010877,0.6568239743644897,0.7073060393576114,0.8434558748793495,15.654412512065052
24351356445,At Pede Cras Corp.,0.47949240879220484,0.5539167035012764,0.35059941189776067,0.4150459103449827,58.495408965501724
24378910810,Curabitur Ut Industries,0.37661454792658056,0.6530160175364017,0.5996380909296539,0.48812631942811724,51.18736805718827
24403499052,,0.11828687967369136,0.6511598234410543,0.5666138882605746,0.34245038396713295,65.75496160328672
24406529929,,0.8082936777702243,0.6546595571118362,0.6460076905677449,0.7271506841689845,27.284931583101546
24421284006,,0.8307273963290279,0.659311391475287,0.795295182085501,0.8130112892072645,18.698871079273548
24451148103,Ligula Consectetuer Rhoncus Limited,0.15069113981418536,0.6594940848287933,0.8034381361682877,0.47706463799123655,52.293536200876346
24462154202,Cursus Limited,0.439610242465443,0.6568163585599093,0.7070798461886451,0.573345044327044,42.665495567295594
24471518053,Enim Suspendisse Aliquet LLP,0.7029231815091774,0.4829516928527148,0.2038000452386338,0.4533616133739056,54.66383866260944
24526454463,Penatibus Limited,0.014049399501472921,0.35390611784599985,0.0567744854105406,0.03541194245600676,96.45880575439932
24598653065,Et Rutrum Foundation,0.40947201450260595,0.6564336890127714,0.6984845057679258,0.5539782601352659,44.60217398647342
24627889739,Et Euismod Et Limited,0.433718558803535,0.6555224742070106,0.6722460981678353,0.5529823284856852,44.70176715143148
24674067743,Augue Ltd,0.9535463403580331,0.36791144474849763,0.07011988237955213,0.5118331113687926,48.81668886312074
24683655751,Ipsum Suspendisse Foundation,0.345343303874915,0.6540955350609887,0.62859081655734,0.48696706021612746,51.30329397838725
24701944105,Nulla Integer Vulputate PC,0.909358712893723,0.6595055769373545,0.8036643293372541,0.8565115211154886,14.348847888451143
24715277505,Auctor Limited,0.5413550872422388,0.49402611718994316,0.23297896403528615,0.3871670256387625,61.28329743612375
24724058205,Congue A Aliquet LLC,0.049399501472920916,0.6560737509430532,0.6892105858403076,0.36930504365661426,63.069495634338566
24745648258,,0.6365284387038296,0.4965855586331516,0.24112191811807285,0.4388251784109512,56.117482158904885
24746574507,Commodo Auctor PC,0.2406526172671652,0.663424525016166,0.9606423885998643,0.6006475029335148,39.93524970664852
24769745549,Ac Metus Corporation,0.46453659641966916,0.6344596423679251,0.5028274146120787,0.4836820055158739,51.63179944841261
24786876262,,0.7165193745751189,0.5915954983807711,0.4125763401945261,0.5645478573848225,43.54521426151775
24830778398,Fames Ac Turpis Ltd,0.9016542034896895,0.663280337902529,0.9543089798688079,0.9279815916792487,7.201840832075135
24848244496,Odio Phasellus Industries,0.8592794017675051,0.6545291488180238,0.6412576340194526,0.7502685178934788,24.97314821065212
24852446429,Erat Vitae LLP,0.5284387038295943,0.2930458939599505,0.006107215562090025,0.2672729596958422,73.27270403041578
24938000144,Consequat Nec Corporation,0.5402220711534104,0.3532036088258046,0.055417326396742815,0.2978196987750766,70.21803012249235
24952685426,Vulputate Posuere Industries,0.787899388171312,0.6627485977132659,0.9328206288170098,0.8603600084941609,13.963999150583906
24976666868,Duis Dignissim Institute,0.8864717878993882,0.6222628319043025,0.4700294051119656,0.6782505965056769,32.17494034943231
24989367414,Hendrerit A Arcu Foundation,0.5164287332880126,0.45757013685237413,0.17168061524541958,0.3440546742667161,65.5945325733284
24992522061,Est Ac Facilisis Company,0.9453886245184682,0.6620253301773359,0.9059036417100204,0.9256461331142443,7.435386688575574
24993385051,Ac Foundation,0.8953093133922502,0.6269295854568891,0.47658900701198825,0.6859491602021193,31.405083979788074
25019506172,Proin Vel Inc.,0.1377747564015409,0.6457392032003364,0.5338158787604614,0.3357953175810012,66.42046824189988
25027599663,Pharetra Nam Ac Limited,0.1554498073872649,0.6537899874011358,0.6199954761366206,0.38772264176194277,61.227735823805716
25035618251,Cursus Diam Associates,0.10922275096306368,0.6142011977960992,0.4591721330015833,0.2841974419823235,71.58025580176766
25069678029,Elit Dictum Eu Corp.,0.7706775436211194,0.4527202319300243,0.16150192264193622,0.4660897331315278,53.39102668684722
25078409316,Vel LLP,0.758440969861772,0.5754405022875385,0.3831712282289075,0.5708060990453397,42.91939009546603
25083358415,Interdum Libero Dui Foundation,0.5835032857466576,0.5903209112451671,0.409409635828998,0.4964564607878278,50.35435392121722
25083422701,Pretium Et Rutrum Limited,0.18830727396329028,0.48767213186176983,0.2112644198145216,0.19978584688890594,80.0214153111094
25103945596,Gravida Sagittis Limited,0.33650577838205303,0.6571791324037111,0.7159013797783307,0.5262035790801919,47.37964209198081
25115235920,,0.14298663041015183,0.6600530227237732,0.8235693282062881,0.48327797930822,51.672202069178
25117003509,A Tortor LLP,0.8948561069567188,0.6552710205605076,0.6638769509160823,0.7793665289364006,22.06334710635994
25125950126,Etiam Bibendum Limited,0.7849535463403581,0.6631532236435075,0.9468446052929201,0.8658990758166392,13.410092418336085
25166307673,Metus Vivamus LLP,0.18966689326988442,0.724680617061492,0.9984166478172359,0.5940417705435602,40.59582294564398
25176526221,Nec Cursus Corporation,0.7233174711080897,0.5480745844454682,0.33657543542185026,0.52994645326497,47.005354673503
25176815949,Eu Enim Consulting,0.6025379560389758,0.49514709211663177,0.2368242479077132,0.41968110197334446,58.03188980266556
25219450983,Sed Nunc Limited,0.8048946295037389,0.5000476946859584,0.2513006107215562,0.5280976201126475,47.19023798873525
25228131129,Quisque Nonummy Ltd,0.7090414683888511,0.5399140284818763,0.31983714091834425,0.5144393046535977,48.55606953464024
25235376304,Pellentesque Tellus Associates,0.4167233174711081,0.5286822429780139,0.30219407373897306,0.35945869560504057,64.05413043949595
25245001422,Enim Sit Amet Industries,0.8305007931112621,0.6543390632166173,0.63469803211943,0.7325994126153461,26.74005873846539
25273270711,Lacus Vestibulum Foundation,0.2639927486970315,0.48913782301901737,0.21737163537661164,0.24068219203682156,75.93178079631784
25349409223,Penatibus Et Ltd,0.2615001133016089,0.6539254070048136,0.624745532684913,0.4431228229932609,55.687717700673915
25365595519,Quis Associates,0.7534556990709268,0.5060891908485641,0.2680389052250622,0.5107473021479945,48.925269785200555
25370771356,Eu Tempor LLP,0.699524133242692,0.48734513238852106,0.210812033476589,0.45516808335964054,54.48319166403594
25407570137,Quam Curabitur Consulting,0.24246544300929074,0.6588689156174166,0.7744854105406017,0.5084754267749463,49.15245732250537
25467145329,Hendrerit Consectetuer LLP,0.6138681169272604,0.5429377679849362,0.32481339063560283,0.4693407537814316,53.065924621856844
25487349674,Maecenas Iaculis Aliquet LLP,0.9603444368910039,0.6527256409269976,0.5917213300158335,0.7760328834534187,22.39671165465813
25499263184,Ac Mattis Institute,0.8855653750283254,0.6635800511946974,0.9647138656412576,0.9251396203347915,7.486037966520853
25545080719,Eget Dictum Placerat Incorporated,0.7894856106956719,0.6622206768058616,0.9135942094548745,0.8515399100752732,14.846008992472681
25569327276,,0.9839111715386358,0.4673825265746309,0.1866093643971952,0.5852602679679155,41.473973203208445
25607153542,Diam Sed Inc.,0.15726263312939043,0.6476248629048995,0.5460303098846415,0.351646471507016,64.8353528492984
25619276404,Blandit Mattis PC,0.16315431679129844,0.6470350838011946,0.5406016738294503,0.3518779953103744,64.81220046896257
25624067782,Amet Corp.,0.2404260140493995,0.41254763919473136,0.11060845962451935,0.1755172368369594,82.44827631630406
25627894706,Ut Company,0.365964196691593,0.6229177985058033,0.4709341777878308,0.4184491872397119,58.15508127602881
25628686447,Magna Lorem Institute,0.722411058237027,0.6506081911539605,0.5625424112191811,0.6424767347281041,35.752326527189595
25644665418,Cras Interdum LLC,0.9200090641287106,0.6524740005104182,0.586745080298575,0.7533770722136428,24.66229277863572
25674631453,Venenatis Lacus Etiam Incorporated,0.5399954679356447,0.3599126503990268,0.06197692829676544,0.3009861981162051,69.90138018837949
25704682559,Odio Aliquam Corp.,0.15409018808067074,0.6522718877618197,0.5847093417778783,0.3693997649292745,63.06002350707255
25706310514,Nonummy Ltd,0.44414230682075684,0.4901332810196944,0.2205383397421398,0.3323403232814483,66.76596767185517
25707254891,Dui Associates,0.03829594380240199,0.5588202105499954,0.36009952499434517,0.19919773439837357,80.08022656016264
25714080598,Mi Aliquam Incorporated,0.32290958531611147,0.6544845722811452,0.6401266681746212,0.4815181267453663,51.84818732546337
25732256442,Malesuada Vel Associates,0.3720824835712667,0.31758065402061425,0.040714770413933496,0.20639862699260011,79.36013730073998
25737175575,Congue Elit LLC,0.026512576478585997,0.6577275004768289,0.7369373444921964,0.3817249604853912,61.82750395146088
25762836422,Quis Pede Institute,0.37049626104690686,0.5499060304872725,0.3422302646460077,0.35636326284645725,64.36367371535428
25781502446,Lectus Pede Limited,0.08474960344436891,0.45474853991027825,0.16693055869712733,0.12584008107074812,87.41599189292519
25794433887,Lacus Cras Interdum Corporation,0.30228869249943346,0.5238194038049412,0.29789640352861346,0.30009254801402346,69.99074519859765
25810287809,,0.2343077271697258,0.5880333222067867,0.40375480660484053,0.31903126688728317,68.09687331127168
25819356184,Nunc Est Foundation,0.41105823702696576,0.49173970905060754,0.2268717484731961,0.31896499275008094,68.1035007249919
25824799381,Elit Institute,0.6453659641966916,0.632468034050853,0.49219633567066273,0.5687811499336771,43.12188500663229
25846871943,Feugiat Placerat Corporation,0.39972807613868117,0.5940069613051094,0.42004071477041394,0.4098843954545476,59.01156045454524
25856363362,Cubilia Curae Phasellus Corporation,0.49716745977792887,0.5876302374066321,0.40217145442207647,0.44966945710000267,55.03305428999974
25867961009,Lorem Ipsum LLP,0.3521414004078858,0.6553463204565146,0.6665912689436779,0.5093663346757819,49.06336653242182
25876985396,Vitae Erat Vivamus Corp.,0.7292091547699977,0.6558829182578799,0.6840081429540827,0.7066086488620402,29.339135113795976
25880142934,Sit Corp.,0.9256741445728529,0.6573718109627243,0.7211038226645555,0.8233889836187043,17.661101638129573
25884436429,Lorem Auctor Ltd,0.5384092454112849,0.44414925313635534,0.14295408278669985,0.34068166409899237,65.93183359010077
25902222415,Eu Odio Inc.,0.8101065035123499,0.660746195674219,0.8536530196788057,0.8318797615955777,16.812023840442226
25938405651,Elementum Dui Quis Ltd,0.3197371402673918,0.5056319509530772,0.267134132549197,0.2934356364082944,70.65643635917056
25939878512,Elit Etiam Corp.,0.6245184681622479,0.6555711965833166,0.6738294503505994,0.6491739592564236,35.08260407435764
25963848680,Vitae Foundation,0.8844323589394969,0.6618323459944514,0.8984392671341326,0.8914358130368147,10.856418696318526
25971755977,Dui Cras Pellentesque Incorporated,0.8044414230682075,0.6534195702803689,0.6075548518434744,0.705998137455841,29.400186254415907
26001500989,Massa Suspendisse Inc.,0.38545207341944254,0.6321170072308109,0.49083917665686494,0.43814562503815374,56.18543749618463
26008308191,Nulla Aliquet LLP,0.22796283707228643,0.5793703898815001,0.3901832164668627,0.3090730267695746,69.09269732304254
26025787253,Felis Donec Limited,0.0967595739859506,0.662052494378253,0.9072608007238181,0.5020101873548843,49.79898126451157
26045642664,In Scelerisque Corp.,0.4892363471561296,0.6525942269260491,0.5887808188192717,0.5390085829877007,46.099141701229925
26062881399,Amet Risus Associates,0.3444368910038523,0.6573865194881072,0.722234788509387,0.5333358397566197,46.666416024338034
26063968667,Dictum Eu Institute,0.38001359619306596,0.553582685298002,0.3501470255598281,0.365080310876447,63.491968912355304
26077736972,Fermentum Convallis Incorporated,0.7131203263086335,0.6379207193818471,0.5161728115810903,0.6146465689448619,38.53534310551381
26080015717,Auctor Odio Incorporated,0.1994108316338092,0.6534662430777595,0.6089120108572721,0.40416142124554066,59.583857875445936
26148653604,Volutpat Nulla Incorporated,0.5631089961477453,0.44471643673149136,0.14408504863153132,0.3535970223896383,64.64029776103617
26169574842,Dolor Dolor Industries,0.6687060956265579,0.3701152119036556,0.07260800723818141,0.37065705143236966,62.93429485676303
26189928515,,0.35622025832766824,0.6678575690178346,0.9830355123275277,0.669627885327598,33.037211467240205
26218617714,Ultrices Vivamus Industries,0.48221164740539313,0.49313998141164145,0.23071703234562316,0.35646433987550813,64.35356601244919
26259500279,Aliquet Vel Industries,0.21255381826421935,0.6479392098526815,0.5485184347432708,0.3805361265037451,61.946387349625496
26267439458,Aliquam Fringilla Foundation,0.8080670745524586,0.5900866989714312,0.4080524768152002,0.6080597756838294,39.19402243161706
26341565445,Ultrices Duis PC,0.9542261500113302,0.6578810545408467,0.7423659805473874,0.8482960652793587,15.170393472064125
26358864089,Leo Elementum Sem LLC,0.8062542488103331,0.5567945209518512,0.3567066274598507,0.581480438135092,41.8519561864908
26413484487,Fusce PC,0.7144799456152278,0.6553094401361909,0.6650079167609139,0.6897439311880709,31.025606881192914
26445720989,Donec Limited,0.5592567414457286,0.4084734882519367,0.10472743723139562,0.3319920893385621,66.80079106614379
26465868807,Volutpat Ornare LLC,0.07273963290278722,0.49154908402179753,0.22438362361456685,0.14856162825867703,85.1438371741323
26482181417,A Purus Duis Consulting,0.04645365964196692,0.6557364207936911,0.6794842795747569,0.3629689696083619,63.703103039163814
26492290179,Amet Orci Ut Associates,0.7958305007931112,0.6511293768411038,0.565482922415743,0.6806567116044271,31.934328839557292
26500650326,Ac Feugiat Non Consulting,0.31316564695218674,0.6568715009947009,0.7084370052024429,0.5108013260773148,48.91986739226852
26505333735,Varius Ultrices LLC,0.519827781554498,0.5409965010394863,0.3223252657769735,0.4210765236657358,57.892347633426425
26510188921,Et Nunc Institute,0.3104464083389984,0.5461000266102157,0.33159918570459174,0.32102279702179504,67.8977202978205
26539386750,Senectus Et Corp.,0.7940176750509857,0.6635878742747316,0.9649400588102239,0.8794788669306048,12.052113306939516
26551094436,Convallis Foundation,0.7987763426240653,0.6637632038321318,0.9694639221895499,0.8841201324068075,11.587986759319246
26556866679,Vel Est Tempor Associates,0.5495128030818037,0.6541689050031738,0.6313051345849355,0.5904089688333696,40.959103116663044
26569358936,Dictum Limited,0.6435531384545661,0.5483882680480946,0.3381587876046143,0.4908559630295902,50.914403697040974
26599529197,Neque Company,0.5452073419442556,0.6326214857561842,0.49332730151549425,0.5192673217298749,48.073267827012515
26603390734,Phasellus In LLP,0.8198504418762746,0.5880494461442787,0.4039809997738068,0.6119157208250408,38.808427917495926
26643842396,Risus Foundation,0.4738273283480625,0.4216138862856854,0.1221443112418005,0.2979858197949315,70.20141802050685
26671932360,Mi Fringilla Ltd,0.49875368230228867,0.45610933764586464,0.16941868355575662,0.33408618292902265,66.59138170709772
26710073457,Est Ac Limited,0.9297530024926354,0.654787796362957,0.6498529744401719,0.7898029884664036,21.019701153359637
26749181046,Neque Tellus Incorporated,0.16383412644459552,0.6594498893724098,0.8016285908165574,0.4827313586305764,51.72686413694236
26763947687,Congue In Corp.,0.27758894176297305,0.5846363596267176,0.3967428183668853,0.3371658800649292,66.28341199350707
26788127465,Donec Tincidunt LLP,0.01608882846136415,0.5364032454209743,0.3128251526803891,0.16445699057087662,83.55430094291233
26793253394,In Ltd,0.1171538635848629,0.4587078195805139,0.17416874010404887,0.1456613018444559,85.4338698155544
26821904622,Donec Tempor Est Incorporated,0.572173124858373,0.6478479767589317,0.5476136620674056,0.5598933934628894,44.010660653711064
26824240795,Ac Company,0.29458418309539997,0.6600586116946136,0.8237955213752545,0.5591898522353272,44.08101477646728
26844395593,Arcu Ac Inc.,0.48900974393836394,0.4525344885942045,0.16104953630400362,0.3250296401211838,67.49703598788162
26895812037,Sem Ut Inc.,0.6351688193972355,0.6599001767455047,0.8167835331372992,0.7259761762672674,27.40238237327326
26925196872,Vehicula Pellentesque Limited,0.8003625651484251,0.6619133691283027,0.901832164668627,0.851097364908526,14.890263509147395
26942003693,Mauris Institute,0.31837752096079763,0.6608994460771488,0.8611173942546935,0.5897474576077455,41.02525423922545
26945243832,Nisi Magna Inc.,0.35078178110129166,0.6678899486380802,0.983261705496494,0.6670217432988929,33.29782567011071
26945291705,Molestie Sodales Associates,0.8286879673691366,0.6574153645534793,0.7235919475231848,0.7761399574461607,22.38600425538393
26974881830,Tellus Id Nunc Associates,0.6315431679129844,0.6598120538501197,0.8138430219407374,0.7226930949268608,27.730690507313916
26994239326,Morbi Associates,0.8572399728076139,0.6593747562522343,0.7991404659579281,0.828190219382771,17.180978061722897
27014190836,Arcu Industries,0.9415363698164514,0.6396360005738433,0.52047048179145,0.7310034258039506,26.89965741960494
27022400550,Id Mollis Nec Corp.,0.5581237253569,0.5404318434069558,0.3205157204252432,0.4393197228910716,56.06802771089284
27047988248,Purus Accumsan LLP,0.763652843870383,0.4984968565489183,0.24677674734223026,0.5052147956063067,49.47852043936933
27086915609,At Velit Pellentesque Limited,0.6714253342397462,0.5816170760994688,0.39312372766342457,0.5322745309515854,46.77254690484146
27093785141,Placerat Orci Institute,0.4624971674597779,0.2888064813052203,0.002035738520696675,0.2322664529902373,76.77335470097627
27094414625,Vitae Aliquet Foundation,0.13686834353047814,0.6565837400280595,0.7011988237955213,0.41903358366299975,58.09664163370003
27099208477,Cras Dictum Ltd,0.7842737366870609,0.6264005979770464,0.47545804116715673,0.6298658889271088,37.013411107289116
27109170541,Leo Vivamus Associates,0.3666440063448901,0.49105543119809936,0.22302646460076905,0.2948352354728296,70.51647645271703
27110349542,Felis Nulla Tempor Institute,0.3272150464536596,0.6582970285780966,0.7554851843474327,0.5413501154005462,45.86498845994538
27130058170,,0.2497167459777929,0.4143677068820205,0.1128703913141823,0.1812935686459876,81.87064313540124
27132352768,Imperdiet Corporation,0.7631996374348515,0.6615649725765166,0.8889391540375481,0.8260693957361998,17.393060426380025
27179144904,Risus Donec LLC,0.3108996147745298,0.5165068516192075,0.29043202895272563,0.3006658218636277,69.93341781363722
27207000299,Egestas Sed Pharetra Limited,0.10899614774529798,0.5209668684454214,0.2951820855010179,0.20208911662315793,79.7910883376842
27251742541,Malesuada Institute,0.41785633355993657,0.46257076589821794,0.18050214883510518,0.2991792411975209,70.08207588024791
27274388856,Lectus Corporation,0.4629503738953093,0.6575971213196365,0.7319610947749378,0.5974557343351236,40.254426566487645
27288001271,Pede Cum Institute,0.4339451620213007,0.4990403688094035,0.24813390635602806,0.3410395341886644,65.89604658113356
27326652377,Tellus Aenean Corporation,0.50079311126218,0.3265675369872619,0.04614340646912463,0.2734682588656523,72.65317411343477
27332799149,Parturient Montes Nascetur Incorporated,0.23906639474280536,0.660372531245401,0.8380456910201312,0.5385560428814683,46.14439571185317
27397535742,Porttitor Limited,0.23702696578291413,0.613974040194773,0.4587197466636508,0.34787335622328247,65.21266437767174
27406636146,Feugiat Sed Inc.,0.2943575798776343,0.6435233875353216,0.528161049536304,0.4112593147069692,58.87406852930308
27407519046,Nam Ac Nulla LLP,0.8640380693405847,0.6580934281040369,0.7498303551232752,0.80693421223193,19.306578776807005
27440079026,Risus Varius Orci Associates,0.5137094946748244,0.6552135655295711,0.6613888260574531,0.5875491603661387,41.24508396338613
27452194956,Dictum Magna Ut Foundation,0.98527079084523,0.6634764439145532,0.962678127120561,0.9739744589828955,2.6025541017104525
27470466523,Ornare Facilisis Eget Foundation,0.2433718558803535,0.6585171938361933,0.7634019452612532,0.5033869005708034,49.661309942919665
27500085887,Vitae Posuere Industries,0.5719465216406073,0.3626742329291186,0.06627459850712508,0.3191105600738662,68.08894399261338
27504885147,Enim Ltd,0.3872648991615681,0.49455174447274924,0.2350147025559828,0.31113980085877546,68.88601991412246
27508358370,,0.9966009517335146,0.4176080847628083,0.11829902736937345,0.557449989551444,44.255001044855604
27518736748,Enim LLP,0.015862225243598458,0.44725548244154567,0.14928749151775617,0.08257485838067731,91.74251416193226
27529271582,Pharetra Ltd,0.1996374348515749,0.6115865992297173,0.45306491743949334,0.3263511761455341,67.36488238544659
27573216953,Adipiscing Inc.,0.7733967822343077,0.661867071910319,0.8997964261479303,0.836596604191119,16.3403395808881
27574779991,Pede Malesuada Company,0.549286199864038,0.4509368699419049,0.15765663876950917,0.3534714193167736,64.65285806832264
27580593799,Gravida Praesent Incorporated,0.8812599138907773,0.660241672865838,0.8317122822890749,0.856486098089926,14.351390191007397
27581734019,Magna Et Institute,0.3075005665080444,0.6408569872650478,0.5243157656638769,0.4159081660859607,58.40918339140393
27585113425,Dolor Dolor Limited,0.6496714253342397,0.4975330335537763,0.2447410088215336,0.44720621707788666,55.279378292211334
27610959380,Nibh Phasellus Ltd,0.14729209154769998,0.6613224352692382,0.8803438136168288,0.5138179525822644,48.61820474177356
27639240514,Placerat Eget LLP,0.5415816904600045,0.6467293498531432,0.53879212847772,0.5401869094688623,45.981309053113776
27657048362,Elementum Purus Foundation,0.6455925674144573,0.6632784788732857,0.9540827866998417,0.7998376770571495,20.016232294285054
27674806739,Tortor Nibh Industries,0.2671651937457512,0.6598927235046296,0.8165573399683329,0.5418612668570421,45.8138733142958
27801334668,Eu Neque Foundation,0.799002945841831,0.6509510448657247,0.5643519565709115,0.6816774512063712,31.832254879362875
27848119046,,0.8434171765239067,0.6506711051979547,0.5629947975571138,0.7032059870405103,29.67940129594897
27851049264,Turpis Nulla Foundation,0.12825742125538184,0.5458694317610296,0.3304682198597602,0.229362820557571,77.0637179442429
27888724678,Ut Ipsum LLC,0.4581917063222298,0.41958435869025645,0.11942999321420493,0.28881084976821736,71.11891502317826
27915232337,Orci Ut Sagittis PC,0.8665307047360072,0.6536243058130418,0.6134358742365981,0.7399832894863027,26.001671051369733
27950649624,,0.5753455699070927,0.6110515484575567,0.45261253110156074,0.5139790505043267,48.60209494956733
27975606844,Tempor Diam Dictum Industries,0.5318377520960798,0.5869548198004532,0.3999095227324135,0.4658736374142466,53.41263625857534
28000487688,Sed Nunc Industries,0.5146159075458872,0.529296259384241,0.3033250395838046,0.40897047356484584,59.102952643515415
28024035242,Et Magnis Corp.,0.820303648311806,0.6559542524006309,0.6851391087989143,0.7527213785553601,24.727862144463984
28034382339,Elit Pretium Industries,0.020620892816677998,0.6110631297798518,0.452838724270527,0.2367298085436025,76.32701914563975
28045708925,,0.09834579651031045,0.6603214430284793,0.8362361456684008,0.4672909710893556,53.270902891064445
28049322288,Donec Elementum Foundation,0.32540222071153413,0.49192209119462454,0.2270979416421624,0.27625008117684824,72.37499188231517
28057731482,Dignissim Lacus PC,0.3979152503965556,0.306869560215231,0.029857498303551232,0.21388637435005342,78.61136256499466
28068880408,Felis Orci Company,0.418989349648765,0.6598834996820212,0.8161049536304004,0.6175471516395827,38.245284836041726
28124275236,Vehicula Risus Institute,0.4899161568094267,0.6625747956769286,0.9267134132549197,0.7083147850321732,29.168521496782684
28159278322,Ullamcorper Nisl Corporation,0.8422841604350781,0.6501159261569569,0.5600542863605519,0.7011692233978151,29.883077660218493
28175132063,Nec Urna Industries,0.46748243825062313,0.6633202004982921,0.9567971047274373,0.7121397714890302,28.78602285109698
28208763477,Ut Molestie Ltd,0.6478585995921142,0.4433634445898839,0.14023976475910427,0.39404918217560925,60.595081782439074
28230498046,Nisi Foundation,0.6204396102424654,0.5735180867100852,0.38000452386337935,0.5002220670529224,49.97779329470776
28275269638,Elit PC,0.011556764106050306,0.6406192951144797,0.5238633793259444,0.26771007171599737,73.22899282840027
28311306642,Egestas Nunc Sed LLC,,0.6575686957044871,0.7312825152680389,0.7312825152680389,26.87174847319611
28324185214,Ultricies Ornare LLP,0.09177430319510536,0.662469069893309,0.924677674734223,0.5082259889646642,49.17740110353358
28339332365,Libero Mauris Limited,0.27192386131883073,0.6638703385662968,0.9719520470481792,0.621937954183505,37.8062045816495
28341499489,Malesuada Vel Ltd,0.2549286199864038,0.6574244094214045,0.7240443338611174,0.4894864769237606,51.051352307623944
28385291716,Vel Arcu Curabitur Inc.,0.2170858826195332,0.4988730094131184,0.24768152001809546,0.23238370131881433,76.76162986811856
28449116125,Est Industries,0.05801042374801722,0.5522859832570047,0.3481112870391314,0.20306085539357432,79.69391446064257
28451419105,Rutrum Fusce LLC,0.41445728529345116,0.6619162420265035,0.9020583578375932,0.6582578215655221,34.174217843447785
28464012306,Amet Corporation,0.7013369589848176,0.6308799317204549,0.48563673377064015,0.5934868463777289,40.651315362227116
28490495118,Mauris Eu Elit Associates,0.8078404713346929,0.6508302245816784,0.5636733770640127,0.6857569241993529,31.424307580064713
28504709344,Consequat Corp.,0.7060956265578971,0.6583980104032783,0.7602352408957249,0.733165433726811,26.683456627318904
28510201393,Quam Curabitur Corporation,0.20552911851348288,0.6461820536397912,0.5369825831259896,0.3712558508197362,62.874414918026375
28517327395,Pede Blandit LLP,0.26285973260820306,0.6085924374446483,0.44899344039809996,0.3559265865031515,64.40734134968484
28537603098,Sodales Purus Incorporated,0.3346929526399275,0.55439102835941,0.3517303777425922,0.34321166519125984,65.67883348087402
28548640086,,0.9825515522320417,0.37083447466457314,0.0735127799140466,0.5280321660730442,47.196783392695586
28555022437,Gravida Sit Foundation,0.7897122139134376,0.6338259887315844,0.49988690341551684,0.6447995586644772,35.520044133552275
28556213345,Eu Augue Ltd,0.44142306820756855,0.4981764925792244,0.24655055417326396,0.34398681119041624,65.60131888095837
28562620525,Aliquam Vulputate Ullamcorper Corp.,0.8993881713120326,0.6612657463535143,0.8764985297444017,0.8879433505282172,11.205664947178285
28593430437,,0.6152277362338545,0.6554552984640831,0.6708889391540376,0.643058337693946,35.6941662306054
28622174594,Parturient Montes Foundation,0.5479265805574439,0.5835156203443899,0.39470707984618864,0.47131683020181625,52.868316979818374
28639309109,Vel Sapien Imperdiet Industries,0.26829820983457964,0.6553313230801742,0.6659126894367791,0.46710544963567935,53.28945503643207
28647642474,Convallis In Corporation,0.7715839564921821,0.6616959012204964,0.8941415969237729,0.8328627767079775,16.713722329202252
28651583807,Et Libero Associates,0.3727622932245638,0.6544903715992249,0.6403528613435874,0.5065575772840756,49.34424227159244
28663538418,Ipsum Dolor Limited,0.8243825062315885,0.5860889866784673,0.3985523637186157,0.6114674349751021,38.853256502489785
28681229636,Elementum At LLP,0.6859279401767505,0.358527018256064,0.06016738294503506,0.3730476615608928,62.695233843910714
28687004922,Eget Company,0.621572626331294,0.3567918835247955,0.05835783759330468,0.33996523196229933,66.00347680377007
28690231799,Mollis Phasellus Ltd,0.6240652617267165,0.3686090135064667,0.07079846188645103,0.34743186180658375,65.25681381934163
28717590335,,0.0527985497394063,0.5797227683093088,0.3910879891427279,0.2219432694410671,77.8056730558933
28748147493,Neque Institute,0.5683208701563562,0.6578362082222637,0.7410088215335897,0.654664845844973,34.533515415502706
28755901991,Dictum Proin Eget Corp.,0.8178110129163834,0.6573745460546978,0.7213300158335219,0.7695705143749526,23.04294856250474
28767881738,,0.010650351234987537,0.6279670558450337,0.4786247455326849,0.24463754838383622,75.53624516161638
28771494032,Non Lacinia Associates,0.16020847496034443,0.6619720808173227,0.9043202895272563,0.5322643822438003,46.77356177561997
28803237812,Aenean Sed Corporation,0.14185361432132337,0.6658644030060874,0.9798688079619996,0.5608612111416615,43.913878885833846
28827474922,Libero Limited,0.7239972807613868,0.510438550831852,0.28025333634924227,0.5021253085553146,49.787469144468545
28829519760,In Faucibus Orci LLC,0.5207341944255608,0.6556593522046523,0.676543768378195,0.5986389814018779,40.136101859812214
28836033916,Velit In Incorporated,0.9376841151144346,0.6084621769890924,0.44854105406016737,0.693112584587301,30.688741541269906
28855451293,Purus Nullam Scelerisque Corporation,0.757761160208475,0.6504350591872688,0.5616376385433159,0.6596993993758955,34.03006006241045
28880110118,Mauris Nulla Integer Ltd,0.04962610469068661,0.6127096866845333,0.4557792354670889,0.25270267007888775,74.72973299211122
28896046710,Nec Orci Ltd,0.7072286426467256,0.48523583196387066,0.20674055643519565,0.4569845995409606,54.30154004590394
28898261035,,0.3435304781327895,0.6580767011784744,0.7486993892784438,0.5461149337056166,45.38850662943834
28935822912,Conubia Nostra Limited,0.5016995241332427,0.6517068102473542,0.5754354218502601,0.5385674729917513,46.14325270082487
28941011848,Commodo LLC,0.40629956945388623,0.41248537459092716,0.11015607328658675,0.2582278213702365,74.17721786297635
29023134283,Mollis Lectus Industries,0.5726263312939044,0.4085201642520571,0.1049536304003619,0.33878998084713313,66.1210019152867
29027010572,Ut Mi Associates,0.04441423068207569,0.43067604223878,0.1289301063107894,0.08667216849643256,91.33278315035675
29032530325,Duis Incorporated,0.40108769544527534,0.6589987562057503,0.7799140465957928,0.5905008710205341,40.9499128979466
29063380341,Arcu Imperdiet Ullamcorper LLC,0.28008157715839566,0.5013129231039825,0.25491970142501696,0.2675006392917063,73.24993607082936
29068447069,Phasellus LLP,0.9884432358939497,0.310978029307535,0.03347658900701199,0.5109599124504808,48.904008754951924
29074473351,Nunc Nulla Corporation,0.2381599818717426,0.6556476412709543,0.6760913820402624,0.4571256819560025,54.287431804399745
29102388616,Sed Consequat Auctor Associates,0.651031044640834,0.6574473187912674,0.7256276860438815,0.6883293653423577,31.167063465764233
29122719261,Risus Quisque Corp.,0.7101744844776796,0.5364299959294869,0.31327753901832167,0.5117260117480007,48.82739882519993
29156021067,,0.2198051212327215,0.48973159673761535,0.2189549875593757,0.2193800543960486,78.06199456039515
29156207537,Nunc Interdum Corporation,0.3834126444595513,0.653933389391522,0.6249717258538792,0.5041921851567153,49.580781484328476
29166700531,Ac Eleifend PC,0.9743938363924768,0.595245077317542,0.42411219181180726,0.699253014102142,30.074698589785797
29202486033,Vel Foundation,0.6383412644459552,0.5948049257865181,0.4223026464600769,0.5303219554530161,46.967804454698395
29215623643,,0.9723544074325855,0.5825323005342813,0.39334992083239084,0.6828521641324882,31.71478358675118
29216160692,Class Aptent LLC,0.3927033763879447,0.6170727327752566,0.4623388373671115,0.4275211068775281,57.24788931224719
29227046551,,0.27169725810106504,0.5849360586894884,0.3971952047048179,0.3344462314029415,66.55537685970585
29234580033,Etiam Limited,0.02515295717199184,0.5094855739199576,0.2775390183216467,0.15134598774681926,84.86540122531807
29253286472,Fusce Incorporated,0.8599592114208022,0.6061634068779638,0.44266003166704365,0.6513096215439229,34.86903784560771
29276411530,Arcu Vel Corporation,0.9082256968048946,0.6574995678634904,0.7278896177335444,0.8180576572692195,18.194234273078045
29279482521,Class Aptent Corp.,0.9990935871289373,0.44522511744593773,0.14498982130739652,0.5720417042181669,42.79582957818331
29286506036,Metus Aenean Sed Associates,0.451393609789259,0.49252382770638914,0.2282289074869939,0.33981125863812645,66.01887413618735
29317230624,Ligula Elit Corp.,0.9161568094266939,0.6595698659413035,0.805926261026917,0.8610415352268055,13.895846477319452
29323795999,,0.5955132562882393,0.2951050042488815,0.014928749151775616,0.30522100272000746,69.47789972799924
29351616009,Urna Industries,0.24835712667119872,0.6122851402725069,0.4541958832843248,0.35127650497776175,64.87234950222383
29362189014,Vestibulum Limited,0.43507817811012917,0.40520440413676984,0.10110834652793485,0.268093262319032,73.1906737680968
29413883988,Commodo Auctor Incorporated,0.25470201676863813,0.6425514318993107,0.5261253110156073,0.39041366389212273,60.95863361078773
29491615873,Lacus Varius Et Incorporated,0.22682982098345797,0.658257158519729,0.7543542185026012,0.4905920197430296,50.94079802569704
29505435279,Sed Dictum Ltd,0.035576705189213687,0.538977352260695,0.3175752092286813,0.1765759572089475,82.34240427910525
29521780474,At Sem Corp.,0.4935418082936778,0.29687067208495643,0.020583578375933047,0.2570626933348054,74.29373066651945
29524720064,Urna Justo Associates,0.10695671878540676,0.5984492528977766,0.4320289527256277,0.26949283575551725,73.05071642444827
29550468444,Ligula PC,0.31180602764559257,0.46863943803581365,0.18819271657995928,0.24999937211277592,75.00006278872242
29566626791,,0.4201223657375935,0.29851069497140675,0.023297896403528612,0.22171013107056103,77.8289868929439
29613837166,Id Risus Ltd,0.4570586902334013,0.6537679492674844,0.6193168966297218,0.5381877934315615,46.18122065684385
29616684420,Tellus Id LLC,0.5501926127351008,0.2947446805537749,0.01289301063107894,0.28154281168308987,71.84571883169102
29623808496,Iaculis Odio Nam Foundation,0.06390210740992522,0.5102172797643955,0.27912237050441074,0.171512238957168,82.8487761042832
29624063484,Morbi Sit Associates,0.9709947881259914,0.6540576499443935,0.6276860438814748,0.7993404160037331,20.065958399626695
29625244690,Id Enim Inc.,0.5418082936777702,0.4440283107261437,0.14227550327980096,0.3420418984787856,65.79581015212143
29633331621,Augue Sed Inc.,0.4405166553365058,0.54716210710827,0.33431350373218727,0.3874150795343465,61.25849204656535
29639699851,Sodales Elit Erat Corporation,0.43258554271470656,0.37109452210632227,0.07396516625197919,0.2532753544833429,74.67246455166571
29641342749,Et Associates,0.43825062315884883,0.413878489578918,0.11219181180728342,0.2752212174830661,72.47787825169338
29674997261,,0.02198051212327215,0.4443787807900268,0.14363266229359872,0.08280658720843544,91.71934127915645
29680923658,Suscipit Nonummy Institute,0.15907545887151597,0.6326215388456609,0.4935534946844605,0.32631447677798825,67.36855232220118
29681526553,Cras Vehicula Aliquet Corp.,0.03104464083389984,0.6617680889227507,0.8961773354444695,0.46361098813918467,53.63890118608153
29687247370,Eget Metus PC,0.06843417176523907,0.6613860789964484,0.8832843248133906,0.4758592482893148,52.41407517106852
29693559566,Sed Diam Associates,0.2812145932472241,0.6571428412107019,0.7152228002714318,0.49821869675932795,50.178130324067205
29730124424,Egestas A LLP,0.4713346929526399,0.38532214061862613,0.08278669984166478,0.27706069639715236,72.29393036028476
29737773005,Tellus Imperdiet Industries,0.7845003399048266,0.658825759499168,0.7733544446957702,0.7789273923002984,22.10726076997016
29745128769,Justo Sit Incorporated,0.09811919329254476,0.6600484026010807,0.8231169418683556,0.4606180675804502,53.93819324195498
29748559436,Nunc Ullamcorper Velit Limited,0.6283707228642647,0.6637526890953844,0.9687853426826509,0.7985780327734577,20.142196722654226
29778062495,Scelerisque Neque Associates,0.37298889644232947,0.6029953028863502,0.43858855462565033,0.4057887255339899,59.421127446601005
29780390141,Arcu Corporation,0.8132789485610695,0.6821932067671296,0.9902736937344492,0.9017763211477594,9.82236788522406
29782968433,Lectus Justo Eu Incorporated,0.2313618853387718,0.6602320195218316,0.831033702782176,0.531197794060474,46.8802205939526
29836312398,,0.9592114208021754,0.6258547910879633,0.47387468898439267,0.7165430548932841,28.345694510671592
29839336901,Sollicitudin Orci Inc.,0.9546793564468615,0.6544369103366876,0.6383171228228908,0.7964982396348761,20.35017603651239
29859203033,Id Limited,0.26512576478586,0.6638453684721591,0.9712734675412803,0.6181996161635701,38.18003838364299
29917527785,Ullamcorper Corp.,0.03648311806027646,0.6562702245294438,0.6937344492196336,0.365108783639955,63.4891216360045
29921604246,Tellus Justo Sit Company,0.7070020394289599,0.5081069359911411,0.27369373444921963,0.49034788693908976,50.96521130609102
29922107583,Amet Ornare Inc.,0.9898028552005439,0.6028239001951842,0.43813616828771773,0.7139695117441308,28.603048825586917
29936037423,Sodales Incorporated,0.4430092907319284,0.4821881932727833,0.2022166930558697,0.322612991893899,67.7387008106101
29956692423,Vel Venenatis Vel Limited,0.06299569453886245,0.6521735945463081,0.582899796426148,0.3229477454825052,67.70522545174948
30035541512,Gravida Aliquam Tincidunt Industries,0.5411284840244731,0.647220801655649,0.5419588328432481,0.5415436584338607,45.84563415661393
30074252567,Lobortis Ultrices Vivamus Foundation,0.4187627464309993,0.6540430501607232,0.6274598507125084,0.5231112985717539,47.68887014282461
30122382323,Ipsum Company,0.5406752775889417,0.29714777882250437,0.02103596471386564,0.28085562115140367,71.91443788485962
30137717102,Tempus Risus LLC,0.18626784500339905,0.5482149830643496,0.3372540149287492,0.26176092996607414,73.82390700339259
30140204602,Neque Associates,0.04826648538409246,0.6621266348156747,0.9099751187514137,0.4791208020677531,52.08791979322469
30166624802,Feugiat Institute,0.33605257194652166,0.6585357405836275,0.7643067179371184,0.55017964494182,44.982035505818
30169909013,Congue A Incorporated,0.9338318604124178,0.6540689345581502,0.6281384302194074,0.7809851453159127,21.901485468408733
30195713177,,0.3399048266485384,0.6542035391625105,0.6324361004297671,0.4861704635391527,51.38295364608473
30203637111,Orci Luctus LLP,0.05211874008610922,0.6428358458867612,0.5268038905225062,0.2894613153043077,71.05386846956922
30209373786,Laoreet Inc.,0.25447541355087244,0.5439621912179902,0.32662293598733316,0.2905491747691028,70.94508252308972
30214222203,Et Malesuada Fames Limited,0.5712667119873103,0.35734266689030975,0.059036417100203575,0.3151515645437569,68.4848435456243
30275989942,Arcu Vivamus Sit Limited,0.32993428506684797,0.6310859287636286,0.4874462791223705,0.4086902820946092,59.13097179053908
30280912400,Mauris Erat Corp.,0.9925220938137321,0.587745518630415,0.40262384076000907,0.6975729672868706,30.242703271312944
30288006732,Sem Pellentesque Ut Incorporated,0.3020620892816678,0.6536786962765936,0.6159239990952273,0.45899304418844755,54.10069558115524
30299051123,Proin Eget Odio Institute,0.8209834579651031,0.6592291782949801,0.791449898213074,0.8062166780890885,19.378332191091154
30372130473,Semper Egestas LLP,0.37140267391796966,0.5094505486474433,0.2770866319837141,0.32424465295084187,67.57553470491582
30378250411,Congue Turpis Ltd,0.28914570586902333,0.6379004816100305,0.515946618412124,0.40254616214057365,59.74538378594263
30385986557,Nulla Eu Neque Limited,0.6911398141853614,0.5967897004042202,0.4266003166704366,0.558870065427899,44.1129934572101
30389290864,Lobortis Industries,0.5751189666893269,0.313159626514272,0.035512327527708665,0.3053156471085178,69.46843528914822
30403523748,Ac Feugiat LLC,0.26308633582596874,0.6605964005352319,0.8470934177787831,0.555089876802376,44.491012319762405
30415756696,Nec Mollis PC,0.42057557217312486,0.46141317391016573,0.1791449898213074,0.2998602809972161,70.01397190027838
30417042223,Mauris Morbi Ltd,0.29730342170858826,0.515621704959177,0.28952725627686043,0.2934153389927243,70.65846610072757
30429611528,Proin Sed Foundation,0.8765012463176977,0.6019303814764666,0.43587423659805474,0.6561877414578762,34.38122585421238
30434864008,Aliquet Magna LLC,0.12349875368230229,0.6611310259422181,0.870617507351278,0.49705813051679015,50.294186948320984
30439702384,At Lacus Quisque Corporation,0.8214366644006345,0.6600156709116659,0.8219859760235241,0.8217113202120793,17.828867978792072
30440941247,Sit Amet Company,0.9589848175844097,0.6068528919496227,0.4456005428636055,0.7022926802240076,29.77073197759924
30458474292,Euismod Est Foundation,0.7491502379333786,0.49153144898795437,0.22415743044560055,0.4866538341894896,51.33461658105104
30571576650,Tellus Sem Mollis Institute,0.8248357126671199,0.6563371255831942,0.6946392218954988,0.7597374672813093,24.02625327186907
30623214058,Mauris Eu PC,0.48039882166326764,0.3603010192206044,0.06265550780366433,0.271527164733466,72.8472835266534
30674020809,Phasellus Nulla Corp.,0.9363244958078405,0.6624041225325645,0.9212847771997286,0.9288046365037845,7.119536349621547
30689045280,Dolor Egestas Institute,0.6777702243371856,0.6595228495404444,0.8043429088441529,0.7410565665906692,25.89434334093308
30717284167,,0.9662361205529119,0.45627170543229906,0.16964487672472292,0.5679404986388173,43.20595013611827
30749472383,Pharetra Sed Foundation,0.4871969181962384,0.6637446259432465,0.9683329563447184,0.7277649372704784,27.223506272952157
30769373086,Massa Vestibulum Ltd,0.013369589848175845,0.6562128386682956,0.6928296765437684,0.3530996331959721,64.69003668040278
30772059502,Egestas Sed Pharetra Corp.,0.3163380920009064,0.6609251279715503,0.8624745532684913,0.5894063226346988,41.05936773653012
30775213097,Sed Et Associates,0.8606390210740993,0.6603272939757455,0.8366885320063334,0.8486637765402163,15.13362234597837
30779952495,Nam Consequat Institute,0.3487423521414004,0.512569194224771,0.2836462338837367,0.3161942930125686,68.38057069874314
30780133873,Pede LLP,0.964649898028552,0.6684993451007886,0.9848450576792581,0.9747474778539051,2.525252214609486
30801495844,Nunc Ullamcorper Company,0.5041921595286654,0.654373040258083,0.636281384302194,0.5702367719154298,42.97632280845703
30818723636,,0.17924314525266258,0.5530850385268613,0.3492422528839629,0.2642426990683127,73.57573009316873
30822803386,Ut Inc.,0.22116474053931565,0.6606299199753726,0.8486767699615472,0.5349207552504314,46.507924474956866
30864611742,Nisl Sem Limited,0.39111715386358487,0.6515652517087028,0.5724949106536983,0.4818060322586416,51.81939677413584
30900210196,Sem Magna Nec Industries,0.7688647178789939,0.5499199577455163,0.34245645781497397,0.5556605878469839,44.43394121530161
30942453214,Justo Nec Associates,0.3333333333333333,0.4959138535359783,0.23908617959737616,0.28620975646535474,71.37902435346453
30984752802,,0.2794017675050986,0.6049687287354535,0.44085048631531326,0.36012612691020596,63.98738730897941
31003199153,Augue Sed Corporation,0.1375481531837752,0.659837865524958,0.8154263741235015,0.47648726365363836,52.351273634636165
31029589578,Semper Et Lacinia Company,0.9111715386358487,0.6622541512024499,0.914046595792807,0.9126090672143279,8.73909327856721
31068797937,Magna Praesent Industries,0.9340584636301835,0.612305796731923,0.45442207645329113,0.6942402700417374,30.575972995826262
31092671220,Porttitor Eros Nec Ltd,0.8323136188533877,0.6638529925369451,0.9714996607102465,0.9019066397818172,9.809336021818282
31101120643,Commodo Hendrerit Donec Corp.,0.5773849988669839,0.40401629103436015,0.09839402850033929,0.3378895136836616,66.21104863163384
31153557593,Ut Semper Corporation,0.3818264219351915,0.5907077225164507,0.41008821533589684,0.3959573186355442,60.40426813644558
31169432936,Enim Condimentum Inc.,0.7142533423974621,0.5744037746192842,0.3818140692151097,0.5480337058062859,45.19662941937141
31202988152,Justo Eu Corporation,0.6650804441423068,0.562254601865514,0.3666591268943678,0.5158697855183373,48.41302144816627
31238575689,Ipsum Leo LLP,0.10106503512349875,0.6623436769772058,0.9187966523410993,0.509930843732299,49.006915626770095
31245723081,Enim Commodo Inc.,0.8488556537502833,0.6548715264595085,0.6521149061298349,0.7504852799400591,24.95147200599409
31263348006,Blandit Nam Nulla Associates,0.8667573079537729,0.657108077134656,0.714544220764533,0.7906507643591529,20.934923564084706
31277741768,,0.036709721278042146,0.38760277852864644,0.08391766568649627,0.060313693482269205,93.96863065177308
31322181845,Magna Sed Institute,0.5424881033310673,0.5983473706896767,0.43180275955666136,0.48714543144386435,51.28545685561357
31323293694,Tellus Faucibus Leo Consulting,0.07183322003172445,0.6588538356249396,0.7740330242026691,0.42293312211719675,57.70668778828032
31330885977,Dis Parturient Ltd,0.17063222297756628,0.6599277878922377,0.8185930784890296,0.49461265073329796,50.5387349266702
31334588839,Lacus Aliquam Corporation,0.1699524133242692,0.3236111871776698,0.044333861117394256,0.10714313722083173,89.28568627791684
31337247877,Lorem Ac Risus Company,0.25084976206662135,0.6055070325322245,0.44220764532911105,0.3465287036978662,65.34712963021339
31363277682,Fermentum Metus Industries,0.3902107409925221,0.6591078794613427,0.7851164894820176,0.5876636152372698,41.233638476273015
31385641294,Semper Auctor PC,0.3455699070926807,0.3440483947001788,0.05111965618638317,0.19834478163953195,80.1655218360468
31397959824,Blandit Congue In Corp.,0.45094040335372765,0.4526662874104669,0.16127572947296992,0.30610806641334876,69.38919335866512
31400548982,Non Egestas PC,0.09993201903467029,0.6299828821767542,0.48247002940511197,0.29120102421989114,70.87989757801088
31416331470,Quis Turpis Corporation,0.008610922275096307,0.4706437215997982,0.18932368242479078,0.09896730234994354,90.10326976500565
31420388495,Nonummy Associates,0.32132336279175167,0.6590657144534103,0.7833069441302872,0.5523151534610194,44.76848465389806
31456306765,Phasellus Ltd,0.9272603670972128,0.6533900776244463,0.605745306491744,0.7665028367944784,23.34971632055216
31468420954,Non Hendrerit Id LLC,0.8372988896442329,0.6594654621110826,0.8029857498303551,0.820142319737294,17.9857680262706
31471800699,Egestas Aliquam Corp.,0.9465216406072966,0.6585418755283846,0.7645329111060846,0.8555272758566905,14.447272414330946
31471844679,Suspendisse Industries,0.5379560389757535,0.5014066198930669,0.25514589459398324,0.39655096678486834,60.344903321513165
31472801314,Urna Justo Industries,0.6909132109675957,0.6612216472909059,0.8744627912237051,0.7826880010956504,21.73119989043496
31507950402,,0.3442102877860866,0.5460422157924356,0.33114679936665914,0.33767854357637284,66.23214564236271
31552582037,Velit Inc.,0.007931112621799229,0.3958613391830069,0.0893463017416874,0.04863870718174331,95.13612928182566
31562649946,Est Arcu Ac Incorporated,0.4164967142533424,0.6382160078285253,0.5168513910879892,0.46667405267066575,53.33259473293342
31570712230,Pharetra Nam Corporation,0.7335146159075459,0.6630298311763185,0.9416421624066953,0.8375783891571206,16.242161084287943
31580243600,Sed Corp.,0.8076138681169273,0.5046922900933488,0.26374123501470254,0.5356775515658149,46.432244843418516
31584328627,,0.4185361432132336,0.5901730497003207,0.40827866998416645,0.4134074065987,58.65925934013
31585975447,Dolor Dapibus Gravida Associates,0.41830953999546794,0.3067096720193856,0.02940511196561864,0.22385732598054328,77.61426740194567
31587341011,Velit Industries,0.06639474280534784,0.660273162283138,0.8337480208097715,0.4500713818075597,54.992861819244034
31595398112,Enim Company,0.9336052571946521,0.6615656290351,0.8891653472065144,0.9113853022005833,8.861469779941666
31607615186,Fusce Mollis Duis Corp.,0.9075458871515976,0.6563502332799962,0.6950916082334313,0.8013187476925144,19.868125230748557
31630375469,Ante Bibendum Corporation,0.35599365510990255,0.5065367826202977,0.26939606423886,0.31269485967438126,68.73051403256187
31637210281,Lorem Luctus Incorporated,0.6034443689100385,0.3626927632621458,0.06650079167609138,0.3349725802930649,66.5027419706935
31641177052,,0.2698844323589395,0.5503956618067651,0.34336123049083916,0.30662283142488933,69.33771685751107
31681476434,Lorem Sit LLC,0.5739859506004985,0.6612474147894564,0.8755937570685365,0.7247898538345174,27.521014616548257
31686734877,Etiam Laoreet LLP,0.6682528891910265,0.6622493441415729,0.9138204026238408,0.7910366459074336,20.89633540925664
31736633670,Vel Pede Blandit Corporation,0.4835712667119873,0.5559572024980514,0.35512327527708665,0.41934727099453695,58.065272900546304
31754766736,Hendrerit Id Ante LLC,0.5816904600045321,0.6593822649121992,0.7995928522958606,0.6906416561501963,30.935834384980364
31759308958,Rhoncus Donec Est Industries,0.9073192839338319,0.6838428642686647,0.9929880117620448,0.9501536478479383,4.984635215206168
31761538646,,0.3050079311126218,0.467227668127957,0.18615697805926262,0.24558245458594222,75.44175454140579
31770481079,Enim Diam Associates,0.9859506004985271,0.6567776474600364,0.7064012666817462,0.8461759335901367,15.382406640986336
31782061377,,0.9820983457965103,0.5238572686966192,0.29812259669757973,0.640110471247045,35.988952875295496
31823794994,Dolor Dapibus LLC,0.1674597779288466,0.445675946745135,0.1463469803211943,0.15690337912502045,84.30966208749795
31840064969,Suspendisse Dui Institute,0.7804214819850442,0.6615518397788074,0.8882605745306492,0.8343410282578467,16.565897174215326
31861513116,Parturient Montes Nascetur Corp.,0.03331067301155676,0.6548130761596535,0.6507577471160371,0.3420342100637969,65.7965789936203
31867263249,Risus Donec Industries,0.460231135282121,0.6657685898643741,0.979416421624067,0.719823778453094,28.017622154690603
31869958432,In Consectetuer Industries,0.0994788125991389,0.658365482749812,0.7584256955439945,0.42895225407156673,57.104774592843334
31905921746,Ut LLP,0.7006571493315205,0.661943063888713,0.9029631305134584,0.8018101399224895,19.81898600775105
31940875883,Amet Associates,0.30840697937910716,0.527873183336165,0.3012893010631079,0.3048481402211075,69.51518597788925
31969118588,Auctor Foundation,0.33559936551099023,0.6597944931808792,0.8129382492648722,0.5742688073879312,42.573119261206884
31969420866,Sed Leo Cras Incorporated,0.3544074325855427,0.5878183305978469,0.40352861343587426,0.3789680230107085,62.10319769892916
32021853619,Commodo Institute,0.9428959891230455,0.5670682635661228,0.3720877629495589,0.6574918760363022,34.25081239636978
32069730393,Eget Metus LLP,0.5288919102651257,0.6587819089818995,0.7722234788509387,0.6505576945580323,34.94423054419678
32082195327,Luctus PC,0.47926580557443915,0.6580363428144032,0.747342230264646,0.6133040179195426,38.66959820804574
32165886699,Quisque Inc.,0.07817811012916383,0.6874302283728736,0.9936665912689436,0.5359223506990537,46.40776493009463
32173481131,Non PC,0.17969635168819398,0.5893330205466869,0.4064691246324361,0.29308273816031505,70.6917261839685
32176774610,Cubilia Curae Donec Inc.,0.5361432132336279,0.4010311207147614,0.09545351730377742,0.31579836526870264,68.42016347312973
32196789327,Vestibulum Accumsan Neque Industries,0.15635622025832766,0.6564917483061568,0.699389278443791,0.4278727493510593,57.21272506489407
32234779638,,0.5263992748697032,0.2935574657323597,0.0081429540827867,0.2672711144762449,73.2728885523755
32246751900,Massa Non LLC,0.6675730795377295,0.6574281000261564,0.7247229133680163,0.696147996452873,30.385200354712705
32258116290,Id Foundation,0.32087015635622024,0.6192380860960476,0.4659579280705723,0.39341404221339626,60.65859577866037
32262357239,Nam Porttitor Scelerisque Corporation,0.873328801268978,0.6529638597942501,0.5985071250848224,0.7359179631769002,26.40820368230998
32297823633,,0.826195331973714,0.6587253927770869,0.7710925130061073,0.7986439224899107,20.135607751008934
32329455050,Massa Lobortis Consulting,0.5676410605030592,0.5855392215281617,0.3976475910427505,0.48264432577290484,51.735567422709515
32350997564,Donec Vitae Corporation,0.8110129163834127,0.6974589538706937,0.9970594888034381,0.9040362025934254,9.596379740657458
32361057556,Orci In Consequat Corporation,0.5914343983684568,0.29496985366385076,0.014023976475910428,0.30272918742218363,69.72708125778165
32380337852,Urna Convallis Inc.,0.3111262179922955,0.6633057969283418,0.9563447183895046,0.6337354681909001,36.62645318090999
32413511882,Morbi Vehicula Limited,0.658282347609336,0.6612755441973825,0.876724722913368,0.767503535261352,23.249646473864804
32423905315,Hendrerit Consulting,0.13641513709494674,0.5738927673853514,0.3804569102013119,0.25843602364812934,74.15639763518706
32446633720,Dolor Nonummy Corporation,0.6983911171538636,0.6316424669313467,0.4894820176430672,0.5939365673984653,40.606343260153466
32451620193,Malesuada Augue PC,0.6958984817584409,0.4909531116841746,0.22280027143180275,0.45934937659512187,54.06506234048781
32461318592,,0.6274643099932019,0.6344805811856469,0.5032798009500113,0.5653720554716066,43.46279445283934
32493270774,Libero LLP,0.10061182868796736,0.5681323597991085,0.373671115132323,0.23714147191014517,76.28585280898548
32530636640,Hendrerit Foundation,0.6261046906866078,0.6555665325633282,0.6733770640126668,0.6497408773496374,35.02591226503626
32551640842,Erat Semper Ltd,0.6140947201450261,0.4866486622519627,0.20922868129382494,0.41166170071942554,58.83382992805745
32560075533,Malesuada Vel Convallis Consulting,0.5828234760933605,0.3142871280251018,0.03732187287943904,0.31007267448639975,68.99273255136002
32566134208,Dapibus Rutrum Foundation,0.8259687287559483,0.5981639604437028,0.4306717937118299,0.6283202612338891,37.16797387661109
32594843603,Tincidunt Dui Associates,0.3038749150237933,0.6592553024286323,0.7932594435648044,0.5485671792942989,45.14328207057011
32598536052,Feugiat Lorem Ipsum Industries,0.9077724903693632,0.6637788223093003,0.9699163085274825,0.9388443994484228,6.1155600551577205
32605756719,In Ornare Industries,0.40924541128484027,0.3991044159137648,0.09251300610721556,0.2508792086960279,74.91207913039722
32610248934,Mauris Non Dui PC,0.9129843643779741,0.6619652856517857,0.90409409635829,0.9085392303681321,9.14607696318679
32619416776,Quis Massa Ltd,0.9630636755041921,0.6621638364042055,0.9111060845962452,0.9370848800502187,6.291511994978127
32623092639,Penatibus Et Industries,0.6208928166779968,0.657615630101593,0.7324134811128704,0.6766531488954336,32.33468511045664
32635507667,,0.4334919555857693,0.48849132626948477,0.21465731734901605,0.32407463646739265,67.59253635326074
32642832483,,0.04781327894856107,0.5795218670345653,0.3906356028047953,0.2192244408766782,78.07755591233219
32649670245,,0.982324949014276,0.4675514705842014,0.1870617507351278,0.5846933498747019,41.53066501252981
32656335530,Enim Etiam Gravida PC,0.35984590981191933,0.35320821334371455,0.055643519565709114,0.20774471468881422,79.22552853111857
32709545238,Tempor Est Foundation,0.46181735780648087,0.30891442084443044,0.03166704365528161,0.24674220073088124,75.32577992691188
32709729094,Odio Auctor Corp.,0.522093813732155,0.633267400044219,0.4971725853879213,0.5096331995600382,49.036680043996185
32727297124,Sed Industries,0.3457965103104464,0.664662539525651,0.974892558244741,0.6603445342775937,33.96554657224063
32749065279,Auctor LLC,0.5733061409472014,0.6326172735154748,0.4931011083465279,0.5332036246468647,46.67963753531353
32772607667,Nunc Sed Institute,0.2868796736913664,0.6666857786483399,0.9819045464826962,0.6343921100870313,36.56078899129687
32803063236,Non Justo Proin Limited,0.8420575572173125,0.6537052290653814,0.6177335444469577,0.7298955508321351,27.01044491678649
32812230887,Id Nunc Interdum Corporation,0.5307047360072513,0.6383065611295071,0.5173037774259217,0.5240042567165866,47.59957432834134
32821775372,Mollis Phasellus Libero Inc.,0.9907092680716066,0.5687223042376801,0.3745758878081882,0.6826425779398975,31.735742206010254
32825608803,Dapibus Quam Quis Associates,0.6721051438930433,0.43638412871936716,0.13232300384528387,0.4022140738691636,59.778592613083646
32827360566,Et Commodo At Incorporated,0.19079990935871288,0.6630670799951717,0.9423207419135942,0.5665603256361536,43.343967436384645
32831345323,,0.03467029231815092,0.5175931455910608,0.292241574304456,0.16345593331130348,83.65440666886965
32842076466,Pellentesque Inc.,0.2315884885565375,0.6585593438049778,0.7652114906129834,0.49839998958476045,50.16000104152396
32844138686,At Augue Id Associates,0.5449807387264899,0.4499183558595511,0.15516851391087988,0.3500746263186849,64.99253736813151
32873803804,Sed Pharetra Ltd,0.8058010423748018,0.5684226210230796,0.3741235014702556,0.5899622719225287,41.00377280774713
32894483068,Non Egestas LLP,0.6503512349875368,0.5366350740591286,0.3137299253562542,0.4820405801718955,51.795941982810454
32897338221,Vel Nisl Incorporated,0.8137321549966009,0.6619761534792209,0.9045464826962226,0.8591393188464118,14.086068115358819
32934378210,Nibh Consulting,0.8649444822116474,0.5931382129128252,0.41732639674281835,0.6411354394772328,35.88645605227671
32943566946,Ante Ipsum LLC,0.8957625198277815,0.6619889892053263,0.9049988690341552,0.9003806944309684,9.961930556903164
32946666313,Ligula Donec LLC,0.5472467709041469,0.3851000630138102,0.08256050667269849,0.31490363878842265,68.50963612115774
33026294208,Convallis Est Industries,0.19533197371402675,0.6570284160984506,0.7111513232300385,0.45324164847203263,54.675835152796736
33032934489,Adipiscing Elit Etiam Incorporated,0.259913890777249,0.6027392447029469,0.4374575887808188,0.34868573977903394,65.1314260220966
33043043175,Ipsum Leo Consulting,0.08542941309766598,0.6502367161003898,0.5609590590364171,0.3231942360670415,67.68057639329585
33064796871,Curabitur Massa Consulting,0.6657602537956039,0.45695965660553745,0.1707758425695544,0.4182680481825791,58.17319518174209
33068332703,Suspendisse Dui Fusce LLC,0.01880806707455246,0.6783060601350074,0.9880117620447862,0.5034099145596693,49.65900854403307
33070920679,Aliquet Magna Incorporated,0.10718332200317245,0.6614413384344318,0.885093870165121,0.49613859608414673,50.38614039158533
33076003501,Sem Eget Limited,0.9191026512576479,0.6533280558638659,0.6050667269848451,0.7620846891212465,23.79153108787535
33084912594,Sed Nulla Ante Foundation,0.20122365737593473,0.654567678365406,0.6428409862022167,0.42203232178907574,57.79676782109242
33087124172,Sapien Aenean Inc.,0.8298209834579651,0.6574997711777124,0.7281158109025108,0.7789683971802379,22.10316028197621
33099767595,Diam At PC,0.8878314072059823,0.6574101014237302,0.7231395611852522,0.8054854841956173,19.451451580438274
33108281623,Lectus LLP,0.8341264445955132,0.6591145010922566,0.7857950689889165,0.8099607567922149,19.00392432077851
33138327540,Fermentum Convallis Ltd,0.47314751869476546,0.598236311693962,0.4311241800497625,0.452135849372264,54.7864150627736
33150692829,Mauris LLP,0.023113528212100613,0.6522162798864178,0.5835783759330468,0.30334595207257375,69.66540479274262
33163130598,Id Ante Associates,0.34489009743938365,0.44766970875935025,0.15064465053155396,0.2477673739854688,75.22326260145313
33223110337,Cras Lorem Lorem LLP,0.8051212327215046,0.6556986742191356,0.6783533137299254,0.741737273225715,25.8262726774285
33226000026,Quis Turpis Corp.,0.6451393609789259,0.5349070097656194,0.31124180049762495,0.4781905807382754,52.180941926172466
33233265647,Felis Corporation,0.42193519147971903,0.4929274520286709,0.22981225966975796,0.3258737255747385,67.41262744252616
33268824520,Arcu Nunc Incorporated,0.7699977339678223,0.6336933397151143,0.49943451707758424,0.6347161255227033,36.52838744772967
33286410763,,0.5952866530704736,0.6567745044082336,0.7059488803438136,0.6506177667071436,34.93822332928565
33296649772,Nullam Lobortis Ltd,0.7611602084749604,0.6584883638263253,0.762497172585388,0.7618286905301741,23.81713094698259
33337260688,Suspendisse Ac Company,0.7935644686154544,0.5965865210023537,0.426147930332504,0.6098561994739792,39.014380052602085
33344911835,Aliquam Arcu Ltd,0.507364604577385,0.6304173086305053,0.48360099524994343,0.4954827999136642,50.451720008633586
33357097824,Sem Ut Incorporated,0.3226829820983458,0.6451136884298735,0.5317801402397647,0.42723156116905525,57.27684388309447
33364563448,Lacinia Orci Incorporated,0.7296623612055291,0.4937913454163067,0.23252657769735355,0.4810944694514413,51.89055305485587
33388024878,Semper Institute,0.8721957851801495,0.652811500887629,0.5933046821985976,0.7327502336893735,26.724976631062646
33412969398,Mi LLC,0.18082936777702244,0.49677004323096774,0.24157430445600542,0.21120183611651394,78.8798163883486
33437657911,Dui Foundation,0.7031497847269431,0.651763262758335,0.5765663876950916,0.6398580862110174,36.01419137889826
33495932835,Vel Arcu Foundation,0.4452753229095853,0.5104986614296851,0.28093191585614113,0.36310361938286323,63.68963806171368
33581972361,Ipsum Dolor PC,0.03580330840697938,0.65836427512219,0.7581995023750283,0.39700140539100387,60.29985946089962
33587480673,Egestas Blandit Nam LLP,0.8481758440969862,0.41131595536064114,0.10879891427278897,0.4784873791848876,52.15126208151124
33604812025,,0.45887151597552683,0.29421248445288123,0.010178692603483374,0.2345251042895051,76.54748957104948
33607911449,Nulla Semper LLC,0.5304781327894856,0.6340984224772342,0.5010178692603483,0.5157480010249169,48.42519989750831
33621236826,,0.8241559030138228,0.6488319167875152,0.5530422981225966,0.6885991005682097,31.140089943179028
33651513345,Amet Lorem Ltd,0.66122818944029,0.48555361856792234,0.20764532911106084,0.43443675927567543,56.55632407243245
33654290585,Lacus Pede Corporation,0.012689780194878767,0.5644759982089989,0.36937344492196333,0.19103161255842105,80.89683874415789
33754604709,Nullam Suscipit Ltd,0.09698617720371629,0.6575445308980731,0.7303777425921737,0.413681959897945,58.6318040102055
33765505000,Ut Nulla Associates,0.9725810106503512,0.6594409023114526,0.8011762044786247,0.8868786075644879,11.312139243551211
33783846300,Suspendisse Non Leo LLP,0.878540675277589,0.6576653717653449,0.7349016059714997,0.8067211406245443,19.327885937545574
33784872304,Augue Malesuada Corporation,0.92635395422615,0.5544959807149216,0.35195657091155846,0.6391552625688542,36.08447374311458
33790986203,Sed Consequat Corporation,0.16519374575118967,0.6593154951720013,0.7955213752544673,0.4803575605028285,51.96424394971715
33806831488,Quis Massa Limited,0.3025152957171992,0.6628109191667035,0.9350825605066727,0.6187989281119359,38.12010718880641
33846458525,Quisque Industries,0.31543167912984366,0.658392289749905,0.759556661388826,0.5374941702593349,46.25058297406651
33854504524,Felis Purus Limited,0.8937230908678904,0.6585500926204919,0.7647591042750509,0.8292410975714706,17.075890242852942
33885350311,Vel Pede LLC,0.2771357353274416,0.6522748504392082,0.5849355349468446,0.4310356351371431,56.89643648628569
33925457242,Non Quam LLP,0.20462270564242013,0.6603796750829207,0.8382718841890975,0.5214472949157588,47.85527050842412
33967237843,Commodo At Corp.,0.24586449127577611,0.6532985238493068,0.6041619543089799,0.425013222792378,57.4986777207622
33969442512,Sit Amet Corp.,0.9265805574439157,0.6567572612854295,0.7052703008369148,0.8159254291404152,18.407457085958477
33998551054,Eu Nibh Vulputate Incorporated,0.24767731701790166,0.6567974300611628,0.7066274598507125,0.4771523884343071,52.284761156569296
34020997841,Molestie Tellus Foundation,0.25923408112395196,0.654623814480541,0.6451029178918797,0.4521684995079158,54.783150049208416
34048570533,Interdum Libero Dui Company,0.5717199184228416,0.6634150953603781,0.960416195430898,0.7660680569268699,23.393194307313014
34059083860,Tempor LLC,0.3775209607976433,0.6334580006835558,0.4973987785568876,0.43745986967726547,56.254013032273456
34082818630,Egestas Sed Inc.,0.751869476546567,0.5503565906900383,0.3431350373218729,0.5475022569342199,45.249774306578004
34095207240,Mauris Morbi Associates,0.3958758214366644,0.6345066166264338,0.5037321872879439,0.44980400436230417,55.01959956376958
34096466752,Nullam Enim Ltd,0.5216406072966236,0.30685549087737146,0.029631305134584937,0.27563595621560427,72.43640437843956
34172909925,Nec Ante Foundation,0.37706775436211193,0.3670737833439282,0.06989368921058584,0.22348072178634887,77.65192782136512
34178940059,Scelerisque Dui Foundation,0.8706095626557897,0.6072949555552717,0.44673150870843703,0.6586705356821134,34.13294643178866
34179569263,Sodales At LLC,0.5948334466349422,0.29951398955118885,0.023976475910427505,0.30940496127268485,69.05950387273153
34190774918,Eget Ipsum Corp.,0.4479945615227736,0.62611531392453,0.47455326849129154,0.4612739150070326,53.87260849929674
34205660775,A Magna Associates,0.9954679356446862,0.494969053569497,0.2363718615697806,0.6159198986072334,38.40801013927666
34262348703,Mattis Semper Dui Foundation,0.7047360072513029,0.6599506277111239,0.8192716579959285,0.7620038326236157,23.79961673763843
34268093162,Mi Felis Adipiscing Corp.,0.7811012916383413,0.6588699049375059,0.7747116037095679,0.7779064476739546,22.209355232604544
34322206505,Ac Mattis Semper Corporation,0.27668252889191025,0.6616844824467121,0.8936892105858403,0.5851858697388752,41.48141302611248
34339412732,Suspendisse Eleifend Consulting,0.029458418309539994,0.5607276951345194,0.3639448088667722,0.1967016135881561,80.3298386411844
34365441985,Erat Associates,0.8613188307273963,0.6624962289214549,0.9255824474100882,0.8934506390687422,10.654936093125777
34377873597,Ridiculus Mus Corp.,0.8289145705869023,0.6566639766756028,0.7021035964713865,0.7655090835291445,23.449091647085552
34398628767,Ut Pharetra Sed Inc.,0.37638794470881487,0.4808355863080933,0.19995476136620674,0.2881713530375108,71.18286469624893
34402763739,Pharetra Nam Foundation,0.3342397462043961,0.6594279547859333,0.8007238181406922,0.5674817821725442,43.25182178274558
34430258507,Arcu Vivamus Sit Foundation,0.9372309086789032,0.6605137315547789,0.8437005202442887,0.890465714461596,10.953428553840405
34437937876,Tellus Imperdiet LLP,0.8740086109222751,0.6580602359006142,0.748020809771545,0.8110147103469101,18.89852896530899
34440496342,Mauris Nulla Integer Industries,0.5334239746204396,0.6638087054826043,0.9708210812033476,0.7521225279118936,24.78774720881064
34444004774,Aliquam Associates,0.1404939950147292,0.6589962705211252,0.7794616602578602,0.4599778276362947,54.002217236370534
34451067367,,0.9986403806934059,0.31839072430221615,0.04161954308979869,0.5201299618916023,47.98700381083977
34455283435,Ac Fermentum Company,0.004758667573079538,0.4613910512736497,0.1789187966523411,0.09183873211271032,90.81612678872897
34459028045,Tellus Eu Inc.,0.3580330840697938,0.48862388847990984,0.21510970368694865,0.2865713938783712,71.34286061216288
34473591341,Dui Semper PC,0.17493768411511443,0.6555261641114153,0.6724722913368016,0.42370498772595805,57.6295012274042
34516414355,Laoreet Institute,0.24155903013822796,0.6601401204597794,0.8269622257407826,0.5342606279395052,46.57393720604948
34530907184,Magna Praesent LLP,0.1583956492182189,0.6624256854423383,0.9221895498755938,0.5402925995469063,45.97074004530937
34558201737,Suspendisse Non LLC,0.48198504418762744,0.6562445787411866,0.6930558697127347,0.5875204569501811,41.247954304981896
34564250941,Lorem LLP,0.19193292544754134,0.5805258870856046,0.3922189549875594,0.29207594021755034,70.79240597824497
34568005237,Non Bibendum Foundation,0.1672331747110809,0.6616057779663275,0.8905225062203121,0.5288778404656965,47.11221595343035
34591758600,A Consulting,0.8835259460684342,0.6606731549532435,0.8507125084822439,0.867119227275339,13.288077272466104
34621449599,Vivamus Nibh Company,0.1527305687740766,0.561295507982291,0.3643971952047048,0.25856388198939073,74.14361180106093
34695415993,Ultrices Vivamus Rhoncus Associates,0.5261726716519375,0.49952953392189425,0.24903867903189322,0.38760567534191537,61.23943246580846
34703763702,Scelerisque Neque Sed Industries,0.09585316111488783,0.6852074047079847,0.9934403980999774,0.5446467796074326,45.53532203925674
34726792617,Purus Mauris Associates,0.5628823929299797,0.5039948760656369,0.2617054964940059,0.41229394471199277,58.77060552880072
34744764368,Odio Corporation,0.5245864491275776,0.5542075157300667,0.3512779914046596,0.43793222026611855,56.20677797338814
34768249497,Gravida Molestie Institute,0.07205982324949015,0.6556847270979839,0.6776747342230265,0.3748672787362583,62.51327212637416
34768390517,,0.3602991162474507,0.6076789931335201,0.4478624745532685,0.40408079540035957,59.591920459964044
34775154874,Tellus Ltd,0.09653297076818491,0.4209954953174374,0.1214657317349016,0.10899935125154325,89.10006487484567
34822634769,Dolor Egestas Rhoncus PC,0.6598685701336959,0.37217508995460813,0.07509613209681068,0.3674823511152533,63.25176488847467
34861537920,Hendrerit A Ltd,0.83797869929753,0.6619537878406044,0.9036417100203574,0.8708102046589437,12.918979534105635
34900312172,Arcu Sed Et Limited,0.3634715612961704,0.5478396518439203,0.33567066274598506,0.3495711120210777,65.04288879789223
34904300711,Convallis Convallis Dolor Foundation,0.7749830047586675,0.4916108267843394,0.22460981678353314,0.4997964107711004,50.02035892288996
34920839316,Nunc Est LLP,0.49671425334239744,0.33047619451418914,0.04750056548292242,0.27210740941265993,72.78925905873402
34922750917,Magna Lorem Ipsum Inc.,0.2345343303874915,0.6264267946859737,0.47568423433612306,0.3551092823618073,64.48907176381927
34940973001,Sem Molestie Sodales Corporation,0.26807160661681395,0.6586536581917326,0.7674734223026465,0.5177725144597303,48.22274855402697
34967436738,,0.3405846363018355,0.3615644701436434,0.0642388599864284,0.20241174814413196,79.7588251855868
34973148717,Montes Nascetur Ridiculus Ltd,0.5578971221391343,0.6343214605543387,0.5021488351051798,0.5300229786221571,46.997702137784295
34978524408,Nec Imperdiet LLP,0.1765239066394743,0.6593102685408359,0.7948427957475684,0.48568335119352135,51.431664880647865
34984654037,A Ultricies Foundation,0.5590301382279629,0.660190796348292,0.8301289301063108,0.6945795341671368,30.54204658328632
35014882568,Faucibus Corporation,0.4044867437117607,0.36212794920282637,0.0651436326622936,0.23481518818702715,76.51848118129728
35016722348,Lacus PC,0.4260140493995015,0.36016881134060685,0.06242931463469803,0.24422168201709976,75.57783179829003
35040817462,Dolor Vitae Limited,0.2610469068660775,0.49515313803212485,0.23727663424564577,0.24916177055586164,75.08382294441384
35071907475,A Auctor Non Institute,0.3752549286199864,0.39074941749360687,0.08572721103822664,0.2304910698291065,76.95089301708936
35079621278,Imperdiet Ullamcorper Industries,0.05325175617493769,0.39704825059879695,0.09092965392445149,0.07209070504969459,92.79092949503054
35144409275,Dictum Mi LLC,0.7720371629277136,0.653877864320974,0.6224836009952499,0.6972603819614818,30.273961803851822
35176289951,Risus Ltd,0.11126217992295491,0.6572655330347166,0.7181633114679936,0.4147127456954743,58.528725430452575
35188460630,Tortor Associates,0.19170632222977566,0.6617937031418221,0.8970821081203347,0.5443942151750552,45.560578482494485
35194643826,Orci Industries,0.050532517561749375,0.5168485179571771,0.2911106084596245,0.17082156301068693,82.9178436989313
35195862809,Pede Cras Industries,0.44776795830500793,0.655266166469321,0.6634245645781497,0.5555962614415788,44.44037385584212
35223308778,Euismod In Corp.,0.492635395422615,0.2945027758111742,0.010857272110382267,0.25174633376649863,74.82536662335013
35225211178,Placerat Cras Foundation,0.9383639247677317,0.6548008439803911,0.6505315539470709,0.7944477393574012,20.55522606425988
35235320738,Gravida Sit Incorporated,0.0013596193065941536,0.41715757323151287,0.11716806152454196,0.05926384041556806,94.07361595844318
35246778333,Vitae Velit Egestas Industries,0.13392250169952413,0.6584229753940044,0.7609138204026238,0.44741816105107396,55.25818389489261
35253328405,Mauris Eu Turpis Limited,0.21821889870836167,0.6590410798749082,0.7819497851164895,0.5000843419124256,49.99156580875744
35260204943,Sed Dolor Limited,0.8724223883979153,0.6135207838066107,0.457362587649853,0.6648924880238841,33.51075119761159
35267193658,Magna Ltd,0.021753908905506457,0.6459084520807035,0.5356254241121918,0.27868966650884913,72.13103334911509
35286003506,Velit Foundation,0.1463856786766372,0.6073527660328476,0.4471838950463696,0.2967847868615034,70.32152131384966
35318110910,Tellus Lorem Incorporated,0.4112848402447315,0.5935345912543,0.41823116941868355,0.41475800483170755,58.52419951682924
35344855546,Quis Tristique Ac Inc.,0.8094266938590527,0.6583245434800473,0.7568423433612305,0.7831345186101416,21.686548138985838
35367341543,Rhoncus Id Company,0.6689326988443236,0.5484967391199919,0.33838498077358065,0.5036588398089521,49.63411601910479
35381098677,Egestas Corp.,0.05733061409472014,0.5144862777644542,0.28771771092513004,0.17252416250992508,82.74758374900749
35385390863,Augue Id Ante Corporation,0.35032857466576023,0.6536518504362084,0.6150192264193621,0.4826739005425612,51.73260994574388
35387407637,Sollicitudin Orci Sem Incorporated,0.04509404033537276,0.6571011319401682,0.7136394480886677,0.37936674421202027,62.063325578797965
35388105918,Orci Lobortis Limited,0.849762066621346,0.659166473448653,0.7871522280027143,0.8184571473120301,18.15428526879699
35389993777,,0.25039655563109,0.4450597741899156,0.14453743496946392,0.19746699530027695,80.2533004699723
35391497890,Donec Corporation,0.6659868570133696,0.5829653380285248,0.39357611400135717,0.5297814855073634,47.021851449263664
35393810060,Arcu Eu Odio Limited,0.1323362791751643,0.655837417872257,0.6824247907713187,0.4073805349732415,59.26194650267584
35424691626,Eu Sem Pellentesque Limited,0.5227736233854521,0.2972507643532824,0.02126215788283194,0.272017890634142,72.7982109365858
35475436187,Orci Lacus Vestibulum Institute,0.958758214366644,0.6601266017878552,0.8262836462338837,0.8925209303002639,10.74790696997361
35480690241,Felis Purus PC,0.15318377520960796,0.66308360846749,0.943677900927392,0.5484308380685,45.156916193149996
35556933338,Semper Cursus Integer Limited,0.5474733741219125,0.3000423570349918,0.024655055417326398,0.28606421476961946,71.39357852303804
35575706403,Tempus Mauris Ltd,0.06594153636981645,0.9109606847149965,0.9997738068310337,0.5328576716004251,46.71423283995749
35578320747,Morbi PC,0.6227056424201224,0.6621490879918159,0.9108798914272789,0.7667927669237007,23.320723307629933
35601926858,,0.0763652843870383,0.5464905793426124,0.33250395838045693,0.20443462138374763,79.55653786162524
35615649088,Tincidunt Congue Turpis Inc.,0.9299796057104011,0.6569337874854073,0.7102465505541733,0.8201130781322872,17.98869218677128
35620324777,Porttitor Inc.,0.3258554271470655,0.5237005878410671,0.29767021035964714,0.3117628187533563,68.82371812466437
35625780258,,0.2581010650351235,0.3848889623190548,0.08233431350373219,0.17021768926942782,82.97823107305722
35632109137,Natoque Penatibus Industries,0.16088828461364152,0.6602504765648349,0.8319384754580411,0.49641338003584135,50.35866199641587
35661290048,Eget Institute,0.47405393156582826,0.653175110505199,0.6023524089572495,0.5382031702615389,46.17968297384611
35664226523,Erat Eget PC,0.6249716745977792,0.5447059629250466,0.32752770866319836,0.4762496916304888,52.37503083695112
35679080538,Odio Etiam Limited,0.5619759800589168,0.6386995052348128,0.5188871296086858,0.5404315548338012,45.956844516619874
35713332328,Nisi Magna Sed LLC,0.8771810559709948,0.6550342209958806,0.6566387695091608,0.7669099127400778,23.30900872599222
35733444320,Arcu Ac Limited,0.45230002266032177,0.2956955525017202,0.01696448767247229,0.23463225516639702,76.53677448336029
35754571357,Ante Dictum Incorporated,0.3992748697031498,0.5339470972804253,0.308979868807962,0.3541273692555559,64.58726307444441
35755909141,Tristique Neque Venenatis Associates,0.9385905279854974,0.6576896649924322,0.7358063786473649,0.8371984533164312,16.280154668356882
35769589414,Arcu Et Pede Limited,0.8350328574665761,0.6458917138150664,0.5351730377742592,0.6851029476204176,31.489705237958244
35787272183,Blandit LLC,0.9526399274869704,0.6125416977040185,0.4553268491291563,0.7039833883080633,29.601661169193672
35790530993,Venenatis Vel LLC,0.8087468842057557,0.6457402322602527,0.5340420719294278,0.6713944780675918,32.86055219324082
35809331583,Euismod In LLC,0.6319963743485157,0.37361306306301023,0.07577471160370956,0.35388554297611263,64.61144570238874
35813492759,Orci Institute,0.46498980285520053,0.6584756195666989,0.761818593078489,0.6134041979668448,38.65958020331553
35883675055,Tellus Justo Institute,0.8486290505325176,0.6588843336915654,0.7753901832164669,0.8120096168744922,18.799038312550774
35906534450,Auctor Non Feugiat Corporation,0.9762066621346023,0.6054683852220228,0.4419814521601448,0.7090940571473735,29.09059428526265
35909341340,Arcu Sed Eu Incorporated,0.46589621572626333,0.2913305311007307,0.0027143180275955667,0.23430526687692946,76.56947331230705
35911782646,Semper Nam Tempor Limited,0.6827554951280308,0.5794206666751415,0.390409409635829,0.5365824523819299,46.34175476180701
35927874515,Ac Orci Ut Industries,0.41559030138227965,0.4930430886474004,0.23026464600769056,0.3229274736949851,67.70725263050149
35979239098,Pede Nunc Sed Incorporated,0.12780421481985044,0.6513017477113731,0.5688758199502375,0.34834001738504394,65.1659982614956
35990744747,Massa Lobortis Incorporated,0.8069340584636302,0.6610586669398277,0.8679031893236824,0.8374186238936563,16.25813761063437
36002228596,Orci Consectetuer Corporation,0.14865171085429413,0.6624989321660804,0.9258086405790545,0.5372301757166743,46.276982428332566
36066395091,Tristique LLC,0.6122818944029005,0.40853663329568024,0.1051798235693282,0.35873085898611434,64.12691410138856
36105169298,Amet Diam Company,0.4754135508724224,0.5153546442456852,0.28884867676996157,0.38213111382119197,61.7868886178808
36105696102,Velit Eget Institute,0.6052571946521641,0.5148575121812492,0.28839629043202897,0.44682674254209653,55.31732574579035
36125151647,Sed Nec Corp.,0.45841830953999546,0.3999442688767591,0.09364397195204704,0.27603114074602125,72.39688592539788
36139372130,Nec Mollis Vitae LLP,0.48243825062315887,0.5916051089495313,0.41280253336349243,0.44762039199332565,55.23796080066743
36196225600,Leo Elementum Sem Associates,0.5529118513482891,0.31348583413339626,0.036190907034607554,0.29455137919144836,70.54486208085517
36235884040,Curabitur Massa PC,0.6333559936551099,0.6322840114006344,0.49151775616376386,0.5624368749094368,43.756312509056315
36291259608,Ac LLC,0.11624745071380013,0.6596789823631012,0.8095453517303778,0.46289640122208897,53.710359877791106
36300724008,Ligula Aenean Associates,0.9113981418536143,0.6536735272492769,0.6154716127572948,0.7634348773054546,23.656512269454545
36307655284,Integer Id Incorporated,0.5021527305687741,0.6550744128892894,0.657543542185026,0.5798481363769,42.01518636231
36325756075,Amet Diam Ltd,0.11194198957625198,0.6514062341582558,0.5709115584709342,0.3414267740235931,65.85732259764069
36413911362,Suspendisse Sed Institute,0.41808293677770225,0.643039132705192,0.5270300836914725,0.4725565102345874,52.744348976541254
36436872469,Dui Cras Pellentesque Corporation,0.20938137321549966,0.6151608823465116,0.46030309884641485,0.33484223603095725,66.51577639690427
36461610866,Phasellus Fermentum Corporation,0.18286879673691367,0.6276100410176849,0.47794616602578605,0.33040748138134984,66.95925186186503
36479085063,Lacinia Orci Consectetuer Company,0.4409698617720372,0.6601641084216388,0.8283193847545804,0.6346446232633088,36.53553767366912
36494504426,Metus Aliquam Industries,0.1880806707455246,0.6515337854787264,0.5720425243157656,0.3800615975306451,61.993840246935484
36502394145,Et Ultrices Posuere Corp.,0.07115341037842737,0.5423636873370641,0.32390861795973763,0.1975310141690825,80.24689858309175
36555094223,Nunc Quis LLC,0.23951960117833673,0.49172707973069707,0.2264193621352635,0.23296948165680012,76.70305183432
36595568885,Euismod Est Arcu Inc.,0.1343757081350555,0.6823865792445662,0.9904998869034155,0.5624377975192355,43.75622024807645
36607451384,Feugiat Lorem Incorporated,0.569227283027419,0.5521064758648737,0.3472065143632662,0.4582168986953426,54.178310130465746
36628336616,Sagittis Augue Incorporated,0.07002039428959891,0.5632010304619391,0.36869486541506447,0.2193576298523317,78.06423701476683
36662964956,Curabitur Associates,0.18581463856786767,0.6602712289490595,0.8335218276408053,0.5096682331043365,49.033176689566346
36679017165,Iaculis Institute,0.7384998866983912,0.6533972933036725,0.6061976928296765,0.6723487897640339,32.76512102359661
36688095621,Aliquam Nisl Nulla Corporation,0.696578291411738,0.6580850493005885,0.749604161954309,0.7230912266830235,27.69087733169765
36747959917,Sed Facilisis Inc.,0.6424201223657376,0.4366933143248032,0.13300158335218276,0.38771085285896023,61.22891471410398
36758807067,Pellentesque Ut Ipsum Institute,0.5003399048266486,0.6552708463472664,0.663650757747116,0.5819953312868823,41.80046687131177
36800144612,Imperdiet Non Limited,0.905733061409472,0.661299355395141,0.8798914272788961,0.892812244344184,10.718775565581595
36800720158,A Felis Ullamcorper Corporation,0.40312712440516657,0.5050899872393672,0.26464600769056773,0.33388656604786715,66.61134339521328
36861014911,Eu Euismod Industries,0.8404713346929527,0.6602936909819698,0.8351051798235694,0.837788257258261,16.2211742741739
36866208934,Tellus Corp.,0.8293677770224337,0.6602861812611971,0.8346527934856367,0.8320102852540352,16.79897147459648
36874828466,Ut Quam Vel LLP,0.07840471334692953,0.6561252770737616,0.6903415516851391,0.38437313251603433,61.562686748396565
36961482719,In Cursus Corp.,0.1114887831407206,0.6355447164103446,0.5087084370052024,0.3100986100729615,68.99013899270385
37023533442,Ipsum Nunc Foundation,0.6036709721278042,0.6620561043848338,0.9074869938927844,0.7555789830102944,24.442101698970564
37069107801,Pellentesque Tincidunt Ltd,0.39134375708135055,0.6528486958905231,0.5942094548744628,0.4927766059779066,50.722339402209336
37070901816,,0.8504418762746431,0.6546387042646117,0.6455553042298122,0.7479985902522277,25.20014097477723
37097551567,Quis Pede Associates,0.7554951280308181,0.6615601417636182,0.8887129608685818,0.8221040444496999,17.78959555503001
37106509177,Nullam Scelerisque Ltd,0.3027418989349649,0.48804494496215534,0.2126215788283194,0.25768173888164214,74.23182611183579
37145789569,,0.004078857919782461,0.40930604531482306,0.1060845962451934,0.05508172708248793,94.4918272917512
37176176705,Eu Industries,0.611148878314072,0.6546239305321955,0.645329111060846,0.628238994687459,37.1761005312541
37228343237,Odio A Purus Associates,0.4575118966689327,0.6606722155225776,0.8504863153132776,0.6539991059911051,34.60008940088949
37238742140,Aenean Massa Company,0.07999093587128937,0.657216255678418,0.7168061524541959,0.3983985441627426,60.160145583725736
37243721612,Convallis Inc.,0.6338092000906412,0.6544799302875262,0.6394480886677222,0.6366286443791818,36.337135562081826
37304535258,Tempus Non Institute,0.4067527758894176,0.5739594111885634,0.3809092965392445,0.393831036214331,60.6168963785669
37320515399,Quisque PC,0.26557897122139135,0.6557901366245176,0.6806152454195883,0.4730971083204898,52.69028916795102
37322527524,Nunc Nulla Incorporated,0.3961024246544301,0.6536335155201469,0.6138882605745306,0.5049953426144803,49.500465738551966
37327984417,Purus Duis Consulting,0.6979379107183322,0.5944712585793632,0.42139787378421173,0.559667892251272,44.0332107748728
37333878076,,0.902107409925221,0.5930638072522848,0.41687401040488575,0.6594907101650533,34.050928983494664
37351213839,Lacus Quisque Purus Institute,0.17743031951053706,0.6532163642629979,0.6025786021262158,0.3900044608183765,60.999553918162356
37351880405,Venenatis Incorporated,0.16247450713800135,0.4950211583712011,0.2365980547387469,0.1995362809383741,80.04637190616259
37358528402,Enim Mauris Inc.,0.9637434851574892,0.5556444939554067,0.35421850260122145,0.6589809938793554,34.10190061206446
37379915451,Tempor Est Ac Corporation,0.5470201676863812,0.2932551750332964,0.007011988237955214,0.2770160779621682,72.29839220378318
37419282352,Tristique Senectus Corp.,0.8311806027645593,0.6552563230486765,0.6631983714091835,0.7471894870868714,25.281051291312863
37440780757,Ante Iaculis Nec Corp.,0.8581463856786766,0.6459936057729011,0.5363040036190907,0.6972251946488837,30.277480535111636
37442271968,Magna Tellus Faucibus LLP,0.17720371629277135,0.66188331465739,0.9007011988237955,0.5389524575582835,46.10475424417165
37459245212,Aliquet Phasellus Consulting,0.4520734194425561,0.29792888301858683,0.022166930558697128,0.2371201750006266,76.28798249993733
37470904997,Lorem Fringilla Industries,0.9311126217992296,0.6963074004794855,0.9966071024655055,0.9638598621323675,3.6140137867632482
37481834976,Ut Dolor Dapibus Consulting,0.9458418309539995,0.6947155070599575,0.9959285229586067,0.9708851769563032,2.9114823043696836
37482629458,Sem Vitae Incorporated,0.9968275549512803,0.44644246331221266,0.14793033250395837,0.5723789437276193,42.762105627238064
37505212069,Convallis In Cursus Limited,0.5123498753682302,0.6563512156820956,0.6953178014023976,0.6038338383853139,39.61661616146861
37534260149,Nulla Limited,0.1586222524359846,0.5914189484530018,0.4121239538565935,0.28537310314628905,71.46268968537109
37568109751,Mollis Incorporated,0.6741445728529345,0.6568308887469387,0.7075322325265777,0.690838402689756,30.916159731024393
37578923779,Cras Incorporated,0.8418309539995468,0.5296251053707256,0.30355123275277085,0.5726910933761589,42.73089066238411
37621714049,Ut Sem Company,0.7679583050079312,0.5940863294085408,0.4202669079393802,0.5941126064736557,40.58873935263443
37629693091,Duis A LLP,0.3081803761613415,0.6611017043818681,0.8694865415064466,0.588833458833894,41.1166541166106
37662781564,Vitae Velit Egestas Incorporated,0.3734421028778609,0.49589096785830755,0.23885998642840986,0.30615104465313536,69.38489553468646
37670671283,Malesuada Augue Ut LLP,0.9433491955585769,0.5858738752889633,0.3983261705496494,0.6708376830541132,32.91623169458868
37687523474,Nunc In Industries,0.5377294357579878,0.29568274690272517,0.016738294503505995,0.2772338651307469,72.27661348692531
37706925794,Purus Nullam Associates,0.9920688873782008,0.6831763423512405,0.9918570459172134,0.991962966647707,0.8037033352292999
37718833659,Est LLC,0.5887151597552686,0.5275116439828312,0.3008369147251753,0.44477603724022197,55.522396275977805
37720067731,,0.20077045094040336,0.547346722421801,0.33476589007011986,0.2677681705052616,73.22318294947384
37750618930,Consectetuer Ipsum PC,0.6299569453886246,0.6235822617576813,0.471838950463696,0.5508979479261603,44.91020520738397
37759101222,Erat PC,0.8370722864264672,0.6623877190524534,0.9206061976928297,0.8788392420596485,12.116075794035153
37762125537,Pharetra Incorporated,0.4636301835486064,0.5048219987687302,0.26419362135263513,0.36391190245062077,63.60880975493792
37802138328,Nunc Ullamcorper Velit Corporation,0.08950827101744845,0.6615299168394636,0.8869034155168514,0.4882058432671499,51.179415673285014
37815517789,Odio PC,0.05302515295717199,0.4085604709922271,0.1054060167382945,0.07921558484773325,92.07844151522667
37816907112,,0.02107409925220938,0.6382669059901711,0.5170775842569555,0.26907584175458243,73.09241582454176
37829861545,Cursus Vestibulum Mauris Foundation,0.45955132562882395,0.5576254765000387,0.3573852069667496,0.40846826629778676,59.153173370221324
37835781615,Quis Lectus PC,0.23113528212100612,0.6630296450969395,0.941415969237729,0.5862756256793675,41.37243743206325
37850439589,Mollis Vitae Associates,0.8479492408792205,0.661845892566982,0.8991178466410314,0.8735335437601259,12.646645623987407
37927728172,Eu Accumsan LLP,0.6532970768184908,0.658133307131438,0.7507351277991404,0.7020161023088156,29.798389769118437
37935728745,Laoreet Lectus Quis LLP,0.09132109675957399,0.5078540780881708,0.27324134811128703,0.18228122243543052,81.77187775645695
37967061831,Nullam Foundation,0.4443689100385225,0.4917182240495492,0.2259669757973309,0.33516794291792673,66.48320570820732
38012560280,In Tempus Associates,0.37933378653976885,0.3824212887186389,0.08052476815200181,0.22992927734588534,77.00707226541147
38049816588,Commodo Tincidunt Limited,0.09222750963063675,0.5443605119876654,0.32707532232526576,0.20965141597795126,79.03485840220488
38074504441,Metus In Lorem Associates,0.5467935644686155,0.6609993661658279,0.8656412576340194,0.7062174110513175,29.378258894868246
38086864545,Fringilla Euismod Industries,0.7956038975753456,0.6590004104773409,0.7801402397647591,0.7878720686700523,21.21279313299477
38090089066,Interdum Feugiat Sed Inc.,0.5762519827781555,0.2944011441048202,0.01063107894141597,0.29344153085978575,70.65584691402142
38180882926,Mauris Quis Corp.,0.27079084523000224,0.657575499847221,0.7315087084370052,0.5011497768335037,49.88502231664963
38194917037,Vel Nisl LLP,0.7462043961024246,0.5592778805907818,0.36145668400814296,0.5538305400552838,44.61694599447162
38212167834,Magna Suspendisse Industries,0.40879220484930884,0.34107677063247877,0.049988690341551685,0.22939044759543026,77.06095524045698
38243146530,Suspendisse Aliquet Incorporated,0.7586675730795377,0.6331744661616745,0.4962678127120561,0.627467692895797,37.253230710420304
38249941422,Amet Faucibus Incorporated,0.9485610695671879,0.6583898757912368,0.7593304682198597,0.8539457688935238,14.605423110647619
38251474462,Ipsum Dolor LLC,0.9857239972807614,0.6477499969336558,0.5464826962225741,0.7661033467516678,23.38966532483322
38325541616,Vivamus Non Corporation,0.8996147745297983,0.6544512193999646,0.6387695091608233,0.7691921418453108,23.080785815468918
38325909884,At Associates,0.7387264899161569,0.6616983768538913,0.8943677900927391,0.816547140004448,18.345285999555205
38337815814,Eget Venenatis Limited,0.37321549966009515,0.46395597518201337,0.18299027369373444,0.2781028866769148,72.18971133230852
38361767065,Penatibus Et PC,0.1849082256968049,0.5620964087923639,0.3664329337254015,0.2756705797111032,72.43294202888968
38363946876,Gravida LLC,0.8493088601858146,0.6616301274496196,0.891201085727211,0.8702549729565128,12.974502704348723
38367446372,Erat Vivamus Limited,0.932245637888058,0.6595936074549187,0.8066048405338159,0.869425239210937,13.057476078906305
38425242099,In Felis Foundation,0.6616813958758214,0.6554164331817053,0.6695317801402397,0.6656065880080306,33.43934119919694
38435278995,Sed Consequat Corp.,0.5409018808067074,0.3632364100368927,0.06717937118299028,0.3040406259948488,69.59593740051511
38447958250,Lobortis Quam Incorporated,0.9551325628823929,0.46218093613838185,0.18004976249717258,0.5675911626897827,43.240883731021725
38488456221,In Cursus Consulting,0.4137774756401541,0.506175574492472,0.2682650983940285,0.34102128701709133,65.89787129829087
38523562929,Sed Dictum Corp.,0.4541128484024473,0.4464478369529607,0.14815652567292467,0.301134687037686,69.8865312962314
38523766800,Elit Elit Fermentum Foundation,0.9739406299569454,0.5968844322857525,0.42682650983940285,0.7003835698981742,29.96164301018258
38591231051,Lectus Sit Inc.,0.4495807840471335,0.6546659513224625,0.6464600769056774,0.5480204304764055,45.197956952359455
38598071783,Etiam Imperdiet Dictum LLC,0.5320643553138454,0.6574903848847419,0.7274372313956119,0.6297507933547286,37.02492066452714
38603393734,Amet Inc.,0.2114208021753909,0.5613090121669677,0.36462338837367114,0.28802209527453104,71.1977904725469
38612000811,Magna Inc.,0.8162247903920236,0.6603948386019902,0.8396290432028952,0.8279269167974594,17.207308320254057
38638753805,Volutpat Ltd,0.6116020847496034,0.6556306981135532,0.6758651888712961,0.6437336368104498,35.62663631895502
38646383513,Leo Elementum Foundation,0.6471787899388172,0.505090084428508,0.26487220085953406,0.4560254953991756,54.39745046008244
38664088375,Lacinia At Foundation,0.5776116020847496,0.6631831030791306,0.9488803438136169,0.7632459729491832,23.675402705081684
38672941140,Consequat Nec Mollis Institute,0.8601858146385679,0.45602061475355693,0.16919249038679032,0.5146891525126791,48.53108474873209
38675657098,Amet LLP,0.3970088375254929,0.6610854056269858,0.8690341551685139,0.6330214963470033,36.697850365299665
38700038932,Etiam Bibendum Industries,0.5925674144572853,0.3252512191262685,0.04478624745532685,0.3186768309563061,68.13231690436939
38710494876,Morbi Non Corp.,0.8153183775209608,0.5802643255616116,0.3917665686496268,0.6035424730852939,39.64575269147061
38721422513,Sem Pellentesque Incorporated,0.1726716519374575,0.5130338475648014,0.2859081655733997,0.2292899087554286,77.07100912445715
38721857169,Dictum Magna Inc.,0.3002492635395423,0.6614067855372986,0.8839629043202896,0.5921060839299159,40.789391607008405
38734016504,Nisi Magna Consulting,0.5957398595060049,0.5973777699630225,0.42773128251526804,0.5117355710106365,48.82644289893635
38736067045,Cras Lorem Institute,0.5429413097665987,0.3988540790939871,0.09206061976928297,0.3175009647679408,68.24990352320593
38737299876,Sit Amet Institute,0.43054611375481533,0.6353619345155365,0.5082560506672699,0.4694010822110426,53.05989177889574
38807802363,Ac Mattis Ltd,0.32653523680036256,0.6383576196166119,0.517529970594888,0.4220326036976253,57.79673963023747
38864597115,Convallis Est Foundation,0.03195105370496261,0.6062632618946405,0.44311241800497625,0.23753173585496942,76.24682641450306
38918664617,Faucibus Foundation,0.030591434398368457,0.4165411571296681,0.11626328884867677,0.07342736162352262,92.65726383764775
38971488186,Primis In LLP,0.7230908678903241,0.5777692589569159,0.38701651210133453,0.5550536899958293,44.49463100041707
38986645707,Lectus Justo LLC,0.09607976433265353,0.65851003834816,0.7631757520922868,0.4296277582124702,57.037224178752986
38990495653,Ut Molestie In Corporation,0.2796283707228643,0.5406071344460571,0.3214204931011084,0.3005244319119863,69.94755680880137
39010056512,Cursus Et Eros Industries,0.41332426920462273,0.4937406087634066,0.23184799819045465,0.3225861336975387,67.74138663024614
39060546194,At Lacus Quisque Inc.,0.6272377067754362,0.4456508863771247,0.146120787152228,0.3866792469638321,61.3320753036168
39088614710,Ut Eros Institute,0.504418762746431,0.49329717988850436,0.23139561185252205,0.3679071872994766,63.209281270052344
39112692726,Mus Proin LLC,0.8092000906412871,0.6560094127043948,0.6876272336575435,0.7484136621494153,25.15863378505847
39135845322,Quis Pede Praesent Inc.,0.822569680489463,0.5585143262254887,0.3594209454874463,0.5909953129884546,40.90046870115454
39150153670,Aliquam Eu Institute,0.9918422841604351,0.40028095492800786,0.09409635828997964,0.5429693212252074,45.70306787747926
39190083890,Rutrum Urna Corp.,0.3589394969408566,0.4379857114072201,0.13481112870391315,0.24687531282238487,75.31246871776152
39192981624,Eu Eros LLC,0.11941989576251982,0.4715743540276135,0.18977606876272338,0.1545979822626216,84.54020177373785
39198539067,Suspendisse Aliquet Associates,0.910944935418083,0.6218738081522305,0.4691246324361004,0.6900347839270917,30.996521607290827
39211701585,Diam Eu Dolor PC,0.6580557443915703,0.5310745049319514,0.30490839176656864,0.48148206807906946,51.851793192093055
39218053314,Quam Company,0.8966689326988443,0.6589260142557551,0.7771997285681972,0.8369343306335207,16.306566936647926
39220770748,Orci In Consequat Associates,0.7740765918876048,0.653756052413919,0.6190907034607555,0.6965836476741801,30.341635232581986
39247174689,Vulputate Ullamcorper Magna LLC,0.7190120099705416,0.6538540581730214,0.621805021488351,0.6704085157294464,32.95914842705536
39260384047,Quis Pede Corporation,0.5053251756174938,0.6517818286584964,0.5767925808640579,0.5410588782407759,45.89411217592241
39288194590,Tempor Bibendum Donec Corp.,0.8778608656242919,0.6607668154429762,0.8547839855236372,0.8663224255739645,13.367757442603544
39354007155,Rutrum Lorem Institute,0.14140040788579197,0.6587039202259017,0.7699615471612757,0.45568097752353387,54.43190224764661
39354019183,Ac Risus Morbi Industries,0.8159981871742579,0.6610774957501381,0.868355575661615,0.8421768814179365,15.782311858206356
39368471973,In Lorem Industries,0.7051892136868344,0.5555731318252152,0.35376611626328885,0.5294776649750617,47.052233502493834
39434518372,Tempus Limited,0.46816224790392025,0.6593280430048978,0.7966523410992988,0.6324072945016095,36.75927054983905
39469311070,Lorem Donec Foundation,0.672331747110809,0.4096293780717789,0.106536982583126,0.3894343648469675,61.05656351530325
39469369640,Mauris Sapien Corporation,0.9900294584183096,0.3897045080268212,0.08527482470029406,0.5376521415593019,46.23478584406981
39473654822,Fringilla Ornare Placerat Incorporated,0.11692726036709722,0.658083367847549,0.7493779687853427,0.43315261457621995,56.684738542378014
39542524740,Urna Ut Tincidunt Inc.,0.5055517788352595,0.6614746496958295,0.88577244967202,0.6956621142536397,30.433788574636033
39580029434,Nulla Cras Ltd,0.9952413324269205,0.6095405613017357,0.45035059941189776,0.7227959659194091,27.72040340805909
39618687681,Lorem Industries,0.24563788805801043,0.6269039066782142,0.4763628138430219,0.3610003509505162,63.89996490494838
39646859475,Fames Corp.,0.03444368910038523,0.6001695193361747,0.4333861117394255,0.23391490041990537,76.60850995800946
39649557865,Arcu Morbi Institute,0.5696804894629504,0.28690204286050613,0.0018095453517303778,0.2857450174073404,71.42549825926596
39656540901,Magna A Neque Limited,0.16610015862225244,0.5638017923731193,0.36914725175299706,0.26762370518762474,73.23762948123753
39660241973,Facilisis Foundation,0.06095626557897122,0.6546930449333495,0.6478172359194753,0.35438675074922327,64.56132492507767
39685893174,Nec Eleifend Non Limited,0.7115341037842737,0.5394831860239762,0.31938475458041166,0.5154594291823427,48.45405708176573
39700611505,Sollicitudin Inc.,0.23974620439610242,0.5282527631258197,0.3017416874010405,0.2707439458985715,72.92560541014285
39759375662,Elit Aliquam Auctor PC,0.7777022433718559,0.6626908871650027,0.9305586971273467,0.8541304702496013,14.586952975039868
39841504967,Felis Adipiscing Fringilla Limited,0.1783367323815998,0.6519067824055855,0.5795068988916535,0.37892181563662664,62.10781843633734
39869100896,Vivamus Nisi Mauris Corp.,0.5313845456605484,0.656410378105031,0.6973535399230943,0.6143690427918214,38.56309572081786
39872028975,,0.20892816677996828,0.39930544622585257,0.09296539244514816,0.15094677961255823,84.90532203874417
39896168660,,0.002492635395422615,0.38316374142025983,0.08097715448993441,0.04173489494267851,95.82651050573214
39896913161,Accumsan Convallis Company,0.3519147971901201,0.499573024157256,0.24971725853879212,0.3008160278644561,69.9183972135544
39906633476,Accumsan Company,0.9283933831860413,0.6595358733193527,0.8047952951820855,0.8665943391840634,13.340566081593664
39917000142,Justo Sit LLC,0.6462723770677543,0.600289034168411,0.43361230490839175,0.539942340988073,46.005765901192696
39929271871,Risus Donec Egestas Corp.,0.21210061182868797,0.6492812152826468,0.5562090024881249,0.38415480715840644,61.584519284159356
39961396807,Sed Dolor Fusce LLP,0.05257194652164061,0.6575637543582872,0.7310563220990726,0.3918141343103566,60.81858656896434
39980443411,Integer Urna Limited,0.8760480398821663,0.6531530928035395,0.6019000226193169,0.7389740312507416,26.102596874925844
40038882257,Elit Pellentesque Ltd,0.7641060503059144,0.6612840678590727,0.8771771092513007,0.8206415797786075,17.935842022139248
40049033270,Iaculis Aliquet Limited,0.58758214366644,0.4601373224911011,0.17733544446957702,0.38245879406800853,61.75412059319915
40084144447,Arcu Nunc Industries,0.053704962610469066,0.48767761873723503,0.2114906129834879,0.13259778779697848,86.74022122030215
40099570304,Nulla LLC,0.5916610015862225,0.5377022537572911,0.31486089120108574,0.4532609463936541,54.67390536063459
40201093869,Justo Praesent Corporation,0.6621346023113528,0.4555018724490147,0.16806152454195883,0.4150980634266558,58.49019365733442
40210282064,Est Inc.,0.6329027872195785,0.6559822462326742,0.6867224609816783,0.6598126241006284,34.01873758993717
40215552134,Ultrices Iaculis Odio Corp.,0.40607296623612055,0.5539396074201831,0.35105179823569327,0.3785623822359069,62.14376177640931
40242962373,Vel Incorporated,0.3625651484251076,0.632983920304388,0.4953630400361909,0.4289640942306493,57.10359057693507
40252040480,Luctus Felis Purus Corp.,0.43009290731928396,0.4893417154663217,0.2178240217145442,0.32395846451691407,67.6041535483086
40272107679,Lobortis Augue Incorporated,0.28619986403806935,0.5367329370800097,0.31395611852522054,0.3000779912816449,69.99220087183551
40279146273,Pellentesque Habitant Morbi Corp.,0.6120552911851348,0.31646907186397505,0.03980999773806831,0.32593264446160153,67.40673555383985
40284000376,,0.013822796283707228,0.452844625082333,0.1626328884867677,0.08822784238523747,91.17721576147625
40305723628,Quis Turpis Industries,0.7138001359619307,0.6616028694724552,0.8900701198823796,0.8019351279221552,19.806487207784485
40307304965,Interdum Ltd,0.6614547926580557,0.5699268891611203,0.3761592399909523,0.518807016324504,48.119298367549604
40324168149,,0.08905506458191706,0.646870764976605,0.5399230943225515,0.31448907945223425,68.55109205477657
40361137142,Porttitor Corp.,0.9215952866530704,0.49008648677245636,0.2200859534042072,0.5708406200286388,42.91593799713612
40385667489,Quisque Ornare Industries,0.33152050759120777,0.6621863389146967,0.9120108572721104,0.6217656824316591,37.82343175683409
40453061481,Interdum Sed Limited,0.6091094493541809,0.486570189729375,0.20900248812485864,0.40905596873951977,59.09440312604802
40457357336,Lobortis Quis Industries,0.6863811466122819,0.6620464358451182,0.9068084143858856,0.7965947804990837,20.340521950091627
40490618895,Nulla Vulputate Inc.,0.23362791751642872,0.6631646317737846,0.947523184799819,0.5905755511581239,40.94244488418761
40507108040,Lacinia At Institute,0.6557897122139135,0.555675928867257,0.3544446957701877,0.5051172039920506,49.48827960079494
40515399744,,0.34987536823022886,0.4192556817402442,0.11897760687627233,0.2344264875532506,76.55735124467495
40515428545,Elit Sed Consequat Associates,0.2934511670065715,0.3186891717575425,0.04229812259669758,0.16787464480163453,83.21253551983655
40555823280,Nibh Donec Incorporated,0.5166553365057783,0.3615682893107817,0.0644650531553947,0.29056019483058654,70.94398051694135
40559163709,Maecenas Iaculis Inc.,0.6745977792884659,0.658660917745041,0.7681520018095453,0.7213748905490056,27.862510945099437
40561597210,Sed Nec Foundation,0.2821210061182869,0.6197162409458612,0.46663650757747116,0.374378756847879,62.562124315212095
40561606111,,0.9238613188307274,0.575003423682202,0.3827188418909749,0.6532900803608511,34.67099196391489
40575200651,Sed Institute,0.19691819623838658,0.6583179112517751,0.7566161501922642,0.4767671732153254,52.323282678467464
40576714979,,0.7058690233401315,0.6351403591918353,0.5064465053155395,0.6061577643278355,39.384223567216445
40590483301,Donec Tempus Corporation,0.4251076365284387,0.6521471896762685,0.5824474100882153,0.503777523308327,49.622247669167294
40593734741,Duis Foundation,0.8660774983004759,0.6611275686257289,0.8703913141823117,0.8682344062413938,13.17655937586062
40646162173,Mauris Inc.,0.7276229322456379,0.6520565011256093,0.5815426374123501,0.654582784828994,34.5417215171006
40711681376,Lorem Eu Consulting,0.9601178336732381,0.6612362796127256,0.8746889843926713,0.9174034090329547,8.25965909670453
40751557554,Nisi Cum Industries,0.02673917969635169,0.6206283922431263,0.46731508708437003,0.24702713339036086,75.29728666096392
40776514177,Sit Amet Dapibus LLC,0.6702923181509177,0.458692459355473,0.17394254693508257,0.42211743254300016,57.78825674569998
40819329493,Cursus PC,0.14072059823249491,0.6536531007304356,0.6152454195883285,0.3779830089104117,62.20169910895883
40836710601,Velit Eu Sem Foundation,0.1293904373442103,0.6608669106597176,0.8590816557339969,0.4942360465391036,50.57639534608964
40908151498,Diam Dictum Company,0.1142080217539089,0.651899232129638,0.5790545125537209,0.34663126715381487,65.33687328461852
40916035557,Phasellus Vitae Mauris Limited,0.9653297076818491,0.6524086868140245,0.5862926939606424,0.7758112008212458,22.418879917875422
40938677569,Elit Pretium Et Foundation,0.40380693405846363,0.66128952106301,0.8787604614340647,0.6412836977462641,35.871630225373586
40965168375,,0.33242692046227057,0.651813581302657,0.5776973535399231,0.4550621370010969,54.49378629989031
40996724992,Ut Cursus Foundation,0.424881033310673,0.5620478851279767,0.3662067405564352,0.39554388693355413,60.44561130664459
40996886558,Ut Pharetra Sed Limited,0.4017675050985724,0.46300282854213415,0.18163311467993667,0.29170030988925455,70.82996901107454
41001282470,Eu Ltd,0.010197144799456152,0.49256867399105136,0.2289074869938928,0.11955231589667448,88.04476841033255
41027080823,Dolor Donec Ltd,0.7693179243145253,0.4059207259963646,0.10201311920380005,0.4356655217591627,56.43344782408373
41072674090,Metus Aliquam Erat Institute,0.17992295490595966,0.6585318776915795,0.764080524768152,0.47200173983705584,52.79982601629442
41081202656,Nam Ligula Industries,0.9818717425787447,0.6551563708262594,0.6604840533815879,0.8211778979801663,17.882210201983373
41081871148,Sem Consequat Institute,0.9324722411058237,0.6586424398340003,0.7672472291336802,0.8498597351197519,15.014026488024811
41108543298,Et Foundation,0.21006118286879674,0.6638616310275631,0.9717258538792128,0.5908935183740048,40.910648162599514
41164626453,,0.11330160888284614,0.4427710243625976,0.13956118525220537,0.12643139706752576,87.35686029324742
41170595493,Et Ultrices Company,0.22229775662814413,0.4433967373376105,0.14069215109703687,0.1814949538625905,81.85050461374095
41171731175,Consectetuer Limited,0.08973487423521415,0.5647177506237343,0.37005202442886226,0.2298934493320382,77.01065506679619
41188281214,At Augue Inc.,0.6297303421708589,0.6527194521608997,0.5914951368468673,0.6106127395088631,38.93872604911369
41197194464,Lacus Ut Associates,0.4282800815771584,0.6601376623622417,0.8267360325718164,0.6275080570744874,37.24919429255126
41216931608,Nec Enim Institute,0.5678676637208249,0.6351733474113815,0.5071250848224383,0.5374963742716317,46.250362572836835
41237771126,Euismod Est Arcu PC,0.25606163607523225,0.655595824729055,0.6745080298574984,0.4652848329663653,53.47151670336348
41251795489,Ultricies Sem Limited,0.5597099478812599,0.2946216554048686,0.011988237955213752,0.28584909291823685,71.41509070817631
41271931352,Ac Sem Ut Company,0.6145479265805575,0.36874414263369043,0.07102465505541733,0.3427862908179874,65.72137091820126
41302588137,Magnis Dis Limited,0.7498300475866757,0.6534350568770645,0.6082334313503732,0.6790317394685245,32.09682605314755
41305045812,Ligula Tortor Incorporated,0.15001133016088827,0.515615107234475,0.28930106310789416,0.21965619663439123,78.03438033656087
41315101616,Malesuada Fames Foundation,0.6974847042828008,0.6565363684495652,0.7007464374575888,0.6991155708701948,30.08844291298052
41329164057,Donec Ltd,0.7727169725810107,0.6633577100620357,0.9586066500791676,0.8656618113300891,13.433818866991087
41331108470,Ante Ltd,0.6866077498300476,0.6641816196851483,0.9735353992309432,0.8300715745304954,16.99284254695046
41331227038,Consectetuer Adipiscing Institute,0.05687740765918876,0.6472742291341564,0.5430897986880796,0.2999836031736342,70.00163968263658
41333655501,Leo Elementum LLP,0.9145705869023341,0.6578742647891539,0.7419135942094549,0.8282420905558945,17.17579094441055
41334628518,Vitae Inc.,0.7226376614547927,0.6495039043265494,0.557792354670889,0.6402150080628408,35.97849919371592
41378282924,Vulputate PC,0.9374575118966689,0.6548271705976781,0.6512101334539697,0.7943338226753194,20.56661773246806
41383736952,Lacus Vestibulum Institute,0.6542034896895536,0.3466700933980106,0.05247681520018095,0.3533401524448673,64.66598475551328
41424526968,Elit Consulting,0.8445501926127351,0.6191959583262657,0.46573173490160596,0.6551409637571706,34.48590362428294
41425032366,,0.06072966236120553,0.39564001925595044,0.08889391540375481,0.07481178888248016,92.51882111175198
41438041864,,0.4176297303421709,0.6364402993772563,0.5121013345396969,0.46486553244093387,53.513446755906614
41445137000,Praesent Eu Corp.,0.4142306820756855,0.5579816137795174,0.3585161728115811,0.3863734274436333,61.36265725563668
41450604292,Turpis Nulla Corp.,0.7244504871969182,0.46002870346561886,0.17710925130061073,0.45077986924876445,54.92201307512355
41481009028,Laoreet Libero Inc.,0.9154769997733968,0.6590552793327523,0.7828545577923547,0.8491657787828757,15.083422121712431
41485392864,Donec Luctus Corp.,0.5046453659641967,0.640486241687627,0.5236371861569781,0.5141412760605875,48.58587239394125
41489552788,Nonummy Ultricies LLC,0.8558803535010198,0.6526526835360525,0.5901379778330694,0.7230091656670445,27.699083433295545
41502716433,Mi Associates,0.3043281214593247,0.4503114585076875,0.15607328658674507,0.23020070402303489,76.97992959769651
41525815543,,0.1964649898028552,0.6568842474948879,0.7091155847093418,0.4527902872560985,54.72097127439015
41528904756,Molestie Dapibus Corporation,0.17448447767958306,0.65569691454626,0.678127120560959,0.42630579912027106,57.3694200879729
41544083714,Convallis Dolor Foundation,0.9306594153636981,0.6489756959715796,0.5543994571363945,0.7425294362500463,25.74705637499537
41549774177,Vitae Nibh Industries,0.42646725583503287,0.6576375815129403,0.7335444469577018,0.5800058513963673,41.999414860363274
41563576600,Ut Quam Vel Corporation,0.07455245864491276,0.5493096055547403,0.3404207192942773,0.20748658896959504,79.2513411030405
41566402880,Mus LLC,0.21459324722411058,0.6583123057779426,0.7561637638543316,0.4853785055392211,51.4621494460779
41594644510,Dolor Incorporated,0.9773396782234308,0.6555697884744793,0.6736032571816332,0.825471467702532,17.4528532297468
41643701801,Nostra Per LLP,0.4697484704282801,0.6545341791703834,0.6414838271884189,0.5556161488083495,44.43838511916505
41657963012,Lacus Quisque LLC,0.8839791525039655,0.6614901158663373,0.8859986428409862,0.8849888976724758,11.50111023275242
41663117354,Litora Torquent Industries,0.6106956718785407,0.4475683093950547,0.15019226419362136,0.38044396803608105,61.9556031963919
41670880601,Quam Vel Limited,0.8012689780194879,0.6449693288102695,0.5313277539018322,0.66629836596066,33.370163403933994
41686800806,Mus Aenean Consulting,0.7205982324949014,0.5625973441646008,0.367563899570233,0.5440810660325672,45.591893396743274
41697741069,Interdum Curabitur Limited,0.7881259913890777,0.662427626045248,0.9226419362135263,0.855383963801302,14.4616036198698
41704070214,Tellus Company,0.9678223430772717,0.6183696050299415,0.46482696222574077,0.7163246526515062,28.367534734849375
41705715409,Augue Eu LLP,0.7178789938817132,0.38232262677117335,0.08029857498303551,0.39908878443237433,60.09112155676257
41747634618,Dolor Fusce Mi Incorporated,0.4434624971674598,0.4473808098481583,0.14973987785568876,0.29660118751157427,70.33988124884257
41827752591,Fusce Aliquam Consulting,0.6940856560163154,0.6309195852788952,0.48608912010857275,0.5900873880624441,40.99126119375559
41847933261,Mollis Duis Industries,0.7951506911398142,0.6637518083501395,0.9685591495136847,0.8818549203267494,11.81450796732506
41877503091,Lacus Vestibulum Lorem PC,0.9993201903467029,0.6522759471345649,0.5851617281158109,0.7922409592312569,20.77590407687431
41881349154,Adipiscing Enim LLP,0.3627917516428733,0.4916526113838479,0.22483600995249944,0.2938138807976864,70.61861192023136
41944909975,Et Nunc Consulting,0.5757987763426241,0.29280318249011894,0.00407147704139335,0.2899351266920087,71.00648733079913
41956465747,Pede Cras LLP,0.5982324949014276,0.6651759780076136,0.9780592626102692,0.7881458787558484,21.18541212441516
41957730940,Arcu Et Inc.,0.8547473374121912,0.5555558927680355,0.35353992309432253,0.6041436302532569,39.58563697467431
41974958954,Sed Libero Proin Incorporated,0.6426467255835033,0.3129339036869819,0.035286134358742366,0.33896642997112286,66.10335700288772
41980722395,Aliquet Nec PC,0.4763199637434852,0.4921422768861647,0.227550327980095,0.3519351458617901,64.806485413821
41991231044,A Corporation,0.5737593473827328,0.5154003944755919,0.28907486993892784,0.43141710866083033,56.85828913391697
42032686423,At Consulting,0.2871062769091321,0.6612951278038923,0.8792128477719973,0.5831595623405647,41.684043765943535
42061762079,Nunc Interdum LLC,0.08361658735554045,0.6608817440053356,0.8602126215788283,0.47191460446718436,52.80853955328156
42077919948,Nec Tempus Institute,0.0731928393383186,0.5815780020744389,0.39289753449445824,0.23304518691638842,76.69548130836115
42105964394,Ut Erat PC,0.21391343757081352,0.6601206937029008,0.8260574530649174,0.5199854453178655,48.00145546821345
42142667769,Laoreet Posuere Enim Inc.,0.016768638114661227,0.4997090260813319,0.25084822438362364,0.13380843124914243,86.61915687508575
42150648766,Nec Mollis Corp.,0.6421935191479718,0.4415407595092289,0.1384302194073739,0.39031186927767286,60.96881307223272
42191818419,Sit PC,0.2075685474733741,0.6618680820645202,0.9000226193168966,0.5537955833951353,44.62044166048646
42211422632,,0.7924314525266258,0.5343517592897463,0.30988464148382716,0.5511580470052265,44.88419529947735
42217736449,Egestas Ligula Nullam Corporation,0.4106050305914344,0.45409754083858694,0.16579959285229587,0.2882023117218651,71.17976882781349
42226247639,Elit Fermentum Inc.,0.793111262179923,0.6588863745244323,0.7758425695543995,0.7844769158671612,21.552308413283882
42270780873,Quisque Nonummy Corp.,0.32766825288919105,0.6515899854155042,0.5731734901605972,0.4504208715248941,54.95791284751059
42298598169,Velit Egestas PC,0.6306367550419216,0.4344653930549565,0.1311920380004524,0.380914396521187,61.908560347881306
42309113034,Nisi Incorporated,0.17176523906639474,0.6183647041664296,0.4646007690567745,0.3181830040615846,68.18169959384154
42330360779,Risus In Consulting,0.3233627917516429,0.6586892032678981,0.7692829676543769,0.5463228797030099,45.367712029699014
42355028515,Eu Inc.,0.5177883525946069,0.29652046106588775,0.019000226193168965,0.26839428939388793,73.1605710606112
42368556376,At Iaculis Corp.,0.5497394062995694,0.6558886622749853,0.6842343361230491,0.6169868712113092,38.301312878869076
42392117775,Ultrices Iaculis Odio Incorporated,0.19714479945615226,0.4770220183921275,0.1949785116489482,0.19606165555255023,80.39383444474497
42399949944,Interdum Ligula Institute,0.9089055064581917,0.6571898247422423,0.716127572947297,0.8125165397027443,18.74834602972557
42420316138,Ipsum Corp.,0.24133242692046228,0.682709402140383,0.9911784664103144,0.6162554466653883,38.374455333461164
42454170286,Nunc Institute,0.018581463856786766,0.5781147102324166,0.38746889843926713,0.20302518114802695,79.6974818851973
42461534060,Elit LLP,0.11738046680262859,0.45287599820294777,0.16285908165573398,0.1401197742291813,85.98802257708186
42464370262,Dolor Ltd,0.38159981871742576,0.4961348966386233,0.24021714544220765,0.3109084820798167,68.90915179201833
42483854662,Magna Sed Corp.,0.7593473827328348,0.5480163055542285,0.336349242252884,0.5478483124928594,45.215168750714064
42497793396,Nunc Id LLP,0.8862451846816225,0.6560031289125491,0.687174847319611,0.7867100160006167,21.328998399938325
42500153308,Vestibulum Accumsan Corp.,0.3491955585769318,0.5220288326646858,0.2956344718389505,0.32241501520794114,67.75849847920588
42515892480,Quisque Purus LLC,0.29753002492635394,0.5959691292188417,0.4256955439945714,0.36161278446046263,63.83872155395374
42543374304,Morbi Metus Vivamus Inc.,0.4271470654883299,0.4404915106047116,0.1372992535625424,0.2822231595254362,71.77768404745638
42562731929,Et Magnis Incorporated,0.6732381599818718,0.6605228986713746,0.8441529065822212,0.7586955332820464,24.130446671795358
42590000698,Est Tempor Institute,0.5975526852481305,0.658296249697366,0.7552589911784664,0.6764058382132985,32.35941617867015
42598866237,Ultrices Posuere LLC,0.8275549512803082,0.6543270720116663,0.6340194526125311,0.7307872019464197,26.921279805358033
42623634273,Lobortis Incorporated,0.06934058463630184,0.6549238714278968,0.6532458719746663,0.3612932283054841,63.87067716945158
42633587085,Lorem Sit Amet Incorporated,0.21935191479719013,0.6629204706489584,0.9368921058584031,0.5781220103277966,42.18779896722034
42657888176,Et Lacinia Company,0.09472014502605937,0.5668629237491819,0.37186156978059265,0.233290857403326,76.6709142596674
42665580539,Vitae Mauris Sit Corporation,0.7566281441196465,0.5522089267671993,0.34788509387016514,0.5522566189949059,44.77433810050941
42672975886,Placerat Augue Incorporated,0.545660548379787,0.658502773807456,0.7629495589233205,0.6543050536515538,34.569494634844624
42676690865,Luctus Lobortis Inc.,0.2025832766825289,0.6534405041568835,0.6084596245193395,0.40552145060093425,59.44785493990658
42724910979,Vitae Nibh Donec Institute,0.8774076591887605,0.5092801856409908,0.2764080524768152,0.5769078558327878,42.30921441672122
42735118354,Imperdiet LLC,0.8522547020167687,0.6620769876660305,0.9086179597376159,0.8804363308771923,11.95636691228077
42752230305,Ut Molestie Foundation,0.22818944029005211,0.5487073181744315,0.3390635602804795,0.2836265002852658,71.63734997147341
42754691415,,0.9084523000226603,0.6284203006014536,0.4795295182085501,0.6939909091156052,30.600909088439476
42757999502,In Lobortis Tellus Foundation,0.6174937684115115,0.46534320337526414,0.18479981904546483,0.40114679372848816,59.88532062715118
42807026185,Nunc Laoreet Incorporated,0.5098572399728076,0.44851471715740676,0.15245419588328432,0.331155717928046,66.8844282071954
42822345560,Erat Nonummy Ultricies Incorporated,0.8345796510310446,0.6604276762005353,0.8400814295408279,0.8373305402859362,16.266945971406376
42876620841,Non Ltd,0.8513482891457058,0.659073335431644,0.7837593304682199,0.8175538098069628,18.24461901930372
42878473215,Lobortis Inc.,0.9043734421028778,0.6622774732934045,0.9151775616376385,0.9097755018702582,9.022449812974177
42940970845,Erat Eget Ipsum Industries,0.8472694312259234,0.6483698536454336,0.5510065596019,0.6991379954139116,30.086200458608836
42950328371,Tempus Non Corp.,0.07953772943575799,0.6563608910685174,0.695543994571364,0.38754086200356097,61.2459137996439
43006743995,Vestibulum Mauris Magna Institute,0.3167912984364378,0.6561812625402011,0.6916987106989368,0.5042450045676873,49.575499543231274
43023119927,,0.03965556310899615,0.6572648543194424,0.7179371182990274,0.3787963407040118,62.12036592959882
43034165541,Sit Amet Lorem Institute,0.1026512576478586,0.6588763051599059,0.7749377968785343,0.43879452726319645,56.12054727368035
43061683632,A Facilisis PC,0.4874235214140041,0.5661048125235135,0.37140918344266005,0.4294163524283321,57.05836475716679
43065012749,Nibh Donec Est Inc.,0.4427826875141627,0.6355889396438399,0.5089346301741687,0.4758586588441657,52.41413411558342
43065448760,Curae Donec Foundation,0.5143893043281215,0.5597669080853571,0.36281384302194075,0.4386015736750311,56.139842632496894
43073797016,Molestie Arcu Corporation,0.7063222297756628,0.4649927490932734,0.18412123953856593,0.4452217346571144,55.47782653428857
43078277216,Fermentum Risus Ltd,0.2669385905279855,0.6577684021001627,0.7385206966749605,0.502729643601473,49.7270356398527
43083074133,Faucibus Leo In LLC,0.21096759573985951,0.4866890735193894,0.20945487446279124,0.2102112351013254,78.97887648986746
43127814599,Nam Ligula Elit Foundation,0.368910038522547,0.3452824524187786,0.05179823569328206,0.21035413710791454,78.96458628920855
43152535761,Nibh PC,0.25107636528438704,0.6475010296242788,0.54489934403981,0.3979878546620985,60.20121453379015
43159973833,Nulla Tincidunt Corporation,0.6127351008384319,0.41007803467854004,0.10698936892105858,0.3598622348797452,64.01377651202547
43162178066,Nascetur Ridiculus LLP,0.2726036709721278,0.634835204731685,0.5046369599638091,0.38862031546796844,61.137968453203165
43168490529,Quis Diam PC,0.980058916836619,0.6543464134164907,0.6351504184573626,0.8076046676469908,19.23953323530092
43186523025,Lorem Ipsum Sodales Industries,0.5637888058010424,0.292958137677663,0.0049762497172585385,0.28438252775915046,71.56174722408495
43188424684,Est Mollis Non Inc.,0.39496940856560164,0.6564276703167664,0.6982583125989595,0.5466138605822806,45.338613941771946
43231453666,,0.9644232948107863,0.6570517190763441,0.7122822890748699,0.8383527919428281,16.16472080571719
43270522454,Lacus Ut Institute,0.832087015635622,0.6512348494473007,0.5675186609364398,0.6998028382860308,30.019716171396915
43301018611,Dui Nec Corp.,0.34217085882619536,0.5886349693176524,0.404885772449672,0.37352831563793365,62.647168436206634
43308864284,Eleifend Incorporated,0.27441649671425333,0.6098396063296208,0.4514815652567292,0.36294903098549125,63.70509690145087
43321695302,Ante Limited,0.4115114434624972,0.5145390393543324,0.28794390409409637,0.3497276737782968,65.02723262217032
43329313854,Rutrum Fusce Dolor LLP,0.23000226603217766,0.6627405296659784,0.9319158561411446,0.5809590610866611,41.90409389133389
43349891433,Urna Inc.,0.5612961704056197,0.41630232652698307,0.11603709567971048,0.3386666330426651,66.13333669573349
43356103768,Odio Limited,0.42782687514162704,0.48133920489401955,0.20018095453517304,0.31400391483840007,68.59960851615999
43426057710,Eleifend Vitae Inc.,0.9456152277362339,0.6530203515345046,0.6003166704365528,0.7729659490863934,22.70340509136066
43437492698,In Limited,0.10469068660774983,0.47885583743422383,0.19678805700067858,0.1507393718042142,84.92606281957858
43454001249,Quisque Purus Associates,0.13981418536143214,0.6090145664341099,0.44944582673603256,0.29463000604873235,70.53699939512677
43458285598,Odio Tristique Ltd,0.8429639700883752,0.6605453968619573,0.8452838724270527,0.844123921257714,15.587607874228604
43551786225,In Mi Consulting,0.3786539768864718,0.662538170855553,0.9262610269169871,0.6524575019017295,34.75424980982705
43590095676,Fermentum Fermentum Corporation,0.14547926580557444,0.4968008192376339,0.24180049762497172,0.19363988171527308,80.63601182847269
43611981873,Suscipit LLC,0.713573532744165,0.647996777338428,0.5491970142501696,0.6313852734971673,36.86147265028327
43632438086,,0.8728755948334467,0.653624373472705,0.6136620674055644,0.7432688311195055,25.673116888049453
43650058736,Malesuada Consulting,0.7722637661454793,0.4916936731590824,0.2257407826283646,0.49900227438692196,50.0997725613078
43660707274,Nulla Integer Vulputate Ltd,0.38613188307273966,0.41475578970016586,0.1137751639900475,0.24995352353139358,75.00464764686065
43671774465,Condimentum Donec At Ltd,0.3859052798549739,0.5458527061634795,0.33024202669079394,0.35807365327288393,64.19263467271162
43696313879,Imperdiet Ullamcorper Corp.,0.7045094040335372,0.635027204430649,0.5057679258086406,0.6051386649210889,39.48613350789111
43698886228,Nec Quam Corp.,0.4228416043507818,0.5710036278356982,0.37706401266681744,0.3999528085087996,60.00471914912004
43698901053,Pede Praesent Ltd,0.24994334919555858,0.6617039484540665,0.8945939832617055,0.572268666228632,42.773133377136794
43711175854,Amet Consectetuer Consulting,0.44640833899841376,0.49929121706452145,0.24881248586292695,0.34761041243067037,65.23895875693296
43719937438,Class Aptent Taciti Industries,0.45275322909585314,0.5930998075924803,0.4171002035738521,0.4349267163348526,56.50732836651474
43725628716,Proin Velit Sed Limited,0.4357579877634262,0.46310613364529674,0.18208550101786927,0.30892174439064773,69.10782556093523
43753915542,Integer Aliquam Associates,0.7697711307500567,0.6439142787848313,0.5288396290432029,0.6493053798966297,35.06946201033703
43801715289,Mollis Duis Sit Foundation,0.5771583956492182,0.645566848852135,0.5329111060845962,0.5550347508669072,44.49652491330928
43820812476,,0.5445275322909585,0.5392738051372998,0.31847998190454646,0.43150375709775246,56.84962429022475
43828324372,Eu Nulla Corporation,0.9879900294584183,0.6875265142806677,0.9941189776068763,0.9910545035326472,0.8945496467352765
43833568675,Eu Odio Corp.,0.20054384772263767,0.44045137576387794,0.1370730603935761,0.1688084540581069,83.1191545941893
43835684204,Interdum Feugiat Sed Consulting,0.599365510990256,0.6456374343460528,0.5333634924225288,0.5663645017063924,43.36354982936076
43838212570,Ullamcorper Magna Sed Incorporated,0.8282347609336053,0.4097933529998154,0.10676317575209229,0.46749896834284876,53.250103165715124
43861698351,Commodo PC,0.9342850668479492,0.6477530207442765,0.5467088893915404,0.7404969781197448,25.95030218802552
43892584139,Molestie Dapibus Ligula Corp.,0.7477906186267845,0.6599632644199761,0.8194978511648948,0.7836442348958397,21.635576510416033
43908105892,Nisi Cum Corp.,0.5297983231361886,0.5003635823994111,0.2519791902284551,0.3908887566823218,60.911124331767816
43909512451,Libero Consulting,0.13097665986857013,0.6519834475846383,0.5799592852295861,0.3554679725490781,64.45320274509218
43930439013,Dignissim Institute,0.2685248130523453,0.43666037407144426,0.13277539018321646,0.2006501016177809,79.93498983822191
43978961327,,0.11035576705189214,0.5699503967977197,0.37638543315991857,0.24337060010590536,75.66293998940947
43980535151,Justo Corp.,0.17516428733288011,0.657724943692843,0.7367111513232301,0.4559377193280551,54.40622806719448
44010826572,Eros Non LLP,0.8715159755268524,0.6568381865991851,0.7082108120334766,0.7898633937801645,21.013660621983554
44069268193,Sem Mollis LLP,0.902787219578518,0.6535902007711922,0.6116263288848677,0.7572067742316928,24.27932257683072
44126901587,Tempus Non Associates,0.7267165193745752,0.5551190579793394,0.35286134358742366,0.5397889314809994,46.021106851900065
44160392990,Sociis Natoque Incorporated,0.5705869023340131,0.498147866699494,0.24609816783533137,0.4083425350846722,59.16574649153278
44210076869,Volutpat Nulla Facilisis LLP,0.6483118060276456,0.5478374762301065,0.3354444695770188,0.4918781378023322,50.81218621976677
44313899037,Sem Pellentesque Industries,0.6915930206208928,0.6353073290430197,0.5080298574983035,0.5998114390595981,40.01885609404019
44344566262,Egestas A PC,0.6913664174031271,0.6344666551733821,0.503053607781045,0.5972100125920861,40.278998740791394
44345785419,Phasellus Nulla LLC,0.2429186494448221,0.4406927332603565,0.1379778330694413,0.19044824125713172,80.95517587428682
44387175188,Dolor Vitae Industries,0.7731701790165421,0.6601799273089781,0.8292241574304456,0.8011971682234938,19.880283177650615
44403753948,Urna LLC,0.3530478132789486,0.46048254622811635,0.17801402397647592,0.2655309186277123,73.44690813722877
44417671872,,0.7876727849535463,0.540311321013677,0.32028952725627685,0.5539811561049116,44.60188438950884
44440245427,In Felis Inc.,0.7824609109449354,0.5337195806426709,0.3085274824700294,0.5454941967074824,45.45058032925176
44454840859,Erat Eget Ipsum PC,0.560389757534557,0.3613116341570232,0.06356028047952952,0.3119750190070433,68.80249809929568
44461622420,Tempor Arcu Associates,0.3319737140267392,0.4597631063998988,0.17620447862474553,0.2540890963257424,74.59109036742576
44473011453,Magnis Inc.,0.398368456832087,0.45132304911296206,0.15878760461434066,0.27857803072321385,72.14219692767861
44486718758,Luctus Et Ultrices LLC,0.9866304101518242,0.6572144189008736,0.7163537661162633,0.8514920881340438,14.850791186595625
44488833452,Aliquet Diam Inc.,0.27781554498073874,0.6562937954150714,0.6941868355575661,0.48600119026915245,51.399880973084755
44496269421,Nisl Sem Industries,0.8669839111715386,0.6596420461350813,0.8081881927165799,0.8375860519440592,16.241394805594076
44527459864,Felis Nulla Tempor Industries,0.051212327215046455,0.5391777242418768,0.3182537887355802,0.1847330579753133,81.52669420246868
44539609516,Dolor Limited,0.2590074779061863,0.657268089467537,0.7186156978059263,0.4888115878560563,51.11884121439437
44576099269,Pretium Neque LLP,0.07523226829820984,0.663949814190329,0.9728568197240444,0.5240445440111271,47.59554559888729
44594244784,Dapibus Id Incorporated,0.687060956265579,0.3574049631936283,0.059262610269169874,0.3731617832673744,62.683821673262564
44631836704,Auctor Incorporated,0.3433038749150238,0.631950384410811,0.49016059714996607,0.41673223603249493,58.3267763967505
44649509702,,0.06911398141853614,0.5170207724736405,0.2913368016285908,0.18022539152356348,81.97746084764366
44653528319,Turpis Vitae Industries,0.30614094720145024,0.5918937333011554,0.4139334992083239,0.36003722320488707,63.996277679511294
44659323510,Aliquam Ornare Institute,0.49988669839111716,0.3837909685595491,0.08165573399683329,0.2907712161939752,70.92287838060247
44674493330,Commodo Incorporated,0.20643553138454565,0.6559029595320363,0.6844605292920154,0.4454480303382805,55.45519696617195
44771894352,Ante Vivamus Inc.,0.7788352594606843,0.4986571516743921,0.24700294051119656,0.5129190999859404,48.70809000140596
44779505142,Mauris Integer Corp.,0.11806027645592568,0.6608364498904682,0.8581768830581317,0.48811857975702866,51.188142024297136
44780100984,Quam Quis Consulting,0.5189213686834353,0.5062131669254227,0.2687174847319611,0.3938194267076982,60.61805732923018
44780781318,Blandit LLP,0.12077951506911398,0.6609057021552147,0.8613435874236598,0.4910615512463869,50.8938448753613
44828910341,Ac Orci Ut Corporation,0.1264445955132563,0.6619468738216958,0.9034155168513911,0.5149300561823237,48.50699438176763
44837192214,Donec At PC,0.21051438930432811,0.6601446808915616,0.8274146120787153,0.5189645006915217,48.103549930847834
44881138767,,0.061862678450033994,0.5386391841094,0.3168966297217824,0.1893796540859082,81.06203459140919
44915049915,Nulla Foundation,0.6886471787899389,0.5052920740496003,0.2655507803664329,0.4770989795781859,52.29010204218141
44997402413,Sapien Cursus In Limited,0.1083163380920009,0.6611025698698809,0.8697127346754128,0.48901453638370684,51.09854636162932
45030176527,Non Enim Incorporated,0.29118513482891456,0.51084962973388,0.28161049536304006,0.2863978150959773,71.36021849040227
45056974934,Vel Pede Blandit Incorporated,0.3811466122818944,0.4572242969778722,0.17122822890748698,0.2761874205946907,72.38125794053093
45073039817,Praesent Interdum Ligula LLC,0.7620666213460231,0.48727677716210566,0.2105858403076227,0.4863262308268229,51.367376917317706
45105237896,Sociis Natoque Limited,0.4373442102877861,0.6617752960748313,0.8964035286134359,0.666873869450611,33.3126130549389
45151159881,Ac Urna PC,0.5094040335372763,0.5498973746155841,0.34200407147704137,0.4257040525071588,57.42959474928412
45159852190,Turpis Egestas Aliquam Associates,0.24745071380013597,0.6708777391672831,0.985523637186157,0.6164871754931465,38.35128245068535
45162888565,Risus Morbi LLC,0.7711307500566508,0.6537105361648531,0.6184121239538566,0.6947714370052537,30.522856299474633
45237488374,Non Lobortis Quis Associates,0.9041468388851122,0.6042554098119308,0.43994571363944807,0.6720462762622801,32.79537237377199
45244796758,Vitae Dolor LLP,0.6644006344890098,0.37658572181708827,0.07735806378647365,0.37087934913774173,62.91206508622582
45247456727,Convallis Ligula Corp.,0.29141173804668025,0.647094259724862,0.541054060167383,0.41623289910703165,58.376710089296836
45281821904,Mollis Nec Cursus Corp.,0.18150917743031952,0.6590244760466556,0.7805926261026916,0.48105090176650556,51.894909823349444
45322831450,Non Sapien Molestie Corporation,0.7965103104464083,0.5300267888997457,0.3042298122596698,0.550370061353039,44.9629938646961
45328073484,Metus Sit Amet Ltd,0.8463630183548606,0.6709056479293878,0.9857498303551233,0.916056424354992,8.394357564500798
45337626814,Ligula Associates,0.7074552458644913,0.6533891457972263,0.6055191133227776,0.6564871795936345,34.351282040636555
45339304653,Phasellus Libero Institute,0.7564015409018808,0.6578237276829535,0.7401040488577245,0.7482527948798027,25.174720512019732
45344861464,Convallis Est Vitae Industries,0.9567187854067528,0.6528854198984609,0.5957928070572269,0.7762557962319898,22.37442037680102
45362042297,Cursus Integer Foundation,0.6213460231135283,0.6370062849026448,0.5139108798914273,0.5676284515024778,43.23715484975222
45367256033,Nunc Ac Inc.,0.879220484930886,0.659032566348608,0.7812712056095906,0.8302458452702384,16.975415472976163
45380641195,Nisl Arcu Iaculis Incorporated,0.6924994334919556,0.48877302648507787,0.21578828319384755,0.4541438583429016,54.58561416570984
45382127804,,0.08724223883979153,0.5081848239773893,0.27391992761818595,0.18058108322898875,81.94189167710113
45426079849,A Company,0.5057783820530252,0.5645883379447737,0.36982583125989593,0.4378021066564606,56.21978933435394
45432243315,Fringilla Euismod PC,0.7758894176297303,0.6534275004648683,0.6080072381814069,0.6919483279055686,30.80516720944314
45433476494,Adipiscing Elit Foundation,0.36460457738499885,0.3161936274685522,0.039583804569102016,0.20209419097705045,79.79058090229496
45446645240,Vivamus Rhoncus Limited,0.6743711760707002,0.4583628822355184,0.17303777425921738,0.4237044751649588,57.62955248350412
45461747256,Enim Sed Ltd,0.23793337865397687,0.6512988368956529,0.5686496267812712,0.40329150271762404,59.6708497282376
45466221547,Eu LLC,0.5001133016088829,0.29568233522964427,0.016512101334539696,0.2583127014717113,74.16872985282887
45480771376,Facilisis Eget Limited,0.2694312259234081,0.5478085041173807,0.33521827640805246,0.3023247511657303,69.76752488342697
45504841435,Donec Vitae Company,0.37684115114434624,0.6526401048216367,0.5896855914951369,0.48326337131974156,51.673662868025836
45558962649,Luctus Industries,0.10673011556764106,0.6608080432183964,0.8556887581995024,0.48120943688357176,51.87905631164283
45559085309,A Auctor Non Corporation,0.5504192159528666,0.3704565579092307,0.073060393576114,0.3117398047644903,68.82601952355097
45567605014,Vel Arcu Industries,0.1935191479719012,0.5510540358172868,0.3453969690115358,0.2694580584917185,73.05419415082814
45572698303,Libero Proin Corp.,0.540448674371176,0.3597399059064886,0.06175073512779914,0.3010997047494876,69.89002952505123
45577247100,Ante Consulting,0.5381826421935192,0.665818203562204,0.9796426147930333,0.7589126284932762,24.108737150672376
45578529693,Vulputate Company,0.2843870382959438,0.6621802343667237,0.9115584709341777,0.5979727546150608,40.20272453849392
45601456298,Libero Morbi Accumsan Industries,0.9347382732834806,0.6574689757573954,0.7267586518887129,0.8307484625860968,16.925153741390318
45629217853,Lacus Consulting,0.480852028098799,0.29292666566397174,0.004523863379325944,0.24268794573906247,75.73120542609375
45636462354,Amet Consectetuer Limited,0.3260820303648312,0.6600696480716793,0.824247907713187,0.575164969039009,42.4835030960991
45644137007,Eu Euismod Corporation,0.463176977113075,0.6611486668823849,0.8710698936892106,0.6671234354011428,33.28765645988572
45648966421,Morbi Tristique Senectus Foundation,0.3838658508950827,0.5933559743067622,0.41777878308075095,0.4008223169879168,59.91776830120832
45663905997,Lacus Mauris Associates,0.7153863584862905,0.534785369974512,0.3110156073286587,0.5132009829074746,48.67990170925254
45677220012,Dolor Fusce Associates,0.0790845230002266,0.6579409439169681,0.745080298574983,0.4120824107876048,58.79175892123951
45759576746,Auctor Velit PC,0.5748923634715613,0.44389204140386285,0.14159692377290206,0.35824464362223163,64.17553563777683
45783462228,Pretium Neque Morbi Company,0.8799002945841831,0.5121245432620207,0.2825152680389052,0.5812077813115442,41.87922186884558
45783766755,Purus Duis Corp.,0.5549512803081804,0.40458554284208026,0.09975118751413707,0.3273512339111587,67.26487660888412
45785438987,Sit Amet Limited,0.360072513029685,0.5976184097704016,0.4293146346980321,0.39469357386385856,60.53064261361414
45827935127,Lorem Auctor Quis Foundation,0.5665080444142306,0.6638016810436337,0.9705948880343813,0.768551466224306,23.144853377569397
45865544833,Sociosqu Ad Associates,0.12259234081123951,0.6534549288824613,0.6086858176883058,0.3656390792497726,63.43609207502274
45875784130,Ultrices Posuere Cubilia Company,0.15114434624971673,0.6618889126385396,0.9009273919927618,0.5260358691212392,47.39641308787608
45888399278,Nulla Vulputate LLC,0.25424881033310676,0.6615457635794642,0.8875819950237502,0.5709154026784284,42.908459732157155
45895438985,Luctus Ipsum PC,0.7108542941309767,0.5798215384106373,0.3915403754806605,0.5511973348058186,44.88026651941814
45899477665,At Incorporated,0.5551778835259461,0.44977853609545415,0.1547161275729473,0.3549470055494467,64.50529944505533
45907060380,Nec Euismod LLC,0.07863131656469521,0.49968150663701827,0.25039583804569104,0.16451357730519311,83.5486422694807
45925655949,,0.0940403353727623,0.5519438185131603,0.3467541280253336,0.22039723169904796,77.96027683009521
45940422862,Interdum Curabitur Institute,0.872648991615681,0.6489991598985962,0.554851843474327,0.713750417545004,28.6249582454996
45946543693,Egestas Hendrerit LLP,0.7570813505551779,0.45130281401193173,0.15856141144537436,0.45782138100027614,54.217861899972384
46007761675,Est Nunc Ullamcorper Institute,0.8719691819623838,0.655864397285905,0.6837819497851165,0.7778755658737502,22.21244341262498
46012371285,A Ultricies Inc.,0.6804894629503739,0.32845677475694823,0.04704817914498982,0.3637688210476819,63.62311789523181
46017523620,Lorem Donec Elementum Corporation,0.8246091094493542,0.6553013388945776,0.6645555304229812,0.7445823199361676,25.541768006383236
46018169855,,0.06571493315205076,0.4451652604645796,0.14476362813843022,0.10523928064524049,89.47607193547596
46050001394,Donec Associates,0.22161794697484705,0.612782815510674,0.4560054286360552,0.3388116878054511,66.11883121945489
46054596841,Dolor Sit PC,0.04894629503738953,0.4878423855548085,0.2121691924903868,0.13055774376388815,86.94422562361119
46062822745,Ligula Donec Luctus LLP,0.6997507364604577,0.6534156694552763,0.607328658674508,0.6535396975674829,34.646030243251715
46079095809,Vivamus Euismod LLP,0.3195105370496261,0.48001978924241845,0.19814521601447635,0.25882787653205125,74.11721234679487
46083747689,Nam Interdum Enim Institute,0.6156809426693859,0.5975470623913611,0.4288622483600995,0.5222715955147427,47.772840448525734
46087176984,Aliquet Proin LLP,0.12213913437570814,0.6097492648679996,0.4510291789187966,0.2865841566472524,71.34158433527476
46093007286,,0.16813958758214367,0.3838579568903805,0.08188192716579959,0.12501075737397163,87.49892426260284
46116141083,Nisi LLP,0.2435984590981192,0.4754912848374038,0.19362135263515043,0.2186099058666348,78.13900941333651
46145508777,Fringilla Est Industries,0.20348968955359167,0.5055455892502905,0.2669079393802307,0.2351988144669112,76.48011855330887
46185641901,Velit Limited,0.8055744391570361,0.6609184463833638,0.8617959737615924,0.8336852064593143,16.631479354068567
46244515644,,0.9913890777249037,0.4321848865101271,0.1300610721556209,0.5607250749402624,43.92749250597377
46292420800,Aliquam Consulting,0.8014955812372536,0.6291394588427117,0.4806604840533816,0.6410780326453176,35.89219673546824
46298404088,Feugiat Sed Nec Institute,0.4398368456832087,0.29467789687723395,0.012666817462112644,0.22625183157266066,77.37481684273394
46308102995,Dictum Eleifend PC,0.5273056877407659,0.6384157562224487,0.5179823569328206,0.5226440223367932,47.73559776632068
46331355995,Duis Risus Corporation,0.4246544300929073,0.5428093102965955,0.3245871974666365,0.3746208137797719,62.5379186220228
46352584904,Vitae Aliquet Associates,0.6410605030591434,0.6066115153700382,0.4451481565256729,0.5431043297924082,45.68956702075918
46358962964,Non Egestas A Ltd,0.7418989349648765,0.6613238353425521,0.8805700067857951,0.8112344708753358,18.876552912466416
46372571372,Aliquet Vel Company,0.7647858599592114,0.5912883343761568,0.41144537434969464,0.588115617154453,41.18843828455469
46380096952,Non Enim Mauris PC,0.5563108996147745,0.39792824549930084,0.09160823343135037,0.32395956652306246,67.60404334769376
46389689213,Enim Diam Vel Foundation,0.7774756401540902,0.5936745446945517,0.41868355575661614,0.5980795979553531,40.19204020446468
46391946761,Libero Nec Ligula LLP,0.14887831407205981,0.6591814941821527,0.7887355801854784,0.46880694712876914,53.11930528712308
46429297007,Magnis Dis Institute,0.9281667799682756,0.4868343306431967,0.20968106763175753,0.5689239238000166,43.10760761999835
46451548968,Tempus Eu Ligula Limited,0.5223204169499207,0.49058791981523453,0.22189549875593756,0.37210795785292916,62.789204214707084
46456684596,Mi Aliquam LLC,0.12145932472241106,0.6628814026282656,0.9359873331825379,0.5287233289524744,47.12766710475256
46471185478,Nunc Quis Limited,0.32177656922728304,0.6465414057088964,0.5381135489708211,0.42994505909905206,57.005494090094786
46530858477,,0.8440969861772037,0.5974453763082936,0.42818366885320064,0.6361403275152022,36.38596724847978
46532597002,Egestas Nunc Industries,0.7797416723317471,0.6652168768132126,0.9782854557792354,0.8790135640554912,12.098643594450875
46533246372,Ut Quam Inc.,0.5535916610015862,0.49304176716121834,0.23003845283872426,0.3918150569201552,60.81849430798447
46537010521,Tempor Augue Ac Company,,0.6606026862977085,0.8475458041167157,0.8475458041167157,15.245419588328435
46564887665,Suspendisse LLC,0.5791978246091094,0.5323008314775624,0.30626555078036644,0.4427316876947379,55.72683123052621
46572791797,,0.6165873555404486,0.48387172493695885,0.2049310110834653,0.41075918331195693,58.924081668804305
46600268436,Accumsan Inc.,0.5538182642193519,0.5575676596674581,0.3571590137977833,0.4554886390085676,54.45113609914324
46607130088,Vivamus Sit Consulting,0.6852481305234535,0.40949111872465405,0.1063107894141597,0.3957794599688066,60.42205400311934
46622394552,Laoreet Libero Et Ltd,0.769544527532291,0.49422520165264844,0.23365754354218501,0.501601035537238,49.8398964462762
46630037650,Nam Interdum Ltd,0.35825968728755947,0.6540683643579677,0.6279122370504411,0.49308596216900025,50.69140378309997
46654841462,Iaculis Enim Corp.,0.6949920688873782,0.512946974977079,0.2854557792354671,0.4902239240614227,50.97760759385773
46666227102,Nulla Semper Corp.,0.02696578291411738,0.612273176845992,0.45396969011535854,0.24046773651473796,75.9532263485262
46668174318,Risus Nunc PC,0.10197144799456152,0.6327698270540671,0.4942320741913594,0.29810176109296044,70.18982389070396
46674437504,Mi Enim Foundation,0.7550419215952866,0.459332581883941,0.17507351277991404,0.4650577171876003,53.49422828123998
46693373183,,0.8037616134149105,0.42758602005281804,0.12734675412802535,0.4655541837714679,53.444581622853214
46765707573,,0.18989349648765014,0.6597320232576405,0.8113548970821082,0.5006241967848791,49.93758032151209
46804135891,Suspendisse Dui Corporation,0.5959664627237706,0.29299677257833895,0.0054286360551911335,0.3006975493894809,69.9302450610519
46817474676,Nec Orci Company,0.600951733514616,0.3568408928556873,0.05858403076227098,0.32976788213844344,67.02321178615566
46877655150,Vivamus Molestie Foundation,0.3639247677317018,0.4477379332246326,0.15109703686948653,0.25751090230059415,74.24890976994058
46887242827,Sollicitudin PC,0.30455472467709044,0.6212122391671469,0.4682198597602352,0.38638729221866286,61.361270778133715
46898641989,Netus Et LLP,0.15454339451620214,0.5838925354851805,0.39561185252205383,0.275077623519128,72.4922376480872
46916077029,Mauris Aliquam LLC,0.06798096532970768,0.5027777699714482,0.2574078262836462,0.16269439580667694,83.7305604193323
46953117138,Eu Accumsan Foundation,0.7412191253115794,0.4207852066848243,0.12078715222800271,0.43100313876979107,56.8996861230209
46961494605,Gravida Associates,0.8146385678676638,0.6537492008117528,0.6188645102917892,0.7167515390797266,28.324846092027343
46965256386,Nonummy Fusce Corporation,0.2941309766598686,0.548339220595094,0.3377064012666817,0.31591868896327513,68.40813110367249
46969224554,Accumsan Interdum Foundation,0.876274643099932,0.6513670861464581,0.5704591721330016,0.7233669076164668,27.663309238353317
46970913786,Lectus Ltd,0.770224337185588,0.5012613668362114,0.25446731508708437,0.5123458261363362,48.76541738636638
46987545043,Lobortis Nisi Nibh PC,0.5728529345116701,0.3139293629970238,0.03664329337254015,0.3047481139421051,69.5251886057895
47047735645,Aenean Gravida Institute,,0.6607085110570442,0.8518434743270753,0.8518434743270753,14.81565256729247
47086412084,Eros Limited,0.5252662587808747,0.29343376717558084,0.007464374575887808,0.26636531667838126,73.36346833216187
47087026221,Mauris Sit LLC,0.08338998413777475,0.661818346110946,0.8982130739651663,0.4908015290514705,50.919847094852955
47100336491,Faucibus Orci Luctus Industries,0.9290731928393383,0.6548262655796296,0.6509839402850034,0.7900285665621709,20.99714334378291
47103021057,Donec Vitae PC,0.027418989349648766,0.6575065589060278,0.7283420040714771,0.37788049671056295,62.21195032894371
47118059796,,0.05030591434398368,0.5528667116144995,0.3490160597149966,0.19966098702949014,80.03390129705099
47119663770,Mauris Vel Incorporated,0.23544074325855427,0.5705433541436357,0.37661162632888484,0.30602618479371957,69.39738152062804
47124041214,Congue Turpis Institute,0.09562655789712214,0.663053270131086,0.942094548744628,0.518860553320875,48.1139446679125
47148752699,Nunc Ut Erat Limited,0.10333106730115568,0.6540074789975775,0.6267812712056096,0.36505616925338263,63.494383074661734
47192976569,Ultricies Ornare Elit LLC,0.483797869929753,0.6507324505337476,0.5632209907260801,0.5235094303279165,47.649056967208345
47218919992,Nonummy Ac Industries,0.37797416723317473,0.6607933895245397,0.8554625650305361,0.6167183661318554,38.32816338681446
47276015798,Donec Nibh Enim Foundation,0.31792431452526626,0.6320575238786036,0.49061298348789867,0.40426864900658244,59.573135099341755
47286141527,,0.9118513482891457,0.5018678390911253,0.25582447410088216,0.5838379111950139,41.616208880498604
47313663897,Ante Ipsum Primis Inc.,0.7024699750736461,0.6644003626544874,0.9742139787378421,0.8383419769057441,16.165802309425594
47342527664,Ligula Aenean Euismod Foundation,0.778382053025153,0.6632817054178832,0.9545351730377742,0.8664586130314635,13.354138696853646
47374330858,Aliquam Ultrices Iaculis Corporation,0.6802628597326082,0.40186825101611856,0.09590590364171002,0.38808438168715914,61.19156183128409
47393015569,Nonummy Ultricies Ornare Inc.,0.9712213913437571,0.6142542579995829,0.4596245193395159,0.7154229553416365,28.457704465836354
47407563525,Aliquet Lobortis Nisi Corp.,0.9211420802175391,0.6516759857681934,0.5740782628364623,0.7476101715270007,25.23898284729993
47420343703,Ullamcorper Duis Cursus Institute,0.2284160435078178,0.6576440510676774,0.7342230264646008,0.4813195349862093,51.86804650137907
47422313909,Morbi Quis Urna LLP,0.8574665760253796,0.47784587109817855,0.1954308979868808,0.5264487370061302,47.35512629938698
47436492987,Purus Incorporated,0.7446181735780648,0.6526032378878274,0.5892332051572042,0.6669256893676345,33.30743106323655
47441593515,Tempor PC,0.0018128257421255382,0.4150078880839859,0.1142275503279801,0.058020188035052815,94.19798119649472
47459279421,Aliquam Gravida PC,0.4421028778608656,0.4591661344931362,0.17439493327301517,0.3082489055669404,69.17510944330596
47480497674,Sem Nulla LLP,0.04713346929526399,0.652023068126766,0.5810902510744176,0.3141118601848408,68.58881398151593
47484801038,Risus A Corporation,0.24858372988896443,0.6534997000144049,0.6100429767021036,0.429313353295534,57.0686646704466
47485518426,Quam Curabitur Inc.,0.8588261953319737,0.6589300171867588,0.7774259217371635,0.8181260585345687,18.187394146543134
47524805326,Gravida Nunc Inc.,0.6544300929073192,0.648655931614219,0.5523637186156978,0.6033969057615085,39.66030942384915
47529937246,Nisi Dictum Augue Inc.,0.4919555857693179,0.456520580240637,0.17009726306265552,0.33102642441598673,66.89735755840132
47594307487,Sed Dolor Industries,0.29707681849082257,0.6543290006242442,0.6342456457814974,0.46566123213616,53.433876786384005
47630053533,Risus Odio Auctor Inc.,0.22728302741898934,0.6580161329162111,0.7468898439267134,0.48708643567285137,51.29135643271486
47644196714,Auctor Non Feugiat Inc.,0.3759347382732835,0.4535396631914722,0.16466862700746437,0.2703016826403739,72.96983173596261
47663262928,Eget Lacus LLP,0.49104917289825517,0.40076442099035814,0.09500113096584484,0.29302515193205003,70.697484806795
47694806294,Viverra PC,0.6004985270790846,0.5591863035239191,0.36123049083917663,0.4808645089591306,51.91354910408694
47721432444,Ultrices Posuere Cubilia Foundation,0.37774756401540904,0.6342805968083444,0.5016964487672473,0.4397220063913282,56.02779936086718
47740919232,In Scelerisque Company,0.2143666440063449,0.46279831527842485,0.18140692151097038,0.19788678275865762,80.21132172413424
47773139983,Enim Inc.,0.3199637434851575,0.6585225949481076,0.7638543315991857,0.5419090375421716,45.80909624578284
47797405944,Sit Amet Incorporated,0.9873102198051212,0.4291252826652095,0.12802533363492422,0.5576677767200228,44.23322232799772
47830349274,Enim Corp.,0.7919782460910945,0.6533932706157326,0.6059714996607103,0.6989748728759024,30.102512712409755
47832925600,,0.19147971901200997,0.5072263248951699,0.27211038226645556,0.23179505063923278,76.82049493607673
47856542678,,0.5866757307953773,0.5096342754403078,0.277765211490613,0.4322204711429951,56.777952885700486
47864961615,Enim Mi Corp.,0.28030818037616134,0.48285104870914036,0.2035738520696675,0.24194101622291442,75.80589837770856
47874406074,Et Malesuada Fames PC,0.39360978925900747,0.6594632586794998,0.8025333634924225,0.598071576375715,40.19284236242851
47874674591,Ligula Tortor Dictum Associates,0.6292771357353274,0.48918917144401625,0.21759782854557794,0.4234374821404527,57.65625178595472
47879799074,Proin Incorporated,0.4081123951960118,0.5177086391856645,0.2924677674734223,0.35029008133471706,64.9709918665283
48032257165,,0.8459098119193292,0.595202283376984,0.423885998642841,0.6348979052810851,36.510209471891486
48080014857,Mauris Eu Incorporated,0.2053025152957172,0.6528476157225854,0.5939832617054965,0.39964288850060686,60.03571114993931
48086705406,Nullam Lobortis Corporation,0.4552458644912758,0.5487778697679483,0.33928975344944584,0.39726780897036085,60.273219102963914
48091635916,Lorem Ipsum Limited,0.3489689553591661,0.49320736649940394,0.23116941868355576,0.2900691870213609,70.99308129786391
48100934293,Natoque Penatibus Et Limited,0.4126444595513256,0.6576901142355828,0.7360325718163312,0.5743385156838284,42.56614843161716
48185232979,At Limited,0.3650577838205302,0.6443749587993742,0.5299705948880343,0.4475141893542823,55.24858106457178
48196513465,Sagittis Augue Corporation,0.8164513936097892,0.5867895271169095,0.3992309432255146,0.6078411684176519,39.21588315823481
48214071373,Ridiculus LLC,0.19986403806934058,0.6622138884687903,0.9131418231169419,0.5565029305931413,44.34970694068588
48220830699,Nec Diam Duis Corporation,0.039202356673464764,0.6135021280572951,0.45713639448088667,0.24816937557717572,75.18306244228243
48248269920,Etiam Bibendum Fermentum Institute,0.6326761840018128,0.6612468989116257,0.8751413707306039,0.7539087773662083,24.60912226337917
48256546416,Consequat Incorporated,0.5196011783367324,0.44538163440417095,0.1454422076453291,0.33252169299103074,66.74783070089693
48290289285,Sed Dolor Corporation,0.2517561749376841,0.5831419348481177,0.39402850033928977,0.3228923376384869,67.71076623615131
48294164165,Mauris Sit Amet Corp.,0.8499886698391117,0.5496937011951205,0.3413254919701425,0.5956570809046271,40.43429190953729
48294754935,Placerat Eget Institute,0.48017221844550195,0.6539877098233758,0.626328884867677,0.5532505516565895,44.67494483434105
48298955262,A Arcu Sed Company,0.8789938817131203,0.658560030659907,0.7654376837819498,0.822215782747535,17.778421725246496
48299688317,,0.08996147745297983,0.5735584492850344,0.3802307170323456,0.23509609724266273,76.49039027573372
48302663667,Eget Tincidunt LLP,0.22750963063675503,0.6586893606938071,0.7695091608233431,0.49850939573004904,50.14906042699509
48381670641,Mi Pede Associates,0.6476319963743485,0.6536062196164479,0.6123049083917665,0.6299684523830575,37.00315476169425
48390524826,Nec Ante Associates,0.681849082256968,0.5892364934678403,0.4062429314634698,0.5440460068602189,45.59539931397811
48421784228,Rutrum Foundation,0.23657375934738273,0.6176049194904225,0.4636959963809093,0.350134877864146,64.9865122135854
48431515375,Non Hendrerit Id LLP,0.8742352141400408,0.6589410035305482,0.7776521149061298,0.8259436645230853,17.40563354769147
48452300785,,0.628144119646499,0.6519848669381605,0.5801854783985524,0.6041647990225256,39.58352009774744
48465277903,Metus Aenean Industries,0.39383639247677316,0.33414889385866764,0.0488577244967202,0.22134705848674668,77.86529415132533
48534649627,Dignissim Maecenas Foundation,0.5343303874915024,0.2856793296472796,0.0013571590137977834,0.2678437732526501,73.21562267473499
48534842833,Dictum Eu Inc.,0.5830500793111262,0.5187612219938309,0.2929201538113549,0.4379851165612405,56.20148834387595
48539533779,,0.03376387944708815,0.6591345048222218,0.7864736484958155,0.4101187639714518,58.98812360285481
48540087213,,0.5028325402220711,0.44430850780047715,0.14340646912463242,0.32311950467335177,67.68804953266483
48549026640,Vulputate Risus A Corporation,0.3723090867890324,0.4826793709809222,0.2028952725627686,0.2876021796759005,71.23978203240995
48597174605,,0.7867663720824836,0.6219260412280516,0.46935082560506675,0.6280585988437751,37.19414011562249
48624093501,Mi Consulting,0.2823476093360526,0.5764442078231309,0.38452838724270527,0.3334379982893789,66.65620017106211
48625977738,Sit LLP,0.6825288919102651,0.65817046602773,0.7520922868129383,0.7173105893616016,28.268941063839836
48640772679,Dictum Cursus Consulting,0.35463403580330843,0.6534698363472686,0.6091382040262384,0.4818861199147734,51.811388008522655
48646476949,Quam Vel Sapien LLC,0.37185588035350103,0.6351466786132043,0.506898891653472,0.4393773860034865,56.06226139965135
48666632255,Aliquam Nec Enim LLP,0.17765692272830275,0.6473199861059211,0.5435421850260123,0.3605995538771575,63.940044612284254
48687812209,Eu Enim LLC,0.060503059143439834,0.6605242671018405,0.8443790997511875,0.45244107944731365,54.75589205526863
48699038894,Consectetuer Ipsum Ltd,0.021527305687740767,0.6173657740456565,0.4632436100429767,0.24238545786535873,75.76145421346413
48701447259,Adipiscing Lobortis Institute,0.6523906639474281,0.45324688715384426,0.16444243383849808,0.4084165488929631,59.15834511070369
48723861274,Metus Eu LLP,0.324722411058237,0.5619924262488869,0.3657543542185026,0.3452383826383698,65.47616173616302
48732140317,,0.05461137548153184,0.6591720789461357,0.7880570006785795,0.4213341880800557,57.866581191994435
48734393022,Dis Parturient Institute,0.692952639927487,0.6582253997579282,0.7539018321646687,0.7234272360460778,27.657276395392216
48758923477,Semper Dui LLC,0.2902787219578518,0.5710646336112339,0.37729020583578377,0.3337844638968178,66.62155361031822
48766981369,,0.8567867663720825,0.6606956826407171,0.8511648948201764,0.8539758305961295,14.602416940387053
48770246749,Nisl Arcu Iaculis Foundation,0.899161568094267,0.6637631936213041,0.9692377290205836,0.9341996485574253,6.580035144257468
48791943923,Nunc Pulvinar LLC,0.8169046000453206,0.6564809150335869,0.6991630852748247,0.7580338426600727,24.196615733992733
48807515867,Magna A Foundation,0.29843643779741674,0.6525328800356629,0.5874236598054738,0.44293004880144526,55.70699511985547
48817595168,Elit Pede Malesuada Industries,0.13596193065941536,0.6312785822509996,0.4883510517982357,0.3121564912288255,68.78435087711745
48854820141,Quam Dignissim Pharetra Foundation,0.5837298889644233,0.6602833225415145,0.8344266003166705,0.7090782446405469,29.09217553594531
48883076820,Enim Consequat Corporation,0.038069340584636305,0.6577087244922191,0.7362587649852974,0.38716405278496685,61.283594721503306
48890662808,Facilisis Facilisis Magna Foundation,0.20779515069113982,0.663247673255653,0.9522732413481113,0.5800341960196256,41.996580398037445
48926993113,,0.06888737820077045,0.5028678547022036,0.2578602126215788,0.16337379541117464,83.66262045888253
48934946153,Euismod Et Ltd,0.056197598005891684,0.562552719374574,0.3671115132323004,0.21165455561909605,78.83454443809039
48952879715,Mauris Sagittis Placerat Consulting,0.9354180829367778,0.6605855144321537,0.8464148382718842,0.8909164606043309,10.908353939566906
48981211054,Nibh Phasellus Nulla PC,0.752549286199864,0.4880937780376879,0.213073965166252,0.482811625683058,51.7188374316942
48997695741,Lorem Tristique Institute,0.3967822343077272,0.3708394736112273,0.07373897308301289,0.23526060369537005,76.473939630463
49010686671,,0.043054611375481534,0.6136437560764461,0.45804116715675186,0.2505478892661167,74.94521107338834
49063322245,Fringilla Donec Associates,0.9186494448221165,0.5231373949299265,0.29676543768378194,0.6077074412529493,39.229255874705075
49068909356,Euismod Est Inc.,0.9533197371402674,0.6632115066605493,0.949785116489482,0.9515524268148747,4.844757318512527
49069349536,Sapien Nunc Inc.,0.23929299796057105,0.578284012570525,0.3879212847771997,0.3136071413688854,68.63928586311145
49125619545,Adipiscing Elit Curabitur PC,0.43893043281214594,0.36517968491943714,0.06853653019678806,0.253733481504467,74.6266518495533
49152510995,Sit Ltd,0.3251756174937684,0.6604922786219855,0.8423433612304908,0.5837594893621296,41.624051063787036
49153780138,Ac Orci Ltd,0.9286199864038069,0.663214844612931,0.9500113096584483,0.9393156480311275,6.068435196887245
49167531725,Felis Institute,0.3256288239292998,0.633677217975468,0.49898213073965164,0.41230547733447576,58.76945226655243
49212265466,Auctor Company,0.5012463176977113,0.2952582612371829,0.015607328658674507,0.25842682317819293,74.1573176821807
49278214714,Augue Malesuada LLP,0.5461137548153184,0.4975059501954276,0.2445148156525673,0.39531428523394285,60.46857147660572
49285644021,Dolor Sit Industries,0.16655336505778381,0.5889369626193816,0.4051119656186383,0.28583266533821106,71.4167334661789
49318926537,Ut Nisi Associates,0.6677996827554952,0.6560326829404435,0.688758199502375,0.6782789411289352,32.17210588710648
49322182190,Gravida Mauris Incorporated,0.5443009290731928,0.29611911111331124,0.018321646686270076,0.2813112878797315,71.86887121202685
49368160590,Nulla In LLP,0.08610922275096307,0.659261820924459,0.7939380230717032,0.4400236229113332,55.99763770886668
49369565194,,0.9945615227736234,0.4064062854968557,0.10269169871069894,0.5486266107421611,45.13733892578389
49412216510,Nec Quam Curabitur Incorporated,0.828461364151371,0.6516832630782827,0.5749830355123275,0.7017221998318492,29.827780016815076
49418428210,Aliquet Magna A LLP,0.48787672784953545,0.5605017926317182,0.3634924225288396,0.42568457518918756,57.431542481081244
49439795725,Ut Molestie LLP,0.6653070473600725,0.6501179279054108,0.5602804795295182,0.6127937634447953,38.72062365552047
49460691968,Nisl Sem Associates,0.6095626557897122,0.6591970758289687,0.7891879665234109,0.6993753111565616,30.06246888434384
49465266764,,0.015182415590301382,0.4766209147170189,0.1942999321420493,0.10474117386617535,89.52588261338246
49482116099,Dignissim Ltd,0.25946068434171765,0.6545546234430074,0.6419362135263516,0.4506984489340346,54.93015510659654
49505931725,Suspendisse Ac Associates,0.5687740765918876,0.2937172166843346,0.009047726758651889,0.2889109016752697,71.10890983247302
49514072231,Eget LLC,0.6489916156809427,0.45542602506379476,0.16760913820402623,0.40830037694248444,59.169962305751554
49514806178,Hendrerit Id Ante Corp.,0.011103557670518922,0.42252927579000765,0.12304908391766568,0.0670763207940923,93.29236792059076
49535617047,Rhoncus Ltd,0.5832766825288919,0.598555793636241,0.43225514589459396,0.5077659142117429,49.22340857882571
49536733338,Duis A Ltd,0.6408338998413777,0.5157208338962342,0.28975344944582676,0.4652936746436023,53.47063253563977
49549583265,Luctus Et Incorporated,0.5767051892136869,0.3335106755534115,0.04840533815878761,0.3125552636862372,68.74447363137628
49609375026,Convallis LLC,0.6666666666666666,0.4147182988580368,0.1133227776521149,0.3899947221593908,61.00052778406092
49640494725,Magna Praesent Interdum Ltd,0.5130296850215273,0.5080880939437566,0.27346754128025336,0.3932486131508903,60.67513868491097
49647278647,Suspendisse Sagittis Institute,0.15975526852481306,0.6551417455693372,0.659805473874689,0.409780371199751,59.0219628800249
49715970676,Lobortis Quis Foundation,0.30568774076591887,0.6071194698183345,0.4465053155394707,0.3760965281526948,62.39034718473052
49736594003,Volutpat Ornare Associates,0.9279401767505099,0.661199026555176,0.8735580185478399,0.9007490976491749,9.925090235082513
49758515423,Ac Turpis Egestas PC,0.533877181055971,0.5091640189885436,0.2759556661388826,0.40491642359742686,59.508357640257316
49784932478,A Facilisis Non Inc.,0.006118286879673691,0.4734851115670858,0.19135942094548744,0.09873885391258057,90.12611460874194
49802393568,Non Enim Limited,0.7949240879220485,0.644912157082757,0.5311015607328659,0.6630128243274571,33.69871756725429
49811126264,Blandit Nam LLC,0.4321323362791752,0.6651330145142438,0.9778330694413029,0.704982702860239,29.5017297139761
49837617638,Adipiscing Elit Inc.,0.1581690460004532,0.6497460823855127,0.5586971273467541,0.3584330866736037,64.15669133263964
49837933840,,0.023566734647631996,0.6252850049516467,0.47342230264646007,0.24849451864704603,75.15054813529541
49839448838,Enim Gravida Sit Incorporated,0.6387944708814866,0.5980287584060042,0.4304456005428636,0.5346200357121751,46.53799642878249
49867386620,A Malesuada Id Ltd,0.968275549512803,0.6606558252836173,0.8491291562994797,0.9087023529061413,9.129764709385867
49891706470,Non Vestibulum Industries,0.5075912077951507,0.2930090197215382,0.005654829224157431,0.256623018509654,74.3376981490346
49925232405,Aliquam Tincidunt Nunc PC,0.49648765012463175,0.5360367337898714,0.31214657317349015,0.4043171116490609,59.56828883509391
50027089877,Phasellus Fermentum PC,0.29005211874008613,0.6610789372048974,0.8685817688305814,0.5793169437853337,42.06830562146663
50028551673,Vel Faucibus Institute,0.7505098572399728,0.6401420987897778,0.522053833974214,0.6362818456070933,36.371815439290664
50050487900,Nec Urna Corporation,0.6813958758214367,0.6593046420538117,0.7943904094096358,0.7378931426155362,26.210685738446383
50075408315,Aliquam Gravida Mauris Company,0.581010650351235,0.3992710244097453,0.09273919927618186,0.33687492481370845,66.31250751862916
50100476535,Praesent Corp.,0.10650351234987537,0.6469041330259555,0.540375480660484,0.32343949650517967,67.65605034948203
50131473008,Urna PC,0.8973487423521413,0.6601696287969384,0.8289979642614793,0.8631733533068103,13.682664669318967
50138044308,Nullam Feugiat Placerat Industries,0.4774529798323136,0.6572357920636371,0.7170323456231622,0.5972426627277378,40.27573372722622
50142652861,Vel Lectus Cum Inc.,0.08112395196011783,0.6516938149006898,0.5752092286812939,0.32816659032070583,67.18334096792941
50154587122,,0.9932019034670292,0.39792933577669715,0.09183442660031667,0.5425181650336729,45.74818349663271
50185854379,Adipiscing Lacus Limited,0.8465896215726263,0.6261549280061887,0.47477946166025786,0.6606845416164421,33.931545838355795
50315283629,Iaculis Aliquet Diam LLC,0.5019261273510084,0.2859450717385186,0.0015833521827640805,0.2517547397668862,74.82452602331138
50321300271,Augue Industries,0.46476319963743484,0.5601574171542916,0.36326622935987335,0.4140147144986541,58.59852855013459
50378976033,Tellus Industries,0.5071380013596193,0.6577825428721364,0.7387468898439267,0.6229424456017729,37.70575543982271
50420515690,Curabitur Limited,0.8556537502832541,0.6629356009228107,0.9377968785342683,0.8967253144087612,10.327468559123876
50423424106,Aliquam Adipiscing Institute,0.7269431225923408,0.6561759218233226,0.6914725175299706,0.7092078200611558,29.07921799388442
50446282783,Volutpat Ornare Corp.,0.5891683661907999,0.661932242547979,0.9027369373444922,0.745952651767646,25.404734823235398
50450845980,Malesuada Vel Limited,0.2787219578518015,0.6549565941596842,0.6543768378194978,0.46654939783564964,53.34506021643504
50457372084,Lacus Nulla Tincidunt Incorporated,0.18717425787446182,0.6629747538177697,0.939154037548066,0.5631641477112639,43.68358522887361
50463196502,Lorem Ipsum Dolor Consulting,0.8470428280081577,0.6188986235921163,0.46527934856367337,0.6561610882859155,34.38389117140845
50467745297,Eleifend Nec Consulting,0.6637208248357127,0.6615802859026185,0.8898439267134133,0.776782375774563,22.3217624225437
50467815381,Justo Eu Inc.,0.7056424201223658,0.6633509357720695,0.9577018774033024,0.831672148762834,16.832785123716597
50476338980,Vitae Odio Sagittis Associates,0.07568547473374122,0.6608471319339893,0.8586292693960642,0.4671573720649027,53.284262793509725
50506553485,Dictum Cursus Nunc Ltd,0.6247450713800136,0.5093696690523807,0.2766342456457815,0.45068965851289755,54.931034148710246
50532670634,Accumsan Laoreet Ipsum Company,0.994108316338092,0.43092089051300747,0.1291562994797557,0.5616323079089238,43.836769209107615
50551188214,Mauris Nulla Integer LLC,0.1470654883299343,0.6607507956923593,0.8541054060167383,0.5005854471733363,49.94145528266637
50585758076,Orci Luctus Et Corp.,0.01291638341264446,0.6039041354692156,0.4397195204704818,0.22631795194156312,77.36820480584369
50589958690,Nibh Quisque Corp.,0.3088601858146386,0.44930375696151414,0.15381135489708211,0.23133577035586034,76.86642296441397
50600353536,Aenean Eget Incorporated,0.91162474507138,0.6394111441692611,0.5200180954535173,0.7158214202624487,28.417857973755133
50623435704,Fusce Mollis Inc.,0.43870382959438026,0.6547564060205268,0.6487220085953405,0.5437129190948604,45.62870809051396
50644203172,Ut LLC,0.583956492182189,0.47940697760636286,0.19701425016964488,0.390485371175917,60.9514628824083
50663416598,,0.038522547020167684,0.5078378729093506,0.27301515494232076,0.1557688509812442,84.42311490187558
50667745027,Et Malesuada Fames Ltd,0.8139587582143667,0.5921174349640124,0.4143858855462565,0.6141723218803116,38.58276781196884
50755717212,Iaculis Odio LLP,0.5531384545660548,0.41254146213614046,0.11038226645555305,0.33176036051080393,66.82396394891961
50766787885,Imperdiet Erat PC,0.5937004305461138,0.5787356646351574,0.3888260574530649,0.4912632439995893,50.87367560004107
50794104497,,0.006571493315205076,0.34734620663049337,0.05315539470707985,0.02986344401114246,97.01365559888575
50859331573,In Tempus PC,0.17811012916383412,0.6516811161452658,0.5743044560054287,0.37620729258463137,62.379270741536864
50866797623,Cum Sociis Natoque Incorporated,0.48765012463176977,0.307390683687771,0.030536077810450125,0.25909310122110996,74.090689877889
50885695263,Euismod Institute,0.7668252889191026,0.653951797676422,0.6254241121918118,0.6961247005554572,30.387529944454283
50894040234,Auctor Nunc Nulla Industries,0.3822796283707229,0.5951053126115118,0.42365980547387466,0.40296971692229877,59.703028307770126
50913027463,Quis Corporation,0.17856333559936552,0.4260811810602723,0.12576340194526126,0.1521633687723134,84.78366312276866
50921929340,Aliquet Odio Ltd,0.9619306594153637,0.6588146738620263,0.7726758651888713,0.8673032623021175,13.269673769788248
50931818377,Lobortis Ltd,0.817357806480852,0.6539999674075468,0.6265550780366433,0.7219564422587477,27.804355774125234
50940521426,Vel Est Tempor Ltd,0.06866077498300475,0.4556585185470023,0.16851391087989143,0.1185873429314481,88.1412657068552
50951615219,Mauris Aliquam Eu Incorporated,0.8252889191026512,0.6580945071681229,0.7500565482922416,0.7876727336974464,21.23272663025536
50967757909,Eu Dui Cum Incorporated,0.16927260367097213,0.6466728570571761,0.5385659353087536,0.35391926948986285,64.60807305101372
51001050159,Eleifend Egestas Corporation,0.6254248810333106,0.635201709274568,0.5073512779914047,0.5663880795123577,43.36119204876423
51016899219,Dolor Fusce Industries,0.6505778382053025,0.4509970180675402,0.15810902510744176,0.4043434316563721,59.56565683436279
51026003250,Sed Pharetra Felis LLP,0.8851121685927941,0.6624511954138202,0.9237729020583578,0.904442535325576,9.555746467442406
51043338345,A Malesuada Corporation,0.7543621119419895,0.6579264881589628,0.7444017190680842,0.7493819155050369,25.061808449496315
51080350356,Magna Phasellus Dolor Institute,0.6977113075005665,0.6632713416225265,0.9538565935308754,0.825783950515721,17.421604948427905
51087215585,Vitae Velit Egestas Foundation,0.5848629050532518,0.4172530539262565,0.11762044786247455,0.3512416764578632,64.87583235421368
51094717964,Tempor Diam Dictum Corporation,0.28302741898934963,0.6298356428030091,0.4817914498982131,0.3824094344437814,61.75905655562186
51149146502,Sed Malesuada Ltd,0.43915703602991163,0.6534952022444471,0.6098167835331373,0.5244869097815245,47.55130902184755
51163531045,Turpis In LLP,0.31429866304101517,0.6023515714673368,0.43677900927391994,0.3755388361574675,62.446116384253244
51213238913,,0.8687967369136642,0.6622885621997756,0.9160823343135037,0.8924395356135839,10.756046438641608
51221851716,Ac Turpis Inc.,0.14479945615227735,0.6631127139273248,0.9448088667722235,0.5448041614622504,45.51958385377496
51253553943,Aliquam Erat LLP,0.9741672331747111,0.6543493356940542,0.6356028047952952,0.8048850189850032,19.51149810149968
51258621486,Dis Ltd,0.20303648311806027,0.6574636765935153,0.7263062655507804,0.4646713743344203,53.532862566557974
51266227991,Neque Et Corp.,0.3392250169952413,0.6607273560253496,0.8529744401719068,0.5960997285835741,40.39002714164259
51267358936,Consectetuer Adipiscing Industries,0.9895762519827782,0.5875728169684145,0.40171906808414387,0.695647660033461,30.4352339966539
51279178333,Neque LLC,0.47586675730795375,0.3737838003835206,0.07600090477267586,0.2759338310403148,72.40661689596853
51291561948,Porttitor Interdum Associates,0.6610015862225244,0.6632942453158415,0.9556661388826058,0.8083338625525651,19.166613744743486
51294980477,Vitae Aliquet Nec Corporation,0.9854973940629957,0.49254940386350543,0.2286812938249265,0.6070893439439611,39.29106560560389
51304261149,Donec Est Mauris Corp.,0.6233854520734194,0.6618931432483779,0.9011535851617282,0.7622695186175739,23.773048138242615
51321276923,Aenean Eget Limited,0.45003399048266485,0.5455671908006129,0.3291110608459625,0.38957252566431366,61.042747433568636
51332765081,Tempus Associates,0.7999093587128937,0.682504437863349,0.9907260800723818,0.8953177193926378,10.468228060736218
51357574333,Varius Nam Porttitor Consulting,0.6603217765692273,0.6563428507333403,0.6948654150644651,0.6775935958168462,32.24064041831538
51390118767,Ut Tincidunt Corporation,0.017448447767958303,0.4132079004169223,0.11128703913141823,0.06436774344968826,93.56322565503118
51401317633,Proin Inc.,0.44368910038522547,0.4192707636214351,0.11920380004523863,0.28144645021523207,71.8553549784768
51420872378,Facilisis Suspendisse Corporation,0.2988896442329481,0.6517265763317328,0.5758878081881927,0.43738872621057046,56.26112737894295
51423645458,Feugiat Nec Inc.,0.07251302968502153,0.6532893426462439,0.603483374802081,0.33799820224355126,66.20017977564487
51425051982,Sem Corporation,0.9981871742578745,0.3093798156607398,0.0321194299932142,0.5151533021255443,48.48466978744557
51430012025,Aliquet Nec Inc.,0.9100385225470201,0.6632910156778299,0.9547613662067406,0.9323999443768803,6.7600055623119655
51458444343,Aenean Eget Inc.,0.5703602991162474,0.6591326547982898,0.7862474553268491,0.6783038772215483,32.169612277845175
51479541036,Leo Cras Vehicula LLC,0.9229549059596647,0.5590414388958288,0.36055191133227776,0.6417534086459712,35.82465913540288
51493378591,Fusce Aliquet Magna LLC,0.8978019487876728,0.6512740534201884,0.5679710472743723,0.7328864980310226,26.711350196897744
51515623602,Eget Laoreet Associates,0.4257874461817358,0.5022089598340028,0.25650305360778103,0.3411452498947584,65.88547501052415
51525959170,Augue Eu Inc.,0.07387264899161568,0.6573072457855902,0.7195204704817915,0.3966965597367036,60.33034402632964
51527394775,Sollicitudin Orci Limited,0.12191253115794244,0.5174897847047709,0.2915629947975571,0.20673776297774976,79.32622370222502
51550230865,Mauris Corp.,0.6374348515748923,0.3133903587776074,0.035738520696674964,0.33658668613578363,66.34133138642164
51561881468,Tristique Pellentesque Tellus LLP,0.06503512349875368,0.6516830861698073,0.5747568423433612,0.3198959829210575,68.01040170789425
51589191140,Amet Ornare Lectus Corp.,0.09426693859052798,0.6593744661401494,0.7989142727889618,0.44659060568974485,55.34093943102552
51659779274,Luctus Lobortis Industries,0.31452526625878086,0.44609937952736756,0.14725175299705948,0.23088850962792018,76.91114903720798
51759688899,Duis Risus Corp.,0.05347835939270338,0.6552135273407667,0.6611626328884868,0.3573204961405951,64.26795038594048
51776659549,,0.9048266485384092,0.6567292223355325,0.7045917213300158,0.8047091849342125,19.52908150657875
51808433866,Arcu Vel Institute,0.5218672105143893,0.45284307444458427,0.16240669531780141,0.34213695291609536,65.78630470839046
51890035872,Nulla In Tincidunt Ltd,0.8975753455699071,0.6628955645418521,0.9364397195204704,0.9170075325451887,8.299246745481126
51906535389,Consectetuer Company,0.25968728755948334,0.6589250050483119,0.776973535399231,0.5183304114793572,48.166958852064276
51914572250,,0.04577384998866984,0.6556205019277506,0.6756389957023298,0.3607064228454998,63.92935771545002
51959118092,Elementum Lorem Industries,0.628823929299796,0.5658576108087837,0.37095679710472745,0.49989036320226177,50.01096367977382
52034043972,Non Dapibus Rutrum Limited,0.7396329027872196,0.5449580816127977,0.3282062881700973,0.5339195954786584,46.60804045213416
52034783403,Pede Praesent Corporation,0.8397915250396556,0.7217780120770984,0.9981904546482696,0.9189909898439625,8.100901015603746
52037285370,In Felis Nulla LLC,0.6419669159302062,0.5086619780726227,0.2750508934630174,0.45850890469661176,54.149109530338826
52065114842,Gravida Non PC,0.47903920235667347,0.2979524382906029,0.022393123727663423,0.2507161630421684,74.92838369578317
52069051820,A Nunc In LLP,0.26920462270564244,0.6541618807518401,0.630852748247003,0.4500286854763227,54.99713145236773
52129026374,Non Feugiat Nec Industries,0.8848855653750283,0.6557190182186313,0.6792580864057906,0.7820718258904094,21.792817410959064
52129470223,Imperdiet Corp.,0.06458191706322229,0.6471757342275559,0.5417326396742819,0.30315727836875206,69.68427216312479
52160665475,Mauris Associates,0.7301155676410604,0.3613767900414715,0.06401266681746211,0.39706411722926127,60.29358827707387
52242018594,Aliquet Diam Sed Limited,0.5930206208928167,0.4578713518153881,0.17258538792128478,0.38280300440705073,61.719699559294924
52266154043,Lobortis Tellus Justo Foundation,0.8685701336958985,0.43760932624758214,0.13435874236598055,0.5014644380309395,49.85355619690605
52310302169,Natoque Inc.,0.10876954452753229,0.5785307420771346,0.3885998642840986,0.24868470440581544,75.13152955941845
52323926070,Lorem Ac Risus Institute,0.77906186267845,0.5327843090731591,0.30717032345623163,0.5431160930673409,45.688390693265916
52342208808,Nisl Arcu Incorporated,0.6526172671651937,0.36246500407479615,0.06582221216919248,0.3592197396671931,64.0780260332807
52351039440,Luctus Institute,0.7160661681395876,0.6571058407216216,0.7143180275955666,0.7151920978675771,28.48079021324229
52375327397,A Purus Consulting,0.843190573306141,0.6575116157516724,0.729020583578376,0.7861055784422585,21.38944215577415
52379134298,Eu Foundation,0.8191706322229776,0.6630681268019638,0.9425469350825605,0.880858783652769,11.914121634723095
52388886012,Consectetuer Euismod Est PC,0.9104917289825516,0.5697590846559631,0.3754806604840534,0.6429861947333024,35.70138052666976
52441951858,Erat Eget Tincidunt Consulting,0.05642420122365738,0.6545659445577818,0.6426147930332504,0.34951949712845387,65.04805028715461
52447384759,,0.14026739179696351,0.46601769858878345,0.18547839855236373,0.16287289517466363,83.71271048253364
52448445000,Feugiat Placerat Industries,0.041694992068887375,0.4568910532809375,0.17054964940058812,0.10612232073473775,89.38776792652622
52451319982,Aenean Euismod Industries,0.8552005438477226,0.5937290837479907,0.41890974892558247,0.6370551463866525,36.29448536133475
52509095251,Justo Proin Associates,0.5569907092680716,0.4703485951030769,0.18887129608685818,0.3729310026774649,62.70689973225352
52524795452,Cras Convallis Associates,0.9868570133695899,0.5914606806074008,0.41235014702555983,0.6996035801975748,30.039641980242514
52529569808,Aliquam Erat Corp.,0.7026965782914117,0.6489476760325449,0.5541732639674282,0.62843492112942,37.156507887058
52535771754,Vel Pede Blandit Corp.,0.6179469748470429,0.4538819353509249,0.16557339968332957,0.39176018726518624,60.82398127348137
52536215795,Non Cursus Foundation,0.32404260140493996,0.5506542269769017,0.3440398099977381,0.334041205701339,66.5958794298661
52544138714,Pede Sagittis LLP,0.7903920235667347,0.6605050326196734,0.843248133906356,0.8168200787365454,18.317992126345462
52569909432,Dis Parturient Montes LLC,0.6528438703829594,0.6611741692360387,0.872879439040941,0.7628616547119502,23.713834528804977
52594457116,Vel Turpis Aliquam Company,0.436664400634489,0.4086903798073061,0.1056322099072608,0.2711483052708749,72.88516947291251
52606147371,Mi Ac Foundation,0.5064581917063222,0.5035981782489373,0.2605745306491744,0.38351636117774834,61.64836388222517
52606993642,Congue Elit Sed Ltd,0.6002719238613188,0.6525239309162514,0.5871974666365076,0.5937346952489132,40.62653047510868
52618285087,Fusce Diam Incorporated,0.13936097892590074,0.6564029784943977,0.697127346754128,0.41824416284001437,58.175583715998556
52655785808,Malesuada Id Institute,0.8907772490369363,0.6632389105499433,0.952047048179145,0.9214121486080407,7.858785139195934
52684532353,Sed Hendrerit Corp.,0.29820983457965106,0.6603835316405707,0.8387242705270301,0.5684670525533406,43.153294744665935
52689558435,Eget Nisi Dictum Consulting,0.3573532744164967,0.6403023067649907,0.5225062203121466,0.43992974736432167,56.00702526356783
52746698475,Semper Et Lacinia PC,0.8758214366644006,0.6572151313560627,0.7165799592852296,0.7962006979748151,20.379930202518494
52763133264,Dui Lectus LLP,0.07591207795150691,0.6622795509654166,0.9154037548066049,0.4956579163790559,50.43420836209441
52794670013,Semper Pretium Corp.,0.6184001812825742,0.4161528763674618,0.11581090251074418,0.3671055418966592,63.28944581033408
52813650988,Commodo Tincidunt Nibh Corp.,0.8712893723090868,0.5944154827886027,0.42094548744627913,0.646117429877683,35.388257012231705
52827561456,Nec Urna Limited,0.2028098799002946,0.6529490021904661,0.5982809319158562,0.4005454059080754,59.94545940919246
52838486584,Interdum PC,0.3136188533877181,0.5522927298540943,0.34833748020809774,0.3309781667979079,66.9021833202092
52922961938,Pharetra Nam Ac Inc.,0.6172671651937458,0.6342361636455496,0.501470255598281,0.5593687103960134,44.06312896039866
52956509597,Molestie Consulting,0.9351914797190121,0.4721514162766526,0.19022845510065595,0.562709967409834,43.729003259016594
52959528548,Libero Et Limited,0.5871289372309086,0.29349808433307695,0.007916760913820403,0.29752284907236454,70.24771509276356
52969453577,Molestie Incorporated,0.9225016995241332,0.5520008360183872,0.34698032119429995,0.6347410103592166,36.52589896407834
52985233084,Feugiat Non Inc.,0.38250623158848857,0.646808414112198,0.5394707079846188,0.4609884697865537,53.901153021344626
52985515941,,0.3176977113075006,0.47811383314615324,0.1961094774937797,0.25690359440064015,74.30964055993599
52989681376,Tempor Bibendum PC,0.6902334013142987,0.5394519120624538,0.3191585614114454,0.504695981362872,49.530401863712804
53003062892,At Pretium PC,0.6304101518241559,0.5902597905491878,0.40873105632209905,0.5195706040731275,48.04293959268725
53035587173,Iaculis Lacus Ltd,0.445501926127351,0.5813068145951213,0.392671341325492,0.4190866337264215,58.09133662735785
53042661217,Proin Velit Sed Ltd,0.949920688873782,0.6561191037724553,0.6898891653472066,0.8199049271104943,18.009507288950566
53062283717,Mi Felis Adipiscing Company,0.45864491275776115,0.3666524816442517,0.06944130287265325,0.2640431078152072,73.59568921847928
53074973777,Mus Donec Corporation,0.22547020167686382,0.6590819025858952,0.7839855236371862,0.5047278626570251,49.52721373429749
53123395285,Nisl Arcu Limited,0.5277588941762973,0.4320019010834094,0.1298348789866546,0.32879688658147593,67.12031134185241
53126107676,Sed Neque Corporation,0.4196691593020621,0.35966957162021085,0.06152454195883284,0.24059685063044747,75.94031493695526
53132768930,Id Magna Industries,0.6734647631996374,0.6351408547913422,0.5066726984845058,0.5900687308420716,40.99312691579284
53145095472,,0.07092680716066169,0.44391874679466486,0.14182311694186836,0.10637496205126502,89.36250379487349
53225404497,,0.08021753908905506,0.42627331841959176,0.12598959511422755,0.10310356710164131,89.68964328983586
53237353758,Ut Molestie Company,0.5436211194198958,0.5368111183447799,0.3141823116941868,0.42890171555704126,57.10982844429587
53258875124,Malesuada Company,0.9007477906186268,0.6478762973032095,0.5478398552363719,0.7242938229274993,27.570617707250065
53284532894,Dignissim Lacus Foundation,0.9716745977792884,0.6606064587861764,0.8479981904546483,0.9098363941169684,9.016360588303163
53300696557,Velit Cras Lorem Industries,0.23838658508950827,0.6344869216954145,0.5035059941189776,0.3709462896042429,62.905371039575705
53313679463,,0.04464083389984138,0.6130166513722711,0.4564578149739878,0.2505493244369146,74.94506755630854
53331457650,Non Egestas Industries,0.3283480625424881,0.6581709260488928,0.7525446731508708,0.5404463678466794,45.955363215332056
53335180575,,0.959438024019941,0.6578671021498872,0.7416874010404886,0.8505627125302149,14.943728746978513
53339073841,Facilisis Vitae Corporation,0.28891910265125764,0.6317207758443701,0.4897082108120335,0.38931365673164553,61.06863432683545
53367901558,Fringilla Mi Corporation,0.8318604124178564,0.6606653254217375,0.8495815426374124,0.8407209775276343,15.92790224723657
53378405666,Amet Ultricies Sem Inc.,0.8894176297303422,0.6626187112016159,0.9280705722687175,0.9087441009995298,9.125589900047014
53402274399,Lorem Ltd,0.7228642646725584,0.546487614910261,0.3322777652114906,0.5275710149420245,47.24289850579755
53415858879,Proin Foundation,0.9132109675957398,0.683878312650616,0.9932142049310111,0.9532125862633755,4.678741373662454
53427619838,Eu Erat Semper Inc.,0.8796736913664174,0.6599273005846154,0.8183668853200633,0.8490202883432403,15.097971165675972
53442247174,Sem Limited,0.16836619079990936,0.659949077014096,0.8190454648269623,0.4937058278134358,50.629417218656414
53496117655,Amet Consectetuer Company,0.6766372082483572,0.6586982106520713,0.7697353539923094,0.7231862811203333,27.681371887966666
53501895098,Cursus Corp.,0.34851574892363474,0.6612090033972319,0.8740104048857724,0.6112630769047036,38.87369230952964
53546629749,Integer Industries,0.3840924541128484,0.6585605320885907,0.7656638769509161,0.5748781655318822,42.51218344681178
53560474586,Erat Inc.,0.49422161794697483,0.6416981870836684,0.5254467315087085,0.5098341747278416,49.01658252721583
53581165509,,0.05665080444142307,0.5263935542175736,0.2994797557113775,0.1780652800764003,82.19347199235997
53599011106,Sed Dictum Inc.,0.9632902787219578,0.6627106926800441,0.9312372766342456,0.9472637776781017,5.273622232189834
53600852724,Laoreet Lectus LLC,0.6589621572626331,0.5208160521065184,0.29495589233205155,0.4769590247973423,52.30409752026577
53620352987,Scelerisque Mollis Phasellus PC,0.4590981191932925,0.5175769042133727,0.2920153811354897,0.3755567501643911,62.4443249835609
53635885278,Curabitur Massa LLC,0.7826875141627011,0.6515710648350861,0.5727211038226645,0.6777043089926829,32.229569100731716
53655334735,Magna LLC,0.7203716292771357,0.6546695780618919,0.6466862700746437,0.6835289496758897,31.647105032411027
53714166188,,0.11670065714933152,0.48996121545957594,0.2196335670662746,0.16816711210780305,83.1832887892197
53714470577,,0.21028778608656243,0.40752407690179354,0.10404885772449672,0.15716832190552957,84.28316780944705
53747773889,At Iaculis Corporation,0.7899388171312033,0.6131821988659435,0.45668400814295407,0.6233114126370787,37.66885873629213
53764119144,,0.15431679129843645,0.6576358456084397,0.7333182537887356,0.44381752254358603,55.61824774564139
53769121598,Nullam Corp.,0.8450033990482665,0.6551296774191123,0.65912689436779,0.7520651467080283,24.793485329197175
53772871046,Adipiscing Associates,0.8035350101971448,0.41701768251196314,0.11694186835557566,0.4602384392763602,53.97615607236398
53778690950,Nisl Maecenas Malesuada Corporation,0.6521640607296624,0.6528959976407326,0.5962451933951595,0.6242046270624109,37.57953729375891
53819859057,,0.8171312032630863,0.6530165448299435,0.5998642840986202,0.7084977436808533,29.150225631914672
53829845678,Ac Eleifend Vitae LLP,0.011783367323815998,0.658609793373612,0.7667948427957476,0.3892891050597818,61.07108949402183
53852972654,,0.9979605710401088,0.4614893122690287,0.1793711829902737,0.5886658770151912,41.13341229848088
53872162300,Cursus LLP,0.9442556084296397,0.6561880174340173,0.6921510970368695,0.8182033527332546,18.179664726674538
53877856360,Sem Magna Company,0.11103557670518921,0.5334471762902984,0.3080750961320968,0.20955533641864302,79.04446635813571
53918538787,In Tempus Inc.,0.019487876727849535,0.4495170864901443,0.1540375480660484,0.08676271239694898,91.3237287603051
53938467553,,0.7754362111941989,0.6344442659480943,0.5026012214431124,0.6390187163186556,36.09812836813444
53965592614,,0.47699977339678223,0.6581506357794376,0.7511875141370731,0.6140936437669277,38.590635623307236
53997373109,,0.20666213460231136,0.5494593716173547,0.3408731056322099,0.27376762011726063,72.62323798827394
54024111976,Elit Elit Associates,0.8515748923634716,0.6436024082640712,0.5283872427052703,0.6899810675343709,31.001893246562908
54056521797,Aenean Egestas Hendrerit Ltd,0.3870382959438024,0.5571051365194574,0.356932820628817,0.3719855582863097,62.801444171369035
54062916822,Lorem Eu Metus PC,0.45479265805574437,0.6456477791073699,0.5335896855914951,0.4941911718236197,50.58088281763803
54071870652,Turpis In PC,0.6868343530478133,0.6548379576854416,0.6516625197919023,0.6692484364198578,33.075156358014226
54082851220,,0.16768638114661227,0.6219499386223373,0.469577018774033,0.31863169996032265,68.13683000396773
54089653894,Leo PC,0.22207115341037842,0.6630803529432315,0.9434517077584257,0.582761430584402,41.7238569415598
54094693762,Pulvinar Arcu Incorporated,0.3478359392703376,0.6598301583353043,0.8149739877855688,0.5814049635279532,41.859503647204676
54097385985,Magna Nam Ltd,0.678903240426014,0.4484449972892454,0.15222800271431802,0.415565621570166,58.4434378429834
54136363643,Mi Lorem Industries,0.17471108089734874,0.6486558011641682,0.5521375254467316,0.36342430317204016,63.65756968279599
54171624416,Dolor Corporation,0.05778382053025153,0.6467606167989591,0.5390183216466863,0.2984010710884689,70.1598928911531
54197321846,Parturient Montes Corporation,0.6600951733514616,0.5385956134015315,0.3166704365528161,0.48838280495213887,51.16171950478612
54272781746,Non Massa Institute,0.46227056424201224,0.3569247646082385,0.05881022393123728,0.26054039408662477,73.94596059133752
54273147353,Fames Ac Limited,0.16949920688873782,0.6528958213276067,0.5960190002261931,0.38275910355746545,61.72408964425345
54277261175,In Magna PC,0.8971221391343757,0.4222251300947437,0.12282289074869938,0.5099725149415375,49.00274850584625
54278310951,Nullam Institute,0.5341037842737367,0.5321044092370512,0.30581316444243384,0.4199584743580853,58.00415256419147
54291122944,Ipsum Primis In Inc.,0.6014049399501473,0.5451283558251458,0.3286586745080299,0.4650318072290886,53.496819277091134
54292545196,Et Pede Inc.,0.15046453659641967,0.6528577807554262,0.5946618412123954,0.37256318890440754,62.74368110955925
54327105512,Suscipit Nonummy Fusce Inc.,0.8116927260367097,0.4960830234757369,0.23999095227324135,0.5258418391549755,47.41581608450245
54331336835,Aliquet Metus Ltd,0.47360072513029683,0.6593613580969713,0.7982356932820629,0.6359182092061799,36.40817907938201
54361802955,Varius Ultrices Mauris Inc.,0.4287332880126898,0.6627715806264437,0.9341777878308075,0.6814555379217486,31.854446207825138
54400686779,Etiam Imperdiet Ltd,0.11896668932698844,0.6811795508997356,0.9884641483827188,0.5537154188548536,44.628458114514636
54429225092,Ridiculus Mus Aenean LLP,0.5239066394742805,0.6326526072136467,0.49377968785342685,0.5088431636638537,49.11568363361462
54474048212,Leo Morbi Limited,0.6920462270564242,0.6576324749588394,0.7330920606197693,0.7125691438380968,28.74308561619032
54509096655,Ac LLP,0.7459777928846589,0.6613297353192348,0.8810223931237277,0.8135000930041933,18.649990699580666
54528548574,Consectetuer Rhoncus Institute,0.7822343077271697,0.660879950660456,0.8597602352408957,0.8209972714840328,17.90027285159672
54550134954,Tempor Diam Dictum Company,0.5100838431905733,0.2951033966521102,0.01470255598280932,0.26239319958669133,73.76068004133087
54611298155,Tortor Dictum Corp.,0.33265352368003626,0.41666021406417647,0.11671567518660936,0.2246845994333228,77.53154005666771
54654230431,Malesuada Vel Venenatis Limited,0.26217992295490594,0.6591231189585732,0.7860212621578828,0.5241005925563944,47.58994074436056
54687916328,Ligula Nullam PC,0.5556310899614775,0.64382661373121,0.5286134358742366,0.542122262917857,45.787773708214296
54702673300,Maecenas Mi Industries,0.8028552005438477,0.6220024634873371,0.46980321194299934,0.6363292062434236,36.36707937565764
54705111450,Eleifend Non Inc.,0.5823702696578291,0.5426680835745771,0.32436100429767023,0.4533656369777497,54.66343630222503
54751110960,Nec Malesuada LLP,0.12803081803761612,0.657664593397924,0.7346754128025333,0.4313531154200747,56.86468845799253
54762063900,Eu Erat Corp.,0.07409925220938138,0.6509540500252016,0.5645781497398779,0.31933870097462963,68.06612990253704
54785263912,Eget Tincidunt Dui LLC,0.09018808067074552,0.4976266690841265,0.2449672019904999,0.1675776413306227,83.24223586693773
54785675857,,0.06548832993428506,0.47963020636431375,0.19746663650757748,0.13147748322093128,86.85225167790686
54790190524,Ac Ltd,0.061182868796736914,0.4359783274532708,0.13187061750735127,0.0965267431520441,90.34732568479559
54860127682,Laoreet Posuere Enim Limited,0.708361658735554,0.46528037085874085,0.18457362587649853,0.44646764230602626,55.35323576939737
54874856789,Euismod Urna Incorporated,0.37094946748243823,0.3703059552484661,0.0728342004071477,0.22189183394479298,77.8108166055207
54893491429,Rutrum Eu Incorporated,0.3249490142760027,0.6170972848541787,0.46256503053607784,0.39375702240604027,60.62429775939597
54900312378,Non Ante Bibendum PC,0.8629050532517561,0.5539295908682086,0.350825605066727,0.6068653291592416,39.31346708407584
54907027470,Euismod Corp.,0.12417856333559936,0.6624135666572781,0.9219633567066274,0.5230709600211134,47.692903997888656
54923508125,Ullamcorper Duis Corporation,0.4751869476546567,0.5068881366663001,0.27075322325265777,0.37297008545365723,62.70299145463427
54963312919,,0.03149784726943122,0.44679837024325314,0.14860891201085727,0.09005337964014425,90.99466203598557
54966031548,Donec Nibh Corporation,0.3220031724450487,0.6536507080223173,0.6147930332503958,0.46839810284772226,53.16018971522778
54988683231,Nibh Donec Ltd,0.760707002039429,0.6550113270051928,0.6561863831712282,0.7084466926053286,29.155330739467146
54994826109,Augue Ut Industries,0.1991842284160435,0.661334264556368,0.881248586292694,0.5402164073543687,45.97835926456313
55023001789,Fermentum Inc.,0.3845456605483798,0.6681917128406603,0.9839402850033929,0.6842429727758863,31.57570272241137
55039720870,Dignissim Magna PC,0.8617720371629277,0.659696232966019,0.810450124406243,0.8361110807845853,16.38889192154147
55069630872,A Nunc Corp.,0.7591207795150691,0.4931115761007386,0.23049083917665686,0.49480580934586293,50.51941906541371
55090181035,Dictum Ultricies Ltd,0.6347156129617041,0.4431957559186474,0.14001357159013797,0.387364592275921,61.2635407724079
55092047467,Lectus Justo Incorporated,0.03897575345569907,0.5673388715358678,0.3727663424564578,0.20587104795607844,79.41289520439216
55094723224,Nulla Facilisi Associates,0.31588488556537503,0.6473840222267152,0.5437683781949785,0.4298266318801768,57.017336811982325
55096581107,Sagittis Associates,0.11556764106050306,0.657547561438303,0.7308301289301063,0.4231988849953047,57.68011150046952
55101569426,Suspendisse Ltd,0.7092680716066169,0.6671084490396813,0.9825831259895951,0.845925598798106,15.407440120189397
55123279982,Luctus Lobortis Class Institute,0.5989123045547247,0.6616519689344981,0.8921058584030762,0.7455090814789005,25.44909185210995
55132869928,Curae Institute,0.330614094720145,0.6359587406276535,0.5100655960190003,0.42033984536957264,57.966015463042744
55179323922,Aliquet Phasellus Fermentum Associates,0.46566961250849764,0.6582000733713771,0.7532232526577697,0.6094464325831337,39.05535674168663
55193751157,Rhoncus Proin PC,0.7906186267845003,0.6530577725812214,0.6007690567744854,0.6956938417794929,30.43061582205071
55233303555,,0.9222750963063675,0.6323725817280808,0.49197014250169646,0.707122619404032,29.2877380595968
55270512213,Mauris Molestie Corp.,0.802628597326082,0.654483324841123,0.6399004750056548,0.7212645361658685,27.87354638341315
55279811979,Natoque Penatibus Et Corporation,0.8280081577158396,0.6589649415304355,0.778556887581995,0.8032825226489173,19.67174773510827
55282987193,,0.6809426693859053,0.6545780860390289,0.643067179371183,0.6620049243785442,33.79950756214558
55294337974,Tristique Senectus Et Ltd,0.6097892590074779,0.5439834727383362,0.3268491291562995,0.4683191940818887,53.168080591811126
55306842177,Aliquam Iaculis Lacus Foundation,0.860865624291865,0.5094669457822636,0.2773128251526804,0.5690892247222727,43.091077527772725
55306852930,Pede Nunc LLC,0.7840471334692952,0.6580817869792202,0.7491517756163764,0.7665994545428358,23.340054545716416
55307299248,Praesent Luctus Curabitur Industries,0.22479039202356674,0.659030941462198,0.7810450124406243,0.5029177022320955,49.708229776790446
55325186693,Aliquam Nisl Corporation,0.7167459777928846,0.6001514846943012,0.43315991857045916,0.5749529481816719,42.50470518183281
55348614885,Tortor Nunc LLC,0.7464309993201903,0.6580071212878884,0.7466636507577471,0.7465473250389687,25.34526749610313
55376897006,,0.19623838658508952,0.6532979668672325,0.6039357611400136,0.40008707386255155,59.991292613744854
55402538421,Orci Ut Semper Incorporated,0.8946295037389531,0.4754842182877864,0.19339515946618413,0.5440123316025687,45.598766839743135
55403018592,Elit Limited,,0.6624502349796006,0.9235467088893915,0.9235467088893915,7.64532911106085
55407818029,Imperdiet LLP,0.15680942669385906,0.5011354193258659,0.2542411219181181,0.20552527430598858,79.44747256940114
55417076134,Posuere Enim Nisl PC,0.5293451167006572,0.40655603123753364,0.10291789187966524,0.31613150429016124,68.38684957098387
55430629945,Metus Facilisis Associates,0.3675504192159529,0.546963185890121,0.33340873105632207,0.3504795751361375,64.95204248638625
55433932875,Nullam Vitae Diam PC,0.3575798776342624,0.6332596671975741,0.496946392218955,0.4272631349266087,57.27368650733913
55446764764,Turpis Nulla Incorporated,0.35916610015862227,0.6458654587162436,0.5347206514363266,0.44694337579747445,55.30566242025255
55461936812,,0.04871969181962384,0.3894848784606729,0.08504863153132776,0.0668841616754758,93.31158383245241
55501929396,Mauris Sagittis Corp.,0.6342624065261727,0.5040955460817783,0.26215788283193847,0.4482101446790556,55.17898553209444
55555661470,Nullam Scelerisque LLC,,0.6606611537599119,0.849355349468446,0.849355349468446,15.064465053155395
55559667703,Quis Incorporated,0.3772943575798776,0.38335650500214125,0.08120334765890071,0.22924885261938915,77.07511473806107
55562579755,Enim Curabitur Massa Foundation,0.4781327894856107,0.5111279994294602,0.28206288170097266,0.3800978355932917,61.99021644067083
55586008544,Eleifend Egestas Ltd,0.9252209381373215,0.6549536627979828,0.6541506446505315,0.7896857913939266,21.03142086060734
55597122840,Cursus Nunc Mauris Ltd,0.4568320870156356,0.5072506191656048,0.27233657543542183,0.3645843312255287,63.54156687744713
55622580330,Lacus LLP,0.9426693859052798,0.6575800768101656,0.7317349016059715,0.8372021437556256,16.279785624437437
55641364241,Duis Volutpat PC,0.15703602991162474,0.662358664787523,0.9194752318479982,0.5382556308798114,46.174436912018855
55646417663,Nisi Cum LLC,0.8579197824609109,0.6551384591935498,0.6595792807057227,0.7587495315833168,24.12504684166832
55661978105,Lectus Convallis Est LLC,0.7337412191253115,0.5757853905718685,0.3836236145668401,0.5586824168460758,44.131758315392425
55670302206,Nulla Donec Ltd,0.4663494221617947,0.6608128281925325,0.856141144537435,0.6612452833496149,33.87547166503852
55702861356,Donec Feugiat Metus Associates,0.9671425334239746,0.6528238623897913,0.5935308753675639,0.7803367043957692,21.96632956042308
55749740446,Sagittis Semper Nam Consulting,0.1409472014502606,0.6634770036689107,0.9629043202895272,0.5519257608698939,44.807423913010616
55778594682,Auctor Nunc Consulting,0.3933831860412418,0.6565269691957849,0.7002940511196561,0.546838618580449,45.3161381419551
55828706874,Eget Venenatis A Incorporated,0.7536823022886925,0.661608930918357,0.8907486993892785,0.8222155008389855,17.778449916101447
55842128301,A Ultricies Adipiscing LLC,0.7502832540222071,0.4886712393112151,0.21556209002488125,0.48292267202354416,51.707732797645576
55844327847,Ipsum Ac Mi Associates,0.7912984364377974,0.6474006565141938,0.5442207645329111,0.6677596004853543,33.22403995146457
55878420190,Ultrices Mauris PC,0.9152503965556311,0.6553491016561405,0.6668174621126441,0.7910339293341376,20.89660706658624
55883454313,Vitae Orci Phasellus Foundation,0.6109222750963064,0.6608671353188847,0.8593078489029631,0.7351150619996347,26.48849380003653
55902748589,Sociis Natoque Penatibus Associates,0.18218898708361658,0.660388813546879,0.8391766568649627,0.5106828219742896,48.93171780257104
55948741668,Orci Sem Eget Foundation,0.2723770677543621,0.6591794050815052,0.7885093870165121,0.5304432273854371,46.95567726145629
55955609006,Nec Enim Nunc LLP,0.7441649671425334,0.588070184271502,0.40420719294277313,0.5741860800426533,42.58139199573468
55958301764,Eget Magna Ltd,0.3494221617946975,0.45927655782241344,0.17462112644198144,0.26202164411833945,73.79783558816607
55997183965,Quam Elementum At LLP,0.9102651257647859,0.6633381916118818,0.9572494910653698,0.9337573084150779,6.624269158492213
56002073911,Sapien Cras Dolor LLC,0.07772490369363245,0.6591021817859599,0.7848902963130513,0.4313076000033419,56.86923999966581
56014638362,Laoreet Libero Foundation,0.8123725356900068,0.6606291857040651,0.8484505767925808,0.8304115562412938,16.95884437587062
56018978883,Egestas Fusce Aliquet Institute,0.9814185361432133,0.5129538126604962,0.2856819724044334,0.6335502542738234,36.64497457261766
56023220219,Nam Interdum Company,0.1373215499660095,0.6586160800038762,0.7670210359647138,0.4521712929653617,54.782870703463836
56030772622,Sem Vitae Corp.,0.12123272150464537,0.6637168770150428,0.9676543768378195,0.5444435491712325,45.55564508287675
56096548005,,0.4806254248810333,0.5053662374916024,0.2660031667043655,0.3733142957926994,62.66857042073006
56139017231,Nec Mollis Vitae PC,0.7516428733288013,0.5929811020692738,0.41642162406695316,0.5840322486978773,41.59677513021227
56140067651,Nullam Ut Limited,0.13346929526399276,0.6580740260405376,0.7484731961094775,0.4409712456867351,55.90287543132648
56144254367,Erat Etiam Vestibulum LLP,0.3711760707002039,0.5474749639698162,0.3349920832390862,0.35308407696964506,64.69159230303549
56180588880,,0.43190573306140945,0.5326027558842579,0.30671793711829903,0.3693118350898542,63.06881649101458
56191979620,Non Sollicitudin PC,0.08271017448447768,0.550607562378768,0.34381361682877176,0.21326189565662473,78.67381043433753
56204411255,Mauris Vel Turpis Corporation,0.8932698844323589,0.5923736879150545,0.415516851391088,0.6543933679117234,34.560663208827656
56210484274,Eget Odio PC,0.5669612508497621,0.6592583168384192,0.7937118299027369,0.6803365403762496,31.966345962375044
56236492160,Arcu Ac Industries,0.5363698164513936,0.6551028747856141,0.6584483148608912,0.5974090656561424,40.25909343438576
56259793520,Ligula Aliquam Inc.,0.2841604350781781,0.6555412555827271,0.6729246776747342,0.47854255637645615,52.145744362354385
56341925306,Dolor Sit Company,0.6748243825062316,0.6307302357083046,0.48473196109477495,0.5797781718005033,42.02218281994967
56347643455,Sem Magna Nec Associates,0.9270337638794471,0.6444150066192745,0.5301967880570007,0.7286152759682238,27.138472403177616
56373397631,,0.642873328801269,0.6502603380222984,0.5611852522053834,0.6020292905033262,39.79707094966738
56395390867,,0.9474280534783593,0.6590952348796169,0.7846641031440851,0.8660460783112223,13.395392168877773
56429066925,Porta LLP,0.4654430092907319,0.5433108518636068,0.32571816331146797,0.39558058630109993,60.44194136989
56439821700,Ipsum Curabitur LLP,0.7670518921368683,0.6596924639550679,0.8102239312372767,0.7886379116870725,21.13620883129275
56463450814,Lacus Varius LLC,0.3931565828234761,0.6590295883352799,0.780818819271658,0.586987701047567,41.301229895243296
56479646937,Curabitur Vel LLC,0.9886698391117154,0.6610538756011234,0.8676769961547162,0.9281734176332157,7.18265823667843
56482885504,Libero Morbi Company,0.9134375708135055,0.6569092691825588,0.7095679710472744,0.8115027709303899,18.84972290696101
56488744658,Imperdiet Ullamcorper LLC,0.04282800815771584,0.5067164959824693,0.2700746437457589,0.15645132595173739,84.35486740482627
56489374516,Aliquam Tincidunt Institute,0.19578518014955812,0.6047290815888161,0.440624293146347,0.31820473664795257,68.17952633520474
56490929085,Ipsum Nunc LLP,0.8663041015182416,0.6608288421829842,0.8570459172133001,0.8616750093657708,13.83249906342292
56503889644,,0.028552005438477225,0.6007534534749046,0.4347432707532233,0.23164763809585026,76.83523619041497
56519940783,Malesuada Limited,0.6394742805347836,0.660068755029937,0.8240217145442208,0.7317479975395023,26.825200246049775
56530958295,Pede Et LLC,0.6007251302968503,0.6026852413397182,0.43723139561185254,0.5189782629543513,48.10217370456486
56554875815,Ipsum Porta Elit Limited,0.07545887151597552,0.4614902442054284,0.17959737615923999,0.12752812383760775,87.24718761623922
56559128138,Nec Tempus Mauris LLC,0.4776795830500793,0.501039857526613,0.2533363492422529,0.3655079661461661,63.44920338538339
56597561444,Eget Volutpat Corp.,0.9841377747564015,0.40333958278773513,0.0977154489934404,0.540926611874921,45.9073388125079
56624752594,Tincidunt Vehicula Corp.,0.32902787219578516,0.461332778180263,0.1786926034833748,0.25386023783958,74.613976216042
56626211479,Dignissim Maecenas Ornare Associates,0.4785859959211421,0.6547817399988364,0.6496267812712057,0.5641063885961739,43.58936114038261
56638395137,,0.06140947201450261,0.5516226793012781,0.346301741687401,0.2038556068509518,79.61443931490481
56659127324,Mattis Cras Institute,0.17244504871969182,0.6616831394865231,0.8932368242479077,0.5328409364837998,46.71590635162002
56680601741,Lectus Ante Corp.,0.7865397688647179,0.6741766630960904,0.9866546030309885,0.8865971859478532,11.34028140521468
56683290946,Duis Mi LLC,0.790845230002266,0.6551512778285868,0.6602578602126216,0.7255515451074438,27.44484548925562
56703883889,,0.9927486970314978,0.5342951259001067,0.3094322551458946,0.6510904760886962,34.890952391130384
56709391097,Aliquam Enim Foundation,0.32676184001812825,0.6385242653783705,0.5184347432707532,0.42259829164444074,57.74017083555593
56723208962,Risus Donec Associates,0.5825968728755948,0.6516083916794646,0.5733996833295635,0.5779982781025792,42.20017218974208
56727542957,Phasellus In Ltd,0.8783140720598233,0.6621838874110463,0.9117846641031441,0.8950493680814837,10.495063191851628
56729951690,Quam Corporation,0.3868116927260367,0.49453511409475504,0.2345623162180502,0.31068700447204345,68.93129955279565
56738316313,Sollicitudin A LLP,0.022660321776569226,0.37118756144024234,0.07419135942094549,0.048425840598757354,95.15741594012427
56738437245,Fringilla Corp.,0.08429639700883752,0.6523916751628601,0.5860665007916761,0.3351814489002568,66.48185510997432
56762458844,In Inc.,0.7353274416496715,0.5975137756951318,0.4284098620221669,0.5818686518359192,41.81313481640808
56766066037,Nam Corp.,0.9861772037162928,0.5143306848488751,0.28726532458719745,0.6367212641517451,36.32787358482549
56779111060,Elit Curabitur Institute,0.23521414004078858,0.5338069727441686,0.3087536756389957,0.2719839078398921,72.80160921601079
56796074347,Aliquam Institute,0.2642193519147972,0.6554298496977681,0.6699841664781724,0.4671017591964848,53.28982408035152
56796971172,Enim Non Nisi Corporation,0.45615227736233854,0.45088404046282676,0.15743044560054287,0.3067913614814407,69.32086385185593
56806164521,Tempor Augue Ac Foundation,0.4992068887378201,0.5053304156207545,0.26577697353539925,0.3824919311366097,61.75080688633903
56829863713,Nascetur Ridiculus Corp.,0.16632676184001813,0.654448242866284,0.6385433159918571,0.4024350389159376,59.75649610840623
56879961531,Per LLP,0.3371855880353501,0.6573637256858872,0.720651436326623,0.5289185121809865,47.10814878190135
56923368251,Eget Lacus Mauris Institute,0.40697937910718335,0.6633549975503772,0.9579280705722687,0.682453724839726,31.7546275160274
56939946451,Neque Et Corporation,0.06956718785406753,0.6063433790797775,0.4437909975118751,0.25667909268297134,74.33209073170286
56945094143,Rutrum Justo Foundation,0.09449354180829368,0.4898360614155934,0.2194073738973083,0.15695045785280098,84.30495421471991
56945597985,Sem LLP,0.542714706548833,0.4116741031025171,0.10947749377968785,0.32609610016426044,67.39038998357397
56946407125,Quisque Fringilla Limited,0.6313165646952187,0.3002360811620071,0.025559828093191586,0.32843819639420513,67.15618036057948
56993545247,Integer Vitae LLP,0.7933378653976887,0.6492985834470691,0.5564351956570912,0.6748865305273899,32.51134694726101
57011992135,Nam Ac Ltd,0.731928393383186,0.6321569293801979,0.49129156299479754,0.6116099781889918,38.839002181100824
57021295485,Enim Etiam Imperdiet Limited,0.4262406526172672,0.5597431221096297,0.3625876498529744,0.3944141512351208,60.55858487648792
57079678065,Hendrerit Donec Limited,0.4482211647405393,0.6609958012576286,0.8654150644650531,0.6568181146027963,34.318188539720374
57082085511,Euismod Est Ltd,0.6945388624518468,0.6311397654387942,0.4878986654603031,0.591218763956075,40.8781236043925
57083783235,Dignissim Magna A LLC,0.7729435757987764,0.6637684077691512,0.9696901153585161,0.8713168455786462,12.86831544213538
57093429717,Ac Turpis Associates,0.1966915930206209,0.6538858753736684,0.6233883736711151,0.410039983345868,58.9960016654132
57223200264,Massa Suspendisse Corp.,0.2735100838431906,0.5407265637453942,0.32164668627007464,0.2975783850566326,70.24216149433674
57230218402,Interdum Feugiat Foundation,0.8889644232948107,0.661014726792544,0.8665460303098846,0.8777552268023476,12.224477319765237
57241240228,,0.003399048266485384,0.43922349803953953,0.13571590137977832,0.06955747482313185,93.04425251768681
57253456204,A Malesuada Associates,0.3127124405166553,0.41767084926095804,0.11852522053833975,0.21561883052749753,78.43811694725025
57289898526,Mi Felis Adipiscing LLC,0.74960344436891,0.48418547812326357,0.20560959059036418,0.4776065174796371,52.23934825203629
57391651605,Dictum Mi Associates,0.24178563335599365,0.6597033385818878,0.8106763175752092,0.5262309754656014,47.37690245343986
57405729081,Augue Corporation,0.4627237706775436,0.4393551159538068,0.13616828771771092,0.29944602919762725,70.05539708023727
57426521062,Nascetur Ridiculus Institute,0.6412871062769091,0.6558357946514733,0.6821985976023525,0.6617428519396308,33.82571480603692
57471217202,A Ultricies Institute,0.486743711760707,0.36446362471698607,0.06763175752092287,0.2771877346408149,72.2812265359185
57480173036,Dolor Sit Incorporated,0.36845683208701563,0.5460794551962879,0.3313729925356254,0.34991491231132055,65.00850876886794
57508813253,Vivamus Non LLC,0.9333786539768865,0.660052337766956,0.8233431350373219,0.8783608945071042,12.16391054928958
57540672941,Ante Vivamus Industries,0.3396782234307727,0.6362246581362043,0.5111965618638317,0.4254373926473022,57.45626073526978
57542178219,,0.8896442329481079,0.6474624255949485,0.5446731508708437,0.7171586919094758,28.28413080905242
57554365043,Et Consulting,0.38295943802401994,0.4859579394940158,0.20787152228002714,0.29541548015202357,70.45845198479765
57564805948,,0.3174711080897349,0.31268145098828853,0.03505994118977607,0.17626552463975548,82.37344753602444
57566534349,Class Aptent PC,0.5588035350101972,0.41793418753615297,0.11875141370730603,0.3387774743587516,66.12225256412484
57573802697,Tellus Id Nunc Incorporated,0.21527305687740766,0.5517987718045535,0.34652793485636735,0.2809004958668875,71.90995041331125
57626266756,Urna Justo Inc.,0.19873102198051212,0.4935935676636401,0.23162180502148835,0.21517641350100025,78.48235864989998
57630082383,,0.46204396102424655,0.6584336125485178,0.7613662067405564,0.6117050838824015,38.82949161175985
57680172958,Ullamcorper Viverra Incorporated,0.20598232494901428,0.6670237744457076,0.9823569328206289,0.5941696288848216,40.58303711151784
57684437046,,0.35055517788352597,0.5875346997140438,0.40149287491517754,0.37602402639935173,62.39759736006483
57685886118,,0.43303874915023793,0.5067124645370233,0.2698484505767926,0.35144359986351525,64.85564001364847
57699602880,Tellus Id Institute,0.7527758894176297,0.3785268288619845,0.07826283646233884,0.41551936293998426,58.44806370600158
57757792876,Pretium Et LLC,0.516202130070247,0.3229554718649425,0.04410766794842796,0.28015489900933743,71.98451009906626
57772891398,Risus Industries,0.43621119419895765,0.494537428437716,0.2347885093870165,0.3354998517929871,66.4500148207013
57782107253,Sagittis Felis PC,0.029231815091774305,0.6650873672266393,0.9776068762723366,0.5034193456820555,49.658065431794455
57798993346,Malesuada LLC,0.07070020394289599,0.6569950481614304,0.7106989368921058,0.3906995704175009,60.930042958249906
57824995706,Nulla LLP,0.3550872422388398,0.6541139988909945,0.6294955892332051,0.4922914157360225,50.770858426397744
57860746842,Dui Augue PC,0.28370722864264675,0.5213628154396439,0.29540827866998415,0.2895577536563154,71.04422463436846
57862801023,Nisi A Odio Associates,0.25832766825288916,0.6585575127025284,0.7649852974440172,0.5116564828484532,48.834351715154675
57867831267,Mi Lorem Inc.,0.6125084976206662,0.5013082378726708,0.2546935082560507,0.43360100293835846,56.63989970616415
57900494384,Porttitor Tellus Corporation,0.4924087922048493,0.29289734614762236,0.004297670210359647,0.24835323120760447,75.16467687923955
57937788884,In Felis Ltd,0.7985497394062996,0.6546795495471627,0.6469124632436101,0.7227311013249549,27.72688986750451
57959696529,,0.8776342624065262,0.4815768819018667,0.20040714770413934,0.5390207050553327,46.097929494466726
57961198956,Cursus Institute,0.6446861545433945,0.5531656681879131,0.3496946392218955,0.497190396882645,50.2809603117355
57984259689,Enim Non Inc.,0.7808746884205756,0.655380734086817,0.6679484279574757,0.7244115581890256,27.55884418109744
58019702129,Sapien Cras Institute,0.5873555404486743,0.5564570343324848,0.35557566161501925,0.47146560103184676,52.853439896815324
58139231665,Dolor Nonummy Limited,0.7994561522773623,0.5439403221257705,0.3263967428183669,0.5629264475478646,43.70735524521354
58154486337,Malesuada Fringilla Est Institute,0.6691593020620893,0.6632913288965683,0.9552137525446731,0.8121865273033813,18.781347269661875
58314972637,Nunc Ullamcorper Velit Inc.,0.2676184001812826,0.5035337800187429,0.2598959511422755,0.26375717566177903,73.6242824338221
58317155743,Ante Dictum Associates,0.13845456605483797,0.6561945694614011,0.692603483374802,0.41552902471482,58.447097528518
58321530622,Consequat Associates,0.2107409925220938,0.4104281771361953,0.10766794842795747,0.15920447047502564,84.07955295249744
58377425534,At Corp.,0.6202130070246997,0.454264148850431,0.16602578602126217,0.39311939652298095,60.688060347701914
58380745308,Auctor Quis Tristique Incorporated,0.8366190799909359,0.6574261590845462,0.72449672019905,0.7805579000949929,21.944209990500706
58382415159,Auctor Odio Industries,0.9909358712893723,0.6578293596940192,0.7403302420266908,0.8656330566580316,13.436694334196842
58382897215,Erat Volutpat Incorporated,0.89689553591661,0.6567502172083994,0.7048179144989821,0.800856725207796,19.914327479220397
58389062507,Nam Ltd,0.47088148651710854,0.6600857960069857,0.8247002940511197,0.6477908902841141,35.220910971588594
58392414752,Mattis Ornare Lectus Inc.,0.6664400634489009,0.324632854711556,0.044560054286360555,0.35550005886763075,64.44999411323693
58408723909,Odio A Corporation,0.21912531157942441,0.6453104738298049,0.532006333408731,0.3755658224940777,62.44341775059223
58409055337,Commodo Auctor Velit Corporation,0.9163834126444595,0.6542821032789506,0.6337932594435648,0.7750883360440122,22.491166395598782
58420836090,Duis Limited,0.6927260367097213,0.563674054539515,0.36892105858403074,0.530823547646876,46.9176452353124
58454491168,Diam At Foundation,0.5680942669385906,0.30504500105510196,0.027821759782854557,0.29795801336072253,70.20419866392776
58459771721,Vestibulum Mauris Corp.,0.41581690460004533,0.5970812061803576,0.42727889617733544,0.4215479003886904,57.84520996113096
58476363584,Mauris Blandit Foundation,0.5155223204169499,0.35118054663125503,0.05451255372087763,0.28501743706891375,71.49825629310862
58480763378,,0.9184228416043508,0.6572678667899633,0.7183895046369599,0.8184061731206553,18.159382687934468
58495294020,Diam Nunc Associates,0.03489689553591661,0.5083916984031354,0.27437231395611855,0.1546346047460176,84.53653952539824
58596147982,Rutrum Lorem Inc.,0.2513029685021527,0.6537735066523804,0.6195430897986881,0.4354230291504204,56.45769708495796
58623214116,,0.8105597099478813,0.5166776988892344,0.2906582221216919,0.5506089660347866,44.93910339652134
58680132589,Ut Nec Urna PC,0.1760707002039429,0.5698999306184496,0.37593304682198597,0.27600187351296446,72.39981264870356
58688453868,Pharetra Sed LLC,0.7094946748243826,0.6324739833316216,0.49242252883962906,0.6009586018320058,39.90413981679942
58692398254,,0.6628144119646499,0.5139807296553028,0.2870391314182312,0.4749267716914405,52.507322830855955
58715026442,Eget Incorporated,0.35576705189213687,0.5489357147339702,0.33974213978737844,0.34775459583975765,65.22454041602424
58727332026,Scelerisque LLP,0.8230228869249944,0.4501715773797656,0.15562090024881248,0.4893218935869034,51.06781064130965
58729395250,Aliquam LLC,0.3288012689780195,0.3471694303197713,0.05292920153811355,0.1908652352580665,80.91347647419335
58741105428,Non Lobortis Corporation,0.3673238159981872,0.5804599182676116,0.3919927618185931,0.37965828890839015,62.03417110916099
58776930712,Semper Limited,0.13324269204622705,0.6634516089418185,0.9622257407826283,0.5477342164144277,45.226578358557234
58786009971,Tortor Integer Aliquam Incorporated,0.042374801722184455,0.4390611147413422,0.13548970821081202,0.08893225496649823,91.10677450335018
58812213085,Fusce Aliquet Incorporated,0.39451620213007027,0.6605506627220504,0.845510065596019,0.6200131338630447,37.99868661369553
58825561585,Enim PC,0.38885112168592795,0.6581708284908019,0.7523184799819046,0.5705848008339163,42.94151991660837
58825694998,Mauris Id Ltd,0.6430999320190347,0.661297735136853,0.8796652341099299,0.7613825830644823,23.861741693551775
58830373879,,0.1636075232268298,0.5030572810893941,0.25853879212847775,0.21107315767765378,78.89268423223463
58835628923,Torquent Per Ltd,0.7169725810106503,0.647958923155043,0.5487446279122371,0.6328586044614437,36.71413955385563
58866359477,Eget Mollis Lectus Inc.,0.10514389304328121,0.6559976141465926,0.6869486541506447,0.39604627359696293,60.395372640303705
58869593769,Magna Duis Dignissim Corp.,0.9789259007477906,0.39689672286111743,0.09070346075548519,0.5348146807516378,46.51853192483622
58870269317,Vel Turpis Company,0.2601404939950147,0.6606690899509465,0.8500339289753449,0.5550872114851798,44.49127885148202
58881822825,Orci Luctus Et Industries,0.4760933605257195,0.6604044755342505,0.8398552363718615,0.6579742984487905,34.202570155120945
58895707108,Lobortis Risus LLP,0.5463403580330841,0.6389303771649869,0.5193395159466184,0.5328399369898513,46.716006301014865
58899084497,Sed Auctor Odio PC,0.022433718558803536,0.6684251085633058,0.9841664781723592,0.5033000983655814,49.66999016344186
58913632134,Sodales Mauris Company,0.5112168592794017,0.6592516008216913,0.7928070572268717,0.6520119582531367,34.798804174686325
58925451218,,0.014729209154769997,0.3766569241763359,0.07781045012440624,0.04626982963958812,95.37301703604119
58966366292,Dictum Eu Corp.,0.2082483571266712,0.5509408299850029,0.34471838950463696,0.2764833733156541,72.35166266843459
58977869394,Diam Dictum Consulting,0.7883525946068434,0.592097395412957,0.4141596923772902,0.6012561434920668,39.87438565079332
59039508122,Augue Ut Lacus Foundation,0.21867210514389304,0.569823012181777,0.3757068536530197,0.29718947939845636,70.28105206015437
59067200778,Dolor Nulla Ltd,0.8125991389077725,0.6340458244590231,0.5005654829224158,0.6565823109150941,34.341768908490586
59079680636,Velit Aliquam Foundation,0.9950147292091548,0.6635714658461184,0.9642614793033251,0.9796381042562399,2.036189574376013
59128133246,Ut Tincidunt Foundation,0.6161341491049173,0.6609204322443514,0.8620221669305587,0.7390781580177379,26.09218419822621
59140301134,Risus Donec Egestas Corporation,0.21164740539315657,0.6603413218758539,0.837140918344266,0.5243941618687112,47.56058381312888
59153557367,Magna Ut Incorporated,0.7709041468388851,0.6933030455084156,0.9947975571137752,0.8828508519763301,11.714914802366994
59162205130,Ante Dictum LLC,0.5606163607523227,0.3846485804315119,0.08210812033476589,0.3213622405435443,67.86377594564557
59190126409,Malesuada PC,0.19283933831860411,0.6622749107401419,0.9149513684686722,0.5538953533936382,44.61046466063618
59248738261,Ullamcorper Ltd,0.30319510537049627,0.5329092082574266,0.30762270979416423,0.30540890758233025,69.45910924176697
59258669983,,0.1380013596193066,0.30180090258715536,0.02759556661388826,0.08279846311659743,91.72015368834026
59274084898,Sodales Elit PC,0.8540675277588942,0.5681699720349073,0.3738973083012893,0.6139824180300917,38.60175819699083
59288709135,Pede Suspendisse Institute,0.5180149558123726,0.6619167418137357,0.9022845510065596,0.7101497534094661,28.985024659053394
59299206461,,0.952866530704736,0.5783958620525046,0.38814747794616605,0.6705070043254511,32.949299567454894
59329605791,Donec Fringilla Associates,0.6897801948787673,0.6579656710305237,0.7457588780818819,0.7177695364803246,28.22304635196754
59331766724,Semper Auctor Mauris Corp.,0.8216632676184001,0.6546985147929056,0.6480434290884415,0.7348533483534208,26.514665164657924
59335427001,Suspendisse Tristique Associates,0.5393156582823476,0.6541391344735288,0.6299479755711378,0.5846318169267427,41.53681830732573
59358011432,Lacinia Orci Associates,0.8595060049852707,0.6483613858195102,0.5505541732639674,0.7050300891246191,29.496991087538092
59366832940,Est Ac Ltd,0.8984817584409699,0.6618049251620979,0.8977606876272337,0.8981212230341018,10.187877696589819
59417171491,Ac Mi Eleifend Limited,0.046227056424201225,0.6135771103000034,0.45758878081881926,0.25190791862151024,74.80920813784897
59450324455,Phasellus Dapibus Corporation,0.5300249263539543,0.5982463497943572,0.4313503732187288,0.48068764978634154,51.93123502136585
59468928008,Eu Corp.,0.46952186721051437,0.6602532591749518,0.8323908617959738,0.6509563645032441,34.90436354967559
59477140425,Amet Orci Ut LLP,0.027645592567414456,0.6553159102537158,0.6654603030988464,0.34655294783313045,65.34470521668696
59547553329,Phasellus Elit Consulting,0.21232721504645366,0.6636152268342096,0.9653924451481565,0.588859830097305,41.1140169902695
59581212604,Magna Phasellus Foundation,0.24427826875141628,0.5421639757024299,0.3232300384528387,0.2837541536021275,71.62458463978724
59589609053,Adipiscing Non LLP,0.4606843417176524,0.556605930777587,0.35602804795295184,0.4083561948353021,59.16438051646979
59614227972,Vitae Orci Phasellus LLP,0.9193292544754136,0.6181018711207708,0.46437457588780817,0.6918519151816109,30.814808481838906
59615752944,Mauris Corporation,0.42420122365737595,0.5725906164368437,0.37864736484958156,0.40142429425347875,59.85757057465213
59658193201,Id Ante Institute,0.6956718785406752,0.36331400565148153,0.06740556435195658,0.3815387214463159,61.84612785536841
59659309503,Lacus Vestibulum Associates,0.289372309086789,0.6309480723439131,0.4865415064465053,0.38795690776664715,61.20430922333529
59737558413,Sem Foundation,0.2608203036483118,0.49740781353845204,0.2440624293146347,0.25244136648147325,74.75586335185267
59739116052,Ultrices Mauris Foundation,0.9832313618853388,0.6553491018194034,0.6670436552816105,0.8251375085834747,17.486249141652532
59852268487,,0.048039882166326764,0.6571496063203232,0.7154489934403981,0.3817444378033624,61.82555621966376
59853422669,Tempus PC,0.31520507591207797,0.6652363723105295,0.9785116489482018,0.6468583624301398,35.31416375698602
59873499253,Velit Associates,0.0820303648311806,0.663692698307662,0.9672019904998869,0.5246161776655337,47.53838223344663
59962058395,Pellentesque Tincidunt Associates,0.27917516428733286,0.6582753399059631,0.7550327980095001,0.5171039811484165,48.28960188515835
59965794726,Dictum Corp.,0.33786539768864715,0.4886565484343137,0.21533589685591495,0.27660064727228106,72.3399352727719
59969380468,Non Corporation,0.8576931792431453,0.6577673879972182,0.7382945035059941,0.7979938413745697,20.200615862543025
60023412760,Eleifend Vitae Erat Corporation,0.707681849082257,0.45933046356763246,0.17484731961094774,0.4412645843466023,55.87354156533977
60050955776,Libero Integer Industries,0.41196464989802856,0.5808188845152121,0.39244514815652565,0.4022048990272771,59.77951009727229
60061618643,Aliquet Vel Vulputate Ltd,0.47564015409018806,0.6618485541553498,0.8993440398099978,0.687492096950093,31.250790304990705
60061691817,Enim Mi Institute,0.6931792431452527,0.5101691420258951,0.2788961773354445,0.4860377102403486,51.396228975965144
60070647768,Lacinia Corp.,0.2932245637888058,0.45781926559327124,0.17213300158335218,0.232678782686079,76.7321217313921
60072023557,Tellus Faucibus Associates,0.47337412191253114,0.655231946250908,0.6618412123953856,0.5676076671539584,43.23923328460416
60090918663,Blandit Congue Ltd,0.4314525266258781,0.6496565823177805,0.5582447410088215,0.4948486338173498,50.515136618265025
60111071436,Imperdiet Non LLC,0.5760253795603898,0.3997129386843369,0.09319158561411445,0.3346084825872521,66.53915174127478
60121698774,Nec Tempus Inc.,0.5390890550645819,0.5471530558679657,0.334087310563221,0.43658818281390144,56.34118171860985
60123474601,Non Massa Non Institute,0.8338998413777475,0.6511800965323301,0.5670662745985071,0.7004830579881274,29.951694201187262
60150317439,In Institute,0.43167912984364376,0.6611818456980175,0.8731056322099072,0.6523923810267755,34.760761897322446
60152133722,Amet Ornare Company,0.11080897348742352,0.6617634876322189,0.8959511422755033,0.5033800578814634,49.66199421185365
60196678179,Ac Fermentum Associates,0.9254475413550872,0.655963933776828,0.6855914951368469,0.8055195182459671,19.448048175403287
60218700582,,0.9694085656016316,0.656879350185558,0.7088893915403754,0.8391489785710036,16.085102142899643
60240099150,Adipiscing Industries,0.5311579424427827,0.6319230416868082,0.4899344039809998,0.5105461732118912,48.94538267881088
60318067173,Placerat Velit LLP,0.6793564468615454,0.6634487369683815,0.961999547613662,0.8206779972376037,17.93220027623963
60321593978,Sed Pharetra Felis PC,0.0643553138454566,0.6627566151147628,0.9337254014928749,0.4990403576691657,50.09596423308342
60403857139,Sed Nulla Ante PC,0.731248583729889,0.6578133877218192,0.7398778556887582,0.7355632197093236,26.44367802906764
60421951083,Risus At Corp.,0.25311579424427827,0.6547065159543507,0.6482696222574078,0.45069270825084307,54.93072917491569
60427964172,,0.530931339225017,0.6553946482832318,0.6688532006333409,0.5998922699291789,40.010773007082115
60429241521,Vitae Corp.,0.781327894856107,0.66064504400914,0.8489029631305135,0.8151154289933102,18.488457100668974
60452214220,,0.9188760480398822,0.6514589389744746,0.5713639448088668,0.7451199964243744,25.488000357562555
60462729568,Mattis Limited,0.28280081577158395,0.5128749690584935,0.2845510065596019,0.28367591116559293,71.63240888344072
60470122582,Consequat Purus Industries,0.8536143213233628,0.6517106163371155,0.5756616150192264,0.7146379681712947,28.536203182870533
60470829287,Phasellus Nulla Incorporated,0.8391117153863585,0.6562663671842736,0.6935082560506672,0.7663099857185129,23.369001428148707
60539272146,Ipsum Cursus LLP,0.5674144572852935,0.5128703535148521,0.2843248133906356,0.4258696353379645,57.41303646620355
60573599765,Arcu Limited,0.12372535690006799,0.49166505487224865,0.22506220312146574,0.17439378001076686,82.56062199892331
60602272553,Sagittis Duis Gravida Incorporated,0.4652164060729662,0.6558611491582903,0.6833295634471839,0.574272984760075,42.57270152399249
60616659469,Tortor At Ltd,0.1903467029231815,0.6588843630707276,0.7756163763854331,0.48298153965430735,51.701846034569265
60641607697,Non Enim Foundation,0.9046000453206435,0.3989662219291726,0.09228681293824927,0.4984434291294464,50.15565708705536
60646270419,Hendrerit Donec Porttitor Inc.,0.17403127124405166,0.6299197771336438,0.48201764306717937,0.3280244571556155,67.19755428443845
60650953328,Integer LLC,0.45365964196691594,0.39991719552036115,0.09341777878308075,0.27353871037499833,72.64612896250017
60654402457,Lacus Quisque Imperdiet Institute,0.8416043507817811,0.6636978630139694,0.9674281836688532,0.9045162672253171,9.548373277468292
60706491699,Gravida Praesent Corp.,0.512576478585996,0.48472520593102725,0.20628817009726305,0.3594323243416295,64.05676756583705
60714620509,Suspendisse Sagittis Incorporated,0.9508271017448447,0.661251690504275,0.8758199502375028,0.9133235259911738,8.667647400882617
60778762062,Ut Associates,0.8395649218218899,0.6561710013248567,0.691020131192038,0.7652925265069639,23.47074734930361
60813622669,Auctor Velit Consulting,0.6843417176523907,0.47977912644612836,0.19791902284551008,0.4411303702489504,55.88696297510496
60821630269,Malesuada Vel Venenatis Foundation,0.8255155223204169,0.6626392523850029,0.9285229586066501,0.8770192404635335,12.298075953646649
60829135130,Tellus Imperdiet Non Inc.,0.274643099932019,0.46753845732720717,0.1868355575661615,0.23073932874909026,76.92606712509098
60836029312,Montes Nascetur Institute,0.4579651031044641,0.4155100986614025,0.11490612983487898,0.28643561646967153,71.35643835303284
60876187134,Fusce Mollis Duis Incorporated,0.11058237026965782,0.6595205927491129,0.8041167156751866,0.4573495429724222,54.26504570275779
60876328805,Consequat Dolor PC,0.6217992295490596,0.6007229679567636,0.4342908844152907,0.5280450569821752,47.19549430178248
60892515210,,0.3367323815998187,0.34434901723044564,0.05134584935534947,0.1940391154775841,80.59608845224159
60922283533,Feugiat Non PC,0.7665986857013369,0.6539825804450421,0.6261026916987107,0.6963506887000238,30.36493112999762
60944858280,,0.031724450487196916,0.6546610971760135,0.6462338837367112,0.3389791671119541,66.1020832888046
60945400664,,0.988216632676184,0.5548593430214989,0.35240895724949106,0.6703127949628376,32.96872050371624
60956456424,Ultricies Dignissim LLP,0.5107636528438704,0.2947776625627406,0.013345396969011537,0.26205452490644093,73.79454750935591
60963420870,In Felis LLP,0.9206888737820077,0.6530946485102771,0.6009952499434517,0.7608420618627296,23.91579381372704
60975088321,Dui Augue Consulting,0.9576251982778156,0.6618708024082272,0.900248812485863,0.9289370053818393,7.106299461816068
60978195146,Lobortis Tellus Corp.,0.4933152050759121,0.29450994350000104,0.011083465279348564,0.2521993351776303,74.78006648223696
61050921768,Mauris Rhoncus LLP,0.8549739406299569,0.6541016765865052,0.6288170097263063,0.7418954751781316,25.81045248218684
61060163427,Aliquam Nec Enim PC,0.1495581237253569,0.6627537810292068,0.9332730151549423,0.5414155694401496,45.85844305598504
61080648284,Lobortis Ultrices LLC,0.4833446634942216,0.3820633100013501,0.07961999547613662,0.2814823294851791,71.85176705148208
61085944703,Vestibulum Mauris Institute,0.14276002719238612,0.46535786032184445,0.18525220538339743,0.16400611628789177,83.59938837121082
61112604295,Vel Lectus Cum LLC,0.7523226829820984,0.6599157682516369,0.8176883058131644,0.7850054943976315,21.499450560236856
61213731974,Dis Parturient Montes Corporation,0.49014276002719237,0.4212490397295972,0.1219181180728342,0.30603043905001326,69.39695609499867
61238934884,Arcu Vel PC,0.6992975300249263,0.655834912214304,0.6819724044333861,0.6906349672291563,30.93650327708437
61242800720,Turpis Inc.,0.7351008384319058,0.6362317135544038,0.5116489482017643,0.623374893316835,37.66251066831649
61243536058,Facilisis Corporation,0.028098799002945842,0.6580182393247451,0.7471160370956798,0.3876074180493128,61.23925819506872
61275158695,,0.37434851574892364,0.6546140564809341,0.644650531553947,0.5094995236514354,49.05004763485646
61310985405,Ipsum Primis In Corporation,0.9159302062089282,0.5684578874397093,0.3743496946392219,0.645139950424075,35.4860049575925
61333423388,Ligula Nullam LLP,0.9032404260140494,0.6576390023311233,0.7337706401266681,0.8185055330703588,18.149446692964123
61333486380,,0.9807387264899161,0.6123668401558673,0.4546482696222574,0.7176934980560867,28.230650194391327
61335088393,Et Magnis Company,0.7638794470881487,0.6557616676346928,0.6799366659126894,0.721908056500419,27.809194349958098
61376261291,Fusce Diam Limited,0.43530478132789485,0.654248096797296,0.6328884867676996,0.5340966340477973,46.59033659522027
61412665910,Tempor Inc.,0.6784500339904826,0.3950331149699119,0.08844152906582221,0.38344578152815245,61.655421847184755
61447419161,Mollis Dui In LLP,0.5855427147065488,0.30559779895914135,0.02850033928975345,0.30702152699815116,69.29784730018488
61481587663,Egestas Rhoncus Proin Inc.,0.5109902560616361,0.6542662320446541,0.6333408731056323,0.5721655645836341,42.783443541636586
61547674285,Ipsum Suspendisse PC,0.6474053931565829,0.6596790619476773,0.809771544899344,0.7285884690279634,27.141153097203663
61562383191,Quis Urna Consulting,0.17380466802628597,0.6541591909809414,0.6306265550780367,0.40221561155216135,59.778438844783864
61569154734,Blandit At Nisi PC,0.9555857693179243,0.5598278593334481,0.363040036190907,0.6593129027544157,34.06870972455843
61619924340,In Mi Institute,0.34239746204396104,0.44161716749273333,0.1388826057453065,0.2406400338946338,75.93599661053662
61634218640,Nam Interdum Enim Corporation,0.5601631543167913,0.5009600883704479,0.2528839629043203,0.4065235586105558,59.347644138944425
61639583117,Tincidunt Nunc Institute,0.9399501472920916,0.4108504036656749,0.10834652793485637,0.524148337613474,47.5851662386526
61640767352,,0.49626104690686607,0.6574284206155613,0.7249491065369826,0.6106050767219243,38.93949232780757
61675439608,Nulla At Sem Corp.,0.36687060956265577,0.5542840975829186,0.35150418457362587,0.35918739706814085,64.08126029318592
61728854460,Elit Pharetra PC,0.15341037842737368,0.6620504181939576,0.9070346075548519,0.5302224929911128,46.97775070088872
61745157507,Scelerisque Neque Nullam Ltd,0.03602991162474507,0.6545553211777179,0.6421624066953178,0.33909615916003144,66.09038408399685
61766463985,Integer Vulputate Foundation,0.23566734647631996,0.662254522553357,0.9142727889617733,0.5749700677190467,42.502993228095335
61806746966,,0.6154543394516202,0.6517321072113985,0.5761140013571591,0.5957841704043896,40.42158295956104
61812192237,Nunc Mauris Elit Corp.,0.88216632676184,0.6459204095060139,0.5358516172811582,0.7090089720214992,29.099102797850087
61813633430,Nunc Pulvinar Arcu Foundation,0.1819623838658509,0.694492945948451,0.9957023297896404,0.5888323568277456,41.11676431722544
61845622676,Turpis In Incorporated,0.5970994788125992,0.30542399524010955,0.028047952951820856,0.31257371588221,68.74262841177901
61867784114,Pharetra Felis Limited,0.3428506684794924,0.6124197798212029,0.45510065596019,0.3989756622198412,60.10243377801587
61910841091,Vitae Erat Vivamus LLP,0.39474280534783596,0.49471762345488757,0.2352408957249491,0.31499185053639256,68.50081494636075
61939167097,Pede Cras Corp.,0.025606163607523227,0.41043773636006303,0.10789414159692377,0.0667501526022235,93.32498473977765
61941120453,Fringilla Mi Lacinia Incorporated,0.04146838885112169,0.6118940776667915,0.45351730377742594,0.24749284631427382,75.25071536857261
61958699237,Lorem Ipsum Industries,0.4212553818264219,0.6633866155755499,0.9601900022619317,0.6907226920441768,30.92773079558232
61968317984,Ante Ipsum Ltd,0.8619986403806934,0.6476057143972351,0.5455779235467089,0.7037882819637011,29.621171803629885
61991570212,A Ltd,0.649444822116474,0.6608176661892307,0.8563673377064013,0.7529060799114377,24.709392008856234
61997656782,Mauris Erat Ltd,0.49376841151144346,0.37155179278614764,0.07441755258991178,0.2840929820506776,71.59070179493223
62009586337,Aliquet Magna A Ltd,0.2809879900294584,0.6639009588406847,0.9721782402171455,0.6265831151233019,37.34168848766981
62015733331,Arcu Vivamus Ltd,0.6875141627011103,0.639505261174152,0.5202442886224836,0.603879225661797,39.6120774338203
62029309613,Cras Sed Leo Foundation,0.27418989349648765,0.6611527198592873,0.8712960868581768,0.5727429901773322,42.72570098226678
62040991164,Augue Inc.,0.8651710854294131,0.6592452061194465,0.7921284777199729,0.8286497815746929,17.135021842530705
62069676741,Nec Mauris Blandit Foundation,0.8882846136415137,0.6401565868879777,0.5222800271431802,0.705282320392347,29.471767960765305
62074083335,Aliquet Libero Corporation,0.7752096079764332,0.5948177745523388,0.4225288396290432,0.5988692238027382,40.11307761972618
62100554322,Tempor Limited,0.1348289145705869,0.6342822147201714,0.5019226419362135,0.3183757782534002,68.16242217465998
62135501337,Pede Corp.,0.34715612961704057,0.5521115805880095,0.34743270753223254,0.34729441857463655,65.27055814253634
62170730910,Volutpat Nunc Sit Institute,0.6816224790392024,0.5838855135544183,0.39538565935308756,0.5385040691961449,46.14959308038551
62191208634,Cursus Non Egestas Foundation,0.5433945162021301,0.36899980344881056,0.07125084822438363,0.30732268221325687,69.26773177867432
62204398944,Vel Institute,0.48538409245411285,0.40308127528890214,0.09681067631757521,0.29109738438584404,70.8902615614156
62224020443,Hendrerit A Corporation,0.6630410151824155,0.3142860591564744,0.03709567971047274,0.35006834744644416,64.99316525535559
62241198510,Imperdiet Ltd,0.0879220484930886,0.6613685380825242,0.8823795521375254,0.485150800315307,51.4849199684693
62249204345,Iaculis Inc.,0.9805121232721504,0.656761054016642,0.705496494005881,0.8430043086390158,15.699569136098424
62285108846,Dignissim Lacus Corporation,0.6895535916610016,0.6550115838740973,0.6564125763401946,0.6729830840005981,32.70169159994018
62321559724,,0.9766598685701336,0.6267741743738613,0.47591042750508933,0.7262851480376115,27.371485196238854
62346852889,Phasellus Vitae Corporation,0.43643779741672334,0.5937712212122268,0.41936213526351507,0.4278999663401192,57.21000336598808
62363832078,Euismod Ac Corp.,0.17131203263086336,0.45002315888684974,0.15539470707984618,0.16335336985535476,83.66466301446452
62368259299,Et Rutrum Associates,0.4921821889870836,0.6616728621489066,0.8927844379099751,0.6924833134485293,30.751668655147068
62379298278,Vitae Purus Industries,0.9768864717878993,0.6630695287736295,0.9427731282515268,0.9598298000197131,4.017019998028692
62381947723,Sagittis PC,0.20915476999773397,0.6455920331636463,0.5331372992535626,0.37114603462564827,62.88539653743517
62403837535,Morbi Limited,0.619306594153637,0.6609144355614832,0.8615697805926261,0.7404381873731316,25.95618126268684
62422038748,Tempus Scelerisque Lorem PC,0.33514615907545886,0.6472987948472417,0.5433159918570459,0.4392310754662524,56.07689245337476
62464051354,Rhoncus Id Institute,0.30002266032177655,0.655345410364961,0.6663650757747116,0.48319386804824405,51.680613195175596
62464569593,Est Ac LLC,0.5594833446634943,0.6271886643463068,0.4768152001809545,0.5181492724222244,48.18507275777756
62483383956,Nec PC,0.5173351461590755,0.4257186799499463,0.12553720877629496,0.3214361774676852,67.85638225323147
62499158977,Convallis Est Ltd,0.9079990935871289,0.6623065449045047,0.9169871069893689,0.9124931002882489,8.750689971175108
62580273150,Non Feugiat Nec LLC,0.27645592567414456,0.4633089112495011,0.18231169418683557,0.22938380993049007,77.06161900695099
62583219931,Mi Lacinia Mattis Corporation,0.501472920915477,0.3651745717954782,0.06831033702782176,0.2848916289716494,71.51083710283505
62596784370,Nec Imperdiet Company,0.025379560389757534,0.6536861409252375,0.6161501922641937,0.3207648763269756,67.92351236730244
62607401721,Tellus Phasellus Industries,0.30931339225016996,0.3732363287365822,0.07532232526577698,0.19231785875797347,80.76821412420266
62688594508,Lobortis Nisi Associates,0.0031724450487196918,0.33143839567691136,0.04795295182085501,0.02556269843478735,97.44373015652127
62692834922,Cum Sociis Company,0.6331293904373442,0.41592355876560744,0.11558470934177788,0.37435704988956103,62.5642950110439
62694031334,Vel Est Tempor LLP,0.5084976206662135,0.29397135831570465,0.009273919927618186,0.25888577029691584,74.11142297030841
62708477486,Gravida Sagittis Institute,0.9639700883752549,0.42118201150038254,0.1216919249038679,0.5428310066395614,45.71689933604386
62711420968,Volutpat Ornare LLP,0.5454339451620213,0.6570057055779188,0.7109251300610722,0.6281795376115467,37.18204623884533
62735494616,Cras Lorem Lorem Limited,0.6947654656696125,0.6610222699948747,0.8672246098167835,0.780995037743198,21.9004962256802
62739118502,Vel Venenatis Vel Consulting,0.8631316564695218,0.4971275535617929,0.2431576566387695,0.5531446565541457,44.685534344585434
62743415502,Auctor Vitae Aliquet Foundation,0.667119873102198,0.6590553303547492,0.783080750961321,0.7251003120317595,27.489968796824048
62773208456,Ac Institute,0.681169272603671,0.37517824367773217,0.07667948427957476,0.37892437844162286,62.10756215583771
62774554856,Dolor Foundation,0.14774529798323136,0.662743643808055,0.9321420493101108,0.5399436736466711,46.005632635332894
62787106107,Posuere At Velit Incorporated,0.32064355313845455,0.46337327928529615,0.18276408052476814,0.25170381683161136,74.82961831683886
62789659343,,0.05143893043281215,0.4752100966425781,0.19294277312825153,0.12219085178053184,87.78091482194682
62807084929,Pede Ac Urna LLP,0.7847269431225924,0.6608665239565937,0.8588554625650305,0.8217912028438115,17.820879715618855
62818707868,Sollicitudin A Industries,0.16587355540448676,0.45864755909166854,0.17349016059714997,0.16968185800081836,83.03181419991816
62854571289,Nibh Quisque Institute,0.9424427826875141,0.5271836441469228,0.3001583352182764,0.6213005589528953,37.86994410471047
62924351636,Sem PC,0.9277135735327442,0.6544787496902829,0.639221895498756,0.7834677345157501,21.653226548424986
62940816804,Non Foundation,0.8538409245411285,0.5692218279506557,0.3750282741461208,0.6144345993436247,38.556540065637535
62981190818,Quis LLC,0.6986177203716293,0.6612959978968042,0.8794390409409636,0.7890283806562964,21.097161934370355
62981771325,Eu Neque Pellentesque Ltd,0.8071606616813959,0.653910156958958,0.6242931463469803,0.715726904014188,28.427309598581196
63032122101,Luctus Aliquet Corporation,0.7346476319963744,0.5046536415739181,0.26328884867676994,0.49896824033657217,50.10317596634278
63036541291,Donec Dignissim Associates,0.4280534783593927,0.5594426439953495,0.36190907034607556,0.3949812743527341,60.50187256472659
63071746690,Mollis Vitae LLC,0.8502152730568774,0.6615474944043634,0.8878081881927166,0.869011730624797,13.098826937520302
63072262874,,0.05891683661907999,0.48049360898221366,0.19904998869034154,0.12898341265471078,87.10165873452893
63105795563,Aliquet Consulting,0.2760027192386132,0.5501669071668459,0.34290884415290657,0.3094557816957599,69.054421830424
63123845164,Odio Phasellus Institute,0.401314298663041,0.3185385968323286,0.04184573625876498,0.221580017460903,77.8419982539097
63136990017,,0.10423748017221844,0.6511432265403105,0.5657091155847094,0.3349732978784639,66.50267021215362
63214122543,Arcu Ac Orci Ltd,0.23634715612961704,0.5546824629148899,0.3521827640805248,0.2942649601050709,70.57350398949292
63248668429,,0.05393156582823476,0.4923321415908421,0.2280027143180276,0.1409671400731312,85.90328599268689
63265918828,Diam At Pretium Inc.,0.29481078631316565,0.6576149872595496,0.7321872879439041,0.5134990371285348,48.65009628714652
63275985428,Cras Pellentesque Sed Corp.,0.9621572626331294,0.6614692716314358,0.8853200633340873,0.9237386629836084,7.6261337016391595
63286055458,Maecenas Libero Est Inc.,0.7969635168819397,0.44410155285389186,0.14250169644876726,0.46973260666535344,53.026739333464654
63290521567,Vehicula Pellentesque Corporation,0.5656016315431679,0.29277385607550227,0.0036190907034607555,0.28461036112331434,71.53896388766856
63300242141,Lacus Varius Et Consulting,0.651710854294131,0.4344980653785914,0.13141823116941867,0.3915645427317748,60.84354572682251
63307448428,Aliquam Rutrum Industries,0.8141853614321324,0.6594829926070196,0.8032119429993214,0.8086986522157269,19.130134778427312
63344521351,,0.6981645139360979,0.4441433089165798,0.14272788961773356,0.4204462017769157,57.95537982230843
63358217962,Nulla Facilisis Suspendisse LLP,0.14502605937004306,0.6570339385718622,0.711603709567971,0.42831488446900706,57.1685115530993
63360290524,Nunc Mauris LLC,0.2259234081123952,0.6636893898209614,0.9669757973309207,0.5964496027216579,40.35503972783421
63408991537,Duis Cursus Inc.,0.09630636755041921,0.6629253391096837,0.9373444921963356,0.5168254298733774,48.31745701266226
63419471661,Eget Magna Corp.,0.931565828234761,0.4999457355927267,0.2510744175525899,0.5913201228936754,40.867987710632455
63433167613,Penatibus Industries,0.1878540675277589,0.6441880421666003,0.5292920153811355,0.3585730414544472,64.14269585455527
63442187477,Vestibulum Lorem Corp.,0.16224790392023566,0.5938883303767665,0.41958832843248134,0.2909181161763585,70.90818838236414
63453073175,Cras Vehicula Aliquet Consulting,0.3054611375481532,0.6556575091083902,0.6763175752092286,0.4908893563786909,50.91106436213091
63461436707,Felis Ullamcorper Viverra LLP,0.37412191253115795,0.6593713585266553,0.7986880796199954,0.5864049960755767,41.35950039244233
63465140133,Vitae Odio Limited,0.6066168139587582,0.29488532124801775,0.01379778330694413,0.3102072986328512,68.97927013671487
63469048699,Eget Massa Ltd,0.22252435984590982,0.6589074358314568,0.7760687627233658,0.4992965612846378,50.07034387153622
63470567616,Risus Nunc Ac Corporation,0.3018354860639021,0.6491909097249651,0.5557566161501922,0.42879605110704716,57.12039488929528
63491526748,Neque Non Company,0.38499886698391117,0.6624590452209975,0.9244514815652567,0.6547251742745839,34.527482572541615
63523606379,Parturient Montes Nascetur Limited,0.6181735780648085,0.660168348572021,0.828771771092513,0.7234726745786608,27.65273254213392
63549078265,Tempus Institute,0.13007024699750735,0.6534142875669422,0.6071024655055417,0.3685863562515245,63.14136437484754
63549963476,Proin Velit LLP,0.607523226829821,0.6538273319882073,0.6211264419814522,0.6143248344056366,38.56751655943634
63684153348,,0.8300475866757308,0.6529190224881959,0.5976023524089572,0.713824969542344,28.617503045765602
63685007785,Augue Eu Tempor Associates,0.7654656696125085,0.42415654767288286,0.12395385659353088,0.4447097631030197,55.52902368969803
63710240186,Mauris Integer Sem Foundation,0.8837525492861998,0.6551859732728229,0.6607102465505542,0.772231397918377,22.776860208162297
63728747020,Lobortis Ultrices Ltd,0.5254928619986404,0.4497370786879027,0.1542637412350147,0.3398783016168276,66.01216983831723
63734543365,Odio Etiam Company,0.5864491275776116,0.6592223225463033,0.7909975118751413,0.6887233197263765,31.127668027362354
63735907565,Vel Associates,0.23725356900067981,0.6592197924930078,0.7903189323682425,0.5137862506844612,48.62137493155389
63740885149,Nullam Lobortis Quam PC,0.7158395649218219,0.6526296055766214,0.5894593983261706,0.6526494816239963,34.73505183760037
63789206880,Mauris Molestie Industries,0.671651937457512,0.5501347362004141,0.3426826509839403,0.5071672942207262,49.28327057792738
63796115293,Vitae Semper Egestas Institute,0.42080217539089054,0.6580439918165462,0.7477946166025786,0.5842983959967346,41.570160400326536
63817709749,A Felis Ullamcorper Industries,0.6150011330160888,0.35956172691631705,0.06129834878986654,0.33814974090297767,66.18502590970223
63818670309,Auctor Corp.,0.8678903240426014,0.660693295568222,0.8509387016512101,0.8594145128469057,14.058548715309428
63826476372,Consequat Nec Corp.,0.9757534556990709,0.6206098440448667,0.46708889391540376,0.7214211748072373,27.857882519276266
63830011067,Amet Lorem Consulting,0.7792884658962157,0.6593183253283842,0.7957475684234336,0.7875180171598246,21.24819828401754
63861708370,Morbi Accumsan LLC,0.8348062542488104,0.6484547857229527,0.5512327527708664,0.6930195035098383,30.69804964901617
63862862264,Habitant Inc.,0.938817131203263,0.663130126427127,0.9454874462791224,0.9421522887411927,5.784771125880727
63907965541,Massa Mauris Corporation,0.47065488329934285,0.5457763238910336,0.3300158335218276,0.4003353584105852,59.96646415894148
63937753588,Ac Metus Vitae Company,0.1055970994788126,0.49571175358324004,0.23795521375254466,0.17177615661567863,82.82238433843214
63939052570,,0.9012009970541581,0.5188486967826911,0.2933725401492875,0.5972867686017228,40.27132313982772
63948574402,Elit Pharetra Incorporated,0.7860865624291865,0.6549608619049874,0.6546030309884642,0.7203447967088253,27.965520329117467
63948652504,Curabitur Consequat Lectus LLP,0.08067074552458645,0.655133643498514,0.6593530875367564,0.3700119165306714,62.998808346932854
63952221889,Non Limited,0.4489009743938364,0.30597326406271996,0.028952725627686044,0.23892685001076122,76.10731499892388
63966446164,,0.41717652390663945,0.4907678332280469,0.22234788509387016,0.31976220450025483,68.02377954997452
63975991689,Tellus Consulting,0.9549059596646272,0.48981269479830336,0.219181180728342,0.5870435701964846,41.295642980351545
63978837398,In Tincidunt PC,0.44459551325628827,0.478684004057279,0.19656186383171229,0.3205786885440003,67.94213114559997
64033337945,In Lobortis Limited,0.9052798549739406,0.6566868593778136,0.7030083691472517,0.8041441120605961,19.58558879394039
64040663159,Nec Metus LLP,0.25583503285746656,0.6557016717229559,0.6788057000678579,0.46732036646266223,53.26796335373378
64094501963,Dictum Mi Corporation,0.00022660321776569228,0.41999959924493757,0.11965618638317123,0.05994139480046846,94.00586051995316
64112855512,Sed Auctor Associates,0.19782460910944935,0.6535398570347918,0.6107215562090025,0.4042730826592259,59.57269173407741
64121624765,,0.1525039655563109,0.48003310690906137,0.19837140918344265,0.17543768736987678,82.45623126301233
64127544910,Nulla In Associates,0.6619079990935871,0.439331340532057,0.13594209454874462,0.39892504682116586,60.10749531788342
64143552561,Fusce Feugiat Associates,0.019261273510083842,0.45064577820459817,0.15652567292467767,0.08789347321738075,91.21065267826192
64145901913,A Inc.,0.20983457965103106,0.6464449904812258,0.5374349694639222,0.3736347745574766,62.63652254425234
64185141673,Maecenas Corp.,0.8801268978019487,0.6610827709490789,0.8688079619995476,0.8744674299007482,12.55325700992518
64196096120,Turpis Incorporated,0.8563335599365511,0.6605216968871555,0.8439267134132549,0.850130136674903,14.9869863325097
64203420245,Pede Nonummy Corp.,0.5270790845230002,0.2930492411013117,0.006333408731056322,0.2667062466270283,73.32937533729718
64208631487,Pharetra Nibh Aliquam Foundation,0.48153183775209607,0.6632370822732873,0.9518208550101787,0.7166763463811374,28.332365361886257
64272336774,Vehicula Et LLC,0.8819397235440743,0.6070698988412417,0.44627912237050443,0.6641094229572894,33.58905770427106
64278053738,Magna Malesuada Foundation,0.3820530251529572,0.6546925944454081,0.6475910427505089,0.5148220339517331,48.51779660482669
64295673283,Molestie Dapibus Industries,0.23317471108089735,0.6595167496409601,0.8038905225062203,0.5185326167935588,48.146738320644126
64297965205,Quisque Ac Libero LLP,0.271017448447768,0.6629692901771749,0.9389278443790997,0.6049726464134338,39.502735358656615
64384611134,Eget Dictum Placerat Ltd,0.5275322909585316,0.6358541461670729,0.5098394028500339,0.5186858469042828,48.13141530957172
64403598239,Lobortis Ultrices Company,0.5148425107636528,0.2934290853602485,0.007238181406921511,0.2610403460852872,73.89596539147128
64423487782,A LLC,0.8073872648991616,0.6548781673242081,0.6525672924677675,0.7299772786834645,27.002272131653548
64431686132,Aliquam Enim Ltd,0.23385452073419444,0.6546189246432805,0.6448767247229134,0.4393656227285539,56.06343772714462
64435268766,Id Enim Institute,0.8443235893949694,0.6542067318970785,0.6326622935987333,0.7384929414968513,26.15070585031487
64464998822,Vitae Semper LLP,0.1230455472467709,0.6536941184758086,0.6170549649400588,0.37005025609341485,62.99497439065851
64485980706,,0.24473147518694766,0.5046889579083079,0.26351504184573626,0.254123258516342,74.5876741483658
64498959678,Nunc Sed PC,0.413097665986857,0.6459550917561574,0.5360778104501244,0.47458773821849065,52.541226178150936
64521628277,Augue Sed Limited,0.15227736233854522,0.6583779345865257,0.7588780818819272,0.45557772211023617,54.44222778897638
64523396248,Sapien Nunc Pulvinar Foundation,0.9460684341717652,0.6574746480898641,0.7272110382266456,0.8366397361992054,16.33602638007946
64573039027,Magna Sed Eu Associates,0.7423521414004078,0.4646488034010713,0.18366885320063334,0.4630104973005206,53.69895026994794
64581529554,Tempus Eu Ligula Inc.,0.374801722184455,0.6591978473355775,0.7894141596923773,0.5821079409384161,41.78920590615839
64593163168,,0.38522547020167686,0.6639272266662474,0.972630626555078,0.6789280483783775,32.10719516216225
64609388293,Vitae Erat Industries,0.10990256061636075,0.6575388773059906,0.7301515494232074,0.42002705501978405,57.9972944980216
64638198267,Lectus Sit Corp.,0.7448447767958305,0.6546797959177453,0.6471386564125763,0.6959917166042033,30.400828339579668
64644843223,Dictum Augue Consulting,0.6922728302741898,0.4166481279051703,0.11648948201764307,0.40438115614591646,59.56188438540835
64648788229,Nisl Maecenas LLC,0.9963743485157489,0.4050992003655471,0.10065596019000227,0.5485151543528756,45.14848456471244
64652625932,Vulputate Lacus Cras Ltd,0.5977792884658962,0.6632668904570814,0.9531780140239765,0.7754786512449363,22.452134875506367
64691760345,,0.7482438250623159,0.5064743473064595,0.2691698710698937,0.5087068480661048,49.12931519338952
64701685993,,0.054384772263766146,0.4456045660751539,0.1458945939832617,0.10013968312351393,89.9860316876486
64732735902,Imperdiet Non Vestibulum Institute,0.3883979152503966,0.41157352533176933,0.10902510744175525,0.24871151134607591,75.1288488653924
64821359458,Luctus Curabitur Ltd,0.11511443462497167,0.5291024806054595,0.302872653245872,0.20899354393542183,79.10064560645782
64859340118,Arcu Imperdiet LLP,0.20847496034443688,0.6630921156137581,0.9441302872653246,0.5763026238048807,42.36973761951192
64928973842,Sed Company,0.7634262406526172,0.6483345565905192,0.5498755937570685,0.6566509172048429,34.33490827951571
64931596817,Malesuada Fringilla Incorporated,0.9714479945615228,0.6610044955585855,0.8660936439719521,0.9187708192667374,8.122918073326257
64938910147,Cras Interdum Incorporated,0.6358486290505325,0.45277706794573513,0.16218050214883512,0.39901456559968385,60.09854344003161
64941032224,Tincidunt Aliquam Industries,0.8461364151370949,0.6586088342831503,0.7665686496267813,0.806352532381938,19.364746761806195
64953561005,Orci Phasellus Dapibus Inc.,0.5506458191706323,0.6314822924314941,0.4888034381361683,0.5197246286534003,48.02753713465997
64960464534,Nibh Sit Amet Institute,0.14457285293451166,0.6539612804124991,0.6256503053607781,0.38511157914764493,61.488842085235504
64974914166,Consectetuer Adipiscing Elit LLC,0.6147745297983231,0.353706509254757,0.05632209907260801,0.33554831443546557,66.44516855645344
65022194603,Ultricies Ltd,0.1667799682755495,0.6373930717269081,0.5145894593983261,0.3406847138369378,65.93152861630622
65027706740,Sed Orci Lobortis Company,0.3874915023793338,0.572375982024861,0.37842117168061523,0.3829563370299745,61.70436629700256
65038094136,Praesent Interdum Associates,0.7747564015409019,0.5790187482441553,0.3892784437909975,0.5820174226659497,41.79825773340503
65122248893,Egestas Hendrerit Neque Institute,0.45116700657149333,0.3269707157063446,0.046595792807057224,0.24888139968927528,75.11186003107248
65130002423,,0.1520507591207795,0.36808673345165505,0.07057226871748473,0.11131151391913212,88.8688486080868
65134002757,Elit Etiam Laoreet Foundation,0.49512803081803763,0.5351507631892828,0.3114679936665913,0.40329801224231443,59.670198775768554
65150917863,Aliquam Iaculis Lacus LLC,0.4960344436891004,0.657901909659358,0.7437231395611853,0.6198787916251428,38.01212083748572
65161304947,Malesuada Inc.,0.8900974393836393,0.6568730248922611,0.7086631983714092,0.7993803188775243,20.061968112247573
65168284301,Dui LLC,0.8218898708361658,0.474723756891175,0.19249038679031893,0.5071901288132423,49.28098711867577
65175701530,Sed Leo Cras Industries,0.043507817811012914,0.5311885543069419,0.30513458493553497,0.17432120137327395,82.5678798626726
65189626072,Sollicitudin Orci Incorporated,0.8531611148878314,0.4602316150843514,0.17756163763854332,0.5153613762631873,48.463862373681266
65202518558,Purus Nullam Incorporated,0.2637661454792658,0.5566310397436978,0.3562542411219181,0.310010193300592,68.9989806699408
65204103269,Est Ac Mattis Ltd,0.5524586449127578,0.41165834723047956,0.10925130061072155,0.33085497276173964,66.91450272382605
65265226392,Et Commodo LLP,0.8008157715839564,0.6643170866110771,0.9737615923999096,0.887288681991933,11.2711318008067
65276790047,Bibendum Fermentum LLP,0.8130523453433038,0.6171357302126458,0.4630174168740104,0.6380348811086571,36.196511889134285
65278963534,Sed Pede Cum Incorporated,0.7085882619533197,0.6479717843104418,0.5489708210812033,0.6287795415172615,37.12204584827386
65337745105,Nunc LLP,0.33038749150237934,0.6388277740560054,0.5191133227776521,0.4247504071400157,57.524959285998435
65345485504,Elementum Dui Limited,0.6662134602311353,0.5715208989401914,0.37774259217371636,0.5219780262024258,47.802197379757416
65401793264,A Mi Fringilla PC,0.2522093813732155,0.6504747447142281,0.5620900248812486,0.4071497031272321,59.28502968727679
65415777658,Nulla Interdum Curabitur Institute,0.3605257194652164,0.37575792892035514,0.07713187061750736,0.21882879504136188,78.11712049586382
65426342453,Nisl Nulla Eu LLC,0.38567867663720823,0.4554881768868068,0.16783533137299253,0.2767570040051004,72.32429959948996
65452312369,Mi Fringilla LLC,0.7656922728302742,0.6439161654740203,0.5290658222121692,0.6473790475212218,35.262095247877824
65453072511,Vehicula Aliquet LLC,0.10944935418082936,0.6592515898060015,0.7925808640579054,0.4510151091193674,54.898489088063265
65462135385,Vitae Velit LLC,0.9759800589168366,0.6964145965837347,0.9968332956344719,0.9864066772756542,1.3593322724345769
65527917790,Nulla Cras Corporation,0.26263312939043737,0.5389499946739859,0.317349016059715,0.2899910727250762,71.00089272749238
65535416609,,0.7305687740765919,0.5411450031211665,0.32255145894593984,0.5265601165112659,47.34398834887341
65600957125,Orci Luctus Inc.,0.9394969408565602,0.6615327679856072,0.8871296086858177,0.913313274771189,8.668672522881105
65629452396,Interdum Curabitur LLP,0.24450487196918197,0.6531651917087072,0.6021262157882832,0.4233155438787326,57.66844561212674
65655213781,,0.5327441649671425,0.4323878997640316,0.1302872653245872,0.33151571514586486,66.8484284854135
65668855732,In Nec Industries,0.4468615454339452,0.4041129948496093,0.09929880117620447,0.27308017330507484,72.69198266949252
65674339048,Aliquet Company,0.6696125084976207,0.34521496469660684,0.05157204252431576,0.36059227551096823,63.940772448903175
65731681830,Duis Gravida PC,0.8193972354407433,0.6643434720167435,0.9739877855688758,0.8966925105048096,10.330748949519041
65735508037,Vestibulum Ante Ipsum LLP,0.8635848629050532,0.6585191177228541,0.7636281384302194,0.8136065006676363,18.63934993323637
65739256790,Adipiscing Elit Company,0.10083843190573306,0.6472387119931963,0.5424112191811807,0.3216248255434569,67.83751744565431
65741331791,Tellus Faucibus Inc.,0.8989349648765013,0.6536205748064824,0.6129834878986654,0.7559592263875834,24.40407736124166
65892608066,Penatibus Et Corporation,0.017221844550192614,0.44981027816666985,0.15494232074191358,0.0860820826460531,91.39179173539469
65901138420,,0.05959664627237707,0.6501832212179471,0.5605066726984845,0.3100516594854308,68.99483405145692
65907027247,Fringilla Porttitor Limited,0.26059370043054614,0.6332057509072079,0.4964940058810224,0.37854385315578426,62.14561468442157
65925117805,Semper Erat In PC,0.3344663494221618,0.6565977890904897,0.7014250169644877,0.5179456831933247,48.20543168066753
65959377833,Lobortis Augue Ltd,0.9947881259913891,0.5303007431612005,0.30445600542863605,0.6496220657100126,35.03779342899874
66000151638,,0.4783593927033764,0.562703044005932,0.36779009273919927,0.42307474272128787,57.692525727871214
66015997670,A Ultricies Ltd,0.032404260140493996,0.6512957354988497,0.568423433612305,0.3004138468763995,69.95861531236005
66030670083,Convallis Erat Eget Foundation,0.38658508950827103,0.4995547568711359,0.24926487220085952,0.3179249808545653,68.20750191454349
66034737896,Luctus Ut LLC,0.8583729888964423,0.6667020652822901,0.9821307396516625,0.9202518642740525,7.974813572594752
66066213362,Nunc Sed LLP,0.6707455245864491,0.66241320303304,0.9217371635376611,0.796241344062055,20.375865593794494
66069111675,Elementum At Ltd,0.21300702469975075,0.6278268519538165,0.47839855236371864,0.3457027885317347,65.42972114682652
66079287213,Hendrerit Corporation,0.6206662134602311,0.31370501587473526,0.03641710020357385,0.32854165683190245,67.14583431680975
66118124566,Interdum LLC,0.335825968728756,0.5515757609079749,0.34607554851843475,0.34095075862359536,65.90492413764046
66145449222,,0.018128257421255383,0.6154349206580647,0.4605292920153811,0.23932877471831826,76.06712252816817
66149479735,Eu Dui Institute,0.18037616134149104,0.656663603399391,0.7018774033024203,0.4411267823219557,55.88732176780443
66161087361,Morbi LLC,0.20145026059370044,0.45952718915291224,0.17575209228681293,0.1886011764402567,81.13988235597434
66186109508,Sagittis Placerat LLP,0.36528438703829597,0.6415014770998468,0.5249943451707758,0.44513936610453586,55.486063389546416
66206584458,Eros Proin Ultrices Ltd,0.7357806480852028,0.6570575757748103,0.7125084822438362,0.7241445651645195,27.585543483548047
66228393506,Sed Hendrerit Foundation,0.14910491728982553,0.5231437059893845,0.29699163085274827,0.2230482740712869,77.6951725928713
66236596240,Ut Ipsum Incorporated,0.15612961704056197,0.5061852242171064,0.2684912915629948,0.21231045430177836,78.76895456982216
66257020651,Sit Amet Foundation,0.7937910718332201,0.5594415943037524,0.36168287717710923,0.5777369745051646,42.22630254948354
66302182333,,0.1350555177883526,0.5076332743688194,0.27256276860438816,0.2038091431963704,79.61908568036296
66302484683,Accumsan PC,0.849082256968049,0.5877941944555843,0.40285003392897534,0.6259661454485121,37.403385455148786
66340635807,Integer Mollis Integer Inc.,0.7355540448674371,0.663017016513133,0.9409635828997964,0.8382588138836168,16.17411861163832
66370248931,Morbi Non PC,0.6449127577611602,0.5378194125501017,0.31531327753901833,0.4801130176500893,51.98869823499107
66416089484,Lacinia Mattis Integer Associates,0.5513256288239293,0.6574511630351629,0.726080072381814,0.6387028506028717,36.129714939712834
66432686430,Lorem Eu Corp.,0.6186267845003399,0.4595721380779924,0.17597828545577923,0.39730253497805956,60.269746502194046
66445536477,Praesent Foundation,0.9091321096759574,0.663118303870083,0.9450350599411897,0.9270835848085736,7.291641519142644
66464469789,Mauris Erat Associates,0.38907772490369363,0.5917820991663684,0.4134811128703913,0.40127941888704244,59.87205811129576
66465228073,Ut Nisi Ltd,0.7978699297530025,0.6579274936769104,0.7446279122370505,0.7712489209950265,22.875107900497348
66482985683,Nonummy Ac Foundation,0.9689553591661002,0.5409079123951623,0.3218728794390409,0.6454141193025705,35.458588069742945
66499078575,Enim Sed Corp.,0.9780194878767279,0.6541461767526358,0.6304003619090703,0.8042099248928991,19.57900751071009
66522814831,Congue Turpis Limited,0.09721278042148199,0.7273429903811099,0.9988690341551685,0.5480409072883252,45.19590927116748
66527348775,Sem Egestas Inc.,0.631089961477453,0.6604886283756086,0.8414385885546256,0.7362642750160393,26.37357249839607
66532942314,Per Conubia LLC,0.02900521187400861,0.6050930050066322,0.4410766794842796,0.2350409456791441,76.49590543208559
66567150019,Cursus In Foundation,0.6270111035576705,0.35456230994917004,0.05745306491743949,0.342232084237555,65.77679157624449
66571984047,Volutpat Company,0.4518468162247904,0.4127094012576105,0.11083465279348563,0.281340734509138,71.8659265490862
66591506230,,0.14819850441876276,0.6398222082880435,0.5213752544673151,0.334786879443039,66.5213120556961
66600007969,,0.9059596646272378,0.49912006554713506,0.24836009952499435,0.577159882076116,42.2840117923884
66601385949,Faucibus Leo In PC,0.26240652617267163,0.6529863171911233,0.5991857045917214,0.43079611538219653,56.92038846178035
66610548417,Nulla Inc.,0.8731021980512124,0.6528000261613958,0.592852295860665,0.7329772469559387,26.702275304406133
66626020312,In Magna Incorporated,0.5814638567867664,0.49599483121477983,0.23953856593530876,0.41050121136103757,58.949878863896245
66650274915,Gravida Praesent Industries,0.9320190346702923,0.6070209387979079,0.4460529292015381,0.6890359819359152,31.09640180640848
66667026714,Sit Amet Risus Foundation,0.6070700203942896,0.30624458077238387,0.02917891879665234,0.31812446959547097,68.1875530404529
66672864977,Tempus Inc.,0.8121459324722411,0.6554247545892716,0.6697579733092061,0.7409519528907236,25.904804710927642
66678363248,Nulla Cras Eu Inc.,0.3310673011556764,0.6556952172097238,0.6779009273919928,0.5044841142738345,49.551588572616545
66678764219,Vulputate Posuere Vulputate Foundation,0.3761613414910492,0.4171912366417166,0.11739425469350825,0.24677779809227873,75.32222019077213
66690609706,Non Corp.,0.01699524133242692,0.6544908916604594,0.6405790545125537,0.3287871479224903,67.12128520775097
66698569367,Arcu Nunc Mauris Institute,0.740086109222751,0.6623319081272858,0.918570459172133,0.829328284197442,17.067171580255803
66741987958,Aliquam Gravida Incorporated,0.9850441876274643,0.6294203986675294,0.4808866772223479,0.7329654324249061,26.703456757509393
66748498849,Eleifend Nec Institute,0.04010876954452753,0.6594466493918807,0.801402397647591,0.4207555835960593,57.92444164039408
66759753333,Aliquet Molestie Corp.,0.5735327441649671,0.663232341494691,0.9515946618412124,0.7625637030030898,23.743629699691017
66760882355,Nonummy Ac Incorporated,0.7328348062542488,0.6599737435009386,0.8208550101786926,0.7768449082164707,22.315509178352933
66770522370,Dictum Ultricies Institute,0.23045547246770903,0.663680312564777,0.9660710246550555,0.5982632485613822,40.17367514386178
66778711798,Nunc Corp.,0.42556084296397007,0.6632154067216072,0.9502375028274146,0.6878991728956924,31.210082710430765
66782478748,,0.9002945841830954,0.634893319363076,0.5050893463017417,0.7026919652424186,29.730803475758137
66818634899,In Scelerisque Inc.,0.31225923408112394,0.39663421063338805,0.09002488124858629,0.2011420576648551,79.8857942335145
66835892718,Iaculis Nec Industries,0.8545207341944255,0.6567572072782492,0.7050441076679484,0.779782420931187,22.0217579068813
66842618444,Ultrices Inc.,0.4174031271244052,0.456568055253857,0.17032345623162182,0.2938632916780135,70.61367083219865
66858208767,Mollis Duis Sit Corporation,0.7663720824835712,0.6604735359411018,0.8407600090477267,0.803566045765649,19.643395423435095
66858882701,Elit Elit Fermentum Limited,0.5789712213913437,0.5498914707508606,0.3417778783080751,0.4603745498497094,53.962545015029065
66917621463,Vulputate Velit Inc.,0.7394062995694539,0.5129133936272687,0.2850033928975345,0.5122048462334943,48.77951537665057
66941458060,Elementum Sem Vitae Corporation,0.12168592794017676,0.4270608704344682,0.12689436779009275,0.12429014786513476,87.57098521348652
66943181420,Nisl Elementum Foundation,0.14615907545887152,0.6621881843311282,0.9122370504410767,0.5291980629499742,47.080193705002586
66952421200,Vitae Sodales Institute,0.14434624971674598,0.660275662706903,0.8339742139787378,0.48916023184774193,51.08397681522581
66979924731,Quam Curabitur Foundation,0.8234760933605257,0.648916295097665,0.5537208776294956,0.6885984854950107,31.140151450498934
66983698186,Tristique Aliquet Phasellus Incorporated,0.3077271697258101,0.6601005393424442,0.8253788735580185,0.5665530216419143,43.34469783580857
67019805160,Pharetra Nibh Aliquam Consulting,0.32948107863131654,0.528669458935787,0.3019678805700068,0.31572447960066163,68.42755203993384
67138995619,Pede Cum Inc.,0.7588941762973034,0.6607760500759451,0.8550101786926034,0.8069521774949534,19.30478225050466
67142049268,Aliquet Sem Ut PC,0.6648538409245411,0.4148213356583499,0.1140013571590138,0.3894275990417775,61.05724009582225
67165527084,Lacinia Vitae Sodales Inc.,0.7425787446181735,0.3601410056043859,0.06220312146573174,0.4023909330419526,59.760906695804735
67174003021,Eget Mollis Incorporated,0.5121232721504645,0.4944455849567741,0.2343361230490839,0.3732296975997742,62.67703024002258
67178153348,Lacus Etiam LLP,0.14593247224110584,0.6443147817915581,0.5295182085501018,0.3377253403956038,66.22746596043963
67200153151,Tempus Mauris Erat Foundation,0.39519601178336733,0.6525791147574383,0.588328432481339,0.4917622221323532,50.82377778676468
67202032418,,0.5050985723997281,0.29936153154756284,0.02375028274146121,0.26442442757059464,73.55755724294053
67212086728,Venenatis Lacus Etiam Corporation,0.37548153183775207,0.6626693993749634,0.9294277312825152,0.6524546315601336,34.75453684398664
67213521157,Gravida Nunc LLP,0.0020394289598912306,0.5266617131749517,0.2997059488803438,0.15087268892011751,84.91273110798825
67214015867,,0.09109449354180829,0.4802632511138858,0.19859760235240895,0.14484604794710862,85.51539520528914
67216839360,Sodales Elit Incorporated,0.7738499886698391,0.6613296435277518,0.8807961999547613,0.8273230943123002,17.26769056876998
67220823151,Habitant Morbi Foundation,0.9503738953093134,0.649881476800583,0.5589233205157205,0.754648607912517,24.5351392087483
67223193770,Proin LLP,0.045547246770904146,0.5198839103615424,0.2938249264872201,0.16968608662906212,83.03139133709378
67244956961,Vehicula Industries,0.13369589848175845,0.6538788100337801,0.6227097941642162,0.37820284632298734,62.17971536770126
67254399155,,0.9419895762519828,0.6559771733760573,0.6860438814747795,0.8140167288633811,18.598327113661895
67264251405,Elit Dictum Eu Foundation,0.9956945388624519,0.1821089142894488,0.00011309658448314861,0.4979038177234675,50.20961822765325
67275686106,Eu Institute,0.29390437344210285,0.661692809077532,0.8939154037548066,0.5939098885984547,40.60901114015453
67279397175,Malesuada Fames Limited,0.9875368230228869,0.5774545459201564,0.38633793259443566,0.6869373778086613,31.306262219133874
67283489810,Hendrerit Consectetuer Institute,0.7249036936324496,0.5775840244892954,0.38679031893236826,0.5558470062824089,44.41529937175911
67288548470,Ligula Elit LLC,0.35848629050532516,0.5928474863015717,0.4161954308979869,0.387340860701656,61.265913929834404
67330176930,,0.5078178110129163,0.5355530360388245,0.31169418683555755,0.409755998924237,59.024400107576305
67392173147,Mus Proin Consulting,0.868116927260367,0.6632263999187282,0.9511422755032798,0.9096296013818235,9.037039861817654
67400260923,Eleifend PC,0.5932472241105824,0.294756157986589,0.013119203800045238,0.30318321395531383,69.68167860446862
67419861441,Vel Limited,0.16904600045320645,0.6470721139554009,0.5408278669984167,0.3549369337258116,64.50630662741884
67425187185,Nullam Limited,0.7915250396555631,0.5850363709593493,0.3974213978737842,0.5944732187646736,40.55267812353264
67437008946,Id Magna Institute,0.0410151824155903,0.6636876356001584,0.9667496041619543,0.5038823932887723,49.611760671122774
67465447214,Adipiscing Mauris Molestie LLC,0.43802401994108314,0.4951568962935242,0.23750282741461207,0.3377634236778476,66.22365763221524
67501420176,Egestas LLC,0.2515295717199184,0.6497364074954879,0.5584709341777878,0.4050002529488531,59.49997470511469
67520251416,At PC,0.15182415590301382,0.6632935200011891,0.9554399457136394,0.5536320508083267,44.636794919167336
67564575132,,0.7323815998187174,0.6657452031607488,0.9789640352861344,0.855672817552426,14.432718244757403
67609108741,Metus Sit Amet Incorporated,0.5483797869929753,0.3255880566914112,0.045012440624293146,0.2966961138086342,70.33038861913658
67610254313,A Felis Ullamcorper LLP,0.8527079084523,0.6603511756636286,0.8373671115132323,0.8450375099827662,15.496249001723383
67676587249,,0.6555631089961478,0.4987176003234147,0.24745532684912916,0.4515092179226385,54.84907820773615
67690172512,Purus Accumsan Associates,0.6501246317697711,0.5548841301235763,0.3526351504184574,0.5013798910941143,49.86201089058857
67691683330,Integer Mollis Integer Institute,0.7511896668932699,0.4476542715396051,0.15041845736258766,0.4508040621279288,54.91959378720712
67692278478,Nullam LLP,0.8239292997960571,0.6364933062423407,0.5125537208776295,0.6682415103368433,33.17584896631567
67696830978,Ante Ipsum Primis Ltd,0.6655336505778382,0.659435043136832,0.8009500113096585,0.7332418309437483,26.675816905625172
67698554653,Dui Nec Tempus Inc.,0.6820756854747337,0.6568321928488899,0.707758425695544,0.6949170555851389,30.508294441486107
67713855705,Nulla Industries,0.41241785633355993,0.5068400092128337,0.2705270300836915,0.3414724432086257,65.85275567913743
67794222692,Nunc Ut Inc.,0.3843190573306141,0.2946735504200876,0.012440624293146347,0.19837984081188023,80.16201591881197
67797658023,Enim Mi Ltd,0.4554724677090415,0.3071228781531346,0.03008369147251753,0.24277807959077952,75.72219204092205
67810757628,Ligula Donec Limited,0.16338092000906412,0.45157154404792277,0.15946618412123953,0.16142355206515183,83.85764479348482
67842910518,Tincidunt Corporation,0.5599365510990256,0.5486795037213801,0.33883736711151324,0.44938695910526943,55.061304089473055
67853562563,Non Nisi Foundation,0.5903013822796284,0.6606128061398526,0.8482243836236145,0.7192628829516214,28.073711704837855
67868675953,Nam Ac Foundation,0.3725356900067981,0.6616729417433591,0.8930106310789414,0.6327731605428697,36.72268394571303
67874735704,Ultricies Adipiscing Enim Industries,0.31067301155676413,0.5031700880304365,0.2589911784664103,0.28483209501158724,71.51679049884127
67877736141,,0.9641966915930206,0.6094038874216903,0.4501244062429315,0.707160548917976,29.283945108202403
67882460777,Ipsum PC,0.3401314298663041,0.4996601462684652,0.2501696448767247,0.2951505373715144,70.48494626284855
67915848101,Aliquet Molestie Company,0.7545887151597552,0.510493306218206,0.28070572268717486,0.5176472189234651,48.23527810765349
67920961191,Ut Pharetra Company,0.46091094493541807,0.5381009539969601,0.3159918570459172,0.38845140099066766,61.15485990093323
67978471888,Magna Malesuada Corp.,0.4529798323136189,0.3201229738129973,0.04297670210359647,0.24797826720860766,75.20217327913923
67979471799,Laoreet Ipsum Corp.,0.3813732154996601,0.6544159275868422,0.6374123501470256,0.5093927828233429,49.060721717665714
67988680834,Dolor Vitae Foundation,0.7559483344663495,0.6597411257342625,0.8115810902510744,0.7837647123587119,21.623528764128807
68004106739,Nec Ante Ltd,0.49762066621346024,0.31411228934174845,0.036869486541506444,0.26724507637748335,73.27549236225165
68015860722,Quis Urna PC,0.9247677317017902,0.6605932569662242,0.8468672246098168,0.8858174781558035,11.418252184419654
68028409124,Tellus Nunc Lectus Associates,0.923408112395196,0.6541031673591009,0.6290432028952726,0.7762256576452343,22.377434235476567
68092012436,Ante Associates,0.2526625878087469,0.6602536407674645,0.8326170549649401,0.5426398213868435,45.736017861315645
68096660401,Orci Incorporated,0.961704056197598,0.44379680825008627,0.14114453743496946,0.5514242968162837,44.85757031837163
68100435968,Turpis In Condimentum Corporation,0.348289145705869,0.6588543998989185,0.7742592173716354,0.5612741815387522,43.87258184612478
68102957262,,0.35350101971447995,0.5315000442503219,0.30536077810450124,0.3294308989094906,67.05691010905093
68103126714,Odio Ltd,0.7196918196238387,0.6579477514439941,0.7453064917439494,0.732499155683894,26.7500844316106
68112267199,Vel Convallis Corporation,0.2991162474507138,0.6606681164181445,0.8498077358063787,0.5744619916285463,42.553800837145374
68189578822,Euismod Ac Associates,0.46113754815318375,0.5926135855112673,0.41596923772902056,0.4385533929411022,56.144660705889784
68209747287,Purus Duis Institute,0.563335599365511,0.5175384483173081,0.2917891879665234,0.4275623936660172,57.243760633398274
68216911708,Placerat Eget Venenatis Limited,0.5010197144799456,0.29294420019267964,0.004750056548292241,0.2528848855141189,74.71151144858811
68233865253,Dis Parturient Montes Industries,0.2866530704736007,0.4004997843366931,0.09477493779687854,0.19071400413523965,80.92859958647604
68252147715,Eget Laoreet Posuere Incorporated,0.919782460910945,0.6477750589091654,0.5469350825605067,0.7333587717357258,26.664122826427416
68257308107,In Scelerisque Scelerisque PC,0.21278042148198503,0.6307868894332497,0.48518434743270755,0.3489823844573463,65.10176155426537
68264859271,Neque Tellus Foundation,0.007251302968502153,0.4435204238924566,0.14091834426600316,0.07408482361725266,92.59151763827474
68275485458,Morbi Sit Inc.,0.08044414230682076,0.662174922854286,0.9113322777652115,0.49588821003601613,50.411178996398384
68289707002,Ac Metus Industries,0.5438477226376615,0.5945125682822617,0.4218502601221443,0.4828489913799029,51.71510086200971
68319415555,Aliquam Incorporated,0.18400181282574213,0.6608228479399624,0.8568197240443338,0.520410768435038,47.958923156496205
68323652165,Sed Nec Institute,0.9775662814411965,0.6142243826384917,0.45939832617054965,0.7184823038058731,28.151769619412693
68395659657,,0.1613414910491729,0.6600035136000513,0.8217597828545578,0.4915506369518653,50.84493630481347
68398369995,Ultricies Ornare Consulting,0.08089734874235215,0.5125040964143738,0.2834200407147704,0.18215869472856128,81.78413052714387
68435002949,Aliquam Eu Inc.,0.8046680262859732,0.46755960764953963,0.1872879439040941,0.49597798509503366,50.40220149049664
68441592159,,0.6000453206435531,0.4040710627867046,0.09862022166930559,0.34933277115642936,65.06672288435706
68480514246,Vitae Mauris Foundation,0.9544527532290958,0.5586899696134119,0.3598733318253789,0.6571630425272373,34.28369574727627
68483735536,At Velit Cras Foundation,0.5610695671878541,0.6582154797686381,0.753449445826736,0.657259506507295,34.2740493492705
68501926042,Dolor Corp.,0.3695898481758441,0.4046236622695261,0.10020357385206967,0.2348967110139569,76.51032889860431
68514534266,Semper Egestas Ltd,0.40222071153410377,0.6523645354356765,0.5856141144537435,0.4939174129939236,50.608258700607635
68535898735,A Neque PC,0.15930206208928166,0.6007899227474084,0.43496946392218955,0.29713576300573563,70.28642369942644
68548907085,Dui Limited,0.8626784500339905,0.6592342913778195,0.7916760913820403,0.8271772707080154,17.282272929198463
68550848674,Egestas Incorporated,0.740765918876048,0.6598336877963138,0.8152001809545352,0.7779830499152915,22.201695008470846
68559320474,Aliquam Auctor Associates,0.519147971901201,0.2950907362695327,0.014476362813843022,0.266812167357522,73.3187832642478
68581310909,Et Rutrum LLP,0.19012009970541582,0.6629467825604145,0.9382492648722008,0.5641846822888084,43.58153177111917
68591542501,Felis Ltd,0.002266032177656923,0.38794011361595837,0.08437005202442886,0.04331804210104289,95.66819578989572
68631449246,Sem Incorporated,0.2578744618173578,0.6620946647381597,0.9090703460755485,0.5834724039464532,41.65275960535468
68645868338,Felis Purus Foundation,0.5934738273283481,0.4508093900465236,0.15697805926261027,0.3752259432954792,62.47740567045208
68645891034,Fusce Industries,0.35939270337638796,0.516740337277344,0.2908844152906582,0.3251385593335231,67.4861440666477
68656010159,Suspendisse Limited,0.972807613868117,0.6626461682185365,0.9287491517756163,0.9507783828218667,4.922161717813333
68666078115,,0.9512803081803761,0.4040754033205652,0.09884641483827189,0.525063361509324,47.4936638490676
68666836212,,0.97054158169046,0.6544292899633188,0.6376385433159919,0.8040900625032259,19.59099374967741
68699143999,Tincidunt Neque Vitae Corporation,0.7953772943575799,0.6578300469893171,0.7405564351956571,0.7679668647766185,23.203313522338153
68699353442,Ac Consulting,0.5372762293224563,0.5336814269430405,0.3083012893010631,0.42278875931175974,57.721124068824025
68724135684,,0.02016768638114661,0.4896137917874767,0.2185026012214431,0.11933514380129485,88.06648561987052
68731179079,Lacinia Limited,0.8857919782460911,0.5297146861043092,0.3037774259217372,0.5947847020839141,40.52152979160859
68759076161,Erat Volutpat Corp.,0.1794697484704283,0.5038676357383349,0.2612531101560733,0.22036142931325078,77.96385706867493
68828285855,Mi Pede Nonummy Limited,0.6385678676637209,0.5102874575167282,0.27934856367337707,0.458958215668549,54.1041784331451
68840051984,In Ornare Sagittis PC,0.7960571040108769,0.6539451525542281,0.6251979190228455,0.7106275115168612,28.937248848313878
68874243493,Nullam Suscipit Consulting,0.2200317244504872,0.5673669052074675,0.3729925356254241,0.2965121300379556,70.34878699620444
68889885215,Faucibus Lectus A Inc.,0.6508044414230683,0.6483368705612901,0.5501017869260348,0.6004531141745515,39.95468858254485
68925908607,,0.9268071606616815,0.6174166425552152,0.463469803211943,0.6951384819368123,30.486151806318773
68950900599,Augue Company,0.4677090414683889,0.5042000919256867,0.26261026916987107,0.36515965531912997,63.484034468087
68977708301,Amet Nulla Incorporated,0.47654656696125086,0.6620725153048214,0.9083917665686496,0.6924691667649503,30.75308332350497
69030600619,Sit Inc.,0.06662134602311352,0.6623174084135922,0.9174394933273016,0.49203041967520755,50.796958032479246
69058858940,Blandit PC,0.8400181282574213,0.6624469931843524,0.9233205157204253,0.8816693219889233,11.833067801107667
69059526279,Aliquam Gravida Corp.,0.060049852707908455,0.6624267675790005,0.9224157430445601,0.49123279787623425,50.87672021237657
69059526358,Eleifend Egestas Sed Corporation,0.2490369363244958,0.5902325545487817,0.4085048631531328,0.3287708997388143,67.12291002611856
69069584766,Cras Eget Foundation,0.6834353047813279,0.4129472594393854,0.11106084596245193,0.3972480753718899,60.27519246281101
69073210783,Phasellus Associates,0.8735554044867437,0.6598669735055253,0.815878760461434,0.8447170824740888,15.528291752591116
69078612783,Gravida Mauris LLP,0.5150691139814185,0.6347392034692626,0.5041845736258765,0.5096268438036475,49.037315619635244
69107197788,In Lorem LLP,0.7514162701110356,0.6632513153002424,0.9527256276860439,0.8520709488985397,14.792905110146027
69108448846,Laoreet Industries,0.44708814865171087,0.5509649304906902,0.3449445826736033,0.3960163656626571,60.39836343373429
69123307057,Quisque Associates,0.7713573532744165,0.5448353734423583,0.32798009500113096,0.5496687241377737,45.03312758622263
69133284840,Libero Est Congue Incorporated,0.01563562202583277,0.5650182062917909,0.37050441076679486,0.19307001639631383,80.69299836036862
69135584329,Sed Eu LLC,0.6530704736007251,0.6601803411226436,0.8296765437683782,0.7413735086845517,25.862649131544835
69184324876,Lorem Vitae Odio Industries,0.991162474507138,0.49168456463266447,0.22528839629043204,0.608225435398785,39.1774564601215
69202616607,Sit Amet Consectetuer Incorporated,0.8633582596872875,0.6590524162402167,0.7826283646233884,0.8229933121553379,17.70066878446621
69233153226,A Purus LLC,0.6591887604803989,0.6536867973273608,0.6163763854331599,0.6377825729567794,36.221742704322054
69236417931,Vitae Velit Institute,0.5386358486290506,0.4537171310625694,0.16534720651436327,0.35199152757170693,64.8008472428293
69320682085,Consequat Dolor Foundation,0.3349195558576932,0.5411937844119191,0.3227776521149061,0.32884860398629967,67.11513960137003
69327757904,Ut Ipsum Ltd,0.489689553591661,0.4976268371300289,0.24519339515946617,0.36744147437556357,63.255852562443636
69377909125,Urna Vivamus Institute,0.6401540901880807,0.4986627869946832,0.24722913368016286,0.44369161193412177,55.630838806587825
69381712591,Primis In LLC,0.13120326308633581,0.6593381617551634,0.7973309206061977,0.46426709184626674,53.57329081537332
69392492576,Nulla Dignissim Limited,0.9143439836845684,0.647449850914587,0.5444469577018775,0.7293954706932229,27.060452930677712
69418468754,Velit Justo Institute,0.947654656696125,0.6554044841300588,0.6690793938023072,0.8083670252492161,19.163297475078387
69418675752,Donec PC,0.698844323589395,0.624620911557112,0.4725175299705949,0.585680926779995,41.431907322000505
69425596520,Mus Donec Corp.,0.6467255835032858,0.54941130858711,0.34064691246324363,0.4936862479832647,50.631375201673535
69431337574,Ultrices Industries,0.9845909811919329,0.5729580494591486,0.3793259443564804,0.6819584627742067,31.804153722579333
69576401798,Arcu Curabitur Institute,0.28348062542488106,0.6259115946025087,0.474100882153359,0.37879075378912,62.120924621088
69655310165,Elit Pharetra Corporation,0.8950827101744845,0.6528531165280304,0.5944356480434291,0.7447591791089567,25.524082089104326
69666829657,Sem Ut Institute,0.6755041921595286,0.43371496051749187,0.1307396516625198,0.4031219219110242,59.687807808897574
69696627033,Erat Semper Limited,0.5649218218898708,0.6584873577955141,0.7622709794164216,0.6635964006531463,33.64035993468537
69703285964,Suspendisse Incorporated,0.6211194198957625,0.3001923861712132,0.025333634924225287,0.32322652740999386,67.67734725900061
69726000438,Auctor Velit Eget Corp.,0.9240879220484931,0.6518760608922315,0.5788283193847545,0.7514581207166238,24.854187928337623
69786030824,Non Quam Associates,0.2664853840924541,0.6478269998883853,0.5471612757294729,0.4068233299109635,59.317667008903655
69853421807,Fusce Mollis Duis Industries,0.0070246997507364605,0.4806096427816164,0.19927618185930784,0.10315044080502216,89.68495591949778
69883578383,Diam PC,0.05483797869929753,0.6592142314352522,0.7898665460303099,0.4223522623648037,57.76477376351963
69890387975,Vitae Incorporated,0.940403353727623,0.645837284613085,0.5344944582673603,0.7374489059974916,26.25510940025084
69893361647,Egestas A Dui Corp.,0.34398368456832085,0.5082066800553255,0.2741461207871522,0.30906490267773656,69.09350973222634
69911676985,Vestibulum Ut Incorporated,0.1731248583729889,0.6558055806034846,0.6810676317575209,0.4270962450652549,57.290375493474514
69913521743,Purus Gravida Inc.,0.3224563788805801,0.6610024601229053,0.8658674508029858,0.5941619148417829,40.58380851582171
69934752604,Fermentum Arcu Vestibulum Corp.,0.687740765918876,0.6613008648606692,0.8801176204478625,0.7839291931833692,21.60708068166308
69936752900,Neque Morbi Quis Industries,0.05075912077951507,0.6940266454689512,0.995476136620674,0.5231176287000946,47.68823712999054
69983142241,Tempus Scelerisque LLC,0.5089508271017449,0.6522307473174297,0.5840307622709794,0.5464907946863622,45.35092053136378
69983246412,Quam Quis Company,0.34149104917289824,0.5386932483427799,0.3171228228907487,0.3293069360318235,67.06930639681765
69994151040,Dolor Elit Pellentesque Corp.,0.12667119873102198,0.6593212896974998,0.7961999547613662,0.46143557674619406,53.85644232538059
70009327857,Torquent Per Inc.,0.309993201903467,0.3333147901624932,0.04817914498982131,0.17908617344664415,82.0913826553356
70027786217,Sed Sem Egestas LLC,0.31203263086335825,0.6544033543410871,0.6367337706401267,0.47438320075174245,52.561679924825754
70033549200,Mus Proin LLP,0.508044414230682,0.33603448955377563,0.049310110834652796,0.2786772625326674,72.13227374673326
70038202360,Varius Orci Institute,0.6335825968728755,0.3454261178451649,0.05202442886224836,0.34280351286756194,65.7196487132438
70052129860,Donec Tempus Lorem Company,0.4688420575572173,0.4442345124501657,0.14318027595566613,0.3060111667564417,69.39888332435584
70067721091,Aenean LLC,0.29367777022433716,0.6621321498177204,0.9104275050893463,0.6020526376568418,39.79473623431582
70070001855,Nunc Sed Ltd,0.7486970314978473,0.6619252394001017,0.9025107441755259,0.8256038878366866,17.43961121633134
70088042348,Rutrum Fusce Dolor Inc.,0.5907545887151597,0.45433322193597075,0.16625197919022847,0.3785032839526941,62.14967160473059
70106809650,Sollicitudin Industries,0.16859279401767505,0.6559149285233989,0.6849129156299479,0.4267528548238115,57.324714517618844
70118030493,Ut Tincidunt Ltd,0.3115794244278269,0.47535881598897123,0.19316896629721783,0.25237419536252237,74.76258046374777
70172340121,Justo Eu Incorporated,0.4772263766145479,0.30938844958805833,0.0323456231621805,0.2547859998883642,74.52140001116359
70186619026,,0.5964196691593021,0.45162826456254745,0.15991857045917213,0.3781691198092371,62.18308801907628
70196084748,Gravida Incorporated,0.10967595739859506,0.6631435912446039,0.9466184121239538,0.5281471847612744,47.18528152387256
70214456178,Nullam Enim Sed Industries,0.13165646952186721,0.662614808424746,0.9278443790997511,0.5297504243108092,47.02495756891908
70217388552,Quis Diam Company,0.43031951053704964,0.6364244930924409,0.5118751413707306,0.47109732595389014,52.89026740461098
70223714517,In Consectetuer Company,0.7219578518014956,0.523558386903056,0.29744401719068086,0.5097009344960882,49.029906550391175
70258288982,Quam Pellentesque Incorporated,0.7181055970994789,0.6632673155303159,0.9534042071929427,0.8357549021462107,16.424509785378927
70268417986,Risus Donec Institute,0.8325402220711534,0.6579799743199322,0.7459850712508482,0.7892626466610009,21.07373533389991
70306626982,Posuere Cubilia Curae Institute,0.9753002492635395,0.613658458218654,0.4582673603257182,0.7167838047946289,28.321619520537112
70309831462,Proin Nisl Sem Company,0.49172898255155223,0.5956145966717872,0.42501696448767246,0.45837297351961237,54.16270264803876
70329431753,Ornare Elit Elit Consulting,0.8166779968275549,0.6550684083692748,0.6573173490160598,0.7369976729218073,26.30023270781927
70338831249,Semper Industries,0.21595286653070472,0.6622576121626474,0.914725175299706,0.5653390209152054,43.46609790847946
70344541271,Dui Nec Ltd,0.6594153636981646,0.6531458880154367,0.6016738294503506,0.6305445965742575,36.94554034257425
70356719692,Nunc Lectus Associates,0.9435757987763427,0.6575097080457247,0.7285681972404433,0.836071998008393,16.392800199160696
70385277162,Varius Orci In LLC,0.15590301382279628,0.6521724040198367,0.5826736032571816,0.36928830853998895,63.071169146001104
70401028896,Suspendisse Company,0.7287559483344663,0.48808443683297925,0.2128477719972857,0.470801860165876,52.9198139834124
70417126663,Fermentum Fermentum Arcu Industries,0.8842057557217312,0.652979911568427,0.598959511422755,0.7415826335722431,25.841736642775693
70498641647,Elit Corporation,0.8565601631543168,0.6275333524888613,0.47749377968785345,0.6670269714210851,33.29730285789149
70501974849,Facilisis Lorem Tristique Company,0.537502832540222,0.31078882809971825,0.03325039583804569,0.28537661418913385,71.46233858108661
70529552669,Penatibus Et Limited,0.9494674824382506,0.6631550676298377,0.9472969916308528,0.9483822370345517,5.161776296544829
70555899232,Nulla Dignissim Associates,0.9467482438250623,0.4852655403102231,0.20696674960416195,0.5768574967146121,42.31425032853879
70561019208,Nonummy Foundation,0.17153863584862905,0.6532992013355009,0.6043881474779461,0.3879633916632876,61.203660833671236
70580157002,Aliquet Libero Foundation,0.19827781554498075,0.5627331777543977,0.3680162859081656,0.2831470507265732,71.68529492734268
70610974780,Elit Aliquam PC,0.6752775889417629,0.3621514231498696,0.0653698258312599,0.37032370738651144,62.967629261348854
70620117107,Ante Vivamus Consulting,0.36324495807840473,0.3968921747109492,0.09047726758651889,0.2268611128324618,77.31388871675382
70649324294,,0.9988669839111716,0.43871503578485743,0.13503732187287945,0.5669521528920255,43.30478471079745
70651441723,Convallis In Consulting,0.32154996600951735,0.6603524526879806,0.8375933046821986,0.579571635345858,42.042836465414204
70686815873,,0.08656242918649446,0.39354466285258,0.08753675638995702,0.08704959278822574,91.29504072117743
70713877189,Praesent Eu Incorporated,0.6943122592340811,0.5481425681687904,0.3368016285908166,0.5155569439124489,48.44430560875511
70734215049,Nonummy Fusce Corp.,0.13256288239293,0.6468803193212597,0.5401492874915178,0.3363560849422239,66.3643915057776
70737217173,Elit Pharetra LLP,0.2780421481985044,0.6528729885173679,0.595114227550328,0.43657818787441616,56.34218121255839
70751543592,Orci Ut Incorporated,0.3809200090641287,0.6550095426232871,0.6559601900022619,0.5184400995331953,48.15599004668047
70754621933,Sociis Natoque Ltd,0.3553138454566055,0.6146575390369236,0.4600769056774485,0.407695375567027,59.230462443297306
70765550736,,0.33016088828461365,0.3502322545565839,0.05383397421397874,0.1919974312492962,80.80025687507037
70770904219,,0.1053704962610469,0.4653544678615643,0.18502601221443113,0.14519825423773902,85.48017457622609
70783350473,Luctus Incorporated,0.1117153863584863,0.6513856636662252,0.5706853653019679,0.3412003758302271,65.87996241697729
70805280228,Odio Auctor Foundation,0.8780874688420576,0.49441789470089104,0.2341099298801176,0.5560986993610876,44.39013006389124
70814127470,Id Ante Nunc Ltd,0.9975073646045773,0.48076854379636913,0.19972856819724044,0.5986179664009089,40.138203359909106
70879262618,Donec Egestas Institute,0.4577384998866984,0.6555099583472775,0.672019904998869,0.5648792024427837,43.512079755721636
70885562894,Erat Etiam Vestibulum Foundation,0.852028098799003,0.6593332966010922,0.7971047274372314,0.8245664131181172,17.54335868818828
70893541900,,0.7294357579877634,0.6600869718942846,0.824926487220086,0.7771811226039247,22.28188773960753
70893725439,Luctus Curabitur Incorporated,0.648765012463177,0.41182286691112735,0.10970368694865415,0.3792343497059156,62.076565029408435
70920423684,Erat Neque Inc.,0.6893269884432359,0.6583691366226743,0.7586518887129609,0.7239894385780984,27.60105614219016
70969465360,Purus Maecenas PC,0.3383186041241786,0.46873949124337283,0.18841890974892558,0.2633687569365521,73.66312430634478
71002398501,Ipsum Phasellus Corp.,0.23249490142760026,0.656264471294057,0.693282062881701,0.4628884821546506,53.71115178453494
71029007948,Est Ac Inc.,0.10151824155903014,0.6494196277663965,0.5571137751639901,0.3293160083615101,67.068399163849
71035024987,Sem Ltd,0.454339451620213,0.6586590890585136,0.7676996154716128,0.6110195335459129,38.89804664540871
71041015148,Orci Ltd,0.48289145705869024,0.3078002607852302,0.03076227097941642,0.25682686401905336,74.31731359809466
71063445046,Eget Laoreet Consulting,0.7434851574892364,0.6468490239296397,0.5396969011535852,0.6415910293214108,35.840897067858926
71091910300,,0.11760707002039429,0.6538937678540712,0.6236145668400814,0.37061081843023785,62.93891815697621
71094934182,Nonummy Ipsum Non LLC,0.6768638114661228,0.3261663922117876,0.045917213300158334,0.36139051238314057,63.86094876168594
71118957552,Suscipit Nonummy Consulting,0.03693632449580784,0.6547976426704547,0.6503053607781045,0.3436208426369562,65.63791573630438
71169969325,Enim Mi Tempor Associates,0.3016088828461364,0.49815012882880655,0.24632436100429767,0.27396662192521704,72.6033378074783
71178069190,Auctor Velit Eget LLC,0.743031951053705,0.45027772859904663,0.15584709341777878,0.4494395222357419,55.05604777642581
71236652596,Risus Nulla Eget Consulting,0.4844776795830501,0.3650856641396892,0.06785795068988916,0.27616781513646965,72.38321848635303
71247553576,Et Magnis Dis Corp.,0.592794017675051,0.44628520492151236,0.14747794616602578,0.3701359819205384,62.98640180794616
71253802438,Quam PC,0.268751416270111,0.5631462238929369,0.36824247907713187,0.31849694767362147,68.15030523263785
71274812967,Lectus Company,0.36188533877181056,0.6666063746951828,0.9814521601447637,0.6716687494582871,32.83312505417128
71305424518,Vivamus Molestie Corporation,0.8200770450940403,0.6598208668949829,0.81429540827867,0.8171862266863552,18.281377331364478
71350572766,Dictum Placerat Augue Foundation,0.6845683208701564,0.3054541692044918,0.02827414612078715,0.3564212334954718,64.35787665045282
71355732473,Dictum Mi Incorporated,0.7192386131883073,0.5581383412064614,0.35919475231847997,0.5392166827533936,46.078331724660636
71357650211,Euismod Ac Fermentum Ltd,0.7362338545207342,0.5835477232801004,0.39493327301515496,0.5655835637679446,43.441643623205536
71361928741,Ut Odio Inc.,0.2730568774076592,0.4253601878912644,0.12463243610042976,0.1988446567540445,80.11553432459554
71363265090,In Tincidunt Congue Company,0.9703149784726943,0.5560128902271391,0.3553494684460529,0.6628322234593736,33.71677765406263
71376104230,Aliquam Rutrum Company,0.9360978925900748,0.6457986142111275,0.534268265098394,0.7351830788442344,26.48169211557656
71381535323,Faucibus Leo In Corp.,0.6295037389530931,0.4430545392562821,0.13978737842117167,0.38464555868713235,61.535444131286766
71467727041,Arcu Et Pede Industries,0.7104010876954453,0.6599341818414073,0.818819271657996,0.7646101796767206,23.538982032327937
71475747855,Aliquet Molestie Corporation,0.002719238613188307,0.5341908352430751,0.3092060619769283,0.1559626502950583,84.40373497049417
71476669593,Non Luctus Sit Industries,0.7409925220938137,0.5098718957026493,0.2784437909975119,0.5097181565456628,49.02818434543372
71518311042,Aliquam Adipiscing Company,0.48515748923634716,0.4937476279876567,0.23207419135942095,0.35861584029788407,64.1384159702116
71523080801,,0.8710627690913211,0.6549791192476767,0.6555078036643294,0.7632852863778252,23.671471362217478
71528203369,Ipsum Primis Associates,0.5778382053025153,0.29672468501502647,0.01967880570006786,0.29875850550129157,70.12414944987084
71538439295,Morbi Metus Limited,0.38635848629050534,0.2968390597093025,0.020357385206966748,0.20335793574873604,79.6642064251264
71612636096,Lorem Luctus Associates,0.5175617493768412,0.5759388836721504,0.3838498077358064,0.45070577855632377,54.92942214436762
71616292306,Ipsum Porta Incorporated,0.08225696804894629,0.6550946748161478,0.658222121691925,0.37023954487043564,62.97604551295643
71640437036,Proin Ultrices Associates,0.09857239972807613,0.6527826538387238,0.5923999095227324,0.3454861546254042,65.45138453745957
71649111610,At LLP,0.9261273510083843,0.6538835384699577,0.6229359873331826,0.7745316691707834,22.54683308292166
71668072331,Sapien Gravida Foundation,0.30591434398368456,0.6361503090833251,0.5107441755258991,0.40832925975479184,59.167074024520815
71674475255,Lacinia Mattis LLC,0.4015409018808067,0.29680522309695573,0.020131192038000453,0.21083604695940358,78.91639530405963
71703054238,Faucibus Orci Consulting,0.07228642646725583,0.6630843646661487,0.9439040940963583,0.5080952602818071,49.190473971819294
71727754465,,0.1989576251982778,0.4891028098023843,0.21691924903867904,0.20793843711847843,79.20615628815216
71729809380,In Consectetuer Ipsum Foundation,0.10378427373668705,0.6575358155372848,0.7299253562542412,0.4168548149954641,58.314518500453595
71757256494,Pharetra Nibh Inc.,0.24110582370269656,0.6596119788123009,0.8075096132096811,0.5243077184561888,47.569228154381115
71759376949,Pharetra Corp.,0.26195331973714026,0.3665491746794351,0.06921510970368695,0.1655842147204136,83.44157852795864
71761786483,Mauris Blandit PC,0.542034896895536,0.4362144403768903,0.13209681067631757,0.3370658537859268,66.29341462140732
71762159356,,0.9444822116474054,0.5005972265723729,0.2522053833974214,0.5983437975224134,40.16562024775866
71767386617,Nunc Mauris Sapien Consulting,0.539768864717879,0.6573663756142966,0.7208776294955892,0.6303232471067342,36.967675289326586
71787414647,Aliquam Arcu Industries,0.6159075458871516,0.5507234054669735,0.34426600316670436,0.48008677452692794,51.991322547307206
71825376355,Donec Porttitor Incorporated,0.7786086562429186,0.6518234753124164,0.5781497398778557,0.6783791980603872,32.16208019396129
71836374493,,0.967595739859506,0.486042072330389,0.20809771544899344,0.5878467276542497,41.21532723457503
71865847877,Ut Nec Urna LLP,0.4459551325628824,0.6539712616847786,0.6258764985297444,0.5359158155463134,46.40841844536866
71868219093,Arcu Sed Et Inc.,0.2587808746884206,0.6589162896468693,0.7765211490612983,0.5176510118748594,48.23489881251406
71874230481,,0.9370043054611376,0.5228809474383905,0.29653924451481567,0.6167717749879766,38.32282250120234
71910092040,Convallis Erat LLC,0.1441196464989803,0.6593195614087132,0.7959737615924,0.47004670404569016,52.99532959543099
71922512366,Ligula Consectetuer Institute,0.7781554498073873,0.6607346863841731,0.8532006333408731,0.8156780415741303,18.432195842586975
71946255432,Diam Institute,0.6018581463856787,0.5023300197907916,0.2569554399457136,0.4294067931656962,57.05932068343038
71961434094,Amet Diam Corporation,0.5128030818037617,0.29522617887839525,0.01538113548970821,0.26409210864673494,73.5907891353265
71982729179,Erat Eget LLC,0.776116020847496,0.5909721845681434,0.41076679484279577,0.5934414078451459,40.655859215485414
71989214810,Semper Et Lacinia Associates,0.3516881939723544,0.4492589657934997,0.15358516172811582,0.25263667785023514,74.73633221497649
72058040180,Mi Corporation,0.08406979379107184,0.33718759788843344,0.049762497172585386,0.06691614548182861,93.30838545181714
72064213561,Turpis Egestas Aliquam Corporation,0.8524813052345344,0.5659286785426328,0.3711829902736937,0.611832147754114,38.8167852245886
72064300998,Fringilla Ornare Corporation,0.013142986630410152,0.6294502685233724,0.4811128703913142,0.24712792851086215,75.28720714891378
72082377970,Nonummy Fusce LLP,0.7262633129390438,0.3940446139642291,0.08798914272788962,0.4071262278334667,59.28737721665334
72136613350,Rhoncus Proin Nisl Associates,0.22773623385452074,0.6385049394798373,0.5182085501017869,0.3729723919781538,62.70276080218462
72164128552,Ipsum Dolor Sit Ltd,0.8794470881486517,0.6084682761446432,0.4487672472291337,0.6641071676888927,33.589283231110734
72167534195,Quisque Libero Corporation,0.26331293904373443,0.6649626576950208,0.9767021035964714,0.6200075213201028,37.999247867989716
72177236569,Elit Pellentesque Inc.,0.6954452753229096,0.4536406273510701,0.16512101334539697,0.43028314433415327,56.971685566584675
72231375027,Sed Auctor LLC,0.6727849535463404,0.48832227947973994,0.21397873784211716,0.4433818456942288,55.66181543057712
72267722034,Donec Egestas Consulting,0.888737820077045,0.6603796766314252,0.8384980773580638,0.8636179487175544,13.638205128244563
72286618594,Risus In LLP,0.1262179922954906,0.6549429963263266,0.6539244514815653,0.39007122188852794,60.9928778111472
72296826112,Vel Lectus Corporation,0.2957171991842284,0.6635658112734631,0.9640352861343587,0.6298762426592935,37.012375734070645
72300821269,Sem Egestas Blandit Consulting,0.8033084069793791,0.46862329106817546,0.18796652341099299,0.49563746519518603,50.4362534804814
72361927236,Congue Associates,0.899841377747564,0.5383377945955207,0.31621805021488353,0.6080297139812237,39.197028601877626
72366568659,Ullamcorper Velit In Industries,0.6498980285520054,0.6621274431305124,0.91020131192038,0.7800496702361928,21.995032976380724
72397853535,Convallis Ante Lectus Ltd,0.37389530931339227,0.635100647156739,0.5059941189776068,0.4399447141454995,56.00552858545005
72399160347,Dui Cum Sociis LLP,0.12848402447314752,0.6540711934575795,0.6283646233883736,0.3784243239307606,62.15756760692395
72434058183,Ipsum Primis Corporation,0.7246770904146839,0.6590114703135119,0.7803664329337254,0.7525217616742046,24.74782383257954
72436557937,Dui Cras Consulting,0.1905733061409472,0.6487304754412427,0.5525899117846641,0.3715816089628057,62.84183910371943
72472909171,Nullam Consulting,0.5316111488783141,0.2957318404822285,0.01719068084143859,0.27440091485987633,72.55990851401238
72519488277,,,0.6624542968200566,0.9239990952273242,0.9239990952273242,7.600090477267585
72539760068,Nunc Risus Varius Ltd,0.38046680262859733,0.49970477167959393,0.2506220312146573,0.3155444169216273,68.44555830783727
72553304202,Rhoncus Proin Nisl Limited,0.7817811012916384,0.5557278568981138,0.35467088893915405,0.5682259951153962,43.177400488460385
72611840049,Lobortis Tellus Limited,0.2023566734647632,0.658996693502552,0.7796878534268266,0.49102226344579486,50.89777365542052
72647107998,Eu Sem Associates,0.8495354634035803,0.656668763040334,0.7023297896403529,0.7759326265219666,22.40673734780334
72652670028,At Augue PC,0.5968728755948335,0.6649853830520032,0.9769282967654377,0.7869005861801356,21.30994138198644
72660843393,Augue Porttitor Interdum Ltd,0.9390437344210287,0.6554974489917315,0.6713413254919701,0.8051925299564995,19.48074700435005
72673996108,Donec Sollicitudin LLC,0.7471108089734875,0.48405470660143196,0.20538339742139788,0.4762471031974427,52.37528968025573
72677672233,At Nisi Cum LLP,0.7398595060049853,0.6613781729611684,0.882831938475458,0.8113457222402216,18.86542777597784
72692207411,Suspendisse PC,0.4858372988896442,0.6820560578412839,0.9895951142275503,0.7377162065585973,26.228379344140272
72724420494,Nunc Ullamcorper Corp.,0.7183322003172445,0.6569810880746485,0.7104727437231395,0.714402472020192,28.5597527979808
72738688428,Donec Tempor Corp.,0.46838885112168593,0.46306251725780523,0.18185930784890297,0.3251240794852944,67.48759205147056
72758063852,Vestibulum Ante Ipsum Corporation,0.8221164740539315,0.4891154383856343,0.21714544220764534,0.5196309581307884,48.036904186921156
72760991600,Libero Incorporated,0.02583276682528892,0.38764762292800214,0.08414385885546256,0.05498831284037574,94.50116871596242
72762528640,Sit Amet Risus Associates,0.6764106050305915,0.6608970866740818,0.8606650079167609,0.7685378064736762,23.14621935263238
72780061668,Mattis Velit Justo Company,0.782007704509404,0.6404760482971448,0.5234109929880117,0.6527093487487079,34.72906512512921
72826002518,Sociis Natoque PC,0.8885112168592794,0.6631395871501425,0.9461660257860213,0.9173386213226503,8.266137867734969
72847069951,,0.36777702243371857,0.5944259684292407,0.4211716806152454,0.39447435152448196,60.55256484755181
72857570096,Neque Incorporated,0.6317697711307501,0.4988838267199495,0.24790771318706176,0.4398387421589059,56.01612578410942
72870379863,Et Eros Corp.,0.4371176070700204,0.5018535604101524,0.25559828093191583,0.3463579440009681,65.36420559990319
72886104064,Sit Amet LLC,0.8207568547473374,0.6520009791429324,0.5804116715675186,0.7005842631574279,29.941573684257207
72897360319,Sapien Imperdiet Ornare Consulting,0.3525946068434172,0.5016155154166475,0.25537208776294956,0.3039833473031834,69.60166526968166
72898830301,,0.006798096532970768,0.6263149986895287,0.47523184799819046,0.2410149722655806,75.89850277344195
72900319608,,0.005891683661907999,0.4254677125942022,0.12485862926939606,0.06537515646565203,93.46248435343479
72932341819,Malesuada Fringilla Est Inc.,0.7643326535236801,0.6536375957611192,0.6141144537434969,0.6892235536335884,31.077644636641153
73004400052,Erat Volutpat Institute,0.6231588488556538,0.6624848147414791,0.9251300610721557,0.7741444549639047,22.58555450360953
73046248717,Donec Fringilla Limited,0.7579877634262406,0.6636739251912576,0.9658448314860891,0.8619162974561649,13.808370254383506
73052515151,,0.11579424427826875,0.2570354675087639,0.00045238633793259444,0.05812331530810067,94.18766846918993
73055550807,Nunc Interdum Incorporated,0.7833673238159982,0.651041290527631,0.5650305360778104,0.6741989299469042,32.58010700530958
73057975450,,0.02288692499433492,0.5738968620152786,0.3806831033702782,0.20178501418230657,79.82149858176935
73096931114,Nulla Ante Iaculis Ltd,0.5520054384772264,0.6532883457957311,0.6032571816331147,0.5776313100551705,42.23686899448295
73114530701,Vestibulum LLP,0.2565148425107637,0.654552803584614,0.6417100203573852,0.4491124314340744,55.08875685659256
73121558118,,0.7042828008157715,0.6631886134120817,0.9491065369825831,0.8266946688991773,17.330533110082268
73130631030,Risus In Mi Corporation,0.28529345116700655,0.6538390897015262,0.6213526351504185,0.4533230431587125,54.667695684128745
73148634619,,0.840244731475187,0.657383729011245,0.7217824021714544,0.7810135668233207,21.898643317667933
73199959867,Ipsum Leo Associates,0.26784500339904826,0.6629675390597594,0.9387016512101335,0.6032733273045909,39.67266726954091
73204383732,Et Ultrices Inc.,0.3285746657602538,0.6357679217284973,0.5093870165121014,0.4189808411361776,58.10191588638224
73205504863,At Pretium Limited,0.21323362791751643,0.661262013311321,0.8760461434064691,0.5446398856619927,45.536011433800724
73221370757,Sed Turpis Corporation,0.8769544527532291,0.6631729379884436,0.9479755711377517,0.9124650119454905,8.753498805450954
73225085327,Gravida Sit Industries,0.49490142760027195,0.6528634615925046,0.5948880343813617,0.5448947309908169,45.510526900918315
73227776133,A Odio Semper Incorporated,0.466122818944029,0.6304895980649,0.48382718841890976,0.4749750036814694,52.50249963185306
73242832551,Gravida Mauris Ut Corporation,0.2784953546340358,0.6608316083220153,0.8574983035512328,0.5679968290926343,43.200317090736576
73252278568,Vivamus Non Lorem LLP,0.15295717199184228,0.6635405760882847,0.9633567066274599,0.558156939309651,44.184306069034896
73256306726,Id LLP,0.5066847949240879,0.4507164707853066,0.15675186609364397,0.33171833050886596,66.8281669491134
73266193202,Velit In Aliquet Inc.,0.12440516655336506,0.6592527461119709,0.793033250395838,0.45871920847460157,54.12807915253984
73310644622,Vestibulum Ante Consulting,0.566281441196465,0.5963950454964897,0.42592173716353765,0.4961015891800013,50.38984108199986
73343245974,Convallis Erat Incorporated,0.5352368003625652,0.36318023787279113,0.06695317801402398,0.3010949891882946,69.89050108117054
73376110977,Fusce LLC,0.6381146612281895,0.6356737166658764,0.5091608233431351,0.5736377422856622,42.63622577143378
73416415122,Habitant Morbi Ltd,0.8334466349422162,0.6611725196076667,0.8726532458719747,0.8530499404070955,14.695005959290452
73439079670,,0.9984137774756402,0.38888359177665466,0.08482243836236146,0.5416181079190008,45.83818920809992
73440621827,Vehicula Pellentesque Inc.,0.47292091547699977,0.6595738055537084,0.8063786473648495,0.6396497814209247,36.03502185790754
73463200282,Proin Vel LLC,0.10401087695445276,0.497000456191266,0.2424790771318706,0.1732449770431617,82.67550229568383
73489866331,Eu Dui Cum Company,0.5547246770904147,0.4342515433794313,0.1309658448314861,0.3428452609609504,65.71547390390495
73499119023,Nisi Dictum Company,0.5230002266032178,0.6559804840910954,0.6862700746437458,0.6046351506234817,39.53648493765183
73500416211,Posuere Vulputate Lacus Industries,0.748923634715613,0.6520521054701184,0.5813164442433838,0.6651200394794984,33.487996052050164
73508037595,Felis Ullamcorper Associates,0.3086335825968729,0.6560937996562354,0.6894367790092739,0.4990351808030734,50.09648191969266
73527950332,Orci Ut Ltd,0.5114434624971674,0.48950245782409274,0.2182764080524768,0.36485993527482213,63.51400647251779
73528552702,Nec Urna Et Corp.,0.3607523226829821,0.6464520645017945,0.5376611626328884,0.44920674265793525,55.07932573420648
73533145785,,0.03535010197144799,0.5376619088298158,0.3146346980321194,0.1749924000017837,82.50075999982163
73546158413,Nec Ante Corp.,0.5422615001133017,0.6092017474178941,0.4496720199049989,0.4959667600091503,50.40332399908497
73555246475,Lobortis PC,0.2880126897801949,0.6554145932666194,0.6693055869712735,0.4786591383757342,52.134086162426584
73619221575,Mollis Duis Consulting,0.6190799909358713,0.40702094180532616,0.10337027821759782,0.36122513457673455,63.877486542326544
73645625064,,0.8237026965782914,0.40759136607853824,0.10427505089346302,0.4639888737358772,53.601112626412274
73648278886,Cras Vulputate Velit Incorporated,0.17108542941309768,0.6567114369148029,0.7041393349920833,0.43761238220259047,56.238761779740955
73649365788,Magna Tellus Associates,0.20167686381146613,0.6532500578313174,0.6030309884641484,0.40235392613780724,59.76460738621927
73668345880,Tincidunt Nunc Ac LLP,0.5565375028325402,0.6570609752176999,0.7127346754128026,0.6346360891226714,36.53639108773285
73674297591,Euismod Mauris Company,0.5576705189213687,0.6567999602207197,0.7068536530196788,0.6322620859705237,36.77379140294763
73683476429,,0.07364604577384999,0.6528280304164948,0.5937570685365302,0.3337015571551901,66.62984428448098
73713369509,Sed Diam Incorporated,0.5295717199184229,0.660978342506538,0.8649626781271206,0.6972671990227717,30.273280097722832
73731446835,Dictum Eu Incorporated,0.4797190120099705,0.6305946753507868,0.48450576792580863,0.4821123899678896,51.788761003211036
73745079397,Dictum Incorporated,0.08316338092000906,0.6622852976027959,0.9158561411445374,0.49950976103227324,50.04902389677268
73752456534,Mus Limited,0.30659415363698167,0.6433873127074392,0.5279348563673377,0.4172645050021597,58.273549499784025
73753317382,Gravida Sagittis Ltd,0.8876048039882166,0.6593088304480653,0.7946166025786021,0.8411107032834093,15.888929671659069
73761689784,Odio Sagittis Incorporated,0.23068207568547475,0.5093742161503729,0.2768604388147478,0.2537712572501113,74.62287427498887
73792600690,Odio Semper Associates,0.06254248810333107,0.527988645827407,0.3015154942320742,0.18202899116770263,81.79710088322973
73804469952,Egestas Duis LLP,0.6084296397008837,0.6296382624516429,0.48156525672924677,0.5449974482150652,45.500255178493475
73823772191,At Lacus Quisque Limited,0.5266258780874689,0.6600382175161492,0.822664555530423,0.6746452168089458,32.535478319105415
73836969394,Nunc Laoreet Lectus Industries,0.6680262859732609,0.6581036754219043,0.7505089346301742,0.7092676103017175,29.073238969828253
73841664453,Lacinia At LLP,0.7946974847042828,0.663154565612614,0.9470707984618865,0.8708841415830846,12.911585841691542
73843758222,Sed Malesuada Augue LLC,0.12100611828687967,0.6542618854457884,0.6331146799366659,0.3770603991117728,62.29396008882272
73895811023,Libero Mauris Aliquam Associates,0.7645592567414458,0.6571057657539222,0.7140918344266003,0.7393255455840231,26.06744544159769
73909892719,Lorem Fringilla Ltd,0.9811919329254476,0.6177150808774919,0.4639221895498756,0.7225570612376616,27.74429387623384
73918814753,Venenatis Lacus Etiam LLC,0.5560842963970088,0.4255722146435046,0.12508482243836236,0.3405845594176856,65.94154405823144
73972053940,Quis Tristique Ac Associates,0.5048719691819624,0.2958258750439948,0.017416874010404884,0.2611444215961837,73.88555784038164
73973714129,Enim Etiam Institute,0.2288692499433492,0.652676953738339,0.5903641710020358,0.4096167104726925,59.03832895273076
73980410353,Suspendisse Sed Dolor Institute,0.4849308860185815,0.5874509647244758,0.40104048857724495,0.4429856872979132,55.70143127020868
74019238521,Ac Limited,0.5350101971447995,0.3783957814973695,0.07803664329337254,0.306523420219086,69.34765797809139
74024744735,Eu LLP,0.5388624518468162,0.6336818069702344,0.49920832390861797,0.5190353878777171,48.09646121222829
74044580274,Morbi Tristique Corporation,0.2021300702469975,0.655575039458703,0.6740556435195657,0.4380928568832816,56.19071431167184
74046727484,Vestibulum Accumsan Neque Ltd,0.6224790392023567,0.3094929203909041,0.0325718163311468,0.32752542776675175,67.24745722332483
74061266589,Dolor Donec Corporation,0.9696351688193973,0.5644878896806443,0.36959963809092966,0.6696174034551634,33.03825965448366
74063123996,Nec Eleifend Non Ltd,0.5510990256061636,0.4147238040636451,0.1135489708210812,0.3323239982136224,66.76760017863776
74084069481,Aenean LLP,0.2080217539089055,0.6833353791163587,0.9923094322551459,0.6001655930820257,39.98344069179743
74093231988,Mi Eleifend Company,0.6596419669159302,0.5185980299304376,0.2926939606423886,0.47616796377915943,52.38320362208406
74116888698,Mauris Ut PC,0.94108316338092,0.6581411588308222,0.7509613209681067,0.8460222421745134,15.397775782548662
74142277711,Et Magnis Associates,0.36709721278042146,0.4458065578044774,0.1465731734901606,0.256835193135291,74.3164806864709
74155418313,Egestas Ligula Corp.,0.7652390663947428,0.5764275855822286,0.384302194073739,0.5747706302342409,42.522936976575906
74175386039,Accumsan Institute,0.2524359845909812,0.6213587478033094,0.46844605292920155,0.3604410187600914,63.95589812399086
74207689493,Mauris Sagittis Industries,0.10129163834126445,0.6588148044484617,0.7729020583578375,0.437096848349551,56.2903151650449
74220937512,Sodales Nisi Magna Institute,0.3956492182188987,0.6615692118793501,0.8893915403754806,0.6425203792971896,35.747962070281034
74247444320,Enim Corporation,0.2882392929979606,0.6016533536501824,0.43542185026012215,0.36183057162904136,63.816942837095866
74275445911,Sodales At Velit Industries,0.9478812599138908,0.6548325928269294,0.6514363266229359,0.7996587932684134,20.03412067315866
74309678848,Integer Vitae Nibh LLP,0.8717425787446181,0.6586606188088278,0.767925808640579,0.8198341936925986,18.016580630740144
74319969182,Morbi Tristique Corp.,0.6308633582596873,0.4966933266011815,0.24134811128703912,0.43610573477336323,56.389426522663676
74321541375,Id Institute,0.24518468162247903,0.6028208036210444,0.4379099751187514,0.3415473283706152,65.84526716293848
74337286955,Lobortis Class Institute,0.9877634262406526,0.47374534778734545,0.19158561411445374,0.5896745201775532,41.03254798224468
74337408103,Donec At Inc.,0.7838205302515295,0.5913859623340221,0.41189776068762723,0.5978591454695784,40.21408545304216
74350755562,Nulla Facilisis Inc.,0.5812372535690007,0.6590342549039481,0.7814973987785568,0.6813673261737787,31.86326738262213
74353814311,Accumsan Interdum Libero Associates,0.8699297530024926,0.651109594946328,0.5652567292467767,0.7175932411246346,28.240675887536536
74369182597,Ridiculus Mus Donec LLP,0.7373668706095626,0.45308747395513055,0.16331146799366658,0.4503391693016146,54.96608306983855
74391255526,Vitae Semper Egestas Foundation,0.28506684794924086,0.539069461392915,0.31802759556661386,0.30154722175792736,69.84527782420726
74423856957,Convallis Ligula Donec Corp.,0.8411511443462497,0.6510113128908065,0.5648043429088442,0.702977743627547,29.702225637245306
74444459322,Tincidunt Adipiscing Inc.,0.2087015635622026,0.6588405663565505,0.7735806378647365,0.49114110071346956,50.885889928653036
74448581190,,0.622252435984591,0.6602518682032866,0.8321646686270074,0.7272085523057992,27.279144769420082
74449830326,Ac Corp.,0.5640154090188081,0.5521846143263378,0.3476589007011988,0.4558371548600034,54.416284513999656
74489671755,Lorem Ac Consulting,0.14797190120099704,0.6546081840496663,0.6441981452160145,0.39608502320850575,60.39149767914942
74505118182,Velit Quisque Varius Corporation,0.6059370043054612,0.6489925628855138,0.5546256503053608,0.580281327305411,41.9718672694589
74509504696,Dolor Quisque Institute,0.7600271923861319,0.5770775234257759,0.38543315991857047,0.5727301761523512,42.72698238476488
74519830790,,0.02787219578518015,0.5478887186949094,0.3358968559149514,0.18188452585006576,81.81154741499343
74526386577,Imperdiet Nec Limited,0.33763879447088146,0.654686429999867,0.6473648495815426,0.49250182202621207,50.749817797378796
74553285516,Eros LLP,0.5796510310446409,0.49014929680882824,0.2207645329111061,0.4002077819778735,59.97922180221265
74589998324,Nec Inc.,0.7806480852028099,0.4844490141184368,0.20606197692829675,0.49335503106555334,50.664496893444664
74648589246,,0.4813052345343304,0.31802051485363364,0.04139334992083239,0.2613492922275814,73.86507077724185
74684382790,Sem Ut Cursus LLP,0.6378880580104237,0.6632989393216467,0.9561185252205383,0.797003291615481,20.2996708384519
74690260858,Malesuada Ut Incorporated,0.2995694538862452,0.6563890027503226,0.6964487672472292,0.49800911056673713,50.19908894332629
74719827885,Cubilia Curae Corp.,0.8264219351914798,0.6605082996233574,0.8434743270753223,0.834948131133401,16.505186886659896
74752814665,Aliquam Erat Volutpat Associates,0.10740992522093813,0.6574088130480461,0.7226871748473196,0.4150485500341289,58.495144996587115
74753274268,Duis A Mi LLP,0.1611148878314072,0.5891296057326288,0.4057905451255372,0.2834527164784722,71.65472835215279
74764807084,Amet Ornare Limited,0.20439610242465442,0.6595331375001394,0.8045691020131192,0.5044826022188867,49.551739778111326
74777410897,,0.9786992975300249,0.6572731055456335,0.7188418909748926,0.8487705942524588,15.122940574754118
74780446526,Ad Litora Institute,0.6372082483571266,0.5033095950283092,0.2592173716353766,0.4482128099962516,55.178719000374834
74798553636,Scelerisque Industries,0.592114208021754,0.6529426539701928,0.5980547387468899,0.5950844733843219,40.49155266156781
74837094867,Quisque Ornare Tortor LLC,0.33627917516428735,0.3932908791996476,0.08708437005202443,0.2116817726081559,78.8318227391844
74845501802,Aliquam Ltd,0.7548153183775209,0.6545930578587086,0.6437457588780818,0.6992805386278014,30.07194613721986
74874670528,Aliquet Odio PC,0.300475866757308,0.5346495298116162,0.3105632209907261,0.30551954387401703,69.44804561259829
74882079282,Mattis Ornare LLP,0.9707681849082257,0.662986784487256,0.9400588102239312,0.9554134975660784,4.458650243392159
74916784885,Cursus Purus Associates,0.8406979379107183,0.6309433829659961,0.486315313277539,0.6635066255941287,33.64933744058713
74959038046,Cras Company,0.9220484930886018,0.6578919776855349,0.7432707532232526,0.8326596231559272,16.734037684407276
74959624448,Ornare Facilisis Corporation,0.019034670292318152,0.47678912292737663,0.1945261253110156,0.10678039780166687,89.32196021983331
74990074874,Non LLP,0.9365510990256062,0.6571019924950893,0.713865641257634,0.8252083701416201,17.47916298583799
75022145904,In Ornare Corporation,0.383639247677317,0.6632218740202427,0.9506898891653472,0.6671645684213321,33.28354315786679
75034515922,Ac Eleifend Corp.,0.5742125538182642,0.29633757967685626,0.01877403302420267,0.29649329342123343,70.35067065787666
75047095190,Condimentum Eget Limited,0.14683888511216858,0.6588486595637217,0.7738068310337027,0.46032285807293566,53.96771419270643
75077143451,Consequat Auctor Nunc Ltd,0.7675050985723997,0.6594209353175922,0.8000452386337933,0.7837751686030965,21.622483139690353
75079342466,Turpis Non Associates,0.8484024473147519,0.6615349927404552,0.887355801854784,0.8678791245847679,13.21208754152321
75089928159,Porttitor Vulputate Limited,0.5701336958984817,0.3223402874009491,0.04365528161049536,0.30689448875448855,69.31055112455114
75090756544,Suspendisse Tristique Company,0.27056424201223656,0.4627300421746914,0.18118072834200408,0.22587248517712033,77.41275148228797
75104340635,Nisl Elementum Ltd,0.3847722637661455,0.535589181265476,0.3119203800045239,0.34834632188533465,65.16536781146654
75131910841,Taciti Associates,0.24201223657375934,0.6227273150149324,0.4707079846188645,0.3563601105963119,64.36398894036881
75178170066,Sit Amet Diam Corporation,0.9651031044640834,0.6166456493446143,0.4609816783533137,0.7130423914086985,28.695760859130147
75204058478,Aliquam Auctor Velit LLP,0.5259460684341718,0.6633672485867265,0.9595114227550328,0.7427287455946023,25.727125440539766
75238031489,Tincidunt Foundation,0.7872195785180149,0.5865415871412066,0.3990047500565483,0.5931121642872816,40.688783571271834
75239540583,Eget Volutpat Ornare Institute,0.8096532970768185,0.6581539898443644,0.7514137073060394,0.780533502191429,21.946649780857097
75242363611,Posuere Cubilia Incorporated,0.3369589848175844,0.6555053591033738,0.6717937118299028,0.5043763483237436,49.56236516762564
75244502629,Egestas Company,0.5900747790618627,0.594822370023986,0.4227550327980095,0.5064149059299361,49.35850940700639
75256916133,,0.12395196011783367,0.6629528189411691,0.9384754580411672,0.5312137090795004,46.87862909204996
75265429612,Consectetuer PC,0.8610922275096307,0.4467047437988746,0.14838271884189097,0.5047374731757608,49.52625268242392
75289356942,Risus Odio LLP,0.19510537049626106,0.5778411789426376,0.38724270527030086,0.29117403788328095,70.8825962116719
75342681786,,0.5764785859959212,0.5929899873353839,0.4166478172359195,0.4965632016159203,50.34367983840797
75372814642,Nec LLC,0.469068660774983,0.5257046954146665,0.2992535625424112,0.3841611116586971,61.583888834130285
75393511037,Curabitur Dictum Phasellus LLC,0.7212780421481985,0.6549747512278431,0.6550554173263967,0.6881667297372975,31.18332702627025
75419006735,Mollis LLC,0.1556764106050306,0.6544047253733404,0.6369599638090929,0.39631818720706175,60.36818127929382
75452980559,Proin Eget Corporation,0.8832993428506685,0.651750000001954,0.5763401945261253,0.7298197686883969,27.018023131160305
75453677512,In Magna Foundation,0.0702469975073646,0.6553060357338246,0.6647817235919475,0.3675143605496561,63.2485639450344
75454398468,Tempus Non Lacinia Corporation,0.3186041241785633,0.3531733529086556,0.05519113322777652,0.18689762870316992,81.310237129683
75475421683,Magna Tellus Limited,0.6322229775662814,0.6515819266915281,0.5729472969916308,0.6025851372789561,39.74148627210439
75475698329,Vulputate Ullamcorper Magna Ltd,0.8511216859279401,0.661144049302832,0.8708437005202443,0.8609826932240923,13.901730677590773
75517762890,Cursus Et Corporation,0.08157715839564922,0.6578860241332175,0.7425921737163538,0.41208466605600147,58.791533394399856
75522897148,Vestibulum Lorem Inc.,0.10763652843870383,0.6604852255660648,0.8409862022166931,0.47431136532769846,52.56886346723015
75547072158,Velit Institute,0.1085429413097666,0.6592566610513515,0.7934856367337706,0.4510142890217686,54.898571097823144
75559137486,Velit Dui Inc.,0.578064808520281,0.40630254020154694,0.10246550554173264,0.3402651570310068,65.97348429689931
75566438995,Vivamus Nisi Mauris Inc.,0.2873328801268978,0.5740431435620287,0.3811354897082108,0.3342341849175543,66.57658150824457
75602537182,Justo Faucibus PC,0.1762973034217086,0.659377735045064,0.7993666591268944,0.4878319812743015,51.21680187256985
75646866762,Facilisis Limited,0.7568547473374122,0.5028438376129061,0.25763401945261255,0.5072443833950124,49.27556166049876
75664480997,Molestie Sodales PC,0.4341717652390664,0.4878322112909391,0.2119429993214205,0.32305738228024344,67.69426177197566
75683621690,Rutrum Magna LLC,0.7147065488329934,0.6522976292515726,0.5853879212847772,0.6500472350588853,34.99527649411147
75720304166,Mauris Aliquam Eu Ltd,0.48878314072059825,0.6626139611929673,0.9276181859307849,0.7082006633256916,29.179933667430834
75723980434,Velit Eget Foundation,0.39632902787219576,0.41039090677463497,0.10744175525899118,0.2518853915655935,74.81146084344066
75726900852,Erat Semper Rutrum Corporation,0.34511670065714933,0.657639820142035,0.7339968332956345,0.5395567669763919,46.04432330236081
75775044618,Mauris Sit Amet Ltd,0.7450713800135962,0.6632242843506945,0.9509160823343135,0.8479937311739548,15.200626882604517
75783319472,Non Leo Foundation,0.2252435984590981,0.5201643215025145,0.2940511196561864,0.25964735905764225,74.03526409423577
75850458091,Dictum Sapien Incorporated,0.3897575345569907,0.3695531779311862,0.07170323456231621,0.23073038455965345,76.92696154403465
75874457161,Aliquet Libero Industries,0.4545660548379787,0.4348451118946829,0.13164442433838497,0.2931052395881818,70.68947604118182
75875494789,Ut Pharetra Incorporated,0.18332200317244504,0.658220039479245,0.7536756389957023,0.4684988210840737,53.15011789159263
75881121130,In Hendrerit Ltd,0.4491275776116021,0.553710293077639,0.3503732187287944,0.39975039817019825,60.02496018298018
75892370170,,0.05755721731248584,0.26745292421673716,0.0006785795068988917,0.029117898409692363,97.08821015903077
75900778714,Laoreet Posuere Foundation,0.6970314978472695,0.6392464958729352,0.519791902284551,0.6084117000659102,39.158829993408986
75902032169,Accumsan Neque Consulting,0.3297076818490823,0.45473902906967395,0.16670436552816104,0.24820602368862166,75.17939763113783
75919025716,Rutrum Eu Ultrices Corp.,0.42397462043961026,0.6545058033902394,0.6410314408504864,0.5325030306450483,46.749696935495166
75944642726,Et PC,0.5522320416949921,0.29459313692331196,0.011762044786247455,0.28199704324061975,71.80029567593802
75975626029,Augue Eu Tempor Limited,0.8708361658735554,0.6620126875761945,0.9054512553720878,0.8881437106228216,11.18562893771784
75987403052,Phasellus Limited,0.9408565601631543,0.5723679780741298,0.37819497851164896,0.6595257693374017,34.04742306625983
76006740240,Pharetra Quisque Ac Ltd,0.10491728982551553,0.65954615320331,0.8052476815200181,0.4550824856727668,54.49175143272331
76020856062,Nunc Pulvinar Arcu Corporation,0.3149784726943123,0.6611532119707357,0.8715222800271432,0.5932503763607277,40.67496236392722
76021079177,Pede Malesuada Vel LLP,0.8826195331973714,0.5979945018969842,0.4302194073738973,0.6564194702856343,34.35805297143657
76070803743,Massa Corp.,0.11647405393156583,0.6519022293384429,0.5792807057226872,0.3478773798271265,65.21226201728734
76072100561,Auctor Velit Ltd,0.17539089055064583,0.6529042177312574,0.596697579733092,0.3860442351418689,61.39557648581311
76078244980,Nec Quam PC,0.7271697258101065,0.3796012896948963,0.07916760913820403,0.40316866747415525,59.683133252584476
76094539803,Rutrum Justo Corporation,0.06027645592567414,0.6570673394216838,0.7129608685817689,0.3866186622537215,61.33813377462785
76117653301,Porttitor Vulputate Posuere Consulting,0.95581237253569,0.5976863107001366,0.4297670210359647,0.6927896967858274,30.721030321417263
76149814641,Id Sapien Ltd,0.24722411058237026,0.661357002033902,0.8819271657995928,0.5645756381909816,43.542436180901845
76158785234,Et Eros LLC,0.29209154769997736,0.5557476068642911,0.3548970821081203,0.32349431490404884,67.65056850959512
76183421494,Orci Sem Incorporated,0.1812825742125538,0.652714041598092,0.591268943677901,0.38627575894522737,61.372424105477265
76191648069,Cras PC,0.8155449807387265,0.6348790519674344,0.5048631531327754,0.660204066935751,33.9795933064249
76224940587,,0.4074325855427147,0.5885414537910758,0.40465957928070573,0.40604608241171025,59.39539175882898
76235641670,Neque Venenatis Incorporated,0.7437117607070021,0.6554566446523287,0.6711151323230038,0.7074134465150029,29.25865534849971
76241460849,Ullamcorper Duis Cursus Associates,0.1436664400634489,0.5950450898787661,0.4234336123049084,0.2835500261841786,71.64499738158214
76251945060,Tempor Arcu Corp.,0.5476999773396782,0.4905104457727975,0.221443112418005,0.3845715448788416,61.54284551211584
76275088055,Vitae Risus Industries,0.6045773849988669,0.6357761198331664,0.5096132096810676,0.5570952973399672,44.29047026600328
76290947803,Facilisis Non LLP,0.3403580330840698,0.6610113310438249,0.8663198371409183,0.603338935112494,39.6661064887506
76314317957,Semper Corp.,0.5139360978925901,0.2967963392553483,0.019904998869034154,0.26692054838081214,73.30794516191878
76323008415,At Augue Limited,0.498527079084523,0.5128988335850132,0.2847771997285682,0.3916521394065456,60.83478605934545
76351454594,Et Eros Proin Consulting,0.6698391117153863,0.6583927167665599,0.7600090477267587,0.7149240797210725,28.50759202789275
76351957431,Libero Est Congue Ltd,0.7573079537729436,0.6617993993849978,0.8975344944582674,0.8274212241156055,17.257877588439452
76369909295,Eget Metus Industries,0.5540448674371176,0.6511501149546859,0.5661615019226419,0.5601031846798797,43.98968153201203
76385491690,Sed Dui Fusce Inc.,0.8590527985497394,0.6548813887249519,0.6527934856367338,0.7559231420932366,24.407685790676336
76414358676,Eget Volutpat LLP,0.33877181055970995,0.6432395371332531,0.5272562768604389,0.4330140437100744,56.69859562899256
76419655212,Suspendisse Sagittis Nullam Company,0.033084069793791075,0.609619925352081,0.45080298574983035,0.24194352777181072,75.80564722281893
76470925707,,0.09902560616360752,0.6289959571468517,0.4799819045464827,0.28950375535504513,71.04962446449548
76482197253,Enim Nisl Elementum Corp.,0.2929979605710401,0.6580633589087558,0.7482470029405112,0.5206224817557756,47.937751824422435
76519958668,Ut Incorporated,0.701790165420349,0.6352140425792814,0.507577471160371,0.60468381829036,39.531618170964
76541333930,Tempus Scelerisque Corporation,0.7770224337185588,0.640462937283181,0.5231847998190454,0.6501036167688021,34.989638323119785
76586641794,Augue Porttitor Industries,0.9345116700657149,0.6549981330312247,0.6557339968332956,0.7951228334495053,20.48771665504947
76609397647,,0.7208248357126671,0.6619926201953026,0.9052250622031215,0.8130249489578942,18.697505104210578
76618399784,At Lacus LLP,0.01790165420348969,0.3907654364866944,0.08595340420719294,0.05192752920534131,94.80724707946587
76626119831,Tristique Pellentesque Inc.,0.5499660095173351,0.29356561975816586,0.008369147251752997,0.27916757838454404,72.0832421615456
76628269361,Odio Consulting,0.7330614094720145,0.6604618494932304,0.8405338158787604,0.7867976126753875,21.32023873246125
76646764782,Tempor Diam Inc.,0.6197598005891684,0.46674874543920725,0.18593078489029632,0.40284529273973235,59.715470726026766
76655671119,Erat LLC,0.6850215273056878,0.6673462349871727,0.9828093191585614,0.8339154232321246,16.608457676787538
76697587331,Interdum Enim Non Ltd,0.3263086335825969,0.6555826982592708,0.674281836688532,0.5002952351355645,49.97047648644355
76722958482,Fusce Aliquam Incorporated,0.7622932245637888,0.6063057759994677,0.4433386111739425,0.6028159178688657,39.718408213113435
76745031694,Tristique LLP,0.42170858826195334,0.6620229672416132,0.905677448541054,0.6636930184015037,33.63069815984963
76767266140,Phasellus At Limited,0.5893949694085656,0.29539733207182706,0.0160597149966071,0.30272734220258635,69.72726577974136
76818455401,Ullamcorper Nisl Foundation,0.9836845683208701,0.6551888301051831,0.6609364397195204,0.8223105040201952,17.768949597980477
76819856970,Egestas Blandit Ltd,0.6546566961250849,0.30914765512922476,0.031893236824247904,0.34327496647466643,65.67250335253337
76844649719,Donec Est Nunc Corp.,0.961024246544301,0.6533047349339022,0.6046143406469124,0.7828192935956066,21.718070640439336
76866488151,Euismod Urna Company,,0.6624581234075219,0.9242252883962905,0.9242252883962905,7.577471160370952
76899079409,Nec Diam PC,0.893949694085656,0.563173155640651,0.3684686722460982,0.6312091831658772,36.87908168341229
76910557723,Leo LLP,0.8474960344436892,0.4925398304595522,0.2284551006559602,0.5379755675498247,46.202443245017534
76934435529,Tellus Id Nunc Inc.,0.08882846136415137,0.6583107997758568,0.7559375706853653,0.4223830160247583,57.761698397524164
76968105359,Nec Limited,0.410151824155903,0.6827843632543912,0.9914046595792807,0.7007782418675919,29.922175813240813
77013874702,Pretium Neque Inc.,0.3308406979379107,0.6633671579086227,0.9592852295860665,0.6450629637619887,35.49370362380113
77032515735,Congue Turpis Consulting,0.3691366417403127,0.5612932080499418,0.36417100203573854,0.36665382188802564,63.33461781119743
77037096829,Nam Consulting,0.42941309766598684,0.5897391912297401,0.4073738973083013,0.41839349748714405,58.160650251285595
77071952077,Ac Industries,0.4312259234081124,0.5504641575129315,0.3435874236598055,0.38740667353395897,61.2593326466041
77074922873,Egestas Ltd,0.6539768864717879,0.662753358657901,0.933046821985976,0.7935118542288819,20.648814577111807
77090965820,A Arcu Industries,0.7278495354634036,0.4888039233016655,0.21601447636281385,0.4719320059131087,52.80679940868913
77126808895,,0.7468842057557218,0.6586055662420776,0.766342456457815,0.7566133311067684,24.338666889323157
77149983383,Egestas Aliquam Nec Ltd,0.7199184228416043,0.49088543588217065,0.22257407826283646,0.4712462505522204,52.87537494477797
77153404511,Purus Accumsan Ltd,0.5037389530931339,0.6544991871939794,0.64080524768152,0.572272100387327,42.7727899612673
77252929420,,0.07613868116927261,0.6562757612294076,0.6939606423885999,0.38504966177893624,61.49503382210637
77259097820,Hymenaeos Mauris LLC,0.4276002719238613,0.663380997165695,0.9599638090929654,0.6937820405084134,30.62179594915866
77292581216,Vitae Sodales LLP,0.801948787672785,0.6494332821221064,0.5575661615019226,0.6797574745873538,32.024252541264616
77313075219,Sed Sem Limited,0.5159755268524813,0.65741085652614,0.7233657543542185,0.6196706406033499,38.032935939665016
77334889816,Massa Ltd,0.07659188760480398,0.49169150745096607,0.2255145894593983,0.15105323853210115,84.89467614678988
77338620996,Fames Ac Turpis LLC,0.3460231135282121,0.31488399413172,0.03867903189323683,0.19235107271072446,80.76489272892755
77343745836,Nunc Ullamcorper Velit LLC,0.3548606390210741,0.5916813303460445,0.413254919701425,0.3840577793612496,61.59422206387504
77368674747,Quisque Purus Inc.,0.8382053025152957,0.4513444704673727,0.15901379778330693,0.4986095501493013,50.13904498506987
77370079637,Donec Sollicitudin Corp.,0.5458871515975526,0.6561892489355824,0.6923772902058358,0.6191322209016943,38.08677790983057
77397924030,Lacinia Mattis Corporation,0.2646725583503286,0.6612876399912775,0.8780818819271659,0.5713772201387473,42.86227798612528
77421432003,Vehicula Foundation,0.11534103784273737,0.6581631054828467,0.7516399004750056,0.4334904691588715,56.65095308411286
77505747217,Et Arcu LLC,0.5526852481305234,0.49586928106391037,0.23863379325944356,0.3956595206949835,60.43404793050164
77590625261,Sed Diam Foundation,0.4883299342850668,0.2990335210873505,0.02352408957249491,0.25592701192878087,74.40729880712192
77593244679,Mattis Ornare Associates,0.9580784047133469,0.6624730615531249,0.9249038679031893,0.9414911363082681,5.850886369173192
77595119441,Donec Tempor PC,0.43847722637661457,0.5087648786974731,0.27550327980095,0.3569902530887823,64.30097469112177
77617184086,Metus Vivamus Euismod LLP,0.11466122818944029,0.6570374767200398,0.7120560959059037,0.41335866204767197,58.66413379523281
77679081913,Nascetur Ridiculus Foundation,0.4151370949467482,0.6541439844219711,0.630174168740104,0.5226556318434261,47.73443681565739
77690613296,Cursus Et Eros Corp.,0.6363018354860639,0.4046295053067603,0.10042976702103597,0.36836580125354995,63.163419874645
77698107389,,0.41694992068887377,0.4515736303379096,0.15969237729020583,0.2883211489895398,71.16788510104601
77702973864,Non Consulting,0.03988216632676184,0.6108024149259665,0.4523863379325944,0.24613425212967813,75.38657478703219
77712035156,Ut Dolor Associates,0.7650124631769771,0.6614175671938844,0.8846414838271884,0.8248269735020828,17.517302649791723
77747303845,Curabitur Ut Odio Foundation,0.04214819850441876,0.5023030848065331,0.25672924677674736,0.14943872264058305,85.05612773594169
77834689084,Gravida Sagittis Duis Foundation,0.829141173804668,0.6517903737260656,0.5772449672019905,0.7031930705033292,29.680692949667076
77898879994,Sodales Mauris Limited,0.9064128710627691,0.6145037656073139,0.45985071250848225,0.6831317917856257,31.686820821437433
77909777861,Ac Mattis Velit LLP,0.8042148198504419,0.6553325820234533,0.6661388826057453,0.7351768512280936,26.48231487719064
77924688488,Elit Curabitur Sed PC,0.6043507817811012,0.5841685957019718,0.39606423885998643,0.5002075103205439,49.97924896794561
77925217758,Diam Pellentesque LLC,0.7885791978246091,0.5052160765341256,0.26532458719746665,0.5269518925110379,47.30481074889621
77929547081,Elementum At Egestas Ltd,0.7557217312485838,0.5042625687777388,0.26283646233883734,0.5092790967937105,49.072090320628945
77990807356,Natoque Penatibus Corp.,0.767278495354634,0.44769017289783086,0.15087084370052026,0.45907466952757714,54.092533047242284
77990903737,Semper Et Lacinia LLP,0.17788352594606843,0.5057291606818795,0.2678127120560959,0.22284811900108217,77.71518809989179
78004123157,Nisl Nulla Corporation,0.36211194198957625,0.6572507475795848,0.7174847319610947,0.5397983369753355,46.02016630246645
78037042040,Duis Elementum Industries,0.6267845003399048,0.6636829588504778,0.9662972178240217,0.7965408590819633,20.345914091803674
78040474274,Non Ante Consulting,0.04192159528665307,0.41530772635529173,0.1146799366659127,0.07830076597628288,92.16992340237171
78042516048,Est Ac Institute,0.3408112395196012,0.6516826329651909,0.5745306491743949,0.45767094434699807,54.23290556530019
78073971498,Venenatis A Industries,0.5803308406979379,0.4625871575913443,0.18072834200407148,0.3805295913510047,61.94704086489953
78080443264,Nullam Enim Sed Incorporated,0.6795830500793111,0.6909531723361211,0.9943451707758426,0.8369641104275769,16.30358895724231
78091331382,Turpis Foundation,0.608203036483118,0.40409363130097953,0.09907260800723817,0.3536378222451781,64.63621777548218
78105320756,Aliquet Odio LLP,0.45501926127351006,0.6637888188947958,0.9703686948654151,0.7126939780694626,28.730602193053745
78118727544,Cursus Et Inc.,0.32426920462270564,0.6178536864320396,0.4641483827188419,0.39420879367077377,60.579120632922624
78119440529,Pede Praesent Limited,0.4047133469295264,0.6599687027954081,0.8199502375028274,0.6123317922161768,38.76682077838232
78142743559,Sed LLP,0.2519827781554498,0.6606968164505073,0.8513910879891428,0.5516869330722962,44.831306692770376
78150905875,Pharetra Nibh Consulting,0.404260140493995,0.6609383700447333,0.8629269396064239,0.6335935400502094,36.64064599497906
78177627659,Tincidunt Limited,0.2696578291411738,0.4407004793903348,0.1382040262384076,0.2039309276897907,79.60690723102093
78187460332,Molestie Sed Limited,0.2463176977113075,0.6500576429421173,0.5598280931915857,0.4030728954514466,59.69271045485534
78207255639,Vitae Institute,0.2648991615680943,0.661103199289158,0.8699389278443791,0.5674190447062367,43.25809552937633
78213188724,Sem Industries,0.2721504645365964,0.5467163684786817,0.33295634471838953,0.302553404627493,69.74465953725071
78230317507,Dictum Cursus Nunc Industries,0.8817131203263087,0.6584428250825732,0.7615923999095228,0.8216527601179158,17.834723988208424
78279649113,Habitant Morbi Incorporated,0.9490142760027193,0.6622189360401763,0.9133680162859081,0.9311911461443136,6.880885385568636
78315017938,Euismod Inc.,0.02492635395422615,0.5870151665366139,0.40013571590137975,0.21253103492780295,78.74689650721972
78327477486,Auctor Inc.,0.5801042374801723,0.45362033577731203,0.16489482017643067,0.37249952882830145,62.75004711716985
78403451584,Duis A Institute,0.9329254475413551,0.38687533777701,0.08346527934856367,0.5081953634449594,49.180463655504056
78433042891,Dictum Mi Ac LLP,0.18264219351914798,0.6577471288044082,0.7373897308301289,0.46001596217463847,53.99840378253615
78508476745,Sapien LLP,0.6823022886924994,0.6570861872400885,0.7134132549197014,0.6978577718061004,30.214222819389956
78522984877,Viverra Maecenas Iaculis Associates,0.35690006798096535,0.5526715645635571,0.34878986654603034,0.35284496726349784,64.71550327365021
78526643558,Arcu Institute,0.1321096759573986,0.6627031738852548,0.9307848902963131,0.5314472831268559,46.85527168731441
78535319267,Et Inc.,0.495581237253569,0.6601528664899794,0.8280931915856141,0.6618372144195915,33.81627855804085
78563968372,Lorem Incorporated,0.28597326082030367,0.6579529961238397,0.7455326849129156,0.5157529728666096,48.42470271333904
78577106740,Donec Consulting,0.05189213686834353,0.4711857782065295,0.18954987559375708,0.12072100623105031,87.92789937689497
78585563847,Hendrerit Industries,0.2166326761840018,0.6605431748786569,0.8450576792580864,0.5308451777210441,46.91548222789559
78637548196,Luctus Et Institute,0.7718105597099478,0.5206330311120464,0.2947296991630853,0.5332701294365165,46.67298705634835
78663389603,Nullam Scelerisque Neque Industries,0.5850895082710175,0.6613448652932347,0.8817009726306265,0.7333952404508219,26.660475954917807
78734418649,Nulla In Tincidunt LLP,0.05415816904600045,0.6552450279045121,0.6622935987333183,0.35822588388965937,64.17741161103406
78747520227,Sed Orci Lobortis Inc.,0.0908678903240426,0.661205523245597,0.8737842117168062,0.4823260510204244,51.767394897957566
78760357380,Nibh Aliquam Corp.,0.5030591434398368,0.29825496973091287,0.023071703234562316,0.26306542333719957,73.69345766628004
78774961599,Nulla Integer Limited,0.1617946974847043,0.6614117164213049,0.8844152906582221,0.5231049940714632,47.68950059285368
78798828265,Diam LLC,0.6061636075232268,0.48846937556485087,0.21443112418004975,0.4102973658516383,58.970263414836175
78820544491,Tincidunt Aliquam LLP,0.7962837072286426,0.6309898911274088,0.4867676996154716,0.6415257034220572,35.84742965779428
78822658788,Mi Aliquam Ltd,0.2818944029005212,0.658814936192806,0.7731282515268039,0.5275113272136626,47.248867278633746
78850452637,Nullam Lobortis PC,0.2993428506684795,0.5532359536787672,0.3499208323908618,0.3246318415296706,67.53681584703294
78864123417,A Sollicitudin Orci Foundation,0.1937457511896669,0.630386623653208,0.48314860891201084,0.33844718005083885,66.15528199491611
78893833111,Mollis Non Corporation,0.881486517108543,0.6602897233355184,0.834878986654603,0.858182751881573,14.181724811842699
78905182348,Urna Incorporated,0.5431679129843644,0.36306454424714724,0.06672698484505768,0.30494744891471104,69.5052551085289
78908309708,Sed Libero Foundation,0.9929753002492635,0.6038820622595209,0.43949332730151547,0.7162343137753895,28.37656862246105
78914491399,Laoreet Lectus Quis Corporation,0.28846589621572627,0.6616838830085526,0.8934630174168741,0.5909644568163002,40.903554318369984
78916025936,Urna Nec Corporation,0.6936324495807841,0.6586810679276541,0.7688305813164442,0.7312315154486142,26.87684845513858
78949485914,Fermentum Metus Ltd,0.4090188080670746,0.644865728351712,0.5308753675638995,0.46994708781548705,53.0052912184513
78957925458,Volutpat Nunc Institute,0.9519601178336733,0.6627700605266812,0.9339515946618412,0.9429558562477572,5.704414375224276
78963299452,Egestas Foundation,0.27985497394062997,0.6587792272392136,0.7719972856819725,0.5259261298113012,47.40738701886988
78980774216,Laoreet Company,0.09154769997733968,0.6476857485539292,0.5462565030536077,0.3189021015154737,68.10978984845264
78982081666,Lectus Corp.,0.295263992748697,0.5132499260259454,0.28636055191133225,0.2908122723300146,70.91877276699854
79008028287,Feugiat Nec Diam LLC,0.42963970088375253,0.6598914359521667,0.8163311467993667,0.6229854238415596,37.701457615844035
79070032105,Sem Egestas Associates,0.9564921821889871,0.4914728456894025,0.22393123727663425,0.5902117097328107,40.978829026718934
79070278461,Dapibus Id Inc.,0.5644686154543395,0.6528971136404144,0.5964713865641258,0.5804700010092326,41.95299989907674
79081516258,A Neque LLP,0.0011330160888284614,0.38803015232870025,0.08459624519339516,0.04286463064111181,95.71353693588883
79100970961,Nunc Quisque Ornare Institute,0.6349422161794698,0.6711773975101021,0.9862022166930559,0.8105722164362628,18.942778356373722
79123236887,,0.2320416949920689,0.43696305258232687,0.13345396969011536,0.18274783234109213,81.72521676589078
79139132553,Nec Diam Limited,0.8787672784953546,0.520570737505663,0.29450350599411895,0.5866353922447368,41.33646077552632
79143633916,Tellus Phasellus Elit Associates,0.02379333786539769,0.5132649353434,0.2865867450802986,0.15519004147284812,84.4809958527152
79178157512,Mollis Duis Institute,0.1910265125764786,0.6587425088197858,0.7715448993440398,0.4812857059602592,51.871429403974076
79198689842,Donec Luctus Industries,0.30092907319283935,0.40569790086959256,0.10178692603483375,0.20135799961383655,79.86420003861635
79246172899,,0.04532064355313845,0.39578455109606,0.08912010857272111,0.06722037606292978,93.27796239370703
79248381674,Tellus Non LLC,0.4099252209381373,0.6386652579838223,0.5186609364397196,0.46429307868892844,53.57069213110716
79251685752,,0.03399048266485384,0.4931571821352168,0.23094322551458946,0.13246685408972164,86.75331459102784
79269463423,Egestas Fusce Aliquet Company,0.6739179696351688,0.49697174656453097,0.24225288396290431,0.4580854267990366,54.19145732009633
79283124876,Pellentesque Massa Associates,0.43553138454566054,0.4963092974328155,0.24066953178014025,0.3381004581629004,66.18995418370997
79287836711,Per Company,0.9039202356673465,0.6586696775523402,0.7683781949785117,0.8361492153229291,16.385078467707093
79301733106,Non Egestas Incorporated,0.8343530478132789,0.6624391923674677,0.923094322551459,0.878723685182369,12.127631481763101
79306976993,Congue Elit Industries,0.06367550419215953,0.4947243262172625,0.2354670888939154,0.14957129654303747,85.04287034569626
79355626551,Id Corp.,0.8805801042374801,0.6622960666200086,0.9165347206514364,0.8985574124444582,10.14425875555418
79359610588,Eget Mollis Corp.,0.5651484251076365,0.5324601669456309,0.3064917439493327,0.43582008452848464,56.41799154715154
79377496749,Non Cursus LLP,0.31815091774303195,0.6504695960054742,0.5618638317122823,0.4400073747276571,55.999262527234286
79390569536,Montes Nascetur Ridiculus Associates,0.3698164513936098,0.6592211588375108,0.7905451255372088,0.5801807884654093,41.98192115345907
79417999332,Phasellus At Company,0.5841830953999547,0.29776723708876374,0.02194073738973083,0.30306191639484276,69.69380836051573
79446222046,Ridiculus Mus PC,0.32744164967142536,0.6535969969313463,0.6120787152228002,0.4697601824471128,53.023981755288716
79469416437,Vel Quam Industries,0.20711534103784274,0.65539449075324,0.6686270074643745,0.43787117425110866,56.212882574889136
79479365013,Facilisis Non Inc.,0.7772490369363245,0.6256367041492631,0.4736484958154264,0.6254487663758754,37.45512336241246
79485323533,Libero Donec Associates,0.18014955812372535,0.6473939520528096,0.5439945713639448,0.3620720647438351,63.79279352561649
79517819732,Elit Corp.,0.12236573759347383,0.6597812053279576,0.8124858629269396,0.4674258002602067,53.257419973979324
79526372673,,0.040561975980058916,0.5103597441058942,0.28002714318027594,0.16029455958016742,83.97054404198326
79572520294,Viverra LLC,0.19329254475413551,0.6574723449010776,0.7269848450576792,0.46013869490590736,53.98613050940926
79633007926,Auctor Vitae Inc.,0.5896215726263313,0.31174634924547523,0.03392897534494458,0.3117752739856379,68.82247260143622
79645157255,Consectetuer Mauris Corp.,0.3757081350555178,0.3679431222971408,0.07034607554851843,0.22302710530201814,77.69728946979819
79657127260,Consectetuer Ipsum Industries,0.761386811692726,0.6599134925088338,0.8174621126441981,0.7894244621684621,21.057553783153793
79707467977,Pede Suspendisse Dui Incorporated,0.10174484477679584,0.6636093552676401,0.9651662519791903,0.533455548377993,46.654445162200695
79710547245,Aliquam Arcu Limited,0.34171765239066393,0.49215863287390027,0.2277765211490613,0.2847470867698626,71.52529132301375
79786100790,Consectetuer Adipiscing PC,0.9170632222977566,0.6626193824782518,0.9282967654376838,0.9226799938677201,7.732000613227985
79789227737,Ligula Elit Pretium Limited,0.22456378880580105,0.6549754854087144,0.655281610495363,0.43992269965058206,56.007730034941794
79800042168,,0.055064581917063225,0.5035347660353449,0.2601221443112418,0.1575933631141525,84.24066368858475
79825619910,Dui Quis LLP,0.16066168139587583,0.662345546421485,0.9190228455100656,0.5398422634529707,46.015773654702926
79827781481,Amet Risus Inc.,0.416043507817811,0.29735159306496,0.021488351051798235,0.21876592943480463,78.12340705651954
79830510987,Fusce Corporation,0.6786766372082483,0.45865660767214395,0.17371635376611627,0.4261964954871823,57.38035045128177
79890957413,Sed Orci Corp.,0.9367777022433719,0.6609576423725496,0.863831712282289,0.9003047072628305,9.969529273716947
79925938654,Turpis Vitae Ltd,0.7298889644232948,0.6633133120480782,0.956570911558471,0.8432299379908829,15.677006200911714
79928754880,Habitant Morbi Company,0.30342170858826195,0.6332384638240833,0.4967201990499887,0.40007095381912533,59.992904618087465
79931898050,Nascetur Ridiculus Company,0.27532290958531613,0.5145706194701,0.28817009726306264,0.2817465034241894,71.82534965758106
79941801716,Malesuada Ltd,0.527985497394063,0.4729363871162999,0.19090703460755484,0.3594462660008089,64.05537339991912
79953723663,,0.472014502605937,0.3186171543116786,0.04207192942773128,0.25704321601683416,74.2956783983166
79989686193,Lorem Ipsum Dolor LLC,0.13052345343303876,0.649906241413246,0.5596019000226193,0.34506267672782903,65.49373232721709
80067991455,Magna Duis Inc.,0.9401767505098573,0.5363611038791322,0.31259895951142275,0.62638785501064,37.361214498936
80089686333,Tincidunt Nibh LLP,0.7215046453659641,0.675058112247036,0.9873331825378874,0.8544189139519258,14.558108604807419
80104662510,Mus Aenean Eget Limited,0.40244731475186946,0.539911910417497,0.319610947749378,0.36102913125062375,63.89708687493763
80109801322,In Faucibus LLP,0.49127577611602086,0.30817113056404305,0.031214657317349015,0.26124521671668494,73.8754783283315
80116239104,Ut Semper Limited,0.04328121459324723,0.545702919206606,0.329563447183895,0.18642233088857113,81.35776691114289
80117428556,Arcu Consulting,0.18105597099478812,0.5364068344249894,0.31305134584935534,0.24705365842207172,75.29463415779283
80121625734,Nunc Company,0.6079764332653523,0.653855737793197,0.6222574078262837,0.615116920545818,38.4883079454182
80132164373,Integer Sem Corporation,0.7110808973487424,0.5775320532410735,0.38656412576340193,0.5488225115560721,45.11774884439279
80136098531,At Auctor LLC,0.7869929753002493,0.6602080703436763,0.8308075096132097,0.8089002424567295,19.109975754327046
80166805919,Eu Dui Foundation,0.5660548379786993,0.5272420421653919,0.3003845283872427,0.433219683182971,56.6780316817029
80178350391,At Pede Company,0.24495807840471334,0.6563957378951942,0.6966749604161955,0.47081651941045444,52.91834805895456
80191930269,Dolor Quisque Tincidunt Foundation,0.4869703149784727,0.6628526141978814,0.9355349468446053,0.711252630911539,28.8747369088461
80213126311,Elementum Purus Accumsan Inc.,0.8189440290052119,0.6623458618495601,0.9192490386790318,0.8690965338421219,13.090346615787807
80269355438,Massa Non Ante Foundation,0.9317924314525267,0.6518233253928035,0.5779235467088893,0.754857989080708,24.5142010919292
80287080694,Vulputate Risus Ltd,0.5710401087695445,0.6815241161673719,0.9891427278896178,0.7800914183295811,21.990858167041893
80324045558,Ipsum Dolor Sit Corporation,0.5211874008610923,0.2923504814281541,0.002940511196561864,0.2620639560288271,73.79360439711729
80338507655,Arcu Sed Incorporated,0.973487423521414,0.6533223531543825,0.6048405338158788,0.7891639786686464,21.083602133135358
80347921120,Faucibus Ltd,0.0675277588941763,0.589436954282644,0.4066953178014024,0.23711153834778934,76.28884616522107
80381533940,Aliquet Incorporated,0.2667119873102198,0.4647598071281933,0.18389504636959964,0.2253035168399097,77.46964831600903
80389596712,Lacinia LLC,0.2918649444822117,0.6621945962492615,0.9124632436100429,0.6021640940461273,39.783590595387274
80398579170,Mauris Erat Industries,0.1289372309086789,0.6590700697214026,0.7835331372992536,0.45623518410396624,54.37648158960337
80421506936,Scelerisque Mollis Consulting,0.26535236800362566,0.6606986486971155,0.851617281158109,0.5584848245808673,44.151517541913265
80426072728,Massa Non Ante Industries,0.0029458418309539994,0.3592631231580378,0.06061976928296765,0.03178280555696083,96.82171944430392
80499846916,Tempus Ltd,0.3612055291185135,0.6475926929823216,0.5453517303777425,0.45327862974812805,54.6721370251872
80508375382,Pharetra Nibh Institute,0.44754135508724224,0.595015747792322,0.4232074191359421,0.43537438711159215,56.46256128884078
80518954462,Neque Sed Dictum Incorporated,0.536823022886925,0.3002429183092451,0.02578602126215788,0.28130452207454143,71.86954779254586
80525145658,Mi Ac PC,0.7609336052571947,0.6532932269906551,0.6037095679710472,0.682321586614121,31.7678413385879
80551528183,Ac Ipsum LLC,0.4221617946974847,0.34331989037464,0.050667269848450575,0.23641453227296766,76.35854677270324
80556041042,Dolor Sit LLP,0.7210514389304328,0.6597238200574177,0.8111287039131418,0.7660900714217873,23.390992857821267
80597774208,Arcu Iaculis Enim Institute,0.8919102651257648,0.6566895800019876,0.7032345623162181,0.7975724137209914,20.24275862790086
80621802588,Nonummy Consulting,0.2136868343530478,0.6170288787457697,0.46211264419814524,0.3378997392755965,66.21002607244036
80664157260,,0.9922954905959664,0.4087275295893645,0.1058584030762271,0.5490769468360968,45.09230531639032
80682333501,Orci Corp.,0.6032177656922728,0.2973898945066839,0.021714544220764534,0.3124661549565187,68.75338450434813
80699593918,Aenean Gravida Nunc Institute,0.2961704056197598,0.6600313091774097,0.8222121691924904,0.5591912874061251,44.080871259387486
80701973278,Nunc PC,0.6668932698844323,0.45745404021216096,0.17145442207645328,0.4191738459804428,58.08261540195572
80731100978,Egestas Ligula Incorporated,0.8393383186041242,0.5034770794297118,0.2596697579733092,0.5495040382887167,45.04959617112833
80753862231,Praesent LLC,0.4343983684568321,0.6591695420533933,0.7873784211716807,0.6108883948142564,38.91116051857436
80762852492,Nam Interdum Industries,0.8425107636528438,0.47679924119303696,0.1947523184799819,0.5186315410664128,48.13684589335872
80779713037,Felis Consulting,0.9147971901200997,0.4971024973885486,0.2427052703008369,0.5787512302104684,42.12487697895316
80779820715,Euismod Enim LLC,0.5186947654656696,0.2951243008840325,0.015154942320741913,0.26692485389320575,73.30751461067942
80785565526,Tristique Senectus Ltd,0.5336505778382054,0.5996073136239272,0.43270753223252656,0.48317905503536596,51.68209449646341
80788167198,,0.34126444595513256,0.5483793853353498,0.33793259443564805,0.3395985201953903,66.04014798046097
80821603856,Semper Erat Inc.,0.06820756854747337,0.6598176978013457,0.8140692151097036,0.4411383918285885,55.88616081714115
80824405924,,0.07432585542714706,0.6598014998544494,0.8133906356028048,0.44385824551497594,55.6141754485024
80837517456,Sed Pede Institute,0.8624518468162248,0.44884908863494016,0.15268038905225062,0.5075661179342377,49.243388206576235
80893432676,Tincidunt Nibh Incorporated,0.3750283254022207,0.6582647002516377,0.7548066048405339,0.5649174651213773,43.50825348786227
80932809713,Non Leo Vivamus Incorporated,0.20688873782007705,0.6837685600773712,0.9927618185930784,0.5998252782065777,40.01747217934223
80953929257,Nunc Risus Consulting,0.40720598232494903,0.5131185949782169,0.286134358742366,0.3466701705336575,65.33298294663426
80982848464,Tempor Augue Limited,0.5980058916836619,0.4775556452628167,0.1952047048179145,0.3966052982507882,60.33947017492118
80989415297,Pede Foundation,0.4613641513709495,0.5873387148143251,0.4008142954082787,0.4310892233896141,56.891077661038594
80995075637,Facilisis Suspendisse Inc.,0.5291185134828914,0.5320259344773501,0.30558697127346757,0.4173527423781795,58.264725762182046
81002603831,Vitae LLP,0.5723997280761387,0.40325713991387635,0.0972630626555078,0.33483139536582324,66.51686046341767
81021509523,Mauris Industries,0.14842510763652844,0.6572731959496514,0.7190680841438588,0.4337465958901936,56.62534041098064
81080057116,Phasellus Libero LLP,0.9560389757534556,0.6620591232141076,0.9079393802307171,0.9319891779920864,6.801082200791364
81099631357,Ipsum Leo Limited,0.1941989576251983,0.6599876311390913,0.8213073965166252,0.5077531770709117,49.22468229290883
81103556310,In Nec Institute,0.14525266258780875,0.5982983706818349,0.4315765663876951,0.2884146144877519,71.15853855122481
81146325646,,0.7149331520507591,0.6331450674747923,0.4960416195430898,0.6054873857969245,39.451261420307546
81169447736,Tristique Ac Eleifend LLC,0.9168366190799909,0.6582571213714492,0.7541280253336349,0.8354823222068128,16.451767779318715
81219314324,Faucibus Leo Ltd,0.5966462723770678,0.2960156757373439,0.017869260348337482,0.30725776636270263,69.27422336372973
81227400064,Et Corporation,0.8604124178563336,0.6590425760097467,0.7821759782854558,0.8212941980708948,17.870580192910523
81231087950,Quisque Tincidunt Incorporated,0.657602537956039,0.6488825411113475,0.553268491291563,0.605435514623801,39.456448537619906
81246943924,Sit Amet Diam Institute,0.5356900067980965,0.5039727988653614,0.2614793033250396,0.39858465506156804,60.141534493843196
81249812970,Sapien Foundation,0.35327441649671426,0.5510581510393565,0.34562316218050215,0.34944878933860823,65.05512106613918
81271508783,Auctor Mauris PC,0.030364831180602764,0.5344126919252726,0.3101108346527935,0.17023783291669814,82.97621670833018
81276848014,Malesuada Fames Consulting,0.7403127124405167,0.6607504441560981,0.853879212847772,0.7970959626441443,20.29040373558557
81299585288,Eu Dui Cum Inc.,0.7604803988216633,0.6680476276600092,0.9837140918344266,0.8720972453280449,12.79027546719551
81325516978,Auctor Velit Industries,0.07477906186267845,0.6589593952994114,0.7783306944130287,0.4265548781378536,57.34451218621464
81333423763,Molestie Dapibus Ligula Company,0.6229322456378881,0.619389259038133,0.46618412123953856,0.5445581834387133,45.54418165612867
81337769582,,0.9648765012463177,0.44729275292816945,0.14951368468672246,0.5571950929665201,44.280490703347986
81369312244,Mauris Morbi Non Ltd,0.52866530704736,0.5286934739721941,0.30264646007690565,0.41565588356213284,58.43441164378671
81410315303,Sed Dictum PC,0.7022433718558804,0.30056176315351374,0.02691698710698937,0.3645801794814349,63.54198205185651
81454203401,Nam Porttitor Scelerisque LLC,0.5345569907092681,0.6632003718992013,0.9495589233205157,0.742057957014892,25.794204298510802
81464461997,Suspendisse Eleifend Cras PC,0.8184908225696805,0.6553714804422307,0.6677222347885093,0.743106528679095,25.6893471320905
81471697088,Torquent Per Incorporated,0.869703149784727,0.6617535872217506,0.895724949106537,0.882714049445632,11.728595055436797
81548651453,Mauris Blandit Limited,0.007477906186267845,0.5163306978123712,0.2902058357837593,0.14884187098501359,85.11581290149864
81561729667,Gravida Molestie Associates,0.27396329027872196,0.5910630945358166,0.41099298801176204,0.342478139145242,65.7521860854758
81572403264,Interdum Curabitur Company,0.601631543167913,0.6522089613850455,0.5833521827640805,0.5924918629659968,40.750813703400325
81578465750,Nec Cursus PC,0.38024019941083165,0.6545844851939527,0.6432933725401493,0.5117667859754904,48.82332140245096
81579058108,Urna Justo Foundation,0.29231815091774305,0.6603378191924554,0.8369147251752997,0.5646164380465214,43.53835619534786
81583941068,Aliquam Vulputate Ullamcorper Foundation,0.3578064808520281,0.44914902130968487,0.15313277539018322,0.25546962812110563,74.45303718788944
81615080499,Ornare Company,0.48311806027645593,0.525548039362159,0.2988011762044786,0.39095961824046727,60.90403817595327
81621391082,Faucibus Id Corp.,0.9680489462950373,0.6577916712240288,0.738973083012893,0.8535110146539652,14.648898534603482
81692875319,Nullam Scelerisque Neque Foundation,0.12712440516655338,0.6426251625535188,0.5263515041845737,0.32673795467556355,67.32620453244364
81761494572,Nulla Facilisis Institute,0.4273736687060956,0.29814268850004866,0.022845510065596018,0.22510958938584583,77.48904106141542
81776569986,Ante Nunc Consulting,0.256288239292998,0.46268708430118116,0.18095453517303778,0.21862138723301788,78.13786127669822
81790520013,Magna Praesent Interdum Incorporated,0.9177430319510537,0.5460172598744535,0.3309206061976928,0.6243318190743732,37.566818092562684
81836621910,Et Institute,0.3312939043734421,0.5362124981588228,0.3123727663424565,0.3218333353579493,67.81666646420507
81861692234,Fringilla Industries,0.4053931565828235,0.65771779610604,0.7364849581542637,0.5709390573685436,42.90609426314565
81877438808,Tempor Arcu Vestibulum Limited,0.4724677090414684,0.5729059119354176,0.37909975118751416,0.4257837301144913,57.42162698855087
81906511933,Sodales Purus In Ltd,0.3235893949694086,0.6618357961131961,0.8986654603030988,0.6111274276362537,38.88725723637463
81909596183,Sagittis Duis Corporation,0.24405166553365057,0.45212520453897603,0.16059714996607102,0.2023244077498608,79.76755922501391
81917023918,Et Corp.,0.1203263086335826,0.6576214699525207,0.732865867450803,0.4265960880421928,57.34039119578072
81950463278,Vulputate Posuere Foundation,0.53025152957172,0.6542678798890212,0.6335670662745985,0.5819092979231593,41.80907020768407
81986204097,Donec Fringilla Foundation,0.4192159528665307,0.6560074274852332,0.6874010404885772,0.5533084966775539,44.66915033224461
81986777523,Quis Urna Nunc Institute,0.938137321549966,0.3747528223396973,0.07645329111060846,0.5072953063302872,49.270469366971284
82027679475,Dolor Associates,0.3908905506458192,0.583751637926562,0.39515946618412123,0.39302500841497023,60.69749915850298
82044452251,Malesuada Integer Id Company,0.7455245864491276,0.5300236450340496,0.30400361909070345,0.5247641027699155,47.523589723008456
82045372678,,0.7801948787672784,0.6290698424652899,0.4804342908844153,0.6303145848258469,36.96854151741531
82063890289,Phasellus In Felis Associates,0.06730115567641061,0.5053708674612798,0.26622935987333185,0.16676525777487122,83.32347422251287
82065156333,Nascetur Ridiculus PC,0.48561069567187853,0.2930561271179367,0.006559601900022619,0.24608514878595059,75.39148512140494
82076270246,Lorem Ipsum Foundation,0.5946068434171765,0.31653361523631246,0.040036190907034606,0.31732151716210555,68.26784828378945
82079072750,Diam Eu Dolor Foundation,0.640607296623612,0.6489022136195475,0.5534946844605293,0.5970509905420707,40.29490094579293
82081024598,Placerat Orci Associates,0.6888737820077045,0.6567024516202865,0.7034607554851844,0.6961672687464444,30.383273125355558
82123916158,Egestas A Corp.,0.7310219805121233,0.4473821815935038,0.14996607102465506,0.4404940257683892,55.950597423161085
82143547560,Aenean Ltd,0.7765692272830275,0.6603642694565726,0.8378194978511649,0.8071943625670962,19.28056374329038
82179892802,Lacus Mauris Limited,0.23612055291185136,0.38211262499053633,0.08007238181406921,0.1580964673629603,84.19035326370397
82218291560,Vitae Mauris Sit PC,0.7126671198731022,0.6623261944144675,0.9181180728342004,0.8153925963536512,18.460740364634876
82225148007,Magna Nam Incorporated,0.8647178789938818,0.6616227180905937,0.8909748925582447,0.8778463857760632,12.215361422393677
82298341051,Eros Institute,0.61704056197598,0.4471460134585292,0.14906129834878987,0.38305093016238495,61.6949069837615
82307164889,Mi Pede LLP,0.5105370496261047,0.6603217454875756,0.8364623388373671,0.673499694231736,32.6500305768264
82317733329,Amet PC,0.8452300022660322,0.6564267319780751,0.6980321194299932,0.7716310608480127,22.83689391519873
82329510503,Orci Ut Institute,0.3124858372988896,0.6535624363125504,0.6111739425469351,0.4618298899229124,53.81701100770876
82368304209,Nec Incorporated,0.2431452526625878,0.31472066721009656,0.03800045238633793,0.14057285252446286,85.94271474755372
82388404800,Nec Leo LLP,0.135508724223884,0.6579095346140149,0.7439493327301515,0.4397290284770178,56.027097152298225
82403922740,Risus Quisque Incorporated,0.2927713573532744,0.6528762314800032,0.5955666138882606,0.4441689856207675,55.58310143792325
82414335931,,0.790165420348969,0.40523626252191824,0.10133453969690115,0.4457499800229351,55.42500199770649
82417485604,Aenean Massa Corporation,0.6705189213686834,0.4633341134439173,0.18253788735580184,0.4265284043622426,57.34715956377574
82426950076,Ipsum Non Arcu Incorporated,0.31293904373442105,0.5481686772038761,0.33702782175978285,0.32498343274710195,67.5016567252898
82428360644,Erat Institute,0.6086562429186494,0.6591963371506698,0.7889617733544447,0.698809008136547,30.1190991863453
82448693380,Vulputate Dui Nec Corp.,0.4226150011330161,0.3667058472687863,0.06966749604161954,0.2461412485873178,75.38587514126822
82451618238,Nunc Lectus Pede Institute,0.15748923634715614,0.606144805291287,0.4424338384980774,0.2999615374226168,70.00384625773832
82465857700,Eu Accumsan Sed Industries,0.9934285066847949,0.5043363970787256,0.26306265550780367,0.6282455810962992,37.175441890370074
82487226263,Id Magna Foundation,0.06412871062769092,0.6458715318926881,0.534946844605293,0.2995377776164919,70.04622223835081
82499272010,Sed Eget Foundation,0.6195331973714027,0.6604921615395573,0.8421171680615246,0.7308251827164636,26.917481728353643
82524209016,Nisi A Incorporated,0.944029005211874,0.6616486922347092,0.8916534720651437,0.9178412386385089,8.215876136149113
82539239304,Vitae Ltd,0.6571493315205076,0.6560319089381833,0.6885320063334087,0.6728406689269582,32.71593310730418
82545351270,Vel Inc.,0.1701790165420349,0.4208539039351179,0.1212395385659353,0.1457092775539851,85.42907224460149
82627733660,Vitae Velit Limited,0.819623838658509,0.653852947958993,0.6215788283193847,0.7206013334889468,27.939866651105316
82636765812,Porttitor Eros Nec Consulting,0.1588488556537503,0.6502217197969159,0.5607328658674509,0.3597908607606006,64.02091392393994
82642449321,Ante Maecenas Corporation,0.9123045547246771,0.6069798095012694,0.44582673603257184,0.6790656453786245,32.093435462137556
82729532791,,0.8561069567187855,0.6603922439210472,0.839402850033929,0.8477549033763572,15.224509662364284
82736268897,Ligula Eu Inc.,0.005438477226376614,0.4415735339061389,0.1386564125763402,0.0720474449013584,92.79525550986416
82774123839,,0.7348742352141401,0.6602407423554013,0.8314860891201086,0.7831801621671244,21.681983783287563
82786382916,Eu Tempor Ltd,0.39406299569453884,0.6522479440327728,0.5842569554399457,0.4891599755672423,51.08400244327578
82798125443,Donec Non Incorporated,0.838658508950827,0.55864395495355,0.35964713865641257,0.5991528238036198,40.08471761963802
82803045102,Lobortis Class Aptent Incorporated,0.29503738953093134,0.6556702437183876,0.6767699615471613,0.48590367553904634,51.409632446095365
82812059627,Fermentum Institute,0.3661907999093587,0.509148771297405,0.2757294729699163,0.3209601364396375,67.90398635603626
82814082077,Quisque Incorporated,0.15794244278268751,0.6578916618588825,0.7430445600542863,0.45049350141848693,54.9506498581513
82825632196,Arcu Vestibulum PC,0.055517788352594605,0.6065911357024957,0.44492196335670664,0.2502198758546506,74.97801241453494
82830773225,Eget Odio Inc.,0.06526172671651938,0.5977182268155764,0.42999321420493103,0.2476274704607252,75.23725295392748
82843310256,Ipsum Leo Industries,0.38862451846816226,0.6535376987676897,0.6104953630400362,0.4995599407540992,50.04400592459008
82843556649,Tristique Pellentesque Tellus Ltd,0.6972581010650352,0.6536910270140641,0.6168287717710925,0.6570434364180638,34.29565635819362
82851440438,Egestas Blandit Institute,0.9721278042148198,0.6634261560293365,0.9610947749377968,0.9666112895763084,3.3388710423691625
82852293268,Nullam Inc.,0.6569227283027419,0.6608318066020978,0.857724496720199,0.7573236125114704,24.26763874885296
82882460979,Sem Molestie Foundation,0.13460231135282122,0.5096960366375435,0.2779914046595793,0.20629685800620023,79.37031419937998
82882476966,Montes Nascetur Ltd,0.2603670972127804,0.6596016787824174,0.8068310337027822,0.5335990654577814,46.64009345422186
82912636758,Eu Dolor Egestas LLC,0.6857013369589848,0.43891243500998,0.13526351504184575,0.4104824260004153,58.951757399958474
82931448033,Augue Limited,0.12735100838431906,0.6189231801083203,0.4655055417326397,0.29642827505847935,70.35717249415207
82949994030,Mus Proin Inc.,0.7582143666440063,0.6634739878271968,0.9624519339515947,0.8603331502978004,13.966684970219955
82961950769,,0.03874915023793338,0.6420017466017176,0.525899117846641,0.2823241340422872,71.76758659577128
82998885148,Sed Est Nunc Foundation,0.678223430772717,0.6598049572248861,0.8136168287717711,0.745920129772244,25.4079870227756
82999039227,,0.06684794924087922,0.941347004808891,1.0,0.5334239746204397,46.65760253795603
83000061755,Eros Industries,0.42034896895535917,0.48398582162631276,0.20515720425243159,0.3127530866038954,68.72469133961046
83004629651,Auctor Odio Company,0.9236347156129617,0.6599688097780223,0.8201764306717937,0.8719055731423777,12.809442685762228
83045786081,Ac Turpis Egestas Associates,0.6068434171765239,0.657762892640419,0.7380683103370278,0.6724558637567759,32.75441362432241
83051195337,Porttitor Eros Institute,0.2662587808746884,0.6374727815637211,0.5148156525672924,0.3905372167209904,60.94627832790096
83058563505,Mauris A Inc.,0.8427373668706095,0.666241463031577,0.9812259669757973,0.9119816669232035,8.80183330767965
83077046675,Fusce Aliquam LLP,0.7520960797643327,0.6453547747044627,0.5324587197466637,0.6422773997554982,35.772260024450176
83113618128,Cras Sed Incorporated,0.82324949014276,0.658797498073435,0.772449672019905,0.7978495810813325,20.215041891866747
83137200038,Nisi Nibh LLP,0.8808067074552459,0.6640213079970297,0.9730830128930106,0.9269448601741282,7.3055139825871755
83147343261,Porttitor Scelerisque Neque Ltd,0.8853387718105598,0.6606009354775444,0.8473196109477493,0.8663291913791545,13.367080862084546
83159206648,At Lacus LLC,0.5134828914570587,0.6537913743866842,0.620221669305587,0.5668522803813228,43.31477196186771
83173175334,Enim Gravida Inc.,0.13528212100611828,0.5085804531377034,0.2745985071250848,0.20494031406560154,79.50596859343985
83177825742,Sed Facilisis Corp.,0.44618173578064807,0.3625930449643455,0.06604840533815878,0.2561150705594034,74.38849294405966
83199298021,Ligula Elit Pretium Foundation,0.46430999320190347,0.31934902970741047,0.04252431576566388,0.25341715448378366,74.65828455162163
83220249221,,0.354180829367777,0.6351245947057463,0.5062203121465731,0.4302005707571751,56.97994292428249
83261038949,Suscipit Est Ac LLP,0.2556084296397009,0.6627444845924629,0.9323682424790771,0.5939883360593889,40.6011663940611
83271526845,Adipiscing Ligula Corp.,0.6623612055291185,0.655699731541358,0.6785795068988917,0.6704703562140051,32.95296437859949
83314865468,Dapibus Ligula Institute,0.4747337412191253,0.6634382180753938,0.9615471612757295,0.7181404512474274,28.18595487525726
83316055023,,0.41944255608429637,0.6527319317356122,0.5919475231847998,0.5056950396345481,49.43049603654519
83323591742,Eget Dictum Limited,0.6879673691366417,0.45188785601557735,0.16014476362813843,0.4240560663823901,57.594393361761
83324551496,,0.6367550419215953,0.5019448786956234,0.25605066726984843,0.4464028545957218,55.35971454042782
83329078822,Rutrum Incorporated,0.5880353501019715,0.5597272150288671,0.36236145668400815,0.4751984033929898,52.48015966070102
83373791025,Venenatis Foundation,0.2968502152730569,0.6519755370227807,0.5797330920606197,0.4382916536668383,56.17083463331617
83412691377,Suspendisse Sagittis Nullam Associates,0.616360752322683,0.3536243896735853,0.05609590590364171,0.3362283291131623,66.37716708868378
83414869405,Hendrerit Donec Corporation,0.5943802401994108,0.4940859636284808,0.23320515720425244,0.41379269870183166,58.620730129816835
83415851389,Curabitur Egestas Nunc PC,0.5005665080444143,0.6559816661290073,0.686496267812712,0.5935313879285631,40.646861207143694
83421534972,Enim Mauris Quis Incorporated,0.8316338092000907,0.6607435096898071,0.8534268265098394,0.842530317854965,15.746968214503498
83421619944,Dui LLP,0.2612735100838432,0.6309966512037032,0.4869938927844379,0.37413370143414054,62.586629856585944
83559154052,At Libero Morbi Incorporated,0.7561749376841151,0.462251710573167,0.18027595566613888,0.468225446675127,53.1774553324873
83575543026,Ipsum Nunc Id LLC,0.2229775662814412,0.6553225454898898,0.6656864962678127,0.44433203127462695,55.5667968725373
83577754480,Donec Porttitor Foundation,0.7416723317471108,0.6486257531177547,0.5519113322777652,0.646791832012438,35.320816798756205
83620670827,Curabitur Massa Corp.,0.6904600045320644,0.3148100852685544,0.03822664555530423,0.3643433250436843,63.56566749563157
83679168109,Quis Lectus Ltd,0.18377520960797644,0.6589472514888007,0.7778783080750962,0.4808267588415363,51.91732411584638
83690644458,Id Erat Etiam Consulting,0.5282121006118287,0.29503622841046767,0.014250169644876725,0.2712311351283527,72.87688648716473
83691794327,Porttitor Ltd,0.929299796057104,0.6583634525874927,0.757973309206062,0.843636552631583,15.6363447368417
83702983188,Nunc In PC,0.2173124858372989,0.6593274648975912,0.7964261479303325,0.5068693168838156,49.31306831161844
83740063335,,0.35871289372309084,0.4109635398307543,0.10857272110382267,0.23364280741345675,76.63571925865432
83781478969,Nisi Aenean Company,0.6072966236120553,0.6573847672387073,0.7220085953404207,0.6646526094762379,33.5347390523762
83802687736,Molestie PC,0.8959891230455472,0.6583160601370889,0.7563899570232979,0.8261895400344226,17.38104599655774
83808082504,Ut Nisi A Corp.,0.12055291185134828,0.6413705761464177,0.5245419588328433,0.3225474353420958,67.74525646579042
83808438024,Quis LLP,0.4332653523680036,0.6553103169897434,0.6652341099298801,0.5492497311489418,45.07502688510582
83815730799,Feugiat Metus Sit Industries,0.5859959211420802,0.4521883646953798,0.16082334313503732,0.37340963213855877,62.65903678614413
83841202959,Risus Morbi Metus Institute,0.4223883979152504,0.6621099507370373,0.9092965392445148,0.6658424685798826,33.41575314201174
83878211395,A Felis Company,0.11012916383412645,0.6555532492024244,0.6731508708437005,0.39164001733891346,60.83599826610866
83878213821,Convallis Convallis Dolor Limited,0.1232721504645366,0.42816545943790907,0.12757294729699162,0.1254225488807641,87.45774511192359
83887431107,Tristique Associates,0.7942442782687514,0.6592698330183447,0.7941642162406696,0.7942042472547105,20.57957527452895
83891433615,Lacus Etiam Ltd,0.10786313165646952,0.6526966270447715,0.5910427505089346,0.3494529410827021,65.0547058917298
83893827922,,0.1552232041694992,0.43721526742610567,0.13413254919701426,0.1446778766832567,85.53221233167433
83901679234,Mauris Quis Turpis Associates,0.12916383412644458,0.6624334451798564,0.9228681293824926,0.5260159817544686,47.39840182455314
83930795096,Elit Pede Industries,0.3636981645139361,0.6649978270682984,0.9773806831033702,0.6705394238086532,32.946057619134685
83935353706,Curabitur Egestas Nunc Corp.,0.6519374575118967,0.6251357815075232,0.4731961094774938,0.5625667834946952,43.743321650530476
83953428830,Fringilla Est Ltd,0.6829820983457965,0.5905045521531138,0.40963582899796425,0.5463089636718803,45.36910363281197
83992396729,Orci Sem Eget Corporation,0.8447767958305008,0.6577544223780982,0.7378421171680615,0.7913094564992811,20.86905435007189
84048044848,Molestie Arcu Sed Corporation,0.796736913664174,0.4978621774518446,0.24541958832843247,0.5210782509963032,47.892174900369675
84056759251,Non Arcu Industries,0.09245411284840245,0.6579183926716474,0.7441755258991178,0.41831481937376014,58.16851806262399
84057522285,Egestas Ligula Industries,0.7156129617040562,0.414381246254443,0.1130965844831486,0.4143547730936024,58.56452269063976
84088835754,Congue Turpis In LLC,0.38273283480625425,0.4949489799753569,0.2361456684008143,0.30943925160353425,69.05607483964657
84124629080,Aliquet Corp.,0.10605030591434399,0.6467692690155552,0.5392445148156526,0.3226474103649983,67.73525896350017
84131378699,Hendrerit Corp.,0.7432585542714707,0.6360168945928298,0.5105179823569328,0.6268882683142017,37.31117316857983
84160298882,Egestas A Scelerisque LLC,0.40584636301835486,0.6601363710406744,0.82650983940285,0.6161781012106025,38.382189878939755
84213521057,Semper Nam Corp.,0.1438930432812146,0.6531432306685192,0.6014476362813843,0.3726703397812995,62.73296602187005
84226109829,Eleifend Nunc LLP,0.8982551552232042,0.6630091451348709,0.9407373897308301,0.9194962724770172,8.050372752298285
84228395458,Interdum Enim LLP,0.9605710401087696,0.3734913710268697,0.07554851843474326,0.5180597792717564,48.19402207282436
84355195068,Sed Est Nunc Institute,0.07296623612055292,0.6602686150483341,0.833295634471839,0.45313093529619597,54.6869064703804
84357911995,Nullam Vitae Inc.,0.8810333106730116,0.5922462865348705,0.4148382718841891,0.6479357912786003,35.206420872139965
84391677958,Tortor Nunc Foundation,0.8257421255381826,0.6621955953152454,0.9126894367790093,0.8692157811585959,13.078421884140411
84445217729,Eu Tellus Foundation,0.7015635622025833,0.6229919132732905,0.4711603709567971,0.5863619665796902,41.36380334203098
84448198573,Est Tempor Bibendum Industries,0.15771583956492183,0.617099178249647,0.4627912237050441,0.310253531634983,68.97464683650169
84453282583,,0.09517335146159075,0.49547878513864396,0.23772902058357837,0.16645118602258457,83.35488139774154
84478592825,Ac Orci Ut Foundation,0.9515069113981418,0.6821336186388646,0.990047500565483,0.9707772059818124,2.9222794018187614
84500933183,,0.8128257421255382,0.6490440001110727,0.5553042298122597,0.684064985968899,31.593501403110103
84507210939,Fermentum Convallis Ligula Foundation,0.2290958531611149,0.6602759619810937,0.8342004071477042,0.5316481301544095,46.83518698455905
84540911878,,0.2832540222071153,0.6726373630080511,0.9864284098620222,0.6348412160345688,36.51587839654312
84544964236,,0.9050532517561749,0.7213925352010548,0.9979642614793033,0.9515087566177391,4.849124338226085
84647062762,Iaculis Corporation,0.8384319057330614,0.6594609705076823,0.8023071703234562,0.8203695380282587,17.963046197174126
84674182559,Molestie Orci LLC,0.6607749830047587,0.648219283209293,0.5496494005881022,0.6052121917964304,39.47878082035696
84682880992,,0.474960344436891,0.6574261062045408,0.7242705270300837,0.5996154357334873,40.03845642665127
84703983173,Amet Consulting,0.47428053478359394,0.29438390564025085,0.010404885772449673,0.24234271027802182,75.76572897219782
84709480584,Erat Vivamus Inc.,0.2732834806254249,0.5567025770694571,0.35648043429088444,0.31488195745815467,68.51180425418453
84787662573,Varius Orci Inc.,0.0077045094040335375,0.40037454504945874,0.09432255145894594,0.05101353043148974,94.89864695685102
84790489548,Odio Aliquam Foundation,0.23340131429866304,0.6636841944571261,0.966523410992988,0.5999623626458255,40.00376373541745
84810238439,Auctor Mauris Company,0.07500566508044414,0.6589758707839388,0.7790092739199276,0.42700746950018587,57.29925304998142
84812509466,,0.08452300022660322,0.5509852149583669,0.34517077584256955,0.2148468880345864,78.51531119654136
84825393532,,0.840924541128484,0.6529161384033203,0.5971499660710247,0.7190372535997543,28.096274640024564
84895141974,Quam Quis Diam Consulting,0.1434398368456832,0.6567045053946591,0.7039131418231169,0.42367648933440005,57.63235106655999
84923186920,Penatibus Et LLC,0.7038295943802402,0.6581777097316481,0.7527708663198371,0.7283002303500387,27.169976964996135
84937597269,Enim Non LLC,0.2467709041468389,0.6538131900462916,0.6206740556435195,0.4337224798951792,56.62775201048208
85071946566,Est Mauris Associates,0.6460457738499886,0.6366585959040443,0.5130061072155621,0.5795259405327753,42.04740594672247
85085859341,Id Nunc LLP,0.0498527079084523,0.6604466385543497,0.8403076227097942,0.44508016530912325,55.49198346908768
85117752663,Tincidunt Ltd,0.9231815091774304,0.5677714263544509,0.3734449219633567,0.6483132155703936,35.16867844296064
85139489422,Ut Institute,0.7002039428959891,0.523338340769809,0.29721782402171454,0.49871088345885184,50.128911654114816
85148942307,Scelerisque Incorporated,0.9034670292318151,0.6552537545521215,0.6629721782402171,0.7832196037360162,21.67803962639838
85151559066,Imperdiet Inc.,0.8180376161341492,0.6544804516192692,0.6396742818366885,0.7288559489854188,27.114405101458118
85194491864,,0.5558576931792432,0.5048526913076926,0.26441981452160146,0.4101387538504223,58.98612461495777
85273542431,Vel Est Incorporated,0.9666893269884432,0.5652985357032173,0.3707306039357611,0.6687099654621022,33.129003453789785
85276983280,Lacus Varius Corp.,0.3514615907545887,0.5844769313202064,0.396516625197919,0.37398910797625384,62.60108920237462
85350608395,Cursus Et Magna PC,0.12984364377974167,0.659450417491819,0.8018547839855237,0.4658492138826327,53.41507861173673
85362139954,In Consequat Associates,0.5141627011103558,0.3698437438406048,0.07215562090024881,0.2931591610053023,70.68408389946977
85363843407,Lectus Ante Corporation,0.5533650577838205,0.6631818804607458,0.9486541506446505,0.7510096042142356,24.899039578576442
85364382870,,0.00997054158169046,0.4721089928351354,0.19000226193168968,0.09998640175669007,90.00135982433099
85385819407,Vel Corp.,0.7303421708588262,0.6751344311533384,0.9875593757068537,0.85895077328284,14.104922671716002
85414931149,Lorem Limited,0.6625878087468842,0.6608293164506088,0.8572721103822665,0.7599299595645753,24.00700404354247
85444000471,Phasellus Fermentum Limited,0.9571719918422842,0.4873533164159313,0.2110382266455553,0.5841051092439198,41.58948907560802
85449177396,In Lorem Corp.,0.8746884205755722,0.6513578518531827,0.5702329789640352,0.7224606997698038,27.753930023019624
85482742429,Mi Eleifend Egestas LLP,0.5234534330387491,0.7088131110541714,0.9975118751413707,0.76048265409006,23.951734590994
85490345732,Mauris Blandit Consulting,0.2755495128030818,0.6557880100628214,0.6803890522506221,0.47796928252685195,52.2030717473148
85502310765,Magnis Dis Parturient Industries,0.6711987310219805,0.5276376685062473,0.3010631078941416,0.48613091945806103,51.3869080541939
85528480784,Convallis Institute,0.7008837525492863,0.65829888601428,0.755711377516399,0.7282975650328427,27.170243496715727
85529538986,Sed Neque Associates,0.6344890097439384,0.35321719446811867,0.05586971273467541,0.3451793612393069,65.4820638760693
85556646149,Proin Nisl Inc.,0.4810786313165647,0.5101604482823012,0.27866998416647815,0.3798743077415214,62.012569225847855
85574524327,Est Tempor Inc.,0.25379560389757533,0.4426724755007699,0.13933499208323907,0.1965652979904072,80.34347020095927
85580030308,Condimentum Associates,0.13890777249036937,0.657880591929132,0.7421397873784211,0.44052377993439523,55.94762200656047
85590755551,Cras Industries,0.2877860865624292,0.6607858481463657,0.8552363718615698,0.5715112292119995,42.84887707880005
85618614233,Eget Limited,0.9288465896215726,0.659572854501155,0.8061524541958833,0.867499521908728,13.250047809127196
85626017907,Commodo At Libero PC,0.9397235440743259,0.4903808427008847,0.2209907260800724,0.5803571350771991,41.96428649228009
85684792409,Risus Donec Nibh LLC,0.9553591661001586,0.6082842485429186,0.44808866772223477,0.7017239169111966,29.827608308880336
85715076054,Arcu Vestibulum Corporation,0.949240879220485,0.663340935506022,0.9574756842343362,0.9533582817274106,4.664171827258945
85717338751,Convallis Company,0.34103784273736687,0.6598217409893258,0.8145216014476363,0.5777797220925016,42.22202779074984
85722411612,Ornare Placerat Industries,0.27124405166553367,0.6605420840127603,0.8448314860891201,0.5580377688773268,44.19622311226732
85726387922,Vivamus Sit Associates,0.2168592794017675,0.6533745778599588,0.6052929201538113,0.4110760997777894,58.892390022221065
85730774549,Vel Company,0.10808973487423522,0.6592173170531882,0.7900927391992761,0.4490912370367557,55.09087629632443
85765359302,Vestibulum Lorem Sit Limited,0.7255835032857466,0.6558348971699226,0.6817462112644198,0.7036648572750832,29.63351427249168
85813310401,Aliquet Nec Foundation,0.22411058237026965,0.6564258032379199,0.6978059262610269,0.4609582543156483,53.90417456843517
85881115796,Lorem Inc.,0.047360072513029684,0.660302644037141,0.8355575661615019,0.4414588193372658,55.85411806627343
85978665515,Euismod LLC,0.5232268298209835,0.5763644353916566,0.3840760009047727,0.45365141536287806,54.63485846371219
85990355197,Non Justo Proin LLP,0.07138001359619306,0.6093211768061569,0.44989821307396516,0.2606391133350791,73.93608866649208
86010199872,Orci In Foundation,0.7507364604577385,0.5512274457084939,0.3458493553494684,0.5482929079036034,45.17070920963966
86028994742,Turpis In Industries,0.5091774303195106,0.6609629859010904,0.8640579054512554,0.686617667885383,31.3382332114617
86081102504,Lorem Fringilla Limited,0.3920235667346476,0.6547963976922622,0.6500791676091382,0.5210513671718929,47.894863282810704
86083695354,,0.72014502605937,0.609965288488916,0.45170775842569555,0.5859263922425328,41.40736077574672
86094613754,Arcu Imperdiet Ullamcorper LLP,0.16564695218672104,0.6579915027800171,0.7464374575887808,0.45604220488775093,54.39577951122491
86101203168,Viverra Donec LLC,0.6038975753455699,0.4564669245174561,0.16987106989368922,0.3868843226196296,61.31156773803704
86130660254,Nam Interdum Enim Ltd,0.46725583503285745,0.6584933354798426,0.7627233657543542,0.6149896003936058,38.50103996063942
86131077097,Eu Nulla At Inc.,0.22615001133016088,0.6581907579368472,0.7529970594888035,0.4895735354094822,51.04264645905179
86137100428,Orci Company,0.7366870609562656,0.6637301099983007,0.9678805700067858,0.8522838154815258,14.771618451847424
86143428477,Donec Consectetuer Mauris Foundation,0.550872422388398,0.6560950840887427,0.6896629721782402,0.6202676972833191,37.97323027166809
86145109204,Non Quam Incorporated,0.7980965329707682,0.6576174616652836,0.7326396742818367,0.7653681036263025,23.46318963736975
86174823628,Eget Ipsum Suspendisse Industries,0.32381599818717427,0.4454792251277503,0.1456684008142954,0.23474219950073483,76.52578004992651
86182863634,Luctus Vulputate Nisi Institute,0.7065488329934285,0.45776989071756047,0.17190680841438588,0.4392278207039072,56.07721792960928
86187992452,Amet Ltd,0.5096306367550419,0.6623147444559182,0.9172133001583352,0.7134219684566886,28.65780315433114
86201172910,Ut Semper Incorporated,0.9843643779741672,0.6600351100806696,0.8224383623614567,0.903401370167812,9.659862983218803
86201937910,Libero Et LLC,0.0006798096532970768,0.43158491351692485,0.1296086858176883,0.0651442477354927,93.48557522645073
86223953880,Libero Et Inc.,0.39746204396102425,0.4037184385618544,0.0979416421624067,0.24770184306171547,75.22981569382846
86253699836,Nascetur Ridiculus Mus Foundation,0.9195558576931793,0.6511723764082611,0.5668400814295408,0.74319796956136,25.680203043864005
86269318582,Mauris Ut Mi Corporation,0.2465443009290732,0.6564229115224532,0.6975797330920607,0.47206201701056694,52.79379829894331
86305947527,Cursus Integer Corporation,0.22388397915250396,0.6612144020265327,0.8742365980547387,0.5490602886036213,45.093971139637866
86340649164,Est Corp.,0.23883979152503965,0.5830957159036926,0.39380230717032344,0.31632104934768157,68.36789506523185
86369183535,Neque Non Industries,0.41173804668026287,0.6628591883401436,0.9357611400135716,0.6737495933469172,32.62504066530828
86379949294,Porta Elit Foundation,0.10582370269657829,0.663106391355127,0.9445826736032572,0.5252031881499177,47.479681185008225
86388904574,Nullam Suscipit LLC,0.48266485384092456,0.45453382488604693,0.16647817235919476,0.32457151310005966,67.54284868999403
86398826270,,0.39859506004985273,0.5020155491667508,0.25627686043881476,0.32743596024433375,67.25640397556663
86402909403,Per Industries,0.8508950827101744,0.6593298658848056,0.796878534268265,0.8238868084892197,17.611319151078032
86406618443,Tincidunt Pede Ac Associates,0.6548832993428507,0.6603104722842977,0.8357837593304682,0.7453335293366594,25.46664706633406
86416078719,Quisque Porttitor Associates,0.42442782687514163,0.6549685293930685,0.6548292241574305,0.539628525516286,46.0371474483714
86441371046,Malesuada Fames Ltd,0.150237933378654,0.6095686317960176,0.4505767925808641,0.300407362979759,69.9592637020241
86451920285,Libero Integer In Inc.,0.7185588035350102,0.6948011301607669,0.9961547161275729,0.8573567598312916,14.264324016870845
86525942285,Neque Sed Dictum LLP,0.6566961250849762,0.6197956240791169,0.46686270074643743,0.5617794129157068,43.822058708429324
86578477987,Leo In Consulting,0.4788125991389078,0.29301358263680477,0.005881022393123728,0.24234681076601575,75.76531892339842
86591172660,Pretium Neque Morbi Ltd,0.6641740312712441,0.5890749149802242,0.4055643519565709,0.5348691916139074,46.513080838609255
86596364671,Pellentesque Eget Foundation,0.8060276455925675,0.6539006557744169,0.6238407600090478,0.7149342028008077,28.506579719919234
86621434137,Praesent Luctus LLC,0.9997733967822343,0.442394034445569,0.1391087989142728,0.5694410978482536,43.05589021517464
86662713230,Vestibulum Accumsan Associates,0.5878087468842057,0.31204540602057795,0.03415516851391088,0.3109819576990583,68.90180423009417
86670100004,Ipsum Suspendisse Non Ltd,0.05846363018354861,0.6517851118612661,0.5770187740330242,0.3177412021082864,68.22587978917136
86681981623,Ac Urna Company,0.772490369363245,0.6536743578015717,0.615697805926261,0.694094087644753,30.5905912355247
86710922099,Ac Urna Consulting,0.2349875368230229,0.4051956674725727,0.10088215335896857,0.16793484509099574,83.20651549090043
86741096013,Parturient Consulting,0.8273283480625425,0.6550805593429387,0.6579959285229586,0.7426621382927505,25.733786170724947
86744504251,Suspendisse Dui LLC,0.03285746657602538,0.6517915451740023,0.5774711603709568,0.3051643134734911,69.48356865265089
86772484982,Posuere Cubilia Curae LLC,0.5200543847722637,0.360808903557616,0.06288170097263063,0.2914680428724472,70.85319571275528
86791380020,Integer Urna Institute,0.05098572399728076,0.42336897989121286,0.12350147025559828,0.08724359712643952,91.27564028735605
86844861009,Luctus Sit Ltd,0.8980285520054385,0.6560121118850883,0.6878534268265099,0.7929409894159742,20.705901058402574
86850237223,Sociis Limited,0.5995921142080217,0.6512781381709938,0.5681972404433386,0.5838946773256801,41.610532267431985
86868464441,,0.9972807613868117,0.3258326962231977,0.045238633793259445,0.5212596975900355,47.87403024099645
86871438193,Nunc Interdum Inc.,0.586902334013143,0.3704612779853195,0.0732865867450803,0.3300944603791116,66.99055396208884
86885252971,Adipiscing Elit Associates,0.21776569227283027,0.5903027835158821,0.40918344266003165,0.313474567466431,68.6525432533569
86889657711,Accumsan Corporation,0.7360072513029685,0.632122258110235,0.49106536982583127,0.6135363105643998,38.64636894356002
86899611571,Euismod Mauris LLP,0.1851348289145706,0.6626875201539786,0.9303325039583804,0.5577336664364755,44.22663335635245
86904466480,Lacus Quisque Foundation,0.7910718332200317,0.661943607071048,0.9031893236824248,0.8471305784512282,15.286942154877181
86907350198,Dolor Fusce Ltd,0.6709721278042148,0.6471552348881328,0.5415064465053155,0.6062392871547652,39.37607128452348
86938703369,Ante Vivamus Corporation,0.25674144572852936,0.6397318680770325,0.5209228681293825,0.3888321569289559,61.11678430710441
87070475031,Ac Arcu Nunc LLC,0.08701563562202583,0.6444431763276518,0.530422981225967,0.3087193084239964,69.12806915760036
87070619541,Enim Industries,0.04849308860185814,0.6529747951989272,0.5987333182537887,0.32361320342782346,67.63867965721766
87076215407,Lacus Limited,0.12009970541581691,0.5706484136581392,0.37683781949785117,0.24846876245683402,75.1531237543166
87084550311,Vulputate Inc.,0.31565828234760934,0.4073205828686609,0.10359647138656412,0.20962737686708674,79.03726231329132
87092867947,Egestas Urna Limited,0.067754362111942,0.6472572965184772,0.5426374123501471,0.3051958872310445,69.48041127689555
87122475882,Lectus Sit Incorporated,0.06344890097439383,0.6580429891539187,0.7475684234336123,0.40550866220400306,59.44913377959969
87178039859,Ac Corporation,0.3745751189666893,0.6596232573107561,0.8077358063786474,0.5911554626726684,40.884453732733164
87203239896,Mauris Ltd,0.870382959438024,0.6615505520255658,0.8880343813616829,0.8792086703998534,12.079132960014661
87211363921,Mauris Non PC,0.29163834126444593,0.6600388653486757,0.8228907486993893,0.5572645449819176,44.27354550180824
87214879575,Nulla At Sem Limited,0.8250623158848855,0.6751488038635441,0.9877855688758199,0.9064239423803527,9.357605761964727
87233538213,Posuere At Incorporated,0.6999773396782234,0.6038715156943394,0.4392671341325492,0.5696222369053863,43.03777630946137
87284273126,Libero Mauris Inc.,0.08384319057330614,0.6097543550112341,0.45125537208776295,0.26754928133053457,73.24507186694655
87285933135,Proin Vel Associates,0.8005891683661908,0.6590887813235164,0.7842117168061524,0.7924004425861716,20.75995574138284
87300469819,,0.9791525039655563,0.49047639061639087,0.2212169192490387,0.6001847116072975,39.981528839270254
87340243269,Sapien Cursus Industries,0.5322909585316111,0.5037553126281005,0.261026916987107,0.39665893775935906,60.3341062240641
87369323065,Quam Curabitur Vel Inc.,0.8767278495354635,0.6613704322881762,0.8826057453064917,0.8796667974209775,12.033320257902247
87380473696,Convallis Erat Company,0.6444595513256288,0.6602642480640653,0.8330694413028726,0.7387644963142508,26.12355036857492
87404274320,Tincidunt Aliquam Associates,0.3797869929753003,0.4439376050227037,0.14204931011083466,0.26091815154306747,73.90818484569326
87451351990,Feugiat Sed Nec Foundation,0.30727396329027873,0.6561379993306952,0.6905677448541054,0.4989208540721921,50.10791459278079
87453687431,Non Sapien Ltd,0.3374121912531158,0.6483461682233637,0.5503279800950012,0.4438700856740585,55.61299143259415
87457891433,Magna Sed Incorporated,0.42669385905279855,0.5450790381515986,0.32843248133906355,0.37756317019593105,62.2436829804069
87459862096,Porttitor LLP,0.8377520960797643,0.6604995184497223,0.8427957475684235,0.8402739218240939,15.972607817590612
87566366459,Amet Foundation,0.9136641740312712,0.656386438284167,0.6962225740782628,0.804943374054767,19.505662594523297
87606625308,,0.24813052345343303,0.4817962116798429,0.20153811354897083,0.22483431850120195,77.5165681498798
87622758183,Imperdiet Dictum Magna Limited,0.9070926807160662,0.6537050138242363,0.6175073512779914,0.7623000159970288,23.76999840029712
87630626808,Eget Industries,0.4908225696804895,0.6565151778522679,0.6998416647817236,0.5953321172311066,40.466788276889346
87632767975,Aliquam Foundation,0.8597326082030364,0.5404792076106716,0.32074191359420945,0.5902372608986229,40.97627391013771
87639550697,Mauris Consulting,0.6632676184001813,0.3085306543298228,0.031440850486315314,0.3473542344432483,65.26457655567516
87654295342,,0.0469068660774983,0.5605962923397997,0.36371861569780595,0.2053127408876521,79.4687259112348
87667432396,Pharetra Nibh Aliquam PC,0.44504871969181964,0.31717710306079633,0.040488577244967204,0.2427686484683934,75.72313515316065
87700253779,,0.4049399501472921,0.3651948858283326,0.06876272336575436,0.23685133675652323,76.31486632434768
87711607508,Augue Malesuada Institute,0.22433718558803534,0.6541683133559069,0.6310789414159692,0.4277080635020023,57.22919364979977
87717092177,Lacinia Mattis Corp.,0.6573759347382733,0.4491884190414495,0.15335896855914952,0.4053674516487114,59.463254835128865
87719724258,Suspendisse Eleifend LLC,0.5202809879900294,0.48171972070500363,0.20131192038000453,0.360796454185017,63.920354581498295
87725508705,,0.890324042601405,0.651208961122498,0.5672924677674734,0.7288082551844393,27.119174481556072
87759704856,Neque Vitae LLC,0.9018808067074553,0.6532316955307503,0.602804795295182,0.7523428010013187,24.76571989986813
87767413481,,0.9487876727849536,0.42642313147602434,0.12644198145216015,0.5376148271185569,46.23851728814431
87769349119,Eget Metus Incorporated,0.9172898255155223,0.6584180787322841,0.7606876272336576,0.8389887263745899,16.101127362541014
87771712045,Vivamus Sit LLC,0.7273963290278722,0.4828366902807964,0.2033476589007012,0.4653719939642867,53.46280060357134
87788702467,Massa Suspendisse Industries,0.8941762973034217,0.6511576356490657,0.5663876950916082,0.730281996197515,26.9718003802485
87802246756,,0.44391570360299115,0.5975244429309429,0.42863605519113324,0.4362758793970622,56.372412060293776
87811059143,Rhoncus Id PC,0.7364604577384999,0.6433452650540182,0.5274824700294051,0.6319714638839524,36.80285361160476
87816203170,,0.8375254928619986,0.5053982475499355,0.2666817462112644,0.5521036195366316,44.78963804633685
87817449611,Vestibulum Associates,0.6961250849762066,0.6471197832165898,0.5412802533363492,0.6187026691562779,38.129733084372205
87824427219,Phasellus Fermentum Consulting,0.2954905959664627,0.5085898505486632,0.2748247002940511,0.2851576481302569,71.4842351869743
87852604073,Dolor Elit Company,0.8518014955812373,0.6574388730540087,0.7254014928749152,0.7886014942280762,21.139850577192377
87853468402,Taciti Sociosqu Ad Limited,0.8622252435984591,0.6615258496258692,0.886677222347885,0.8744512329731721,12.554876702682794
87898093521,Donec Felis Orci Corporation,0.05166553365057784,0.6874769613815094,0.99389278443791,0.5227791590442439,47.72208409557561
87901668493,,0.16043507817811012,0.5270943727934753,0.2999321420493101,0.23018361011371014,76.98163898862899
87915290368,Purus Mauris LLC,0.7332880126897802,0.5580853349801851,0.3587423659805474,0.5460151893351638,45.39848106648362
87919999302,Consectetuer Rhoncus Associates,0.8354860639021074,0.6630770961497774,0.9432255145894594,0.8893557892457834,11.06442107542166
87921002735,,0.7704509404033537,0.44381201531410197,0.14137073060393576,0.45591083550364475,54.40891644963553
87931914124,Felis Nulla Foundation,0.634035803308407,0.6612473790941996,0.8753675638995703,0.7547016836039886,24.52983163960114
87964227397,Vestibulum Lorem Incorporated,0.3140720598232495,0.4610411236726496,0.17824021714544222,0.24615613848434587,75.38438615156542
87982339334,,0.22071153410378427,0.49486822961219956,0.235919475231848,0.22831550466781614,77.16844953321839
87982653381,Eu Sem Pellentesque PC,0.36573759347382734,0.6614082382539667,0.8841890974892558,0.6249633454815415,37.50366545184585
87984437233,At Fringilla Associates,0.8205302515295717,0.666240985057547,0.980999773806831,0.9007650126682014,9.923498733179859
87998844202,A Corp.,0.6168139587582143,0.5007839955226543,0.252657769735354,0.4347358642467841,56.52641357532159
88020276364,,0.11398141853614321,0.42752957746409903,0.12712056095905905,0.12055098974760113,87.94490102523989
88040874613,Dapibus Id Ltd,0.17675050985723997,0.6167680349442846,0.46166025786021264,0.3192053838587263,68.07946161412737
88047242149,Quam Vel LLC,0.8388851121685927,0.6558099252791003,0.6812938249264873,0.76008946854754,23.991053145246
88052624284,Lobortis Mauris Suspendisse Associates,0.5225470201676864,0.661015073186569,0.866772223478851,0.6946596218232687,30.53403781767313
88079931689,Velit Eu Sem Inc.,0.7854067527758894,0.6935308292014232,0.9950237502827415,0.8902152515293155,10.978474847068453
88106318416,Ac Mi LLC,0.8898708361658736,0.6601029817631564,0.8256050667269849,0.8577379514464292,14.226204855357082
88114023637,In Mi Corporation,0.024699750736460458,0.6028020045402828,0.43768378194978513,0.2311917663431228,76.88082336568772
88116434496,,0.3990482664853841,0.6399031755944729,0.5216014476362814,0.4603248570608327,53.96751429391673
88124569339,Non Vestibulum Corp.,0.554498073872649,0.5876183410520698,0.40194526125311014,0.4782216675628796,52.17783324371204
88141903797,Nec Cursus A Corporation,0.48175844096986176,0.5393276618370657,0.3187061750735128,0.4002323080216873,59.97676919783127
88202878932,Tellus Id Limited,0.23022886924994335,0.6596043901853523,0.8070572268717485,0.5186430480608459,48.13569519391541
88215945141,Semper Nam Tempor LLC,0.6578291411738046,0.661862956694834,0.899570232978964,0.7786996870763843,22.130031292361572
88218638184,Gravida Sagittis Corporation,0.36483118060276454,0.6583499772433932,0.7575209228681293,0.5611760517354469,43.882394826455304
88230622213,Eu Tellus Ltd,0.7264899161568095,0.5877971698630854,0.40307622709794166,0.5647830716273756,43.521692837262435
88249446460,Pellentesque Habitant Morbi Institute,0.6118286879673691,0.4301814248973164,0.1284777199728568,0.370153203970113,62.984679602988706
88253903277,Ultrices Iaculis Inc.,0.02991162474507138,0.6523827225056372,0.5858403076227098,0.30787596618389057,69.21240338161094
88279777843,Ante Maecenas LLC,0.7040561975980059,0.45555150886239715,0.16828771771092513,0.4361719576544655,56.382804234553454
88299699256,Et Ultrices Posuere Associates,0.9025606163607524,0.6616052289302642,0.8902963130513458,0.8964284647060491,10.357153529395092
88358066529,Pede Cras Vulputate Consulting,0.4359845909811919,0.32592616130001434,0.04546482696222574,0.24072470897170883,75.92752910282911
88389375042,Dapibus Inc.,0.23226829820983458,0.5765417187850489,0.38475458041167154,0.3085114393107531,69.14885606892469
88393306198,Mauris LLC,0.47042828008157717,0.48062789932105704,0.19950237502827414,0.33496532755492564,66.50346724450745
88402174457,Duis Dignissim LLC,0.6838885112168592,0.47796567983305865,0.1958832843248134,0.4398858977708363,56.01141022291637
88435572170,Et LLP,0.4600045320643553,0.46772614343235625,0.1875141370730604,0.32375933456870787,67.62406654312922
88472152633,,0.8930432812145932,0.6629780276525767,0.9393802307170324,0.9162117559658127,8.378824403418728
88475230162,Urna Nullam Lobortis Institute,0.3988216632676184,0.6504875821556074,0.5623162180502149,0.48056894065891664,51.94310593410834
88487804108,Penatibus Et Magnis Industries,0.9501472920915477,0.65773086049479,0.7371635376611626,0.8436554148763551,15.63445851236449
88492245451,At Arcu LLC,0.22977566281441197,0.6612917493864872,0.8789866546030309,0.5543811587087215,44.56188412912785
88539253623,Purus Mauris Company,0.3102198051212327,0.42012827970953504,0.12010857272110383,0.21516418892116826,78.48358110788317
88547577701,Enim Etiam Industries,0.3995014729209155,0.3167867489752698,0.040262384076000905,0.2198819284984582,78.01180715015418
88553358884,Sed Consequat Limited,0.5152957171991842,0.40533405948376316,0.10156073286586745,0.3084282250325258,69.15717749674741
88555435517,,0.13029685021527307,0.4795561090580388,0.19724044333861118,0.16376864677694214,83.62313532230579
88563451053,Nisi PC,0.6251982778155449,0.4490031315815298,0.15290658222121692,0.3890524300183809,61.09475699816191
88568633938,Vulputate Dui Foundation,0.3052345343303875,0.6592372429658026,0.7919022845510065,0.5485684094406971,45.14315905593029
88587718979,Arcu Vestibulum Institute,0.8053478359392703,0.6218649920760269,0.46889843926713415,0.6371231376032023,36.28768623967977
88630093420,Sem Ut Dolor Inc.,0.5730795377294358,0.655108975143112,0.6586745080298575,0.6158770228796466,38.41229771203534
88642718732,Primis Corporation,0.18898708361658736,0.6604913675322293,0.8418909748925583,0.5154390292545729,48.45609707454271
88644745666,Orci Adipiscing Non LLC,0.9302062089281667,0.6067648576911846,0.44537434969463924,0.687790279311403,31.220972068859698
88652114856,Eros PC,0.2807613868116927,0.5087403350036609,0.2752770866319837,0.2780192367218382,72.19807632781618
88699453206,Sed Nec Inc.,0.4604577384998867,0.3149211396580056,0.03890522506220312,0.2496814817810449,75.03185182189551
88712190602,Aliquet Phasellus Fermentum Corporation,0.8923634715612961,0.662319989825303,0.9176656864962678,0.905014579028782,9.498542097121799
88717811993,Donec Tempus Foundation,0.7128937230908678,0.6323148488674668,0.49174394933273013,0.602318836211799,39.768116378820096
88718271716,Nunc Foundation,0.15658282347609337,0.6552758368120158,0.6641031440850487,0.410342983780571,58.9657016219429
88745863985,Fringilla Ornare Placerat Institute,0.012236573759347382,0.4906741708910181,0.22212169192490386,0.11717913284212562,88.28208671578743
88771102187,Sed Foundation,0.28144119646498983,0.6632910251463412,0.9549875593757069,0.6182143779203484,38.17856220796516
88795682549,Elit Sed Consequat LLC,0.6041241785633356,0.48691014528463017,0.2101334539696901,0.4071288162665128,59.287118373348726
88816810320,Libero Company,0.4418762746430999,0.5305072181638864,0.30468219859760237,0.3732792366203511,62.67207633796489
88848010071,Mauris Limited,0.03263086335825969,0.6033905061047219,0.4388147477946166,0.23572280557643815,76.42771944235618
88878493736,At Fringilla Company,0.7890324042601405,0.6527965053585352,0.5926261026916987,0.6908292534759196,30.91707465240804
88923351769,Malesuada Augue Ut Associates,0.24790392023566735,0.6414347616553104,0.5247681520018096,0.38633603611873846,61.366396388126155
88935026131,Morbi Neque Associates,0.20484930886018582,0.6390215568182666,0.5195657091155848,0.3622075089878853,63.77924910121146
88950371391,Erat Etiam Vestibulum PC,0.3462497167459778,0.509814633445089,0.2782175978285456,0.3122336572872617,68.77663427127383
88984392677,,0.33854520734194427,0.6684626480696925,0.9843926713413255,0.6614689393416349,33.85310606583651
88987269041,Commodo Tincidunt Corp.,0.31475186947654654,0.6639185740289987,0.9724044333861117,0.6435781514313291,35.64218485686709
88999491954,Turpis Aliquam LLC,0.01495581237253569,0.4820542654552755,0.2019904998869034,0.10847315612971954,89.15268438702805
89022158521,Sollicitudin Adipiscing Ltd,0.30636755041921593,0.3359936467701366,0.0490839176656865,0.1777257340424512,82.22742659575488
89022505272,Luctus LLC,0.7174257874461817,0.5943534613766099,0.4207192942773128,0.5690725408617472,43.09274591382528
89023030428,Ac Eleifend Inc.,0.04486743711760707,0.6609768344245628,0.8647364849581543,0.4548019610378807,54.51980389621194
89029397913,Elit Incorporated,0.858599592114208,0.657069512400157,0.7131870617507351,0.7858933269324715,21.41066730675285
89048727914,At Augue Corporation,0.28642646725583504,0.6349887949465567,0.5055417326396743,0.39598409994775463,60.401590005224534
89073186125,Nec Tellus Corporation,0.578744618173578,0.658587533559824,0.7661162632888486,0.6724304407312134,32.75695592687866
89097490915,Quisque Libero Lacus Limited,0.1874008610922275,0.6513152587578481,0.5691020131192038,0.3782514371057157,62.174856289428426
89107518982,Adipiscing Lobortis Risus Corporation,0.5354634035803308,0.3122831714202006,0.034607554851843476,0.2850354792160872,71.49645207839129
89109402284,Interdum Feugiat Sed Incorporated,0.9893496487650124,0.2907408314204997,0.0024881248586292692,0.49591888681182084,50.408111318817916
89129047209,Suspendisse Tristique Neque LLC,0.20031724450487198,0.5741350245115469,0.3813616828771771,0.29083946369102454,70.91605363089755
89133730546,Adipiscing Fringilla Porttitor Ltd,0.013596193065941536,0.45809153640423195,0.17281158109025108,0.0932038870780963,90.67961129219036
89143142781,,0.11783367323815998,0.6479185564768223,0.5482922415743045,0.3330629574062322,66.69370425937677
89153112408,Sagittis Limited,0.6551099025606164,0.6319719542795178,0.49038679031893234,0.5727483464397743,42.725165356022565
89175693833,Justo Sit Associates,0.3029685021527306,0.6514771814631307,0.5715901379778331,0.4372793200652818,56.27206799347182
89211610270,,0.0439610242465443,0.5619899847808935,0.3655281610495363,0.2047445926480403,79.52554073519597
89245892885,Lacus Associates,0.3210967595739859,0.5997167833984112,0.4329337254014929,0.37701524248773943,62.29847575122606
89249209432,Sem Pellentesque Ut Corp.,0.9691819623838659,0.6554528838055216,0.6706627459850713,0.8199223541844686,18.007764581553143
89260537373,Feugiat Incorporated,0.3138454566054838,0.44806531085698387,0.15132323003845283,0.2325843433219683,76.74156566780317
89271971543,Duis Cursus PC,0.4894629503738953,0.662092563798807,0.9088441529065823,0.6991535516402387,30.08464483597613
89295426212,,0.3609789259007478,0.36522812708042346,0.06898891653472065,0.21498392121773424,78.50160787822658
89297547843,Ut Aliquam Limited,0.477906186267845,0.6543481555452979,0.6353766116263289,0.5566413989470869,44.33586010529132
89389708676,Sit Incorporated,0.024019941083163382,0.6631787626496849,0.9484279574756842,0.4862239492794238,51.37760507205762
89430765327,Sodales Mauris Corporation,0.7976433265352368,0.6626127396993513,0.9273919927618186,0.8625176596485278,13.748234035147222
89502033586,Adipiscing Enim LLC,0.6415137094946748,0.3149893716835181,0.03913141823116942,0.3403225638629221,65.96774361370778
89518629617,Vulputate Velit Eu Limited,0.6736913664174031,0.48948190530754637,0.2180502148835105,0.4458707906504568,55.412920934954315
89536028092,Mauris Rhoncus LLC,0.42352141400407883,0.5982226920495448,0.4308979868807962,0.42720970044243756,57.27902995575624
89575340835,Sodales Mauris Corp.,0.09766598685701337,0.6208039655177563,0.4677674734223026,0.282716730139658,71.72832698603419
89590900097,Velit Eget Industries,0.2701110355767052,0.6631901878487718,0.9493327301515494,0.6097218828641273,39.02781171358727
89596715410,Neque PC,0.8477226376614548,0.645349124829981,0.5322325265776974,0.6899775821195762,31.002241788042383
89598973352,Ipsum LLC,0.20371629277135736,0.5895916391204591,0.4069215109703687,0.305318901870863,69.4681098129137
89618228232,Molestie Tortor Consulting,0.21549966009517335,0.4745367132295353,0.19226419362135264,0.203881926858263,79.6118073141737
89640578182,Magnis Foundation,0.4799456152277362,0.35944566812107387,0.06084596245193395,0.27039578883983506,72.96042111601649
89687562876,Mattis Cras Eget Company,0.17085882619533196,0.5123101297649342,0.2831938475458041,0.22702633687056806,77.2973663129432
89726005175,Est Nunc Consulting,0.5490595966462724,0.29295939188680653,0.005202442886224836,0.2771310197662486,72.28689802337513
89738742187,,0.32313618853387716,0.6492130515441106,0.5559828093191586,0.43955949892651786,56.04405010734821
89741543872,Felis Ullamcorper Corp.,0.16451393609789258,0.6597185386030813,0.8109025107441755,0.48770822342103404,51.2291776578966
89932674734,Nulla Vulputate Company,0.6027645592567414,0.3001075352011128,0.024881248586292693,0.31382290392151707,68.6177096078483
89933762267,Eget Venenatis Incorporated,0.3831860412417856,0.6609391565972987,0.8631531327753902,0.6231695870085879,37.68304129914121
89973342551,In Faucibus Corp.,0.5329707681849082,0.6657221614612602,0.9787378421171681,0.7558543051510381,24.414569484896187
90011689258,Nisi Institute,0.6020847496034444,0.6594543692244259,0.8020809771544899,0.7020828633789671,29.79171366210329
90025866810,Donec Feugiat Metus LLC,0.2501699524133243,0.6583318411550098,0.7570685365301968,0.5036192444717605,49.63807555282395
90058425621,Pellentesque Ut Associates,0.8934964876501247,0.6535717299375036,0.6114001357159013,0.752448311683013,24.755168831698704
90058450104,Vel Turpis Consulting,0.9009743938363924,0.6554318497590649,0.6702103596471387,0.7855923767417656,21.440762325823435
90087872851,Elit Pellentesque PC,0.4989802855200544,0.3014640083361851,0.027143180275955667,0.26306173289800505,73.69382671019949
90173050473,Lobortis Class Industries,0.5889417629730342,0.2952956994997415,0.015833521827640806,0.30238764240033755,69.76123575996624
90179131356,Lacus Mauris LLC,0.4715612961704056,0.4371955205835857,0.13390635602804796,0.3027338260992268,69.72661739007732
90188095187,Egestas Inc.,0.2494901427600272,0.6360040183240117,0.5102917891879665,0.37989096597399685,62.01090340260031
90215795341,,0.167912984364378,0.6535115459001972,0.6102691698710699,0.38909107711772395,61.09089228822761
90217817387,,0.1497847269431226,0.6339694910305411,0.5003392897534494,0.325062008348286,67.4937991651714
90290879666,Vulputate Dui Nec Company,0.30704736007251304,0.6379800753112373,0.5163990047500565,0.4117231824112848,58.82768175887152
90320801414,Venenatis A Ltd,0.6646272377067755,0.6307457831577266,0.4849581542637412,0.5747926959852583,42.52073040147417
90348927972,Sed Auctor Industries,0.2660321776569227,0.485338637074203,0.20741913594209455,0.23672565679950863,76.32743432004914
90360585833,Mauris Rhoncus PC,0.8987083616587356,0.661574312796944,0.889617733544447,0.8941630476015913,10.583695239840873
90404167929,Enim Suspendisse Aliquet Corp.,0.3013822796283707,0.5898815462999134,0.4076000904772676,0.3544911850528192,64.55088149471808
90415024734,Neque Tellus Imperdiet LLC,0.922728302741899,0.656027904854258,0.6883058131644424,0.8055170579531707,19.448294204682924
90459292204,Adipiscing Ligula Limited,0.25696804894629505,0.6573258487588027,0.719972856819724,0.4884704528830095,51.15295471169905
90477374366,Montes Limited,0.6360752322682982,0.6281888846447491,0.4788509387016512,0.5574630854849747,44.25369145150253
90494976499,Tincidunt Corp.,0.28053478359392703,0.6362236424481769,0.5109703686948655,0.39575257614439624,60.42474238556037
90522979771,Curabitur Consequat Consulting,0.8672105143893043,0.5040947965542666,0.2619316896629722,0.5645711020261382,43.542889797386174
90543168331,Phasellus Dapibus Incorporated,0.45728529345116703,0.2936721700446425,0.008821533589685591,0.2330534135204263,76.69465864795737
90568944804,Diam Eu Dolor LLC,0.6836619079990935,0.3072298492113958,0.030309884641483827,0.3569858963202887,64.30141036797113
90571530554,Lacus Ut Ltd,0.22660321776569228,0.658954718656403,0.7781045012440624,0.5023538595048773,49.76461404951227
90578415511,A Scelerisque Foundation,0.6512576478585996,0.3650867160261924,0.06808414385885546,0.3596708958587275,64.03291041412724
90599617648,Mollis Integer Company,0.7033763879447088,0.4738425866243239,0.19181180728342004,0.44759409761406443,55.240590238593555
90612658132,Suspendisse Eleifend Cras Foundation,0.571493315205076,0.6328302892179519,0.494684460529292,0.533088887867184,46.6911112132816
90625095939,Eu Eleifend LLC,0.7552685248130524,0.6396952318503938,0.5206966749604162,0.6379825998867343,36.201740011326564
90628017098,,0.3686834353047813,0.587798166602343,0.40330242026690793,0.3859929277858446,61.40070722141554
90635623930,,0.8295943802401994,0.6649973293936975,0.977154489934404,0.9033744350873016,9.662556491269836
90651237279,Dui Nec Incorporated,0.30115567641060503,0.6522279955223058,0.5838045691020132,0.4424801227563091,55.75198772436909
90672655190,Nullam Vitae Foundation,0.5209607976433266,0.5792562817619495,0.3899570232978964,0.4554589104706115,54.45410895293885
90684382197,In Sodales Limited,0.7743031951053705,0.6626636678969186,0.9289753449445827,0.8516392700249766,14.836072997502336
90689166680,Ante Nunc Mauris Corp.,0.9036936324495808,0.6578081537474093,0.7394254693508256,0.8215595509002032,17.844044909979683
90692244747,Dictum Mi Limited,0.389530931339225,0.3617218147791789,0.064691246324361,0.227111088831793,77.28889111682071
90739983707,Cras Lorem Associates,0.9496940856560163,0.6538541548984076,0.6220312146573174,0.7858626501566668,21.41373498433332
90796680287,Dolor Vitae PC,0.2234307727169726,0.5912717764177047,0.41121918118072837,0.3173249769488505,68.26750230511496
90827737722,,0.27894856106956717,0.3439334575951178,0.05089346301741687,0.16492101204349202,83.50789879565079
90909339288,A Arcu Sed Corporation,0.08746884205755721,0.6549296713057405,0.653698258312599,0.3705835501850781,62.941644981492196
90909466474,Lacus Etiam LLC,0.3201903467029232,0.6614997856984014,0.8862248360099525,0.6032075913564379,39.67924086435622
90918180829,Pharetra Quisque Company,0.11262179922954905,0.3530195968212661,0.054964940058810224,0.08379336964417963,91.62066303558204
90920473693,Aliquet Metus PC,0.9068660774983005,0.6550537971048592,0.6568649626781271,0.7818655200882139,21.813447991178613
90938232295,Lorem Sit Ltd,0.08860185814638567,0.6609640397073269,0.8642840986202217,0.4764429783833037,52.355702161669626
90967287254,Libero Integer PC,0.728982551552232,0.6622119595101978,0.9129156299479756,0.8209490907501038,17.90509092498962
90967931475,Donec LLC,0.24541128484024474,0.6450244595305004,0.5315539470707985,0.38848261595552164,61.15173840444783
90976587185,Risus Donec Corp.,0.952186721051439,0.6837451164543299,0.9925356254241122,0.9723611732377756,2.76388267622244
90984790127,Lorem PC,0.5862225243598459,0.5051582956257361,0.26509839402850033,0.4256604591941731,57.433954080582694
90994364089,Rhoncus Proin Inc.,0.4969408565601632,0.4831136028948627,0.2040262384076001,0.35048354748388166,64.95164525161184
91000228616,Fringilla Porttitor LLC,0.8359392703376388,0.6586698417779042,0.768604388147478,0.8022718292425584,19.772817075744165
91016242612,Est Associates,0.2737366870609563,0.48823383091499134,0.21352635150418459,0.24363151928257043,75.63684807174296
91062920626,Ac Inc.,0.01971447994561523,0.595756856709474,0.42546935082560505,0.22259191538561013,77.74080846143899
91085233749,Vestibulum Lorem Industries,0.18649444822116473,0.6580786403473232,0.7489255824474101,0.46771001533428747,53.228998466571255
91104916025,Id Associates,0.4905959664627238,0.6596884386093179,0.8099977380683103,0.650296852265517,34.970314773448294
91134280199,Metus In Industries,0.8175844096986177,0.6575348780992667,0.7296991630852748,0.7736417863919463,22.635821360805373
91154394323,Quis Corp.,0.8873782007704509,0.6604854776360722,0.8412123953856594,0.8642952980780552,13.570470192194485
91157839617,Blandit Nam Limited,0.6761840018128258,0.4578687211162387,0.17235919475231848,0.4242715982825721,57.57284017174279
91162493125,,0.969861772037163,0.6587511396019412,0.7717710925130061,0.8708164322750845,12.918356772491546
91166993316,In Magna LLP,0.0997054158169046,0.6606032320958658,0.847771997285682,0.4737387065512933,52.62612934487068
91178385997,Pede Nonummy Limited,0.7405393156582823,0.6583923615129773,0.7597828545577924,0.7501610851080374,24.983891489196264
91201528612,Lectus Justo Eu Ltd,0.05529118513482891,0.611813108008738,0.4532911106084596,0.25429114787164425,74.57088521283556
91212040913,Libero Est Ltd,0.8227962837072287,0.6403027826478278,0.5227324134811129,0.6727643485941708,32.72356514058292
91218779711,Risus Donec LLP,0.1318830727396329,0.5431698996635033,0.3254919701425017,0.2286875214410673,77.13124785589326
91251207679,Mattis Incorporated,0.2256968048946295,0.663441497771545,0.9617733544446958,0.5937350796696627,40.626492033033735
91282687779,,0.9014276002719238,0.6494235900154924,0.5573399683329563,0.72938378430244,27.061621569756
91338194166,Nec Urna Foundation,0.23294810786313166,0.6627791858537695,0.9344039809997738,0.5836760444314527,41.63239555685473
91363040650,Diam Lorem LLC,0.09358712893723091,0.6596747956041398,0.8093191585614115,0.45145314374932116,54.85468562506788
91374143276,Nunc Ullamcorper Associates,0.19442556084296397,0.6574318400486997,0.7251752997059489,0.4598004302744564,54.01995697255436
91404276865,Vivamus Nibh Corp.,0.47178789938817134,0.6105774872382081,0.4519339515946618,0.46186092549141655,53.813907450858345
91418529927,,0.41491049172898253,0.3788814041607982,0.07871522280027143,0.24681285726462698,75.3187142735373
91426391836,Varius Limited,0.4400634489009744,0.6567757011780496,0.7061750735127799,0.5731192612068772,42.688073879312284
91455531890,Pede Nunc Sed Industries,0.13868116927260368,0.6604887639093739,0.8416647817235919,0.4901729754980978,50.98270245019022
91582338269,Cursus Diam Industries,0.13913437570813506,0.6064121832414533,0.4442433838498077,0.2916888797789714,70.83111202210286
91584444262,Etiam Gravida Limited,0.11216859279401767,0.6052600308424733,0.44130287265324586,0.2767357327236318,72.32642672763683
91630014920,Accumsan Sed LLP,0.27147065488329936,0.48895146060177763,0.21646686270074644,0.2439687587920229,75.6031241207977
91633005350,Vel LLC,0.28393383186041243,0.5955412375252702,0.4247907713187062,0.3543623015895593,64.56376984104408
91633658840,Aenean Sed LLP,0.29979605710401086,0.6649504326541927,0.976475910427505,0.638135983765758,36.1864016234242
91720867026,Eget Mollis LLC,0.5882619533197372,0.3079647666470202,0.03098846414838272,0.30962520873405996,69.03747912659401
91744809343,Egestas Associates,0.8413777475640154,0.6615228975556953,0.8864510291789188,0.8639143883714671,13.608561162853295
91760304024,Morbi Accumsan Corporation,0.40086109222750965,0.6573766672167546,0.7215562090024882,0.5612086506149989,43.87913493850011
91764184823,,0.981645139360979,0.4531975188369867,0.16421624066953178,0.5729306900152553,42.70693099847447
91772719127,Dictum Cursus Incorporated,0.5039655563108996,0.5556303284399126,0.3539923094322551,0.42897893287157735,57.10210671284226
91803984881,Purus LLC,0.6131883072739633,0.558954883513936,0.3603257181633115,0.4867570127186374,51.32429872813626
91847992723,Sed Molestie Foundation,0.7369136641740313,0.6336028414609802,0.49852974440171904,0.6177217042878751,38.22782957121249
91848160033,,0.6263312939043735,0.3543121345146456,0.0570006785795069,0.34166598624194017,65.83340137580598
91873181182,Sem LLC,0.4847042828008158,0.30011213478163923,0.025107441755258992,0.2549058622780374,74.50941377219627
91880575299,At Foundation,0.1257647858599592,0.3299497823665355,0.04727437231395612,0.08651957908695766,91.34804209130424
91893652010,,0.6353954226150011,0.5192438112193466,0.2935987333182538,0.4644970779666275,53.55029220333725
91923722701,Euismod Urna Institute,0.5794244278268751,0.2931440261981531,0.006785795068988917,0.293105111447932,70.6894888552068
91960562098,Amet Faucibus Corporation,0.46702923181509176,0.543134526060783,0.3252657769735354,0.39614750439431357,60.385249560568646
92007575783,Aliquam Nisl Corp.,0.06480852028098799,0.6120717065168125,0.4537434969463922,0.2592760086136901,74.072399138631
92019681129,Blandit Industries,0.39995467935644685,0.655957053725387,0.6853653019678806,0.5426599906621637,45.734000933783626
92064565896,Justo Praesent Luctus PC,0.6129617040561975,0.578141147418129,0.38769509160823346,0.5003283978322155,49.96716021677845
92065881715,Quam Elementum Corp.,0.5325175617493768,0.326044449671623,0.045691020131192035,0.28910429094028445,71.08957090597156
92068365770,Magnis Dis Parturient Foundation,0.9243145252662588,0.6520225415620575,0.5808640579054513,0.752589291585855,24.741070841414505
92075595936,Lacus Mauris Corp.,0.37910718332200316,0.5564800477852871,0.3558018547839855,0.3674545190529943,63.25454809470057
92077815673,Euismod Et Corporation,0.5635622025832767,0.6612781047347343,0.8769509160823343,0.7202565593328055,27.974344066719446
92201452594,Duis Mi Enim Foundation,0.9000679809653297,0.6628495357900641,0.935308753675639,0.9176883673204843,8.231163267951569
92202115241,Fames Ac Turpis Limited,0.9202356673464763,0.6575111611629153,0.7287943904094096,0.824515028877943,17.548497112205695
92207241352,Sem Egestas Blandit Corporation,0.5819170632222977,0.4395935125095123,0.13639448088667722,0.35915577205448745,64.08442279455126
92220967360,,0.40833899841377747,0.5393371692492861,0.31893236824247906,0.36363568332812823,63.636431667187175
92265887651,Felis Nulla PC,0.569907092680716,0.4514248075814314,0.15923999095227323,0.36457354181649465,63.54264581835054
92284330384,Id Risus Quis Consulting,0.6464989802855201,0.5009952733088618,0.2531101560732866,0.44980456817940334,55.019543182059664
92293286189,Aliquam Nec Enim Ltd,0.20394289598912305,0.4817058065773871,0.20108572721103823,0.20251431160008065,79.74856883999193
92308095254,Non Lorem LLC,0.5622025832766825,0.5949335755644832,0.4229812259669758,0.4925919046218291,50.740809537817086
92343252737,Ornare Libero At Institute,0.5844096986177204,0.3618276198451733,0.0649174394933273,0.32466356905552385,67.53364309444761
92368600426,Mattis Company,0.4638567867663721,0.4219223639362741,0.1223705044107668,0.29311364558856945,70.68863544114305
92374002696,Lectus Cum Ltd,0.15998187174257875,0.658257893878961,0.7545804116715675,0.4572811417070731,54.271885829292685
92382466112,A Neque Nullam Corp.,0.448447767958305,0.6558394588707768,0.682650983940285,0.565549375949295,43.4450624050705
92396103355,,0.07885791978246091,0.5220843522260431,0.29586066500791675,0.18735929239518884,81.26407076048112
92403716863,Torquent Per Associates,0.0852028098799003,0.6629400468512128,0.9380230717032345,0.5116129407915674,48.83870592084326
92413760084,Mi Corp.,0.4860639021074099,0.4822188345516926,0.202442886224836,0.34425339416612294,65.5746605833877
92426644718,Orci Quis LLC,0.5488329934285067,0.5971627235426717,0.4275050893463017,0.4881690413874042,51.183095861259574
92428831060,Dapibus Gravida Ltd,0.31905733061409475,0.5974390128445124,0.4279574756842343,0.37350740314916453,62.64925968508355
92437353435,Elit Fermentum Risus Incorporated,0.6798096532970768,0.6553635098470575,0.6674960416195431,0.6736528474583099,32.63471525416901
92442801816,,0.1733514615907546,0.6657526208640773,0.9791902284551006,0.5762708450229276,42.37291549770724
92482981458,Rutrum Non Hendrerit Consulting,0.9755268524813052,0.6509443081250227,0.5641257634019453,0.7698263079416252,23.01736920583748
92510629620,Fames Ac Turpis Foundation,0.9537729435757988,0.6747455787952593,0.987106989368921,0.97043996647236,2.956003352764003
92516609757,Consectetuer Ltd,0.8336732381599818,0.6622830337400629,0.9156299479755712,0.8746515930677765,12.53484069322235
92532402483,Non LLC,0.304101518241559,0.6587088010125352,0.7701877403302421,0.5371446292859006,46.28553707140994
92594285117,Donec Foundation,0.9331520507591208,0.6126449175484497,0.4555530422981226,0.6943525465286217,30.564745347137833
92596271102,Odio Associates,0.09200090641287106,0.6710155585641968,0.9859760235240895,0.5389884649684803,46.10115350315197
92598420603,Non Lobortis Quis LLP,0.7285293451167006,0.5753966732307246,0.3829450350599412,0.5557371900883209,44.42628099116791
92616389691,Maecenas Iaculis Aliquet Limited,0.5447541355087242,0.6349398724968974,0.505315539470708,0.525034837489716,47.496516251028396
92636306985,Ornare Incorporated,0.26897801948787675,0.5056708648887833,0.2673603257181633,0.26816917260302003,73.18308273969801
92680456497,Semper Pretium LLC,0.7922048493088601,0.6631732572627241,0.948201764306718,0.870203306807789,12.979669319221099
92681936901,Eget Volutpat Ornare Ltd,0.5023793337865398,0.44585718518393247,0.1467993666591269,0.3245893502228333,67.54106497771667
92693781303,Sed Eu Institute,0.920462270564242,0.5425917395232313,0.3241348111287039,0.622298540846473,37.77014591535271
92696023351,Odio Aliquam Vulputate Limited,0.3917969635168819,0.5046946932086407,0.26396742818366886,0.3278821958502754,67.21178041497247
92731708815,Nunc Sed Consulting,0.16156809426693858,0.6605720184492219,0.8461886451029179,0.5038783696849283,49.61216303150717
92773401740,Massa Limited,0.25719465216406073,0.5110444747899164,0.28183668853200633,0.26951567034803353,73.04843296519665
92779316513,Nec Malesuada Industries,0.5359166100158622,0.3901249649882275,0.08550101786926034,0.3107088139425613,68.92911860574387
92822969335,Quam Curabitur Vel Consulting,0.5671878540675278,0.657847789337122,0.7414612078715223,0.654324530969525,34.5675469030475
92834298371,Id Ante Dictum Limited,0.2574212553818264,0.6631430009793128,0.9463922189549876,0.601906737168407,39.809326283159294
92836597532,A Magna Lorem Ltd,0.2816677996827555,0.41749881439463643,0.11807283420040715,0.19987031694158133,80.01296830584187
92867778949,,0.9141173804668026,0.5889961430743758,0.4053381587876046,0.6597277696272036,34.02722303727964
92895607850,Risus PC,0.15952866530704737,0.5495446889970385,0.34109929880117623,0.2503139820541118,74.96860179458882
92899421466,Molestie Pharetra Inc.,0.7221844550192613,0.6610669106878242,0.8681293824926487,0.7951569187559551,20.484308124404492
92908611937,Euismod Et Commodo Industries,0.8436437797416724,0.663167907955994,0.9477493779687853,0.8956965788552289,10.43034211447711
92935086354,Odio Etiam Corporation,0.9730342170858827,0.6626738659463595,0.9296539244514815,0.9513440707686821,4.865592923131789
92980848589,Maecenas Industries,0.637661454792658,0.4969207911988764,0.24202669079393802,0.439844072793298,56.015592720670206
92990617267,Malesuada Malesuada Integer Inc.,0.6433265352368004,0.44638865156432833,0.14770413933499207,0.3955153372858962,60.44846627141038
93018282444,Quis Pede Ltd,0.8454566054837979,0.6584334431081096,0.7611400135715901,0.803298309527694,19.6701690472306
93024392300,Eget Ipsum Foundation,0.8277815544980739,0.6629887126934116,0.9402850033928976,0.8840332789454857,11.596672105451432
93024682653,Pellentesque Industries,0.3906639474280535,0.6617350521054741,0.8952725627686043,0.6429682550983289,35.703174490167115
93072925663,Consequat Dolor Corp.,0.9530931339225017,0.6588767973134992,0.7751639900475006,0.8641285619850012,13.587143801499879
93077671049,Erat In Industries,0.30682075685474736,0.6573399385167956,0.7201990499886903,0.5135099034217189,48.64900965782811
93090969200,Eu Eleifend Nec PC,0.9784726943122593,0.5590736876910585,0.3607781045012441,0.6696253994067517,33.03746005932483
93095540883,Ut Molestie Incorporated,0.9413097665986857,0.6572547018154455,0.7177109251300611,0.8295103458643733,17.048965413562666
93096883450,Donec Dignissim Incorporated,0.9209154769997734,0.5720617397709425,0.37796878534268263,0.649442131171228,35.05578688287721
93110588804,Aenean Sed Pede Company,0.017675050985723997,0.5066830907036927,0.2696222574078263,0.14364865419677514,85.63513458032249
93113531213,Non Enim Mauris Ltd,0.997733967822343,0.4704192497954684,0.18909748925582448,0.5934157285390838,40.658427146091626
93121740143,Sed Libero Proin PC,0.8846589621572626,0.6529204648868773,0.5978285455779235,0.7412437538675931,25.87562461324069
93156930881,Tempus Corp.,0.22365737593473828,0.655676629123263,0.6772223478850938,0.45043986190991603,54.9560138090084
93167982218,Arcu Et Pede PC,0.18672105143893045,0.6443325764078598,0.5297444017190681,0.3582327265789993,64.17672734210007
93168879476,Nunc Id Ltd,0.5268524813052345,0.6327139678331024,0.4940058810223931,0.5104291811638139,48.95708188361861
93230533382,Sed Dictum Eleifend Ltd,0.16292771357353275,0.549756828037521,0.3415516851391088,0.25223969935632073,74.77603006436793
93238141799,Integer Sem Corp.,0.4019941083163381,0.6539057155339502,0.624066953178014,0.5130305307471761,48.69694692528239
93260450766,Condimentum Limited,0.6585089508271017,0.414120806607534,0.11241800497624972,0.38546347790167573,61.453652209832434
93260930990,Pede Cras Vulputate Ltd,0.28552005438477224,0.3226167451359614,0.04388147477946166,0.16470076458211694,83.5299235417883
93263170091,Bibendum Donec Corp.,0.028325402220711535,0.48168728483188905,0.20085953404207194,0.11459246813139173,88.54075318686083
93267734067,Curae Foundation,,0.6624868885784644,0.9253562542411219,0.9253562542411219,7.4643745758878115
93282747446,Sem Elit Limited,0.9809653297076818,0.42514334689369576,0.12418004976249718,0.5525726897350894,44.74273102649106
93292821052,Purus Sapien Gravida Associates,0.7767958305007931,0.6658725735032714,0.9800950011309658,0.8784454158158794,12.155458418412056
93320824983,Nulla Dignissim Foundation,0.9462950373895309,0.6575472160655961,0.73060393576114,0.8384494865753355,16.155051342466454
93346068525,Ipsum Curabitur Institute,0.10355767051892137,0.6563057118458412,0.6944130287265324,0.3989853496227269,60.10146503772731
93349773784,Facilisis Vitae LLC,0.23861318830727396,0.5492463278581268,0.34019452612531104,0.28940385721629247,71.05961427837076
93351929638,Est Mauris PC,0.9138907772490369,0.6003910132027351,0.4338384980773581,0.6738646376631975,32.61353623368025
93360876880,,0.5785180149558123,0.6629217463875916,0.9371182990273694,0.7578181569915909,24.218184300840907
93378757859,Sit Foundation,0.021300702469975074,0.5010779505155221,0.25356254241121917,0.13743162244059712,86.25683775594028
93429143824,Fames Ac Associates,0.7539089055064582,0.6462089681110249,0.5372087762949559,0.645558840900707,35.444115909929295
93439438419,Parturient Montes Inc.,0.3904373442102878,0.6556151937901568,0.6754128025333634,0.5329250733718256,46.707492662817444
93442141629,Vitae Aliquam Eros Inc.,0.6854747337412191,0.5456042688083808,0.32933725401492875,0.507405993878074,49.25940061219261
93498928547,Natoque Penatibus Ltd,0.7627464309993202,0.5121599403163577,0.2827414612078715,0.5227439461035959,47.725605389640414
93532380797,Quisque Libero Lacus Incorporated,0.3480625424881033,0.4556612941662101,0.16874010404885773,0.25840132326848053,74.15986767315195
93543412337,In Molestie Industries,0.32449580784047133,0.6555380753670402,0.672698484505768,0.4985971461731197,50.140285382688035
93558142492,Dolor Quisque Inc.,0.36800362565148426,0.31343502316867783,0.035964713865641255,0.20198416975856276,79.80158302414372
93559143257,,0.4665760253795604,0.48836408745371085,0.21420493101108345,0.3403904781953219,65.9609521804678
93560646170,Vitae Purus Gravida LLP,0.07704509404033537,0.6629783460634853,0.9396064238859987,0.508325758963167,49.1674241036833
93561083066,Sed Eu Foundation,0.3881713120326309,0.6609520476072412,0.8636055191133227,0.6258884155729768,37.411158442702316
93580972005,Mauris Eu Elit Corporation,0.5950600498527079,0.6624006012488223,0.9210585840307622,0.7580593169417351,24.194068305826487
93606772530,At Arcu Vestibulum Company,0.3430772716972581,0.5003332470890502,0.2517529970594888,0.2974151343783734,70.25848656216266
93631003539,In Company,0.7253569000679809,0.6616437447486776,0.8914272788961773,0.8083920894820791,19.160791051792092
93644338786,Consectetuer Cursus Inc.,0.7088148651710854,0.4959963614544936,0.23976475910427505,0.47428981213768023,52.57101878623198
93658191062,Ridiculus Mus Industries,0.4692952639927487,0.6569258122643482,0.710020357385207,0.5896578106889778,41.03421893110222
93669046600,At Libero Morbi PC,0.30364831180602764,0.6619047116094767,0.9016059714996607,0.6026271416528441,39.737285834715586
93676909958,,0.1817357806480852,0.48684361030824963,0.2099072608007238,0.1958215207244045,80.41784792755955
93679380088,Quam Dignissim Corporation,0.22705642420122366,0.6627389172747904,0.9316896629721783,0.5793730435867009,42.0626956413299
93693693468,Ipsum Dolor Corporation,0.5069113981418536,0.6352285422311597,0.5078036643293372,0.5073575312355953,49.26424687644047
93700243350,Penatibus Et Magnis Institute,0.041241785633355996,0.657833463131348,0.7407826283646234,0.3910122069989897,60.89877930010103
93712553837,Odio Tristique Pharetra Associates,0.3322003172445049,0.5944724181103119,0.421624066953178,0.3769121920988414,62.30878079011586
93720983561,Donec Luctus Aliquet Inc.,0.9524133242692047,0.6063738913625282,0.44401719068084144,0.6982152574750231,30.17847425249769
93723130289,Quam Quis Diam Company,0.010876954452753228,0.5129462799391779,0.2852295860665008,0.148053270259627,85.1946729740373
93726438981,Justo Praesent Luctus Inc.,0.7187854067527759,0.6376209661386544,0.5152680389052251,0.6170267228290005,38.29732771709995
93732268717,Tellus Nunc Industries,0.8755948334466349,0.6587221971334137,0.7708663198371409,0.8232305766418879,17.67694233581121
93740493847,Interdum Corporation,0.9573985950600499,0.6083073016468405,0.4483148608912011,0.7028567279756255,29.714327202437453
93741030320,Massa Suspendisse Foundation,0.8921368683435305,0.6626799488643405,0.9298801176204479,0.9110084929819892,8.899150701801084
93765834526,Aliquet Metus LLC,0.17199184228416042,0.6633684064865774,0.9597376159239991,0.5658647291040797,43.41352708959203
93880241546,Arcu Eu Odio LLC,0.7530024926353954,0.662928084651664,0.937570685365302,0.8452865890003487,15.47134109996513
93894215354,At Velit Cras Associates,0.35236800362565146,0.5465493791285488,0.3327301515494232,0.34254907758753733,65.74509224124627
93903889529,Vulputate Foundation,0.810786313165647,0.6594255145814425,0.8004976249717258,0.8056419690686865,19.435803093131355
93915598279,Molestie Pharetra Nibh LLP,0.997054158169046,0.44832127238327835,0.15177561637638542,0.5744148872727157,42.558511272728424
93932766844,Mauris Eu Institute,0.7684115114434625,0.4896301309361619,0.2187287943904094,0.49357015291693596,50.64298470830641
93936767851,Orci Phasellus Corporation,0.32925447541355085,0.562520062615284,0.3668853200633341,0.34806989773844244,65.19301022615576
93942213428,A Magna Inc.,0.9902560616360753,0.4730115841423133,0.19113322777652114,0.5906946447062982,40.93053552937018
93977601095,Primis LLC,0.08837525492861999,0.6595433210497702,0.8050214883510518,0.4466983716398359,55.33016283601641
93981536412,Pharetra Quisque Ac LLC,0.3641513709494675,0.6504243544857148,0.5614114453743497,0.4627814081619086,53.72185918380914
94009500943,Dapibus Corp.,0.009290731928393383,0.6043927810803397,0.4401719068084144,0.22473131936840388,77.52686806315961
94040507060,Sed Est Nunc Corp.,0.19487876727849535,0.658412642744276,0.7604614340646912,0.4776701006715933,52.23298993284067
94072762560,Natoque Consulting,0.380693405846363,0.579103675702244,0.3895046369599638,0.38509902140316343,61.49009785968366
94100550074,,0.9891230455472467,0.5384975303623162,0.3164442433838498,0.6527836444655483,34.721635553445175
94110063346,Magna Praesent Interdum Industries,0.9995467935644686,0.6136276204997854,0.4578149739877856,0.7286808837761272,27.131911622387285
94206932226,Interdum Feugiat Ltd,0.19805121232721504,0.6282752878717035,0.4793033250395838,0.3386772686833994,66.13227313166006
94269319521,Donec Nibh PC,0.02605937004305461,0.562582569776645,0.3673377064012667,0.19669853822216063,80.33014617778393
94311056026,,0.18921368683435305,0.277932559272442,0.0009047726758651889,0.09505922975510912,90.49407702448909
94378706737,Eget Lacus Limited,0.28755948334466347,0.6613358671634659,0.8814747794616603,0.5845171314031619,41.54828685968381
94380689142,Aliquet Ltd,0.9685021527305687,0.5416442273009144,0.32300384528387244,0.6457529990072206,35.42470009927794
94384861814,Sed Hendrerit A Limited,0.19850441876274644,0.6534027949675001,0.6064238859986428,0.40246415238069466,59.75358476193053
94419910973,Felis Company,0.7974167233174712,0.6632542187443171,0.9529518208550102,0.8751842720862406,12.481572791375939
94446707800,Cursus Corporation,0.9700883752549286,0.6616662013666059,0.8925582447410089,0.9313233099979688,6.867669000203125
94449176518,Erat Vel Corp.,0.9005211874008611,0.6460459302770111,0.536530196788057,0.718525692094459,28.147430790554097
94455880010,Nunc Sit LLC,0.6535236800362565,0.3003063363331788,0.026464600769056774,0.33999414040265663,66.00058595973434
94472466107,Eu Dolor Egestas PC,0.5465669612508498,0.3005181935188202,0.026690793938023073,0.28662887759443645,71.33711224055635
94493496784,Dictum Phasellus In Institute,0.5248130523453433,0.3057903215900633,0.028726532458719745,0.2767697924020315,72.32302075979685
94527407677,,0.9664627237706775,0.6300856666395529,0.48269622257407824,0.7245794731723779,27.542052682762208
94547309480,Lorem Ac Institute,0.5755721731248584,0.6619556478694997,0.9038679031893236,0.739720038157091,26.027996184290902
94601812317,Ornare Lectus Ltd,0.15137094946748245,0.6217036746925944,0.4686722460981678,0.3100215977828251,68.99784022171748
94609427687,Nunc Est Limited,0.13278948561069567,0.6612622793823488,0.8762723365754355,0.5045309110930656,49.546908890693445
94631077822,Eu Augue Company,0.1790165420348969,0.6375876180015223,0.5150418457362588,0.34702919388557785,65.29708061144221
94662990903,Elit Associates,0.30070246997507366,0.6609674901496093,0.8645102917891879,0.5826063808821308,41.73936191178692
94690988633,Eu Placerat LLC,0.5331973714026739,0.2969380706570456,0.020809771544899346,0.2770035714737866,72.29964285262133
94701884796,Ante Nunc Ltd,0.7081350555177883,0.5773565119897509,0.38611173942546934,0.5471233974716289,45.287660252837114
94729574738,Scelerisque Corporation,0.5991389077724903,0.4600061513824467,0.17665686496267813,0.38789788636758427,61.21021136324158
94732687919,Dui In Sodales Foundation,0.7686381146612282,0.5747531786560626,0.3822664555530423,0.5754522851071353,42.45477148928647
94780037589,Elit Company,0.7280761386811693,0.6581012540702678,0.7502827414612079,0.7391794400711886,26.082055992881138
94785155422,Tempus Eu Ltd,0.7258101065035123,0.5788212835590781,0.3890522506220312,0.5574311785627717,44.256882143722834
94793419942,Eget LLP,0.9349648765012463,0.6593405871600758,0.797557113775164,0.8662609951382052,13.37390048617948
94801884806,Turpis Aliquam Associates,0.9157036029911625,0.6525819899933186,0.5885546256503054,0.7521291143207339,24.787088567926606
94827960324,Et Magna Praesent Ltd,0.5690006798096533,0.6521470934287142,0.582221216919249,0.5756109483644511,42.438905163554885
94833823558,Tempor Augue Industries,0.24881033310673012,0.6611203565956926,0.8701651210133454,0.5594877270600378,44.05122729399622
94848797110,Nunc Incorporated,0.9447088148651711,0.6599034084463947,0.8172359194752319,0.8809723671702014,11.902763282979855
94951665897,Congue In Incorporated,0.11987310219805121,0.6064372180004131,0.44446957701877404,0.2821713396084126,71.78286603915873
94973496683,Porttitor Tellus Non Corporation,0.11919329254475414,0.6525459448789224,0.5876498529744402,0.3534215727595972,64.65784272404028
95005191321,Augue Ac Ipsum Institute,0.03784273736687061,0.6536122771149782,0.6127572947296992,0.3253000160482849,67.46999839517152
95013376739,Tristique Aliquet Phasellus Corporation,0.11307500566508044,0.5954378521362731,0.42456457814973986,0.2688197919074101,73.118020809259
95037235405,Suspendisse Non Institute,0.20009064128710627,0.5858488767643254,0.3980999773806831,0.29909530933389467,70.09046906661054
95042115737,Tortor At LLP,0.7602537956038976,0.6637617110453876,0.9690115358516173,0.8646326657277574,13.536733427224256
95080143009,Tincidunt Tempus Risus Incorporated,0.7917516428733288,0.6587255315495638,0.7713187061750735,0.7815351745242012,21.846482547579882
95135242310,,0.059370043054611375,0.6073285070410104,0.4469577018774033,0.25316387246600736,74.68361275339926
95135981273,Nulla Ltd,0.0038522547020167688,0.5326608311486631,0.3069441302872653,0.15539819249464104,84.4601807505359
95149235949,Et Nunc Inc.,0.2748697031497847,0.6543600353105046,0.6360551911332277,0.4554624471415062,54.45375528584938
95184414711,Ut Eros Incorporated,0.6847949240879221,0.4996087183271213,0.24994345170775842,0.46736918789784027,53.263081210215965
95274025676,Ipsum Cursus Vestibulum PC,0.5617493768411511,0.5143720402530364,0.2874915177561638,0.42462044729865744,57.537955270134255
95276443363,Erat LLP,0.7681849082256968,0.6520220219989267,0.5806378647364849,0.6744113864810909,32.55886135189091
95279812400,Eu Dui Cum Ltd,0.4128710627690913,0.5613892021411868,0.3648495815426374,0.38886032215586436,61.11396778441356
95331380653,Auctor Odio Associates,0.8928166779968275,0.653405212641596,0.6068762723365755,0.7498464751667016,25.015352483329846
95390063681,,0.6023113528212101,0.6594634651509185,0.8027595566613889,0.7025354547412994,29.746454525870057
95402237897,Turpis Company,0.9030138227962837,0.6614262362081558,0.8848676769961548,0.8939407498962193,10.60592501037807
95431176007,Mi Enim Corporation,0.5608429639700884,0.47856298650221507,0.196335670662746,0.3785893173164172,62.14106826835828
95463427236,,0.9782460910944936,0.5553214472256749,0.35331372992535626,0.6657799105099249,33.422008949007505
95475413965,Nisl Quisque Fringilla LLP,0.8871515975526852,0.47613696203980443,0.19384754580411673,0.540499571678401,45.9500428321599
95488505807,Mauris Sit Amet Consulting,0.40969861772037164,0.546239457378697,0.33205157204252433,0.370875094881448,62.912490511855204
95492562735,,0.5626557897122139,0.4961896394265027,0.24044333861117395,0.4015495641616939,59.8450435838306
95499028329,Nonummy Ultricies Ltd,0.6553365057783821,0.6331427414369809,0.4958154263741235,0.5755759660762528,42.442403392374715
95508089614,Euismod Est Incorporated,0.14162701110355766,0.6598259452391616,0.8147477946166026,0.47818740286008016,52.18125971399199
95508140753,Ullamcorper Velit Ltd,0.6458191706322229,0.44338610456458344,0.14046595792807057,0.39314256428014677,60.68574357198533
95532818035,Ultrices Vivamus Rhoncus Incorporated,0.7863131656469522,0.5135652677856843,0.28681293824926485,0.5365630519481085,46.34369480518915
95560742626,Urna Nec Institute,0.2551552232041695,0.6589743337296026,0.7787830807509614,0.5169691519775654,48.303084802243454
95566253960,Fermentum Metus Inc.,0.7831407205982325,0.6559770386691742,0.6858176883058131,0.7344792044520227,26.552079554797725
95574756848,At Pede Inc.,0.45932472241105826,0.3545111275140146,0.0572268717484732,0.2582757970797657,74.17242029202342
95594775419,Dolor Fusce Mi Associates,0.06707455245864491,0.4832751429613122,0.2044786247455327,0.1357765886020888,86.42234113979113
95613237079,At Pretium LLP,0.04668026285973261,0.6575282429298961,0.7294729699163085,0.38807661638802055,61.192338361197955
95677361909,,0.1704056197598006,0.5342987187953496,0.3096584483148609,0.24003203403733075,75.99679659626692
95682671933,Arcu Vestibulum Ut Inc.,0.5035123498753682,0.5112573150401964,0.2822890748699389,0.39290071237265356,60.70992876273464
95692868757,Placerat Cras Ltd,0.7375934738273283,0.6479107223576908,0.5480660484053381,0.6428297611163332,35.71702388836668
95720895543,Amet Dapibus Corp.,0.888058010423748,0.5673138185929182,0.3725401492874915,0.6302990798556197,36.97009201443803
95733974200,Montes Ltd,0.513256288239293,0.6620295328669218,0.9061298348789867,0.7096930615591399,29.03069384408601
95799102190,Blandit Mattis Cras LLP,0.7575345569907093,0.6536418113143573,0.6143406469124633,0.6859376019515863,31.406239804841373
95824231566,Consequat Inc.,0.9406299569453886,0.6556057175618185,0.6749604161954309,0.8077951865704098,19.22048134295902
95834237054,Porttitor Tellus PC,0.3172445048719692,0.6545606446077114,0.6423885998642841,0.47981655236812665,52.01834476318734
95856918319,Scelerisque Scelerisque Dui Incorporated,0.5744391570360299,0.6948534798644515,0.9963809092965392,0.7854100331662845,21.458996683371545
95896852636,Rhoncus Associates,0.6242918649444822,0.5791850413450311,0.3897308301289301,0.5070113475367062,49.298865246329385
95935115082,Et Magnis Inc.,0.619986403806934,0.6618995508395027,0.9013797783306944,0.7606830910688143,23.931690893118574
95938358124,Donec Dignissim Magna Foundation,0.5782914117380467,0.6250026229315948,0.4727437231395612,0.525517567438804,47.4482432561196
96111981432,Integer In Magna Corporation,0.4432358939496941,0.6591116713414645,0.7855688758199503,0.6144023848848221,38.559761511517785
96129954993,,0.2374801722184455,0.6273074585129396,0.4772675865188871,0.3573738793686663,64.26261206313337
96133248275,Semper Dui PC,0.21504645365964198,0.5224189501476939,0.29631305134584934,0.25567975250274566,74.43202474972543
96141360246,Auctor Odio Consulting,0.9870836165873556,0.5697102210835397,0.3752544673150871,0.6811690419512213,31.88309580487787
96146457679,Sodales Corporation,0.4309993201903467,0.6525592819002526,0.5881022393123728,0.5095507797513598,49.04492202486402
96152467973,Rhoncus Donec Associates,0.5118966689326988,0.2934926807168586,0.007690567744854105,0.25979361833877646,74.02063816612235
96161808980,Velit Aliquam Corporation,0.43281214593247225,0.3584824539994426,0.059941189776068764,0.2463766678542705,75.36233321457296
96161947306,Imperdiet Dictum Magna Associates,0.45252662587808745,0.3178578735741138,0.040940963582899795,0.24673379473049362,75.32662052695063
96178360210,Mauris Ut Quam LLC,0.0881486517108543,0.6165624991936286,0.46075548518434745,0.2744520684476009,72.55479315523992
96190048310,Penatibus Et Inc.,0.12531157942442783,0.5371794602359976,0.31440850486315314,0.21986004214379049,78.01399578562095
96215194743,Libero LLC,0.7133469295263992,0.6632675336270574,0.953630400361909,0.8334886649441542,16.651133505584582
96230979998,Leo Vivamus LLC,0.7428053478359393,0.6634324109923089,0.9613209681067632,0.8520631579713512,14.793684202864876
96244711717,Cras Sed Leo Corp.,0.6725583503285747,0.6223573500573308,0.47025559828093194,0.5714069743047533,42.85930256952467
96323146873,A Facilisis Limited,0.16496714253342398,0.505681188146584,0.2675865188871296,0.21627683071027679,78.37231692897232
96334476428,Sed Est Ltd,0.690006798096533,0.6530182078819294,0.6000904772675865,0.6450486376820597,35.495136231794035
96336573256,Sit Industries,0.1411738046680263,0.6593548720672019,0.7977833069441302,0.4694785558060783,53.052144419392164
96381568282,Quisque LLC,0.18853387718105596,0.6591616889096769,0.786926034833748,0.487729956007402,51.2270043992598
96420684134,Litora Torquent Associates,0.42102877860865623,0.6343668168492698,0.5023750282741462,0.46170190344140116,53.82980965585988
96435855846,Id PC,0.5685474733741219,0.6644708742565266,0.9744401719068084,0.7714938226404652,22.85061773595348
96442520325,Nullam Lobortis Quam Company,0.5846363018354861,0.5916206970338266,0.4130287265324587,0.4988325141839724,50.11674858160276
96458464738,Non Luctus Sit Incorporated,0.846816224790392,0.6612883488555449,0.8783080750961321,0.8625621499432621,13.743785005673793
96491286698,Commodo Auctor Velit Foundation,0.8368456832087016,0.6365770459689586,0.5127799140465958,0.6748127986276486,32.518720137235135
96505481738,Neque Et Ltd,0.7371402673917969,0.655246602010257,0.6627459850712508,0.6999431262315239,30.00568737684761
96513857365,Tellus Aenean Consulting,0.4393836392476773,0.5921440111172845,0.4146120787152228,0.42699785898145004,57.300214101855
96545108198,Eget PC,0.058237026965782916,0.5291873851254036,0.30309884641483825,0.1806679366903106,81.93320633096894
96550897244,Donec Elementum Lorem Corporation,0.7629730342170858,0.6530027357929209,0.5994118977606876,0.6811924659888867,31.880753401111328
96554417129,Odio A Industries,0.8357126671198731,0.5908196700721684,0.41031440850486317,0.6230135378123681,37.69864621876319
96566672398,Odio Tristique Pharetra Incorporated,0.47677317017901655,0.4156877978303884,0.11513232300384528,0.2959527465914309,70.40472534085691
96567541302,,0.2057557217312486,0.602269754765287,0.43632662293598734,0.32104117233361795,67.89588276663821
96568074533,Placerat Associates,0.9614774529798323,0.6581703721539521,0.7518660936439719,0.8566717733119021,14.332822668809786
96644705620,Eget Odio Aliquam Institute,0.3922501699524133,0.4885710773715357,0.21488351051798235,0.3035668402351978,69.64331597648021
96644709080,Maecenas Libero Associates,0.9379107183322003,0.6679571336205661,0.9834878986654603,0.9606993084988302,3.930069150116977
96680767841,Ornare Limited,0.557443915703603,0.29555244690425014,0.0162859081655734,0.2868649119345882,71.31350880654118
96730987906,Mattis Ornare Lectus Limited,0.04078857919782461,0.3864156838901418,0.08301289301063108,0.061900736104227846,93.80992638957721
96781066746,Ante Vivamus Non Corporation,0.333559936551099,0.4551107514382005,0.16738294503505993,0.2504714407930795,74.95285592069206
96794593428,Nunc Id Enim Inc.,0.5667346476319963,0.6599803660237822,0.8210812033476589,0.6939079254898276,30.60920745101724
96806981644,In Corporation,0.8676637208248357,0.4882335223774782,0.2133001583352183,0.540481939580027,45.9518060419973
96809815920,Elit Elit PC,0.36936324495807843,0.66071934881045,0.8520696674960416,0.6107164562270601,38.92835437729399
96812798687,Nisl Nulla LLP,0.7856333559936551,0.638128732139491,0.5166251979190228,0.651129276956339,34.88707230436609
96834893748,Quam A Felis Incorporated,0.4135508724223884,0.6596431116735283,0.8084143858855463,0.6109826291539673,38.90173708460327
96836546482,,0.9483344663494222,0.6599932223171376,0.8215335896855915,0.8849340280175069,11.506597198249313
96880556465,At Lacus Quisque Institute,0.4504871969181962,0.45084331184120496,0.15720425243157657,0.3038457246748864,69.61542753251135
96884218881,Lobortis Corporation,0.7795150691139814,0.5772441699282972,0.38588554625650306,0.5827003076852422,41.729969231475785
96885194635,Sociis Ltd,0.0704736007251303,0.6275462749757236,0.4777199728568197,0.274096786790975,72.5903213209025
96893283227,Curabitur Vel Corporation,0.6390210740992522,0.4917282156779767,0.2266455553042298,0.432833314701741,56.716668529825895
96906278264,Ipsum Cursus Vestibulum LLC,0.42918649444822116,0.626208926563452,0.47500565482922413,0.45209607463872264,54.79039253612774
96911331900,Lacus Nulla Foundation,0.15363698164513936,0.5488261913477995,0.3395159466184121,0.24657646413177575,75.34235358682241
96946925998,Nisi Cum Corporation,0.07727169725810107,0.6534884056212688,0.6093643971952047,0.34331804722665293,65.6681952773347
96965554802,Semper Et Lacinia Institute,0.5769317924314525,0.5578719779466027,0.3580637864736485,0.4674977894525505,53.25022105474495
97069390689,Etiam Bibendum Fermentum PC,0.7004305461137548,0.5892250595413535,0.4060167382945035,0.5532236422041291,44.677635779587085
97088280855,Odio Vel Est Associates,0.1549966009517335,0.5676431023034978,0.3732187287943904,0.2641076648730619,73.58923351269381
97089682451,Mus Aenean Eget LLC,0.18536143213233627,0.6540332792637381,0.6270074643745759,0.40618444825345607,59.3815551746544
97104028372,Vel Arcu LLP,0.9358712893723091,0.6307987306002643,0.4854105406016738,0.7106409149869914,28.935908501300855
97129028344,Pede Ultrices A Inc.,0.27033763879447087,0.518833409399248,0.2931463469803212,0.28174199288739604,71.82580071126038
97159474697,Sodales Limited,0.3736687060956266,0.4122948583315816,0.10992988011762045,0.24179929310662351,75.82007068933765
97164071366,Augue Sed Institute,0.9326988443235894,0.6583442938132057,0.7572947296991631,0.8449967870113763,15.500321298862374
97197615043,Molestie Arcu PC,0.6918196238386585,0.42064280217646743,0.12056095905903642,0.40619029144884744,59.38097085511526
97206517936,Ac Urna Limited,0.9748470428280082,0.5756589413598193,0.3833974213978738,0.679122232112941,32.0877767887059
97211373669,Nam Porttitor Inc.,0.8266485384092455,0.6610504502571568,0.8674508029857498,0.8470496706974977,15.29503293025023
97212769356,Tempor Foundation,0.7341944255608429,0.6597619500074086,0.8118072834200407,0.7730008544904419,22.699914550955814
97217894162,Varius Corporation,0.04600045320643553,0.34945826508210165,0.053381587876046147,0.04969102054124084,95.03089794587592
97259357542,Feugiat Tellus Lorem Corporation,0.5583503285746657,0.6621461487337718,0.9106536982583125,0.7345020134164891,26.549798658351087
97264771172,Lobortis Foundation,0.33288012689780194,0.49290129841965324,0.2293598733318254,0.28112000011481364,71.88799998851863
97283139514,Vitae Aliquam Eros Ltd,0.2111941989576252,0.6608461826468626,0.858403076227098,0.5347986375923616,46.52013624076384
97292256063,Amet Ante Vivamus Corporation,0.18604124178563336,0.4152641644556318,0.1144537434969464,0.1502474926412899,84.97525073587101
97296257023,Vel Turpis Limited,0.639927486970315,0.6825466712549466,0.9909522732413482,0.8154398801058316,18.456011989416844
97353800246,Enim Mi LLC,0.20190346702923181,0.6684805072203912,0.9846188645102918,0.5932611657697618,40.67388342302382
97382279968,Sed Pharetra Associates,0.4686154543394516,0.660298829354443,0.8353313729925356,0.6519734136659936,34.80265863340064
97396701267,,0.0321776569227283,0.6282728880292882,0.4790771318706175,0.2556273943966729,74.4372605603327
97412669819,Sagittis Duis Gravida Industries,0.27690913210967594,0.6601831444761038,0.8299027369373445,0.5534059345235103,44.65940654764897
97418230683,Consectetuer LLC,0.25062315884885566,0.6417459331548829,0.5256729246776747,0.3881480417632652,61.185195823673475
97434297484,A Enim Institute,0.22320416949920688,0.3824631175030748,0.08075096132096811,0.1519775654100875,84.80224345899126
97443126375,Bibendum Sed Associates,0.2050759120779515,0.6433613144036018,0.5277086631983714,0.36639228763816145,63.36077123618386
97444574441,Adipiscing Foundation,0.04373442102877861,0.6544671565971635,0.6389957023297896,0.3413650616792841,65.8634938320716
97452567554,,0.9313392250169953,0.4871570156797473,0.2103596471386564,0.5708494360778258,42.91505639221742
97453536197,Aliquet Molestie Institute,0.26444595513256286,0.6460641897735764,0.5367563899570233,0.4006011725447931,59.93988274552069
97465686404,Ipsum Non Arcu Consulting,0.8914570586902334,0.6596496137529774,0.8086405790545126,0.8500488188723729,14.995118112762707
97590358496,Tristique Inc.,0.08588261953319737,0.3755910227708724,0.07690567744854106,0.0813941484908692,91.86058515091308
97593245639,Vestibulum Ante Foundation,0.3170179016542035,0.640701026746689,0.5240895724949106,0.42055373707455707,57.944626292544285
97598804219,Dolor Egestas Rhoncus Foundation,0.8744618173578065,0.6327748322587377,0.4944582673603257,0.6844600423590661,31.55399576409339
97603729191,Eu Company,0.49399501472920915,0.41335142396474095,0.11151323230038453,0.30275412351479686,69.72458764852033
97638827169,Rutrum PC,0.1028778608656243,0.392872554148525,0.08685817688305814,0.09486801887434121,90.51319811256589
97661757443,Nulla Cras Eu Corp.,0.7389530931339225,0.4620777900726413,0.17982356932820628,0.45938833123106443,54.06116687689355
97716113207,Quisque Ac Foundation,0.7176523906639475,0.6037581084854204,0.4390409409635829,0.5783466658137653,42.165333418623476
97738870301,Pellentesque LLC,0.7439383639247678,0.5671794096544232,0.37231395611852525,0.5581261600216465,44.18738399783535
97748234104,Vitae Diam PC,0.036256514842510766,0.6635780574364389,0.9644876724722914,0.5003720936574011,49.96279063425989
97785987616,Sodales Nisi Ltd,0.2907319283933832,0.6552986390402952,0.6643293372540149,0.477530632823699,52.2469367176301
97802179094,Ut Molestie In Ltd,0.15091774303195105,0.5726846061764553,0.37887355801854783,0.26489565052524944,73.51043494747506
97860823526,Aliquet Metus Urna Associates,0.2979832313618853,0.4313227533077304,0.129382492648722,0.21368286200530368,78.63171379946962
97861055416,Morbi Neque Inc.,0.5694538862451847,0.35045497859333696,0.054060167382945036,0.31175702681406486,68.82429731859352
97862445979,Pretium Neque Corporation,0.17221844550192614,0.6539229492135777,0.6245193395159466,0.39836889250893637,60.163110749106366
97879265453,,0.008384319057330614,0.4827980359511901,0.2031214657317349,0.10575289239453275,89.42471076054672
97884414539,Ut Corporation,0.11352821210061183,0.8979919971536573,0.9995476136620675,0.5565379128813397,44.34620871186603
97886307095,Ullamcorper Institute,0.7509630636755041,0.5765451423040622,0.38498077358063787,0.567971918628071,43.2028081371929
97903083009,Praesent Eu Dui LLP,0.6537502832540222,0.5071441337897967,0.27165799592852297,0.46270413959127255,53.729586040872746
97952361004,Nulla In Institute,0.7926580557443915,0.6599667462498712,0.8197240443338611,0.8061910500391263,19.38089499608737
97996530744,,0.9660095173351462,0.6565297294314619,0.7005202442886225,0.8332648808118843,16.673511918811567
98003940525,Sapien LLC,0.09494674824382507,0.6028402768807892,0.438362361456684,0.2666545548502545,73.33454451497454
98006646106,Eget Magna Suspendisse Inc.,0.2909585316111489,0.5286854558180155,0.3024202669079394,0.29668939925954413,70.3310600740456
98020727651,Turpis Egestas Corporation,0.11375481531837751,0.6550568328899964,0.6570911558470934,0.38542298558273547,61.457701441726456
98028977660,Aliquet Vel PC,0.8223430772716973,0.47625583229125285,0.19407373897308303,0.5082084081223902,49.17915918776098
98035030376,,0.06231588488556537,0.6335464895816278,0.49807735806378645,0.2801966214746759,71.98033785253241
98057649908,Phasellus Libero Mauris Foundation,0.9066394742805348,0.6559073387099233,0.6846867224609817,0.7956630983707582,20.43369016292418
98065308169,Magna A Corp.,0.034217085882619534,0.6528748311583927,0.5953404207192943,0.3147787533009569,68.5221246699043
98072939449,Mattis Velit Justo Ltd,0.4103784273736687,0.37204260632364533,0.07486993892784438,0.24262418315075654,75.73758168492435
98082781436,Augue Scelerisque Mollis LLP,1.0,0.4602609882785169,0.17778783080750962,0.5888939154037548,41.11060845962452
98121323050,Accumsan Convallis Ltd,0.4930886018581464,0.6556129058927085,0.6751866093643972,0.5841376056112718,41.586239438872816
98134689800,,0.8268751416270111,0.4593637928134307,0.17529970594888034,0.5010874237879457,49.89125762120543
98162727883,Enim Diam Corporation,0.23589394969408567,0.6612371059558684,0.8749151775616376,0.5554045636278616,44.45954363721384
98166254020,Magna Sed Industries,0.4711080897348742,0.33133114233660504,0.04772675865188871,0.2594174241933815,74.05825758066185
98202651678,Enim Commodo Associates,0.39428959891230453,0.6574643624601036,0.7265324587197467,0.5604110288160256,43.958897118397445
98203593138,Suscipit Nonummy Limited,0.3380920009064129,0.6508020137439149,0.5634471838950463,0.4507695924007296,54.92304075992705
98253764162,Malesuada Augue Incorporated,0.34262406526172673,0.5029812881887757,0.2583125989595114,0.3004683321106191,69.95316678893809
98268965514,Vulputate LLC,0.4253342397462044,0.5848255611731652,0.3969690115358516,0.41115162564102803,58.8848374358972
98269572896,Eget Laoreet Posuere PC,0.5653750283254022,0.2945663806811949,0.011535851617281158,0.2884554399713417,71.15445600286583
98314397036,Lobortis Augue Industries,0.5365964196691593,0.3455181440801455,0.05225062203121466,0.29442352085018697,70.5576479149813
98336281865,Orci Adipiscing Inc.,0.9179696351688194,0.6744699184731016,0.9868807961999547,0.9524252156843871,4.757478431561291
98345415950,,0.9687287559483345,0.5869536611633773,0.3996833295634472,0.6842060427558909,31.579395724410908
98395101740,Purus Duis Company,0.2118740086109223,0.6623218058229005,0.9178918796652341,0.5648829441380782,43.511705586192186
98400051901,Vitae LLC,0.1640607296623612,0.5620283228749791,0.3659805473874689,0.26502063852491503,73.4979361475085
98416475066,Lacinia Orci PC,0.44029005211874006,0.3967076811807048,0.09025107441755259,0.26527056326814635,73.47294367318537
98416715677,Ipsum Curabitur Incorporated,0.18876048039882165,0.658711662549504,0.7704139334992083,0.47958720694901497,52.0412793050985
98421172521,,0.08565601631543168,0.3766387295962473,0.07758425695543994,0.08162013663543581,91.83798633645642
98437998830,Arcu Vivamus Sit Incorporated,0.18468162247903921,0.6459026710831879,0.5353992309432255,0.36004042671113234,63.99595732888677
98472033309,Semper Associates,0.4486743711760707,0.494225118903601,0.23343135037321872,0.3410528607746447,65.89471392253553
98487769763,Morbi Accumsan Consulting,0.7151597552685248,0.6598521996870026,0.8156525672924678,0.7654061612804963,23.45938387195037
98508290651,Mauris Blandit Enim Corp.,0.5370496261046906,0.6578399616550287,0.7412350147025559,0.6391423204036233,36.08576795963767
98518649381,Nullam Scelerisque Neque Corp.,0.5708135055517788,0.3716344013370418,0.07464374575887808,0.32272862565532845,67.72713743446715
98527912956,Erat Eget Ipsum Company,0.06276909132109676,0.6612873250195316,0.8778556887581995,0.47031239003964814,52.96876099603518
98533840054,Feugiat Placerat Ltd,0.7339678223430772,0.49957139501339093,0.24949106536982582,0.4917294438564515,50.827055614354855
98545158925,Dictum Eleifend Industries,0.5585769317924314,0.6520776761150283,0.5817688305813165,0.5701728811868739,42.98271188131261
98548263806,Nam Ligula Elit Corporation,0.3784273736687061,0.44039671930464563,0.13684686722460981,0.257637120446658,74.2362879553342
98596134379,Nostra Per Limited,0.9451620213007025,0.6526810860041596,0.5905903641710021,0.7678761927358523,23.21238072641477
98626476096,At Company,0.8212100611828688,0.6697394706813659,0.9850712508482243,0.9031406560155466,9.68593439844534
98627514823,Aliquam Gravida Mauris Corp.,0.42692046227056424,0.4257004725856825,0.12531101560732866,0.2761157389389465,72.38842610610536
98649976089,Egestas Fusce Industries,0.08248357126671199,0.6543293779311521,0.6344718389504637,0.35847770510858784,64.1522294891412
98659140422,Eget Lacus Ltd,0.917516428733288,0.6590951420307479,0.7844379099751188,0.8509771693542034,14.902283064579658
98671274602,,0.008157715839564922,0.42514518656624856,0.12440624293146348,0.0662819793855142,93.37180206144858
98722839745,Interdum Ligula Eu Corp.,0.42306820756854746,0.49396701277160504,0.23275277086631985,0.32791048921743365,67.20895107825665
98770741241,,0.7079084523000226,0.6598008109675788,0.8131644424338385,0.7605364473669305,23.946355263306952
98844249092,Aliquet Industries,0.4702016768638115,0.6627457399983963,0.9325944356480435,0.7013980562559274,29.860194374407257
98850646791,Sapien Industries,0.020847496034443688,0.5839357013031269,0.39583804569102016,0.20834277086273192,79.16572291372681
98861937890,Metus Institute,0.5984590981191933,0.5149601965248168,0.28862248360099524,0.44354079086009424,55.64592091399058
98861981558,Nam LLC,0.020394289598912305,0.6516117873857267,0.5736258764985297,0.297010083048721,70.2989916951279
98914698548,,0.34466349422161796,0.5365973869475555,0.31350373218728794,0.32908361320445295,67.0916386795547
98957925622,Quis Massa Mauris LLP,0.1642873328801269,0.6585664510197504,0.7658900701198824,0.46508870150000464,53.49112984999953
98973094975,Ornare Fusce Inc.,0.5032857466576025,0.29584981156507056,0.017643067179371183,0.2604644069184868,73.95355930815131
99009287608,Nunc Risus LLP,0.12689780194878766,0.6557097713753464,0.6790318932368242,0.40296484759280593,59.703515240719405
99018524323,Orci Consectetuer Associates,0.7443915703602991,0.6561753415720643,0.6912463243610043,0.7178189473606518,28.218105263934824
99022662131,Auctor Vitae Aliquet Associates,0.11602084749603445,0.4368323791171189,0.13322777652114906,0.12462431200859175,87.53756879914083
99022808555,Turpis In LLC,0.23476093360525718,0.48791912031216955,0.2123953856593531,0.22357815963230515,77.64218403676948
99053443481,Nunc Ac Incorporated,0.521414004078858,0.45305316111130794,0.16308527482470028,0.3422496394517791,65.7750360548221
99063901069,Pede Ultrices Institute,0.09313392250169952,0.6621129272176106,0.9095227324134811,0.5013283274575904,49.86716725424096
99100250331,Odio LLC,0.33401314298663043,0.6601077859046565,0.8258312598959512,0.5799222014412908,42.00777985587092
99115883676,Non Enim Corp.,0.5642420122365738,0.6615599696984691,0.8884867676996154,0.7263643899680946,27.36356100319054
99217762645,Non Ante Inc.,0.13709494674824382,0.6611718779477134,0.8724270527030084,0.504760999725626,49.52390002743739
99223587142,,0.7235440743258554,0.5011089484237081,0.25401492874915177,0.4887795015375036,51.12204984624964
99229845016,Phasellus Corp.,0.3113528212100612,0.6544314726668312,0.6378647364849581,0.4746087788475096,52.539122115249036
99241925348,Posuere At Velit PC,0.8024019941083164,0.5956394169352479,0.4252431576566388,0.6138225758824776,38.617742411752246
99256510843,,0.7382732834806254,0.5105507853057824,0.28115810902510746,0.5097156962528664,49.02843037471336
99271509353,,0.8302741898934964,0.4324138047016428,0.1305134584935535,0.48039382419352494,51.96061758064751
99272161508,Mauris Molestie Inc.,0.16700657149331521,0.6187044134435613,0.4650531553947071,0.3160298634440112,68.39701365559888
99275601275,Proin Velit Sed Foundation,0.44255608429639703,0.3275714874109284,0.04682198597602352,0.24468903513621026,75.53109648637897
99291944648,Rutrum Magna Cras LLC,0.33310673011556763,0.31041761245366384,0.03302420266907939,0.18306546639232352,81.69345336076765
99307259953,Ultricies Adipiscing Enim Company,0.9539995467935645,0.6630079137673682,0.9405111965618639,0.9472553716777141,5.274462832228588
99319455478,Senectus LLP,0.4162701110355767,0.6617256737890909,0.8950463695996381,0.6556582403176074,34.43417596823926
99358609752,Egestas Nunc Consulting,0.9585316111488783,0.5953577472493438,0.4243383849807736,0.691434998064826,30.856500193517398
99378147610,A Neque Nullam PC,0.9673691366417403,0.6831923692312557,0.9920832390861796,0.9797261878639599,2.027381213604007
99410502449,Dignissim LLP,0.28257421255381826,0.6522072339765531,0.5831259895951142,0.4328501010744662,56.71498989255338
99420575685,Facilisi Consulting,0.03716292771357353,0.3943369165184827,0.08821533589685591,0.06268913180521472,93.73108681947852
99445005261,Nibh Vulputate Incorporated,0.7480172218445502,0.6591776790669237,0.7882831938475457,0.768150207846048,23.184979215395195
99467302626,Ac Ipsum Foundation,0.6403806934058464,0.48898011329732866,0.21669305586971274,0.42853687463777956,57.14631253622204
99473039626,Sed Diam Industries,0.4615907545887152,0.6290515286044172,0.480208097715449,0.4708994261520821,52.9100573847918
99478391356,Orci Quis Foundation,0.551552232041695,0.5525711910618225,0.348563673377064,0.45005795270937954,54.99420472906205
99514198047,Ultricies Dignissim Lacus Corp.,0.45320643553138457,0.45309425665257,0.16353766116263288,0.3083720483470087,69.16279516529913
99553942031,,0.9304328121459324,0.6340830922209311,0.5007916760913821,0.7156122441186572,28.43877558813428
99554974333,Magna Sed PC,0.8964423294810786,0.6566718164023455,0.7025559828093192,0.799499156145199,20.050084385480105
99672926179,Molestie Ltd,0.5440743258554271,0.6489215921443608,0.5539470707984618,0.5490106983269445,45.098930167305554
99776743787,Non Luctus Sit Limited,0.008837525492861998,0.47791370987159015,0.1956570911558471,0.10224730832435454,89.77526916756455
99785979138,Elit Curabitur LLP,0.014502605937004306,0.6568362064850561,0.7079846188645103,0.36124361240075725,63.87563875992428
99786288465,Non Enim Commodo Industries,0.7344210287786087,0.5942311966089369,0.42049310110834653,0.5774570649434776,42.25429350565224
99801770627,Cras Convallis Ltd,0.10219805121232721,0.4133699204930778,0.11173942546935083,0.10696873834083902,89.3031261659161
99802335254,Ultrices Associates,0.9578518014955812,0.6597791060142053,0.8122596697579733,0.8850557356267772,11.49442643732228
99803748393,Risus Odio Auctor Foundation,0.5241332426920462,0.5001227443217244,0.2515268038905225,0.38783002329128435,61.216997670871564
99807059634,Justo Eu Arcu Foundation,0.029685021527305688,0.510307598866268,0.27957475684234334,0.1546298891848245,84.53701108151755
99845294286,Risus Nunc Ac Institute,0.728302741898935,0.38357312922773174,0.08142954082786699,0.404866141363401,59.513385863659906
99861963809,Pretium Aliquet Limited,0.45592567414457286,0.6627900601719319,0.9346301741687401,0.6952779241566565,30.472207584334356
99877648878,,0.9936551099025606,0.5902869549876382,0.4089572494910654,0.701306179696813,29.869382030318704
99904689266,Dictum Eu Ltd,0.6884205755721732,0.4888308275514178,0.21624066953178014,0.45233062255197665,54.766937744802334
99938978285,Elit Dictum Eu Ltd,0.6730115567641061,0.4728236037819592,0.19068084143858854,0.4318461991013473,56.815380089865265
99974311662,Mollis LLP,0.21640607296623612,0.6541773490954693,0.6317575209228681,0.4240817969445521,57.59182030554479
99976658299,Sociosqu Corp.,0.43779741672331746,0.3098664083041462,0.0327980095001131,0.23529771311171527,76.47022868882847
99987905597,Commodo Hendrerit LLC,0.8327668252889191,0.6623657824071788,0.9197014250169645,0.8762341251529417,12.376587484705826
99989036621,,0.0036256514842510764,0.1821089142894488,0.00011309658448314861,0.0018693740343671125,99.81306259656328
99990536339,Massa PC,0.21572626331293904,0.6403083575085131,0.5229586066500792,0.3693424349815091,63.065756501849094
